iteration,current_hpwl,best_hpwl,current_overflow,best_overflow,current_feasible,best_feasible
1,444068.5,444068.5,0.0,0.0,1,1
2,453916.5,444068.5,0.0,0.0,1,1
3,453916.5,444068.5,0.0,0.0,1,1
4,454067.0,444068.5,0.0,0.0,1,1
5,454067.0,444068.5,0.0,0.0,1,1
6,454067.0,444068.5,0.0,0.0,1,1
7,454067.0,444068.5,0.0,0.0,1,1
8,452420.5,444068.5,0.0,0.0,1,1
9,452420.5,444068.5,0.0,0.0,1,1
10,451835.0,444068.5,0.0,0.0,1,1
11,451835.0,444068.5,0.0,0.0,1,1
12,453330.5,444068.5,0.0,0.0,1,1
13,453330.5,444068.5,0.0,0.0,1,1
14,456187.5,444068.5,0.0,0.0,1,1
15,456187.5,444068.5,0.0,0.0,1,1
16,456187.5,444068.5,0.0,0.0,1,1
17,455968.5,444068.5,0.0,0.0,1,1
18,455968.5,444068.5,0.0,0.0,1,1
19,455968.5,444068.5,0.0,0.0,1,1
20,458170.0,444068.5,0.0,0.0,1,1
21,458208.5,444068.5,0.0,0.0,1,1
22,458208.5,444068.5,0.0,0.0,1,1
23,459276.5,444068.5,0.0,0.0,1,1
24,459276.5,444068.5,0.0,0.0,1,1
25,459276.5,444068.5,0.0,0.0,1,1
26,459276.5,444068.5,0.0,0.0,1,1
27,459276.5,444068.5,0.0,0.0,1,1
28,459276.5,444068.5,0.0,0.0,1,1
29,459276.5,444068.5,0.0,0.0,1,1
30,462068.0,444068.5,0.0,0.0,1,1
31,460266.5,444068.5,0.0,0.0,1,1
32,460521.0,444068.5,0.0,0.0,1,1
33,460521.0,444068.5,0.0,0.0,1,1
34,461022.0,444068.5,0.0,0.0,1,1
35,463171.0,444068.5,0.0,0.0,1,1
36,463171.0,444068.5,0.0,0.0,1,1
37,463171.0,444068.5,0.0,0.0,1,1
38,463171.0,444068.5,0.0,0.0,1,1
39,462727.0,444068.5,0.0,0.0,1,1
40,462727.0,444068.5,0.0,0.0,1,1
41,462727.0,444068.5,0.0,0.0,1,1
42,462727.0,444068.5,0.0,0.0,1,1
43,462727.0,444068.5,0.0,0.0,1,1
44,462727.0,444068.5,0.0,0.0,1,1
45,462727.0,444068.5,0.0,0.0,1,1
46,462727.0,444068.5,0.0,0.0,1,1
47,463377.0,444068.5,0.0,0.0,1,1
48,463377.0,444068.5,0.0,0.0,1,1
49,463377.0,444068.5,0.0,0.0,1,1
50,463377.0,444068.5,0.0,0.0,1,1
51,463377.0,444068.5,0.0,0.0,1,1
52,463377.0,444068.5,0.0,0.0,1,1
53,463377.0,444068.5,0.0,0.0,1,1
54,463377.0,444068.5,0.0,0.0,1,1
55,463377.0,444068.5,0.0,0.0,1,1
56,463377.0,444068.5,0.0,0.0,1,1
57,463563.5,444068.5,0.0,0.0,1,1
58,463549.0,444068.5,0.0,0.0,1,1
59,463549.0,444068.5,0.0,0.0,1,1
60,463534.0,444068.5,0.0,0.0,1,1
61,463534.0,444068.5,0.0,0.0,1,1
62,463534.0,444068.5,0.0,0.0,1,1
63,463534.0,444068.5,0.0,0.0,1,1
64,463534.0,444068.5,0.0,0.0,1,1
65,463534.0,444068.5,0.0,0.0,1,1
66,463667.5,444068.5,0.0,0.0,1,1
67,463667.5,444068.5,0.0,0.0,1,1
68,463667.5,444068.5,0.0,0.0,1,1
69,463667.5,444068.5,0.0,0.0,1,1
70,463667.5,444068.5,0.0,0.0,1,1
71,463667.5,444068.5,0.0,0.0,1,1
72,463667.5,444068.5,0.0,0.0,1,1
73,463564.0,444068.5,0.0,0.0,1,1
74,463417.0,444068.5,0.0,0.0,1,1
75,463417.0,444068.5,0.0,0.0,1,1
76,463417.0,444068.5,0.0,0.0,1,1
77,463417.0,444068.5,0.0,0.0,1,1
78,463417.0,444068.5,0.0,0.0,1,1
79,463417.0,444068.5,0.0,0.0,1,1
80,463452.0,444068.5,0.0,0.0,1,1
81,463452.0,444068.5,0.0,0.0,1,1
82,463452.0,444068.5,0.0,0.0,1,1
83,463452.0,444068.5,0.0,0.0,1,1
84,463964.5,444068.5,0.0,0.0,1,1
85,463964.5,444068.5,0.0,0.0,1,1
86,463964.5,444068.5,0.0,0.0,1,1
87,463964.5,444068.5,0.0,0.0,1,1
88,463964.5,444068.5,0.0,0.0,1,1
89,463521.5,444068.5,0.0,0.0,1,1
90,463521.5,444068.5,0.0,0.0,1,1
91,463521.5,444068.5,0.0,0.0,1,1
92,463521.5,444068.5,0.0,0.0,1,1
93,463521.5,444068.5,0.0,0.0,1,1
94,463593.5,444068.5,0.0,0.0,1,1
95,463593.5,444068.5,0.0,0.0,1,1
96,463593.5,444068.5,0.0,0.0,1,1
97,463482.5,444068.5,0.0,0.0,1,1
98,463482.5,444068.5,0.0,0.0,1,1
99,463482.5,444068.5,0.0,0.0,1,1
100,463482.5,444068.5,0.0,0.0,1,1
101,463482.5,444068.5,0.0,0.0,1,1
102,461157.5,444068.5,0.0,0.0,1,1
103,462221.0,444068.5,0.0,0.0,1,1
104,462256.0,444068.5,0.0,0.0,1,1
105,462256.0,444068.5,0.0,0.0,1,1
106,462256.0,444068.5,0.0,0.0,1,1
107,462256.0,444068.5,0.0,0.0,1,1
108,462256.0,444068.5,0.0,0.0,1,1
109,462461.0,444068.5,0.0,0.0,1,1
110,462461.0,444068.5,0.0,0.0,1,1
111,462461.0,444068.5,0.0,0.0,1,1
112,463963.0,444068.5,0.0,0.0,1,1
113,463963.0,444068.5,0.0,0.0,1,1
114,463963.0,444068.5,0.0,0.0,1,1
115,463963.0,444068.5,0.0,0.0,1,1
116,463963.0,444068.5,0.0,0.0,1,1
117,463963.0,444068.5,0.0,0.0,1,1
118,463963.0,444068.5,0.0,0.0,1,1
119,463963.0,444068.5,0.0,0.0,1,1
120,463963.0,444068.5,0.0,0.0,1,1
121,463963.0,444068.5,0.0,0.0,1,1
122,463963.0,444068.5,0.0,0.0,1,1
123,463963.0,444068.5,0.0,0.0,1,1
124,463963.0,444068.5,0.0,0.0,1,1
125,466675.5,444068.5,0.0,0.0,1,1
126,466675.5,444068.5,0.0,0.0,1,1
127,466869.0,444068.5,0.0,0.0,1,1
128,466869.0,444068.5,0.0,0.0,1,1
129,466972.5,444068.5,0.0,0.0,1,1
130,466972.5,444068.5,0.0,0.0,1,1
131,470648.0,444068.5,0.0,0.0,1,1
132,470648.0,444068.5,0.0,0.0,1,1
133,470524.0,444068.5,0.0,0.0,1,1
134,471270.0,444068.5,0.0,0.0,1,1
135,471270.0,444068.5,0.0,0.0,1,1
136,471270.0,444068.5,0.0,0.0,1,1
137,471270.0,444068.5,0.0,0.0,1,1
138,471270.0,444068.5,0.0,0.0,1,1
139,471270.0,444068.5,0.0,0.0,1,1
140,471270.0,444068.5,0.0,0.0,1,1
141,471270.0,444068.5,0.0,0.0,1,1
142,471270.0,444068.5,0.0,0.0,1,1
143,471270.0,444068.5,0.0,0.0,1,1
144,471270.0,444068.5,0.0,0.0,1,1
145,471270.0,444068.5,0.0,0.0,1,1
146,471270.0,444068.5,0.0,0.0,1,1
147,471270.0,444068.5,0.0,0.0,1,1
148,471270.0,444068.5,0.0,0.0,1,1
149,471270.0,444068.5,0.0,0.0,1,1
150,471270.0,444068.5,0.0,0.0,1,1
151,471270.0,444068.5,0.0,0.0,1,1
152,471270.0,444068.5,0.0,0.0,1,1
153,471104.5,444068.5,0.0,0.0,1,1
154,471104.5,444068.5,0.0,0.0,1,1
155,471104.5,444068.5,0.0,0.0,1,1
156,471104.5,444068.5,0.0,0.0,1,1
157,471104.5,444068.5,0.0,0.0,1,1
158,471104.5,444068.5,0.0,0.0,1,1
159,469803.5,444068.5,0.0,0.0,1,1
160,469803.5,444068.5,0.0,0.0,1,1
161,469773.5,444068.5,0.0,0.0,1,1
162,469773.5,444068.5,0.0,0.0,1,1
163,469773.5,444068.5,0.0,0.0,1,1
164,469603.0,444068.5,0.0,0.0,1,1
165,469603.0,444068.5,0.0,0.0,1,1
166,469603.0,444068.5,0.0,0.0,1,1
167,469053.0,444068.5,0.0,0.0,1,1
168,469053.0,444068.5,0.0,0.0,1,1
169,469053.0,444068.5,0.0,0.0,1,1
170,469053.0,444068.5,0.0,0.0,1,1
171,469053.0,444068.5,0.0,0.0,1,1
172,469053.0,444068.5,0.0,0.0,1,1
173,469091.0,444068.5,0.0,0.0,1,1
174,469091.0,444068.5,0.0,0.0,1,1
175,469091.0,444068.5,0.0,0.0,1,1
176,469091.0,444068.5,0.0,0.0,1,1
177,469091.0,444068.5,0.0,0.0,1,1
178,468832.0,444068.5,0.0,0.0,1,1
179,468832.0,444068.5,0.0,0.0,1,1
180,468832.0,444068.5,0.0,0.0,1,1
181,468832.0,444068.5,0.0,0.0,1,1
182,468321.0,444068.5,0.0,0.0,1,1
183,468321.0,444068.5,0.0,0.0,1,1
184,468420.5,444068.5,0.0,0.0,1,1
185,468420.5,444068.5,0.0,0.0,1,1
186,468672.0,444068.5,0.0,0.0,1,1
187,468672.0,444068.5,0.0,0.0,1,1
188,468293.0,444068.5,0.0,0.0,1,1
189,468591.0,444068.5,0.0,0.0,1,1
190,468591.0,444068.5,0.0,0.0,1,1
191,468833.5,444068.5,0.0,0.0,1,1
192,468833.5,444068.5,0.0,0.0,1,1
193,468833.5,444068.5,0.0,0.0,1,1
194,467829.5,444068.5,0.0,0.0,1,1
195,468450.5,444068.5,0.0,0.0,1,1
196,468450.5,444068.5,0.0,0.0,1,1
197,468450.5,444068.5,0.0,0.0,1,1
198,468922.0,444068.5,0.0,0.0,1,1
199,469172.5,444068.5,0.0,0.0,1,1
200,469172.5,444068.5,0.0,0.0,1,1
201,469172.5,444068.5,0.0,0.0,1,1
202,469172.5,444068.5,0.0,0.0,1,1
203,469172.5,444068.5,0.0,0.0,1,1
204,469172.5,444068.5,0.0,0.0,1,1
205,469188.0,444068.5,0.0,0.0,1,1
206,474091.0,444068.5,0.0,0.0,1,1
207,474091.0,444068.5,0.0,0.0,1,1
208,474091.0,444068.5,0.0,0.0,1,1
209,474091.0,444068.5,0.0,0.0,1,1
210,474091.0,444068.5,0.0,0.0,1,1
211,474091.0,444068.5,0.0,0.0,1,1
212,474091.0,444068.5,0.0,0.0,1,1
213,474091.0,444068.5,0.0,0.0,1,1
214,474073.5,444068.5,0.0,0.0,1,1
215,474073.5,444068.5,0.0,0.0,1,1
216,478664.0,444068.5,0.0,0.0,1,1
217,477701.0,444068.5,0.0,0.0,1,1
218,477701.0,444068.5,0.0,0.0,1,1
219,477701.0,444068.5,0.0,0.0,1,1
220,477701.0,444068.5,0.0,0.0,1,1
221,477583.0,444068.5,0.0,0.0,1,1
222,477583.0,444068.5,0.0,0.0,1,1
223,477583.0,444068.5,0.0,0.0,1,1
224,477583.0,444068.5,0.0,0.0,1,1
225,477583.0,444068.5,0.0,0.0,1,1
226,477583.0,444068.5,0.0,0.0,1,1
227,477942.5,444068.5,0.0,0.0,1,1
228,477942.5,444068.5,0.0,0.0,1,1
229,477942.5,444068.5,0.0,0.0,1,1
230,477942.5,444068.5,0.0,0.0,1,1
231,479933.5,444068.5,0.0,0.0,1,1
232,479966.5,444068.5,0.0,0.0,1,1
233,479966.5,444068.5,0.0,0.0,1,1
234,479966.5,444068.5,0.0,0.0,1,1
235,479966.5,444068.5,0.0,0.0,1,1
236,479966.5,444068.5,0.0,0.0,1,1
237,479966.5,444068.5,0.0,0.0,1,1
238,479966.5,444068.5,0.0,0.0,1,1
239,479966.5,444068.5,0.0,0.0,1,1
240,479966.5,444068.5,0.0,0.0,1,1
241,479966.5,444068.5,0.0,0.0,1,1
242,479966.5,444068.5,0.0,0.0,1,1
243,479966.5,444068.5,0.0,0.0,1,1
244,479966.5,444068.5,0.0,0.0,1,1
245,479966.5,444068.5,0.0,0.0,1,1
246,479966.5,444068.5,0.0,0.0,1,1
247,479966.5,444068.5,0.0,0.0,1,1
248,479933.0,444068.5,0.0,0.0,1,1
249,479933.0,444068.5,0.0,0.0,1,1
250,479933.0,444068.5,0.0,0.0,1,1
251,479933.0,444068.5,0.0,0.0,1,1
252,479650.0,444068.5,0.0,0.0,1,1
253,479650.0,444068.5,0.0,0.0,1,1
254,479650.0,444068.5,0.0,0.0,1,1
255,479650.0,444068.5,0.0,0.0,1,1
256,479650.0,444068.5,0.0,0.0,1,1
257,479650.0,444068.5,0.0,0.0,1,1
258,479509.0,444068.5,0.0,0.0,1,1
259,479509.0,444068.5,0.0,0.0,1,1
260,479509.0,444068.5,0.0,0.0,1,1
261,479509.0,444068.5,0.0,0.0,1,1
262,479509.0,444068.5,0.0,0.0,1,1
263,479509.0,444068.5,0.0,0.0,1,1
264,479509.0,444068.5,0.0,0.0,1,1
265,482577.0,444068.5,0.0,0.0,1,1
266,482577.0,444068.5,0.0,0.0,1,1
267,482577.0,444068.5,0.0,0.0,1,1
268,482577.0,444068.5,0.0,0.0,1,1
269,482577.0,444068.5,0.0,0.0,1,1
270,482577.0,444068.5,0.0,0.0,1,1
271,482577.0,444068.5,0.0,0.0,1,1
272,482577.0,444068.5,0.0,0.0,1,1
273,482577.0,444068.5,0.0,0.0,1,1
274,483399.5,444068.5,0.0,0.0,1,1
275,485307.5,444068.5,0.0,0.0,1,1
276,485307.5,444068.5,0.0,0.0,1,1
277,485307.5,444068.5,0.0,0.0,1,1
278,485307.5,444068.5,0.0,0.0,1,1
279,485307.5,444068.5,0.0,0.0,1,1
280,485307.5,444068.5,0.0,0.0,1,1
281,484714.5,444068.5,0.0,0.0,1,1
282,484714.5,444068.5,0.0,0.0,1,1
283,484714.5,444068.5,0.0,0.0,1,1
284,484714.5,444068.5,0.0,0.0,1,1
285,484714.5,444068.5,0.0,0.0,1,1
286,484714.5,444068.5,0.0,0.0,1,1
287,484618.0,444068.5,0.0,0.0,1,1
288,484618.0,444068.5,0.0,0.0,1,1
289,484618.0,444068.5,0.0,0.0,1,1
290,484618.0,444068.5,0.0,0.0,1,1
291,484618.0,444068.5,0.0,0.0,1,1
292,484618.0,444068.5,0.0,0.0,1,1
293,484618.0,444068.5,0.0,0.0,1,1
294,484618.0,444068.5,0.0,0.0,1,1
295,484618.0,444068.5,0.0,0.0,1,1
296,484618.0,444068.5,0.0,0.0,1,1
297,484558.0,444068.5,0.0,0.0,1,1
298,484558.0,444068.5,0.0,0.0,1,1
299,484558.0,444068.5,0.0,0.0,1,1
300,484558.0,444068.5,0.0,0.0,1,1
301,484154.0,444068.5,0.0,0.0,1,1
302,484154.0,444068.5,0.0,0.0,1,1
303,484154.0,444068.5,0.0,0.0,1,1
304,484154.0,444068.5,0.0,0.0,1,1
305,484154.0,444068.5,0.0,0.0,1,1
306,484154.0,444068.5,0.0,0.0,1,1
307,484154.0,444068.5,0.0,0.0,1,1
308,484154.0,444068.5,0.0,0.0,1,1
309,484154.0,444068.5,0.0,0.0,1,1
310,484154.0,444068.5,0.0,0.0,1,1
311,484154.0,444068.5,0.0,0.0,1,1
312,484154.0,444068.5,0.0,0.0,1,1
313,484154.0,444068.5,0.0,0.0,1,1
314,484154.0,444068.5,0.0,0.0,1,1
315,484154.0,444068.5,0.0,0.0,1,1
316,488959.0,444068.5,0.0,0.0,1,1
317,488939.0,444068.5,0.0,0.0,1,1
318,488939.0,444068.5,0.0,0.0,1,1
319,488939.0,444068.5,0.0,0.0,1,1
320,488939.0,444068.5,0.0,0.0,1,1
321,489267.5,444068.5,0.0,0.0,1,1
322,489267.5,444068.5,0.0,0.0,1,1
323,489267.5,444068.5,0.0,0.0,1,1
324,489267.5,444068.5,0.0,0.0,1,1
325,490521.5,444068.5,0.0,0.0,1,1
326,490521.5,444068.5,0.0,0.0,1,1
327,490521.5,444068.5,0.0,0.0,1,1
328,489959.0,444068.5,0.0,0.0,1,1
329,489959.0,444068.5,0.0,0.0,1,1
330,490269.0,444068.5,0.0,0.0,1,1
331,490269.0,444068.5,0.0,0.0,1,1
332,490269.0,444068.5,0.0,0.0,1,1
333,490269.0,444068.5,0.0,0.0,1,1
334,490269.0,444068.5,0.0,0.0,1,1
335,490269.0,444068.5,0.0,0.0,1,1
336,490345.0,444068.5,0.0,0.0,1,1
337,490345.0,444068.5,0.0,0.0,1,1
338,490345.0,444068.5,0.0,0.0,1,1
339,490345.0,444068.5,0.0,0.0,1,1
340,490345.0,444068.5,0.0,0.0,1,1
341,490345.0,444068.5,0.0,0.0,1,1
342,490345.0,444068.5,0.0,0.0,1,1
343,490345.0,444068.5,0.0,0.0,1,1
344,490345.0,444068.5,0.0,0.0,1,1
345,490345.0,444068.5,0.0,0.0,1,1
346,490345.0,444068.5,0.0,0.0,1,1
347,490345.0,444068.5,0.0,0.0,1,1
348,490345.0,444068.5,0.0,0.0,1,1
349,490345.0,444068.5,0.0,0.0,1,1
350,490345.0,444068.5,0.0,0.0,1,1
351,490345.0,444068.5,0.0,0.0,1,1
352,490345.0,444068.5,0.0,0.0,1,1
353,490345.0,444068.5,0.0,0.0,1,1
354,490345.0,444068.5,0.0,0.0,1,1
355,490345.0,444068.5,0.0,0.0,1,1
356,490345.0,444068.5,0.0,0.0,1,1
357,490345.0,444068.5,0.0,0.0,1,1
358,490345.0,444068.5,0.0,0.0,1,1
359,490345.0,444068.5,0.0,0.0,1,1
360,490345.0,444068.5,0.0,0.0,1,1
361,490345.0,444068.5,0.0,0.0,1,1
362,490345.0,444068.5,0.0,0.0,1,1
363,490345.0,444068.5,0.0,0.0,1,1
364,490345.0,444068.5,0.0,0.0,1,1
365,490345.0,444068.5,0.0,0.0,1,1
366,490345.0,444068.5,0.0,0.0,1,1
367,490345.0,444068.5,0.0,0.0,1,1
368,490345.0,444068.5,0.0,0.0,1,1
369,490345.0,444068.5,0.0,0.0,1,1
370,490345.0,444068.5,0.0,0.0,1,1
371,490345.0,444068.5,0.0,0.0,1,1
372,490345.0,444068.5,0.0,0.0,1,1
373,490345.0,444068.5,0.0,0.0,1,1
374,490345.0,444068.5,0.0,0.0,1,1
375,490345.0,444068.5,0.0,0.0,1,1
376,490345.0,444068.5,0.0,0.0,1,1
377,491903.5,444068.5,0.0,0.0,1,1
378,491903.5,444068.5,0.0,0.0,1,1
379,491903.5,444068.5,0.0,0.0,1,1
380,491903.5,444068.5,0.0,0.0,1,1
381,491903.5,444068.5,0.0,0.0,1,1
382,491848.5,444068.5,0.0,0.0,1,1
383,491848.5,444068.5,0.0,0.0,1,1
384,491526.5,444068.5,0.0,0.0,1,1
385,491526.5,444068.5,0.0,0.0,1,1
386,491526.5,444068.5,0.0,0.0,1,1
387,491526.5,444068.5,0.0,0.0,1,1
388,491526.5,444068.5,0.0,0.0,1,1
389,491816.5,444068.5,0.0,0.0,1,1
390,491816.5,444068.5,0.0,0.0,1,1
391,491816.5,444068.5,0.0,0.0,1,1
392,494173.0,444068.5,0.0,0.0,1,1
393,494173.0,444068.5,0.0,0.0,1,1
394,494173.0,444068.5,0.0,0.0,1,1
395,494173.0,444068.5,0.0,0.0,1,1
396,494173.0,444068.5,0.0,0.0,1,1
397,494173.0,444068.5,0.0,0.0,1,1
398,494173.0,444068.5,0.0,0.0,1,1
399,494173.0,444068.5,0.0,0.0,1,1
400,494173.0,444068.5,0.0,0.0,1,1
401,494173.0,444068.5,0.0,0.0,1,1
402,494173.0,444068.5,0.0,0.0,1,1
403,494173.0,444068.5,0.0,0.0,1,1
404,494173.0,444068.5,0.0,0.0,1,1
405,493912.0,444068.5,0.0,0.0,1,1
406,493912.0,444068.5,0.0,0.0,1,1
407,493912.0,444068.5,0.0,0.0,1,1
408,493912.0,444068.5,0.0,0.0,1,1
409,493912.0,444068.5,0.0,0.0,1,1
410,493912.0,444068.5,0.0,0.0,1,1
411,493912.0,444068.5,0.0,0.0,1,1
412,493912.0,444068.5,0.0,0.0,1,1
413,493912.0,444068.5,0.0,0.0,1,1
414,493912.0,444068.5,0.0,0.0,1,1
415,493912.0,444068.5,0.0,0.0,1,1
416,493912.0,444068.5,0.0,0.0,1,1
417,493912.0,444068.5,0.0,0.0,1,1
418,493912.0,444068.5,0.0,0.0,1,1
419,493912.0,444068.5,0.0,0.0,1,1
420,493912.0,444068.5,0.0,0.0,1,1
421,493912.0,444068.5,0.0,0.0,1,1
422,493912.0,444068.5,0.0,0.0,1,1
423,493912.0,444068.5,0.0,0.0,1,1
424,493912.0,444068.5,0.0,0.0,1,1
425,493912.0,444068.5,0.0,0.0,1,1
426,493912.0,444068.5,0.0,0.0,1,1
427,493912.0,444068.5,0.0,0.0,1,1
428,493912.0,444068.5,0.0,0.0,1,1
429,493912.0,444068.5,0.0,0.0,1,1
430,493912.0,444068.5,0.0,0.0,1,1
431,493912.0,444068.5,0.0,0.0,1,1
432,493912.0,444068.5,0.0,0.0,1,1
433,493912.0,444068.5,0.0,0.0,1,1
434,493912.0,444068.5,0.0,0.0,1,1
435,498230.0,444068.5,0.0,0.0,1,1
436,498230.0,444068.5,0.0,0.0,1,1
437,498230.0,444068.5,0.0,0.0,1,1
438,498230.0,444068.5,0.0,0.0,1,1
439,498230.0,444068.5,0.0,0.0,1,1
440,498230.0,444068.5,0.0,0.0,1,1
441,498230.0,444068.5,0.0,0.0,1,1
442,497660.0,444068.5,0.0,0.0,1,1
443,497709.0,444068.5,0.0,0.0,1,1
444,497709.0,444068.5,0.0,0.0,1,1
445,497709.0,444068.5,0.0,0.0,1,1
446,497709.0,444068.5,0.0,0.0,1,1
447,497709.0,444068.5,0.0,0.0,1,1
448,497709.0,444068.5,0.0,0.0,1,1
449,497709.0,444068.5,0.0,0.0,1,1
450,497461.0,444068.5,0.0,0.0,1,1
451,497461.0,444068.5,0.0,0.0,1,1
452,497461.0,444068.5,0.0,0.0,1,1
453,497461.0,444068.5,0.0,0.0,1,1
454,497461.0,444068.5,0.0,0.0,1,1
455,498188.0,444068.5,0.0,0.0,1,1
456,497473.0,444068.5,0.0,0.0,1,1
457,497473.0,444068.5,0.0,0.0,1,1
458,497473.0,444068.5,0.0,0.0,1,1
459,497718.5,444068.5,0.0,0.0,1,1
460,497718.5,444068.5,0.0,0.0,1,1
461,497718.5,444068.5,0.0,0.0,1,1
462,497718.5,444068.5,0.0,0.0,1,1
463,497718.5,444068.5,0.0,0.0,1,1
464,497718.5,444068.5,0.0,0.0,1,1
465,497718.5,444068.5,0.0,0.0,1,1
466,497718.5,444068.5,0.0,0.0,1,1
467,497718.5,444068.5,0.0,0.0,1,1
468,497718.5,444068.5,0.0,0.0,1,1
469,497718.5,444068.5,0.0,0.0,1,1
470,497718.5,444068.5,0.0,0.0,1,1
471,497718.5,444068.5,0.0,0.0,1,1
472,497718.5,444068.5,0.0,0.0,1,1
473,497718.5,444068.5,0.0,0.0,1,1
474,497718.5,444068.5,0.0,0.0,1,1
475,497718.5,444068.5,0.0,0.0,1,1
476,497718.5,444068.5,0.0,0.0,1,1
477,501012.5,444068.5,0.0,0.0,1,1
478,501012.5,444068.5,0.0,0.0,1,1
479,501012.5,444068.5,0.0,0.0,1,1
480,501012.5,444068.5,0.0,0.0,1,1
481,501012.5,444068.5,0.0,0.0,1,1
482,500991.5,444068.5,0.0,0.0,1,1
483,500991.5,444068.5,0.0,0.0,1,1
484,500991.5,444068.5,0.0,0.0,1,1
485,500991.5,444068.5,0.0,0.0,1,1
486,500991.5,444068.5,0.0,0.0,1,1
487,500991.5,444068.5,0.0,0.0,1,1
488,500991.5,444068.5,0.0,0.0,1,1
489,504656.0,444068.5,0.0,0.0,1,1
490,504656.0,444068.5,0.0,0.0,1,1
491,504656.0,444068.5,0.0,0.0,1,1
492,504656.0,444068.5,0.0,0.0,1,1
493,504656.0,444068.5,0.0,0.0,1,1
494,504539.5,444068.5,0.0,0.0,1,1
495,504539.5,444068.5,0.0,0.0,1,1
496,504523.0,444068.5,0.0,0.0,1,1
497,504523.0,444068.5,0.0,0.0,1,1
498,504523.0,444068.5,0.0,0.0,1,1
499,504523.0,444068.5,0.0,0.0,1,1
500,504523.0,444068.5,0.0,0.0,1,1
501,504523.0,444068.5,0.0,0.0,1,1
502,504523.0,444068.5,0.0,0.0,1,1
503,504523.0,444068.5,0.0,0.0,1,1
504,504523.0,444068.5,0.0,0.0,1,1
505,504523.0,444068.5,0.0,0.0,1,1
506,504523.0,444068.5,0.0,0.0,1,1
507,504523.0,444068.5,0.0,0.0,1,1
508,504523.0,444068.5,0.0,0.0,1,1
509,504523.0,444068.5,0.0,0.0,1,1
510,504523.0,444068.5,0.0,0.0,1,1
511,504523.0,444068.5,0.0,0.0,1,1
512,504523.0,444068.5,0.0,0.0,1,1
513,504523.0,444068.5,0.0,0.0,1,1
514,504523.0,444068.5,0.0,0.0,1,1
515,504523.0,444068.5,0.0,0.0,1,1
516,504523.0,444068.5,0.0,0.0,1,1
517,504523.0,444068.5,0.0,0.0,1,1
518,504523.0,444068.5,0.0,0.0,1,1
519,504523.0,444068.5,0.0,0.0,1,1
520,504523.0,444068.5,0.0,0.0,1,1
521,504523.0,444068.5,0.0,0.0,1,1
522,504523.0,444068.5,0.0,0.0,1,1
523,504523.0,444068.5,0.0,0.0,1,1
524,504523.0,444068.5,0.0,0.0,1,1
525,504523.0,444068.5,0.0,0.0,1,1
526,504523.0,444068.5,0.0,0.0,1,1
527,504523.0,444068.5,0.0,0.0,1,1
528,504523.0,444068.5,0.0,0.0,1,1
529,504844.0,444068.5,0.0,0.0,1,1
530,504844.0,444068.5,0.0,0.0,1,1
531,504844.0,444068.5,0.0,0.0,1,1
532,504844.0,444068.5,0.0,0.0,1,1
533,504844.0,444068.5,0.0,0.0,1,1
534,503537.5,444068.5,0.0,0.0,1,1
535,503537.5,444068.5,0.0,0.0,1,1
536,503802.5,444068.5,0.0,0.0,1,1
537,503802.5,444068.5,0.0,0.0,1,1
538,503802.5,444068.5,0.0,0.0,1,1
539,503802.5,444068.5,0.0,0.0,1,1
540,503802.5,444068.5,0.0,0.0,1,1
541,503802.5,444068.5,0.0,0.0,1,1
542,503802.5,444068.5,0.0,0.0,1,1
543,503802.5,444068.5,0.0,0.0,1,1
544,503802.5,444068.5,0.0,0.0,1,1
545,503802.5,444068.5,0.0,0.0,1,1
546,503802.5,444068.5,0.0,0.0,1,1
547,503804.5,444068.5,0.0,0.0,1,1
548,503804.5,444068.5,0.0,0.0,1,1
549,503804.5,444068.5,0.0,0.0,1,1
550,503804.5,444068.5,0.0,0.0,1,1
551,503804.5,444068.5,0.0,0.0,1,1
552,503992.5,444068.5,0.0,0.0,1,1
553,503992.5,444068.5,0.0,0.0,1,1
554,503992.5,444068.5,0.0,0.0,1,1
555,503992.5,444068.5,0.0,0.0,1,1
556,503992.5,444068.5,0.0,0.0,1,1
557,503992.5,444068.5,0.0,0.0,1,1
558,503992.5,444068.5,0.0,0.0,1,1
559,503992.5,444068.5,0.0,0.0,1,1
560,503992.5,444068.5,0.0,0.0,1,1
561,503992.5,444068.5,0.0,0.0,1,1
562,503992.5,444068.5,0.0,0.0,1,1
563,503992.5,444068.5,0.0,0.0,1,1
564,503992.5,444068.5,0.0,0.0,1,1
565,503538.5,444068.5,0.0,0.0,1,1
566,503797.5,444068.5,0.0,0.0,1,1
567,503797.5,444068.5,0.0,0.0,1,1
568,503797.5,444068.5,0.0,0.0,1,1
569,503797.5,444068.5,0.0,0.0,1,1
570,503797.5,444068.5,0.0,0.0,1,1
571,503797.5,444068.5,0.0,0.0,1,1
572,503797.5,444068.5,0.0,0.0,1,1
573,503797.5,444068.5,0.0,0.0,1,1
574,507201.0,444068.5,0.0,0.0,1,1
575,507201.0,444068.5,0.0,0.0,1,1
576,509738.0,444068.5,0.0,0.0,1,1
577,509738.0,444068.5,0.0,0.0,1,1
578,509738.0,444068.5,0.0,0.0,1,1
579,509738.0,444068.5,0.0,0.0,1,1
580,509738.0,444068.5,0.0,0.0,1,1
581,509738.0,444068.5,0.0,0.0,1,1
582,509738.0,444068.5,0.0,0.0,1,1
583,509738.0,444068.5,0.0,0.0,1,1
584,509738.0,444068.5,0.0,0.0,1,1
585,509738.0,444068.5,0.0,0.0,1,1
586,509738.0,444068.5,0.0,0.0,1,1
587,509738.0,444068.5,0.0,0.0,1,1
588,509738.0,444068.5,0.0,0.0,1,1
589,509738.0,444068.5,0.0,0.0,1,1
590,509738.0,444068.5,0.0,0.0,1,1
591,509738.0,444068.5,0.0,0.0,1,1
592,509738.0,444068.5,0.0,0.0,1,1
593,509738.0,444068.5,0.0,0.0,1,1
594,509787.0,444068.5,0.0,0.0,1,1
595,509787.0,444068.5,0.0,0.0,1,1
596,509787.0,444068.5,0.0,0.0,1,1
597,509787.0,444068.5,0.0,0.0,1,1
598,509787.0,444068.5,0.0,0.0,1,1
599,509787.0,444068.5,0.0,0.0,1,1
600,509787.0,444068.5,0.0,0.0,1,1
601,509787.0,444068.5,0.0,0.0,1,1
602,509787.0,444068.5,0.0,0.0,1,1
603,509787.0,444068.5,0.0,0.0,1,1
604,509787.0,444068.5,0.0,0.0,1,1
605,509787.0,444068.5,0.0,0.0,1,1
606,509787.0,444068.5,0.0,0.0,1,1
607,509787.0,444068.5,0.0,0.0,1,1
608,509787.0,444068.5,0.0,0.0,1,1
609,509787.0,444068.5,0.0,0.0,1,1
610,509787.0,444068.5,0.0,0.0,1,1
611,509787.0,444068.5,0.0,0.0,1,1
612,509787.0,444068.5,0.0,0.0,1,1
613,509196.0,444068.5,0.0,0.0,1,1
614,509196.0,444068.5,0.0,0.0,1,1
615,509196.0,444068.5,0.0,0.0,1,1
616,509196.0,444068.5,0.0,0.0,1,1
617,509196.0,444068.5,0.0,0.0,1,1
618,509196.0,444068.5,0.0,0.0,1,1
619,509196.0,444068.5,0.0,0.0,1,1
620,509735.5,444068.5,0.0,0.0,1,1
621,509735.5,444068.5,0.0,0.0,1,1
622,509735.5,444068.5,0.0,0.0,1,1
623,509735.5,444068.5,0.0,0.0,1,1
624,509735.5,444068.5,0.0,0.0,1,1
625,509735.5,444068.5,0.0,0.0,1,1
626,509735.5,444068.5,0.0,0.0,1,1
627,509735.5,444068.5,0.0,0.0,1,1
628,509735.5,444068.5,0.0,0.0,1,1
629,509735.5,444068.5,0.0,0.0,1,1
630,509735.5,444068.5,0.0,0.0,1,1
631,509735.5,444068.5,0.0,0.0,1,1
632,509735.5,444068.5,0.0,0.0,1,1
633,509735.5,444068.5,0.0,0.0,1,1
634,509735.5,444068.5,0.0,0.0,1,1
635,509735.5,444068.5,0.0,0.0,1,1
636,509735.5,444068.5,0.0,0.0,1,1
637,509735.5,444068.5,0.0,0.0,1,1
638,509735.5,444068.5,0.0,0.0,1,1
639,509825.0,444068.5,0.0,0.0,1,1
640,509825.0,444068.5,0.0,0.0,1,1
641,509825.0,444068.5,0.0,0.0,1,1
642,509825.0,444068.5,0.0,0.0,1,1
643,509825.0,444068.5,0.0,0.0,1,1
644,509825.0,444068.5,0.0,0.0,1,1
645,509730.0,444068.5,0.0,0.0,1,1
646,509663.5,444068.5,0.0,0.0,1,1
647,509590.5,444068.5,0.0,0.0,1,1
648,509590.5,444068.5,0.0,0.0,1,1
649,509569.0,444068.5,0.0,0.0,1,1
650,510820.0,444068.5,0.0,0.0,1,1
651,510820.0,444068.5,0.0,0.0,1,1
652,510820.0,444068.5,0.0,0.0,1,1
653,510820.0,444068.5,0.0,0.0,1,1
654,510820.0,444068.5,0.0,0.0,1,1
655,510820.0,444068.5,0.0,0.0,1,1
656,510820.0,444068.5,0.0,0.0,1,1
657,510820.0,444068.5,0.0,0.0,1,1
658,510820.0,444068.5,0.0,0.0,1,1
659,510820.0,444068.5,0.0,0.0,1,1
660,510820.0,444068.5,0.0,0.0,1,1
661,510820.0,444068.5,0.0,0.0,1,1
662,510820.0,444068.5,0.0,0.0,1,1
663,510820.0,444068.5,0.0,0.0,1,1
664,510820.0,444068.5,0.0,0.0,1,1
665,510679.5,444068.5,0.0,0.0,1,1
666,510679.5,444068.5,0.0,0.0,1,1
667,510679.5,444068.5,0.0,0.0,1,1
668,510679.5,444068.5,0.0,0.0,1,1
669,510435.5,444068.5,0.0,0.0,1,1
670,510435.5,444068.5,0.0,0.0,1,1
671,510435.5,444068.5,0.0,0.0,1,1
672,510435.5,444068.5,0.0,0.0,1,1
673,510435.5,444068.5,0.0,0.0,1,1
674,510435.5,444068.5,0.0,0.0,1,1
675,510435.5,444068.5,0.0,0.0,1,1
676,510435.5,444068.5,0.0,0.0,1,1
677,510435.5,444068.5,0.0,0.0,1,1
678,510682.5,444068.5,0.0,0.0,1,1
679,510682.5,444068.5,0.0,0.0,1,1
680,510807.0,444068.5,0.0,0.0,1,1
681,510807.0,444068.5,0.0,0.0,1,1
682,510807.0,444068.5,0.0,0.0,1,1
683,510807.0,444068.5,0.0,0.0,1,1
684,510807.0,444068.5,0.0,0.0,1,1
685,510807.0,444068.5,0.0,0.0,1,1
686,510807.0,444068.5,0.0,0.0,1,1
687,510807.0,444068.5,0.0,0.0,1,1
688,510807.0,444068.5,0.0,0.0,1,1
689,510807.0,444068.5,0.0,0.0,1,1
690,510807.0,444068.5,0.0,0.0,1,1
691,510807.0,444068.5,0.0,0.0,1,1
692,510807.0,444068.5,0.0,0.0,1,1
693,510807.0,444068.5,0.0,0.0,1,1
694,510807.0,444068.5,0.0,0.0,1,1
695,510807.0,444068.5,0.0,0.0,1,1
696,509128.5,444068.5,0.0,0.0,1,1
697,509128.5,444068.5,0.0,0.0,1,1
698,509128.5,444068.5,0.0,0.0,1,1
699,509488.0,444068.5,0.0,0.0,1,1
700,509488.0,444068.5,0.0,0.0,1,1
701,509488.0,444068.5,0.0,0.0,1,1
702,509488.0,444068.5,0.0,0.0,1,1
703,509570.0,444068.5,0.0,0.0,1,1
704,509570.0,444068.5,0.0,0.0,1,1
705,509570.0,444068.5,0.0,0.0,1,1
706,509570.0,444068.5,0.0,0.0,1,1
707,509570.0,444068.5,0.0,0.0,1,1
708,509570.0,444068.5,0.0,0.0,1,1
709,509570.0,444068.5,0.0,0.0,1,1
710,509570.0,444068.5,0.0,0.0,1,1
711,509570.0,444068.5,0.0,0.0,1,1
712,509532.0,444068.5,0.0,0.0,1,1
713,509532.0,444068.5,0.0,0.0,1,1
714,509532.0,444068.5,0.0,0.0,1,1
715,509532.0,444068.5,0.0,0.0,1,1
716,509532.0,444068.5,0.0,0.0,1,1
717,509532.0,444068.5,0.0,0.0,1,1
718,509532.0,444068.5,0.0,0.0,1,1
719,509469.0,444068.5,0.0,0.0,1,1
720,509469.0,444068.5,0.0,0.0,1,1
721,509469.0,444068.5,0.0,0.0,1,1
722,509469.0,444068.5,0.0,0.0,1,1
723,509469.0,444068.5,0.0,0.0,1,1
724,509469.0,444068.5,0.0,0.0,1,1
725,509469.0,444068.5,0.0,0.0,1,1
726,509469.0,444068.5,0.0,0.0,1,1
727,509469.0,444068.5,0.0,0.0,1,1
728,509469.0,444068.5,0.0,0.0,1,1
729,509469.0,444068.5,0.0,0.0,1,1
730,509338.0,444068.5,0.0,0.0,1,1
731,509338.0,444068.5,0.0,0.0,1,1
732,508567.5,444068.5,0.0,0.0,1,1
733,508567.5,444068.5,0.0,0.0,1,1
734,508567.5,444068.5,0.0,0.0,1,1
735,508567.5,444068.5,0.0,0.0,1,1
736,508567.5,444068.5,0.0,0.0,1,1
737,508567.5,444068.5,0.0,0.0,1,1
738,508567.5,444068.5,0.0,0.0,1,1
739,508567.5,444068.5,0.0,0.0,1,1
740,508567.5,444068.5,0.0,0.0,1,1
741,508567.5,444068.5,0.0,0.0,1,1
742,508490.5,444068.5,0.0,0.0,1,1
743,508490.5,444068.5,0.0,0.0,1,1
744,508490.5,444068.5,0.0,0.0,1,1
745,508490.5,444068.5,0.0,0.0,1,1
746,508490.5,444068.5,0.0,0.0,1,1
747,508490.5,444068.5,0.0,0.0,1,1
748,508490.5,444068.5,0.0,0.0,1,1
749,508490.5,444068.5,0.0,0.0,1,1
750,508490.5,444068.5,0.0,0.0,1,1
751,508490.5,444068.5,0.0,0.0,1,1
752,508490.5,444068.5,0.0,0.0,1,1
753,508490.5,444068.5,0.0,0.0,1,1
754,508490.5,444068.5,0.0,0.0,1,1
755,508490.5,444068.5,0.0,0.0,1,1
756,508505.0,444068.5,0.0,0.0,1,1
757,508505.0,444068.5,0.0,0.0,1,1
758,508505.0,444068.5,0.0,0.0,1,1
759,508505.0,444068.5,0.0,0.0,1,1
760,508505.0,444068.5,0.0,0.0,1,1
761,508505.0,444068.5,0.0,0.0,1,1
762,508505.0,444068.5,0.0,0.0,1,1
763,508505.0,444068.5,0.0,0.0,1,1
764,508505.0,444068.5,0.0,0.0,1,1
765,508505.0,444068.5,0.0,0.0,1,1
766,508505.0,444068.5,0.0,0.0,1,1
767,508058.5,444068.5,0.0,0.0,1,1
768,508058.5,444068.5,0.0,0.0,1,1
769,508058.5,444068.5,0.0,0.0,1,1
770,508058.5,444068.5,0.0,0.0,1,1
771,508058.5,444068.5,0.0,0.0,1,1
772,508058.5,444068.5,0.0,0.0,1,1
773,508058.5,444068.5,0.0,0.0,1,1
774,508058.5,444068.5,0.0,0.0,1,1
775,508058.5,444068.5,0.0,0.0,1,1
776,508058.5,444068.5,0.0,0.0,1,1
777,508285.5,444068.5,0.0,0.0,1,1
778,508285.5,444068.5,0.0,0.0,1,1
779,508285.5,444068.5,0.0,0.0,1,1
780,508285.5,444068.5,0.0,0.0,1,1
781,508285.5,444068.5,0.0,0.0,1,1
782,508285.5,444068.5,0.0,0.0,1,1
783,508285.5,444068.5,0.0,0.0,1,1
784,508285.5,444068.5,0.0,0.0,1,1
785,508285.5,444068.5,0.0,0.0,1,1
786,508285.5,444068.5,0.0,0.0,1,1
787,508285.5,444068.5,0.0,0.0,1,1
788,508285.5,444068.5,0.0,0.0,1,1
789,508285.5,444068.5,0.0,0.0,1,1
790,508285.5,444068.5,0.0,0.0,1,1
791,508285.5,444068.5,0.0,0.0,1,1
792,508285.5,444068.5,0.0,0.0,1,1
793,508285.5,444068.5,0.0,0.0,1,1
794,508285.5,444068.5,0.0,0.0,1,1
795,508285.5,444068.5,0.0,0.0,1,1
796,508285.5,444068.5,0.0,0.0,1,1
797,508285.5,444068.5,0.0,0.0,1,1
798,508285.5,444068.5,0.0,0.0,1,1
799,508285.5,444068.5,0.0,0.0,1,1
800,508285.5,444068.5,0.0,0.0,1,1
801,508285.5,444068.5,0.0,0.0,1,1
802,507892.0,444068.5,0.0,0.0,1,1
803,507892.0,444068.5,0.0,0.0,1,1
804,507892.0,444068.5,0.0,0.0,1,1
805,507911.0,444068.5,0.0,0.0,1,1
806,507911.0,444068.5,0.0,0.0,1,1
807,507911.0,444068.5,0.0,0.0,1,1
808,507911.0,444068.5,0.0,0.0,1,1
809,507911.0,444068.5,0.0,0.0,1,1
810,507911.0,444068.5,0.0,0.0,1,1
811,507911.0,444068.5,0.0,0.0,1,1
812,507911.0,444068.5,0.0,0.0,1,1
813,507911.0,444068.5,0.0,0.0,1,1
814,507911.0,444068.5,0.0,0.0,1,1
815,508229.0,444068.5,0.0,0.0,1,1
816,508229.0,444068.5,0.0,0.0,1,1
817,508229.0,444068.5,0.0,0.0,1,1
818,508229.0,444068.5,0.0,0.0,1,1
819,506391.5,444068.5,0.0,0.0,1,1
820,506391.5,444068.5,0.0,0.0,1,1
821,506391.5,444068.5,0.0,0.0,1,1
822,506391.5,444068.5,0.0,0.0,1,1
823,506391.5,444068.5,0.0,0.0,1,1
824,506391.5,444068.5,0.0,0.0,1,1
825,506391.5,444068.5,0.0,0.0,1,1
826,506391.5,444068.5,0.0,0.0,1,1
827,506391.5,444068.5,0.0,0.0,1,1
828,506391.5,444068.5,0.0,0.0,1,1
829,506237.0,444068.5,0.0,0.0,1,1
830,506237.0,444068.5,0.0,0.0,1,1
831,506237.0,444068.5,0.0,0.0,1,1
832,506237.0,444068.5,0.0,0.0,1,1
833,506237.0,444068.5,0.0,0.0,1,1
834,506237.0,444068.5,0.0,0.0,1,1
835,506162.0,444068.5,0.0,0.0,1,1
836,506162.0,444068.5,0.0,0.0,1,1
837,506162.0,444068.5,0.0,0.0,1,1
838,506162.0,444068.5,0.0,0.0,1,1
839,506162.0,444068.5,0.0,0.0,1,1
840,506162.0,444068.5,0.0,0.0,1,1
841,506162.0,444068.5,0.0,0.0,1,1
842,506162.0,444068.5,0.0,0.0,1,1
843,506162.0,444068.5,0.0,0.0,1,1
844,507070.5,444068.5,0.0,0.0,1,1
845,507070.5,444068.5,0.0,0.0,1,1
846,507070.5,444068.5,0.0,0.0,1,1
847,507070.5,444068.5,0.0,0.0,1,1
848,507070.5,444068.5,0.0,0.0,1,1
849,506794.5,444068.5,0.0,0.0,1,1
850,506794.5,444068.5,0.0,0.0,1,1
851,506794.5,444068.5,0.0,0.0,1,1
852,506794.5,444068.5,0.0,0.0,1,1
853,506977.5,444068.5,0.0,0.0,1,1
854,506977.5,444068.5,0.0,0.0,1,1
855,506794.0,444068.5,0.0,0.0,1,1
856,506794.0,444068.5,0.0,0.0,1,1
857,506794.0,444068.5,0.0,0.0,1,1
858,506794.0,444068.5,0.0,0.0,1,1
859,506794.0,444068.5,0.0,0.0,1,1
860,506794.0,444068.5,0.0,0.0,1,1
861,506794.0,444068.5,0.0,0.0,1,1
862,506794.0,444068.5,0.0,0.0,1,1
863,506794.0,444068.5,0.0,0.0,1,1
864,506794.0,444068.5,0.0,0.0,1,1
865,506794.0,444068.5,0.0,0.0,1,1
866,506794.0,444068.5,0.0,0.0,1,1
867,506794.0,444068.5,0.0,0.0,1,1
868,506794.0,444068.5,0.0,0.0,1,1
869,506794.0,444068.5,0.0,0.0,1,1
870,506794.0,444068.5,0.0,0.0,1,1
871,506794.0,444068.5,0.0,0.0,1,1
872,506794.0,444068.5,0.0,0.0,1,1
873,506794.0,444068.5,0.0,0.0,1,1
874,506794.0,444068.5,0.0,0.0,1,1
875,506794.0,444068.5,0.0,0.0,1,1
876,506794.0,444068.5,0.0,0.0,1,1
877,506794.0,444068.5,0.0,0.0,1,1
878,506794.0,444068.5,0.0,0.0,1,1
879,506794.0,444068.5,0.0,0.0,1,1
880,506794.0,444068.5,0.0,0.0,1,1
881,506794.0,444068.5,0.0,0.0,1,1
882,506794.0,444068.5,0.0,0.0,1,1
883,507291.5,444068.5,0.0,0.0,1,1
884,507291.5,444068.5,0.0,0.0,1,1
885,507291.5,444068.5,0.0,0.0,1,1
886,507291.5,444068.5,0.0,0.0,1,1
887,507291.5,444068.5,0.0,0.0,1,1
888,507291.5,444068.5,0.0,0.0,1,1
889,507291.5,444068.5,0.0,0.0,1,1
890,507291.5,444068.5,0.0,0.0,1,1
891,507250.5,444068.5,0.0,0.0,1,1
892,507250.5,444068.5,0.0,0.0,1,1
893,507250.5,444068.5,0.0,0.0,1,1
894,507250.5,444068.5,0.0,0.0,1,1
895,507250.5,444068.5,0.0,0.0,1,1
896,507250.5,444068.5,0.0,0.0,1,1
897,507205.5,444068.5,0.0,0.0,1,1
898,507205.5,444068.5,0.0,0.0,1,1
899,507270.5,444068.5,0.0,0.0,1,1
900,507270.5,444068.5,0.0,0.0,1,1
901,507270.5,444068.5,0.0,0.0,1,1
902,507270.5,444068.5,0.0,0.0,1,1
903,507270.5,444068.5,0.0,0.0,1,1
904,507270.5,444068.5,0.0,0.0,1,1
905,507270.5,444068.5,0.0,0.0,1,1
906,507270.5,444068.5,0.0,0.0,1,1
907,507270.5,444068.5,0.0,0.0,1,1
908,507270.5,444068.5,0.0,0.0,1,1
909,507270.5,444068.5,0.0,0.0,1,1
910,507270.5,444068.5,0.0,0.0,1,1
911,507270.5,444068.5,0.0,0.0,1,1
912,507270.5,444068.5,0.0,0.0,1,1
913,507357.5,444068.5,0.0,0.0,1,1
914,507357.5,444068.5,0.0,0.0,1,1
915,507357.5,444068.5,0.0,0.0,1,1
916,507357.5,444068.5,0.0,0.0,1,1
917,507357.5,444068.5,0.0,0.0,1,1
918,507357.5,444068.5,0.0,0.0,1,1
919,507357.5,444068.5,0.0,0.0,1,1
920,507357.5,444068.5,0.0,0.0,1,1
921,507357.5,444068.5,0.0,0.0,1,1
922,507357.5,444068.5,0.0,0.0,1,1
923,507357.5,444068.5,0.0,0.0,1,1
924,507357.5,444068.5,0.0,0.0,1,1
925,507357.5,444068.5,0.0,0.0,1,1
926,507357.5,444068.5,0.0,0.0,1,1
927,507357.5,444068.5,0.0,0.0,1,1
928,507751.0,444068.5,0.0,0.0,1,1
929,507751.0,444068.5,0.0,0.0,1,1
930,507751.0,444068.5,0.0,0.0,1,1
931,507505.5,444068.5,0.0,0.0,1,1
932,507505.5,444068.5,0.0,0.0,1,1
933,507505.5,444068.5,0.0,0.0,1,1
934,507505.5,444068.5,0.0,0.0,1,1
935,507505.5,444068.5,0.0,0.0,1,1
936,507505.5,444068.5,0.0,0.0,1,1
937,507505.5,444068.5,0.0,0.0,1,1
938,507505.5,444068.5,0.0,0.0,1,1
939,507505.5,444068.5,0.0,0.0,1,1
940,507505.5,444068.5,0.0,0.0,1,1
941,507505.5,444068.5,0.0,0.0,1,1
942,507505.5,444068.5,0.0,0.0,1,1
943,507505.5,444068.5,0.0,0.0,1,1
944,507725.0,444068.5,0.0,0.0,1,1
945,507853.0,444068.5,0.0,0.0,1,1
946,507853.0,444068.5,0.0,0.0,1,1
947,507853.0,444068.5,0.0,0.0,1,1
948,507853.0,444068.5,0.0,0.0,1,1
949,507853.0,444068.5,0.0,0.0,1,1
950,507853.0,444068.5,0.0,0.0,1,1
951,507853.0,444068.5,0.0,0.0,1,1
952,507810.0,444068.5,0.0,0.0,1,1
953,507683.5,444068.5,0.0,0.0,1,1
954,507683.5,444068.5,0.0,0.0,1,1
955,507683.5,444068.5,0.0,0.0,1,1
956,507683.5,444068.5,0.0,0.0,1,1
957,509557.5,444068.5,0.0,0.0,1,1
958,509608.0,444068.5,0.0,0.0,1,1
959,509608.0,444068.5,0.0,0.0,1,1
960,509608.0,444068.5,0.0,0.0,1,1
961,509608.0,444068.5,0.0,0.0,1,1
962,509608.0,444068.5,0.0,0.0,1,1
963,509608.0,444068.5,0.0,0.0,1,1
964,509608.0,444068.5,0.0,0.0,1,1
965,509608.0,444068.5,0.0,0.0,1,1
966,509608.0,444068.5,0.0,0.0,1,1
967,509608.0,444068.5,0.0,0.0,1,1
968,509608.0,444068.5,0.0,0.0,1,1
969,509608.0,444068.5,0.0,0.0,1,1
970,509606.0,444068.5,0.0,0.0,1,1
971,509606.0,444068.5,0.0,0.0,1,1
972,509606.0,444068.5,0.0,0.0,1,1
973,509606.0,444068.5,0.0,0.0,1,1
974,509606.0,444068.5,0.0,0.0,1,1
975,509606.0,444068.5,0.0,0.0,1,1
976,509606.0,444068.5,0.0,0.0,1,1
977,510230.0,444068.5,0.0,0.0,1,1
978,510230.0,444068.5,0.0,0.0,1,1
979,510230.0,444068.5,0.0,0.0,1,1
980,510230.0,444068.5,0.0,0.0,1,1
981,510230.0,444068.5,0.0,0.0,1,1
982,510230.0,444068.5,0.0,0.0,1,1
983,510230.0,444068.5,0.0,0.0,1,1
984,510148.0,444068.5,0.0,0.0,1,1
985,510148.0,444068.5,0.0,0.0,1,1
986,510148.0,444068.5,0.0,0.0,1,1
987,510148.0,444068.5,0.0,0.0,1,1
988,510195.0,444068.5,0.0,0.0,1,1
989,510195.0,444068.5,0.0,0.0,1,1
990,510195.0,444068.5,0.0,0.0,1,1
991,510195.0,444068.5,0.0,0.0,1,1
992,510195.0,444068.5,0.0,0.0,1,1
993,510195.0,444068.5,0.0,0.0,1,1
994,510195.0,444068.5,0.0,0.0,1,1
995,510195.0,444068.5,0.0,0.0,1,1
996,510195.0,444068.5,0.0,0.0,1,1
997,509904.0,444068.5,0.0,0.0,1,1
998,509904.0,444068.5,0.0,0.0,1,1
999,509904.0,444068.5,0.0,0.0,1,1
1000,509904.0,444068.5,0.0,0.0,1,1
1001,509904.0,444068.5,0.0,0.0,1,1
1002,509904.0,444068.5,0.0,0.0,1,1
1003,509904.0,444068.5,0.0,0.0,1,1
1004,509904.0,444068.5,0.0,0.0,1,1
1005,509986.0,444068.5,0.0,0.0,1,1
1006,509986.0,444068.5,0.0,0.0,1,1
1007,509986.0,444068.5,0.0,0.0,1,1
1008,509986.0,444068.5,0.0,0.0,1,1
1009,509986.0,444068.5,0.0,0.0,1,1
1010,509734.5,444068.5,0.0,0.0,1,1
1011,509734.5,444068.5,0.0,0.0,1,1
1012,509734.5,444068.5,0.0,0.0,1,1
1013,509734.5,444068.5,0.0,0.0,1,1
1014,509734.5,444068.5,0.0,0.0,1,1
1015,509734.5,444068.5,0.0,0.0,1,1
1016,509734.5,444068.5,0.0,0.0,1,1
1017,509734.5,444068.5,0.0,0.0,1,1
1018,509734.5,444068.5,0.0,0.0,1,1
1019,509734.5,444068.5,0.0,0.0,1,1
1020,509987.0,444068.5,0.0,0.0,1,1
1021,509987.0,444068.5,0.0,0.0,1,1
1022,509987.0,444068.5,0.0,0.0,1,1
1023,509987.0,444068.5,0.0,0.0,1,1
1024,509987.0,444068.5,0.0,0.0,1,1
1025,509987.0,444068.5,0.0,0.0,1,1
1026,509987.0,444068.5,0.0,0.0,1,1
1027,509987.0,444068.5,0.0,0.0,1,1
1028,509987.0,444068.5,0.0,0.0,1,1
1029,509987.0,444068.5,0.0,0.0,1,1
1030,509987.0,444068.5,0.0,0.0,1,1
1031,509987.0,444068.5,0.0,0.0,1,1
1032,509987.0,444068.5,0.0,0.0,1,1
1033,509987.0,444068.5,0.0,0.0,1,1
1034,509987.0,444068.5,0.0,0.0,1,1
1035,509987.0,444068.5,0.0,0.0,1,1
1036,509987.0,444068.5,0.0,0.0,1,1
1037,509987.0,444068.5,0.0,0.0,1,1
1038,509987.0,444068.5,0.0,0.0,1,1
1039,509987.0,444068.5,0.0,0.0,1,1
1040,509987.0,444068.5,0.0,0.0,1,1
1041,509987.0,444068.5,0.0,0.0,1,1
1042,509987.0,444068.5,0.0,0.0,1,1
1043,509987.0,444068.5,0.0,0.0,1,1
1044,509987.0,444068.5,0.0,0.0,1,1
1045,509987.0,444068.5,0.0,0.0,1,1
1046,509987.0,444068.5,0.0,0.0,1,1
1047,509987.0,444068.5,0.0,0.0,1,1
1048,509977.5,444068.5,0.0,0.0,1,1
1049,510256.0,444068.5,0.0,0.0,1,1
1050,510256.0,444068.5,0.0,0.0,1,1
1051,510256.0,444068.5,0.0,0.0,1,1
1052,510256.0,444068.5,0.0,0.0,1,1
1053,510256.0,444068.5,0.0,0.0,1,1
1054,510256.0,444068.5,0.0,0.0,1,1
1055,510256.0,444068.5,0.0,0.0,1,1
1056,510256.0,444068.5,0.0,0.0,1,1
1057,510507.5,444068.5,0.0,0.0,1,1
1058,510507.5,444068.5,0.0,0.0,1,1
1059,510507.5,444068.5,0.0,0.0,1,1
1060,510507.5,444068.5,0.0,0.0,1,1
1061,510507.5,444068.5,0.0,0.0,1,1
1062,510507.5,444068.5,0.0,0.0,1,1
1063,510507.5,444068.5,0.0,0.0,1,1
1064,510507.5,444068.5,0.0,0.0,1,1
1065,510507.5,444068.5,0.0,0.0,1,1
1066,510507.5,444068.5,0.0,0.0,1,1
1067,510507.5,444068.5,0.0,0.0,1,1
1068,510507.5,444068.5,0.0,0.0,1,1
1069,510117.0,444068.5,0.0,0.0,1,1
1070,510796.5,444068.5,0.0,0.0,1,1
1071,510796.5,444068.5,0.0,0.0,1,1
1072,510796.5,444068.5,0.0,0.0,1,1
1073,510796.5,444068.5,0.0,0.0,1,1
1074,510984.5,444068.5,0.0,0.0,1,1
1075,510984.5,444068.5,0.0,0.0,1,1
1076,510984.5,444068.5,0.0,0.0,1,1
1077,510984.5,444068.5,0.0,0.0,1,1
1078,510984.5,444068.5,0.0,0.0,1,1
1079,510984.5,444068.5,0.0,0.0,1,1
1080,510984.5,444068.5,0.0,0.0,1,1
1081,510984.5,444068.5,0.0,0.0,1,1
1082,510984.5,444068.5,0.0,0.0,1,1
1083,510984.5,444068.5,0.0,0.0,1,1
1084,510984.5,444068.5,0.0,0.0,1,1
1085,511419.0,444068.5,0.0,0.0,1,1
1086,511943.5,444068.5,0.0,0.0,1,1
1087,511943.5,444068.5,0.0,0.0,1,1
1088,511943.5,444068.5,0.0,0.0,1,1
1089,511943.5,444068.5,0.0,0.0,1,1
1090,511943.5,444068.5,0.0,0.0,1,1
1091,511943.5,444068.5,0.0,0.0,1,1
1092,511943.5,444068.5,0.0,0.0,1,1
1093,511943.5,444068.5,0.0,0.0,1,1
1094,511943.5,444068.5,0.0,0.0,1,1
1095,511943.5,444068.5,0.0,0.0,1,1
1096,511943.5,444068.5,0.0,0.0,1,1
1097,511943.5,444068.5,0.0,0.0,1,1
1098,511772.5,444068.5,0.0,0.0,1,1
1099,511772.5,444068.5,0.0,0.0,1,1
1100,511772.5,444068.5,0.0,0.0,1,1
1101,511772.5,444068.5,0.0,0.0,1,1
1102,511655.5,444068.5,0.0,0.0,1,1
1103,511655.5,444068.5,0.0,0.0,1,1
1104,511655.5,444068.5,0.0,0.0,1,1
1105,511655.5,444068.5,0.0,0.0,1,1
1106,511655.5,444068.5,0.0,0.0,1,1
1107,511655.5,444068.5,0.0,0.0,1,1
1108,511139.0,444068.5,0.0,0.0,1,1
1109,511139.0,444068.5,0.0,0.0,1,1
1110,511139.0,444068.5,0.0,0.0,1,1
1111,511201.0,444068.5,0.0,0.0,1,1
1112,511201.0,444068.5,0.0,0.0,1,1
1113,511201.0,444068.5,0.0,0.0,1,1
1114,511201.0,444068.5,0.0,0.0,1,1
1115,511201.0,444068.5,0.0,0.0,1,1
1116,511478.0,444068.5,0.0,0.0,1,1
1117,511478.0,444068.5,0.0,0.0,1,1
1118,511478.0,444068.5,0.0,0.0,1,1
1119,511478.0,444068.5,0.0,0.0,1,1
1120,511478.0,444068.5,0.0,0.0,1,1
1121,510227.0,444068.5,0.0,0.0,1,1
1122,510227.0,444068.5,0.0,0.0,1,1
1123,510314.5,444068.5,0.0,0.0,1,1
1124,510314.5,444068.5,0.0,0.0,1,1
1125,510314.5,444068.5,0.0,0.0,1,1
1126,510398.5,444068.5,0.0,0.0,1,1
1127,510398.5,444068.5,0.0,0.0,1,1
1128,510236.5,444068.5,0.0,0.0,1,1
1129,510236.5,444068.5,0.0,0.0,1,1
1130,510236.5,444068.5,0.0,0.0,1,1
1131,510236.5,444068.5,0.0,0.0,1,1
1132,510236.5,444068.5,0.0,0.0,1,1
1133,510236.5,444068.5,0.0,0.0,1,1
1134,510236.5,444068.5,0.0,0.0,1,1
1135,510236.5,444068.5,0.0,0.0,1,1
1136,510236.5,444068.5,0.0,0.0,1,1
1137,510236.5,444068.5,0.0,0.0,1,1
1138,510236.5,444068.5,0.0,0.0,1,1
1139,510236.5,444068.5,0.0,0.0,1,1
1140,510236.5,444068.5,0.0,0.0,1,1
1141,510236.5,444068.5,0.0,0.0,1,1
1142,510236.5,444068.5,0.0,0.0,1,1
1143,510236.5,444068.5,0.0,0.0,1,1
1144,510236.5,444068.5,0.0,0.0,1,1
1145,510240.5,444068.5,0.0,0.0,1,1
1146,510240.5,444068.5,0.0,0.0,1,1
1147,508626.0,444068.5,0.0,0.0,1,1
1148,508626.0,444068.5,0.0,0.0,1,1
1149,508626.0,444068.5,0.0,0.0,1,1
1150,508626.0,444068.5,0.0,0.0,1,1
1151,508597.0,444068.5,0.0,0.0,1,1
1152,508597.0,444068.5,0.0,0.0,1,1
1153,508597.0,444068.5,0.0,0.0,1,1
1154,508597.0,444068.5,0.0,0.0,1,1
1155,508597.0,444068.5,0.0,0.0,1,1
1156,508597.0,444068.5,0.0,0.0,1,1
1157,508597.0,444068.5,0.0,0.0,1,1
1158,508597.0,444068.5,0.0,0.0,1,1
1159,508597.0,444068.5,0.0,0.0,1,1
1160,508597.0,444068.5,0.0,0.0,1,1
1161,507395.5,444068.5,0.0,0.0,1,1
1162,507395.5,444068.5,0.0,0.0,1,1
1163,507395.5,444068.5,0.0,0.0,1,1
1164,507395.5,444068.5,0.0,0.0,1,1
1165,507395.5,444068.5,0.0,0.0,1,1
1166,507395.5,444068.5,0.0,0.0,1,1
1167,507395.5,444068.5,0.0,0.0,1,1
1168,507395.5,444068.5,0.0,0.0,1,1
1169,507395.5,444068.5,0.0,0.0,1,1
1170,507367.0,444068.5,0.0,0.0,1,1
1171,507367.0,444068.5,0.0,0.0,1,1
1172,507367.0,444068.5,0.0,0.0,1,1
1173,507367.0,444068.5,0.0,0.0,1,1
1174,507367.0,444068.5,0.0,0.0,1,1
1175,507367.0,444068.5,0.0,0.0,1,1
1176,507367.0,444068.5,0.0,0.0,1,1
1177,507367.0,444068.5,0.0,0.0,1,1
1178,507367.0,444068.5,0.0,0.0,1,1
1179,507367.0,444068.5,0.0,0.0,1,1
1180,507367.0,444068.5,0.0,0.0,1,1
1181,507367.0,444068.5,0.0,0.0,1,1
1182,508126.5,444068.5,0.0,0.0,1,1
1183,508126.5,444068.5,0.0,0.0,1,1
1184,507932.5,444068.5,0.0,0.0,1,1
1185,507932.5,444068.5,0.0,0.0,1,1
1186,507932.5,444068.5,0.0,0.0,1,1
1187,507932.5,444068.5,0.0,0.0,1,1
1188,507932.5,444068.5,0.0,0.0,1,1
1189,507932.5,444068.5,0.0,0.0,1,1
1190,507932.5,444068.5,0.0,0.0,1,1
1191,507932.5,444068.5,0.0,0.0,1,1
1192,507932.5,444068.5,0.0,0.0,1,1
1193,507932.5,444068.5,0.0,0.0,1,1
1194,507932.5,444068.5,0.0,0.0,1,1
1195,507932.5,444068.5,0.0,0.0,1,1
1196,507932.5,444068.5,0.0,0.0,1,1
1197,507932.5,444068.5,0.0,0.0,1,1
1198,507932.5,444068.5,0.0,0.0,1,1
1199,507932.5,444068.5,0.0,0.0,1,1
1200,507932.5,444068.5,0.0,0.0,1,1
1201,507932.5,444068.5,0.0,0.0,1,1
1202,507932.5,444068.5,0.0,0.0,1,1
1203,507932.5,444068.5,0.0,0.0,1,1
1204,507932.5,444068.5,0.0,0.0,1,1
1205,507932.5,444068.5,0.0,0.0,1,1
1206,507932.5,444068.5,0.0,0.0,1,1
1207,507932.5,444068.5,0.0,0.0,1,1
1208,507932.5,444068.5,0.0,0.0,1,1
1209,507932.5,444068.5,0.0,0.0,1,1
1210,507961.5,444068.5,0.0,0.0,1,1
1211,509019.5,444068.5,0.0,0.0,1,1
1212,509086.0,444068.5,0.0,0.0,1,1
1213,509086.0,444068.5,0.0,0.0,1,1
1214,509086.0,444068.5,0.0,0.0,1,1
1215,509086.0,444068.5,0.0,0.0,1,1
1216,509086.0,444068.5,0.0,0.0,1,1
1217,509086.0,444068.5,0.0,0.0,1,1
1218,509086.0,444068.5,0.0,0.0,1,1
1219,509086.0,444068.5,0.0,0.0,1,1
1220,509086.0,444068.5,0.0,0.0,1,1
1221,509086.0,444068.5,0.0,0.0,1,1
1222,509086.0,444068.5,0.0,0.0,1,1
1223,509637.5,444068.5,0.0,0.0,1,1
1224,509637.5,444068.5,0.0,0.0,1,1
1225,509608.5,444068.5,0.0,0.0,1,1
1226,509608.5,444068.5,0.0,0.0,1,1
1227,509608.5,444068.5,0.0,0.0,1,1
1228,509608.5,444068.5,0.0,0.0,1,1
1229,509608.5,444068.5,0.0,0.0,1,1
1230,509608.5,444068.5,0.0,0.0,1,1
1231,509608.5,444068.5,0.0,0.0,1,1
1232,509608.5,444068.5,0.0,0.0,1,1
1233,509608.5,444068.5,0.0,0.0,1,1
1234,509608.5,444068.5,0.0,0.0,1,1
1235,509608.5,444068.5,0.0,0.0,1,1
1236,509608.5,444068.5,0.0,0.0,1,1
1237,509608.5,444068.5,0.0,0.0,1,1
1238,509608.5,444068.5,0.0,0.0,1,1
1239,509608.5,444068.5,0.0,0.0,1,1
1240,509608.5,444068.5,0.0,0.0,1,1
1241,509608.5,444068.5,0.0,0.0,1,1
1242,509608.5,444068.5,0.0,0.0,1,1
1243,509608.5,444068.5,0.0,0.0,1,1
1244,509608.5,444068.5,0.0,0.0,1,1
1245,509608.5,444068.5,0.0,0.0,1,1
1246,509608.5,444068.5,0.0,0.0,1,1
1247,509608.5,444068.5,0.0,0.0,1,1
1248,508739.0,444068.5,0.0,0.0,1,1
1249,508739.0,444068.5,0.0,0.0,1,1
1250,508739.0,444068.5,0.0,0.0,1,1
1251,508739.0,444068.5,0.0,0.0,1,1
1252,508708.0,444068.5,0.0,0.0,1,1
1253,508708.0,444068.5,0.0,0.0,1,1
1254,512991.0,444068.5,0.0,0.0,1,1
1255,512991.0,444068.5,0.0,0.0,1,1
1256,512991.0,444068.5,0.0,0.0,1,1
1257,512991.0,444068.5,0.0,0.0,1,1
1258,513435.5,444068.5,0.0,0.0,1,1
1259,513437.5,444068.5,0.0,0.0,1,1
1260,513437.5,444068.5,0.0,0.0,1,1
1261,513437.5,444068.5,0.0,0.0,1,1
1262,513437.5,444068.5,0.0,0.0,1,1
1263,513437.5,444068.5,0.0,0.0,1,1
1264,513437.5,444068.5,0.0,0.0,1,1
1265,513437.5,444068.5,0.0,0.0,1,1
1266,515958.5,444068.5,0.0,0.0,1,1
1267,515958.5,444068.5,0.0,0.0,1,1
1268,515958.5,444068.5,0.0,0.0,1,1
1269,516263.5,444068.5,0.0,0.0,1,1
1270,516263.5,444068.5,0.0,0.0,1,1
1271,516322.0,444068.5,0.0,0.0,1,1
1272,516322.0,444068.5,0.0,0.0,1,1
1273,516322.0,444068.5,0.0,0.0,1,1
1274,516322.0,444068.5,0.0,0.0,1,1
1275,516322.0,444068.5,0.0,0.0,1,1
1276,516322.0,444068.5,0.0,0.0,1,1
1277,516322.0,444068.5,0.0,0.0,1,1
1278,516322.0,444068.5,0.0,0.0,1,1
1279,516322.0,444068.5,0.0,0.0,1,1
1280,516322.0,444068.5,0.0,0.0,1,1
1281,516322.0,444068.5,0.0,0.0,1,1
1282,516322.0,444068.5,0.0,0.0,1,1
1283,516322.0,444068.5,0.0,0.0,1,1
1284,516322.0,444068.5,0.0,0.0,1,1
1285,516322.0,444068.5,0.0,0.0,1,1
1286,516322.0,444068.5,0.0,0.0,1,1
1287,516322.0,444068.5,0.0,0.0,1,1
1288,516322.0,444068.5,0.0,0.0,1,1
1289,516322.0,444068.5,0.0,0.0,1,1
1290,516322.0,444068.5,0.0,0.0,1,1
1291,516322.0,444068.5,0.0,0.0,1,1
1292,516322.0,444068.5,0.0,0.0,1,1
1293,512435.5,444068.5,0.0,0.0,1,1
1294,512435.5,444068.5,0.0,0.0,1,1
1295,512435.5,444068.5,0.0,0.0,1,1
1296,512435.5,444068.5,0.0,0.0,1,1
1297,512435.5,444068.5,0.0,0.0,1,1
1298,512435.5,444068.5,0.0,0.0,1,1
1299,512435.5,444068.5,0.0,0.0,1,1
1300,512435.5,444068.5,0.0,0.0,1,1
1301,512435.5,444068.5,0.0,0.0,1,1
1302,512435.5,444068.5,0.0,0.0,1,1
1303,512435.5,444068.5,0.0,0.0,1,1
1304,512831.5,444068.5,0.0,0.0,1,1
1305,512831.5,444068.5,0.0,0.0,1,1
1306,512831.5,444068.5,0.0,0.0,1,1
1307,512831.5,444068.5,0.0,0.0,1,1
1308,512831.5,444068.5,0.0,0.0,1,1
1309,512831.5,444068.5,0.0,0.0,1,1
1310,513948.5,444068.5,0.0,0.0,1,1
1311,513948.5,444068.5,0.0,0.0,1,1
1312,513948.5,444068.5,0.0,0.0,1,1
1313,513948.5,444068.5,0.0,0.0,1,1
1314,515488.5,444068.5,0.0,0.0,1,1
1315,515488.5,444068.5,0.0,0.0,1,1
1316,515488.5,444068.5,0.0,0.0,1,1
1317,515488.5,444068.5,0.0,0.0,1,1
1318,515488.5,444068.5,0.0,0.0,1,1
1319,515488.5,444068.5,0.0,0.0,1,1
1320,516127.5,444068.5,0.0,0.0,1,1
1321,516277.0,444068.5,0.0,0.0,1,1
1322,516277.0,444068.5,0.0,0.0,1,1
1323,516277.0,444068.5,0.0,0.0,1,1
1324,516277.0,444068.5,0.0,0.0,1,1
1325,516277.0,444068.5,0.0,0.0,1,1
1326,516277.0,444068.5,0.0,0.0,1,1
1327,516277.0,444068.5,0.0,0.0,1,1
1328,516086.0,444068.5,0.0,0.0,1,1
1329,516086.0,444068.5,0.0,0.0,1,1
1330,516086.0,444068.5,0.0,0.0,1,1
1331,516086.0,444068.5,0.0,0.0,1,1
1332,516086.0,444068.5,0.0,0.0,1,1
1333,516086.0,444068.5,0.0,0.0,1,1
1334,516086.0,444068.5,0.0,0.0,1,1
1335,516090.5,444068.5,0.0,0.0,1,1
1336,516090.5,444068.5,0.0,0.0,1,1
1337,516194.5,444068.5,0.0,0.0,1,1
1338,516194.5,444068.5,0.0,0.0,1,1
1339,516194.5,444068.5,0.0,0.0,1,1
1340,516194.5,444068.5,0.0,0.0,1,1
1341,516819.0,444068.5,0.0,0.0,1,1
1342,516819.0,444068.5,0.0,0.0,1,1
1343,516819.0,444068.5,0.0,0.0,1,1
1344,516819.0,444068.5,0.0,0.0,1,1
1345,516819.0,444068.5,0.0,0.0,1,1
1346,516819.0,444068.5,0.0,0.0,1,1
1347,516819.0,444068.5,0.0,0.0,1,1
1348,516711.5,444068.5,0.0,0.0,1,1
1349,516711.5,444068.5,0.0,0.0,1,1
1350,516711.5,444068.5,0.0,0.0,1,1
1351,516711.5,444068.5,0.0,0.0,1,1
1352,516711.5,444068.5,0.0,0.0,1,1
1353,516711.5,444068.5,0.0,0.0,1,1
1354,516711.5,444068.5,0.0,0.0,1,1
1355,516711.5,444068.5,0.0,0.0,1,1
1356,516711.5,444068.5,0.0,0.0,1,1
1357,516711.5,444068.5,0.0,0.0,1,1
1358,516711.5,444068.5,0.0,0.0,1,1
1359,516711.5,444068.5,0.0,0.0,1,1
1360,516730.0,444068.5,0.0,0.0,1,1
1361,516730.0,444068.5,0.0,0.0,1,1
1362,516730.0,444068.5,0.0,0.0,1,1
1363,516681.5,444068.5,0.0,0.0,1,1
1364,516681.5,444068.5,0.0,0.0,1,1
1365,516807.5,444068.5,0.0,0.0,1,1
1366,516807.5,444068.5,0.0,0.0,1,1
1367,516807.5,444068.5,0.0,0.0,1,1
1368,516807.5,444068.5,0.0,0.0,1,1
1369,516807.5,444068.5,0.0,0.0,1,1
1370,516817.5,444068.5,0.0,0.0,1,1
1371,516817.5,444068.5,0.0,0.0,1,1
1372,516817.5,444068.5,0.0,0.0,1,1
1373,516508.5,444068.5,0.0,0.0,1,1
1374,516508.5,444068.5,0.0,0.0,1,1
1375,516508.5,444068.5,0.0,0.0,1,1
1376,516596.5,444068.5,0.0,0.0,1,1
1377,516596.5,444068.5,0.0,0.0,1,1
1378,516596.5,444068.5,0.0,0.0,1,1
1379,516596.5,444068.5,0.0,0.0,1,1
1380,516596.5,444068.5,0.0,0.0,1,1
1381,516596.5,444068.5,0.0,0.0,1,1
1382,516596.5,444068.5,0.0,0.0,1,1
1383,516596.5,444068.5,0.0,0.0,1,1
1384,516596.5,444068.5,0.0,0.0,1,1
1385,516596.5,444068.5,0.0,0.0,1,1
1386,516596.5,444068.5,0.0,0.0,1,1
1387,516596.5,444068.5,0.0,0.0,1,1
1388,516596.5,444068.5,0.0,0.0,1,1
1389,516371.0,444068.5,0.0,0.0,1,1
1390,516131.5,444068.5,0.0,0.0,1,1
1391,516131.5,444068.5,0.0,0.0,1,1
1392,516131.5,444068.5,0.0,0.0,1,1
1393,516131.5,444068.5,0.0,0.0,1,1
1394,516131.5,444068.5,0.0,0.0,1,1
1395,516131.5,444068.5,0.0,0.0,1,1
1396,516131.5,444068.5,0.0,0.0,1,1
1397,516131.5,444068.5,0.0,0.0,1,1
1398,516131.5,444068.5,0.0,0.0,1,1
1399,516131.5,444068.5,0.0,0.0,1,1
1400,516131.5,444068.5,0.0,0.0,1,1
1401,516131.5,444068.5,0.0,0.0,1,1
1402,516131.5,444068.5,0.0,0.0,1,1
1403,516131.5,444068.5,0.0,0.0,1,1
1404,516131.5,444068.5,0.0,0.0,1,1
1405,516131.5,444068.5,0.0,0.0,1,1
1406,516131.5,444068.5,0.0,0.0,1,1
1407,516131.5,444068.5,0.0,0.0,1,1
1408,516131.5,444068.5,0.0,0.0,1,1
1409,516131.5,444068.5,0.0,0.0,1,1
1410,516131.5,444068.5,0.0,0.0,1,1
1411,516131.5,444068.5,0.0,0.0,1,1
1412,516131.5,444068.5,0.0,0.0,1,1
1413,516131.5,444068.5,0.0,0.0,1,1
1414,516131.5,444068.5,0.0,0.0,1,1
1415,516131.5,444068.5,0.0,0.0,1,1
1416,516131.5,444068.5,0.0,0.0,1,1
1417,516131.5,444068.5,0.0,0.0,1,1
1418,516131.5,444068.5,0.0,0.0,1,1
1419,516129.0,444068.5,0.0,0.0,1,1
1420,516129.0,444068.5,0.0,0.0,1,1
1421,516129.0,444068.5,0.0,0.0,1,1
1422,516129.0,444068.5,0.0,0.0,1,1
1423,516129.0,444068.5,0.0,0.0,1,1
1424,516129.0,444068.5,0.0,0.0,1,1
1425,516129.0,444068.5,0.0,0.0,1,1
1426,516129.0,444068.5,0.0,0.0,1,1
1427,516129.0,444068.5,0.0,0.0,1,1
1428,516129.0,444068.5,0.0,0.0,1,1
1429,516129.0,444068.5,0.0,0.0,1,1
1430,516129.0,444068.5,0.0,0.0,1,1
1431,516129.0,444068.5,0.0,0.0,1,1
1432,516509.5,444068.5,0.0,0.0,1,1
1433,516509.5,444068.5,0.0,0.0,1,1
1434,516509.5,444068.5,0.0,0.0,1,1
1435,516509.5,444068.5,0.0,0.0,1,1
1436,516509.5,444068.5,0.0,0.0,1,1
1437,516509.5,444068.5,0.0,0.0,1,1
1438,516438.5,444068.5,0.0,0.0,1,1
1439,516438.5,444068.5,0.0,0.0,1,1
1440,516438.5,444068.5,0.0,0.0,1,1
1441,516438.5,444068.5,0.0,0.0,1,1
1442,516438.5,444068.5,0.0,0.0,1,1
1443,516438.5,444068.5,0.0,0.0,1,1
1444,516438.5,444068.5,0.0,0.0,1,1
1445,516438.5,444068.5,0.0,0.0,1,1
1446,516540.0,444068.5,0.0,0.0,1,1
1447,516540.0,444068.5,0.0,0.0,1,1
1448,516540.0,444068.5,0.0,0.0,1,1
1449,516540.0,444068.5,0.0,0.0,1,1
1450,516540.0,444068.5,0.0,0.0,1,1
1451,516206.0,444068.5,0.0,0.0,1,1
1452,516206.0,444068.5,0.0,0.0,1,1
1453,516206.0,444068.5,0.0,0.0,1,1
1454,516206.0,444068.5,0.0,0.0,1,1
1455,516206.0,444068.5,0.0,0.0,1,1
1456,516206.0,444068.5,0.0,0.0,1,1
1457,516206.0,444068.5,0.0,0.0,1,1
1458,516206.0,444068.5,0.0,0.0,1,1
1459,516206.0,444068.5,0.0,0.0,1,1
1460,516206.0,444068.5,0.0,0.0,1,1
1461,516206.0,444068.5,0.0,0.0,1,1
1462,515004.0,444068.5,0.0,0.0,1,1
1463,515004.0,444068.5,0.0,0.0,1,1
1464,515004.0,444068.5,0.0,0.0,1,1
1465,515004.0,444068.5,0.0,0.0,1,1
1466,515004.0,444068.5,0.0,0.0,1,1
1467,515004.0,444068.5,0.0,0.0,1,1
1468,515004.0,444068.5,0.0,0.0,1,1
1469,515004.0,444068.5,0.0,0.0,1,1
1470,515004.0,444068.5,0.0,0.0,1,1
1471,515004.0,444068.5,0.0,0.0,1,1
1472,515004.0,444068.5,0.0,0.0,1,1
1473,515004.0,444068.5,0.0,0.0,1,1
1474,515004.0,444068.5,0.0,0.0,1,1
1475,515529.5,444068.5,0.0,0.0,1,1
1476,515529.5,444068.5,0.0,0.0,1,1
1477,515529.5,444068.5,0.0,0.0,1,1
1478,515529.5,444068.5,0.0,0.0,1,1
1479,515529.5,444068.5,0.0,0.0,1,1
1480,515529.5,444068.5,0.0,0.0,1,1
1481,515529.5,444068.5,0.0,0.0,1,1
1482,515529.5,444068.5,0.0,0.0,1,1
1483,515529.5,444068.5,0.0,0.0,1,1
1484,515529.5,444068.5,0.0,0.0,1,1
1485,515830.5,444068.5,0.0,0.0,1,1
1486,515830.5,444068.5,0.0,0.0,1,1
1487,515830.5,444068.5,0.0,0.0,1,1
1488,515830.5,444068.5,0.0,0.0,1,1
1489,515830.5,444068.5,0.0,0.0,1,1
1490,515830.5,444068.5,0.0,0.0,1,1
1491,515830.5,444068.5,0.0,0.0,1,1
1492,515824.5,444068.5,0.0,0.0,1,1
1493,515824.5,444068.5,0.0,0.0,1,1
1494,515824.5,444068.5,0.0,0.0,1,1
1495,515824.5,444068.5,0.0,0.0,1,1
1496,515824.5,444068.5,0.0,0.0,1,1
1497,515824.5,444068.5,0.0,0.0,1,1
1498,515804.5,444068.5,0.0,0.0,1,1
1499,515451.0,444068.5,0.0,0.0,1,1
1500,515451.0,444068.5,0.0,0.0,1,1
1501,515451.0,444068.5,0.0,0.0,1,1
1502,515451.0,444068.5,0.0,0.0,1,1
1503,515451.0,444068.5,0.0,0.0,1,1
1504,515451.0,444068.5,0.0,0.0,1,1
1505,515538.0,444068.5,0.0,0.0,1,1
1506,515538.0,444068.5,0.0,0.0,1,1
1507,515538.0,444068.5,0.0,0.0,1,1
1508,515538.0,444068.5,0.0,0.0,1,1
1509,515538.0,444068.5,0.0,0.0,1,1
1510,515538.0,444068.5,0.0,0.0,1,1
1511,515538.0,444068.5,0.0,0.0,1,1
1512,515538.0,444068.5,0.0,0.0,1,1
1513,515538.0,444068.5,0.0,0.0,1,1
1514,515538.0,444068.5,0.0,0.0,1,1
1515,515538.0,444068.5,0.0,0.0,1,1
1516,515538.0,444068.5,0.0,0.0,1,1
1517,515538.0,444068.5,0.0,0.0,1,1
1518,515538.0,444068.5,0.0,0.0,1,1
1519,515538.0,444068.5,0.0,0.0,1,1
1520,515538.0,444068.5,0.0,0.0,1,1
1521,515538.0,444068.5,0.0,0.0,1,1
1522,516496.5,444068.5,0.0,0.0,1,1
1523,518916.0,444068.5,0.0,0.0,1,1
1524,518916.0,444068.5,0.0,0.0,1,1
1525,518916.0,444068.5,0.0,0.0,1,1
1526,518916.0,444068.5,0.0,0.0,1,1
1527,518916.0,444068.5,0.0,0.0,1,1
1528,518916.0,444068.5,0.0,0.0,1,1
1529,518916.0,444068.5,0.0,0.0,1,1
1530,518916.0,444068.5,0.0,0.0,1,1
1531,518916.0,444068.5,0.0,0.0,1,1
1532,518916.0,444068.5,0.0,0.0,1,1
1533,518916.0,444068.5,0.0,0.0,1,1
1534,518916.0,444068.5,0.0,0.0,1,1
1535,518916.0,444068.5,0.0,0.0,1,1
1536,518916.0,444068.5,0.0,0.0,1,1
1537,518916.0,444068.5,0.0,0.0,1,1
1538,518916.0,444068.5,0.0,0.0,1,1
1539,518916.0,444068.5,0.0,0.0,1,1
1540,518916.0,444068.5,0.0,0.0,1,1
1541,518916.0,444068.5,0.0,0.0,1,1
1542,518916.0,444068.5,0.0,0.0,1,1
1543,518916.0,444068.5,0.0,0.0,1,1
1544,518916.0,444068.5,0.0,0.0,1,1
1545,519010.0,444068.5,0.0,0.0,1,1
1546,519010.0,444068.5,0.0,0.0,1,1
1547,519010.0,444068.5,0.0,0.0,1,1
1548,519010.0,444068.5,0.0,0.0,1,1
1549,519010.0,444068.5,0.0,0.0,1,1
1550,519010.0,444068.5,0.0,0.0,1,1
1551,519010.0,444068.5,0.0,0.0,1,1
1552,519010.0,444068.5,0.0,0.0,1,1
1553,519010.0,444068.5,0.0,0.0,1,1
1554,519010.0,444068.5,0.0,0.0,1,1
1555,519010.0,444068.5,0.0,0.0,1,1
1556,519010.0,444068.5,0.0,0.0,1,1
1557,519010.0,444068.5,0.0,0.0,1,1
1558,519010.0,444068.5,0.0,0.0,1,1
1559,519010.0,444068.5,0.0,0.0,1,1
1560,519010.0,444068.5,0.0,0.0,1,1
1561,519010.0,444068.5,0.0,0.0,1,1
1562,519010.0,444068.5,0.0,0.0,1,1
1563,519010.0,444068.5,0.0,0.0,1,1
1564,519010.0,444068.5,0.0,0.0,1,1
1565,519010.0,444068.5,0.0,0.0,1,1
1566,519010.0,444068.5,0.0,0.0,1,1
1567,519010.0,444068.5,0.0,0.0,1,1
1568,519010.0,444068.5,0.0,0.0,1,1
1569,519010.0,444068.5,0.0,0.0,1,1
1570,519010.0,444068.5,0.0,0.0,1,1
1571,519010.0,444068.5,0.0,0.0,1,1
1572,519010.0,444068.5,0.0,0.0,1,1
1573,519010.0,444068.5,0.0,0.0,1,1
1574,519010.0,444068.5,0.0,0.0,1,1
1575,519010.0,444068.5,0.0,0.0,1,1
1576,519010.0,444068.5,0.0,0.0,1,1
1577,519010.0,444068.5,0.0,0.0,1,1
1578,519010.0,444068.5,0.0,0.0,1,1
1579,519010.0,444068.5,0.0,0.0,1,1
1580,519405.0,444068.5,0.0,0.0,1,1
1581,519405.0,444068.5,0.0,0.0,1,1
1582,519405.0,444068.5,0.0,0.0,1,1
1583,519405.0,444068.5,0.0,0.0,1,1
1584,519405.0,444068.5,0.0,0.0,1,1
1585,519588.0,444068.5,0.0,0.0,1,1
1586,519588.0,444068.5,0.0,0.0,1,1
1587,519588.0,444068.5,0.0,0.0,1,1
1588,519588.0,444068.5,0.0,0.0,1,1
1589,519588.0,444068.5,0.0,0.0,1,1
1590,519588.0,444068.5,0.0,0.0,1,1
1591,519588.0,444068.5,0.0,0.0,1,1
1592,519588.0,444068.5,0.0,0.0,1,1
1593,519588.0,444068.5,0.0,0.0,1,1
1594,519588.0,444068.5,0.0,0.0,1,1
1595,519850.0,444068.5,0.0,0.0,1,1
1596,519850.0,444068.5,0.0,0.0,1,1
1597,519850.0,444068.5,0.0,0.0,1,1
1598,519850.0,444068.5,0.0,0.0,1,1
1599,519850.0,444068.5,0.0,0.0,1,1
1600,519850.0,444068.5,0.0,0.0,1,1
1601,519850.0,444068.5,0.0,0.0,1,1
1602,519809.0,444068.5,0.0,0.0,1,1
1603,519809.0,444068.5,0.0,0.0,1,1
1604,519809.0,444068.5,0.0,0.0,1,1
1605,520102.5,444068.5,0.0,0.0,1,1
1606,521439.5,444068.5,0.0,0.0,1,1
1607,521439.5,444068.5,0.0,0.0,1,1
1608,523292.5,444068.5,0.0,0.0,1,1
1609,523292.5,444068.5,0.0,0.0,1,1
1610,523292.5,444068.5,0.0,0.0,1,1
1611,522872.0,444068.5,0.0,0.0,1,1
1612,522872.0,444068.5,0.0,0.0,1,1
1613,522872.0,444068.5,0.0,0.0,1,1
1614,523305.0,444068.5,0.0,0.0,1,1
1615,523305.0,444068.5,0.0,0.0,1,1
1616,523305.0,444068.5,0.0,0.0,1,1
1617,523305.0,444068.5,0.0,0.0,1,1
1618,523305.0,444068.5,0.0,0.0,1,1
1619,523305.0,444068.5,0.0,0.0,1,1
1620,523305.0,444068.5,0.0,0.0,1,1
1621,523305.0,444068.5,0.0,0.0,1,1
1622,523305.0,444068.5,0.0,0.0,1,1
1623,523305.0,444068.5,0.0,0.0,1,1
1624,523305.0,444068.5,0.0,0.0,1,1
1625,523305.0,444068.5,0.0,0.0,1,1
1626,523305.0,444068.5,0.0,0.0,1,1
1627,523305.0,444068.5,0.0,0.0,1,1
1628,523305.0,444068.5,0.0,0.0,1,1
1629,523305.0,444068.5,0.0,0.0,1,1
1630,523305.0,444068.5,0.0,0.0,1,1
1631,523305.0,444068.5,0.0,0.0,1,1
1632,523305.0,444068.5,0.0,0.0,1,1
1633,523305.0,444068.5,0.0,0.0,1,1
1634,523305.0,444068.5,0.0,0.0,1,1
1635,523305.0,444068.5,0.0,0.0,1,1
1636,523305.0,444068.5,0.0,0.0,1,1
1637,523305.0,444068.5,0.0,0.0,1,1
1638,523305.0,444068.5,0.0,0.0,1,1
1639,523305.0,444068.5,0.0,0.0,1,1
1640,523305.0,444068.5,0.0,0.0,1,1
1641,523305.0,444068.5,0.0,0.0,1,1
1642,523737.999833148,444068.5,0.0,0.0,1,1
1643,523398.0,444068.5,0.0,0.0,1,1
1644,523398.0,444068.5,0.0,0.0,1,1
1645,523398.0,444068.5,0.0,0.0,1,1
1646,523398.0,444068.5,0.0,0.0,1,1
1647,523519.5,444068.5,0.0,0.0,1,1
1648,523519.5,444068.5,0.0,0.0,1,1
1649,523519.5,444068.5,0.0,0.0,1,1
1650,523519.5,444068.5,0.0,0.0,1,1
1651,523519.5,444068.5,0.0,0.0,1,1
1652,523286.0,444068.5,0.0,0.0,1,1
1653,523286.0,444068.5,0.0,0.0,1,1
1654,523286.0,444068.5,0.0,0.0,1,1
1655,523286.0,444068.5,0.0,0.0,1,1
1656,523536.9994994439,444068.5,0.0,0.0,1,1
1657,523536.9994994439,444068.5,0.0,0.0,1,1
1658,523536.9994994439,444068.5,0.0,0.0,1,1
1659,523536.9994994439,444068.5,0.0,0.0,1,1
1660,523536.9994994439,444068.5,0.0,0.0,1,1
1661,523536.9994994439,444068.5,0.0,0.0,1,1
1662,523235.49899888784,444068.5,0.0,0.0,1,1
1663,522313.4993325919,444068.5,0.0,0.0,1,1
1664,522313.4993325919,444068.5,0.0,0.0,1,1
1665,522313.4993325919,444068.5,0.0,0.0,1,1
1666,522313.4993325919,444068.5,0.0,0.0,1,1
1667,522313.4993325919,444068.5,0.0,0.0,1,1
1668,522313.4993325919,444068.5,0.0,0.0,1,1
1669,522313.4993325919,444068.5,0.0,0.0,1,1
1670,522353.4993325919,444068.5,0.0,0.0,1,1
1671,522353.4993325919,444068.5,0.0,0.0,1,1
1672,522353.4993325919,444068.5,0.0,0.0,1,1
1673,522353.4993325919,444068.5,0.0,0.0,1,1
1674,522353.4993325919,444068.5,0.0,0.0,1,1
1675,522353.4993325919,444068.5,0.0,0.0,1,1
1676,522353.4993325919,444068.5,0.0,0.0,1,1
1677,522119.49966629595,444068.5,0.0,0.0,1,1
1678,522119.49966629595,444068.5,0.0,0.0,1,1
1679,522119.49966629595,444068.5,0.0,0.0,1,1
1680,522119.49966629595,444068.5,0.0,0.0,1,1
1681,522119.49966629595,444068.5,0.0,0.0,1,1
1682,523134.4994994439,444068.5,0.0,0.0,1,1
1683,523134.4994994439,444068.5,0.0,0.0,1,1
1684,523134.4994994439,444068.5,0.0,0.0,1,1
1685,523134.4994994439,444068.5,0.0,0.0,1,1
1686,523134.4994994439,444068.5,0.0,0.0,1,1
1687,523134.4994994439,444068.5,0.0,0.0,1,1
1688,528202.0,444068.5,0.0,0.0,1,1
1689,528202.0,444068.5,0.0,0.0,1,1
1690,528202.0,444068.5,0.0,0.0,1,1
1691,527785.0,444068.5,0.0,0.0,1,1
1692,527785.0,444068.5,0.0,0.0,1,1
1693,527785.0,444068.5,0.0,0.0,1,1
1694,527785.0,444068.5,0.0,0.0,1,1
1695,527785.0,444068.5,0.0,0.0,1,1
1696,527785.0,444068.5,0.0,0.0,1,1
1697,527785.0,444068.5,0.0,0.0,1,1
1698,526919.5,444068.5,0.0,0.0,1,1
1699,526802.0,444068.5,0.0,0.0,1,1
1700,526802.0,444068.5,0.0,0.0,1,1
1701,529177.0,444068.5,0.0,0.0,1,1
1702,529177.0,444068.5,0.0,0.0,1,1
1703,529177.0,444068.5,0.0,0.0,1,1
1704,529177.0,444068.5,0.0,0.0,1,1
1705,529160.5,444068.5,0.0,0.0,1,1
1706,529160.5,444068.5,0.0,0.0,1,1
1707,529160.5,444068.5,0.0,0.0,1,1
1708,529160.5,444068.5,0.0,0.0,1,1
1709,529160.5,444068.5,0.0,0.0,1,1
1710,529160.5,444068.5,0.0,0.0,1,1
1711,529160.5,444068.5,0.0,0.0,1,1
1712,529160.5,444068.5,0.0,0.0,1,1
1713,529160.5,444068.5,0.0,0.0,1,1
1714,529586.0,444068.5,0.0,0.0,1,1
1715,529586.0,444068.5,0.0,0.0,1,1
1716,529384.5,444068.5,0.0,0.0,1,1
1717,529384.5,444068.5,0.0,0.0,1,1
1718,529384.5,444068.5,0.0,0.0,1,1
1719,529384.5,444068.5,0.0,0.0,1,1
1720,529384.5,444068.5,0.0,0.0,1,1
1721,529384.5,444068.5,0.0,0.0,1,1
1722,529384.5,444068.5,0.0,0.0,1,1
1723,529384.5,444068.5,0.0,0.0,1,1
1724,529384.5,444068.5,0.0,0.0,1,1
1725,529384.5,444068.5,0.0,0.0,1,1
1726,529384.5,444068.5,0.0,0.0,1,1
1727,529752.0,444068.5,0.0,0.0,1,1
1728,529752.0,444068.5,0.0,0.0,1,1
1729,525907.5,444068.5,0.0,0.0,1,1
1730,525907.5,444068.5,0.0,0.0,1,1
1731,525907.5,444068.5,0.0,0.0,1,1
1732,525907.5,444068.5,0.0,0.0,1,1
1733,525813.5,444068.5,0.0,0.0,1,1
1734,525813.5,444068.5,0.0,0.0,1,1
1735,526734.5,444068.5,0.0,0.0,1,1
1736,526734.5,444068.5,0.0,0.0,1,1
1737,526734.5,444068.5,0.0,0.0,1,1
1738,526734.5,444068.5,0.0,0.0,1,1
1739,524846.0,444068.5,0.0,0.0,1,1
1740,524846.0,444068.5,0.0,0.0,1,1
1741,524846.0,444068.5,0.0,0.0,1,1
1742,524846.0,444068.5,0.0,0.0,1,1
1743,524846.0,444068.5,0.0,0.0,1,1
1744,524846.0,444068.5,0.0,0.0,1,1
1745,524846.0,444068.5,0.0,0.0,1,1
1746,524846.0,444068.5,0.0,0.0,1,1
1747,524846.0,444068.5,0.0,0.0,1,1
1748,524846.0,444068.5,0.0,0.0,1,1
1749,524846.0,444068.5,0.0,0.0,1,1
1750,524846.0,444068.5,0.0,0.0,1,1
1751,524846.0,444068.5,0.0,0.0,1,1
1752,524846.0,444068.5,0.0,0.0,1,1
1753,524846.0,444068.5,0.0,0.0,1,1
1754,524846.0,444068.5,0.0,0.0,1,1
1755,524846.0,444068.5,0.0,0.0,1,1
1756,524846.0,444068.5,0.0,0.0,1,1
1757,524846.0,444068.5,0.0,0.0,1,1
1758,525028.0,444068.5,0.0,0.0,1,1
1759,525028.0,444068.5,0.0,0.0,1,1
1760,525028.0,444068.5,0.0,0.0,1,1
1761,525028.0,444068.5,0.0,0.0,1,1
1762,525028.0,444068.5,0.0,0.0,1,1
1763,525028.0,444068.5,0.0,0.0,1,1
1764,525028.0,444068.5,0.0,0.0,1,1
1765,525028.0,444068.5,0.0,0.0,1,1
1766,525028.0,444068.5,0.0,0.0,1,1
1767,525028.0,444068.5,0.0,0.0,1,1
1768,525028.0,444068.5,0.0,0.0,1,1
1769,525075.5,444068.5,0.0,0.0,1,1
1770,525219.5,444068.5,0.0,0.0,1,1
1771,525219.5,444068.5,0.0,0.0,1,1
1772,525219.5,444068.5,0.0,0.0,1,1
1773,525549.0,444068.5,0.0,0.0,1,1
1774,525549.0,444068.5,0.0,0.0,1,1
1775,525549.0,444068.5,0.0,0.0,1,1
1776,525549.0,444068.5,0.0,0.0,1,1
1777,525549.0,444068.5,0.0,0.0,1,1
1778,525549.0,444068.5,0.0,0.0,1,1
1779,526745.5,444068.5,0.0,0.0,1,1
1780,526745.5,444068.5,0.0,0.0,1,1
1781,526745.5,444068.5,0.0,0.0,1,1
1782,526745.5,444068.5,0.0,0.0,1,1
1783,526745.5,444068.5,0.0,0.0,1,1
1784,526745.5,444068.5,0.0,0.0,1,1
1785,526745.5,444068.5,0.0,0.0,1,1
1786,526745.5,444068.5,0.0,0.0,1,1
1787,526745.5,444068.5,0.0,0.0,1,1
1788,526745.5,444068.5,0.0,0.0,1,1
1789,526745.5,444068.5,0.0,0.0,1,1
1790,526608.0,444068.5,0.0,0.0,1,1
1791,526608.0,444068.5,0.0,0.0,1,1
1792,526608.0,444068.5,0.0,0.0,1,1
1793,526608.0,444068.5,0.0,0.0,1,1
1794,526608.0,444068.5,0.0,0.0,1,1
1795,526608.0,444068.5,0.0,0.0,1,1
1796,526608.0,444068.5,0.0,0.0,1,1
1797,526608.0,444068.5,0.0,0.0,1,1
1798,526608.0,444068.5,0.0,0.0,1,1
1799,527845.0,444068.5,0.0,0.0,1,1
1800,527845.0,444068.5,0.0,0.0,1,1
1801,527845.0,444068.5,0.0,0.0,1,1
1802,527845.0,444068.5,0.0,0.0,1,1
1803,527845.0,444068.5,0.0,0.0,1,1
1804,527845.0,444068.5,0.0,0.0,1,1
1805,528721.0,444068.5,0.0,0.0,1,1
1806,528493.0,444068.5,0.0,0.0,1,1
1807,528493.0,444068.5,0.0,0.0,1,1
1808,528493.0,444068.5,0.0,0.0,1,1
1809,528493.0,444068.5,0.0,0.0,1,1
1810,528493.0,444068.5,0.0,0.0,1,1
1811,528493.0,444068.5,0.0,0.0,1,1
1812,528493.0,444068.5,0.0,0.0,1,1
1813,530068.5,444068.5,0.0,0.0,1,1
1814,530068.5,444068.5,0.0,0.0,1,1
1815,530068.5,444068.5,0.0,0.0,1,1
1816,530068.5,444068.5,0.0,0.0,1,1
1817,530068.5,444068.5,0.0,0.0,1,1
1818,530068.5,444068.5,0.0,0.0,1,1
1819,530068.5,444068.5,0.0,0.0,1,1
1820,530389.5,444068.5,0.0,0.0,1,1
1821,530389.5,444068.5,0.0,0.0,1,1
1822,530389.5,444068.5,0.0,0.0,1,1
1823,530389.5,444068.5,0.0,0.0,1,1
1824,530389.5,444068.5,0.0,0.0,1,1
1825,530389.5,444068.5,0.0,0.0,1,1
1826,530389.5,444068.5,0.0,0.0,1,1
1827,530389.5,444068.5,0.0,0.0,1,1
1828,530389.5,444068.5,0.0,0.0,1,1
1829,530389.5,444068.5,0.0,0.0,1,1
1830,530389.5,444068.5,0.0,0.0,1,1
1831,530389.5,444068.5,0.0,0.0,1,1
1832,530389.5,444068.5,0.0,0.0,1,1
1833,530389.5,444068.5,0.0,0.0,1,1
1834,530389.5,444068.5,0.0,0.0,1,1
1835,530389.5,444068.5,0.0,0.0,1,1
1836,530389.5,444068.5,0.0,0.0,1,1
1837,530389.5,444068.5,0.0,0.0,1,1
1838,530389.5,444068.5,0.0,0.0,1,1
1839,530389.5,444068.5,0.0,0.0,1,1
1840,530160.0,444068.5,0.0,0.0,1,1
1841,530160.0,444068.5,0.0,0.0,1,1
1842,529923.5,444068.5,0.0,0.0,1,1
1843,530387.0,444068.5,0.0,0.0,1,1
1844,531068.0,444068.5,0.0,0.0,1,1
1845,531068.0,444068.5,0.0,0.0,1,1
1846,531068.0,444068.5,0.0,0.0,1,1
1847,531361.5,444068.5,0.0,0.0,1,1
1848,531361.5,444068.5,0.0,0.0,1,1
1849,531361.5,444068.5,0.0,0.0,1,1
1850,531446.0,444068.5,0.0,0.0,1,1
1851,531446.0,444068.5,0.0,0.0,1,1
1852,531446.0,444068.5,0.0,0.0,1,1
1853,531446.0,444068.5,0.0,0.0,1,1
1854,531446.0,444068.5,0.0,0.0,1,1
1855,531446.0,444068.5,0.0,0.0,1,1
1856,531089.0,444068.5,0.0,0.0,1,1
1857,531089.0,444068.5,0.0,0.0,1,1
1858,531089.0,444068.5,0.0,0.0,1,1
1859,531089.0,444068.5,0.0,0.0,1,1
1860,531089.0,444068.5,0.0,0.0,1,1
1861,529718.0,444068.5,0.0,0.0,1,1
1862,529718.0,444068.5,0.0,0.0,1,1
1863,529718.0,444068.5,0.0,0.0,1,1
1864,529718.0,444068.5,0.0,0.0,1,1
1865,529718.0,444068.5,0.0,0.0,1,1
1866,529718.0,444068.5,0.0,0.0,1,1
1867,529718.0,444068.5,0.0,0.0,1,1
1868,529718.0,444068.5,0.0,0.0,1,1
1869,529718.0,444068.5,0.0,0.0,1,1
1870,529718.0,444068.5,0.0,0.0,1,1
1871,529718.0,444068.5,0.0,0.0,1,1
1872,529718.0,444068.5,0.0,0.0,1,1
1873,529718.0,444068.5,0.0,0.0,1,1
1874,529718.0,444068.5,0.0,0.0,1,1
1875,529718.0,444068.5,0.0,0.0,1,1
1876,529718.0,444068.5,0.0,0.0,1,1
1877,529718.0,444068.5,0.0,0.0,1,1
1878,529718.0,444068.5,0.0,0.0,1,1
1879,529718.0,444068.5,0.0,0.0,1,1
1880,529718.0,444068.5,0.0,0.0,1,1
1881,529718.0,444068.5,0.0,0.0,1,1
1882,529718.0,444068.5,0.0,0.0,1,1
1883,529758.5,444068.5,0.0,0.0,1,1
1884,529758.5,444068.5,0.0,0.0,1,1
1885,529758.5,444068.5,0.0,0.0,1,1
1886,529758.5,444068.5,0.0,0.0,1,1
1887,529758.5,444068.5,0.0,0.0,1,1
1888,529758.5,444068.5,0.0,0.0,1,1
1889,529758.5,444068.5,0.0,0.0,1,1
1890,529758.5,444068.5,0.0,0.0,1,1
1891,529758.5,444068.5,0.0,0.0,1,1
1892,529773.0,444068.5,0.0,0.0,1,1
1893,529773.0,444068.5,0.0,0.0,1,1
1894,529773.0,444068.5,0.0,0.0,1,1
1895,529773.0,444068.5,0.0,0.0,1,1
1896,529773.0,444068.5,0.0,0.0,1,1
1897,529773.0,444068.5,0.0,0.0,1,1
1898,529773.0,444068.5,0.0,0.0,1,1
1899,529714.0,444068.5,0.0,0.0,1,1
1900,529714.0,444068.5,0.0,0.0,1,1
1901,529714.0,444068.5,0.0,0.0,1,1
1902,529714.0,444068.5,0.0,0.0,1,1
1903,529714.0,444068.5,0.0,0.0,1,1
1904,529714.0,444068.5,0.0,0.0,1,1
1905,529714.0,444068.5,0.0,0.0,1,1
1906,529714.0,444068.5,0.0,0.0,1,1
1907,529714.0,444068.5,0.0,0.0,1,1
1908,529714.0,444068.5,0.0,0.0,1,1
1909,529714.0,444068.5,0.0,0.0,1,1
1910,529714.0,444068.5,0.0,0.0,1,1
1911,529714.0,444068.5,0.0,0.0,1,1
1912,529714.0,444068.5,0.0,0.0,1,1
1913,529714.0,444068.5,0.0,0.0,1,1
1914,531108.5,444068.5,0.0,0.0,1,1
1915,531108.5,444068.5,0.0,0.0,1,1
1916,531108.5,444068.5,0.0,0.0,1,1
1917,531108.5,444068.5,0.0,0.0,1,1
1918,531108.5,444068.5,0.0,0.0,1,1
1919,531108.5,444068.5,0.0,0.0,1,1
1920,531108.5,444068.5,0.0,0.0,1,1
1921,531108.5,444068.5,0.0,0.0,1,1
1922,531108.5,444068.5,0.0,0.0,1,1
1923,531108.5,444068.5,0.0,0.0,1,1
1924,531132.0,444068.5,0.0,0.0,1,1
1925,531132.0,444068.5,0.0,0.0,1,1
1926,531132.0,444068.5,0.0,0.0,1,1
1927,531130.0,444068.5,0.0,0.0,1,1
1928,531130.0,444068.5,0.0,0.0,1,1
1929,531130.0,444068.5,0.0,0.0,1,1
1930,531130.0,444068.5,0.0,0.0,1,1
1931,531130.0,444068.5,0.0,0.0,1,1
1932,530399.0,444068.5,0.0,0.0,1,1
1933,530399.0,444068.5,0.0,0.0,1,1
1934,530399.0,444068.5,0.0,0.0,1,1
1935,527448.0,444068.5,0.0,0.0,1,1
1936,526953.0,444068.5,0.0,0.0,1,1
1937,526953.0,444068.5,0.0,0.0,1,1
1938,526953.0,444068.5,0.0,0.0,1,1
1939,526953.0,444068.5,0.0,0.0,1,1
1940,526953.0,444068.5,0.0,0.0,1,1
1941,526953.0,444068.5,0.0,0.0,1,1
1942,526953.0,444068.5,0.0,0.0,1,1
1943,526953.0,444068.5,0.0,0.0,1,1
1944,526953.0,444068.5,0.0,0.0,1,1
1945,526953.0,444068.5,0.0,0.0,1,1
1946,526970.0,444068.5,0.0,0.0,1,1
1947,526970.0,444068.5,0.0,0.0,1,1
1948,526970.0,444068.5,0.0,0.0,1,1
1949,526902.0,444068.5,0.0,0.0,1,1
1950,526900.0,444068.5,0.0,0.0,1,1
1951,526900.0,444068.5,0.0,0.0,1,1
1952,526900.0,444068.5,0.0,0.0,1,1
1953,526900.0,444068.5,0.0,0.0,1,1
1954,526900.0,444068.5,0.0,0.0,1,1
1955,526900.0,444068.5,0.0,0.0,1,1
1956,526900.0,444068.5,0.0,0.0,1,1
1957,526900.0,444068.5,0.0,0.0,1,1
1958,526900.0,444068.5,0.0,0.0,1,1
1959,526900.0,444068.5,0.0,0.0,1,1
1960,526900.0,444068.5,0.0,0.0,1,1
1961,526900.0,444068.5,0.0,0.0,1,1
1962,526900.0,444068.5,0.0,0.0,1,1
1963,526766.0,444068.5,0.0,0.0,1,1
1964,526766.0,444068.5,0.0,0.0,1,1
1965,530342.0,444068.5,0.0,0.0,1,1
1966,530342.0,444068.5,0.0,0.0,1,1
1967,530381.0,444068.5,0.0,0.0,1,1
1968,530381.0,444068.5,0.0,0.0,1,1
1969,530381.0,444068.5,0.0,0.0,1,1
1970,530381.0,444068.5,0.0,0.0,1,1
1971,530381.0,444068.5,0.0,0.0,1,1
1972,530381.0,444068.5,0.0,0.0,1,1
1973,530381.0,444068.5,0.0,0.0,1,1
1974,530381.0,444068.5,0.0,0.0,1,1
1975,530381.0,444068.5,0.0,0.0,1,1
1976,530381.0,444068.5,0.0,0.0,1,1
1977,530381.0,444068.5,0.0,0.0,1,1
1978,530381.0,444068.5,0.0,0.0,1,1
1979,530381.0,444068.5,0.0,0.0,1,1
1980,530381.0,444068.5,0.0,0.0,1,1
1981,530381.0,444068.5,0.0,0.0,1,1
1982,531293.5,444068.5,0.0,0.0,1,1
1983,531293.5,444068.5,0.0,0.0,1,1
1984,531293.5,444068.5,0.0,0.0,1,1
1985,531368.5,444068.5,0.0,0.0,1,1
1986,531368.5,444068.5,0.0,0.0,1,1
1987,531368.5,444068.5,0.0,0.0,1,1
1988,530560.0,444068.5,0.0,0.0,1,1
1989,530560.0,444068.5,0.0,0.0,1,1
1990,530560.0,444068.5,0.0,0.0,1,1
1991,530560.0,444068.5,0.0,0.0,1,1
1992,530560.0,444068.5,0.0,0.0,1,1
1993,530560.0,444068.5,0.0,0.0,1,1
1994,530560.0,444068.5,0.0,0.0,1,1
1995,530137.0,444068.5,0.0,0.0,1,1
1996,530137.0,444068.5,0.0,0.0,1,1
1997,530137.0,444068.5,0.0,0.0,1,1
1998,530137.0,444068.5,0.0,0.0,1,1
1999,530137.0,444068.5,0.0,0.0,1,1
2000,530137.0,444068.5,0.0,0.0,1,1
2001,530137.0,444068.5,0.0,0.0,1,1
2002,530137.0,444068.5,0.0,0.0,1,1
2003,530137.0,444068.5,0.0,0.0,1,1
2004,530137.0,444068.5,0.0,0.0,1,1
2005,530137.0,444068.5,0.0,0.0,1,1
2006,529939.0,444068.5,0.0,0.0,1,1
2007,528779.5,444068.5,0.0,0.0,1,1
2008,528779.5,444068.5,0.0,0.0,1,1
2009,528779.5,444068.5,0.0,0.0,1,1
2010,528779.5,444068.5,0.0,0.0,1,1
2011,528779.5,444068.5,0.0,0.0,1,1
2012,528779.5,444068.5,0.0,0.0,1,1
2013,528779.5,444068.5,0.0,0.0,1,1
2014,528779.5,444068.5,0.0,0.0,1,1
2015,528779.5,444068.5,0.0,0.0,1,1
2016,528779.5,444068.5,0.0,0.0,1,1
2017,528755.0,444068.5,0.0,0.0,1,1
2018,528755.0,444068.5,0.0,0.0,1,1
2019,528755.0,444068.5,0.0,0.0,1,1
2020,528755.0,444068.5,0.0,0.0,1,1
2021,528755.0,444068.5,0.0,0.0,1,1
2022,528644.5,444068.5,0.0,0.0,1,1
2023,528644.5,444068.5,0.0,0.0,1,1
2024,528644.5,444068.5,0.0,0.0,1,1
2025,528644.5,444068.5,0.0,0.0,1,1
2026,528644.5,444068.5,0.0,0.0,1,1
2027,528644.5,444068.5,0.0,0.0,1,1
2028,528644.5,444068.5,0.0,0.0,1,1
2029,528566.5,444068.5,0.0,0.0,1,1
2030,524657.5,444068.5,0.0,0.0,1,1
2031,524657.5,444068.5,0.0,0.0,1,1
2032,524657.5,444068.5,0.0,0.0,1,1
2033,524657.5,444068.5,0.0,0.0,1,1
2034,524657.5,444068.5,0.0,0.0,1,1
2035,524618.5,444068.5,0.0,0.0,1,1
2036,524618.5,444068.5,0.0,0.0,1,1
2037,524618.5,444068.5,0.0,0.0,1,1
2038,524618.5,444068.5,0.0,0.0,1,1
2039,524618.5,444068.5,0.0,0.0,1,1
2040,524618.5,444068.5,0.0,0.0,1,1
2041,524618.5,444068.5,0.0,0.0,1,1
2042,524705.5,444068.5,0.0,0.0,1,1
2043,524705.5,444068.5,0.0,0.0,1,1
2044,524705.5,444068.5,0.0,0.0,1,1
2045,524705.5,444068.5,0.0,0.0,1,1
2046,524705.5,444068.5,0.0,0.0,1,1
2047,524705.5,444068.5,0.0,0.0,1,1
2048,524705.5,444068.5,0.0,0.0,1,1
2049,524705.5,444068.5,0.0,0.0,1,1
2050,524705.5,444068.5,0.0,0.0,1,1
2051,524705.5,444068.5,0.0,0.0,1,1
2052,523982.0,444068.5,0.0,0.0,1,1
2053,523982.0,444068.5,0.0,0.0,1,1
2054,523982.0,444068.5,0.0,0.0,1,1
2055,523982.0,444068.5,0.0,0.0,1,1
2056,525755.0,444068.5,0.0,0.0,1,1
2057,525755.0,444068.5,0.0,0.0,1,1
2058,525755.0,444068.5,0.0,0.0,1,1
2059,525755.0,444068.5,0.0,0.0,1,1
2060,524699.0,444068.5,0.0,0.0,1,1
2061,524699.0,444068.5,0.0,0.0,1,1
2062,521545.0,444068.5,0.0,0.0,1,1
2063,521545.0,444068.5,0.0,0.0,1,1
2064,520967.0,444068.5,0.0,0.0,1,1
2065,520967.0,444068.5,0.0,0.0,1,1
2066,520967.0,444068.5,0.0,0.0,1,1
2067,521351.5,444068.5,0.0,0.0,1,1
2068,521351.5,444068.5,0.0,0.0,1,1
2069,519843.5,444068.5,0.0,0.0,1,1
2070,519843.5,444068.5,0.0,0.0,1,1
2071,519843.5,444068.5,0.0,0.0,1,1
2072,519843.5,444068.5,0.0,0.0,1,1
2073,519843.5,444068.5,0.0,0.0,1,1
2074,522616.5,444068.5,0.0,0.0,1,1
2075,522616.5,444068.5,0.0,0.0,1,1
2076,522616.5,444068.5,0.0,0.0,1,1
2077,522364.5,444068.5,0.0,0.0,1,1
2078,522364.5,444068.5,0.0,0.0,1,1
2079,522364.5,444068.5,0.0,0.0,1,1
2080,522364.5,444068.5,0.0,0.0,1,1
2081,522723.0,444068.5,0.0,0.0,1,1
2082,523081.0,444068.5,0.0,0.0,1,1
2083,523081.0,444068.5,0.0,0.0,1,1
2084,523081.0,444068.5,0.0,0.0,1,1
2085,523081.0,444068.5,0.0,0.0,1,1
2086,523081.0,444068.5,0.0,0.0,1,1
2087,523081.0,444068.5,0.0,0.0,1,1
2088,523081.0,444068.5,0.0,0.0,1,1
2089,523081.0,444068.5,0.0,0.0,1,1
2090,523081.0,444068.5,0.0,0.0,1,1
2091,523081.0,444068.5,0.0,0.0,1,1
2092,523081.0,444068.5,0.0,0.0,1,1
2093,526617.0,444068.5,0.0,0.0,1,1
2094,526617.0,444068.5,0.0,0.0,1,1
2095,526617.0,444068.5,0.0,0.0,1,1
2096,526617.0,444068.5,0.0,0.0,1,1
2097,529674.0,444068.5,0.0,0.0,1,1
2098,529674.0,444068.5,0.0,0.0,1,1
2099,529674.0,444068.5,0.0,0.0,1,1
2100,529928.0,444068.5,0.0,0.0,1,1
2101,529928.0,444068.5,0.0,0.0,1,1
2102,529928.0,444068.5,0.0,0.0,1,1
2103,529928.0,444068.5,0.0,0.0,1,1
2104,529928.0,444068.5,0.0,0.0,1,1
2105,530247.5,444068.5,0.0,0.0,1,1
2106,530247.5,444068.5,0.0,0.0,1,1
2107,530247.5,444068.5,0.0,0.0,1,1
2108,530247.5,444068.5,0.0,0.0,1,1
2109,530247.5,444068.5,0.0,0.0,1,1
2110,530240.5,444068.5,0.0,0.0,1,1
2111,530240.5,444068.5,0.0,0.0,1,1
2112,530240.5,444068.5,0.0,0.0,1,1
2113,530240.5,444068.5,0.0,0.0,1,1
2114,530240.5,444068.5,0.0,0.0,1,1
2115,530240.5,444068.5,0.0,0.0,1,1
2116,530240.5,444068.5,0.0,0.0,1,1
2117,530240.5,444068.5,0.0,0.0,1,1
2118,530240.5,444068.5,0.0,0.0,1,1
2119,530240.5,444068.5,0.0,0.0,1,1
2120,528532.5,444068.5,0.0,0.0,1,1
2121,528532.5,444068.5,0.0,0.0,1,1
2122,528532.5,444068.5,0.0,0.0,1,1
2123,527931.0,444068.5,0.0,0.0,1,1
2124,527931.0,444068.5,0.0,0.0,1,1
2125,527931.0,444068.5,0.0,0.0,1,1
2126,527931.0,444068.5,0.0,0.0,1,1
2127,527931.0,444068.5,0.0,0.0,1,1
2128,527931.0,444068.5,0.0,0.0,1,1
2129,527931.0,444068.5,0.0,0.0,1,1
2130,527931.0,444068.5,0.0,0.0,1,1
2131,527931.0,444068.5,0.0,0.0,1,1
2132,527931.0,444068.5,0.0,0.0,1,1
2133,527931.0,444068.5,0.0,0.0,1,1
2134,527931.0,444068.5,0.0,0.0,1,1
2135,527931.0,444068.5,0.0,0.0,1,1
2136,527931.0,444068.5,0.0,0.0,1,1
2137,527931.0,444068.5,0.0,0.0,1,1
2138,529435.0,444068.5,0.0,0.0,1,1
2139,529435.0,444068.5,0.0,0.0,1,1
2140,529435.0,444068.5,0.0,0.0,1,1
2141,529435.0,444068.5,0.0,0.0,1,1
2142,529787.5,444068.5,0.0,0.0,1,1
2143,529787.5,444068.5,0.0,0.0,1,1
2144,529787.5,444068.5,0.0,0.0,1,1
2145,529787.5,444068.5,0.0,0.0,1,1
2146,529787.5,444068.5,0.0,0.0,1,1
2147,529787.5,444068.5,0.0,0.0,1,1
2148,529787.5,444068.5,0.0,0.0,1,1
2149,529787.5,444068.5,0.0,0.0,1,1
2150,529787.5,444068.5,0.0,0.0,1,1
2151,529787.5,444068.5,0.0,0.0,1,1
2152,529787.5,444068.5,0.0,0.0,1,1
2153,529787.5,444068.5,0.0,0.0,1,1
2154,529787.5,444068.5,0.0,0.0,1,1
2155,529787.5,444068.5,0.0,0.0,1,1
2156,529787.5,444068.5,0.0,0.0,1,1
2157,529607.0,444068.5,0.0,0.0,1,1
2158,529607.0,444068.5,0.0,0.0,1,1
2159,529607.0,444068.5,0.0,0.0,1,1
2160,529607.0,444068.5,0.0,0.0,1,1
2161,529607.0,444068.5,0.0,0.0,1,1
2162,529607.0,444068.5,0.0,0.0,1,1
2163,529607.0,444068.5,0.0,0.0,1,1
2164,529607.0,444068.5,0.0,0.0,1,1
2165,529607.0,444068.5,0.0,0.0,1,1
2166,529607.0,444068.5,0.0,0.0,1,1
2167,529607.0,444068.5,0.0,0.0,1,1
2168,529871.0,444068.5,0.0,0.0,1,1
2169,529511.0,444068.5,0.0,0.0,1,1
2170,529511.0,444068.5,0.0,0.0,1,1
2171,529511.0,444068.5,0.0,0.0,1,1
2172,531234.5,444068.5,0.0,0.0,1,1
2173,531234.5,444068.5,0.0,0.0,1,1
2174,531234.5,444068.5,0.0,0.0,1,1
2175,531234.5,444068.5,0.0,0.0,1,1
2176,531234.5,444068.5,0.0,0.0,1,1
2177,531234.5,444068.5,0.0,0.0,1,1
2178,531171.5,444068.5,0.0,0.0,1,1
2179,531171.5,444068.5,0.0,0.0,1,1
2180,531171.5,444068.5,0.0,0.0,1,1
2181,531171.5,444068.5,0.0,0.0,1,1
2182,531171.5,444068.5,0.0,0.0,1,1
2183,531171.5,444068.5,0.0,0.0,1,1
2184,531171.5,444068.5,0.0,0.0,1,1
2185,531171.5,444068.5,0.0,0.0,1,1
2186,531171.5,444068.5,0.0,0.0,1,1
2187,531171.5,444068.5,0.0,0.0,1,1
2188,531171.5,444068.5,0.0,0.0,1,1
2189,531171.5,444068.5,0.0,0.0,1,1
2190,531171.5,444068.5,0.0,0.0,1,1
2191,531171.5,444068.5,0.0,0.0,1,1
2192,531171.5,444068.5,0.0,0.0,1,1
2193,531171.5,444068.5,0.0,0.0,1,1
2194,531171.5,444068.5,0.0,0.0,1,1
2195,531171.5,444068.5,0.0,0.0,1,1
2196,531171.5,444068.5,0.0,0.0,1,1
2197,531171.5,444068.5,0.0,0.0,1,1
2198,531171.5,444068.5,0.0,0.0,1,1
2199,530700.0,444068.5,0.0,0.0,1,1
2200,530700.0,444068.5,0.0,0.0,1,1
2201,530700.0,444068.5,0.0,0.0,1,1
2202,530700.0,444068.5,0.0,0.0,1,1
2203,530700.0,444068.5,0.0,0.0,1,1
2204,530700.0,444068.5,0.0,0.0,1,1
2205,530700.0,444068.5,0.0,0.0,1,1
2206,530700.0,444068.5,0.0,0.0,1,1
2207,530700.0,444068.5,0.0,0.0,1,1
2208,530700.0,444068.5,0.0,0.0,1,1
2209,530700.0,444068.5,0.0,0.0,1,1
2210,530700.0,444068.5,0.0,0.0,1,1
2211,530700.0,444068.5,0.0,0.0,1,1
2212,530700.0,444068.5,0.0,0.0,1,1
2213,530700.0,444068.5,0.0,0.0,1,1
2214,530700.0,444068.5,0.0,0.0,1,1
2215,530700.0,444068.5,0.0,0.0,1,1
2216,530785.0,444068.5,0.0,0.0,1,1
2217,530785.0,444068.5,0.0,0.0,1,1
2218,530785.0,444068.5,0.0,0.0,1,1
2219,530785.0,444068.5,0.0,0.0,1,1
2220,530785.0,444068.5,0.0,0.0,1,1
2221,530785.0,444068.5,0.0,0.0,1,1
2222,530785.0,444068.5,0.0,0.0,1,1
2223,530785.0,444068.5,0.0,0.0,1,1
2224,530785.0,444068.5,0.0,0.0,1,1
2225,530785.0,444068.5,0.0,0.0,1,1
2226,530785.0,444068.5,0.0,0.0,1,1
2227,530703.0,444068.5,0.0,0.0,1,1
2228,530703.0,444068.5,0.0,0.0,1,1
2229,530703.0,444068.5,0.0,0.0,1,1
2230,530703.0,444068.5,0.0,0.0,1,1
2231,530703.0,444068.5,0.0,0.0,1,1
2232,530703.0,444068.5,0.0,0.0,1,1
2233,530703.0,444068.5,0.0,0.0,1,1
2234,530703.0,444068.5,0.0,0.0,1,1
2235,530641.0,444068.5,0.0,0.0,1,1
2236,530641.0,444068.5,0.0,0.0,1,1
2237,530641.0,444068.5,0.0,0.0,1,1
2238,530641.0,444068.5,0.0,0.0,1,1
2239,530641.0,444068.5,0.0,0.0,1,1
2240,530641.0,444068.5,0.0,0.0,1,1
2241,530641.0,444068.5,0.0,0.0,1,1
2242,530641.0,444068.5,0.0,0.0,1,1
2243,530641.0,444068.5,0.0,0.0,1,1
2244,530641.0,444068.5,0.0,0.0,1,1
2245,530641.0,444068.5,0.0,0.0,1,1
2246,530641.0,444068.5,0.0,0.0,1,1
2247,530641.0,444068.5,0.0,0.0,1,1
2248,530641.0,444068.5,0.0,0.0,1,1
2249,530641.0,444068.5,0.0,0.0,1,1
2250,530641.0,444068.5,0.0,0.0,1,1
2251,530641.0,444068.5,0.0,0.0,1,1
2252,530641.0,444068.5,0.0,0.0,1,1
2253,530641.0,444068.5,0.0,0.0,1,1
2254,530641.0,444068.5,0.0,0.0,1,1
2255,530641.0,444068.5,0.0,0.0,1,1
2256,530641.0,444068.5,0.0,0.0,1,1
2257,530641.0,444068.5,0.0,0.0,1,1
2258,530641.0,444068.5,0.0,0.0,1,1
2259,530641.0,444068.5,0.0,0.0,1,1
2260,530641.0,444068.5,0.0,0.0,1,1
2261,530641.0,444068.5,0.0,0.0,1,1
2262,530641.0,444068.5,0.0,0.0,1,1
2263,530641.0,444068.5,0.0,0.0,1,1
2264,530641.0,444068.5,0.0,0.0,1,1
2265,530641.0,444068.5,0.0,0.0,1,1
2266,530641.0,444068.5,0.0,0.0,1,1
2267,530641.0,444068.5,0.0,0.0,1,1
2268,530641.0,444068.5,0.0,0.0,1,1
2269,530641.0,444068.5,0.0,0.0,1,1
2270,530641.0,444068.5,0.0,0.0,1,1
2271,530641.0,444068.5,0.0,0.0,1,1
2272,530641.0,444068.5,0.0,0.0,1,1
2273,530641.0,444068.5,0.0,0.0,1,1
2274,530641.0,444068.5,0.0,0.0,1,1
2275,530641.0,444068.5,0.0,0.0,1,1
2276,530641.0,444068.5,0.0,0.0,1,1
2277,530641.0,444068.5,0.0,0.0,1,1
2278,530641.0,444068.5,0.0,0.0,1,1
2279,530641.0,444068.5,0.0,0.0,1,1
2280,530641.0,444068.5,0.0,0.0,1,1
2281,530641.0,444068.5,0.0,0.0,1,1
2282,530641.0,444068.5,0.0,0.0,1,1
2283,530641.0,444068.5,0.0,0.0,1,1
2284,530641.0,444068.5,0.0,0.0,1,1
2285,530641.0,444068.5,0.0,0.0,1,1
2286,530641.0,444068.5,0.0,0.0,1,1
2287,530641.0,444068.5,0.0,0.0,1,1
2288,530641.0,444068.5,0.0,0.0,1,1
2289,530641.0,444068.5,0.0,0.0,1,1
2290,530641.0,444068.5,0.0,0.0,1,1
2291,530641.0,444068.5,0.0,0.0,1,1
2292,530641.0,444068.5,0.0,0.0,1,1
2293,530641.0,444068.5,0.0,0.0,1,1
2294,530641.0,444068.5,0.0,0.0,1,1
2295,530641.0,444068.5,0.0,0.0,1,1
2296,530641.0,444068.5,0.0,0.0,1,1
2297,530641.0,444068.5,0.0,0.0,1,1
2298,530641.0,444068.5,0.0,0.0,1,1
2299,530641.0,444068.5,0.0,0.0,1,1
2300,530641.0,444068.5,0.0,0.0,1,1
2301,530641.0,444068.5,0.0,0.0,1,1
2302,530641.0,444068.5,0.0,0.0,1,1
2303,530641.0,444068.5,0.0,0.0,1,1
2304,530641.0,444068.5,0.0,0.0,1,1
2305,530641.0,444068.5,0.0,0.0,1,1
2306,530641.0,444068.5,0.0,0.0,1,1
2307,530641.0,444068.5,0.0,0.0,1,1
2308,530641.0,444068.5,0.0,0.0,1,1
2309,530641.0,444068.5,0.0,0.0,1,1
2310,530649.5,444068.5,0.0,0.0,1,1
2311,530649.5,444068.5,0.0,0.0,1,1
2312,530649.5,444068.5,0.0,0.0,1,1
2313,530649.5,444068.5,0.0,0.0,1,1
2314,530649.5,444068.5,0.0,0.0,1,1
2315,530646.5,444068.5,0.0,0.0,1,1
2316,530646.5,444068.5,0.0,0.0,1,1
2317,530646.5,444068.5,0.0,0.0,1,1
2318,530613.0,444068.5,0.0,0.0,1,1
2319,530613.0,444068.5,0.0,0.0,1,1
2320,530613.0,444068.5,0.0,0.0,1,1
2321,531003.0,444068.5,0.0,0.0,1,1
2322,531003.0,444068.5,0.0,0.0,1,1
2323,531075.5,444068.5,0.0,0.0,1,1
2324,531075.5,444068.5,0.0,0.0,1,1
2325,531075.5,444068.5,0.0,0.0,1,1
2326,536325.5,444068.5,0.0,0.0,1,1
2327,536325.5,444068.5,0.0,0.0,1,1
2328,536325.5,444068.5,0.0,0.0,1,1
2329,535811.0,444068.5,0.0,0.0,1,1
2330,535811.0,444068.5,0.0,0.0,1,1
2331,535811.0,444068.5,0.0,0.0,1,1
2332,535811.0,444068.5,0.0,0.0,1,1
2333,535859.5,444068.5,0.0,0.0,1,1
2334,535859.5,444068.5,0.0,0.0,1,1
2335,535859.5,444068.5,0.0,0.0,1,1
2336,537380.0,444068.5,0.0,0.0,1,1
2337,537380.0,444068.5,0.0,0.0,1,1
2338,537380.0,444068.5,0.0,0.0,1,1
2339,537380.0,444068.5,0.0,0.0,1,1
2340,537380.0,444068.5,0.0,0.0,1,1
2341,537380.0,444068.5,0.0,0.0,1,1
2342,537380.0,444068.5,0.0,0.0,1,1
2343,537380.0,444068.5,0.0,0.0,1,1
2344,537380.0,444068.5,0.0,0.0,1,1
2345,537380.0,444068.5,0.0,0.0,1,1
2346,537380.0,444068.5,0.0,0.0,1,1
2347,537380.0,444068.5,0.0,0.0,1,1
2348,535248.5,444068.5,0.0,0.0,1,1
2349,535248.5,444068.5,0.0,0.0,1,1
2350,535248.5,444068.5,0.0,0.0,1,1
2351,535248.5,444068.5,0.0,0.0,1,1
2352,535248.5,444068.5,0.0,0.0,1,1
2353,539346.5,444068.5,0.0,0.0,1,1
2354,539346.5,444068.5,0.0,0.0,1,1
2355,539346.5,444068.5,0.0,0.0,1,1
2356,539346.5,444068.5,0.0,0.0,1,1
2357,539346.5,444068.5,0.0,0.0,1,1
2358,539346.5,444068.5,0.0,0.0,1,1
2359,539346.5,444068.5,0.0,0.0,1,1
2360,539346.5,444068.5,0.0,0.0,1,1
2361,539346.5,444068.5,0.0,0.0,1,1
2362,539346.5,444068.5,0.0,0.0,1,1
2363,539346.5,444068.5,0.0,0.0,1,1
2364,539346.5,444068.5,0.0,0.0,1,1
2365,539346.5,444068.5,0.0,0.0,1,1
2366,539346.5,444068.5,0.0,0.0,1,1
2367,539346.5,444068.5,0.0,0.0,1,1
2368,539346.5,444068.5,0.0,0.0,1,1
2369,539346.5,444068.5,0.0,0.0,1,1
2370,539346.5,444068.5,0.0,0.0,1,1
2371,539346.5,444068.5,0.0,0.0,1,1
2372,539346.5,444068.5,0.0,0.0,1,1
2373,539346.5,444068.5,0.0,0.0,1,1
2374,539346.5,444068.5,0.0,0.0,1,1
2375,539346.5,444068.5,0.0,0.0,1,1
2376,539346.5,444068.5,0.0,0.0,1,1
2377,539346.5,444068.5,0.0,0.0,1,1
2378,539346.5,444068.5,0.0,0.0,1,1
2379,539346.5,444068.5,0.0,0.0,1,1
2380,539346.5,444068.5,0.0,0.0,1,1
2381,539346.5,444068.5,0.0,0.0,1,1
2382,539346.5,444068.5,0.0,0.0,1,1
2383,539346.5,444068.5,0.0,0.0,1,1
2384,539346.5,444068.5,0.0,0.0,1,1
2385,539346.5,444068.5,0.0,0.0,1,1
2386,540631.5,444068.5,0.0,0.0,1,1
2387,540585.0,444068.5,0.0,0.0,1,1
2388,540585.0,444068.5,0.0,0.0,1,1
2389,540585.0,444068.5,0.0,0.0,1,1
2390,540585.0,444068.5,0.0,0.0,1,1
2391,540585.0,444068.5,0.0,0.0,1,1
2392,540585.0,444068.5,0.0,0.0,1,1
2393,540585.0,444068.5,0.0,0.0,1,1
2394,540585.0,444068.5,0.0,0.0,1,1
2395,540591.0,444068.5,0.0,0.0,1,1
2396,540591.0,444068.5,0.0,0.0,1,1
2397,540591.0,444068.5,0.0,0.0,1,1
2398,540591.0,444068.5,0.0,0.0,1,1
2399,540591.0,444068.5,0.0,0.0,1,1
2400,540591.0,444068.5,0.0,0.0,1,1
2401,540591.0,444068.5,0.0,0.0,1,1
2402,540591.0,444068.5,0.0,0.0,1,1
2403,540591.0,444068.5,0.0,0.0,1,1
2404,540591.0,444068.5,0.0,0.0,1,1
2405,540591.0,444068.5,0.0,0.0,1,1
2406,540591.0,444068.5,0.0,0.0,1,1
2407,540591.0,444068.5,0.0,0.0,1,1
2408,540591.0,444068.5,0.0,0.0,1,1
2409,540457.5,444068.5,0.0,0.0,1,1
2410,540457.5,444068.5,0.0,0.0,1,1
2411,540457.5,444068.5,0.0,0.0,1,1
2412,540444.0,444068.5,0.0,0.0,1,1
2413,540444.0,444068.5,0.0,0.0,1,1
2414,540444.0,444068.5,0.0,0.0,1,1
2415,540444.0,444068.5,0.0,0.0,1,1
2416,540444.0,444068.5,0.0,0.0,1,1
2417,540444.0,444068.5,0.0,0.0,1,1
2418,542156.5,444068.5,0.0,0.0,1,1
2419,542589.0,444068.5,0.0,0.0,1,1
2420,542589.0,444068.5,0.0,0.0,1,1
2421,542589.0,444068.5,0.0,0.0,1,1
2422,542295.5,444068.5,0.0,0.0,1,1
2423,542295.5,444068.5,0.0,0.0,1,1
2424,542295.5,444068.5,0.0,0.0,1,1
2425,542295.5,444068.5,0.0,0.0,1,1
2426,542295.5,444068.5,0.0,0.0,1,1
2427,542295.5,444068.5,0.0,0.0,1,1
2428,542295.5,444068.5,0.0,0.0,1,1
2429,542295.5,444068.5,0.0,0.0,1,1
2430,542295.5,444068.5,0.0,0.0,1,1
2431,542295.5,444068.5,0.0,0.0,1,1
2432,542295.5,444068.5,0.0,0.0,1,1
2433,542295.5,444068.5,0.0,0.0,1,1
2434,542295.5,444068.5,0.0,0.0,1,1
2435,542295.5,444068.5,0.0,0.0,1,1
2436,542295.5,444068.5,0.0,0.0,1,1
2437,542295.5,444068.5,0.0,0.0,1,1
2438,542295.5,444068.5,0.0,0.0,1,1
2439,542295.5,444068.5,0.0,0.0,1,1
2440,542346.5,444068.5,0.0,0.0,1,1
2441,542346.5,444068.5,0.0,0.0,1,1
2442,542346.5,444068.5,0.0,0.0,1,1
2443,542346.5,444068.5,0.0,0.0,1,1
2444,542346.5,444068.5,0.0,0.0,1,1
2445,542346.5,444068.5,0.0,0.0,1,1
2446,542346.5,444068.5,0.0,0.0,1,1
2447,542346.5,444068.5,0.0,0.0,1,1
2448,542346.5,444068.5,0.0,0.0,1,1
2449,542346.5,444068.5,0.0,0.0,1,1
2450,542346.5,444068.5,0.0,0.0,1,1
2451,542346.5,444068.5,0.0,0.0,1,1
2452,542346.5,444068.5,0.0,0.0,1,1
2453,542346.5,444068.5,0.0,0.0,1,1
2454,542346.5,444068.5,0.0,0.0,1,1
2455,541684.0,444068.5,0.0,0.0,1,1
2456,541684.0,444068.5,0.0,0.0,1,1
2457,541684.0,444068.5,0.0,0.0,1,1
2458,541684.0,444068.5,0.0,0.0,1,1
2459,541684.0,444068.5,0.0,0.0,1,1
2460,541684.0,444068.5,0.0,0.0,1,1
2461,541684.0,444068.5,0.0,0.0,1,1
2462,541684.0,444068.5,0.0,0.0,1,1
2463,541420.0,444068.5,0.0,0.0,1,1
2464,541420.0,444068.5,0.0,0.0,1,1
2465,541420.0,444068.5,0.0,0.0,1,1
2466,541668.0,444068.5,0.0,0.0,1,1
2467,541668.0,444068.5,0.0,0.0,1,1
2468,541668.0,444068.5,0.0,0.0,1,1
2469,541668.0,444068.5,0.0,0.0,1,1
2470,539881.5,444068.5,0.0,0.0,1,1
2471,539881.5,444068.5,0.0,0.0,1,1
2472,539881.5,444068.5,0.0,0.0,1,1
2473,539881.5,444068.5,0.0,0.0,1,1
2474,539881.5,444068.5,0.0,0.0,1,1
2475,539881.5,444068.5,0.0,0.0,1,1
2476,539881.5,444068.5,0.0,0.0,1,1
2477,539881.5,444068.5,0.0,0.0,1,1
2478,539881.5,444068.5,0.0,0.0,1,1
2479,539881.5,444068.5,0.0,0.0,1,1
2480,539881.5,444068.5,0.0,0.0,1,1
2481,539881.5,444068.5,0.0,0.0,1,1
2482,539881.5,444068.5,0.0,0.0,1,1
2483,539881.5,444068.5,0.0,0.0,1,1
2484,539881.5,444068.5,0.0,0.0,1,1
2485,539881.5,444068.5,0.0,0.0,1,1
2486,539881.5,444068.5,0.0,0.0,1,1
2487,539881.5,444068.5,0.0,0.0,1,1
2488,539881.5,444068.5,0.0,0.0,1,1
2489,539881.5,444068.5,0.0,0.0,1,1
2490,539881.5,444068.5,0.0,0.0,1,1
2491,539881.5,444068.5,0.0,0.0,1,1
2492,539969.5,444068.5,0.0,0.0,1,1
2493,539969.5,444068.5,0.0,0.0,1,1
2494,539969.5,444068.5,0.0,0.0,1,1
2495,539818.5,444068.5,0.0,0.0,1,1
2496,539818.5,444068.5,0.0,0.0,1,1
2497,539818.5,444068.5,0.0,0.0,1,1
2498,539818.5,444068.5,0.0,0.0,1,1
2499,539818.5,444068.5,0.0,0.0,1,1
2500,539818.5,444068.5,0.0,0.0,1,1
2501,539818.5,444068.5,0.0,0.0,1,1
2502,539818.5,444068.5,0.0,0.0,1,1
2503,539818.5,444068.5,0.0,0.0,1,1
2504,539818.5,444068.5,0.0,0.0,1,1
2505,539818.5,444068.5,0.0,0.0,1,1
2506,539818.5,444068.5,0.0,0.0,1,1
2507,539818.5,444068.5,0.0,0.0,1,1
2508,539818.5,444068.5,0.0,0.0,1,1
2509,539818.5,444068.5,0.0,0.0,1,1
2510,539818.5,444068.5,0.0,0.0,1,1
2511,539818.5,444068.5,0.0,0.0,1,1
2512,539230.0,444068.5,0.0,0.0,1,1
2513,539230.0,444068.5,0.0,0.0,1,1
2514,539708.5,444068.5,0.0,0.0,1,1
2515,539708.5,444068.5,0.0,0.0,1,1
2516,539708.5,444068.5,0.0,0.0,1,1
2517,539708.5,444068.5,0.0,0.0,1,1
2518,539708.5,444068.5,0.0,0.0,1,1
2519,539708.5,444068.5,0.0,0.0,1,1
2520,539708.5,444068.5,0.0,0.0,1,1
2521,538476.5,444068.5,0.0,0.0,1,1
2522,538476.5,444068.5,0.0,0.0,1,1
2523,538476.5,444068.5,0.0,0.0,1,1
2524,538463.0,444068.5,0.0,0.0,1,1
2525,538463.0,444068.5,0.0,0.0,1,1
2526,538463.0,444068.5,0.0,0.0,1,1
2527,538463.0,444068.5,0.0,0.0,1,1
2528,538463.0,444068.5,0.0,0.0,1,1
2529,538463.0,444068.5,0.0,0.0,1,1
2530,538463.0,444068.5,0.0,0.0,1,1
2531,538458.5,444068.5,0.0,0.0,1,1
2532,538458.5,444068.5,0.0,0.0,1,1
2533,538458.5,444068.5,0.0,0.0,1,1
2534,538458.5,444068.5,0.0,0.0,1,1
2535,538128.5,444068.5,0.0,0.0,1,1
2536,538128.5,444068.5,0.0,0.0,1,1
2537,538128.5,444068.5,0.0,0.0,1,1
2538,538128.5,444068.5,0.0,0.0,1,1
2539,538128.5,444068.5,0.0,0.0,1,1
2540,538128.5,444068.5,0.0,0.0,1,1
2541,538291.5,444068.5,0.0,0.0,1,1
2542,538291.5,444068.5,0.0,0.0,1,1
2543,538291.5,444068.5,0.0,0.0,1,1
2544,537363.0,444068.5,0.0,0.0,1,1
2545,537363.0,444068.5,0.0,0.0,1,1
2546,537363.0,444068.5,0.0,0.0,1,1
2547,537363.0,444068.5,0.0,0.0,1,1
2548,537363.0,444068.5,0.0,0.0,1,1
2549,537363.0,444068.5,0.0,0.0,1,1
2550,537066.5,444068.5,0.0,0.0,1,1
2551,536892.0,444068.5,0.0,0.0,1,1
2552,536892.0,444068.5,0.0,0.0,1,1
2553,536892.0,444068.5,0.0,0.0,1,1
2554,536892.0,444068.5,0.0,0.0,1,1
2555,536892.0,444068.5,0.0,0.0,1,1
2556,536892.0,444068.5,0.0,0.0,1,1
2557,536473.5,444068.5,0.0,0.0,1,1
2558,536473.5,444068.5,0.0,0.0,1,1
2559,536473.5,444068.5,0.0,0.0,1,1
2560,536473.5,444068.5,0.0,0.0,1,1
2561,536488.0,444068.5,0.0,0.0,1,1
2562,536488.0,444068.5,0.0,0.0,1,1
2563,536488.0,444068.5,0.0,0.0,1,1
2564,536488.0,444068.5,0.0,0.0,1,1
2565,536488.0,444068.5,0.0,0.0,1,1
2566,536488.0,444068.5,0.0,0.0,1,1
2567,536488.0,444068.5,0.0,0.0,1,1
2568,536488.0,444068.5,0.0,0.0,1,1
2569,536488.0,444068.5,0.0,0.0,1,1
2570,536488.0,444068.5,0.0,0.0,1,1
2571,536488.0,444068.5,0.0,0.0,1,1
2572,536488.0,444068.5,0.0,0.0,1,1
2573,536488.0,444068.5,0.0,0.0,1,1
2574,536488.0,444068.5,0.0,0.0,1,1
2575,536488.0,444068.5,0.0,0.0,1,1
2576,536488.0,444068.5,0.0,0.0,1,1
2577,536488.0,444068.5,0.0,0.0,1,1
2578,536488.0,444068.5,0.0,0.0,1,1
2579,536488.0,444068.5,0.0,0.0,1,1
2580,536488.0,444068.5,0.0,0.0,1,1
2581,536488.0,444068.5,0.0,0.0,1,1
2582,536488.0,444068.5,0.0,0.0,1,1
2583,537043.0,444068.5,0.0,0.0,1,1
2584,537043.0,444068.5,0.0,0.0,1,1
2585,537043.0,444068.5,0.0,0.0,1,1
2586,537043.0,444068.5,0.0,0.0,1,1
2587,537043.0,444068.5,0.0,0.0,1,1
2588,537043.0,444068.5,0.0,0.0,1,1
2589,537043.0,444068.5,0.0,0.0,1,1
2590,537043.0,444068.5,0.0,0.0,1,1
2591,537043.0,444068.5,0.0,0.0,1,1
2592,537043.0,444068.5,0.0,0.0,1,1
2593,537043.0,444068.5,0.0,0.0,1,1
2594,537043.0,444068.5,0.0,0.0,1,1
2595,537043.0,444068.5,0.0,0.0,1,1
2596,537043.0,444068.5,0.0,0.0,1,1
2597,537043.0,444068.5,0.0,0.0,1,1
2598,537043.0,444068.5,0.0,0.0,1,1
2599,537043.0,444068.5,0.0,0.0,1,1
2600,537043.0,444068.5,0.0,0.0,1,1
2601,537043.0,444068.5,0.0,0.0,1,1
2602,537043.0,444068.5,0.0,0.0,1,1
2603,537043.0,444068.5,0.0,0.0,1,1
2604,537043.0,444068.5,0.0,0.0,1,1
2605,537043.0,444068.5,0.0,0.0,1,1
2606,537043.0,444068.5,0.0,0.0,1,1
2607,537043.0,444068.5,0.0,0.0,1,1
2608,537043.0,444068.5,0.0,0.0,1,1
2609,537043.0,444068.5,0.0,0.0,1,1
2610,537043.0,444068.5,0.0,0.0,1,1
2611,537043.0,444068.5,0.0,0.0,1,1
2612,537043.0,444068.5,0.0,0.0,1,1
2613,536885.0,444068.5,0.0,0.0,1,1
2614,536893.0,444068.5,0.0,0.0,1,1
2615,536893.0,444068.5,0.0,0.0,1,1
2616,536933.5,444068.5,0.0,0.0,1,1
2617,536933.5,444068.5,0.0,0.0,1,1
2618,536933.5,444068.5,0.0,0.0,1,1
2619,536933.5,444068.5,0.0,0.0,1,1
2620,536933.5,444068.5,0.0,0.0,1,1
2621,536933.5,444068.5,0.0,0.0,1,1
2622,536933.5,444068.5,0.0,0.0,1,1
2623,536933.5,444068.5,0.0,0.0,1,1
2624,536887.5,444068.5,0.0,0.0,1,1
2625,536887.5,444068.5,0.0,0.0,1,1
2626,536887.5,444068.5,0.0,0.0,1,1
2627,536887.5,444068.5,0.0,0.0,1,1
2628,536887.5,444068.5,0.0,0.0,1,1
2629,537208.0,444068.5,0.0,0.0,1,1
2630,537208.0,444068.5,0.0,0.0,1,1
2631,537208.0,444068.5,0.0,0.0,1,1
2632,537208.0,444068.5,0.0,0.0,1,1
2633,537208.0,444068.5,0.0,0.0,1,1
2634,537208.0,444068.5,0.0,0.0,1,1
2635,537208.0,444068.5,0.0,0.0,1,1
2636,537208.0,444068.5,0.0,0.0,1,1
2637,537208.0,444068.5,0.0,0.0,1,1
2638,537208.0,444068.5,0.0,0.0,1,1
2639,537208.0,444068.5,0.0,0.0,1,1
2640,537208.0,444068.5,0.0,0.0,1,1
2641,537208.0,444068.5,0.0,0.0,1,1
2642,537208.0,444068.5,0.0,0.0,1,1
2643,537208.0,444068.5,0.0,0.0,1,1
2644,537208.0,444068.5,0.0,0.0,1,1
2645,537208.0,444068.5,0.0,0.0,1,1
2646,537208.0,444068.5,0.0,0.0,1,1
2647,537208.0,444068.5,0.0,0.0,1,1
2648,537208.0,444068.5,0.0,0.0,1,1
2649,537047.5,444068.5,0.0,0.0,1,1
2650,537047.5,444068.5,0.0,0.0,1,1
2651,536373.0,444068.5,0.0,0.0,1,1
2652,536373.0,444068.5,0.0,0.0,1,1
2653,536373.0,444068.5,0.0,0.0,1,1
2654,536373.0,444068.5,0.0,0.0,1,1
2655,536373.0,444068.5,0.0,0.0,1,1
2656,536373.0,444068.5,0.0,0.0,1,1
2657,536373.0,444068.5,0.0,0.0,1,1
2658,536373.0,444068.5,0.0,0.0,1,1
2659,536373.0,444068.5,0.0,0.0,1,1
2660,536373.0,444068.5,0.0,0.0,1,1
2661,532978.0,444068.5,0.0,0.0,1,1
2662,532978.0,444068.5,0.0,0.0,1,1
2663,532978.0,444068.5,0.0,0.0,1,1
2664,532978.0,444068.5,0.0,0.0,1,1
2665,532978.0,444068.5,0.0,0.0,1,1
2666,532978.0,444068.5,0.0,0.0,1,1
2667,532978.0,444068.5,0.0,0.0,1,1
2668,532978.0,444068.5,0.0,0.0,1,1
2669,532978.0,444068.5,0.0,0.0,1,1
2670,532978.0,444068.5,0.0,0.0,1,1
2671,532078.5,444068.5,0.0,0.0,1,1
2672,532078.5,444068.5,0.0,0.0,1,1
2673,532078.5,444068.5,0.0,0.0,1,1
2674,532078.5,444068.5,0.0,0.0,1,1
2675,532078.5,444068.5,0.0,0.0,1,1
2676,532078.5,444068.5,0.0,0.0,1,1
2677,535449.5,444068.5,0.0,0.0,1,1
2678,535449.5,444068.5,0.0,0.0,1,1
2679,535449.5,444068.5,0.0,0.0,1,1
2680,535449.5,444068.5,0.0,0.0,1,1
2681,535449.5,444068.5,0.0,0.0,1,1
2682,535449.5,444068.5,0.0,0.0,1,1
2683,535449.5,444068.5,0.0,0.0,1,1
2684,535449.5,444068.5,0.0,0.0,1,1
2685,535449.5,444068.5,0.0,0.0,1,1
2686,535449.5,444068.5,0.0,0.0,1,1
2687,535449.5,444068.5,0.0,0.0,1,1
2688,535476.0,444068.5,0.0,0.0,1,1
2689,535476.0,444068.5,0.0,0.0,1,1
2690,535476.0,444068.5,0.0,0.0,1,1
2691,535476.0,444068.5,0.0,0.0,1,1
2692,535476.0,444068.5,0.0,0.0,1,1
2693,535476.0,444068.5,0.0,0.0,1,1
2694,535476.0,444068.5,0.0,0.0,1,1
2695,535870.5,444068.5,0.0,0.0,1,1
2696,535870.5,444068.5,0.0,0.0,1,1
2697,535870.5,444068.5,0.0,0.0,1,1
2698,535870.5,444068.5,0.0,0.0,1,1
2699,535870.5,444068.5,0.0,0.0,1,1
2700,535870.5,444068.5,0.0,0.0,1,1
2701,535870.5,444068.5,0.0,0.0,1,1
2702,535870.5,444068.5,0.0,0.0,1,1
2703,535870.5,444068.5,0.0,0.0,1,1
2704,535870.5,444068.5,0.0,0.0,1,1
2705,535870.5,444068.5,0.0,0.0,1,1
2706,536187.5,444068.5,0.0,0.0,1,1
2707,536187.5,444068.5,0.0,0.0,1,1
2708,536187.5,444068.5,0.0,0.0,1,1
2709,536187.5,444068.5,0.0,0.0,1,1
2710,536187.5,444068.5,0.0,0.0,1,1
2711,536187.5,444068.5,0.0,0.0,1,1
2712,536187.5,444068.5,0.0,0.0,1,1
2713,536187.5,444068.5,0.0,0.0,1,1
2714,536187.5,444068.5,0.0,0.0,1,1
2715,536187.5,444068.5,0.0,0.0,1,1
2716,536187.5,444068.5,0.0,0.0,1,1
2717,536187.5,444068.5,0.0,0.0,1,1
2718,536187.5,444068.5,0.0,0.0,1,1
2719,536187.5,444068.5,0.0,0.0,1,1
2720,536187.5,444068.5,0.0,0.0,1,1
2721,536187.5,444068.5,0.0,0.0,1,1
2722,536155.5,444068.5,0.0,0.0,1,1
2723,536155.5,444068.5,0.0,0.0,1,1
2724,536155.5,444068.5,0.0,0.0,1,1
2725,536155.5,444068.5,0.0,0.0,1,1
2726,536155.5,444068.5,0.0,0.0,1,1
2727,536155.5,444068.5,0.0,0.0,1,1
2728,536155.5,444068.5,0.0,0.0,1,1
2729,536155.5,444068.5,0.0,0.0,1,1
2730,536155.5,444068.5,0.0,0.0,1,1
2731,536155.5,444068.5,0.0,0.0,1,1
2732,536155.5,444068.5,0.0,0.0,1,1
2733,536155.5,444068.5,0.0,0.0,1,1
2734,536155.5,444068.5,0.0,0.0,1,1
2735,536155.5,444068.5,0.0,0.0,1,1
2736,536155.5,444068.5,0.0,0.0,1,1
2737,536155.5,444068.5,0.0,0.0,1,1
2738,536248.5,444068.5,0.0,0.0,1,1
2739,536248.5,444068.5,0.0,0.0,1,1
2740,536248.5,444068.5,0.0,0.0,1,1
2741,536248.5,444068.5,0.0,0.0,1,1
2742,536248.5,444068.5,0.0,0.0,1,1
2743,536248.5,444068.5,0.0,0.0,1,1
2744,536248.5,444068.5,0.0,0.0,1,1
2745,536248.5,444068.5,0.0,0.0,1,1
2746,536248.5,444068.5,0.0,0.0,1,1
2747,536248.5,444068.5,0.0,0.0,1,1
2748,536248.5,444068.5,0.0,0.0,1,1
2749,536248.5,444068.5,0.0,0.0,1,1
2750,536248.5,444068.5,0.0,0.0,1,1
2751,536248.5,444068.5,0.0,0.0,1,1
2752,536248.5,444068.5,0.0,0.0,1,1
2753,536248.5,444068.5,0.0,0.0,1,1
2754,534797.5,444068.5,0.0,0.0,1,1
2755,534797.5,444068.5,0.0,0.0,1,1
2756,534797.5,444068.5,0.0,0.0,1,1
2757,534797.5,444068.5,0.0,0.0,1,1
2758,534797.5,444068.5,0.0,0.0,1,1
2759,534797.5,444068.5,0.0,0.0,1,1
2760,534797.5,444068.5,0.0,0.0,1,1
2761,534797.5,444068.5,0.0,0.0,1,1
2762,534797.5,444068.5,0.0,0.0,1,1
2763,534797.5,444068.5,0.0,0.0,1,1
2764,534812.5,444068.5,0.0,0.0,1,1
2765,534812.5,444068.5,0.0,0.0,1,1
2766,534812.5,444068.5,0.0,0.0,1,1
2767,534812.5,444068.5,0.0,0.0,1,1
2768,534812.5,444068.5,0.0,0.0,1,1
2769,534812.5,444068.5,0.0,0.0,1,1
2770,534812.5,444068.5,0.0,0.0,1,1
2771,534812.5,444068.5,0.0,0.0,1,1
2772,534812.5,444068.5,0.0,0.0,1,1
2773,534812.5,444068.5,0.0,0.0,1,1
2774,534812.5,444068.5,0.0,0.0,1,1
2775,534812.5,444068.5,0.0,0.0,1,1
2776,534812.5,444068.5,0.0,0.0,1,1
2777,534812.5,444068.5,0.0,0.0,1,1
2778,534812.5,444068.5,0.0,0.0,1,1
2779,534582.5,444068.5,0.0,0.0,1,1
2780,534582.5,444068.5,0.0,0.0,1,1
2781,534582.5,444068.5,0.0,0.0,1,1
2782,534582.5,444068.5,0.0,0.0,1,1
2783,534582.5,444068.5,0.0,0.0,1,1
2784,534582.5,444068.5,0.0,0.0,1,1
2785,534582.5,444068.5,0.0,0.0,1,1
2786,534723.0,444068.5,0.0,0.0,1,1
2787,534723.0,444068.5,0.0,0.0,1,1
2788,534723.0,444068.5,0.0,0.0,1,1
2789,534723.0,444068.5,0.0,0.0,1,1
2790,534723.0,444068.5,0.0,0.0,1,1
2791,534723.0,444068.5,0.0,0.0,1,1
2792,534723.0,444068.5,0.0,0.0,1,1
2793,534723.0,444068.5,0.0,0.0,1,1
2794,534723.0,444068.5,0.0,0.0,1,1
2795,534723.0,444068.5,0.0,0.0,1,1
2796,534723.0,444068.5,0.0,0.0,1,1
2797,534723.0,444068.5,0.0,0.0,1,1
2798,534723.0,444068.5,0.0,0.0,1,1
2799,534723.0,444068.5,0.0,0.0,1,1
2800,534723.0,444068.5,0.0,0.0,1,1
2801,534723.0,444068.5,0.0,0.0,1,1
2802,534723.0,444068.5,0.0,0.0,1,1
2803,534723.0,444068.5,0.0,0.0,1,1
2804,534723.0,444068.5,0.0,0.0,1,1
2805,534723.0,444068.5,0.0,0.0,1,1
2806,534783.0,444068.5,0.0,0.0,1,1
2807,534783.0,444068.5,0.0,0.0,1,1
2808,534783.0,444068.5,0.0,0.0,1,1
2809,534783.0,444068.5,0.0,0.0,1,1
2810,534783.0,444068.5,0.0,0.0,1,1
2811,534756.5,444068.5,0.0,0.0,1,1
2812,534756.5,444068.5,0.0,0.0,1,1
2813,534756.5,444068.5,0.0,0.0,1,1
2814,534756.5,444068.5,0.0,0.0,1,1
2815,534756.5,444068.5,0.0,0.0,1,1
2816,534756.5,444068.5,0.0,0.0,1,1
2817,534756.5,444068.5,0.0,0.0,1,1
2818,534756.5,444068.5,0.0,0.0,1,1
2819,534756.5,444068.5,0.0,0.0,1,1
2820,534756.5,444068.5,0.0,0.0,1,1
2821,534756.5,444068.5,0.0,0.0,1,1
2822,534706.5,444068.5,0.0,0.0,1,1
2823,534706.5,444068.5,0.0,0.0,1,1
2824,534706.5,444068.5,0.0,0.0,1,1
2825,534706.5,444068.5,0.0,0.0,1,1
2826,534706.5,444068.5,0.0,0.0,1,1
2827,534706.5,444068.5,0.0,0.0,1,1
2828,534706.5,444068.5,0.0,0.0,1,1
2829,534706.5,444068.5,0.0,0.0,1,1
2830,534706.5,444068.5,0.0,0.0,1,1
2831,534706.5,444068.5,0.0,0.0,1,1
2832,534706.5,444068.5,0.0,0.0,1,1
2833,534706.5,444068.5,0.0,0.0,1,1
2834,534706.5,444068.5,0.0,0.0,1,1
2835,535141.0,444068.5,0.0,0.0,1,1
2836,535141.0,444068.5,0.0,0.0,1,1
2837,535396.0,444068.5,0.0,0.0,1,1
2838,535396.0,444068.5,0.0,0.0,1,1
2839,535396.0,444068.5,0.0,0.0,1,1
2840,535396.0,444068.5,0.0,0.0,1,1
2841,535396.0,444068.5,0.0,0.0,1,1
2842,535396.0,444068.5,0.0,0.0,1,1
2843,535396.0,444068.5,0.0,0.0,1,1
2844,535396.0,444068.5,0.0,0.0,1,1
2845,535396.0,444068.5,0.0,0.0,1,1
2846,535396.0,444068.5,0.0,0.0,1,1
2847,535396.0,444068.5,0.0,0.0,1,1
2848,535396.0,444068.5,0.0,0.0,1,1
2849,535396.0,444068.5,0.0,0.0,1,1
2850,535396.0,444068.5,0.0,0.0,1,1
2851,535396.0,444068.5,0.0,0.0,1,1
2852,533113.0,444068.5,0.0,0.0,1,1
2853,533113.0,444068.5,0.0,0.0,1,1
2854,533113.0,444068.5,0.0,0.0,1,1
2855,533127.0,444068.5,0.0,0.0,1,1
2856,533127.0,444068.5,0.0,0.0,1,1
2857,533127.0,444068.5,0.0,0.0,1,1
2858,533127.0,444068.5,0.0,0.0,1,1
2859,533127.0,444068.5,0.0,0.0,1,1
2860,533127.0,444068.5,0.0,0.0,1,1
2861,533127.0,444068.5,0.0,0.0,1,1
2862,533127.0,444068.5,0.0,0.0,1,1
2863,533127.0,444068.5,0.0,0.0,1,1
2864,533127.0,444068.5,0.0,0.0,1,1
2865,533127.0,444068.5,0.0,0.0,1,1
2866,533127.0,444068.5,0.0,0.0,1,1
2867,533127.0,444068.5,0.0,0.0,1,1
2868,533127.0,444068.5,0.0,0.0,1,1
2869,533127.0,444068.5,0.0,0.0,1,1
2870,533127.0,444068.5,0.0,0.0,1,1
2871,533127.0,444068.5,0.0,0.0,1,1
2872,533127.0,444068.5,0.0,0.0,1,1
2873,533127.0,444068.5,0.0,0.0,1,1
2874,533127.0,444068.5,0.0,0.0,1,1
2875,533127.0,444068.5,0.0,0.0,1,1
2876,533127.0,444068.5,0.0,0.0,1,1
2877,533127.0,444068.5,0.0,0.0,1,1
2878,533127.0,444068.5,0.0,0.0,1,1
2879,533127.0,444068.5,0.0,0.0,1,1
2880,533127.0,444068.5,0.0,0.0,1,1
2881,533127.0,444068.5,0.0,0.0,1,1
2882,533127.0,444068.5,0.0,0.0,1,1
2883,533372.0,444068.5,0.0,0.0,1,1
2884,533372.0,444068.5,0.0,0.0,1,1
2885,533372.0,444068.5,0.0,0.0,1,1
2886,533372.0,444068.5,0.0,0.0,1,1
2887,533372.0,444068.5,0.0,0.0,1,1
2888,533372.0,444068.5,0.0,0.0,1,1
2889,533372.0,444068.5,0.0,0.0,1,1
2890,533372.0,444068.5,0.0,0.0,1,1
2891,533372.0,444068.5,0.0,0.0,1,1
2892,535141.0,444068.5,0.0,0.0,1,1
2893,535141.0,444068.5,0.0,0.0,1,1
2894,535141.0,444068.5,0.0,0.0,1,1
2895,535141.0,444068.5,0.0,0.0,1,1
2896,535141.0,444068.5,0.0,0.0,1,1
2897,535141.0,444068.5,0.0,0.0,1,1
2898,535141.0,444068.5,0.0,0.0,1,1
2899,535141.0,444068.5,0.0,0.0,1,1
2900,535141.0,444068.5,0.0,0.0,1,1
2901,535141.0,444068.5,0.0,0.0,1,1
2902,535141.0,444068.5,0.0,0.0,1,1
2903,535141.0,444068.5,0.0,0.0,1,1
2904,535141.0,444068.5,0.0,0.0,1,1
2905,535141.0,444068.5,0.0,0.0,1,1
2906,535141.0,444068.5,0.0,0.0,1,1
2907,535141.0,444068.5,0.0,0.0,1,1
2908,535141.0,444068.5,0.0,0.0,1,1
2909,535141.0,444068.5,0.0,0.0,1,1
2910,535141.0,444068.5,0.0,0.0,1,1
2911,535141.0,444068.5,0.0,0.0,1,1
2912,535141.0,444068.5,0.0,0.0,1,1
2913,535141.0,444068.5,0.0,0.0,1,1
2914,535141.0,444068.5,0.0,0.0,1,1
2915,535141.0,444068.5,0.0,0.0,1,1
2916,535141.0,444068.5,0.0,0.0,1,1
2917,535141.0,444068.5,0.0,0.0,1,1
2918,535141.0,444068.5,0.0,0.0,1,1
2919,535141.0,444068.5,0.0,0.0,1,1
2920,535141.0,444068.5,0.0,0.0,1,1
2921,535141.0,444068.5,0.0,0.0,1,1
2922,535141.0,444068.5,0.0,0.0,1,1
2923,535141.0,444068.5,0.0,0.0,1,1
2924,535141.0,444068.5,0.0,0.0,1,1
2925,535141.0,444068.5,0.0,0.0,1,1
2926,535141.0,444068.5,0.0,0.0,1,1
2927,535233.0,444068.5,0.0,0.0,1,1
2928,535141.0,444068.5,0.0,0.0,1,1
2929,535141.0,444068.5,0.0,0.0,1,1
2930,535141.0,444068.5,0.0,0.0,1,1
2931,535299.0,444068.5,0.0,0.0,1,1
2932,535299.0,444068.5,0.0,0.0,1,1
2933,535299.0,444068.5,0.0,0.0,1,1
2934,535299.0,444068.5,0.0,0.0,1,1
2935,535299.0,444068.5,0.0,0.0,1,1
2936,535299.0,444068.5,0.0,0.0,1,1
2937,535299.0,444068.5,0.0,0.0,1,1
2938,535299.0,444068.5,0.0,0.0,1,1
2939,535299.0,444068.5,0.0,0.0,1,1
2940,535299.0,444068.5,0.0,0.0,1,1
2941,535299.0,444068.5,0.0,0.0,1,1
2942,535299.0,444068.5,0.0,0.0,1,1
2943,535432.5,444068.5,0.0,0.0,1,1
2944,535432.5,444068.5,0.0,0.0,1,1
2945,535432.5,444068.5,0.0,0.0,1,1
2946,535432.5,444068.5,0.0,0.0,1,1
2947,535432.5,444068.5,0.0,0.0,1,1
2948,535432.5,444068.5,0.0,0.0,1,1
2949,535432.5,444068.5,0.0,0.0,1,1
2950,535432.5,444068.5,0.0,0.0,1,1
2951,535432.5,444068.5,0.0,0.0,1,1
2952,535432.5,444068.5,0.0,0.0,1,1
2953,535432.5,444068.5,0.0,0.0,1,1
2954,535432.5,444068.5,0.0,0.0,1,1
2955,535432.5,444068.5,0.0,0.0,1,1
2956,535432.5,444068.5,0.0,0.0,1,1
2957,535432.5,444068.5,0.0,0.0,1,1
2958,535432.5,444068.5,0.0,0.0,1,1
2959,535432.5,444068.5,0.0,0.0,1,1
2960,535432.5,444068.5,0.0,0.0,1,1
2961,535299.0,444068.5,0.0,0.0,1,1
2962,535299.0,444068.5,0.0,0.0,1,1
2963,535299.0,444068.5,0.0,0.0,1,1
2964,535299.0,444068.5,0.0,0.0,1,1
2965,535299.0,444068.5,0.0,0.0,1,1
2966,535432.5,444068.5,0.0,0.0,1,1
2967,535432.5,444068.5,0.0,0.0,1,1
2968,535432.5,444068.5,0.0,0.0,1,1
2969,535432.5,444068.5,0.0,0.0,1,1
2970,535432.5,444068.5,0.0,0.0,1,1
2971,534979.5,444068.5,0.0,0.0,1,1
2972,534979.5,444068.5,0.0,0.0,1,1
2973,534889.5,444068.5,0.0,0.0,1,1
2974,534889.5,444068.5,0.0,0.0,1,1
2975,534889.5,444068.5,0.0,0.0,1,1
2976,534889.5,444068.5,0.0,0.0,1,1
2977,534889.5,444068.5,0.0,0.0,1,1
2978,535707.5,444068.5,0.0,0.0,1,1
2979,535707.5,444068.5,0.0,0.0,1,1
2980,535707.5,444068.5,0.0,0.0,1,1
2981,535707.5,444068.5,0.0,0.0,1,1
2982,535707.5,444068.5,0.0,0.0,1,1
2983,535707.5,444068.5,0.0,0.0,1,1
2984,535707.5,444068.5,0.0,0.0,1,1
2985,535707.5,444068.5,0.0,0.0,1,1
2986,534785.5,444068.5,0.0,0.0,1,1
2987,534785.5,444068.5,0.0,0.0,1,1
2988,534785.5,444068.5,0.0,0.0,1,1
2989,534785.5,444068.5,0.0,0.0,1,1
2990,534785.5,444068.5,0.0,0.0,1,1
2991,534785.5,444068.5,0.0,0.0,1,1
2992,534785.5,444068.5,0.0,0.0,1,1
2993,534785.5,444068.5,0.0,0.0,1,1
2994,534785.5,444068.5,0.0,0.0,1,1
2995,534785.5,444068.5,0.0,0.0,1,1
2996,534879.0,444068.5,0.0,0.0,1,1
2997,534879.0,444068.5,0.0,0.0,1,1
2998,534879.0,444068.5,0.0,0.0,1,1
2999,534879.0,444068.5,0.0,0.0,1,1
3000,534879.0,444068.5,0.0,0.0,1,1
3001,534879.0,444068.5,0.0,0.0,1,1
3002,534879.0,444068.5,0.0,0.0,1,1
3003,534879.0,444068.5,0.0,0.0,1,1
3004,534879.0,444068.5,0.0,0.0,1,1
3005,534919.0,444068.5,0.0,0.0,1,1
3006,534919.0,444068.5,0.0,0.0,1,1
3007,534890.0,444068.5,0.0,0.0,1,1
3008,534890.0,444068.5,0.0,0.0,1,1
3009,534890.0,444068.5,0.0,0.0,1,1
3010,534890.0,444068.5,0.0,0.0,1,1
3011,534890.0,444068.5,0.0,0.0,1,1
3012,534890.0,444068.5,0.0,0.0,1,1
3013,534890.0,444068.5,0.0,0.0,1,1
3014,534890.0,444068.5,0.0,0.0,1,1
3015,534890.0,444068.5,0.0,0.0,1,1
3016,534890.0,444068.5,0.0,0.0,1,1
3017,534890.0,444068.5,0.0,0.0,1,1
3018,535257.0,444068.5,0.0,0.0,1,1
3019,535163.5,444068.5,0.0,0.0,1,1
3020,535163.5,444068.5,0.0,0.0,1,1
3021,535163.5,444068.5,0.0,0.0,1,1
3022,535163.5,444068.5,0.0,0.0,1,1
3023,535163.5,444068.5,0.0,0.0,1,1
3024,535163.5,444068.5,0.0,0.0,1,1
3025,535163.5,444068.5,0.0,0.0,1,1
3026,535163.5,444068.5,0.0,0.0,1,1
3027,535193.5,444068.5,0.0,0.0,1,1
3028,535193.5,444068.5,0.0,0.0,1,1
3029,535193.5,444068.5,0.0,0.0,1,1
3030,535125.5,444068.5,0.0,0.0,1,1
3031,535125.5,444068.5,0.0,0.0,1,1
3032,535125.5,444068.5,0.0,0.0,1,1
3033,535125.5,444068.5,0.0,0.0,1,1
3034,535125.5,444068.5,0.0,0.0,1,1
3035,535125.5,444068.5,0.0,0.0,1,1
3036,535125.5,444068.5,0.0,0.0,1,1
3037,535125.5,444068.5,0.0,0.0,1,1
3038,535125.5,444068.5,0.0,0.0,1,1
3039,535125.5,444068.5,0.0,0.0,1,1
3040,535125.5,444068.5,0.0,0.0,1,1
3041,535125.5,444068.5,0.0,0.0,1,1
3042,535125.5,444068.5,0.0,0.0,1,1
3043,535125.5,444068.5,0.0,0.0,1,1
3044,535125.5,444068.5,0.0,0.0,1,1
3045,535125.5,444068.5,0.0,0.0,1,1
3046,535117.5,444068.5,0.0,0.0,1,1
3047,535117.5,444068.5,0.0,0.0,1,1
3048,535864.0,444068.5,0.0,0.0,1,1
3049,535864.0,444068.5,0.0,0.0,1,1
3050,535864.0,444068.5,0.0,0.0,1,1
3051,535864.0,444068.5,0.0,0.0,1,1
3052,535864.0,444068.5,0.0,0.0,1,1
3053,535864.0,444068.5,0.0,0.0,1,1
3054,535864.0,444068.5,0.0,0.0,1,1
3055,535864.0,444068.5,0.0,0.0,1,1
3056,535864.0,444068.5,0.0,0.0,1,1
3057,535864.0,444068.5,0.0,0.0,1,1
3058,535864.0,444068.5,0.0,0.0,1,1
3059,535864.0,444068.5,0.0,0.0,1,1
3060,535864.0,444068.5,0.0,0.0,1,1
3061,535864.0,444068.5,0.0,0.0,1,1
3062,535864.0,444068.5,0.0,0.0,1,1
3063,535864.0,444068.5,0.0,0.0,1,1
3064,535884.0,444068.5,0.0,0.0,1,1
3065,535884.0,444068.5,0.0,0.0,1,1
3066,535884.0,444068.5,0.0,0.0,1,1
3067,535884.0,444068.5,0.0,0.0,1,1
3068,535884.0,444068.5,0.0,0.0,1,1
3069,535884.0,444068.5,0.0,0.0,1,1
3070,535884.0,444068.5,0.0,0.0,1,1
3071,535884.0,444068.5,0.0,0.0,1,1
3072,535854.0,444068.5,0.0,0.0,1,1
3073,535854.0,444068.5,0.0,0.0,1,1
3074,535854.0,444068.5,0.0,0.0,1,1
3075,535854.0,444068.5,0.0,0.0,1,1
3076,535854.0,444068.5,0.0,0.0,1,1
3077,535854.0,444068.5,0.0,0.0,1,1
3078,535854.0,444068.5,0.0,0.0,1,1
3079,535854.0,444068.5,0.0,0.0,1,1
3080,535854.0,444068.5,0.0,0.0,1,1
3081,535854.0,444068.5,0.0,0.0,1,1
3082,535854.0,444068.5,0.0,0.0,1,1
3083,535820.5,444068.5,0.0,0.0,1,1
3084,535820.5,444068.5,0.0,0.0,1,1
3085,535820.5,444068.5,0.0,0.0,1,1
3086,535820.5,444068.5,0.0,0.0,1,1
3087,535820.5,444068.5,0.0,0.0,1,1
3088,535820.5,444068.5,0.0,0.0,1,1
3089,535820.5,444068.5,0.0,0.0,1,1
3090,535820.5,444068.5,0.0,0.0,1,1
3091,535820.5,444068.5,0.0,0.0,1,1
3092,535820.5,444068.5,0.0,0.0,1,1
3093,535820.5,444068.5,0.0,0.0,1,1
3094,535820.5,444068.5,0.0,0.0,1,1
3095,535820.5,444068.5,0.0,0.0,1,1
3096,535820.5,444068.5,0.0,0.0,1,1
3097,535820.5,444068.5,0.0,0.0,1,1
3098,535820.5,444068.5,0.0,0.0,1,1
3099,535820.5,444068.5,0.0,0.0,1,1
3100,535820.5,444068.5,0.0,0.0,1,1
3101,535820.5,444068.5,0.0,0.0,1,1
3102,535691.0,444068.5,0.0,0.0,1,1
3103,535691.0,444068.5,0.0,0.0,1,1
3104,535691.0,444068.5,0.0,0.0,1,1
3105,535691.0,444068.5,0.0,0.0,1,1
3106,535691.0,444068.5,0.0,0.0,1,1
3107,535691.0,444068.5,0.0,0.0,1,1
3108,535691.0,444068.5,0.0,0.0,1,1
3109,535691.0,444068.5,0.0,0.0,1,1
3110,535691.0,444068.5,0.0,0.0,1,1
3111,535691.0,444068.5,0.0,0.0,1,1
3112,535691.0,444068.5,0.0,0.0,1,1
3113,535691.0,444068.5,0.0,0.0,1,1
3114,535691.0,444068.5,0.0,0.0,1,1
3115,535691.0,444068.5,0.0,0.0,1,1
3116,535691.0,444068.5,0.0,0.0,1,1
3117,535691.0,444068.5,0.0,0.0,1,1
3118,535691.0,444068.5,0.0,0.0,1,1
3119,535691.0,444068.5,0.0,0.0,1,1
3120,535691.0,444068.5,0.0,0.0,1,1
3121,535691.0,444068.5,0.0,0.0,1,1
3122,535691.0,444068.5,0.0,0.0,1,1
3123,535691.0,444068.5,0.0,0.0,1,1
3124,535691.0,444068.5,0.0,0.0,1,1
3125,535691.0,444068.5,0.0,0.0,1,1
3126,535691.0,444068.5,0.0,0.0,1,1
3127,535691.0,444068.5,0.0,0.0,1,1
3128,535691.0,444068.5,0.0,0.0,1,1
3129,535691.0,444068.5,0.0,0.0,1,1
3130,535691.0,444068.5,0.0,0.0,1,1
3131,535691.0,444068.5,0.0,0.0,1,1
3132,535691.0,444068.5,0.0,0.0,1,1
3133,535691.0,444068.5,0.0,0.0,1,1
3134,535691.0,444068.5,0.0,0.0,1,1
3135,535691.0,444068.5,0.0,0.0,1,1
3136,535691.0,444068.5,0.0,0.0,1,1
3137,535691.0,444068.5,0.0,0.0,1,1
3138,535691.0,444068.5,0.0,0.0,1,1
3139,535691.0,444068.5,0.0,0.0,1,1
3140,535691.0,444068.5,0.0,0.0,1,1
3141,535691.0,444068.5,0.0,0.0,1,1
3142,535691.0,444068.5,0.0,0.0,1,1
3143,535691.0,444068.5,0.0,0.0,1,1
3144,535691.0,444068.5,0.0,0.0,1,1
3145,535691.0,444068.5,0.0,0.0,1,1
3146,535691.0,444068.5,0.0,0.0,1,1
3147,535691.0,444068.5,0.0,0.0,1,1
3148,535727.0,444068.5,0.0,0.0,1,1
3149,535727.0,444068.5,0.0,0.0,1,1
3150,535244.5,444068.5,0.0,0.0,1,1
3151,535244.5,444068.5,0.0,0.0,1,1
3152,535244.5,444068.5,0.0,0.0,1,1
3153,535244.5,444068.5,0.0,0.0,1,1
3154,535244.5,444068.5,0.0,0.0,1,1
3155,535244.5,444068.5,0.0,0.0,1,1
3156,535244.5,444068.5,0.0,0.0,1,1
3157,535244.5,444068.5,0.0,0.0,1,1
3158,535244.5,444068.5,0.0,0.0,1,1
3159,535244.5,444068.5,0.0,0.0,1,1
3160,535244.5,444068.5,0.0,0.0,1,1
3161,535244.5,444068.5,0.0,0.0,1,1
3162,535244.5,444068.5,0.0,0.0,1,1
3163,535244.5,444068.5,0.0,0.0,1,1
3164,535244.5,444068.5,0.0,0.0,1,1
3165,535244.5,444068.5,0.0,0.0,1,1
3166,535236.5,444068.5,0.0,0.0,1,1
3167,535236.5,444068.5,0.0,0.0,1,1
3168,535236.5,444068.5,0.0,0.0,1,1
3169,535236.5,444068.5,0.0,0.0,1,1
3170,535236.5,444068.5,0.0,0.0,1,1
3171,535236.5,444068.5,0.0,0.0,1,1
3172,535236.5,444068.5,0.0,0.0,1,1
3173,535236.5,444068.5,0.0,0.0,1,1
3174,535236.5,444068.5,0.0,0.0,1,1
3175,535236.5,444068.5,0.0,0.0,1,1
3176,535236.5,444068.5,0.0,0.0,1,1
3177,535236.5,444068.5,0.0,0.0,1,1
3178,535236.5,444068.5,0.0,0.0,1,1
3179,535236.5,444068.5,0.0,0.0,1,1
3180,535236.5,444068.5,0.0,0.0,1,1
3181,535236.5,444068.5,0.0,0.0,1,1
3182,535236.5,444068.5,0.0,0.0,1,1
3183,535795.0,444068.5,0.0,0.0,1,1
3184,535795.0,444068.5,0.0,0.0,1,1
3185,535795.0,444068.5,0.0,0.0,1,1
3186,535795.0,444068.5,0.0,0.0,1,1
3187,535795.0,444068.5,0.0,0.0,1,1
3188,535795.0,444068.5,0.0,0.0,1,1
3189,535795.0,444068.5,0.0,0.0,1,1
3190,535795.0,444068.5,0.0,0.0,1,1
3191,535795.0,444068.5,0.0,0.0,1,1
3192,535795.0,444068.5,0.0,0.0,1,1
3193,535795.0,444068.5,0.0,0.0,1,1
3194,535795.0,444068.5,0.0,0.0,1,1
3195,535795.0,444068.5,0.0,0.0,1,1
3196,535795.0,444068.5,0.0,0.0,1,1
3197,535795.0,444068.5,0.0,0.0,1,1
3198,535795.0,444068.5,0.0,0.0,1,1
3199,535795.0,444068.5,0.0,0.0,1,1
3200,535795.0,444068.5,0.0,0.0,1,1
3201,535795.0,444068.5,0.0,0.0,1,1
3202,535795.0,444068.5,0.0,0.0,1,1
3203,535795.0,444068.5,0.0,0.0,1,1
3204,535795.0,444068.5,0.0,0.0,1,1
3205,535894.5,444068.5,0.0,0.0,1,1
3206,535894.5,444068.5,0.0,0.0,1,1
3207,535886.5,444068.5,0.0,0.0,1,1
3208,535886.5,444068.5,0.0,0.0,1,1
3209,535886.5,444068.5,0.0,0.0,1,1
3210,535691.5,444068.5,0.0,0.0,1,1
3211,535691.5,444068.5,0.0,0.0,1,1
3212,535393.5,444068.5,0.0,0.0,1,1
3213,535393.5,444068.5,0.0,0.0,1,1
3214,535393.5,444068.5,0.0,0.0,1,1
3215,535393.5,444068.5,0.0,0.0,1,1
3216,535393.5,444068.5,0.0,0.0,1,1
3217,535393.5,444068.5,0.0,0.0,1,1
3218,535393.5,444068.5,0.0,0.0,1,1
3219,535393.5,444068.5,0.0,0.0,1,1
3220,535393.5,444068.5,0.0,0.0,1,1
3221,535393.5,444068.5,0.0,0.0,1,1
3222,535393.5,444068.5,0.0,0.0,1,1
3223,535393.5,444068.5,0.0,0.0,1,1
3224,535393.5,444068.5,0.0,0.0,1,1
3225,535393.5,444068.5,0.0,0.0,1,1
3226,535393.5,444068.5,0.0,0.0,1,1
3227,535395.0,444068.5,0.0,0.0,1,1
3228,535395.0,444068.5,0.0,0.0,1,1
3229,535395.0,444068.5,0.0,0.0,1,1
3230,535395.0,444068.5,0.0,0.0,1,1
3231,535395.0,444068.5,0.0,0.0,1,1
3232,535505.5,444068.5,0.0,0.0,1,1
3233,535449.0,444068.5,0.0,0.0,1,1
3234,535449.0,444068.5,0.0,0.0,1,1
3235,535449.0,444068.5,0.0,0.0,1,1
3236,535449.0,444068.5,0.0,0.0,1,1
3237,535449.0,444068.5,0.0,0.0,1,1
3238,535449.0,444068.5,0.0,0.0,1,1
3239,535449.0,444068.5,0.0,0.0,1,1
3240,535449.0,444068.5,0.0,0.0,1,1
3241,535449.0,444068.5,0.0,0.0,1,1
3242,535449.0,444068.5,0.0,0.0,1,1
3243,535449.0,444068.5,0.0,0.0,1,1
3244,535449.0,444068.5,0.0,0.0,1,1
3245,535449.0,444068.5,0.0,0.0,1,1
3246,535449.0,444068.5,0.0,0.0,1,1
3247,535449.0,444068.5,0.0,0.0,1,1
3248,535449.0,444068.5,0.0,0.0,1,1
3249,535449.0,444068.5,0.0,0.0,1,1
3250,535449.0,444068.5,0.0,0.0,1,1
3251,535478.0,444068.5,0.0,0.0,1,1
3252,535478.0,444068.5,0.0,0.0,1,1
3253,535758.5,444068.5,0.0,0.0,1,1
3254,535758.5,444068.5,0.0,0.0,1,1
3255,535758.5,444068.5,0.0,0.0,1,1
3256,535758.5,444068.5,0.0,0.0,1,1
3257,535780.5,444068.5,0.0,0.0,1,1
3258,535780.5,444068.5,0.0,0.0,1,1
3259,535780.5,444068.5,0.0,0.0,1,1
3260,535780.5,444068.5,0.0,0.0,1,1
3261,535780.5,444068.5,0.0,0.0,1,1
3262,535780.5,444068.5,0.0,0.0,1,1
3263,535780.5,444068.5,0.0,0.0,1,1
3264,535780.5,444068.5,0.0,0.0,1,1
3265,535780.5,444068.5,0.0,0.0,1,1
3266,535780.5,444068.5,0.0,0.0,1,1
3267,535780.5,444068.5,0.0,0.0,1,1
3268,535780.5,444068.5,0.0,0.0,1,1
3269,535780.5,444068.5,0.0,0.0,1,1
3270,535780.5,444068.5,0.0,0.0,1,1
3271,535780.5,444068.5,0.0,0.0,1,1
3272,535780.5,444068.5,0.0,0.0,1,1
3273,535780.5,444068.5,0.0,0.0,1,1
3274,535780.5,444068.5,0.0,0.0,1,1
3275,535780.5,444068.5,0.0,0.0,1,1
3276,535780.5,444068.5,0.0,0.0,1,1
3277,535780.5,444068.5,0.0,0.0,1,1
3278,535780.5,444068.5,0.0,0.0,1,1
3279,535780.5,444068.5,0.0,0.0,1,1
3280,535780.5,444068.5,0.0,0.0,1,1
3281,535780.5,444068.5,0.0,0.0,1,1
3282,535780.5,444068.5,0.0,0.0,1,1
3283,535780.5,444068.5,0.0,0.0,1,1
3284,535780.5,444068.5,0.0,0.0,1,1
3285,535780.5,444068.5,0.0,0.0,1,1
3286,535780.5,444068.5,0.0,0.0,1,1
3287,535780.5,444068.5,0.0,0.0,1,1
3288,535780.5,444068.5,0.0,0.0,1,1
3289,535780.5,444068.5,0.0,0.0,1,1
3290,535780.5,444068.5,0.0,0.0,1,1
3291,535780.5,444068.5,0.0,0.0,1,1
3292,535780.5,444068.5,0.0,0.0,1,1
3293,535780.5,444068.5,0.0,0.0,1,1
3294,535780.5,444068.5,0.0,0.0,1,1
3295,535780.5,444068.5,0.0,0.0,1,1
3296,535780.5,444068.5,0.0,0.0,1,1
3297,535780.5,444068.5,0.0,0.0,1,1
3298,535780.5,444068.5,0.0,0.0,1,1
3299,535780.5,444068.5,0.0,0.0,1,1
3300,535780.5,444068.5,0.0,0.0,1,1
3301,535780.5,444068.5,0.0,0.0,1,1
3302,535780.5,444068.5,0.0,0.0,1,1
3303,535780.5,444068.5,0.0,0.0,1,1
3304,535780.5,444068.5,0.0,0.0,1,1
3305,535291.5,444068.5,0.0,0.0,1,1
3306,534919.5,444068.5,0.0,0.0,1,1
3307,534919.5,444068.5,0.0,0.0,1,1
3308,534919.5,444068.5,0.0,0.0,1,1
3309,534919.5,444068.5,0.0,0.0,1,1
3310,534919.5,444068.5,0.0,0.0,1,1
3311,534919.5,444068.5,0.0,0.0,1,1
3312,534919.5,444068.5,0.0,0.0,1,1
3313,534919.5,444068.5,0.0,0.0,1,1
3314,534919.5,444068.5,0.0,0.0,1,1
3315,534919.5,444068.5,0.0,0.0,1,1
3316,534919.5,444068.5,0.0,0.0,1,1
3317,534919.5,444068.5,0.0,0.0,1,1
3318,534919.5,444068.5,0.0,0.0,1,1
3319,534829.0,444068.5,0.0,0.0,1,1
3320,534829.0,444068.5,0.0,0.0,1,1
3321,534829.0,444068.5,0.0,0.0,1,1
3322,534829.0,444068.5,0.0,0.0,1,1
3323,534829.0,444068.5,0.0,0.0,1,1
3324,534829.0,444068.5,0.0,0.0,1,1
3325,534829.0,444068.5,0.0,0.0,1,1
3326,534829.0,444068.5,0.0,0.0,1,1
3327,534829.0,444068.5,0.0,0.0,1,1
3328,534829.0,444068.5,0.0,0.0,1,1
3329,534829.0,444068.5,0.0,0.0,1,1
3330,534829.0,444068.5,0.0,0.0,1,1
3331,533419.0,444068.5,0.0,0.0,1,1
3332,533419.0,444068.5,0.0,0.0,1,1
3333,533930.5,444068.5,0.0,0.0,1,1
3334,533930.5,444068.5,0.0,0.0,1,1
3335,533930.5,444068.5,0.0,0.0,1,1
3336,533930.5,444068.5,0.0,0.0,1,1
3337,533930.5,444068.5,0.0,0.0,1,1
3338,533930.5,444068.5,0.0,0.0,1,1
3339,533930.5,444068.5,0.0,0.0,1,1
3340,533930.5,444068.5,0.0,0.0,1,1
3341,533930.5,444068.5,0.0,0.0,1,1
3342,533930.5,444068.5,0.0,0.0,1,1
3343,533930.5,444068.5,0.0,0.0,1,1
3344,533930.5,444068.5,0.0,0.0,1,1
3345,534031.5,444068.5,0.0,0.0,1,1
3346,534031.5,444068.5,0.0,0.0,1,1
3347,534031.5,444068.5,0.0,0.0,1,1
3348,534031.5,444068.5,0.0,0.0,1,1
3349,534031.5,444068.5,0.0,0.0,1,1
3350,534031.5,444068.5,0.0,0.0,1,1
3351,534031.5,444068.5,0.0,0.0,1,1
3352,534031.5,444068.5,0.0,0.0,1,1
3353,534031.5,444068.5,0.0,0.0,1,1
3354,534031.5,444068.5,0.0,0.0,1,1
3355,534031.5,444068.5,0.0,0.0,1,1
3356,534031.5,444068.5,0.0,0.0,1,1
3357,534031.5,444068.5,0.0,0.0,1,1
3358,534031.5,444068.5,0.0,0.0,1,1
3359,534031.5,444068.5,0.0,0.0,1,1
3360,534031.5,444068.5,0.0,0.0,1,1
3361,534031.5,444068.5,0.0,0.0,1,1
3362,534031.5,444068.5,0.0,0.0,1,1
3363,534031.5,444068.5,0.0,0.0,1,1
3364,534031.5,444068.5,0.0,0.0,1,1
3365,534031.5,444068.5,0.0,0.0,1,1
3366,533950.5,444068.5,0.0,0.0,1,1
3367,533950.5,444068.5,0.0,0.0,1,1
3368,533950.5,444068.5,0.0,0.0,1,1
3369,533950.5,444068.5,0.0,0.0,1,1
3370,534031.5,444068.5,0.0,0.0,1,1
3371,534031.5,444068.5,0.0,0.0,1,1
3372,534031.5,444068.5,0.0,0.0,1,1
3373,534031.5,444068.5,0.0,0.0,1,1
3374,534031.5,444068.5,0.0,0.0,1,1
3375,534031.5,444068.5,0.0,0.0,1,1
3376,534561.5,444068.5,0.0,0.0,1,1
3377,534561.5,444068.5,0.0,0.0,1,1
3378,534561.5,444068.5,0.0,0.0,1,1
3379,534561.5,444068.5,0.0,0.0,1,1
3380,534561.5,444068.5,0.0,0.0,1,1
3381,534561.5,444068.5,0.0,0.0,1,1
3382,534561.5,444068.5,0.0,0.0,1,1
3383,534561.5,444068.5,0.0,0.0,1,1
3384,534178.0,444068.5,0.0,0.0,1,1
3385,534178.0,444068.5,0.0,0.0,1,1
3386,534178.0,444068.5,0.0,0.0,1,1
3387,534178.0,444068.5,0.0,0.0,1,1
3388,534178.0,444068.5,0.0,0.0,1,1
3389,534178.0,444068.5,0.0,0.0,1,1
3390,534178.0,444068.5,0.0,0.0,1,1
3391,534178.0,444068.5,0.0,0.0,1,1
3392,534178.0,444068.5,0.0,0.0,1,1
3393,534178.0,444068.5,0.0,0.0,1,1
3394,534178.0,444068.5,0.0,0.0,1,1
3395,534178.0,444068.5,0.0,0.0,1,1
3396,534178.0,444068.5,0.0,0.0,1,1
3397,534178.0,444068.5,0.0,0.0,1,1
3398,534178.0,444068.5,0.0,0.0,1,1
3399,534178.0,444068.5,0.0,0.0,1,1
3400,534178.0,444068.5,0.0,0.0,1,1
3401,534178.0,444068.5,0.0,0.0,1,1
3402,534636.5,444068.5,0.0,0.0,1,1
3403,534636.5,444068.5,0.0,0.0,1,1
3404,534636.5,444068.5,0.0,0.0,1,1
3405,534636.5,444068.5,0.0,0.0,1,1
3406,534547.5,444068.5,0.0,0.0,1,1
3407,534547.5,444068.5,0.0,0.0,1,1
3408,534547.5,444068.5,0.0,0.0,1,1
3409,534547.5,444068.5,0.0,0.0,1,1
3410,534533.5,444068.5,0.0,0.0,1,1
3411,534533.5,444068.5,0.0,0.0,1,1
3412,534533.5,444068.5,0.0,0.0,1,1
3413,534533.5,444068.5,0.0,0.0,1,1
3414,534340.0,444068.5,0.0,0.0,1,1
3415,534340.0,444068.5,0.0,0.0,1,1
3416,534340.0,444068.5,0.0,0.0,1,1
3417,534340.0,444068.5,0.0,0.0,1,1
3418,533658.0,444068.5,0.0,0.0,1,1
3419,533658.0,444068.5,0.0,0.0,1,1
3420,533648.0,444068.5,0.0,0.0,1,1
3421,533648.0,444068.5,0.0,0.0,1,1
3422,533648.0,444068.5,0.0,0.0,1,1
3423,533648.0,444068.5,0.0,0.0,1,1
3424,533648.0,444068.5,0.0,0.0,1,1
3425,535129.5,444068.5,0.0,0.0,1,1
3426,535129.5,444068.5,0.0,0.0,1,1
3427,535129.5,444068.5,0.0,0.0,1,1
3428,535129.5,444068.5,0.0,0.0,1,1
3429,535129.5,444068.5,0.0,0.0,1,1
3430,535129.5,444068.5,0.0,0.0,1,1
3431,535129.5,444068.5,0.0,0.0,1,1
3432,535129.5,444068.5,0.0,0.0,1,1
3433,535129.5,444068.5,0.0,0.0,1,1
3434,535129.5,444068.5,0.0,0.0,1,1
3435,535129.5,444068.5,0.0,0.0,1,1
3436,535129.5,444068.5,0.0,0.0,1,1
3437,535120.5,444068.5,0.0,0.0,1,1
3438,535120.5,444068.5,0.0,0.0,1,1
3439,535262.5,444068.5,0.0,0.0,1,1
3440,535262.5,444068.5,0.0,0.0,1,1
3441,535262.5,444068.5,0.0,0.0,1,1
3442,535498.5,444068.5,0.0,0.0,1,1
3443,535498.5,444068.5,0.0,0.0,1,1
3444,535498.5,444068.5,0.0,0.0,1,1
3445,535498.5,444068.5,0.0,0.0,1,1
3446,535498.5,444068.5,0.0,0.0,1,1
3447,535498.5,444068.5,0.0,0.0,1,1
3448,535498.5,444068.5,0.0,0.0,1,1
3449,535498.5,444068.5,0.0,0.0,1,1
3450,535498.5,444068.5,0.0,0.0,1,1
3451,535498.5,444068.5,0.0,0.0,1,1
3452,535498.5,444068.5,0.0,0.0,1,1
3453,535498.5,444068.5,0.0,0.0,1,1
3454,535498.5,444068.5,0.0,0.0,1,1
3455,535498.5,444068.5,0.0,0.0,1,1
3456,535498.5,444068.5,0.0,0.0,1,1
3457,535498.5,444068.5,0.0,0.0,1,1
3458,535853.5,444068.5,0.0,0.0,1,1
3459,535853.5,444068.5,0.0,0.0,1,1
3460,535853.5,444068.5,0.0,0.0,1,1
3461,536145.5,444068.5,0.0,0.0,1,1
3462,536145.5,444068.5,0.0,0.0,1,1
3463,536145.5,444068.5,0.0,0.0,1,1
3464,536145.5,444068.5,0.0,0.0,1,1
3465,536145.5,444068.5,0.0,0.0,1,1
3466,536145.5,444068.5,0.0,0.0,1,1
3467,536145.5,444068.5,0.0,0.0,1,1
3468,536145.5,444068.5,0.0,0.0,1,1
3469,536145.5,444068.5,0.0,0.0,1,1
3470,536145.5,444068.5,0.0,0.0,1,1
3471,536145.5,444068.5,0.0,0.0,1,1
3472,536145.5,444068.5,0.0,0.0,1,1
3473,536145.5,444068.5,0.0,0.0,1,1
3474,536145.5,444068.5,0.0,0.0,1,1
3475,536145.5,444068.5,0.0,0.0,1,1
3476,536145.5,444068.5,0.0,0.0,1,1
3477,536145.5,444068.5,0.0,0.0,1,1
3478,536145.5,444068.5,0.0,0.0,1,1
3479,536145.5,444068.5,0.0,0.0,1,1
3480,536145.5,444068.5,0.0,0.0,1,1
3481,536145.5,444068.5,0.0,0.0,1,1
3482,536145.5,444068.5,0.0,0.0,1,1
3483,536229.5,444068.5,0.0,0.0,1,1
3484,536229.5,444068.5,0.0,0.0,1,1
3485,536229.5,444068.5,0.0,0.0,1,1
3486,536229.5,444068.5,0.0,0.0,1,1
3487,536229.5,444068.5,0.0,0.0,1,1
3488,536229.5,444068.5,0.0,0.0,1,1
3489,536229.5,444068.5,0.0,0.0,1,1
3490,536229.5,444068.5,0.0,0.0,1,1
3491,536229.5,444068.5,0.0,0.0,1,1
3492,536229.5,444068.5,0.0,0.0,1,1
3493,536229.5,444068.5,0.0,0.0,1,1
3494,536229.5,444068.5,0.0,0.0,1,1
3495,536229.5,444068.5,0.0,0.0,1,1
3496,536229.5,444068.5,0.0,0.0,1,1
3497,536597.0,444068.5,0.0,0.0,1,1
3498,536597.0,444068.5,0.0,0.0,1,1
3499,536597.0,444068.5,0.0,0.0,1,1
3500,536597.0,444068.5,0.0,0.0,1,1
3501,536597.0,444068.5,0.0,0.0,1,1
3502,536597.0,444068.5,0.0,0.0,1,1
3503,536597.0,444068.5,0.0,0.0,1,1
3504,536597.0,444068.5,0.0,0.0,1,1
3505,536597.0,444068.5,0.0,0.0,1,1
3506,536597.0,444068.5,0.0,0.0,1,1
3507,536568.0,444068.5,0.0,0.0,1,1
3508,536568.0,444068.5,0.0,0.0,1,1
3509,536568.0,444068.5,0.0,0.0,1,1
3510,536568.0,444068.5,0.0,0.0,1,1
3511,536568.0,444068.5,0.0,0.0,1,1
3512,536568.0,444068.5,0.0,0.0,1,1
3513,536568.0,444068.5,0.0,0.0,1,1
3514,536568.0,444068.5,0.0,0.0,1,1
3515,536568.0,444068.5,0.0,0.0,1,1
3516,536568.0,444068.5,0.0,0.0,1,1
3517,536568.0,444068.5,0.0,0.0,1,1
3518,536568.0,444068.5,0.0,0.0,1,1
3519,536654.0,444068.5,0.0,0.0,1,1
3520,536654.0,444068.5,0.0,0.0,1,1
3521,536654.0,444068.5,0.0,0.0,1,1
3522,536654.0,444068.5,0.0,0.0,1,1
3523,536654.0,444068.5,0.0,0.0,1,1
3524,536654.0,444068.5,0.0,0.0,1,1
3525,536654.0,444068.5,0.0,0.0,1,1
3526,536654.0,444068.5,0.0,0.0,1,1
3527,536654.0,444068.5,0.0,0.0,1,1
3528,536654.0,444068.5,0.0,0.0,1,1
3529,536654.0,444068.5,0.0,0.0,1,1
3530,536654.0,444068.5,0.0,0.0,1,1
3531,536654.0,444068.5,0.0,0.0,1,1
3532,536654.0,444068.5,0.0,0.0,1,1
3533,536654.0,444068.5,0.0,0.0,1,1
3534,536654.0,444068.5,0.0,0.0,1,1
3535,536654.0,444068.5,0.0,0.0,1,1
3536,536654.0,444068.5,0.0,0.0,1,1
3537,536654.0,444068.5,0.0,0.0,1,1
3538,536654.0,444068.5,0.0,0.0,1,1
3539,536654.0,444068.5,0.0,0.0,1,1
3540,536654.0,444068.5,0.0,0.0,1,1
3541,536654.0,444068.5,0.0,0.0,1,1
3542,536654.0,444068.5,0.0,0.0,1,1
3543,536654.0,444068.5,0.0,0.0,1,1
3544,536654.0,444068.5,0.0,0.0,1,1
3545,536654.0,444068.5,0.0,0.0,1,1
3546,536568.0,444068.5,0.0,0.0,1,1
3547,536568.0,444068.5,0.0,0.0,1,1
3548,536568.0,444068.5,0.0,0.0,1,1
3549,536568.0,444068.5,0.0,0.0,1,1
3550,536568.0,444068.5,0.0,0.0,1,1
3551,536568.0,444068.5,0.0,0.0,1,1
3552,536568.0,444068.5,0.0,0.0,1,1
3553,536568.0,444068.5,0.0,0.0,1,1
3554,536568.0,444068.5,0.0,0.0,1,1
3555,536568.0,444068.5,0.0,0.0,1,1
3556,536568.0,444068.5,0.0,0.0,1,1
3557,536568.0,444068.5,0.0,0.0,1,1
3558,536568.0,444068.5,0.0,0.0,1,1
3559,536568.0,444068.5,0.0,0.0,1,1
3560,536568.0,444068.5,0.0,0.0,1,1
3561,536568.0,444068.5,0.0,0.0,1,1
3562,536568.0,444068.5,0.0,0.0,1,1
3563,536568.0,444068.5,0.0,0.0,1,1
3564,536568.0,444068.5,0.0,0.0,1,1
3565,536568.0,444068.5,0.0,0.0,1,1
3566,536568.0,444068.5,0.0,0.0,1,1
3567,536568.0,444068.5,0.0,0.0,1,1
3568,536568.0,444068.5,0.0,0.0,1,1
3569,536568.0,444068.5,0.0,0.0,1,1
3570,536568.0,444068.5,0.0,0.0,1,1
3571,536568.0,444068.5,0.0,0.0,1,1
3572,536568.0,444068.5,0.0,0.0,1,1
3573,536568.0,444068.5,0.0,0.0,1,1
3574,536568.0,444068.5,0.0,0.0,1,1
3575,536652.0,444068.5,0.0,0.0,1,1
3576,536652.0,444068.5,0.0,0.0,1,1
3577,536652.0,444068.5,0.0,0.0,1,1
3578,536652.0,444068.5,0.0,0.0,1,1
3579,536652.0,444068.5,0.0,0.0,1,1
3580,536652.0,444068.5,0.0,0.0,1,1
3581,536652.0,444068.5,0.0,0.0,1,1
3582,536453.0,444068.5,0.0,0.0,1,1
3583,536453.0,444068.5,0.0,0.0,1,1
3584,536453.0,444068.5,0.0,0.0,1,1
3585,536453.0,444068.5,0.0,0.0,1,1
3586,536453.0,444068.5,0.0,0.0,1,1
3587,536552.0,444068.5,0.0,0.0,1,1
3588,536552.0,444068.5,0.0,0.0,1,1
3589,536552.0,444068.5,0.0,0.0,1,1
3590,536901.0,444068.5,0.0,0.0,1,1
3591,536901.0,444068.5,0.0,0.0,1,1
3592,536901.0,444068.5,0.0,0.0,1,1
3593,536901.0,444068.5,0.0,0.0,1,1
3594,536901.0,444068.5,0.0,0.0,1,1
3595,536901.0,444068.5,0.0,0.0,1,1
3596,536901.0,444068.5,0.0,0.0,1,1
3597,536901.0,444068.5,0.0,0.0,1,1
3598,536906.5,444068.5,0.0,0.0,1,1
3599,536906.5,444068.5,0.0,0.0,1,1
3600,536906.5,444068.5,0.0,0.0,1,1
3601,536906.5,444068.5,0.0,0.0,1,1
3602,536906.5,444068.5,0.0,0.0,1,1
3603,536906.5,444068.5,0.0,0.0,1,1
3604,536906.5,444068.5,0.0,0.0,1,1
3605,536906.5,444068.5,0.0,0.0,1,1
3606,536906.5,444068.5,0.0,0.0,1,1
3607,536906.5,444068.5,0.0,0.0,1,1
3608,536557.5,444068.5,0.0,0.0,1,1
3609,536557.5,444068.5,0.0,0.0,1,1
3610,536557.5,444068.5,0.0,0.0,1,1
3611,536557.5,444068.5,0.0,0.0,1,1
3612,536557.5,444068.5,0.0,0.0,1,1
3613,536557.5,444068.5,0.0,0.0,1,1
3614,536557.5,444068.5,0.0,0.0,1,1
3615,536557.5,444068.5,0.0,0.0,1,1
3616,536557.5,444068.5,0.0,0.0,1,1
3617,536557.5,444068.5,0.0,0.0,1,1
3618,538284.0,444068.5,0.0,0.0,1,1
3619,538284.0,444068.5,0.0,0.0,1,1
3620,538284.0,444068.5,0.0,0.0,1,1
3621,538284.0,444068.5,0.0,0.0,1,1
3622,538284.0,444068.5,0.0,0.0,1,1
3623,538284.0,444068.5,0.0,0.0,1,1
3624,538540.0,444068.5,0.0,0.0,1,1
3625,538540.0,444068.5,0.0,0.0,1,1
3626,538540.0,444068.5,0.0,0.0,1,1
3627,538540.0,444068.5,0.0,0.0,1,1
3628,538540.0,444068.5,0.0,0.0,1,1
3629,538540.0,444068.5,0.0,0.0,1,1
3630,538540.0,444068.5,0.0,0.0,1,1
3631,538540.0,444068.5,0.0,0.0,1,1
3632,538540.0,444068.5,0.0,0.0,1,1
3633,538540.0,444068.5,0.0,0.0,1,1
3634,538540.0,444068.5,0.0,0.0,1,1
3635,538540.0,444068.5,0.0,0.0,1,1
3636,538540.0,444068.5,0.0,0.0,1,1
3637,538540.0,444068.5,0.0,0.0,1,1
3638,538540.0,444068.5,0.0,0.0,1,1
3639,538540.0,444068.5,0.0,0.0,1,1
3640,538540.0,444068.5,0.0,0.0,1,1
3641,538540.0,444068.5,0.0,0.0,1,1
3642,538540.0,444068.5,0.0,0.0,1,1
3643,538540.0,444068.5,0.0,0.0,1,1
3644,538540.0,444068.5,0.0,0.0,1,1
3645,538540.0,444068.5,0.0,0.0,1,1
3646,538540.0,444068.5,0.0,0.0,1,1
3647,538568.0,444068.5,0.0,0.0,1,1
3648,536387.0,444068.5,0.0,0.0,1,1
3649,536387.0,444068.5,0.0,0.0,1,1
3650,536387.0,444068.5,0.0,0.0,1,1
3651,536387.0,444068.5,0.0,0.0,1,1
3652,536524.0,444068.5,0.0,0.0,1,1
3653,536524.0,444068.5,0.0,0.0,1,1
3654,536524.0,444068.5,0.0,0.0,1,1
3655,536524.0,444068.5,0.0,0.0,1,1
3656,536524.0,444068.5,0.0,0.0,1,1
3657,536524.0,444068.5,0.0,0.0,1,1
3658,536524.0,444068.5,0.0,0.0,1,1
3659,536524.0,444068.5,0.0,0.0,1,1
3660,536524.0,444068.5,0.0,0.0,1,1
3661,536524.0,444068.5,0.0,0.0,1,1
3662,536524.0,444068.5,0.0,0.0,1,1
3663,536524.0,444068.5,0.0,0.0,1,1
3664,535714.5,444068.5,0.0,0.0,1,1
3665,535714.5,444068.5,0.0,0.0,1,1
3666,535714.5,444068.5,0.0,0.0,1,1
3667,535714.5,444068.5,0.0,0.0,1,1
3668,535714.5,444068.5,0.0,0.0,1,1
3669,535714.5,444068.5,0.0,0.0,1,1
3670,535714.5,444068.5,0.0,0.0,1,1
3671,535714.5,444068.5,0.0,0.0,1,1
3672,535714.5,444068.5,0.0,0.0,1,1
3673,535714.5,444068.5,0.0,0.0,1,1
3674,537669.5,444068.5,0.0,0.0,1,1
3675,537669.5,444068.5,0.0,0.0,1,1
3676,537153.5,444068.5,0.0,0.0,1,1
3677,537153.5,444068.5,0.0,0.0,1,1
3678,537153.5,444068.5,0.0,0.0,1,1
3679,537153.5,444068.5,0.0,0.0,1,1
3680,537153.5,444068.5,0.0,0.0,1,1
3681,537153.5,444068.5,0.0,0.0,1,1
3682,537153.5,444068.5,0.0,0.0,1,1
3683,537153.5,444068.5,0.0,0.0,1,1
3684,537153.5,444068.5,0.0,0.0,1,1
3685,537153.5,444068.5,0.0,0.0,1,1
3686,537153.5,444068.5,0.0,0.0,1,1
3687,537153.5,444068.5,0.0,0.0,1,1
3688,533745.0,444068.5,0.0,0.0,1,1
3689,533745.0,444068.5,0.0,0.0,1,1
3690,533745.0,444068.5,0.0,0.0,1,1
3691,533745.0,444068.5,0.0,0.0,1,1
3692,533652.5,444068.5,0.0,0.0,1,1
3693,533652.5,444068.5,0.0,0.0,1,1
3694,533652.5,444068.5,0.0,0.0,1,1
3695,532636.5,444068.5,0.0,0.0,1,1
3696,532636.5,444068.5,0.0,0.0,1,1
3697,532636.5,444068.5,0.0,0.0,1,1
3698,532636.5,444068.5,0.0,0.0,1,1
3699,532636.5,444068.5,0.0,0.0,1,1
3700,532636.5,444068.5,0.0,0.0,1,1
3701,532636.5,444068.5,0.0,0.0,1,1
3702,532636.5,444068.5,0.0,0.0,1,1
3703,532636.5,444068.5,0.0,0.0,1,1
3704,532636.5,444068.5,0.0,0.0,1,1
3705,532636.5,444068.5,0.0,0.0,1,1
3706,532636.5,444068.5,0.0,0.0,1,1
3707,532636.5,444068.5,0.0,0.0,1,1
3708,532636.5,444068.5,0.0,0.0,1,1
3709,532636.5,444068.5,0.0,0.0,1,1
3710,532636.5,444068.5,0.0,0.0,1,1
3711,532519.5,444068.5,0.0,0.0,1,1
3712,532519.5,444068.5,0.0,0.0,1,1
3713,532519.5,444068.5,0.0,0.0,1,1
3714,532519.5,444068.5,0.0,0.0,1,1
3715,532519.5,444068.5,0.0,0.0,1,1
3716,532519.5,444068.5,0.0,0.0,1,1
3717,532497.5,444068.5,0.0,0.0,1,1
3718,532497.5,444068.5,0.0,0.0,1,1
3719,532497.5,444068.5,0.0,0.0,1,1
3720,533513.5,444068.5,0.0,0.0,1,1
3721,533513.5,444068.5,0.0,0.0,1,1
3722,533513.5,444068.5,0.0,0.0,1,1
3723,533513.5,444068.5,0.0,0.0,1,1
3724,533513.5,444068.5,0.0,0.0,1,1
3725,533513.5,444068.5,0.0,0.0,1,1
3726,533513.5,444068.5,0.0,0.0,1,1
3727,533513.5,444068.5,0.0,0.0,1,1
3728,533513.5,444068.5,0.0,0.0,1,1
3729,533513.5,444068.5,0.0,0.0,1,1
3730,533513.5,444068.5,0.0,0.0,1,1
3731,533513.5,444068.5,0.0,0.0,1,1
3732,533513.5,444068.5,0.0,0.0,1,1
3733,533513.5,444068.5,0.0,0.0,1,1
3734,533513.5,444068.5,0.0,0.0,1,1
3735,532803.0,444068.5,0.0,0.0,1,1
3736,532803.0,444068.5,0.0,0.0,1,1
3737,532803.0,444068.5,0.0,0.0,1,1
3738,532803.0,444068.5,0.0,0.0,1,1
3739,532803.0,444068.5,0.0,0.0,1,1
3740,532803.0,444068.5,0.0,0.0,1,1
3741,532803.0,444068.5,0.0,0.0,1,1
3742,532803.0,444068.5,0.0,0.0,1,1
3743,532803.0,444068.5,0.0,0.0,1,1
3744,532803.0,444068.5,0.0,0.0,1,1
3745,532803.0,444068.5,0.0,0.0,1,1
3746,532803.0,444068.5,0.0,0.0,1,1
3747,532803.0,444068.5,0.0,0.0,1,1
3748,532803.0,444068.5,0.0,0.0,1,1
3749,532803.0,444068.5,0.0,0.0,1,1
3750,532803.0,444068.5,0.0,0.0,1,1
3751,532803.0,444068.5,0.0,0.0,1,1
3752,532803.0,444068.5,0.0,0.0,1,1
3753,532803.0,444068.5,0.0,0.0,1,1
3754,532803.0,444068.5,0.0,0.0,1,1
3755,532803.0,444068.5,0.0,0.0,1,1
3756,532803.0,444068.5,0.0,0.0,1,1
3757,532803.0,444068.5,0.0,0.0,1,1
3758,532803.0,444068.5,0.0,0.0,1,1
3759,532803.0,444068.5,0.0,0.0,1,1
3760,532803.0,444068.5,0.0,0.0,1,1
3761,532803.0,444068.5,0.0,0.0,1,1
3762,532803.0,444068.5,0.0,0.0,1,1
3763,532803.0,444068.5,0.0,0.0,1,1
3764,532803.0,444068.5,0.0,0.0,1,1
3765,532803.0,444068.5,0.0,0.0,1,1
3766,532803.0,444068.5,0.0,0.0,1,1
3767,532803.0,444068.5,0.0,0.0,1,1
3768,532803.0,444068.5,0.0,0.0,1,1
3769,532803.0,444068.5,0.0,0.0,1,1
3770,532803.0,444068.5,0.0,0.0,1,1
3771,532803.0,444068.5,0.0,0.0,1,1
3772,532803.0,444068.5,0.0,0.0,1,1
3773,532803.0,444068.5,0.0,0.0,1,1
3774,532803.0,444068.5,0.0,0.0,1,1
3775,532803.0,444068.5,0.0,0.0,1,1
3776,532803.0,444068.5,0.0,0.0,1,1
3777,532803.0,444068.5,0.0,0.0,1,1
3778,532803.0,444068.5,0.0,0.0,1,1
3779,532803.0,444068.5,0.0,0.0,1,1
3780,531893.0,444068.5,0.0,0.0,1,1
3781,531893.0,444068.5,0.0,0.0,1,1
3782,531893.0,444068.5,0.0,0.0,1,1
3783,531893.0,444068.5,0.0,0.0,1,1
3784,531893.0,444068.5,0.0,0.0,1,1
3785,531893.0,444068.5,0.0,0.0,1,1
3786,531893.0,444068.5,0.0,0.0,1,1
3787,531893.0,444068.5,0.0,0.0,1,1
3788,531893.0,444068.5,0.0,0.0,1,1
3789,531893.0,444068.5,0.0,0.0,1,1
3790,531176.0,444068.5,0.0,0.0,1,1
3791,531176.0,444068.5,0.0,0.0,1,1
3792,531176.0,444068.5,0.0,0.0,1,1
3793,531176.0,444068.5,0.0,0.0,1,1
3794,531176.0,444068.5,0.0,0.0,1,1
3795,531176.0,444068.5,0.0,0.0,1,1
3796,531176.0,444068.5,0.0,0.0,1,1
3797,531176.0,444068.5,0.0,0.0,1,1
3798,531098.0,444068.5,0.0,0.0,1,1
3799,531098.0,444068.5,0.0,0.0,1,1
3800,531098.0,444068.5,0.0,0.0,1,1
3801,531098.0,444068.5,0.0,0.0,1,1
3802,531146.5,444068.5,0.0,0.0,1,1
3803,531146.5,444068.5,0.0,0.0,1,1
3804,531146.5,444068.5,0.0,0.0,1,1
3805,531146.5,444068.5,0.0,0.0,1,1
3806,531146.5,444068.5,0.0,0.0,1,1
3807,531146.5,444068.5,0.0,0.0,1,1
3808,531146.5,444068.5,0.0,0.0,1,1
3809,531146.5,444068.5,0.0,0.0,1,1
3810,531146.5,444068.5,0.0,0.0,1,1
3811,531146.5,444068.5,0.0,0.0,1,1
3812,531146.5,444068.5,0.0,0.0,1,1
3813,531146.5,444068.5,0.0,0.0,1,1
3814,531153.0,444068.5,0.0,0.0,1,1
3815,531153.0,444068.5,0.0,0.0,1,1
3816,531153.0,444068.5,0.0,0.0,1,1
3817,531153.0,444068.5,0.0,0.0,1,1
3818,531153.0,444068.5,0.0,0.0,1,1
3819,531153.0,444068.5,0.0,0.0,1,1
3820,531153.0,444068.5,0.0,0.0,1,1
3821,529538.0,444068.5,0.0,0.0,1,1
3822,529538.0,444068.5,0.0,0.0,1,1
3823,529538.0,444068.5,0.0,0.0,1,1
3824,529538.0,444068.5,0.0,0.0,1,1
3825,529538.0,444068.5,0.0,0.0,1,1
3826,529538.0,444068.5,0.0,0.0,1,1
3827,529538.0,444068.5,0.0,0.0,1,1
3828,529538.0,444068.5,0.0,0.0,1,1
3829,529538.0,444068.5,0.0,0.0,1,1
3830,529538.0,444068.5,0.0,0.0,1,1
3831,529538.0,444068.5,0.0,0.0,1,1
3832,529538.0,444068.5,0.0,0.0,1,1
3833,529538.0,444068.5,0.0,0.0,1,1
3834,529538.0,444068.5,0.0,0.0,1,1
3835,529538.0,444068.5,0.0,0.0,1,1
3836,529538.0,444068.5,0.0,0.0,1,1
3837,529538.0,444068.5,0.0,0.0,1,1
3838,529538.0,444068.5,0.0,0.0,1,1
3839,529538.0,444068.5,0.0,0.0,1,1
3840,529538.0,444068.5,0.0,0.0,1,1
3841,529538.0,444068.5,0.0,0.0,1,1
3842,529538.0,444068.5,0.0,0.0,1,1
3843,529538.0,444068.5,0.0,0.0,1,1
3844,529538.0,444068.5,0.0,0.0,1,1
3845,529538.0,444068.5,0.0,0.0,1,1
3846,529538.0,444068.5,0.0,0.0,1,1
3847,529538.0,444068.5,0.0,0.0,1,1
3848,529538.0,444068.5,0.0,0.0,1,1
3849,529538.0,444068.5,0.0,0.0,1,1
3850,529538.0,444068.5,0.0,0.0,1,1
3851,529538.0,444068.5,0.0,0.0,1,1
3852,529538.0,444068.5,0.0,0.0,1,1
3853,529538.0,444068.5,0.0,0.0,1,1
3854,529538.0,444068.5,0.0,0.0,1,1
3855,529538.0,444068.5,0.0,0.0,1,1
3856,529538.0,444068.5,0.0,0.0,1,1
3857,529538.0,444068.5,0.0,0.0,1,1
3858,529538.0,444068.5,0.0,0.0,1,1
3859,529538.0,444068.5,0.0,0.0,1,1
3860,530519.5,444068.5,0.0,0.0,1,1
3861,530519.5,444068.5,0.0,0.0,1,1
3862,530519.5,444068.5,0.0,0.0,1,1
3863,530519.5,444068.5,0.0,0.0,1,1
3864,530519.5,444068.5,0.0,0.0,1,1
3865,530519.5,444068.5,0.0,0.0,1,1
3866,530671.0,444068.5,0.0,0.0,1,1
3867,530671.0,444068.5,0.0,0.0,1,1
3868,530671.0,444068.5,0.0,0.0,1,1
3869,530671.0,444068.5,0.0,0.0,1,1
3870,530671.0,444068.5,0.0,0.0,1,1
3871,530671.0,444068.5,0.0,0.0,1,1
3872,530671.0,444068.5,0.0,0.0,1,1
3873,530671.0,444068.5,0.0,0.0,1,1
3874,530671.0,444068.5,0.0,0.0,1,1
3875,530671.0,444068.5,0.0,0.0,1,1
3876,530607.5,444068.5,0.0,0.0,1,1
3877,530607.5,444068.5,0.0,0.0,1,1
3878,530607.5,444068.5,0.0,0.0,1,1
3879,531271.0,444068.5,0.0,0.0,1,1
3880,531271.0,444068.5,0.0,0.0,1,1
3881,531271.0,444068.5,0.0,0.0,1,1
3882,531271.0,444068.5,0.0,0.0,1,1
3883,531271.0,444068.5,0.0,0.0,1,1
3884,531271.0,444068.5,0.0,0.0,1,1
3885,531271.0,444068.5,0.0,0.0,1,1
3886,531271.0,444068.5,0.0,0.0,1,1
3887,531271.0,444068.5,0.0,0.0,1,1
3888,531271.0,444068.5,0.0,0.0,1,1
3889,531271.0,444068.5,0.0,0.0,1,1
3890,531271.0,444068.5,0.0,0.0,1,1
3891,531271.0,444068.5,0.0,0.0,1,1
3892,531271.0,444068.5,0.0,0.0,1,1
3893,531271.0,444068.5,0.0,0.0,1,1
3894,531271.0,444068.5,0.0,0.0,1,1
3895,531271.0,444068.5,0.0,0.0,1,1
3896,531271.0,444068.5,0.0,0.0,1,1
3897,533983.0,444068.5,0.0,0.0,1,1
3898,534084.0,444068.5,0.0,0.0,1,1
3899,534436.0,444068.5,0.0,0.0,1,1
3900,534436.0,444068.5,0.0,0.0,1,1
3901,534436.0,444068.5,0.0,0.0,1,1
3902,534436.0,444068.5,0.0,0.0,1,1
3903,534436.0,444068.5,0.0,0.0,1,1
3904,534436.0,444068.5,0.0,0.0,1,1
3905,534434.0,444068.5,0.0,0.0,1,1
3906,534434.0,444068.5,0.0,0.0,1,1
3907,534434.0,444068.5,0.0,0.0,1,1
3908,534434.0,444068.5,0.0,0.0,1,1
3909,534434.0,444068.5,0.0,0.0,1,1
3910,534434.0,444068.5,0.0,0.0,1,1
3911,534434.0,444068.5,0.0,0.0,1,1
3912,534434.0,444068.5,0.0,0.0,1,1
3913,534434.0,444068.5,0.0,0.0,1,1
3914,534434.0,444068.5,0.0,0.0,1,1
3915,534434.0,444068.5,0.0,0.0,1,1
3916,534434.0,444068.5,0.0,0.0,1,1
3917,534434.0,444068.5,0.0,0.0,1,1
3918,534434.0,444068.5,0.0,0.0,1,1
3919,534434.0,444068.5,0.0,0.0,1,1
3920,534434.0,444068.5,0.0,0.0,1,1
3921,534434.0,444068.5,0.0,0.0,1,1
3922,534434.0,444068.5,0.0,0.0,1,1
3923,534434.0,444068.5,0.0,0.0,1,1
3924,534434.0,444068.5,0.0,0.0,1,1
3925,534434.0,444068.5,0.0,0.0,1,1
3926,534434.0,444068.5,0.0,0.0,1,1
3927,534434.0,444068.5,0.0,0.0,1,1
3928,534434.0,444068.5,0.0,0.0,1,1
3929,534434.0,444068.5,0.0,0.0,1,1
3930,534434.0,444068.5,0.0,0.0,1,1
3931,534434.0,444068.5,0.0,0.0,1,1
3932,534434.0,444068.5,0.0,0.0,1,1
3933,534434.0,444068.5,0.0,0.0,1,1
3934,534434.0,444068.5,0.0,0.0,1,1
3935,534434.0,444068.5,0.0,0.0,1,1
3936,534434.0,444068.5,0.0,0.0,1,1
3937,534434.0,444068.5,0.0,0.0,1,1
3938,534434.0,444068.5,0.0,0.0,1,1
3939,534003.0,444068.5,0.0,0.0,1,1
3940,533964.5,444068.5,0.0,0.0,1,1
3941,533964.5,444068.5,0.0,0.0,1,1
3942,533964.5,444068.5,0.0,0.0,1,1
3943,533964.5,444068.5,0.0,0.0,1,1
3944,533964.5,444068.5,0.0,0.0,1,1
3945,533964.5,444068.5,0.0,0.0,1,1
3946,533587.5,444068.5,0.0,0.0,1,1
3947,533587.5,444068.5,0.0,0.0,1,1
3948,533587.5,444068.5,0.0,0.0,1,1
3949,533587.5,444068.5,0.0,0.0,1,1
3950,533587.5,444068.5,0.0,0.0,1,1
3951,533587.5,444068.5,0.0,0.0,1,1
3952,533587.5,444068.5,0.0,0.0,1,1
3953,533587.5,444068.5,0.0,0.0,1,1
3954,533587.5,444068.5,0.0,0.0,1,1
3955,533587.5,444068.5,0.0,0.0,1,1
3956,533587.5,444068.5,0.0,0.0,1,1
3957,533587.5,444068.5,0.0,0.0,1,1
3958,533587.5,444068.5,0.0,0.0,1,1
3959,533587.5,444068.5,0.0,0.0,1,1
3960,533587.5,444068.5,0.0,0.0,1,1
3961,533587.5,444068.5,0.0,0.0,1,1
3962,533587.5,444068.5,0.0,0.0,1,1
3963,533587.5,444068.5,0.0,0.0,1,1
3964,533587.5,444068.5,0.0,0.0,1,1
3965,533572.5,444068.5,0.0,0.0,1,1
3966,532950.0,444068.5,0.0,0.0,1,1
3967,532950.0,444068.5,0.0,0.0,1,1
3968,532950.0,444068.5,0.0,0.0,1,1
3969,532950.0,444068.5,0.0,0.0,1,1
3970,532950.0,444068.5,0.0,0.0,1,1
3971,532950.0,444068.5,0.0,0.0,1,1
3972,532950.0,444068.5,0.0,0.0,1,1
3973,532950.0,444068.5,0.0,0.0,1,1
3974,532950.0,444068.5,0.0,0.0,1,1
3975,532950.0,444068.5,0.0,0.0,1,1
3976,532950.0,444068.5,0.0,0.0,1,1
3977,532950.0,444068.5,0.0,0.0,1,1
3978,532950.0,444068.5,0.0,0.0,1,1
3979,532950.0,444068.5,0.0,0.0,1,1
3980,532950.0,444068.5,0.0,0.0,1,1
3981,533065.0,444068.5,0.0,0.0,1,1
3982,533065.0,444068.5,0.0,0.0,1,1
3983,533065.0,444068.5,0.0,0.0,1,1
3984,532950.0,444068.5,0.0,0.0,1,1
3985,532950.0,444068.5,0.0,0.0,1,1
3986,532950.0,444068.5,0.0,0.0,1,1
3987,532950.0,444068.5,0.0,0.0,1,1
3988,532950.0,444068.5,0.0,0.0,1,1
3989,531590.5,444068.5,0.0,0.0,1,1
3990,531590.5,444068.5,0.0,0.0,1,1
3991,531590.5,444068.5,0.0,0.0,1,1
3992,531590.5,444068.5,0.0,0.0,1,1
3993,531590.5,444068.5,0.0,0.0,1,1
3994,531590.5,444068.5,0.0,0.0,1,1
3995,531590.5,444068.5,0.0,0.0,1,1
3996,531590.5,444068.5,0.0,0.0,1,1
3997,531590.5,444068.5,0.0,0.0,1,1
3998,531590.5,444068.5,0.0,0.0,1,1
3999,531590.5,444068.5,0.0,0.0,1,1
4000,531590.5,444068.5,0.0,0.0,1,1
4001,531590.5,444068.5,0.0,0.0,1,1
4002,531590.5,444068.5,0.0,0.0,1,1
4003,531590.5,444068.5,0.0,0.0,1,1
4004,531590.5,444068.5,0.0,0.0,1,1
4005,531590.5,444068.5,0.0,0.0,1,1
4006,531590.5,444068.5,0.0,0.0,1,1
4007,531590.5,444068.5,0.0,0.0,1,1
4008,531306.5,444068.5,0.0,0.0,1,1
4009,531306.5,444068.5,0.0,0.0,1,1
4010,531306.5,444068.5,0.0,0.0,1,1
4011,531306.5,444068.5,0.0,0.0,1,1
4012,531306.5,444068.5,0.0,0.0,1,1
4013,531306.5,444068.5,0.0,0.0,1,1
4014,531530.0,444068.5,0.0,0.0,1,1
4015,531495.5,444068.5,0.0,0.0,1,1
4016,531495.5,444068.5,0.0,0.0,1,1
4017,531495.5,444068.5,0.0,0.0,1,1
4018,531495.5,444068.5,0.0,0.0,1,1
4019,530968.5,444068.5,0.0,0.0,1,1
4020,530968.5,444068.5,0.0,0.0,1,1
4021,530968.5,444068.5,0.0,0.0,1,1
4022,530968.5,444068.5,0.0,0.0,1,1
4023,530968.5,444068.5,0.0,0.0,1,1
4024,530968.5,444068.5,0.0,0.0,1,1
4025,530968.5,444068.5,0.0,0.0,1,1
4026,530968.5,444068.5,0.0,0.0,1,1
4027,530968.5,444068.5,0.0,0.0,1,1
4028,530968.5,444068.5,0.0,0.0,1,1
4029,530968.5,444068.5,0.0,0.0,1,1
4030,530968.5,444068.5,0.0,0.0,1,1
4031,530968.5,444068.5,0.0,0.0,1,1
4032,530968.5,444068.5,0.0,0.0,1,1
4033,531090.5,444068.5,0.0,0.0,1,1
4034,531090.5,444068.5,0.0,0.0,1,1
4035,531090.5,444068.5,0.0,0.0,1,1
4036,531090.5,444068.5,0.0,0.0,1,1
4037,531090.5,444068.5,0.0,0.0,1,1
4038,531090.5,444068.5,0.0,0.0,1,1
4039,531090.5,444068.5,0.0,0.0,1,1
4040,531090.5,444068.5,0.0,0.0,1,1
4041,531090.5,444068.5,0.0,0.0,1,1
4042,531130.5,444068.5,0.0,0.0,1,1
4043,531130.5,444068.5,0.0,0.0,1,1
4044,531130.5,444068.5,0.0,0.0,1,1
4045,531091.0,444068.5,0.0,0.0,1,1
4046,531091.0,444068.5,0.0,0.0,1,1
4047,531091.0,444068.5,0.0,0.0,1,1
4048,531091.0,444068.5,0.0,0.0,1,1
4049,531091.0,444068.5,0.0,0.0,1,1
4050,531091.0,444068.5,0.0,0.0,1,1
4051,531091.0,444068.5,0.0,0.0,1,1
4052,531091.0,444068.5,0.0,0.0,1,1
4053,532433.5,444068.5,0.0,0.0,1,1
4054,532433.5,444068.5,0.0,0.0,1,1
4055,532433.5,444068.5,0.0,0.0,1,1
4056,532433.5,444068.5,0.0,0.0,1,1
4057,532433.5,444068.5,0.0,0.0,1,1
4058,531504.0,444068.5,0.0,0.0,1,1
4059,531504.0,444068.5,0.0,0.0,1,1
4060,531385.0,444068.5,0.0,0.0,1,1
4061,531385.0,444068.5,0.0,0.0,1,1
4062,531385.0,444068.5,0.0,0.0,1,1
4063,531385.0,444068.5,0.0,0.0,1,1
4064,531385.0,444068.5,0.0,0.0,1,1
4065,531385.0,444068.5,0.0,0.0,1,1
4066,531871.0,444068.5,0.0,0.0,1,1
4067,531944.0,444068.5,0.0,0.0,1,1
4068,531944.0,444068.5,0.0,0.0,1,1
4069,531944.0,444068.5,0.0,0.0,1,1
4070,531944.0,444068.5,0.0,0.0,1,1
4071,531825.0,444068.5,0.0,0.0,1,1
4072,531825.0,444068.5,0.0,0.0,1,1
4073,531825.0,444068.5,0.0,0.0,1,1
4074,531825.0,444068.5,0.0,0.0,1,1
4075,532325.5,444068.5,0.0,0.0,1,1
4076,532325.5,444068.5,0.0,0.0,1,1
4077,532325.5,444068.5,0.0,0.0,1,1
4078,532325.5,444068.5,0.0,0.0,1,1
4079,532325.5,444068.5,0.0,0.0,1,1
4080,532325.5,444068.5,0.0,0.0,1,1
4081,532325.5,444068.5,0.0,0.0,1,1
4082,532325.5,444068.5,0.0,0.0,1,1
4083,532325.5,444068.5,0.0,0.0,1,1
4084,532325.5,444068.5,0.0,0.0,1,1
4085,532325.5,444068.5,0.0,0.0,1,1
4086,532325.5,444068.5,0.0,0.0,1,1
4087,532325.5,444068.5,0.0,0.0,1,1
4088,532325.5,444068.5,0.0,0.0,1,1
4089,532325.5,444068.5,0.0,0.0,1,1
4090,532325.5,444068.5,0.0,0.0,1,1
4091,532325.5,444068.5,0.0,0.0,1,1
4092,532325.5,444068.5,0.0,0.0,1,1
4093,532325.5,444068.5,0.0,0.0,1,1
4094,532325.5,444068.5,0.0,0.0,1,1
4095,532325.5,444068.5,0.0,0.0,1,1
4096,532325.5,444068.5,0.0,0.0,1,1
4097,532325.5,444068.5,0.0,0.0,1,1
4098,532325.5,444068.5,0.0,0.0,1,1
4099,531589.0,444068.5,0.0,0.0,1,1
4100,531589.0,444068.5,0.0,0.0,1,1
4101,531594.5,444068.5,0.0,0.0,1,1
4102,531594.5,444068.5,0.0,0.0,1,1
4103,531594.5,444068.5,0.0,0.0,1,1
4104,531594.5,444068.5,0.0,0.0,1,1
4105,531594.5,444068.5,0.0,0.0,1,1
4106,531594.5,444068.5,0.0,0.0,1,1
4107,531594.5,444068.5,0.0,0.0,1,1
4108,531594.5,444068.5,0.0,0.0,1,1
4109,531594.5,444068.5,0.0,0.0,1,1
4110,531594.5,444068.5,0.0,0.0,1,1
4111,531594.5,444068.5,0.0,0.0,1,1
4112,531594.5,444068.5,0.0,0.0,1,1
4113,531594.5,444068.5,0.0,0.0,1,1
4114,531594.5,444068.5,0.0,0.0,1,1
4115,531594.5,444068.5,0.0,0.0,1,1
4116,531594.5,444068.5,0.0,0.0,1,1
4117,531594.5,444068.5,0.0,0.0,1,1
4118,531594.5,444068.5,0.0,0.0,1,1
4119,531594.5,444068.5,0.0,0.0,1,1
4120,531594.5,444068.5,0.0,0.0,1,1
4121,531594.5,444068.5,0.0,0.0,1,1
4122,531594.5,444068.5,0.0,0.0,1,1
4123,530879.5,444068.5,0.0,0.0,1,1
4124,530879.5,444068.5,0.0,0.0,1,1
4125,530879.5,444068.5,0.0,0.0,1,1
4126,530879.5,444068.5,0.0,0.0,1,1
4127,530879.5,444068.5,0.0,0.0,1,1
4128,530879.5,444068.5,0.0,0.0,1,1
4129,530879.5,444068.5,0.0,0.0,1,1
4130,530879.5,444068.5,0.0,0.0,1,1
4131,530879.5,444068.5,0.0,0.0,1,1
4132,530879.5,444068.5,0.0,0.0,1,1
4133,530879.5,444068.5,0.0,0.0,1,1
4134,530879.5,444068.5,0.0,0.0,1,1
4135,530879.5,444068.5,0.0,0.0,1,1
4136,530879.5,444068.5,0.0,0.0,1,1
4137,530879.5,444068.5,0.0,0.0,1,1
4138,531126.5,444068.5,0.0,0.0,1,1
4139,531126.5,444068.5,0.0,0.0,1,1
4140,531126.5,444068.5,0.0,0.0,1,1
4141,531126.5,444068.5,0.0,0.0,1,1
4142,531126.5,444068.5,0.0,0.0,1,1
4143,531126.5,444068.5,0.0,0.0,1,1
4144,531126.5,444068.5,0.0,0.0,1,1
4145,531137.0,444068.5,0.0,0.0,1,1
4146,531137.0,444068.5,0.0,0.0,1,1
4147,532615.5,444068.5,0.0,0.0,1,1
4148,532615.5,444068.5,0.0,0.0,1,1
4149,532615.5,444068.5,0.0,0.0,1,1
4150,532615.5,444068.5,0.0,0.0,1,1
4151,532615.5,444068.5,0.0,0.0,1,1
4152,532615.5,444068.5,0.0,0.0,1,1
4153,532615.5,444068.5,0.0,0.0,1,1
4154,532615.5,444068.5,0.0,0.0,1,1
4155,532615.5,444068.5,0.0,0.0,1,1
4156,532615.5,444068.5,0.0,0.0,1,1
4157,532615.5,444068.5,0.0,0.0,1,1
4158,532685.5,444068.5,0.0,0.0,1,1
4159,532685.5,444068.5,0.0,0.0,1,1
4160,532685.5,444068.5,0.0,0.0,1,1
4161,532685.5,444068.5,0.0,0.0,1,1
4162,532685.5,444068.5,0.0,0.0,1,1
4163,532685.5,444068.5,0.0,0.0,1,1
4164,532685.5,444068.5,0.0,0.0,1,1
4165,532685.5,444068.5,0.0,0.0,1,1
4166,532685.5,444068.5,0.0,0.0,1,1
4167,532685.5,444068.5,0.0,0.0,1,1
4168,532685.5,444068.5,0.0,0.0,1,1
4169,532685.5,444068.5,0.0,0.0,1,1
4170,532685.5,444068.5,0.0,0.0,1,1
4171,532685.5,444068.5,0.0,0.0,1,1
4172,535390.0,444068.5,0.0,0.0,1,1
4173,535390.0,444068.5,0.0,0.0,1,1
4174,535390.0,444068.5,0.0,0.0,1,1
4175,535390.0,444068.5,0.0,0.0,1,1
4176,535457.0,444068.5,0.0,0.0,1,1
4177,535457.0,444068.5,0.0,0.0,1,1
4178,535457.0,444068.5,0.0,0.0,1,1
4179,535457.0,444068.5,0.0,0.0,1,1
4180,535457.0,444068.5,0.0,0.0,1,1
4181,535457.0,444068.5,0.0,0.0,1,1
4182,535457.0,444068.5,0.0,0.0,1,1
4183,535457.0,444068.5,0.0,0.0,1,1
4184,535457.0,444068.5,0.0,0.0,1,1
4185,535705.0,444068.5,0.0,0.0,1,1
4186,535705.0,444068.5,0.0,0.0,1,1
4187,535705.0,444068.5,0.0,0.0,1,1
4188,535705.0,444068.5,0.0,0.0,1,1
4189,535705.0,444068.5,0.0,0.0,1,1
4190,535705.0,444068.5,0.0,0.0,1,1
4191,535705.0,444068.5,0.0,0.0,1,1
4192,535705.0,444068.5,0.0,0.0,1,1
4193,535705.0,444068.5,0.0,0.0,1,1
4194,535705.0,444068.5,0.0,0.0,1,1
4195,535705.0,444068.5,0.0,0.0,1,1
4196,535705.0,444068.5,0.0,0.0,1,1
4197,535705.0,444068.5,0.0,0.0,1,1
4198,535705.0,444068.5,0.0,0.0,1,1
4199,534012.5,444068.5,0.0,0.0,1,1
4200,534012.5,444068.5,0.0,0.0,1,1
4201,534012.5,444068.5,0.0,0.0,1,1
4202,534012.5,444068.5,0.0,0.0,1,1
4203,534012.5,444068.5,0.0,0.0,1,1
4204,533981.0,444068.5,0.0,0.0,1,1
4205,533981.0,444068.5,0.0,0.0,1,1
4206,533981.0,444068.5,0.0,0.0,1,1
4207,533981.0,444068.5,0.0,0.0,1,1
4208,533981.0,444068.5,0.0,0.0,1,1
4209,533981.0,444068.5,0.0,0.0,1,1
4210,533981.0,444068.5,0.0,0.0,1,1
4211,533981.0,444068.5,0.0,0.0,1,1
4212,533981.0,444068.5,0.0,0.0,1,1
4213,534042.5,444068.5,0.0,0.0,1,1
4214,534042.5,444068.5,0.0,0.0,1,1
4215,534042.5,444068.5,0.0,0.0,1,1
4216,534042.5,444068.5,0.0,0.0,1,1
4217,534042.5,444068.5,0.0,0.0,1,1
4218,534042.5,444068.5,0.0,0.0,1,1
4219,534042.5,444068.5,0.0,0.0,1,1
4220,534042.5,444068.5,0.0,0.0,1,1
4221,533501.0,444068.5,0.0,0.0,1,1
4222,533501.0,444068.5,0.0,0.0,1,1
4223,533501.0,444068.5,0.0,0.0,1,1
4224,533501.0,444068.5,0.0,0.0,1,1
4225,532301.5,444068.5,0.0,0.0,1,1
4226,532444.5,444068.5,0.0,0.0,1,1
4227,532444.5,444068.5,0.0,0.0,1,1
4228,532444.5,444068.5,0.0,0.0,1,1
4229,532472.0,444068.5,0.0,0.0,1,1
4230,532472.0,444068.5,0.0,0.0,1,1
4231,532472.0,444068.5,0.0,0.0,1,1
4232,532472.0,444068.5,0.0,0.0,1,1
4233,533386.5,444068.5,0.0,0.0,1,1
4234,533386.5,444068.5,0.0,0.0,1,1
4235,533386.5,444068.5,0.0,0.0,1,1
4236,533386.5,444068.5,0.0,0.0,1,1
4237,533386.5,444068.5,0.0,0.0,1,1
4238,533386.5,444068.5,0.0,0.0,1,1
4239,533386.5,444068.5,0.0,0.0,1,1
4240,533386.5,444068.5,0.0,0.0,1,1
4241,533397.5,444068.5,0.0,0.0,1,1
4242,533397.5,444068.5,0.0,0.0,1,1
4243,533397.5,444068.5,0.0,0.0,1,1
4244,533397.5,444068.5,0.0,0.0,1,1
4245,533397.5,444068.5,0.0,0.0,1,1
4246,533397.5,444068.5,0.0,0.0,1,1
4247,533397.5,444068.5,0.0,0.0,1,1
4248,533397.5,444068.5,0.0,0.0,1,1
4249,533397.5,444068.5,0.0,0.0,1,1
4250,533397.5,444068.5,0.0,0.0,1,1
4251,533713.0,444068.5,0.0,0.0,1,1
4252,533713.0,444068.5,0.0,0.0,1,1
4253,533753.5,444068.5,0.0,0.0,1,1
4254,533753.5,444068.5,0.0,0.0,1,1
4255,533357.5,444068.5,0.0,0.0,1,1
4256,533357.5,444068.5,0.0,0.0,1,1
4257,533331.5,444068.5,0.0,0.0,1,1
4258,533331.5,444068.5,0.0,0.0,1,1
4259,533331.5,444068.5,0.0,0.0,1,1
4260,533331.5,444068.5,0.0,0.0,1,1
4261,533331.5,444068.5,0.0,0.0,1,1
4262,533331.5,444068.5,0.0,0.0,1,1
4263,533331.5,444068.5,0.0,0.0,1,1
4264,533331.5,444068.5,0.0,0.0,1,1
4265,533331.5,444068.5,0.0,0.0,1,1
4266,533331.5,444068.5,0.0,0.0,1,1
4267,533331.5,444068.5,0.0,0.0,1,1
4268,533331.5,444068.5,0.0,0.0,1,1
4269,533331.5,444068.5,0.0,0.0,1,1
4270,533331.5,444068.5,0.0,0.0,1,1
4271,533331.5,444068.5,0.0,0.0,1,1
4272,533331.5,444068.5,0.0,0.0,1,1
4273,533331.5,444068.5,0.0,0.0,1,1
4274,533331.5,444068.5,0.0,0.0,1,1
4275,533331.5,444068.5,0.0,0.0,1,1
4276,533331.5,444068.5,0.0,0.0,1,1
4277,533331.5,444068.5,0.0,0.0,1,1
4278,533338.0,444068.5,0.0,0.0,1,1
4279,533338.0,444068.5,0.0,0.0,1,1
4280,533338.0,444068.5,0.0,0.0,1,1
4281,533338.0,444068.5,0.0,0.0,1,1
4282,533338.0,444068.5,0.0,0.0,1,1
4283,533338.0,444068.5,0.0,0.0,1,1
4284,535469.0,444068.5,0.0,0.0,1,1
4285,535469.0,444068.5,0.0,0.0,1,1
4286,535469.0,444068.5,0.0,0.0,1,1
4287,535985.9993325919,444068.5,0.0,0.0,1,1
4288,535985.9993325919,444068.5,0.0,0.0,1,1
4289,535501.4993325919,444068.5,0.0,0.0,1,1
4290,535626.999833148,444068.5,0.0,0.0,1,1
4291,535626.999833148,444068.5,0.0,0.0,1,1
4292,535626.999833148,444068.5,0.0,0.0,1,1
4293,535626.999833148,444068.5,0.0,0.0,1,1
4294,535626.999833148,444068.5,0.0,0.0,1,1
4295,535626.999833148,444068.5,0.0,0.0,1,1
4296,535626.999833148,444068.5,0.0,0.0,1,1
4297,535626.999833148,444068.5,0.0,0.0,1,1
4298,535626.999833148,444068.5,0.0,0.0,1,1
4299,535626.999833148,444068.5,0.0,0.0,1,1
4300,535626.999833148,444068.5,0.0,0.0,1,1
4301,535626.999833148,444068.5,0.0,0.0,1,1
4302,535626.999833148,444068.5,0.0,0.0,1,1
4303,535626.999833148,444068.5,0.0,0.0,1,1
4304,535626.999833148,444068.5,0.0,0.0,1,1
4305,535626.999833148,444068.5,0.0,0.0,1,1
4306,535626.999833148,444068.5,0.0,0.0,1,1
4307,535626.999833148,444068.5,0.0,0.0,1,1
4308,535626.999833148,444068.5,0.0,0.0,1,1
4309,535626.999833148,444068.5,0.0,0.0,1,1
4310,535626.999833148,444068.5,0.0,0.0,1,1
4311,535626.999833148,444068.5,0.0,0.0,1,1
4312,535626.999833148,444068.5,0.0,0.0,1,1
4313,535626.999833148,444068.5,0.0,0.0,1,1
4314,535626.999833148,444068.5,0.0,0.0,1,1
4315,535626.999833148,444068.5,0.0,0.0,1,1
4316,535862.499833148,444068.5,0.0,0.0,1,1
4317,535972.999833148,444068.5,0.0,0.0,1,1
4318,535972.999833148,444068.5,0.0,0.0,1,1
4319,535972.999833148,444068.5,0.0,0.0,1,1
4320,535972.999833148,444068.5,0.0,0.0,1,1
4321,535972.999833148,444068.5,0.0,0.0,1,1
4322,535972.999833148,444068.5,0.0,0.0,1,1
4323,535972.999833148,444068.5,0.0,0.0,1,1
4324,535972.999833148,444068.5,0.0,0.0,1,1
4325,535972.999833148,444068.5,0.0,0.0,1,1
4326,535972.999833148,444068.5,0.0,0.0,1,1
4327,535972.999833148,444068.5,0.0,0.0,1,1
4328,535972.999833148,444068.5,0.0,0.0,1,1
4329,535972.999833148,444068.5,0.0,0.0,1,1
4330,535972.999833148,444068.5,0.0,0.0,1,1
4331,535972.999833148,444068.5,0.0,0.0,1,1
4332,535972.999833148,444068.5,0.0,0.0,1,1
4333,535776.499833148,444068.5,0.0,0.0,1,1
4334,535740.999833148,444068.5,0.0,0.0,1,1
4335,534015.999666296,444068.5,0.0,0.0,1,1
4336,534015.999666296,444068.5,0.0,0.0,1,1
4337,534015.999666296,444068.5,0.0,0.0,1,1
4338,534015.999666296,444068.5,0.0,0.0,1,1
4339,534015.999666296,444068.5,0.0,0.0,1,1
4340,534015.999666296,444068.5,0.0,0.0,1,1
4341,534015.999666296,444068.5,0.0,0.0,1,1
4342,534015.999666296,444068.5,0.0,0.0,1,1
4343,534015.999666296,444068.5,0.0,0.0,1,1
4344,534562.999833148,444068.5,0.0,0.0,1,1
4345,534562.999833148,444068.5,0.0,0.0,1,1
4346,534562.999833148,444068.5,0.0,0.0,1,1
4347,534562.999833148,444068.5,0.0,0.0,1,1
4348,534562.999833148,444068.5,0.0,0.0,1,1
4349,535129.999666296,444068.5,0.0,0.0,1,1
4350,535167.499666296,444068.5,0.0,0.0,1,1
4351,535167.499666296,444068.5,0.0,0.0,1,1
4352,535167.499666296,444068.5,0.0,0.0,1,1
4353,535167.499666296,444068.5,0.0,0.0,1,1
4354,535167.499666296,444068.5,0.0,0.0,1,1
4355,535167.499666296,444068.5,0.0,0.0,1,1
4356,535718.999666296,444068.5,0.0,0.0,1,1
4357,535718.999666296,444068.5,0.0,0.0,1,1
4358,533215.999666296,444068.5,0.0,0.0,1,1
4359,533215.999666296,444068.5,0.0,0.0,1,1
4360,533215.999666296,444068.5,0.0,0.0,1,1
4361,533215.999666296,444068.5,0.0,0.0,1,1
4362,533215.999666296,444068.5,0.0,0.0,1,1
4363,533215.999666296,444068.5,0.0,0.0,1,1
4364,533215.999666296,444068.5,0.0,0.0,1,1
4365,533215.999666296,444068.5,0.0,0.0,1,1
4366,533215.999666296,444068.5,0.0,0.0,1,1
4367,533215.999666296,444068.5,0.0,0.0,1,1
4368,533215.999666296,444068.5,0.0,0.0,1,1
4369,533215.999666296,444068.5,0.0,0.0,1,1
4370,533215.999666296,444068.5,0.0,0.0,1,1
4371,533215.999666296,444068.5,0.0,0.0,1,1
4372,533215.999666296,444068.5,0.0,0.0,1,1
4373,533215.999666296,444068.5,0.0,0.0,1,1
4374,533215.999666296,444068.5,0.0,0.0,1,1
4375,533215.999666296,444068.5,0.0,0.0,1,1
4376,533215.999666296,444068.5,0.0,0.0,1,1
4377,533215.999666296,444068.5,0.0,0.0,1,1
4378,533215.999666296,444068.5,0.0,0.0,1,1
4379,533365.999666296,444068.5,0.0,0.0,1,1
4380,533379.499666296,444068.5,0.0,0.0,1,1
4381,533379.499666296,444068.5,0.0,0.0,1,1
4382,533379.499666296,444068.5,0.0,0.0,1,1
4383,532906.999666296,444068.5,0.0,0.0,1,1
4384,532906.999666296,444068.5,0.0,0.0,1,1
4385,532906.999666296,444068.5,0.0,0.0,1,1
4386,532906.999666296,444068.5,0.0,0.0,1,1
4387,532906.999666296,444068.5,0.0,0.0,1,1
4388,532906.999666296,444068.5,0.0,0.0,1,1
4389,532906.999666296,444068.5,0.0,0.0,1,1
4390,532906.999666296,444068.5,0.0,0.0,1,1
4391,532906.999666296,444068.5,0.0,0.0,1,1
4392,532906.999666296,444068.5,0.0,0.0,1,1
4393,532906.999666296,444068.5,0.0,0.0,1,1
4394,532906.999666296,444068.5,0.0,0.0,1,1
4395,532906.999666296,444068.5,0.0,0.0,1,1
4396,532906.999666296,444068.5,0.0,0.0,1,1
4397,532906.999666296,444068.5,0.0,0.0,1,1
4398,532906.999666296,444068.5,0.0,0.0,1,1
4399,532906.999666296,444068.5,0.0,0.0,1,1
4400,532906.999666296,444068.5,0.0,0.0,1,1
4401,532906.999666296,444068.5,0.0,0.0,1,1
4402,532906.999666296,444068.5,0.0,0.0,1,1
4403,532906.999666296,444068.5,0.0,0.0,1,1
4404,532906.999666296,444068.5,0.0,0.0,1,1
4405,532906.999666296,444068.5,0.0,0.0,1,1
4406,532906.999666296,444068.5,0.0,0.0,1,1
4407,532906.999666296,444068.5,0.0,0.0,1,1
4408,532906.999666296,444068.5,0.0,0.0,1,1
4409,532906.999666296,444068.5,0.0,0.0,1,1
4410,532906.999666296,444068.5,0.0,0.0,1,1
4411,532906.999666296,444068.5,0.0,0.0,1,1
4412,532906.999666296,444068.5,0.0,0.0,1,1
4413,535433.9991657399,444068.5,0.0,0.0,1,1
4414,535433.9991657399,444068.5,0.0,0.0,1,1
4415,535433.9991657399,444068.5,0.0,0.0,1,1
4416,535433.9991657399,444068.5,0.0,0.0,1,1
4417,535433.9991657399,444068.5,0.0,0.0,1,1
4418,535433.9991657399,444068.5,0.0,0.0,1,1
4419,535433.9991657399,444068.5,0.0,0.0,1,1
4420,535433.9991657399,444068.5,0.0,0.0,1,1
4421,535433.9991657399,444068.5,0.0,0.0,1,1
4422,535433.9991657399,444068.5,0.0,0.0,1,1
4423,535433.9991657399,444068.5,0.0,0.0,1,1
4424,535433.9991657399,444068.5,0.0,0.0,1,1
4425,535433.9991657399,444068.5,0.0,0.0,1,1
4426,535433.9991657399,444068.5,0.0,0.0,1,1
4427,535433.9991657399,444068.5,0.0,0.0,1,1
4428,535433.9991657399,444068.5,0.0,0.0,1,1
4429,535433.9991657399,444068.5,0.0,0.0,1,1
4430,535433.9991657399,444068.5,0.0,0.0,1,1
4431,535433.9991657399,444068.5,0.0,0.0,1,1
4432,535433.9991657399,444068.5,0.0,0.0,1,1
4433,535433.9991657399,444068.5,0.0,0.0,1,1
4434,535433.9991657399,444068.5,0.0,0.0,1,1
4435,535433.9991657399,444068.5,0.0,0.0,1,1
4436,534786.9989988878,444068.5,0.0,0.0,1,1
4437,534786.9989988878,444068.5,0.0,0.0,1,1
4438,534458.9989988878,444068.5,0.0,0.0,1,1
4439,534458.9989988878,444068.5,0.0,0.0,1,1
4440,534458.9989988878,444068.5,0.0,0.0,1,1
4441,534458.9989988878,444068.5,0.0,0.0,1,1
4442,534458.9989988878,444068.5,0.0,0.0,1,1
4443,534561.9988320358,444068.5,0.0,0.0,1,1
4444,534503.9988320358,444068.5,0.0,0.0,1,1
4445,534503.9988320358,444068.5,0.0,0.0,1,1
4446,534503.9988320358,444068.5,0.0,0.0,1,1
4447,534503.9988320358,444068.5,0.0,0.0,1,1
4448,534503.9988320358,444068.5,0.0,0.0,1,1
4449,534503.9988320358,444068.5,0.0,0.0,1,1
4450,534503.9988320358,444068.5,0.0,0.0,1,1
4451,534503.9988320358,444068.5,0.0,0.0,1,1
4452,534503.9988320358,444068.5,0.0,0.0,1,1
4453,534503.9988320358,444068.5,0.0,0.0,1,1
4454,534503.9988320358,444068.5,0.0,0.0,1,1
4455,534503.9988320358,444068.5,0.0,0.0,1,1
4456,534503.9988320358,444068.5,0.0,0.0,1,1
4457,534503.9988320358,444068.5,0.0,0.0,1,1
4458,536237.9991657399,444068.5,0.0,0.0,1,1
4459,536237.9991657399,444068.5,0.0,0.0,1,1
4460,536237.9991657399,444068.5,0.0,0.0,1,1
4461,536237.9991657399,444068.5,0.0,0.0,1,1
4462,536237.9991657399,444068.5,0.0,0.0,1,1
4463,536237.9991657399,444068.5,0.0,0.0,1,1
4464,536237.9991657399,444068.5,0.0,0.0,1,1
4465,536237.9991657399,444068.5,0.0,0.0,1,1
4466,536237.9991657399,444068.5,0.0,0.0,1,1
4467,536237.9991657399,444068.5,0.0,0.0,1,1
4468,536237.9991657399,444068.5,0.0,0.0,1,1
4469,536237.9991657399,444068.5,0.0,0.0,1,1
4470,536237.9991657399,444068.5,0.0,0.0,1,1
4471,536237.9991657399,444068.5,0.0,0.0,1,1
4472,536237.9991657399,444068.5,0.0,0.0,1,1
4473,536237.9991657399,444068.5,0.0,0.0,1,1
4474,536237.9991657399,444068.5,0.0,0.0,1,1
4475,536237.9991657399,444068.5,0.0,0.0,1,1
4476,536035.4991657399,444068.5,0.0,0.0,1,1
4477,536035.4991657399,444068.5,0.0,0.0,1,1
4478,536035.4991657399,444068.5,0.0,0.0,1,1
4479,536035.4991657399,444068.5,0.0,0.0,1,1
4480,536035.4991657399,444068.5,0.0,0.0,1,1
4481,536035.4991657399,444068.5,0.0,0.0,1,1
4482,536035.4991657399,444068.5,0.0,0.0,1,1
4483,536035.4991657399,444068.5,0.0,0.0,1,1
4484,536035.4991657399,444068.5,0.0,0.0,1,1
4485,536035.4991657399,444068.5,0.0,0.0,1,1
4486,536035.4991657399,444068.5,0.0,0.0,1,1
4487,536035.4991657399,444068.5,0.0,0.0,1,1
4488,536035.4991657399,444068.5,0.0,0.0,1,1
4489,536035.4991657399,444068.5,0.0,0.0,1,1
4490,536035.4991657399,444068.5,0.0,0.0,1,1
4491,536035.4991657399,444068.5,0.0,0.0,1,1
4492,536035.4991657399,444068.5,0.0,0.0,1,1
4493,536035.4991657399,444068.5,0.0,0.0,1,1
4494,536035.4991657399,444068.5,0.0,0.0,1,1
4495,535954.4991657399,444068.5,0.0,0.0,1,1
4496,535954.4991657399,444068.5,0.0,0.0,1,1
4497,535954.4991657399,444068.5,0.0,0.0,1,1
4498,535954.4991657399,444068.5,0.0,0.0,1,1
4499,535954.4991657399,444068.5,0.0,0.0,1,1
4500,535954.4991657399,444068.5,0.0,0.0,1,1
4501,535954.4991657399,444068.5,0.0,0.0,1,1
4502,535954.4991657399,444068.5,0.0,0.0,1,1
4503,535954.4991657399,444068.5,0.0,0.0,1,1
4504,535954.4991657399,444068.5,0.0,0.0,1,1
4505,535954.4991657399,444068.5,0.0,0.0,1,1
4506,535954.4991657399,444068.5,0.0,0.0,1,1
4507,535954.4991657399,444068.5,0.0,0.0,1,1
4508,535954.4991657399,444068.5,0.0,0.0,1,1
4509,535954.4991657399,444068.5,0.0,0.0,1,1
4510,535954.4991657399,444068.5,0.0,0.0,1,1
4511,535954.4991657399,444068.5,0.0,0.0,1,1
4512,535954.4991657399,444068.5,0.0,0.0,1,1
4513,535954.4991657399,444068.5,0.0,0.0,1,1
4514,535954.4991657399,444068.5,0.0,0.0,1,1
4515,535954.4991657399,444068.5,0.0,0.0,1,1
4516,535954.4991657399,444068.5,0.0,0.0,1,1
4517,535954.4991657399,444068.5,0.0,0.0,1,1
4518,535954.4991657399,444068.5,0.0,0.0,1,1
4519,535954.4991657399,444068.5,0.0,0.0,1,1
4520,535954.4991657399,444068.5,0.0,0.0,1,1
4521,535954.4991657399,444068.5,0.0,0.0,1,1
4522,535754.4991657399,444068.5,0.0,0.0,1,1
4523,535754.4991657399,444068.5,0.0,0.0,1,1
4524,535956.9991657399,444068.5,0.0,0.0,1,1
4525,535956.9991657399,444068.5,0.0,0.0,1,1
4526,538920.9989988878,444068.5,0.0,0.0,1,1
4527,538920.9989988878,444068.5,0.0,0.0,1,1
4528,539002.9989988878,444068.5,0.0,0.0,1,1
4529,539002.9989988878,444068.5,0.0,0.0,1,1
4530,539002.9989988878,444068.5,0.0,0.0,1,1
4531,539002.9989988878,444068.5,0.0,0.0,1,1
4532,539002.9989988878,444068.5,0.0,0.0,1,1
4533,539002.9989988878,444068.5,0.0,0.0,1,1
4534,539002.9989988878,444068.5,0.0,0.0,1,1
4535,539002.9989988878,444068.5,0.0,0.0,1,1
4536,539002.9989988878,444068.5,0.0,0.0,1,1
4537,539002.9989988878,444068.5,0.0,0.0,1,1
4538,539002.9989988878,444068.5,0.0,0.0,1,1
4539,539002.9989988878,444068.5,0.0,0.0,1,1
4540,539002.9989988878,444068.5,0.0,0.0,1,1
4541,539002.9989988878,444068.5,0.0,0.0,1,1
4542,539060.9989988878,444068.5,0.0,0.0,1,1
4543,538878.9989988878,444068.5,0.0,0.0,1,1
4544,538878.9989988878,444068.5,0.0,0.0,1,1
4545,538878.9989988878,444068.5,0.0,0.0,1,1
4546,538735.4988320358,444068.5,0.0,0.0,1,1
4547,538735.4988320358,444068.5,0.0,0.0,1,1
4548,539058.9988320358,444068.5,0.0,0.0,1,1
4549,539058.9988320358,444068.5,0.0,0.0,1,1
4550,539058.9988320358,444068.5,0.0,0.0,1,1
4551,539058.9988320358,444068.5,0.0,0.0,1,1
4552,539058.9988320358,444068.5,0.0,0.0,1,1
4553,539058.9988320358,444068.5,0.0,0.0,1,1
4554,539058.9988320358,444068.5,0.0,0.0,1,1
4555,539058.9988320358,444068.5,0.0,0.0,1,1
4556,539058.9988320358,444068.5,0.0,0.0,1,1
4557,539058.9988320358,444068.5,0.0,0.0,1,1
4558,539058.9988320358,444068.5,0.0,0.0,1,1
4559,539058.9988320358,444068.5,0.0,0.0,1,1
4560,539058.9988320358,444068.5,0.0,0.0,1,1
4561,539058.9988320358,444068.5,0.0,0.0,1,1
4562,539058.9988320358,444068.5,0.0,0.0,1,1
4563,539058.9988320358,444068.5,0.0,0.0,1,1
4564,539058.9988320358,444068.5,0.0,0.0,1,1
4565,539058.9988320358,444068.5,0.0,0.0,1,1
4566,537184.499666296,444068.5,0.0,0.0,1,1
4567,537184.499666296,444068.5,0.0,0.0,1,1
4568,537184.499666296,444068.5,0.0,0.0,1,1
4569,537184.499666296,444068.5,0.0,0.0,1,1
4570,537184.499666296,444068.5,0.0,0.0,1,1
4571,537184.499666296,444068.5,0.0,0.0,1,1
4572,537184.499666296,444068.5,0.0,0.0,1,1
4573,537184.499666296,444068.5,0.0,0.0,1,1
4574,537184.499666296,444068.5,0.0,0.0,1,1
4575,537184.499666296,444068.5,0.0,0.0,1,1
4576,537208.499666296,444068.5,0.0,0.0,1,1
4577,536827.9986651838,444068.5,0.0,0.0,1,1
4578,536827.9986651838,444068.5,0.0,0.0,1,1
4579,536827.9986651838,444068.5,0.0,0.0,1,1
4580,536827.9986651838,444068.5,0.0,0.0,1,1
4581,537175.4986651838,444068.5,0.0,0.0,1,1
4582,537175.4986651838,444068.5,0.0,0.0,1,1
4583,537175.4986651838,444068.5,0.0,0.0,1,1
4584,537175.4986651838,444068.5,0.0,0.0,1,1
4585,537175.4986651838,444068.5,0.0,0.0,1,1
4586,537175.4986651838,444068.5,0.0,0.0,1,1
4587,537175.4986651838,444068.5,0.0,0.0,1,1
4588,537175.4986651838,444068.5,0.0,0.0,1,1
4589,537175.4986651838,444068.5,0.0,0.0,1,1
4590,537175.4986651838,444068.5,0.0,0.0,1,1
4591,537175.4986651838,444068.5,0.0,0.0,1,1
4592,537175.4986651838,444068.5,0.0,0.0,1,1
4593,537245.4988320358,444068.5,0.0,0.0,1,1
4594,537245.4988320358,444068.5,0.0,0.0,1,1
4595,537245.4988320358,444068.5,0.0,0.0,1,1
4596,537245.4988320358,444068.5,0.0,0.0,1,1
4597,537245.4988320358,444068.5,0.0,0.0,1,1
4598,537538.4986651838,444068.5,0.0,0.0,1,1
4599,537538.4986651838,444068.5,0.0,0.0,1,1
4600,537538.4986651838,444068.5,0.0,0.0,1,1
4601,537538.4986651838,444068.5,0.0,0.0,1,1
4602,537538.4986651838,444068.5,0.0,0.0,1,1
4603,536706.4986651838,444068.5,0.0,0.0,1,1
4604,536706.4986651838,444068.5,0.0,0.0,1,1
4605,536706.4986651838,444068.5,0.0,0.0,1,1
4606,536706.4986651838,444068.5,0.0,0.0,1,1
4607,536706.4986651838,444068.5,0.0,0.0,1,1
4608,536706.4986651838,444068.5,0.0,0.0,1,1
4609,536706.4986651838,444068.5,0.0,0.0,1,1
4610,536706.4986651838,444068.5,0.0,0.0,1,1
4611,536706.4986651838,444068.5,0.0,0.0,1,1
4612,536706.4986651838,444068.5,0.0,0.0,1,1
4613,536706.4986651838,444068.5,0.0,0.0,1,1
4614,536706.4986651838,444068.5,0.0,0.0,1,1
4615,536706.4986651838,444068.5,0.0,0.0,1,1
4616,536706.4986651838,444068.5,0.0,0.0,1,1
4617,536706.4986651838,444068.5,0.0,0.0,1,1
4618,536706.4986651838,444068.5,0.0,0.0,1,1
4619,536706.4986651838,444068.5,0.0,0.0,1,1
4620,536706.4986651838,444068.5,0.0,0.0,1,1
4621,536706.4986651838,444068.5,0.0,0.0,1,1
4622,536706.4986651838,444068.5,0.0,0.0,1,1
4623,536706.4986651838,444068.5,0.0,0.0,1,1
4624,536706.4986651838,444068.5,0.0,0.0,1,1
4625,536706.4986651838,444068.5,0.0,0.0,1,1
4626,537615.4986651838,444068.5,0.0,0.0,1,1
4627,537615.4986651838,444068.5,0.0,0.0,1,1
4628,537615.4986651838,444068.5,0.0,0.0,1,1
4629,537615.4986651838,444068.5,0.0,0.0,1,1
4630,537615.4986651838,444068.5,0.0,0.0,1,1
4631,537615.4986651838,444068.5,0.0,0.0,1,1
4632,537615.4986651838,444068.5,0.0,0.0,1,1
4633,537615.4986651838,444068.5,0.0,0.0,1,1
4634,537615.4986651838,444068.5,0.0,0.0,1,1
4635,537615.4986651838,444068.5,0.0,0.0,1,1
4636,537615.4986651838,444068.5,0.0,0.0,1,1
4637,537894.4986651838,444068.5,0.0,0.0,1,1
4638,537894.4986651838,444068.5,0.0,0.0,1,1
4639,537894.4986651838,444068.5,0.0,0.0,1,1
4640,537894.4986651838,444068.5,0.0,0.0,1,1
4641,537894.4986651838,444068.5,0.0,0.0,1,1
4642,537894.4986651838,444068.5,0.0,0.0,1,1
4643,537548.9993325919,444068.5,0.0,0.0,1,1
4644,537548.9993325919,444068.5,0.0,0.0,1,1
4645,537543.4993325919,444068.5,0.0,0.0,1,1
4646,537543.4993325919,444068.5,0.0,0.0,1,1
4647,537375.9993325919,444068.5,0.0,0.0,1,1
4648,538893.4984983318,444068.5,0.0,0.0,1,1
4649,538893.4984983318,444068.5,0.0,0.0,1,1
4650,538893.4984983318,444068.5,0.0,0.0,1,1
4651,538893.4984983318,444068.5,0.0,0.0,1,1
4652,538893.4984983318,444068.5,0.0,0.0,1,1
4653,538893.4984983318,444068.5,0.0,0.0,1,1
4654,538893.4984983318,444068.5,0.0,0.0,1,1
4655,538893.4984983318,444068.5,0.0,0.0,1,1
4656,538893.4984983318,444068.5,0.0,0.0,1,1
4657,538893.4984983318,444068.5,0.0,0.0,1,1
4658,538893.4984983318,444068.5,0.0,0.0,1,1
4659,538893.4984983318,444068.5,0.0,0.0,1,1
4660,538893.4984983318,444068.5,0.0,0.0,1,1
4661,538883.9984983318,444068.5,0.0,0.0,1,1
4662,538883.9984983318,444068.5,0.0,0.0,1,1
4663,538883.9984983318,444068.5,0.0,0.0,1,1
4664,539388.9983314797,444068.5,0.0,0.0,1,1
4665,539388.9983314797,444068.5,0.0,0.0,1,1
4666,539388.9983314797,444068.5,0.0,0.0,1,1
4667,539388.9983314797,444068.5,0.0,0.0,1,1
4668,539388.9983314797,444068.5,0.0,0.0,1,1
4669,539388.9983314797,444068.5,0.0,0.0,1,1
4670,539388.9983314797,444068.5,0.0,0.0,1,1
4671,539388.9983314797,444068.5,0.0,0.0,1,1
4672,539388.9983314797,444068.5,0.0,0.0,1,1
4673,539388.9983314797,444068.5,0.0,0.0,1,1
4674,539388.9983314797,444068.5,0.0,0.0,1,1
4675,539388.9983314797,444068.5,0.0,0.0,1,1
4676,539388.9983314797,444068.5,0.0,0.0,1,1
4677,539388.9983314797,444068.5,0.0,0.0,1,1
4678,539388.9983314797,444068.5,0.0,0.0,1,1
4679,539323.9981646277,444068.5,0.0,0.0,1,1
4680,539323.9981646277,444068.5,0.0,0.0,1,1
4681,539323.9981646277,444068.5,0.0,0.0,1,1
4682,539323.9981646277,444068.5,0.0,0.0,1,1
4683,539323.9981646277,444068.5,0.0,0.0,1,1
4684,539323.9981646277,444068.5,0.0,0.0,1,1
4685,539323.9981646277,444068.5,0.0,0.0,1,1
4686,539323.9981646277,444068.5,0.0,0.0,1,1
4687,539323.9981646277,444068.5,0.0,0.0,1,1
4688,539323.9981646277,444068.5,0.0,0.0,1,1
4689,539323.9981646277,444068.5,0.0,0.0,1,1
4690,539323.9981646277,444068.5,0.0,0.0,1,1
4691,539323.9981646277,444068.5,0.0,0.0,1,1
4692,539323.9981646277,444068.5,0.0,0.0,1,1
4693,539323.9981646277,444068.5,0.0,0.0,1,1
4694,539441.9983314797,444068.5,0.0,0.0,1,1
4695,539441.9983314797,444068.5,0.0,0.0,1,1
4696,539441.9983314797,444068.5,0.0,0.0,1,1
4697,539441.9983314797,444068.5,0.0,0.0,1,1
4698,539441.9983314797,444068.5,0.0,0.0,1,1
4699,539441.9983314797,444068.5,0.0,0.0,1,1
4700,539441.9983314797,444068.5,0.0,0.0,1,1
4701,539441.9983314797,444068.5,0.0,0.0,1,1
4702,539441.9983314797,444068.5,0.0,0.0,1,1
4703,539441.9983314797,444068.5,0.0,0.0,1,1
4704,539441.9983314797,444068.5,0.0,0.0,1,1
4705,539441.9983314797,444068.5,0.0,0.0,1,1
4706,539441.9983314797,444068.5,0.0,0.0,1,1
4707,539441.9983314797,444068.5,0.0,0.0,1,1
4708,539221.4983314797,444068.5,0.0,0.0,1,1
4709,539221.4983314797,444068.5,0.0,0.0,1,1
4710,539221.4983314797,444068.5,0.0,0.0,1,1
4711,539053.9983314797,444068.5,0.0,0.0,1,1
4712,538419.9983314797,444068.5,0.0,0.0,1,1
4713,538419.9983314797,444068.5,0.0,0.0,1,1
4714,538233.4983314797,444068.5,0.0,0.0,1,1
4715,538233.4983314797,444068.5,0.0,0.0,1,1
4716,538233.4983314797,444068.5,0.0,0.0,1,1
4717,538233.4983314797,444068.5,0.0,0.0,1,1
4718,538233.4983314797,444068.5,0.0,0.0,1,1
4719,538233.4983314797,444068.5,0.0,0.0,1,1
4720,538233.4983314797,444068.5,0.0,0.0,1,1
4721,538233.4983314797,444068.5,0.0,0.0,1,1
4722,538233.4983314797,444068.5,0.0,0.0,1,1
4723,538233.4983314797,444068.5,0.0,0.0,1,1
4724,538180.4983314797,444068.5,0.0,0.0,1,1
4725,538180.4983314797,444068.5,0.0,0.0,1,1
4726,538180.4983314797,444068.5,0.0,0.0,1,1
4727,538180.4983314797,444068.5,0.0,0.0,1,1
4728,538180.4983314797,444068.5,0.0,0.0,1,1
4729,538180.4983314797,444068.5,0.0,0.0,1,1
4730,538180.4983314797,444068.5,0.0,0.0,1,1
4731,538180.4983314797,444068.5,0.0,0.0,1,1
4732,538180.4983314797,444068.5,0.0,0.0,1,1
4733,538180.4983314797,444068.5,0.0,0.0,1,1
4734,538180.4983314797,444068.5,0.0,0.0,1,1
4735,538180.4983314797,444068.5,0.0,0.0,1,1
4736,538180.4983314797,444068.5,0.0,0.0,1,1
4737,538180.4983314797,444068.5,0.0,0.0,1,1
4738,538180.4983314797,444068.5,0.0,0.0,1,1
4739,538180.4983314797,444068.5,0.0,0.0,1,1
4740,538180.4983314797,444068.5,0.0,0.0,1,1
4741,538180.4983314797,444068.5,0.0,0.0,1,1
4742,538180.4983314797,444068.5,0.0,0.0,1,1
4743,538180.4983314797,444068.5,0.0,0.0,1,1
4744,538180.4983314797,444068.5,0.0,0.0,1,1
4745,538180.4983314797,444068.5,0.0,0.0,1,1
4746,538180.4983314797,444068.5,0.0,0.0,1,1
4747,538180.4983314797,444068.5,0.0,0.0,1,1
4748,538180.4983314797,444068.5,0.0,0.0,1,1
4749,538180.4983314797,444068.5,0.0,0.0,1,1
4750,538180.4983314797,444068.5,0.0,0.0,1,1
4751,538180.4983314797,444068.5,0.0,0.0,1,1
4752,538180.4983314797,444068.5,0.0,0.0,1,1
4753,538180.4983314797,444068.5,0.0,0.0,1,1
4754,538180.4983314797,444068.5,0.0,0.0,1,1
4755,538180.4983314797,444068.5,0.0,0.0,1,1
4756,538180.4983314797,444068.5,0.0,0.0,1,1
4757,538180.4983314797,444068.5,0.0,0.0,1,1
4758,538180.4983314797,444068.5,0.0,0.0,1,1
4759,538180.4983314797,444068.5,0.0,0.0,1,1
4760,538180.4983314797,444068.5,0.0,0.0,1,1
4761,538180.4983314797,444068.5,0.0,0.0,1,1
4762,538180.4983314797,444068.5,0.0,0.0,1,1
4763,538180.4983314797,444068.5,0.0,0.0,1,1
4764,538180.4983314797,444068.5,0.0,0.0,1,1
4765,538180.4983314797,444068.5,0.0,0.0,1,1
4766,538180.4983314797,444068.5,0.0,0.0,1,1
4767,539050.4978309236,444068.5,0.0,0.0,1,1
4768,539199.9978309236,444068.5,0.0,0.0,1,1
4769,539199.9978309236,444068.5,0.0,0.0,1,1
4770,539199.9978309236,444068.5,0.0,0.0,1,1
4771,539199.9978309236,444068.5,0.0,0.0,1,1
4772,539153.4978309236,444068.5,0.0,0.0,1,1
4773,539153.4978309236,444068.5,0.0,0.0,1,1
4774,539153.4978309236,444068.5,0.0,0.0,1,1
4775,539153.4978309236,444068.5,0.0,0.0,1,1
4776,539153.4978309236,444068.5,0.0,0.0,1,1
4777,539153.4978309236,444068.5,0.0,0.0,1,1
4778,539153.4978309236,444068.5,0.0,0.0,1,1
4779,539153.4978309236,444068.5,0.0,0.0,1,1
4780,539153.4978309236,444068.5,0.0,0.0,1,1
4781,539153.4978309236,444068.5,0.0,0.0,1,1
4782,539153.4978309236,444068.5,0.0,0.0,1,1
4783,539153.4978309236,444068.5,0.0,0.0,1,1
4784,539153.4978309236,444068.5,0.0,0.0,1,1
4785,539153.4978309236,444068.5,0.0,0.0,1,1
4786,539199.9978309236,444068.5,0.0,0.0,1,1
4787,539199.9978309236,444068.5,0.0,0.0,1,1
4788,539199.9978309236,444068.5,0.0,0.0,1,1
4789,539199.9978309236,444068.5,0.0,0.0,1,1
4790,539199.9978309236,444068.5,0.0,0.0,1,1
4791,539199.9978309236,444068.5,0.0,0.0,1,1
4792,539199.9978309236,444068.5,0.0,0.0,1,1
4793,539199.9978309236,444068.5,0.0,0.0,1,1
4794,539199.9978309236,444068.5,0.0,0.0,1,1
4795,539199.9978309236,444068.5,0.0,0.0,1,1
4796,539199.9978309236,444068.5,0.0,0.0,1,1
4797,539199.9978309236,444068.5,0.0,0.0,1,1
4798,538170.9978309236,444068.5,0.0,0.0,1,1
4799,538170.9978309236,444068.5,0.0,0.0,1,1
4800,538170.9978309236,444068.5,0.0,0.0,1,1
4801,538170.9978309236,444068.5,0.0,0.0,1,1
4802,538170.9978309236,444068.5,0.0,0.0,1,1
4803,538170.9978309236,444068.5,0.0,0.0,1,1
4804,538170.9978309236,444068.5,0.0,0.0,1,1
4805,538170.9978309236,444068.5,0.0,0.0,1,1
4806,538170.9978309236,444068.5,0.0,0.0,1,1
4807,538170.9978309236,444068.5,0.0,0.0,1,1
4808,538170.9978309236,444068.5,0.0,0.0,1,1
4809,538170.9978309236,444068.5,0.0,0.0,1,1
4810,538170.9978309236,444068.5,0.0,0.0,1,1
4811,538170.9978309236,444068.5,0.0,0.0,1,1
4812,538170.9978309236,444068.5,0.0,0.0,1,1
4813,538170.9978309236,444068.5,0.0,0.0,1,1
4814,538170.9978309236,444068.5,0.0,0.0,1,1
4815,538170.9978309236,444068.5,0.0,0.0,1,1
4816,538170.9978309236,444068.5,0.0,0.0,1,1
4817,538170.9978309236,444068.5,0.0,0.0,1,1
4818,538170.9978309236,444068.5,0.0,0.0,1,1
4819,538170.9978309236,444068.5,0.0,0.0,1,1
4820,538170.9978309236,444068.5,0.0,0.0,1,1
4821,538170.9978309236,444068.5,0.0,0.0,1,1
4822,538170.9978309236,444068.5,0.0,0.0,1,1
4823,538170.9978309236,444068.5,0.0,0.0,1,1
4824,538170.9978309236,444068.5,0.0,0.0,1,1
4825,538170.9978309236,444068.5,0.0,0.0,1,1
4826,538170.9978309236,444068.5,0.0,0.0,1,1
4827,538170.9978309236,444068.5,0.0,0.0,1,1
4828,538170.9978309236,444068.5,0.0,0.0,1,1
4829,538229.9978309236,444068.5,0.0,0.0,1,1
4830,538229.9978309236,444068.5,0.0,0.0,1,1
4831,538229.9978309236,444068.5,0.0,0.0,1,1
4832,538229.9978309236,444068.5,0.0,0.0,1,1
4833,538229.9978309236,444068.5,0.0,0.0,1,1
4834,538229.9978309236,444068.5,0.0,0.0,1,1
4835,538229.9978309236,444068.5,0.0,0.0,1,1
4836,538229.9978309236,444068.5,0.0,0.0,1,1
4837,538229.9978309236,444068.5,0.0,0.0,1,1
4838,538229.9978309236,444068.5,0.0,0.0,1,1
4839,538309.9978309236,444068.5,0.0,0.0,1,1
4840,538309.9978309236,444068.5,0.0,0.0,1,1
4841,538309.9978309236,444068.5,0.0,0.0,1,1
4842,538309.9978309236,444068.5,0.0,0.0,1,1
4843,538309.9978309236,444068.5,0.0,0.0,1,1
4844,538309.9978309236,444068.5,0.0,0.0,1,1
4845,538309.9978309236,444068.5,0.0,0.0,1,1
4846,538309.9978309236,444068.5,0.0,0.0,1,1
4847,538309.9978309236,444068.5,0.0,0.0,1,1
4848,538309.9978309236,444068.5,0.0,0.0,1,1
4849,538165.9978309236,444068.5,0.0,0.0,1,1
4850,538165.9978309236,444068.5,0.0,0.0,1,1
4851,538165.9978309236,444068.5,0.0,0.0,1,1
4852,538165.9978309236,444068.5,0.0,0.0,1,1
4853,538165.9978309236,444068.5,0.0,0.0,1,1
4854,538165.9978309236,444068.5,0.0,0.0,1,1
4855,538165.9978309236,444068.5,0.0,0.0,1,1
4856,538165.9978309236,444068.5,0.0,0.0,1,1
4857,538165.9978309236,444068.5,0.0,0.0,1,1
4858,538165.9978309236,444068.5,0.0,0.0,1,1
4859,538219.9978309236,444068.5,0.0,0.0,1,1
4860,538219.9978309236,444068.5,0.0,0.0,1,1
4861,538219.9978309236,444068.5,0.0,0.0,1,1
4862,538219.9978309236,444068.5,0.0,0.0,1,1
4863,538792.4976640716,444068.5,0.0,0.0,1,1
4864,538792.4976640716,444068.5,0.0,0.0,1,1
4865,538792.4976640716,444068.5,0.0,0.0,1,1
4866,538792.4976640716,444068.5,0.0,0.0,1,1
4867,538792.4976640716,444068.5,0.0,0.0,1,1
4868,538792.4976640716,444068.5,0.0,0.0,1,1
4869,538792.4976640716,444068.5,0.0,0.0,1,1
4870,538792.4976640716,444068.5,0.0,0.0,1,1
4871,538792.4976640716,444068.5,0.0,0.0,1,1
4872,538792.4976640716,444068.5,0.0,0.0,1,1
4873,538792.4976640716,444068.5,0.0,0.0,1,1
4874,538792.4976640716,444068.5,0.0,0.0,1,1
4875,538219.9978309236,444068.5,0.0,0.0,1,1
4876,538219.9978309236,444068.5,0.0,0.0,1,1
4877,537907.9978309236,444068.5,0.0,0.0,1,1
4878,537907.9978309236,444068.5,0.0,0.0,1,1
4879,537907.9978309236,444068.5,0.0,0.0,1,1
4880,537907.9978309236,444068.5,0.0,0.0,1,1
4881,537907.9978309236,444068.5,0.0,0.0,1,1
4882,539158.9978309236,444068.5,0.0,0.0,1,1
4883,539158.9978309236,444068.5,0.0,0.0,1,1
4884,539158.9978309236,444068.5,0.0,0.0,1,1
4885,539158.9978309236,444068.5,0.0,0.0,1,1
4886,539158.9978309236,444068.5,0.0,0.0,1,1
4887,539158.9978309236,444068.5,0.0,0.0,1,1
4888,539158.9978309236,444068.5,0.0,0.0,1,1
4889,539158.9978309236,444068.5,0.0,0.0,1,1
4890,539158.9978309236,444068.5,0.0,0.0,1,1
4891,539158.9978309236,444068.5,0.0,0.0,1,1
4892,539184.4978309236,444068.5,0.0,0.0,1,1
4893,539184.4978309236,444068.5,0.0,0.0,1,1
4894,539274.4978309236,444068.5,0.0,0.0,1,1
4895,539274.4978309236,444068.5,0.0,0.0,1,1
4896,539274.4978309236,444068.5,0.0,0.0,1,1
4897,539274.4978309236,444068.5,0.0,0.0,1,1
4898,539274.4978309236,444068.5,0.0,0.0,1,1
4899,539274.4978309236,444068.5,0.0,0.0,1,1
4900,539274.4978309236,444068.5,0.0,0.0,1,1
4901,539274.4978309236,444068.5,0.0,0.0,1,1
4902,539274.4978309236,444068.5,0.0,0.0,1,1
4903,539274.4978309236,444068.5,0.0,0.0,1,1
4904,539274.4978309236,444068.5,0.0,0.0,1,1
4905,539274.4978309236,444068.5,0.0,0.0,1,1
4906,539274.4978309236,444068.5,0.0,0.0,1,1
4907,537222.4978309236,444068.5,0.0,0.0,1,1
4908,537222.4978309236,444068.5,0.0,0.0,1,1
4909,537888.9979977757,444068.5,0.0,0.0,1,1
4910,537888.9979977757,444068.5,0.0,0.0,1,1
4911,537881.4979977757,444068.5,0.0,0.0,1,1
4912,537787.4979977757,444068.5,0.0,0.0,1,1
4913,537787.4979977757,444068.5,0.0,0.0,1,1
4914,538237.4979977757,444068.5,0.0,0.0,1,1
4915,538237.4979977757,444068.5,0.0,0.0,1,1
4916,538237.4979977757,444068.5,0.0,0.0,1,1
4917,538237.4979977757,444068.5,0.0,0.0,1,1
4918,538237.4979977757,444068.5,0.0,0.0,1,1
4919,538237.4979977757,444068.5,0.0,0.0,1,1
4920,538237.4979977757,444068.5,0.0,0.0,1,1
4921,538237.4979977757,444068.5,0.0,0.0,1,1
4922,538237.4979977757,444068.5,0.0,0.0,1,1
4923,538237.4979977757,444068.5,0.0,0.0,1,1
4924,538237.4979977757,444068.5,0.0,0.0,1,1
4925,538237.4979977757,444068.5,0.0,0.0,1,1
4926,538237.4979977757,444068.5,0.0,0.0,1,1
4927,538237.4979977757,444068.5,0.0,0.0,1,1
4928,538237.4979977757,444068.5,0.0,0.0,1,1
4929,538237.4979977757,444068.5,0.0,0.0,1,1
4930,538237.4979977757,444068.5,0.0,0.0,1,1
4931,538237.4979977757,444068.5,0.0,0.0,1,1
4932,538237.4979977757,444068.5,0.0,0.0,1,1
4933,538967.9979977757,444068.5,0.0,0.0,1,1
4934,538967.9979977757,444068.5,0.0,0.0,1,1
4935,538967.9979977757,444068.5,0.0,0.0,1,1
4936,538967.9979977757,444068.5,0.0,0.0,1,1
4937,538967.9979977757,444068.5,0.0,0.0,1,1
4938,538967.9979977757,444068.5,0.0,0.0,1,1
4939,538967.9979977757,444068.5,0.0,0.0,1,1
4940,538967.9979977757,444068.5,0.0,0.0,1,1
4941,538967.9979977757,444068.5,0.0,0.0,1,1
4942,538967.9979977757,444068.5,0.0,0.0,1,1
4943,538967.9979977757,444068.5,0.0,0.0,1,1
4944,538967.9979977757,444068.5,0.0,0.0,1,1
4945,538967.9979977757,444068.5,0.0,0.0,1,1
4946,538967.9979977757,444068.5,0.0,0.0,1,1
4947,538967.9979977757,444068.5,0.0,0.0,1,1
4948,538967.9979977757,444068.5,0.0,0.0,1,1
4949,538967.9979977757,444068.5,0.0,0.0,1,1
4950,538967.9979977757,444068.5,0.0,0.0,1,1
4951,538967.9979977757,444068.5,0.0,0.0,1,1
4952,538922.9979977757,444068.5,0.0,0.0,1,1
4953,538922.9979977757,444068.5,0.0,0.0,1,1
4954,540341.4979977757,444068.5,0.0,0.0,1,1
4955,540341.4979977757,444068.5,0.0,0.0,1,1
4956,540341.4979977757,444068.5,0.0,0.0,1,1
4957,540341.4979977757,444068.5,0.0,0.0,1,1
4958,540341.4979977757,444068.5,0.0,0.0,1,1
4959,540165.9979977757,444068.5,0.0,0.0,1,1
4960,540165.9979977757,444068.5,0.0,0.0,1,1
4961,540165.9979977757,444068.5,0.0,0.0,1,1
4962,540165.9979977757,444068.5,0.0,0.0,1,1
4963,540165.9979977757,444068.5,0.0,0.0,1,1
4964,540165.9979977757,444068.5,0.0,0.0,1,1
4965,540165.9979977757,444068.5,0.0,0.0,1,1
4966,541220.9979977757,444068.5,0.0,0.0,1,1
4967,541259.4979977757,444068.5,0.0,0.0,1,1
4968,541259.4979977757,444068.5,0.0,0.0,1,1
4969,541259.4979977757,444068.5,0.0,0.0,1,1
4970,541259.4979977757,444068.5,0.0,0.0,1,1
4971,541259.4979977757,444068.5,0.0,0.0,1,1
4972,541259.4979977757,444068.5,0.0,0.0,1,1
4973,541259.4979977757,444068.5,0.0,0.0,1,1
4974,541259.4979977757,444068.5,0.0,0.0,1,1
4975,541259.4979977757,444068.5,0.0,0.0,1,1
4976,541259.4979977757,444068.5,0.0,0.0,1,1
4977,541259.4979977757,444068.5,0.0,0.0,1,1
4978,541259.4979977757,444068.5,0.0,0.0,1,1
4979,541259.4979977757,444068.5,0.0,0.0,1,1
4980,541259.4979977757,444068.5,0.0,0.0,1,1
4981,541259.4979977757,444068.5,0.0,0.0,1,1
4982,541259.4979977757,444068.5,0.0,0.0,1,1
4983,541259.4979977757,444068.5,0.0,0.0,1,1
4984,541259.4979977757,444068.5,0.0,0.0,1,1
4985,541259.4979977757,444068.5,0.0,0.0,1,1
4986,536510.4978309236,444068.5,0.0,0.0,1,1
4987,536510.4978309236,444068.5,0.0,0.0,1,1
4988,536510.4978309236,444068.5,0.0,0.0,1,1
4989,536510.4978309236,444068.5,0.0,0.0,1,1
4990,536510.4978309236,444068.5,0.0,0.0,1,1
4991,536510.4978309236,444068.5,0.0,0.0,1,1
4992,536510.4978309236,444068.5,0.0,0.0,1,1
4993,536510.4978309236,444068.5,0.0,0.0,1,1
4994,536510.4978309236,444068.5,0.0,0.0,1,1
4995,536510.4978309236,444068.5,0.0,0.0,1,1
4996,536510.4978309236,444068.5,0.0,0.0,1,1
4997,536510.4978309236,444068.5,0.0,0.0,1,1
4998,536510.4978309236,444068.5,0.0,0.0,1,1
4999,536510.4978309236,444068.5,0.0,0.0,1,1
5000,535977.4979977757,444068.5,0.0,0.0,1,1
5001,535995.4979977757,444068.5,0.0,0.0,1,1
5002,535932.4979977757,444068.5,0.0,0.0,1,1
5003,535932.4979977757,444068.5,0.0,0.0,1,1
5004,535932.4979977757,444068.5,0.0,0.0,1,1
5005,535932.4979977757,444068.5,0.0,0.0,1,1
5006,537929.4981646277,444068.5,0.0,0.0,1,1
5007,537929.4981646277,444068.5,0.0,0.0,1,1
5008,537929.4981646277,444068.5,0.0,0.0,1,1
5009,537929.4981646277,444068.5,0.0,0.0,1,1
5010,537929.4981646277,444068.5,0.0,0.0,1,1
5011,537929.4981646277,444068.5,0.0,0.0,1,1
5012,537929.4981646277,444068.5,0.0,0.0,1,1
5013,537929.4981646277,444068.5,0.0,0.0,1,1
5014,537264.9981646277,444068.5,0.0,0.0,1,1
5015,537264.9981646277,444068.5,0.0,0.0,1,1
5016,537264.9981646277,444068.5,0.0,0.0,1,1
5017,537264.9981646277,444068.5,0.0,0.0,1,1
5018,537311.4981646277,444068.5,0.0,0.0,1,1
5019,537311.4981646277,444068.5,0.0,0.0,1,1
5020,537311.4981646277,444068.5,0.0,0.0,1,1
5021,537311.4981646277,444068.5,0.0,0.0,1,1
5022,537311.4981646277,444068.5,0.0,0.0,1,1
5023,537253.4981646277,444068.5,0.0,0.0,1,1
5024,537253.4981646277,444068.5,0.0,0.0,1,1
5025,538288.4988320358,444068.5,0.0,0.0,1,1
5026,538288.4988320358,444068.5,0.0,0.0,1,1
5027,538288.4988320358,444068.5,0.0,0.0,1,1
5028,538288.4988320358,444068.5,0.0,0.0,1,1
5029,538288.4988320358,444068.5,0.0,0.0,1,1
5030,538288.4988320358,444068.5,0.0,0.0,1,1
5031,538288.4988320358,444068.5,0.0,0.0,1,1
5032,538288.4988320358,444068.5,0.0,0.0,1,1
5033,538288.4988320358,444068.5,0.0,0.0,1,1
5034,540022.9991657399,444068.5,0.0,0.0,1,1
5035,540022.9991657399,444068.5,0.0,0.0,1,1
5036,540205.4991657399,444068.5,0.0,0.0,1,1
5037,540205.4991657399,444068.5,0.0,0.0,1,1
5038,540205.4991657399,444068.5,0.0,0.0,1,1
5039,540339.9989988878,444068.5,0.0,0.0,1,1
5040,540339.9989988878,444068.5,0.0,0.0,1,1
5041,540339.9989988878,444068.5,0.0,0.0,1,1
5042,540339.9989988878,444068.5,0.0,0.0,1,1
5043,540339.9989988878,444068.5,0.0,0.0,1,1
5044,540339.9989988878,444068.5,0.0,0.0,1,1
5045,540339.9989988878,444068.5,0.0,0.0,1,1
5046,540252.9989988878,444068.5,0.0,0.0,1,1
5047,540252.9989988878,444068.5,0.0,0.0,1,1
5048,540252.9989988878,444068.5,0.0,0.0,1,1
5049,540343.4989988878,444068.5,0.0,0.0,1,1
5050,540343.4989988878,444068.5,0.0,0.0,1,1
5051,540343.4989988878,444068.5,0.0,0.0,1,1
5052,540343.4989988878,444068.5,0.0,0.0,1,1
5053,540343.4989988878,444068.5,0.0,0.0,1,1
5054,540343.4989988878,444068.5,0.0,0.0,1,1
5055,540343.4989988878,444068.5,0.0,0.0,1,1
5056,540343.4989988878,444068.5,0.0,0.0,1,1
5057,540343.4989988878,444068.5,0.0,0.0,1,1
5058,540343.4989988878,444068.5,0.0,0.0,1,1
5059,540343.4989988878,444068.5,0.0,0.0,1,1
5060,540343.4989988878,444068.5,0.0,0.0,1,1
5061,540343.4989988878,444068.5,0.0,0.0,1,1
5062,540343.4989988878,444068.5,0.0,0.0,1,1
5063,540343.4989988878,444068.5,0.0,0.0,1,1
5064,540343.4989988878,444068.5,0.0,0.0,1,1
5065,540343.4989988878,444068.5,0.0,0.0,1,1
5066,540343.4989988878,444068.5,0.0,0.0,1,1
5067,540343.4989988878,444068.5,0.0,0.0,1,1
5068,540343.4989988878,444068.5,0.0,0.0,1,1
5069,540343.4989988878,444068.5,0.0,0.0,1,1
5070,540343.4989988878,444068.5,0.0,0.0,1,1
5071,540343.4989988878,444068.5,0.0,0.0,1,1
5072,540343.4989988878,444068.5,0.0,0.0,1,1
5073,540343.4989988878,444068.5,0.0,0.0,1,1
5074,540343.4989988878,444068.5,0.0,0.0,1,1
5075,540343.4989988878,444068.5,0.0,0.0,1,1
5076,540343.4989988878,444068.5,0.0,0.0,1,1
5077,540343.4989988878,444068.5,0.0,0.0,1,1
5078,540343.4989988878,444068.5,0.0,0.0,1,1
5079,540343.4989988878,444068.5,0.0,0.0,1,1
5080,540343.4989988878,444068.5,0.0,0.0,1,1
5081,540343.4989988878,444068.5,0.0,0.0,1,1
5082,540343.4989988878,444068.5,0.0,0.0,1,1
5083,540343.4989988878,444068.5,0.0,0.0,1,1
5084,540343.4989988878,444068.5,0.0,0.0,1,1
5085,539494.4988320358,444068.5,0.0,0.0,1,1
5086,539494.4988320358,444068.5,0.0,0.0,1,1
5087,539494.4988320358,444068.5,0.0,0.0,1,1
5088,539494.4988320358,444068.5,0.0,0.0,1,1
5089,539494.4988320358,444068.5,0.0,0.0,1,1
5090,539494.4988320358,444068.5,0.0,0.0,1,1
5091,539494.4988320358,444068.5,0.0,0.0,1,1
5092,539494.4988320358,444068.5,0.0,0.0,1,1
5093,539494.4988320358,444068.5,0.0,0.0,1,1
5094,539494.4988320358,444068.5,0.0,0.0,1,1
5095,539494.4988320358,444068.5,0.0,0.0,1,1
5096,539494.4988320358,444068.5,0.0,0.0,1,1
5097,539494.4988320358,444068.5,0.0,0.0,1,1
5098,539494.4988320358,444068.5,0.0,0.0,1,1
5099,539553.4988320358,444068.5,0.0,0.0,1,1
5100,539553.4988320358,444068.5,0.0,0.0,1,1
5101,539553.4988320358,444068.5,0.0,0.0,1,1
5102,539553.4988320358,444068.5,0.0,0.0,1,1
5103,539553.4988320358,444068.5,0.0,0.0,1,1
5104,539553.4988320358,444068.5,0.0,0.0,1,1
5105,539553.4988320358,444068.5,0.0,0.0,1,1
5106,539553.4988320358,444068.5,0.0,0.0,1,1
5107,539553.4988320358,444068.5,0.0,0.0,1,1
5108,539553.4988320358,444068.5,0.0,0.0,1,1
5109,539553.4988320358,444068.5,0.0,0.0,1,1
5110,539553.4988320358,444068.5,0.0,0.0,1,1
5111,538496.9988320358,444068.5,0.0,0.0,1,1
5112,538388.4988320358,444068.5,0.0,0.0,1,1
5113,538388.4988320358,444068.5,0.0,0.0,1,1
5114,538388.4988320358,444068.5,0.0,0.0,1,1
5115,538388.4988320358,444068.5,0.0,0.0,1,1
5116,538388.4988320358,444068.5,0.0,0.0,1,1
5117,538503.4988320358,444068.5,0.0,0.0,1,1
5118,538761.9988320358,444068.5,0.0,0.0,1,1
5119,538761.9988320358,444068.5,0.0,0.0,1,1
5120,538761.9988320358,444068.5,0.0,0.0,1,1
5121,538761.9988320358,444068.5,0.0,0.0,1,1
5122,538761.9988320358,444068.5,0.0,0.0,1,1
5123,538761.9988320358,444068.5,0.0,0.0,1,1
5124,538761.9988320358,444068.5,0.0,0.0,1,1
5125,538761.9988320358,444068.5,0.0,0.0,1,1
5126,538761.9988320358,444068.5,0.0,0.0,1,1
5127,538761.9988320358,444068.5,0.0,0.0,1,1
5128,538761.9988320358,444068.5,0.0,0.0,1,1
5129,538761.9988320358,444068.5,0.0,0.0,1,1
5130,538761.9988320358,444068.5,0.0,0.0,1,1
5131,538761.9988320358,444068.5,0.0,0.0,1,1
5132,539902.9984983318,444068.5,0.0,0.0,1,1
5133,539902.9984983318,444068.5,0.0,0.0,1,1
5134,539902.9984983318,444068.5,0.0,0.0,1,1
5135,539902.9984983318,444068.5,0.0,0.0,1,1
5136,539902.9984983318,444068.5,0.0,0.0,1,1
5137,539902.9984983318,444068.5,0.0,0.0,1,1
5138,539902.9984983318,444068.5,0.0,0.0,1,1
5139,539902.9984983318,444068.5,0.0,0.0,1,1
5140,539902.9984983318,444068.5,0.0,0.0,1,1
5141,539902.9984983318,444068.5,0.0,0.0,1,1
5142,541729.4981646277,444068.5,0.0,0.0,1,1
5143,541729.4981646277,444068.5,0.0,0.0,1,1
5144,541729.4981646277,444068.5,0.0,0.0,1,1
5145,541729.4981646277,444068.5,0.0,0.0,1,1
5146,541729.4981646277,444068.5,0.0,0.0,1,1
5147,541729.4981646277,444068.5,0.0,0.0,1,1
5148,541729.4981646277,444068.5,0.0,0.0,1,1
5149,541729.4981646277,444068.5,0.0,0.0,1,1
5150,541729.4981646277,444068.5,0.0,0.0,1,1
5151,541729.4981646277,444068.5,0.0,0.0,1,1
5152,541729.4981646277,444068.5,0.0,0.0,1,1
5153,541729.4981646277,444068.5,0.0,0.0,1,1
5154,541729.4981646277,444068.5,0.0,0.0,1,1
5155,541729.4981646277,444068.5,0.0,0.0,1,1
5156,541729.4981646277,444068.5,0.0,0.0,1,1
5157,541729.4981646277,444068.5,0.0,0.0,1,1
5158,541729.4981646277,444068.5,0.0,0.0,1,1
5159,541729.4981646277,444068.5,0.0,0.0,1,1
5160,541798.4981646277,444068.5,0.0,0.0,1,1
5161,541798.4981646277,444068.5,0.0,0.0,1,1
5162,541798.4981646277,444068.5,0.0,0.0,1,1
5163,541798.4981646277,444068.5,0.0,0.0,1,1
5164,541798.4981646277,444068.5,0.0,0.0,1,1
5165,541798.4981646277,444068.5,0.0,0.0,1,1
5166,541798.4981646277,444068.5,0.0,0.0,1,1
5167,541798.4981646277,444068.5,0.0,0.0,1,1
5168,541798.4981646277,444068.5,0.0,0.0,1,1
5169,541798.4981646277,444068.5,0.0,0.0,1,1
5170,541798.4981646277,444068.5,0.0,0.0,1,1
5171,541798.4981646277,444068.5,0.0,0.0,1,1
5172,541798.4981646277,444068.5,0.0,0.0,1,1
5173,541798.4981646277,444068.5,0.0,0.0,1,1
5174,541798.4981646277,444068.5,0.0,0.0,1,1
5175,541798.4981646277,444068.5,0.0,0.0,1,1
5176,541798.4981646277,444068.5,0.0,0.0,1,1
5177,541798.4981646277,444068.5,0.0,0.0,1,1
5178,541798.4981646277,444068.5,0.0,0.0,1,1
5179,541798.4981646277,444068.5,0.0,0.0,1,1
5180,541798.4981646277,444068.5,0.0,0.0,1,1
5181,541870.9981646277,444068.5,0.0,0.0,1,1
5182,541870.9981646277,444068.5,0.0,0.0,1,1
5183,541870.9981646277,444068.5,0.0,0.0,1,1
5184,541870.9981646277,444068.5,0.0,0.0,1,1
5185,541870.9981646277,444068.5,0.0,0.0,1,1
5186,541870.9981646277,444068.5,0.0,0.0,1,1
5187,541870.9981646277,444068.5,0.0,0.0,1,1
5188,541870.9981646277,444068.5,0.0,0.0,1,1
5189,541870.9981646277,444068.5,0.0,0.0,1,1
5190,541870.9981646277,444068.5,0.0,0.0,1,1
5191,541870.9981646277,444068.5,0.0,0.0,1,1
5192,541870.9981646277,444068.5,0.0,0.0,1,1
5193,541870.9981646277,444068.5,0.0,0.0,1,1
5194,541751.9988320358,444068.5,0.0,0.0,1,1
5195,541751.9988320358,444068.5,0.0,0.0,1,1
5196,541751.9988320358,444068.5,0.0,0.0,1,1
5197,541751.9988320358,444068.5,0.0,0.0,1,1
5198,541751.9988320358,444068.5,0.0,0.0,1,1
5199,541751.9988320358,444068.5,0.0,0.0,1,1
5200,541751.9988320358,444068.5,0.0,0.0,1,1
5201,541751.9988320358,444068.5,0.0,0.0,1,1
5202,541751.9988320358,444068.5,0.0,0.0,1,1
5203,541751.9988320358,444068.5,0.0,0.0,1,1
5204,541751.9988320358,444068.5,0.0,0.0,1,1
5205,541751.9988320358,444068.5,0.0,0.0,1,1
5206,541751.9988320358,444068.5,0.0,0.0,1,1
5207,541751.9988320358,444068.5,0.0,0.0,1,1
5208,541751.9988320358,444068.5,0.0,0.0,1,1
5209,541751.9988320358,444068.5,0.0,0.0,1,1
5210,541751.9988320358,444068.5,0.0,0.0,1,1
5211,541751.9988320358,444068.5,0.0,0.0,1,1
5212,541751.9988320358,444068.5,0.0,0.0,1,1
5213,541751.9988320358,444068.5,0.0,0.0,1,1
5214,541751.9988320358,444068.5,0.0,0.0,1,1
5215,541617.9991657399,444068.5,0.0,0.0,1,1
5216,541617.9991657399,444068.5,0.0,0.0,1,1
5217,541617.9991657399,444068.5,0.0,0.0,1,1
5218,541617.9991657399,444068.5,0.0,0.0,1,1
5219,541617.9991657399,444068.5,0.0,0.0,1,1
5220,541617.9991657399,444068.5,0.0,0.0,1,1
5221,541935.9994994439,444068.5,0.0,0.0,1,1
5222,541935.9994994439,444068.5,0.0,0.0,1,1
5223,541935.9994994439,444068.5,0.0,0.0,1,1
5224,541935.9994994439,444068.5,0.0,0.0,1,1
5225,541935.9994994439,444068.5,0.0,0.0,1,1
5226,541935.9994994439,444068.5,0.0,0.0,1,1
5227,541935.9994994439,444068.5,0.0,0.0,1,1
5228,541935.9994994439,444068.5,0.0,0.0,1,1
5229,541935.9994994439,444068.5,0.0,0.0,1,1
5230,541935.9994994439,444068.5,0.0,0.0,1,1
5231,541935.9994994439,444068.5,0.0,0.0,1,1
5232,541935.9994994439,444068.5,0.0,0.0,1,1
5233,541935.9994994439,444068.5,0.0,0.0,1,1
5234,541935.9994994439,444068.5,0.0,0.0,1,1
5235,541935.9994994439,444068.5,0.0,0.0,1,1
5236,541935.9994994439,444068.5,0.0,0.0,1,1
5237,541935.9994994439,444068.5,0.0,0.0,1,1
5238,541935.9994994439,444068.5,0.0,0.0,1,1
5239,541935.9994994439,444068.5,0.0,0.0,1,1
5240,542974.9994994439,444068.5,0.0,0.0,1,1
5241,544023.4994994439,444068.5,0.0,0.0,1,1
5242,543918.9994994439,444068.5,0.0,0.0,1,1
5243,543918.9994994439,444068.5,0.0,0.0,1,1
5244,543918.9994994439,444068.5,0.0,0.0,1,1
5245,543898.4994994439,444068.5,0.0,0.0,1,1
5246,543955.9994994439,444068.5,0.0,0.0,1,1
5247,543955.9994994439,444068.5,0.0,0.0,1,1
5248,543955.9994994439,444068.5,0.0,0.0,1,1
5249,543955.9994994439,444068.5,0.0,0.0,1,1
5250,543955.9994994439,444068.5,0.0,0.0,1,1
5251,543955.9994994439,444068.5,0.0,0.0,1,1
5252,543955.9994994439,444068.5,0.0,0.0,1,1
5253,543955.9994994439,444068.5,0.0,0.0,1,1
5254,543955.9994994439,444068.5,0.0,0.0,1,1
5255,543955.9994994439,444068.5,0.0,0.0,1,1
5256,543955.9994994439,444068.5,0.0,0.0,1,1
5257,543955.9994994439,444068.5,0.0,0.0,1,1
5258,543955.9994994439,444068.5,0.0,0.0,1,1
5259,543955.9994994439,444068.5,0.0,0.0,1,1
5260,543955.9994994439,444068.5,0.0,0.0,1,1
5261,543955.9994994439,444068.5,0.0,0.0,1,1
5262,543955.9994994439,444068.5,0.0,0.0,1,1
5263,543998.9993325919,444068.5,0.0,0.0,1,1
5264,543998.9993325919,444068.5,0.0,0.0,1,1
5265,543998.9993325919,444068.5,0.0,0.0,1,1
5266,543998.9993325919,444068.5,0.0,0.0,1,1
5267,543998.9993325919,444068.5,0.0,0.0,1,1
5268,543986.9993325919,444068.5,0.0,0.0,1,1
5269,543986.9993325919,444068.5,0.0,0.0,1,1
5270,543986.9993325919,444068.5,0.0,0.0,1,1
5271,543986.9993325919,444068.5,0.0,0.0,1,1
5272,543986.9993325919,444068.5,0.0,0.0,1,1
5273,543986.9993325919,444068.5,0.0,0.0,1,1
5274,543986.9993325919,444068.5,0.0,0.0,1,1
5275,543986.9993325919,444068.5,0.0,0.0,1,1
5276,543986.9993325919,444068.5,0.0,0.0,1,1
5277,543986.9993325919,444068.5,0.0,0.0,1,1
5278,543986.9993325919,444068.5,0.0,0.0,1,1
5279,543986.9993325919,444068.5,0.0,0.0,1,1
5280,543986.9993325919,444068.5,0.0,0.0,1,1
5281,543986.9993325919,444068.5,0.0,0.0,1,1
5282,543986.9993325919,444068.5,0.0,0.0,1,1
5283,543986.9993325919,444068.5,0.0,0.0,1,1
5284,543986.9993325919,444068.5,0.0,0.0,1,1
5285,543986.9993325919,444068.5,0.0,0.0,1,1
5286,543986.9993325919,444068.5,0.0,0.0,1,1
5287,543986.9993325919,444068.5,0.0,0.0,1,1
5288,543986.9993325919,444068.5,0.0,0.0,1,1
5289,543986.9993325919,444068.5,0.0,0.0,1,1
5290,543986.9993325919,444068.5,0.0,0.0,1,1
5291,543986.9993325919,444068.5,0.0,0.0,1,1
5292,543986.9993325919,444068.5,0.0,0.0,1,1
5293,543986.9993325919,444068.5,0.0,0.0,1,1
5294,543986.9993325919,444068.5,0.0,0.0,1,1
5295,543986.9993325919,444068.5,0.0,0.0,1,1
5296,543986.9993325919,444068.5,0.0,0.0,1,1
5297,543986.9993325919,444068.5,0.0,0.0,1,1
5298,543201.4991657399,444068.5,0.0,0.0,1,1
5299,543201.4991657399,444068.5,0.0,0.0,1,1
5300,543201.4991657399,444068.5,0.0,0.0,1,1
5301,543201.4991657399,444068.5,0.0,0.0,1,1
5302,543201.4991657399,444068.5,0.0,0.0,1,1
5303,543201.4991657399,444068.5,0.0,0.0,1,1
5304,543201.4991657399,444068.5,0.0,0.0,1,1
5305,543312.9991657399,444068.5,0.0,0.0,1,1
5306,543312.9991657399,444068.5,0.0,0.0,1,1
5307,543312.9991657399,444068.5,0.0,0.0,1,1
5308,543312.9991657399,444068.5,0.0,0.0,1,1
5309,543312.9991657399,444068.5,0.0,0.0,1,1
5310,543312.9991657399,444068.5,0.0,0.0,1,1
5311,543312.9991657399,444068.5,0.0,0.0,1,1
5312,543312.9991657399,444068.5,0.0,0.0,1,1
5313,543312.9991657399,444068.5,0.0,0.0,1,1
5314,543312.9991657399,444068.5,0.0,0.0,1,1
5315,543312.9991657399,444068.5,0.0,0.0,1,1
5316,543312.9991657399,444068.5,0.0,0.0,1,1
5317,543312.9991657399,444068.5,0.0,0.0,1,1
5318,543312.9991657399,444068.5,0.0,0.0,1,1
5319,543312.9991657399,444068.5,0.0,0.0,1,1
5320,543312.9991657399,444068.5,0.0,0.0,1,1
5321,543312.9991657399,444068.5,0.0,0.0,1,1
5322,543312.9991657399,444068.5,0.0,0.0,1,1
5323,543312.9991657399,444068.5,0.0,0.0,1,1
5324,543312.9991657399,444068.5,0.0,0.0,1,1
5325,543312.9991657399,444068.5,0.0,0.0,1,1
5326,543312.9991657399,444068.5,0.0,0.0,1,1
5327,543312.9991657399,444068.5,0.0,0.0,1,1
5328,543312.9991657399,444068.5,0.0,0.0,1,1
5329,543312.9991657399,444068.5,0.0,0.0,1,1
5330,543312.9991657399,444068.5,0.0,0.0,1,1
5331,543312.9991657399,444068.5,0.0,0.0,1,1
5332,543312.9991657399,444068.5,0.0,0.0,1,1
5333,543312.9991657399,444068.5,0.0,0.0,1,1
5334,543312.9991657399,444068.5,0.0,0.0,1,1
5335,543312.9991657399,444068.5,0.0,0.0,1,1
5336,543312.9991657399,444068.5,0.0,0.0,1,1
5337,543312.9991657399,444068.5,0.0,0.0,1,1
5338,543312.9991657399,444068.5,0.0,0.0,1,1
5339,543312.9991657399,444068.5,0.0,0.0,1,1
5340,543312.9991657399,444068.5,0.0,0.0,1,1
5341,543312.9991657399,444068.5,0.0,0.0,1,1
5342,543312.9991657399,444068.5,0.0,0.0,1,1
5343,543312.9991657399,444068.5,0.0,0.0,1,1
5344,543312.9991657399,444068.5,0.0,0.0,1,1
5345,543312.9991657399,444068.5,0.0,0.0,1,1
5346,543312.9991657399,444068.5,0.0,0.0,1,1
5347,543312.9991657399,444068.5,0.0,0.0,1,1
5348,543312.9991657399,444068.5,0.0,0.0,1,1
5349,543312.9991657399,444068.5,0.0,0.0,1,1
5350,543312.9991657399,444068.5,0.0,0.0,1,1
5351,543312.9991657399,444068.5,0.0,0.0,1,1
5352,543312.9991657399,444068.5,0.0,0.0,1,1
5353,543312.9991657399,444068.5,0.0,0.0,1,1
5354,543312.9991657399,444068.5,0.0,0.0,1,1
5355,543312.9991657399,444068.5,0.0,0.0,1,1
5356,543312.9991657399,444068.5,0.0,0.0,1,1
5357,543312.9991657399,444068.5,0.0,0.0,1,1
5358,543312.9991657399,444068.5,0.0,0.0,1,1
5359,543312.9991657399,444068.5,0.0,0.0,1,1
5360,543312.9991657399,444068.5,0.0,0.0,1,1
5361,543312.9991657399,444068.5,0.0,0.0,1,1
5362,543312.9991657399,444068.5,0.0,0.0,1,1
5363,543312.9991657399,444068.5,0.0,0.0,1,1
5364,543312.9991657399,444068.5,0.0,0.0,1,1
5365,543312.9991657399,444068.5,0.0,0.0,1,1
5366,543312.9991657399,444068.5,0.0,0.0,1,1
5367,543312.9991657399,444068.5,0.0,0.0,1,1
5368,543312.9991657399,444068.5,0.0,0.0,1,1
5369,543312.9991657399,444068.5,0.0,0.0,1,1
5370,543312.9991657399,444068.5,0.0,0.0,1,1
5371,543312.9991657399,444068.5,0.0,0.0,1,1
5372,543312.9991657399,444068.5,0.0,0.0,1,1
5373,543312.9991657399,444068.5,0.0,0.0,1,1
5374,543312.9991657399,444068.5,0.0,0.0,1,1
5375,543312.9991657399,444068.5,0.0,0.0,1,1
5376,543312.9991657399,444068.5,0.0,0.0,1,1
5377,543312.9991657399,444068.5,0.0,0.0,1,1
5378,543312.9991657399,444068.5,0.0,0.0,1,1
5379,543312.9991657399,444068.5,0.0,0.0,1,1
5380,543312.9991657399,444068.5,0.0,0.0,1,1
5381,543312.9991657399,444068.5,0.0,0.0,1,1
5382,543312.9991657399,444068.5,0.0,0.0,1,1
5383,543312.9991657399,444068.5,0.0,0.0,1,1
5384,543312.9991657399,444068.5,0.0,0.0,1,1
5385,543312.9991657399,444068.5,0.0,0.0,1,1
5386,543312.9991657399,444068.5,0.0,0.0,1,1
5387,543312.9991657399,444068.5,0.0,0.0,1,1
5388,543312.9991657399,444068.5,0.0,0.0,1,1
5389,543312.9991657399,444068.5,0.0,0.0,1,1
5390,543312.9991657399,444068.5,0.0,0.0,1,1
5391,543312.9991657399,444068.5,0.0,0.0,1,1
5392,543312.9991657399,444068.5,0.0,0.0,1,1
5393,543312.9991657399,444068.5,0.0,0.0,1,1
5394,543312.9991657399,444068.5,0.0,0.0,1,1
5395,543312.9991657399,444068.5,0.0,0.0,1,1
5396,543312.9991657399,444068.5,0.0,0.0,1,1
5397,543312.9991657399,444068.5,0.0,0.0,1,1
5398,543312.9991657399,444068.5,0.0,0.0,1,1
5399,543312.9991657399,444068.5,0.0,0.0,1,1
5400,543312.9991657399,444068.5,0.0,0.0,1,1
5401,543312.9991657399,444068.5,0.0,0.0,1,1
5402,543312.9991657399,444068.5,0.0,0.0,1,1
5403,543312.9991657399,444068.5,0.0,0.0,1,1
5404,543312.9991657399,444068.5,0.0,0.0,1,1
5405,543312.9991657399,444068.5,0.0,0.0,1,1
5406,542835.4993325919,444068.5,0.0,0.0,1,1
5407,542835.4993325919,444068.5,0.0,0.0,1,1
5408,542835.4993325919,444068.5,0.0,0.0,1,1
5409,542835.4993325919,444068.5,0.0,0.0,1,1
5410,542835.4993325919,444068.5,0.0,0.0,1,1
5411,542835.4993325919,444068.5,0.0,0.0,1,1
5412,542835.4993325919,444068.5,0.0,0.0,1,1
5413,542835.4993325919,444068.5,0.0,0.0,1,1
5414,542564.4989988878,444068.5,0.0,0.0,1,1
5415,542564.4989988878,444068.5,0.0,0.0,1,1
5416,542564.4989988878,444068.5,0.0,0.0,1,1
5417,542564.4989988878,444068.5,0.0,0.0,1,1
5418,542564.4989988878,444068.5,0.0,0.0,1,1
5419,542564.4989988878,444068.5,0.0,0.0,1,1
5420,542564.4989988878,444068.5,0.0,0.0,1,1
5421,542564.4989988878,444068.5,0.0,0.0,1,1
5422,542564.4989988878,444068.5,0.0,0.0,1,1
5423,542564.4989988878,444068.5,0.0,0.0,1,1
5424,542564.4989988878,444068.5,0.0,0.0,1,1
5425,542564.4989988878,444068.5,0.0,0.0,1,1
5426,542564.4989988878,444068.5,0.0,0.0,1,1
5427,542565.4978309236,444068.5,0.0,0.0,1,1
5428,542565.4978309236,444068.5,0.0,0.0,1,1
5429,542565.4978309236,444068.5,0.0,0.0,1,1
5430,542565.4978309236,444068.5,0.0,0.0,1,1
5431,542565.4978309236,444068.5,0.0,0.0,1,1
5432,542565.4978309236,444068.5,0.0,0.0,1,1
5433,542607.9978309236,444068.5,0.0,0.0,1,1
5434,542607.9978309236,444068.5,0.0,0.0,1,1
5435,542607.9978309236,444068.5,0.0,0.0,1,1
5436,542607.9978309236,444068.5,0.0,0.0,1,1
5437,542607.9978309236,444068.5,0.0,0.0,1,1
5438,542607.9978309236,444068.5,0.0,0.0,1,1
5439,542607.9978309236,444068.5,0.0,0.0,1,1
5440,542607.9978309236,444068.5,0.0,0.0,1,1
5441,542607.9978309236,444068.5,0.0,0.0,1,1
5442,542607.9978309236,444068.5,0.0,0.0,1,1
5443,542607.9978309236,444068.5,0.0,0.0,1,1
5444,542607.9978309236,444068.5,0.0,0.0,1,1
5445,542607.9978309236,444068.5,0.0,0.0,1,1
5446,542607.9978309236,444068.5,0.0,0.0,1,1
5447,542607.9978309236,444068.5,0.0,0.0,1,1
5448,542607.9978309236,444068.5,0.0,0.0,1,1
5449,542607.9978309236,444068.5,0.0,0.0,1,1
5450,542607.9978309236,444068.5,0.0,0.0,1,1
5451,542607.9978309236,444068.5,0.0,0.0,1,1
5452,542607.9978309236,444068.5,0.0,0.0,1,1
5453,542607.9978309236,444068.5,0.0,0.0,1,1
5454,543389.4973303676,444068.5,0.0,0.0,1,1
5455,543389.4973303676,444068.5,0.0,0.0,1,1
5456,543389.4973303676,444068.5,0.0,0.0,1,1
5457,543389.4973303676,444068.5,0.0,0.0,1,1
5458,543389.4973303676,444068.5,0.0,0.0,1,1
5459,543389.4973303676,444068.5,0.0,0.0,1,1
5460,543463.9973303676,444068.5,0.0,0.0,1,1
5461,543463.9973303676,444068.5,0.0,0.0,1,1
5462,543463.9973303676,444068.5,0.0,0.0,1,1
5463,543463.9973303676,444068.5,0.0,0.0,1,1
5464,543463.9973303676,444068.5,0.0,0.0,1,1
5465,543463.9973303676,444068.5,0.0,0.0,1,1
5466,543463.9973303676,444068.5,0.0,0.0,1,1
5467,543463.9973303676,444068.5,0.0,0.0,1,1
5468,543463.9973303676,444068.5,0.0,0.0,1,1
5469,543463.9973303676,444068.5,0.0,0.0,1,1
5470,543364.9969966635,444068.5,0.0,0.0,1,1
5471,543364.9969966635,444068.5,0.0,0.0,1,1
5472,543364.9969966635,444068.5,0.0,0.0,1,1
5473,543364.9969966635,444068.5,0.0,0.0,1,1
5474,543240.9969966635,444068.5,0.0,0.0,1,1
5475,543240.9969966635,444068.5,0.0,0.0,1,1
5476,543240.9969966635,444068.5,0.0,0.0,1,1
5477,543240.9969966635,444068.5,0.0,0.0,1,1
5478,543240.9969966635,444068.5,0.0,0.0,1,1
5479,543240.9969966635,444068.5,0.0,0.0,1,1
5480,543240.9969966635,444068.5,0.0,0.0,1,1
5481,543240.9969966635,444068.5,0.0,0.0,1,1
5482,543240.9969966635,444068.5,0.0,0.0,1,1
5483,543240.9969966635,444068.5,0.0,0.0,1,1
5484,543240.9969966635,444068.5,0.0,0.0,1,1
5485,543240.9969966635,444068.5,0.0,0.0,1,1
5486,543240.9969966635,444068.5,0.0,0.0,1,1
5487,543240.9969966635,444068.5,0.0,0.0,1,1
5488,543240.9969966635,444068.5,0.0,0.0,1,1
5489,543240.9969966635,444068.5,0.0,0.0,1,1
5490,543240.9969966635,444068.5,0.0,0.0,1,1
5491,543240.9969966635,444068.5,0.0,0.0,1,1
5492,543240.9969966635,444068.5,0.0,0.0,1,1
5493,543240.9969966635,444068.5,0.0,0.0,1,1
5494,543161.4969966635,444068.5,0.0,0.0,1,1
5495,543161.4969966635,444068.5,0.0,0.0,1,1
5496,543161.4969966635,444068.5,0.0,0.0,1,1
5497,543285.4969966635,444068.5,0.0,0.0,1,1
5498,543285.4969966635,444068.5,0.0,0.0,1,1
5499,543285.4969966635,444068.5,0.0,0.0,1,1
5500,543285.4969966635,444068.5,0.0,0.0,1,1
5501,543285.4969966635,444068.5,0.0,0.0,1,1
5502,543285.4969966635,444068.5,0.0,0.0,1,1
5503,543285.4969966635,444068.5,0.0,0.0,1,1
5504,543285.4969966635,444068.5,0.0,0.0,1,1
5505,543285.4969966635,444068.5,0.0,0.0,1,1
5506,543285.4969966635,444068.5,0.0,0.0,1,1
5507,543285.4969966635,444068.5,0.0,0.0,1,1
5508,543285.4969966635,444068.5,0.0,0.0,1,1
5509,543285.4969966635,444068.5,0.0,0.0,1,1
5510,543285.4969966635,444068.5,0.0,0.0,1,1
5511,543160.4969966635,444068.5,0.0,0.0,1,1
5512,543160.4969966635,444068.5,0.0,0.0,1,1
5513,543160.4969966635,444068.5,0.0,0.0,1,1
5514,543160.4969966635,444068.5,0.0,0.0,1,1
5515,543160.4969966635,444068.5,0.0,0.0,1,1
5516,543160.4969966635,444068.5,0.0,0.0,1,1
5517,543160.4969966635,444068.5,0.0,0.0,1,1
5518,543160.4969966635,444068.5,0.0,0.0,1,1
5519,544767.9964961074,444068.5,0.0,0.0,1,1
5520,544767.9964961074,444068.5,0.0,0.0,1,1
5521,544767.9964961074,444068.5,0.0,0.0,1,1
5522,544767.9964961074,444068.5,0.0,0.0,1,1
5523,544767.9964961074,444068.5,0.0,0.0,1,1
5524,544767.9964961074,444068.5,0.0,0.0,1,1
5525,544767.9964961074,444068.5,0.0,0.0,1,1
5526,544767.9964961074,444068.5,0.0,0.0,1,1
5527,544767.9964961074,444068.5,0.0,0.0,1,1
5528,544767.9964961074,444068.5,0.0,0.0,1,1
5529,544767.9964961074,444068.5,0.0,0.0,1,1
5530,544767.9964961074,444068.5,0.0,0.0,1,1
5531,544767.9964961074,444068.5,0.0,0.0,1,1
5532,544767.9964961074,444068.5,0.0,0.0,1,1
5533,544767.9964961074,444068.5,0.0,0.0,1,1
5534,544767.9964961074,444068.5,0.0,0.0,1,1
5535,544767.9964961074,444068.5,0.0,0.0,1,1
5536,544767.9964961074,444068.5,0.0,0.0,1,1
5537,544767.9964961074,444068.5,0.0,0.0,1,1
5538,544767.9964961074,444068.5,0.0,0.0,1,1
5539,544808.4964961074,444068.5,0.0,0.0,1,1
5540,544808.4964961074,444068.5,0.0,0.0,1,1
5541,544808.4964961074,444068.5,0.0,0.0,1,1
5542,544808.4964961074,444068.5,0.0,0.0,1,1
5543,544808.4964961074,444068.5,0.0,0.0,1,1
5544,548022.4969966635,444068.5,0.0,0.0,1,1
5545,548022.4969966635,444068.5,0.0,0.0,1,1
5546,548022.4969966635,444068.5,0.0,0.0,1,1
5547,548022.4969966635,444068.5,0.0,0.0,1,1
5548,548022.4969966635,444068.5,0.0,0.0,1,1
5549,548022.4969966635,444068.5,0.0,0.0,1,1
5550,548022.4969966635,444068.5,0.0,0.0,1,1
5551,548022.4969966635,444068.5,0.0,0.0,1,1
5552,548022.4969966635,444068.5,0.0,0.0,1,1
5553,545791.4969966635,444068.5,0.0,0.0,1,1
5554,545791.4969966635,444068.5,0.0,0.0,1,1
5555,545791.4969966635,444068.5,0.0,0.0,1,1
5556,545791.4969966635,444068.5,0.0,0.0,1,1
5557,543447.9986651838,444068.5,0.0,0.0,1,1
5558,543447.9986651838,444068.5,0.0,0.0,1,1
5559,543447.9986651838,444068.5,0.0,0.0,1,1
5560,543447.9986651838,444068.5,0.0,0.0,1,1
5561,543447.9986651838,444068.5,0.0,0.0,1,1
5562,543447.9989988878,444068.5,0.0,0.0,1,1
5563,543447.9989988878,444068.5,0.0,0.0,1,1
5564,543447.9989988878,444068.5,0.0,0.0,1,1
5565,543447.9989988878,444068.5,0.0,0.0,1,1
5566,543447.9989988878,444068.5,0.0,0.0,1,1
5567,543447.9989988878,444068.5,0.0,0.0,1,1
5568,543447.9989988878,444068.5,0.0,0.0,1,1
5569,543447.9989988878,444068.5,0.0,0.0,1,1
5570,543447.9989988878,444068.5,0.0,0.0,1,1
5571,543447.9989988878,444068.5,0.0,0.0,1,1
5572,543447.9989988878,444068.5,0.0,0.0,1,1
5573,543447.9989988878,444068.5,0.0,0.0,1,1
5574,543208.4989988878,444068.5,0.0,0.0,1,1
5575,543208.4989988878,444068.5,0.0,0.0,1,1
5576,543208.4989988878,444068.5,0.0,0.0,1,1
5577,543208.4989988878,444068.5,0.0,0.0,1,1
5578,543208.4989988878,444068.5,0.0,0.0,1,1
5579,543208.4989988878,444068.5,0.0,0.0,1,1
5580,543208.4989988878,444068.5,0.0,0.0,1,1
5581,543208.4989988878,444068.5,0.0,0.0,1,1
5582,543208.4989988878,444068.5,0.0,0.0,1,1
5583,543208.4989988878,444068.5,0.0,0.0,1,1
5584,543208.4989988878,444068.5,0.0,0.0,1,1
5585,543499.4989988878,444068.5,0.0,0.0,1,1
5586,543499.4989988878,444068.5,0.0,0.0,1,1
5587,543499.4989988878,444068.5,0.0,0.0,1,1
5588,543499.4989988878,444068.5,0.0,0.0,1,1
5589,543499.4989988878,444068.5,0.0,0.0,1,1
5590,543499.4989988878,444068.5,0.0,0.0,1,1
5591,543499.4989988878,444068.5,0.0,0.0,1,1
5592,543499.4989988878,444068.5,0.0,0.0,1,1
5593,543499.4989988878,444068.5,0.0,0.0,1,1
5594,543499.4989988878,444068.5,0.0,0.0,1,1
5595,543383.4989988878,444068.5,0.0,0.0,1,1
5596,542774.9989988878,444068.5,0.0,0.0,1,1
5597,542774.9989988878,444068.5,0.0,0.0,1,1
5598,542774.9989988878,444068.5,0.0,0.0,1,1
5599,542774.9989988878,444068.5,0.0,0.0,1,1
5600,542774.9989988878,444068.5,0.0,0.0,1,1
5601,542774.9989988878,444068.5,0.0,0.0,1,1
5602,542774.9989988878,444068.5,0.0,0.0,1,1
5603,542774.9989988878,444068.5,0.0,0.0,1,1
5604,542774.9989988878,444068.5,0.0,0.0,1,1
5605,542774.9989988878,444068.5,0.0,0.0,1,1
5606,542774.9989988878,444068.5,0.0,0.0,1,1
5607,542774.9989988878,444068.5,0.0,0.0,1,1
5608,542885.9989988878,444068.5,0.0,0.0,1,1
5609,542885.9989988878,444068.5,0.0,0.0,1,1
5610,544969.9983314797,444068.5,0.0,0.0,1,1
5611,544969.9983314797,444068.5,0.0,0.0,1,1
5612,544969.9983314797,444068.5,0.0,0.0,1,1
5613,544969.9983314797,444068.5,0.0,0.0,1,1
5614,544969.9983314797,444068.5,0.0,0.0,1,1
5615,541070.9984983318,444068.5,0.0,0.0,1,1
5616,541070.9984983318,444068.5,0.0,0.0,1,1
5617,541070.9984983318,444068.5,0.0,0.0,1,1
5618,541070.9984983318,444068.5,0.0,0.0,1,1
5619,541070.9984983318,444068.5,0.0,0.0,1,1
5620,541550.9984983318,444068.5,0.0,0.0,1,1
5621,541550.9984983318,444068.5,0.0,0.0,1,1
5622,541550.9984983318,444068.5,0.0,0.0,1,1
5623,541550.9984983318,444068.5,0.0,0.0,1,1
5624,541550.9984983318,444068.5,0.0,0.0,1,1
5625,541550.9984983318,444068.5,0.0,0.0,1,1
5626,541550.9984983318,444068.5,0.0,0.0,1,1
5627,541550.9984983318,444068.5,0.0,0.0,1,1
5628,541483.9984983318,444068.5,0.0,0.0,1,1
5629,541483.9984983318,444068.5,0.0,0.0,1,1
5630,541483.9984983318,444068.5,0.0,0.0,1,1
5631,541483.9984983318,444068.5,0.0,0.0,1,1
5632,541483.9984983318,444068.5,0.0,0.0,1,1
5633,541483.9984983318,444068.5,0.0,0.0,1,1
5634,541483.9984983318,444068.5,0.0,0.0,1,1
5635,541594.9983314797,444068.5,0.0,0.0,1,1
5636,541594.9983314797,444068.5,0.0,0.0,1,1
5637,541594.9983314797,444068.5,0.0,0.0,1,1
5638,541594.9983314797,444068.5,0.0,0.0,1,1
5639,541594.9983314797,444068.5,0.0,0.0,1,1
5640,541594.9983314797,444068.5,0.0,0.0,1,1
5641,541594.9983314797,444068.5,0.0,0.0,1,1
5642,541594.9983314797,444068.5,0.0,0.0,1,1
5643,541594.9983314797,444068.5,0.0,0.0,1,1
5644,541594.9983314797,444068.5,0.0,0.0,1,1
5645,541594.9983314797,444068.5,0.0,0.0,1,1
5646,541594.9983314797,444068.5,0.0,0.0,1,1
5647,541594.9983314797,444068.5,0.0,0.0,1,1
5648,541594.9983314797,444068.5,0.0,0.0,1,1
5649,541594.9983314797,444068.5,0.0,0.0,1,1
5650,541594.9983314797,444068.5,0.0,0.0,1,1
5651,541594.9983314797,444068.5,0.0,0.0,1,1
5652,541594.9983314797,444068.5,0.0,0.0,1,1
5653,541492.4983314797,444068.5,0.0,0.0,1,1
5654,541492.4983314797,444068.5,0.0,0.0,1,1
5655,541492.4983314797,444068.5,0.0,0.0,1,1
5656,541492.4983314797,444068.5,0.0,0.0,1,1
5657,541526.4983314797,444068.5,0.0,0.0,1,1
5658,541526.4983314797,444068.5,0.0,0.0,1,1
5659,541526.4983314797,444068.5,0.0,0.0,1,1
5660,541526.4983314797,444068.5,0.0,0.0,1,1
5661,541526.4983314797,444068.5,0.0,0.0,1,1
5662,541526.4983314797,444068.5,0.0,0.0,1,1
5663,541526.4983314797,444068.5,0.0,0.0,1,1
5664,541526.4983314797,444068.5,0.0,0.0,1,1
5665,541526.4983314797,444068.5,0.0,0.0,1,1
5666,541526.4983314797,444068.5,0.0,0.0,1,1
5667,541526.4983314797,444068.5,0.0,0.0,1,1
5668,541526.4983314797,444068.5,0.0,0.0,1,1
5669,541526.4983314797,444068.5,0.0,0.0,1,1
5670,541526.4983314797,444068.5,0.0,0.0,1,1
5671,541526.4983314797,444068.5,0.0,0.0,1,1
5672,541526.4983314797,444068.5,0.0,0.0,1,1
5673,541526.4983314797,444068.5,0.0,0.0,1,1
5674,541526.4983314797,444068.5,0.0,0.0,1,1
5675,541526.4983314797,444068.5,0.0,0.0,1,1
5676,541526.4983314797,444068.5,0.0,0.0,1,1
5677,541526.4983314797,444068.5,0.0,0.0,1,1
5678,541526.4983314797,444068.5,0.0,0.0,1,1
5679,541526.4983314797,444068.5,0.0,0.0,1,1
5680,541526.4983314797,444068.5,0.0,0.0,1,1
5681,541526.4983314797,444068.5,0.0,0.0,1,1
5682,541526.4983314797,444068.5,0.0,0.0,1,1
5683,541526.4983314797,444068.5,0.0,0.0,1,1
5684,541526.4983314797,444068.5,0.0,0.0,1,1
5685,541526.4983314797,444068.5,0.0,0.0,1,1
5686,541526.4983314797,444068.5,0.0,0.0,1,1
5687,541526.4983314797,444068.5,0.0,0.0,1,1
5688,541526.4983314797,444068.5,0.0,0.0,1,1
5689,541526.4983314797,444068.5,0.0,0.0,1,1
5690,541526.4983314797,444068.5,0.0,0.0,1,1
5691,541492.4983314797,444068.5,0.0,0.0,1,1
5692,541492.4983314797,444068.5,0.0,0.0,1,1
5693,541492.4983314797,444068.5,0.0,0.0,1,1
5694,541492.4983314797,444068.5,0.0,0.0,1,1
5695,541492.4983314797,444068.5,0.0,0.0,1,1
5696,541492.4983314797,444068.5,0.0,0.0,1,1
5697,541492.4983314797,444068.5,0.0,0.0,1,1
5698,541492.4983314797,444068.5,0.0,0.0,1,1
5699,541492.4983314797,444068.5,0.0,0.0,1,1
5700,541492.4983314797,444068.5,0.0,0.0,1,1
5701,541492.4983314797,444068.5,0.0,0.0,1,1
5702,541492.4983314797,444068.5,0.0,0.0,1,1
5703,541492.4983314797,444068.5,0.0,0.0,1,1
5704,541646.4981646277,444068.5,0.0,0.0,1,1
5705,541646.4981646277,444068.5,0.0,0.0,1,1
5706,541646.4981646277,444068.5,0.0,0.0,1,1
5707,541646.4981646277,444068.5,0.0,0.0,1,1
5708,541646.4981646277,444068.5,0.0,0.0,1,1
5709,541646.4981646277,444068.5,0.0,0.0,1,1
5710,541646.4981646277,444068.5,0.0,0.0,1,1
5711,541646.4981646277,444068.5,0.0,0.0,1,1
5712,541646.4981646277,444068.5,0.0,0.0,1,1
5713,541646.4981646277,444068.5,0.0,0.0,1,1
5714,541646.4981646277,444068.5,0.0,0.0,1,1
5715,541646.4981646277,444068.5,0.0,0.0,1,1
5716,541646.4981646277,444068.5,0.0,0.0,1,1
5717,541646.4981646277,444068.5,0.0,0.0,1,1
5718,541646.4981646277,444068.5,0.0,0.0,1,1
5719,541646.4981646277,444068.5,0.0,0.0,1,1
5720,541646.4981646277,444068.5,0.0,0.0,1,1
5721,541646.4981646277,444068.5,0.0,0.0,1,1
5722,541646.4981646277,444068.5,0.0,0.0,1,1
5723,541646.4981646277,444068.5,0.0,0.0,1,1
5724,541646.4981646277,444068.5,0.0,0.0,1,1
5725,541646.4981646277,444068.5,0.0,0.0,1,1
5726,541646.4981646277,444068.5,0.0,0.0,1,1
5727,541646.4981646277,444068.5,0.0,0.0,1,1
5728,541646.4981646277,444068.5,0.0,0.0,1,1
5729,541646.4981646277,444068.5,0.0,0.0,1,1
5730,541646.4981646277,444068.5,0.0,0.0,1,1
5731,541660.4981646277,444068.5,0.0,0.0,1,1
5732,541660.4981646277,444068.5,0.0,0.0,1,1
5733,541660.4981646277,444068.5,0.0,0.0,1,1
5734,541660.4981646277,444068.5,0.0,0.0,1,1
5735,541660.4981646277,444068.5,0.0,0.0,1,1
5736,541963.9979977757,444068.5,0.0,0.0,1,1
5737,541963.9979977757,444068.5,0.0,0.0,1,1
5738,541963.9979977757,444068.5,0.0,0.0,1,1
5739,541963.9979977757,444068.5,0.0,0.0,1,1
5740,541963.9979977757,444068.5,0.0,0.0,1,1
5741,541963.9979977757,444068.5,0.0,0.0,1,1
5742,541963.9979977757,444068.5,0.0,0.0,1,1
5743,541823.9979977757,444068.5,0.0,0.0,1,1
5744,541823.9979977757,444068.5,0.0,0.0,1,1
5745,541711.9983314797,444068.5,0.0,0.0,1,1
5746,541711.9983314797,444068.5,0.0,0.0,1,1
5747,541711.9983314797,444068.5,0.0,0.0,1,1
5748,541711.9983314797,444068.5,0.0,0.0,1,1
5749,541711.9983314797,444068.5,0.0,0.0,1,1
5750,541711.9983314797,444068.5,0.0,0.0,1,1
5751,541711.9983314797,444068.5,0.0,0.0,1,1
5752,541711.9983314797,444068.5,0.0,0.0,1,1
5753,541711.9983314797,444068.5,0.0,0.0,1,1
5754,541711.9983314797,444068.5,0.0,0.0,1,1
5755,541711.9983314797,444068.5,0.0,0.0,1,1
5756,541711.9983314797,444068.5,0.0,0.0,1,1
5757,541711.9983314797,444068.5,0.0,0.0,1,1
5758,541711.9983314797,444068.5,0.0,0.0,1,1
5759,541711.9983314797,444068.5,0.0,0.0,1,1
5760,541711.9983314797,444068.5,0.0,0.0,1,1
5761,541711.9983314797,444068.5,0.0,0.0,1,1
5762,541711.9983314797,444068.5,0.0,0.0,1,1
5763,541711.9983314797,444068.5,0.0,0.0,1,1
5764,541711.9983314797,444068.5,0.0,0.0,1,1
5765,541711.9983314797,444068.5,0.0,0.0,1,1
5766,542663.9984983318,444068.5,0.0,0.0,1,1
5767,542663.9984983318,444068.5,0.0,0.0,1,1
5768,542663.9984983318,444068.5,0.0,0.0,1,1
5769,542663.9984983318,444068.5,0.0,0.0,1,1
5770,542663.9984983318,444068.5,0.0,0.0,1,1
5771,542663.9984983318,444068.5,0.0,0.0,1,1
5772,542691.9984983318,444068.5,0.0,0.0,1,1
5773,542691.9984983318,444068.5,0.0,0.0,1,1
5774,542691.9984983318,444068.5,0.0,0.0,1,1
5775,542691.9984983318,444068.5,0.0,0.0,1,1
5776,542691.9984983318,444068.5,0.0,0.0,1,1
5777,542691.9984983318,444068.5,0.0,0.0,1,1
5778,542691.9984983318,444068.5,0.0,0.0,1,1
5779,542691.9984983318,444068.5,0.0,0.0,1,1
5780,542691.9984983318,444068.5,0.0,0.0,1,1
5781,542691.9984983318,444068.5,0.0,0.0,1,1
5782,542691.9984983318,444068.5,0.0,0.0,1,1
5783,542691.9984983318,444068.5,0.0,0.0,1,1
5784,542691.9984983318,444068.5,0.0,0.0,1,1
5785,542691.9984983318,444068.5,0.0,0.0,1,1
5786,542691.9984983318,444068.5,0.0,0.0,1,1
5787,542691.9984983318,444068.5,0.0,0.0,1,1
5788,542691.9984983318,444068.5,0.0,0.0,1,1
5789,542691.9984983318,444068.5,0.0,0.0,1,1
5790,542691.9984983318,444068.5,0.0,0.0,1,1
5791,542691.9984983318,444068.5,0.0,0.0,1,1
5792,542691.9984983318,444068.5,0.0,0.0,1,1
5793,542691.9984983318,444068.5,0.0,0.0,1,1
5794,542691.9984983318,444068.5,0.0,0.0,1,1
5795,542691.9984983318,444068.5,0.0,0.0,1,1
5796,542691.9984983318,444068.5,0.0,0.0,1,1
5797,542691.9984983318,444068.5,0.0,0.0,1,1
5798,542691.9984983318,444068.5,0.0,0.0,1,1
5799,542681.9984983318,444068.5,0.0,0.0,1,1
5800,542681.9984983318,444068.5,0.0,0.0,1,1
5801,542681.9984983318,444068.5,0.0,0.0,1,1
5802,541828.9983314797,444068.5,0.0,0.0,1,1
5803,541828.9983314797,444068.5,0.0,0.0,1,1
5804,541828.9983314797,444068.5,0.0,0.0,1,1
5805,541828.9983314797,444068.5,0.0,0.0,1,1
5806,541828.9983314797,444068.5,0.0,0.0,1,1
5807,541828.9983314797,444068.5,0.0,0.0,1,1
5808,541828.9983314797,444068.5,0.0,0.0,1,1
5809,541828.9983314797,444068.5,0.0,0.0,1,1
5810,541828.9983314797,444068.5,0.0,0.0,1,1
5811,541828.9983314797,444068.5,0.0,0.0,1,1
5812,541828.9983314797,444068.5,0.0,0.0,1,1
5813,541828.9983314797,444068.5,0.0,0.0,1,1
5814,541828.9983314797,444068.5,0.0,0.0,1,1
5815,541828.9983314797,444068.5,0.0,0.0,1,1
5816,541828.9983314797,444068.5,0.0,0.0,1,1
5817,541828.9983314797,444068.5,0.0,0.0,1,1
5818,541828.9983314797,444068.5,0.0,0.0,1,1
5819,541828.9983314797,444068.5,0.0,0.0,1,1
5820,541828.9983314797,444068.5,0.0,0.0,1,1
5821,541828.9983314797,444068.5,0.0,0.0,1,1
5822,541828.9983314797,444068.5,0.0,0.0,1,1
5823,541828.9983314797,444068.5,0.0,0.0,1,1
5824,541828.9983314797,444068.5,0.0,0.0,1,1
5825,541828.9983314797,444068.5,0.0,0.0,1,1
5826,541828.9983314797,444068.5,0.0,0.0,1,1
5827,541828.9983314797,444068.5,0.0,0.0,1,1
5828,541828.9983314797,444068.5,0.0,0.0,1,1
5829,541828.9983314797,444068.5,0.0,0.0,1,1
5830,541828.9983314797,444068.5,0.0,0.0,1,1
5831,541828.9983314797,444068.5,0.0,0.0,1,1
5832,541828.9983314797,444068.5,0.0,0.0,1,1
5833,541715.4983314797,444068.5,0.0,0.0,1,1
5834,541715.4983314797,444068.5,0.0,0.0,1,1
5835,541715.4983314797,444068.5,0.0,0.0,1,1
5836,541715.4983314797,444068.5,0.0,0.0,1,1
5837,541715.4983314797,444068.5,0.0,0.0,1,1
5838,541715.4983314797,444068.5,0.0,0.0,1,1
5839,541715.4983314797,444068.5,0.0,0.0,1,1
5840,541715.4983314797,444068.5,0.0,0.0,1,1
5841,541715.4983314797,444068.5,0.0,0.0,1,1
5842,541715.4983314797,444068.5,0.0,0.0,1,1
5843,541715.4983314797,444068.5,0.0,0.0,1,1
5844,541715.4983314797,444068.5,0.0,0.0,1,1
5845,541715.4983314797,444068.5,0.0,0.0,1,1
5846,541715.4983314797,444068.5,0.0,0.0,1,1
5847,541715.4983314797,444068.5,0.0,0.0,1,1
5848,541715.4983314797,444068.5,0.0,0.0,1,1
5849,541715.4983314797,444068.5,0.0,0.0,1,1
5850,541715.4983314797,444068.5,0.0,0.0,1,1
5851,541715.4983314797,444068.5,0.0,0.0,1,1
5852,541715.4983314797,444068.5,0.0,0.0,1,1
5853,541715.4983314797,444068.5,0.0,0.0,1,1
5854,541715.4983314797,444068.5,0.0,0.0,1,1
5855,541715.4983314797,444068.5,0.0,0.0,1,1
5856,539363.9978309236,444068.5,0.0,0.0,1,1
5857,539363.9978309236,444068.5,0.0,0.0,1,1
5858,539363.9978309236,444068.5,0.0,0.0,1,1
5859,539363.9978309236,444068.5,0.0,0.0,1,1
5860,539363.9978309236,444068.5,0.0,0.0,1,1
5861,539363.9978309236,444068.5,0.0,0.0,1,1
5862,539363.9978309236,444068.5,0.0,0.0,1,1
5863,539363.9978309236,444068.5,0.0,0.0,1,1
5864,539363.9978309236,444068.5,0.0,0.0,1,1
5865,540487.9979977757,444068.5,0.0,0.0,1,1
5866,540487.9979977757,444068.5,0.0,0.0,1,1
5867,540487.9979977757,444068.5,0.0,0.0,1,1
5868,540487.9979977757,444068.5,0.0,0.0,1,1
5869,540487.9979977757,444068.5,0.0,0.0,1,1
5870,540487.9979977757,444068.5,0.0,0.0,1,1
5871,540487.9979977757,444068.5,0.0,0.0,1,1
5872,540487.9979977757,444068.5,0.0,0.0,1,1
5873,540487.9979977757,444068.5,0.0,0.0,1,1
5874,540487.9979977757,444068.5,0.0,0.0,1,1
5875,540487.9979977757,444068.5,0.0,0.0,1,1
5876,540373.9979977757,444068.5,0.0,0.0,1,1
5877,540373.9979977757,444068.5,0.0,0.0,1,1
5878,540373.9979977757,444068.5,0.0,0.0,1,1
5879,540373.9979977757,444068.5,0.0,0.0,1,1
5880,540373.9979977757,444068.5,0.0,0.0,1,1
5881,540373.9979977757,444068.5,0.0,0.0,1,1
5882,540373.9979977757,444068.5,0.0,0.0,1,1
5883,540373.9979977757,444068.5,0.0,0.0,1,1
5884,540373.9979977757,444068.5,0.0,0.0,1,1
5885,540373.9979977757,444068.5,0.0,0.0,1,1
5886,540373.9979977757,444068.5,0.0,0.0,1,1
5887,540373.9979977757,444068.5,0.0,0.0,1,1
5888,540596.9979977757,444068.5,0.0,0.0,1,1
5889,540596.9979977757,444068.5,0.0,0.0,1,1
5890,540596.9979977757,444068.5,0.0,0.0,1,1
5891,540439.4979977757,444068.5,0.0,0.0,1,1
5892,540439.4979977757,444068.5,0.0,0.0,1,1
5893,540439.4979977757,444068.5,0.0,0.0,1,1
5894,540439.4979977757,444068.5,0.0,0.0,1,1
5895,540439.4979977757,444068.5,0.0,0.0,1,1
5896,540439.4979977757,444068.5,0.0,0.0,1,1
5897,540439.4979977757,444068.5,0.0,0.0,1,1
5898,540439.4979977757,444068.5,0.0,0.0,1,1
5899,540439.4979977757,444068.5,0.0,0.0,1,1
5900,540439.4979977757,444068.5,0.0,0.0,1,1
5901,540439.4979977757,444068.5,0.0,0.0,1,1
5902,540439.4979977757,444068.5,0.0,0.0,1,1
5903,540439.4979977757,444068.5,0.0,0.0,1,1
5904,540439.4979977757,444068.5,0.0,0.0,1,1
5905,540439.4979977757,444068.5,0.0,0.0,1,1
5906,540439.4979977757,444068.5,0.0,0.0,1,1
5907,540439.4979977757,444068.5,0.0,0.0,1,1
5908,540439.4979977757,444068.5,0.0,0.0,1,1
5909,540439.4979977757,444068.5,0.0,0.0,1,1
5910,540439.4979977757,444068.5,0.0,0.0,1,1
5911,540439.4979977757,444068.5,0.0,0.0,1,1
5912,539666.9979977757,444068.5,0.0,0.0,1,1
5913,539666.9979977757,444068.5,0.0,0.0,1,1
5914,539666.9979977757,444068.5,0.0,0.0,1,1
5915,539666.9979977757,444068.5,0.0,0.0,1,1
5916,539666.9979977757,444068.5,0.0,0.0,1,1
5917,539666.9979977757,444068.5,0.0,0.0,1,1
5918,539666.9979977757,444068.5,0.0,0.0,1,1
5919,539666.9979977757,444068.5,0.0,0.0,1,1
5920,539666.9979977757,444068.5,0.0,0.0,1,1
5921,539666.9979977757,444068.5,0.0,0.0,1,1
5922,539666.9979977757,444068.5,0.0,0.0,1,1
5923,539666.9979977757,444068.5,0.0,0.0,1,1
5924,539666.9979977757,444068.5,0.0,0.0,1,1
5925,539666.9979977757,444068.5,0.0,0.0,1,1
5926,539666.9979977757,444068.5,0.0,0.0,1,1
5927,539666.9979977757,444068.5,0.0,0.0,1,1
5928,539666.9979977757,444068.5,0.0,0.0,1,1
5929,539666.9979977757,444068.5,0.0,0.0,1,1
5930,539666.9979977757,444068.5,0.0,0.0,1,1
5931,539666.9979977757,444068.5,0.0,0.0,1,1
5932,541811.4978309236,444068.5,0.0,0.0,1,1
5933,541811.4978309236,444068.5,0.0,0.0,1,1
5934,541811.4978309236,444068.5,0.0,0.0,1,1
5935,541811.4978309236,444068.5,0.0,0.0,1,1
5936,541811.4978309236,444068.5,0.0,0.0,1,1
5937,541811.4978309236,444068.5,0.0,0.0,1,1
5938,541811.4978309236,444068.5,0.0,0.0,1,1
5939,541811.4978309236,444068.5,0.0,0.0,1,1
5940,541709.4978309236,444068.5,0.0,0.0,1,1
5941,541709.4978309236,444068.5,0.0,0.0,1,1
5942,541709.4978309236,444068.5,0.0,0.0,1,1
5943,541709.4978309236,444068.5,0.0,0.0,1,1
5944,541709.4978309236,444068.5,0.0,0.0,1,1
5945,541709.4978309236,444068.5,0.0,0.0,1,1
5946,541709.4978309236,444068.5,0.0,0.0,1,1
5947,541709.4978309236,444068.5,0.0,0.0,1,1
5948,541709.4978309236,444068.5,0.0,0.0,1,1
5949,541607.9979977757,444068.5,0.0,0.0,1,1
5950,541607.9979977757,444068.5,0.0,0.0,1,1
5951,541607.9979977757,444068.5,0.0,0.0,1,1
5952,541599.9979977757,444068.5,0.0,0.0,1,1
5953,541599.9979977757,444068.5,0.0,0.0,1,1
5954,541599.9979977757,444068.5,0.0,0.0,1,1
5955,541599.9979977757,444068.5,0.0,0.0,1,1
5956,541599.9979977757,444068.5,0.0,0.0,1,1
5957,541599.9979977757,444068.5,0.0,0.0,1,1
5958,541599.9979977757,444068.5,0.0,0.0,1,1
5959,541599.9979977757,444068.5,0.0,0.0,1,1
5960,541599.9979977757,444068.5,0.0,0.0,1,1
5961,541599.9979977757,444068.5,0.0,0.0,1,1
5962,541599.9979977757,444068.5,0.0,0.0,1,1
5963,541661.9979977757,444068.5,0.0,0.0,1,1
5964,541661.9979977757,444068.5,0.0,0.0,1,1
5965,541661.9979977757,444068.5,0.0,0.0,1,1
5966,541661.9979977757,444068.5,0.0,0.0,1,1
5967,541503.9979977757,444068.5,0.0,0.0,1,1
5968,541503.9979977757,444068.5,0.0,0.0,1,1
5969,541503.9979977757,444068.5,0.0,0.0,1,1
5970,541503.9979977757,444068.5,0.0,0.0,1,1
5971,541503.9979977757,444068.5,0.0,0.0,1,1
5972,541503.9979977757,444068.5,0.0,0.0,1,1
5973,541098.4979977757,444068.5,0.0,0.0,1,1
5974,541098.4979977757,444068.5,0.0,0.0,1,1
5975,541098.4979977757,444068.5,0.0,0.0,1,1
5976,541098.4979977757,444068.5,0.0,0.0,1,1
5977,541098.4979977757,444068.5,0.0,0.0,1,1
5978,541098.4979977757,444068.5,0.0,0.0,1,1
5979,541098.4979977757,444068.5,0.0,0.0,1,1
5980,541098.4979977757,444068.5,0.0,0.0,1,1
5981,541098.4979977757,444068.5,0.0,0.0,1,1
5982,541098.4979977757,444068.5,0.0,0.0,1,1
5983,541098.4979977757,444068.5,0.0,0.0,1,1
5984,541098.4979977757,444068.5,0.0,0.0,1,1
5985,541098.4979977757,444068.5,0.0,0.0,1,1
5986,541098.4979977757,444068.5,0.0,0.0,1,1
5987,541098.4979977757,444068.5,0.0,0.0,1,1
5988,541098.4979977757,444068.5,0.0,0.0,1,1
5989,541098.4979977757,444068.5,0.0,0.0,1,1
5990,541098.4979977757,444068.5,0.0,0.0,1,1
5991,541098.4979977757,444068.5,0.0,0.0,1,1
5992,541098.4979977757,444068.5,0.0,0.0,1,1
5993,541098.4979977757,444068.5,0.0,0.0,1,1
5994,541098.4979977757,444068.5,0.0,0.0,1,1
5995,541098.4979977757,444068.5,0.0,0.0,1,1
5996,541098.4979977757,444068.5,0.0,0.0,1,1
5997,541098.4979977757,444068.5,0.0,0.0,1,1
5998,541098.4979977757,444068.5,0.0,0.0,1,1
5999,541098.4979977757,444068.5,0.0,0.0,1,1
6000,541098.4979977757,444068.5,0.0,0.0,1,1
6001,541098.4979977757,444068.5,0.0,0.0,1,1
6002,541098.4979977757,444068.5,0.0,0.0,1,1
6003,541098.4979977757,444068.5,0.0,0.0,1,1
6004,541098.4979977757,444068.5,0.0,0.0,1,1
6005,541098.4979977757,444068.5,0.0,0.0,1,1
6006,541098.4979977757,444068.5,0.0,0.0,1,1
6007,541098.4979977757,444068.5,0.0,0.0,1,1
6008,541098.4979977757,444068.5,0.0,0.0,1,1
6009,541098.4979977757,444068.5,0.0,0.0,1,1
6010,541098.4979977757,444068.5,0.0,0.0,1,1
6011,541098.4979977757,444068.5,0.0,0.0,1,1
6012,541098.4979977757,444068.5,0.0,0.0,1,1
6013,541098.4979977757,444068.5,0.0,0.0,1,1
6014,541095.9979977757,444068.5,0.0,0.0,1,1
6015,541095.9979977757,444068.5,0.0,0.0,1,1
6016,539128.4976640716,444068.5,0.0,0.0,1,1
6017,539128.4976640716,444068.5,0.0,0.0,1,1
6018,539128.4976640716,444068.5,0.0,0.0,1,1
6019,539128.4976640716,444068.5,0.0,0.0,1,1
6020,539128.4976640716,444068.5,0.0,0.0,1,1
6021,539128.4976640716,444068.5,0.0,0.0,1,1
6022,539128.4976640716,444068.5,0.0,0.0,1,1
6023,539128.4976640716,444068.5,0.0,0.0,1,1
6024,539128.4976640716,444068.5,0.0,0.0,1,1
6025,539128.4976640716,444068.5,0.0,0.0,1,1
6026,539128.4976640716,444068.5,0.0,0.0,1,1
6027,539128.4976640716,444068.5,0.0,0.0,1,1
6028,539128.4976640716,444068.5,0.0,0.0,1,1
6029,539128.4976640716,444068.5,0.0,0.0,1,1
6030,539128.4976640716,444068.5,0.0,0.0,1,1
6031,539128.4976640716,444068.5,0.0,0.0,1,1
6032,539128.4976640716,444068.5,0.0,0.0,1,1
6033,539132.9976640716,444068.5,0.0,0.0,1,1
6034,539132.9976640716,444068.5,0.0,0.0,1,1
6035,539132.9976640716,444068.5,0.0,0.0,1,1
6036,539132.9976640716,444068.5,0.0,0.0,1,1
6037,539132.9976640716,444068.5,0.0,0.0,1,1
6038,539132.9976640716,444068.5,0.0,0.0,1,1
6039,539132.9976640716,444068.5,0.0,0.0,1,1
6040,539132.9976640716,444068.5,0.0,0.0,1,1
6041,539132.9976640716,444068.5,0.0,0.0,1,1
6042,539132.9976640716,444068.5,0.0,0.0,1,1
6043,539132.9976640716,444068.5,0.0,0.0,1,1
6044,539132.9976640716,444068.5,0.0,0.0,1,1
6045,539132.9976640716,444068.5,0.0,0.0,1,1
6046,539132.9976640716,444068.5,0.0,0.0,1,1
6047,539132.9976640716,444068.5,0.0,0.0,1,1
6048,539044.9976640716,444068.5,0.0,0.0,1,1
6049,539044.9976640716,444068.5,0.0,0.0,1,1
6050,539044.9976640716,444068.5,0.0,0.0,1,1
6051,539044.9976640716,444068.5,0.0,0.0,1,1
6052,539044.9976640716,444068.5,0.0,0.0,1,1
6053,539117.9976640716,444068.5,0.0,0.0,1,1
6054,539117.9976640716,444068.5,0.0,0.0,1,1
6055,539117.9976640716,444068.5,0.0,0.0,1,1
6056,539117.9976640716,444068.5,0.0,0.0,1,1
6057,539117.9976640716,444068.5,0.0,0.0,1,1
6058,539117.9976640716,444068.5,0.0,0.0,1,1
6059,539233.9976640716,444068.5,0.0,0.0,1,1
6060,539233.9976640716,444068.5,0.0,0.0,1,1
6061,539233.9976640716,444068.5,0.0,0.0,1,1
6062,539233.9976640716,444068.5,0.0,0.0,1,1
6063,539233.9976640716,444068.5,0.0,0.0,1,1
6064,539233.9976640716,444068.5,0.0,0.0,1,1
6065,539117.9976640716,444068.5,0.0,0.0,1,1
6066,539117.9976640716,444068.5,0.0,0.0,1,1
6067,539163.9976640716,444068.5,0.0,0.0,1,1
6068,539163.9976640716,444068.5,0.0,0.0,1,1
6069,539163.9976640716,444068.5,0.0,0.0,1,1
6070,539124.9983314797,444068.5,0.0,0.0,1,1
6071,539124.9983314797,444068.5,0.0,0.0,1,1
6072,539124.9983314797,444068.5,0.0,0.0,1,1
6073,539124.9983314797,444068.5,0.0,0.0,1,1
6074,539124.9983314797,444068.5,0.0,0.0,1,1
6075,539124.9983314797,444068.5,0.0,0.0,1,1
6076,539124.9983314797,444068.5,0.0,0.0,1,1
6077,539124.9983314797,444068.5,0.0,0.0,1,1
6078,539124.9983314797,444068.5,0.0,0.0,1,1
6079,539124.9983314797,444068.5,0.0,0.0,1,1
6080,539124.9983314797,444068.5,0.0,0.0,1,1
6081,539124.9983314797,444068.5,0.0,0.0,1,1
6082,539124.9983314797,444068.5,0.0,0.0,1,1
6083,539124.9983314797,444068.5,0.0,0.0,1,1
6084,539124.9983314797,444068.5,0.0,0.0,1,1
6085,539124.9983314797,444068.5,0.0,0.0,1,1
6086,539124.9983314797,444068.5,0.0,0.0,1,1
6087,539124.9983314797,444068.5,0.0,0.0,1,1
6088,539124.9983314797,444068.5,0.0,0.0,1,1
6089,539124.9983314797,444068.5,0.0,0.0,1,1
6090,539124.9983314797,444068.5,0.0,0.0,1,1
6091,539124.9983314797,444068.5,0.0,0.0,1,1
6092,539124.9983314797,444068.5,0.0,0.0,1,1
6093,539124.9983314797,444068.5,0.0,0.0,1,1
6094,539124.9983314797,444068.5,0.0,0.0,1,1
6095,539124.9983314797,444068.5,0.0,0.0,1,1
6096,539124.9983314797,444068.5,0.0,0.0,1,1
6097,539124.9983314797,444068.5,0.0,0.0,1,1
6098,539124.9983314797,444068.5,0.0,0.0,1,1
6099,539379.9983314797,444068.5,0.0,0.0,1,1
6100,538995.4984983318,444068.5,0.0,0.0,1,1
6101,538995.4984983318,444068.5,0.0,0.0,1,1
6102,538995.4984983318,444068.5,0.0,0.0,1,1
6103,538995.4984983318,444068.5,0.0,0.0,1,1
6104,538995.4984983318,444068.5,0.0,0.0,1,1
6105,538995.4984983318,444068.5,0.0,0.0,1,1
6106,538995.4984983318,444068.5,0.0,0.0,1,1
6107,538995.4984983318,444068.5,0.0,0.0,1,1
6108,538995.4984983318,444068.5,0.0,0.0,1,1
6109,538995.4984983318,444068.5,0.0,0.0,1,1
6110,538995.4984983318,444068.5,0.0,0.0,1,1
6111,538995.4984983318,444068.5,0.0,0.0,1,1
6112,538995.4984983318,444068.5,0.0,0.0,1,1
6113,538995.4984983318,444068.5,0.0,0.0,1,1
6114,538995.4984983318,444068.5,0.0,0.0,1,1
6115,538995.4984983318,444068.5,0.0,0.0,1,1
6116,538995.4984983318,444068.5,0.0,0.0,1,1
6117,538995.4984983318,444068.5,0.0,0.0,1,1
6118,538995.4984983318,444068.5,0.0,0.0,1,1
6119,538995.4984983318,444068.5,0.0,0.0,1,1
6120,540598.4986651838,444068.5,0.0,0.0,1,1
6121,540598.4986651838,444068.5,0.0,0.0,1,1
6122,540598.4986651838,444068.5,0.0,0.0,1,1
6123,541539.9991657399,444068.5,0.0,0.0,1,1
6124,541539.9991657399,444068.5,0.0,0.0,1,1
6125,541539.9991657399,444068.5,0.0,0.0,1,1
6126,541539.9991657399,444068.5,0.0,0.0,1,1
6127,541539.9991657399,444068.5,0.0,0.0,1,1
6128,541539.9991657399,444068.5,0.0,0.0,1,1
6129,541539.9991657399,444068.5,0.0,0.0,1,1
6130,541539.9991657399,444068.5,0.0,0.0,1,1
6131,540214.9991657399,444068.5,0.0,0.0,1,1
6132,540214.9991657399,444068.5,0.0,0.0,1,1
6133,540214.9991657399,444068.5,0.0,0.0,1,1
6134,540214.9991657399,444068.5,0.0,0.0,1,1
6135,540363.9993325919,444068.5,0.0,0.0,1,1
6136,540363.9993325919,444068.5,0.0,0.0,1,1
6137,540363.9993325919,444068.5,0.0,0.0,1,1
6138,540363.9993325919,444068.5,0.0,0.0,1,1
6139,540363.9993325919,444068.5,0.0,0.0,1,1
6140,540363.9993325919,444068.5,0.0,0.0,1,1
6141,540363.9993325919,444068.5,0.0,0.0,1,1
6142,540363.9993325919,444068.5,0.0,0.0,1,1
6143,540363.9993325919,444068.5,0.0,0.0,1,1
6144,540363.9993325919,444068.5,0.0,0.0,1,1
6145,540363.9993325919,444068.5,0.0,0.0,1,1
6146,540363.9993325919,444068.5,0.0,0.0,1,1
6147,540363.9993325919,444068.5,0.0,0.0,1,1
6148,540363.9993325919,444068.5,0.0,0.0,1,1
6149,540363.9993325919,444068.5,0.0,0.0,1,1
6150,540363.9993325919,444068.5,0.0,0.0,1,1
6151,540363.9993325919,444068.5,0.0,0.0,1,1
6152,540363.9993325919,444068.5,0.0,0.0,1,1
6153,540363.9993325919,444068.5,0.0,0.0,1,1
6154,540511.9993325919,444068.5,0.0,0.0,1,1
6155,540511.9993325919,444068.5,0.0,0.0,1,1
6156,540511.9993325919,444068.5,0.0,0.0,1,1
6157,540511.9993325919,444068.5,0.0,0.0,1,1
6158,540511.9993325919,444068.5,0.0,0.0,1,1
6159,540511.9993325919,444068.5,0.0,0.0,1,1
6160,540511.9993325919,444068.5,0.0,0.0,1,1
6161,540511.9993325919,444068.5,0.0,0.0,1,1
6162,540511.9993325919,444068.5,0.0,0.0,1,1
6163,540511.9993325919,444068.5,0.0,0.0,1,1
6164,540511.9993325919,444068.5,0.0,0.0,1,1
6165,540511.9993325919,444068.5,0.0,0.0,1,1
6166,540511.9993325919,444068.5,0.0,0.0,1,1
6167,540511.9993325919,444068.5,0.0,0.0,1,1
6168,540511.9993325919,444068.5,0.0,0.0,1,1
6169,540511.9993325919,444068.5,0.0,0.0,1,1
6170,540511.9993325919,444068.5,0.0,0.0,1,1
6171,540511.9993325919,444068.5,0.0,0.0,1,1
6172,540511.9993325919,444068.5,0.0,0.0,1,1
6173,540511.9993325919,444068.5,0.0,0.0,1,1
6174,540511.9993325919,444068.5,0.0,0.0,1,1
6175,540511.9993325919,444068.5,0.0,0.0,1,1
6176,540511.9993325919,444068.5,0.0,0.0,1,1
6177,540511.9993325919,444068.5,0.0,0.0,1,1
6178,540511.9993325919,444068.5,0.0,0.0,1,1
6179,540511.9993325919,444068.5,0.0,0.0,1,1
6180,540511.9993325919,444068.5,0.0,0.0,1,1
6181,540511.9993325919,444068.5,0.0,0.0,1,1
6182,540511.9993325919,444068.5,0.0,0.0,1,1
6183,540511.9993325919,444068.5,0.0,0.0,1,1
6184,540511.9993325919,444068.5,0.0,0.0,1,1
6185,540511.9993325919,444068.5,0.0,0.0,1,1
6186,540511.9993325919,444068.5,0.0,0.0,1,1
6187,540370.4991657399,444068.5,0.0,0.0,1,1
6188,540370.4991657399,444068.5,0.0,0.0,1,1
6189,540565.4991657399,444068.5,0.0,0.0,1,1
6190,540451.4989988878,444068.5,0.0,0.0,1,1
6191,540451.4989988878,444068.5,0.0,0.0,1,1
6192,540451.4989988878,444068.5,0.0,0.0,1,1
6193,540451.4989988878,444068.5,0.0,0.0,1,1
6194,540718.9989988878,444068.5,0.0,0.0,1,1
6195,540718.9989988878,444068.5,0.0,0.0,1,1
6196,540718.9989988878,444068.5,0.0,0.0,1,1
6197,540718.9989988878,444068.5,0.0,0.0,1,1
6198,540718.9989988878,444068.5,0.0,0.0,1,1
6199,540718.9989988878,444068.5,0.0,0.0,1,1
6200,540718.9989988878,444068.5,0.0,0.0,1,1
6201,540718.9989988878,444068.5,0.0,0.0,1,1
6202,540718.9989988878,444068.5,0.0,0.0,1,1
6203,540718.9989988878,444068.5,0.0,0.0,1,1
6204,540718.9989988878,444068.5,0.0,0.0,1,1
6205,541321.9991657399,444068.5,0.0,0.0,1,1
6206,541321.9991657399,444068.5,0.0,0.0,1,1
6207,541321.9991657399,444068.5,0.0,0.0,1,1
6208,541321.9991657399,444068.5,0.0,0.0,1,1
6209,541321.9991657399,444068.5,0.0,0.0,1,1
6210,541321.9991657399,444068.5,0.0,0.0,1,1
6211,541321.9991657399,444068.5,0.0,0.0,1,1
6212,541321.9991657399,444068.5,0.0,0.0,1,1
6213,541321.9991657399,444068.5,0.0,0.0,1,1
6214,541321.9991657399,444068.5,0.0,0.0,1,1
6215,541184.9991657399,444068.5,0.0,0.0,1,1
6216,541184.9991657399,444068.5,0.0,0.0,1,1
6217,541184.9991657399,444068.5,0.0,0.0,1,1
6218,541184.9991657399,444068.5,0.0,0.0,1,1
6219,541184.9991657399,444068.5,0.0,0.0,1,1
6220,540390.9991657399,444068.5,0.0,0.0,1,1
6221,540390.9991657399,444068.5,0.0,0.0,1,1
6222,540390.9991657399,444068.5,0.0,0.0,1,1
6223,540323.9991657399,444068.5,0.0,0.0,1,1
6224,540323.9991657399,444068.5,0.0,0.0,1,1
6225,540323.9991657399,444068.5,0.0,0.0,1,1
6226,540323.9991657399,444068.5,0.0,0.0,1,1
6227,540323.9991657399,444068.5,0.0,0.0,1,1
6228,540290.9991657399,444068.5,0.0,0.0,1,1
6229,540290.9991657399,444068.5,0.0,0.0,1,1
6230,540290.9991657399,444068.5,0.0,0.0,1,1
6231,540290.9991657399,444068.5,0.0,0.0,1,1
6232,540290.9991657399,444068.5,0.0,0.0,1,1
6233,540290.9991657399,444068.5,0.0,0.0,1,1
6234,540290.9991657399,444068.5,0.0,0.0,1,1
6235,540333.4991657399,444068.5,0.0,0.0,1,1
6236,540407.9991657399,444068.5,0.0,0.0,1,1
6237,540407.9991657399,444068.5,0.0,0.0,1,1
6238,540407.9991657399,444068.5,0.0,0.0,1,1
6239,540407.9991657399,444068.5,0.0,0.0,1,1
6240,540407.9991657399,444068.5,0.0,0.0,1,1
6241,540407.9991657399,444068.5,0.0,0.0,1,1
6242,540407.9991657399,444068.5,0.0,0.0,1,1
6243,540407.9991657399,444068.5,0.0,0.0,1,1
6244,540407.9991657399,444068.5,0.0,0.0,1,1
6245,540407.9991657399,444068.5,0.0,0.0,1,1
6246,539823.4989988878,444068.5,0.0,0.0,1,1
6247,540310.4991657399,444068.5,0.0,0.0,1,1
6248,540310.4991657399,444068.5,0.0,0.0,1,1
6249,540310.4991657399,444068.5,0.0,0.0,1,1
6250,540310.4991657399,444068.5,0.0,0.0,1,1
6251,540310.4991657399,444068.5,0.0,0.0,1,1
6252,540310.4991657399,444068.5,0.0,0.0,1,1
6253,540310.4991657399,444068.5,0.0,0.0,1,1
6254,540310.4991657399,444068.5,0.0,0.0,1,1
6255,540310.4991657399,444068.5,0.0,0.0,1,1
6256,540310.4991657399,444068.5,0.0,0.0,1,1
6257,540310.4991657399,444068.5,0.0,0.0,1,1
6258,540310.4991657399,444068.5,0.0,0.0,1,1
6259,540310.4991657399,444068.5,0.0,0.0,1,1
6260,540310.4991657399,444068.5,0.0,0.0,1,1
6261,540310.4991657399,444068.5,0.0,0.0,1,1
6262,540492.4991657399,444068.5,0.0,0.0,1,1
6263,540492.4991657399,444068.5,0.0,0.0,1,1
6264,540492.4991657399,444068.5,0.0,0.0,1,1
6265,540492.4991657399,444068.5,0.0,0.0,1,1
6266,540569.9991657399,444068.5,0.0,0.0,1,1
6267,540569.9991657399,444068.5,0.0,0.0,1,1
6268,540569.9991657399,444068.5,0.0,0.0,1,1
6269,540569.9991657399,444068.5,0.0,0.0,1,1
6270,540569.9991657399,444068.5,0.0,0.0,1,1
6271,540569.9991657399,444068.5,0.0,0.0,1,1
6272,540569.9991657399,444068.5,0.0,0.0,1,1
6273,540569.9991657399,444068.5,0.0,0.0,1,1
6274,540569.9991657399,444068.5,0.0,0.0,1,1
6275,540569.9991657399,444068.5,0.0,0.0,1,1
6276,540569.9991657399,444068.5,0.0,0.0,1,1
6277,540840.9991657399,444068.5,0.0,0.0,1,1
6278,540840.9991657399,444068.5,0.0,0.0,1,1
6279,540840.9991657399,444068.5,0.0,0.0,1,1
6280,540840.9991657399,444068.5,0.0,0.0,1,1
6281,540840.9991657399,444068.5,0.0,0.0,1,1
6282,540840.9991657399,444068.5,0.0,0.0,1,1
6283,540840.9991657399,444068.5,0.0,0.0,1,1
6284,540840.9991657399,444068.5,0.0,0.0,1,1
6285,540840.9991657399,444068.5,0.0,0.0,1,1
6286,540840.9991657399,444068.5,0.0,0.0,1,1
6287,540840.9991657399,444068.5,0.0,0.0,1,1
6288,540840.9991657399,444068.5,0.0,0.0,1,1
6289,540840.9991657399,444068.5,0.0,0.0,1,1
6290,540840.9991657399,444068.5,0.0,0.0,1,1
6291,540840.9991657399,444068.5,0.0,0.0,1,1
6292,540840.9991657399,444068.5,0.0,0.0,1,1
6293,540840.9991657399,444068.5,0.0,0.0,1,1
6294,540840.9991657399,444068.5,0.0,0.0,1,1
6295,540840.9991657399,444068.5,0.0,0.0,1,1
6296,540840.9991657399,444068.5,0.0,0.0,1,1
6297,540840.9991657399,444068.5,0.0,0.0,1,1
6298,540840.9991657399,444068.5,0.0,0.0,1,1
6299,540840.9991657399,444068.5,0.0,0.0,1,1
6300,540840.9991657399,444068.5,0.0,0.0,1,1
6301,540840.9991657399,444068.5,0.0,0.0,1,1
6302,540840.9991657399,444068.5,0.0,0.0,1,1
6303,540840.9991657399,444068.5,0.0,0.0,1,1
6304,540840.9991657399,444068.5,0.0,0.0,1,1
6305,540840.9991657399,444068.5,0.0,0.0,1,1
6306,540840.9991657399,444068.5,0.0,0.0,1,1
6307,540763.4991657399,444068.5,0.0,0.0,1,1
6308,540763.4991657399,444068.5,0.0,0.0,1,1
6309,540763.4991657399,444068.5,0.0,0.0,1,1
6310,540763.4991657399,444068.5,0.0,0.0,1,1
6311,540763.4991657399,444068.5,0.0,0.0,1,1
6312,540763.4991657399,444068.5,0.0,0.0,1,1
6313,540763.4991657399,444068.5,0.0,0.0,1,1
6314,540763.4991657399,444068.5,0.0,0.0,1,1
6315,540763.4991657399,444068.5,0.0,0.0,1,1
6316,540763.4991657399,444068.5,0.0,0.0,1,1
6317,540763.4991657399,444068.5,0.0,0.0,1,1
6318,540763.4991657399,444068.5,0.0,0.0,1,1
6319,540800.4991657399,444068.5,0.0,0.0,1,1
6320,540800.4991657399,444068.5,0.0,0.0,1,1
6321,540800.4991657399,444068.5,0.0,0.0,1,1
6322,540800.4991657399,444068.5,0.0,0.0,1,1
6323,540800.4991657399,444068.5,0.0,0.0,1,1
6324,540800.4991657399,444068.5,0.0,0.0,1,1
6325,540765.4991657399,444068.5,0.0,0.0,1,1
6326,540765.4991657399,444068.5,0.0,0.0,1,1
6327,540765.4991657399,444068.5,0.0,0.0,1,1
6328,540765.4991657399,444068.5,0.0,0.0,1,1
6329,540765.4991657399,444068.5,0.0,0.0,1,1
6330,540765.4991657399,444068.5,0.0,0.0,1,1
6331,540765.4991657399,444068.5,0.0,0.0,1,1
6332,540765.4991657399,444068.5,0.0,0.0,1,1
6333,540788.4991657399,444068.5,0.0,0.0,1,1
6334,540788.4991657399,444068.5,0.0,0.0,1,1
6335,541081.9986651838,444068.5,0.0,0.0,1,1
6336,539902.9989988878,444068.5,0.0,0.0,1,1
6337,539902.9989988878,444068.5,0.0,0.0,1,1
6338,539902.9989988878,444068.5,0.0,0.0,1,1
6339,539902.9989988878,444068.5,0.0,0.0,1,1
6340,539902.9989988878,444068.5,0.0,0.0,1,1
6341,539902.9989988878,444068.5,0.0,0.0,1,1
6342,539902.9989988878,444068.5,0.0,0.0,1,1
6343,539988.9981646277,444068.5,0.0,0.0,1,1
6344,539988.9981646277,444068.5,0.0,0.0,1,1
6345,539988.9981646277,444068.5,0.0,0.0,1,1
6346,539988.9981646277,444068.5,0.0,0.0,1,1
6347,539988.9981646277,444068.5,0.0,0.0,1,1
6348,539988.9981646277,444068.5,0.0,0.0,1,1
6349,539988.9981646277,444068.5,0.0,0.0,1,1
6350,539988.9981646277,444068.5,0.0,0.0,1,1
6351,539988.9981646277,444068.5,0.0,0.0,1,1
6352,539988.9981646277,444068.5,0.0,0.0,1,1
6353,537532.9986651838,444068.5,0.0,0.0,1,1
6354,537532.9986651838,444068.5,0.0,0.0,1,1
6355,537532.9986651838,444068.5,0.0,0.0,1,1
6356,537532.9986651838,444068.5,0.0,0.0,1,1
6357,537532.9986651838,444068.5,0.0,0.0,1,1
6358,537532.9986651838,444068.5,0.0,0.0,1,1
6359,537532.9986651838,444068.5,0.0,0.0,1,1
6360,537532.9986651838,444068.5,0.0,0.0,1,1
6361,537532.9986651838,444068.5,0.0,0.0,1,1
6362,537532.9986651838,444068.5,0.0,0.0,1,1
6363,537532.9986651838,444068.5,0.0,0.0,1,1
6364,537532.9986651838,444068.5,0.0,0.0,1,1
6365,537532.9986651838,444068.5,0.0,0.0,1,1
6366,537532.9986651838,444068.5,0.0,0.0,1,1
6367,537532.9986651838,444068.5,0.0,0.0,1,1
6368,537532.9986651838,444068.5,0.0,0.0,1,1
6369,537532.9986651838,444068.5,0.0,0.0,1,1
6370,537532.9986651838,444068.5,0.0,0.0,1,1
6371,537532.9986651838,444068.5,0.0,0.0,1,1
6372,537532.9986651838,444068.5,0.0,0.0,1,1
6373,537532.9986651838,444068.5,0.0,0.0,1,1
6374,537532.9986651838,444068.5,0.0,0.0,1,1
6375,537532.9986651838,444068.5,0.0,0.0,1,1
6376,537532.9986651838,444068.5,0.0,0.0,1,1
6377,537532.9986651838,444068.5,0.0,0.0,1,1
6378,537532.9986651838,444068.5,0.0,0.0,1,1
6379,537532.9986651838,444068.5,0.0,0.0,1,1
6380,537532.9986651838,444068.5,0.0,0.0,1,1
6381,537532.9986651838,444068.5,0.0,0.0,1,1
6382,537532.9986651838,444068.5,0.0,0.0,1,1
6383,537552.9986651838,444068.5,0.0,0.0,1,1
6384,537552.9986651838,444068.5,0.0,0.0,1,1
6385,537552.9986651838,444068.5,0.0,0.0,1,1
6386,537552.9986651838,444068.5,0.0,0.0,1,1
6387,537552.9986651838,444068.5,0.0,0.0,1,1
6388,537552.9986651838,444068.5,0.0,0.0,1,1
6389,537552.9986651838,444068.5,0.0,0.0,1,1
6390,537552.9986651838,444068.5,0.0,0.0,1,1
6391,537552.9986651838,444068.5,0.0,0.0,1,1
6392,537552.9986651838,444068.5,0.0,0.0,1,1
6393,537552.9986651838,444068.5,0.0,0.0,1,1
6394,537552.9986651838,444068.5,0.0,0.0,1,1
6395,537552.9986651838,444068.5,0.0,0.0,1,1
6396,537552.9986651838,444068.5,0.0,0.0,1,1
6397,537552.9986651838,444068.5,0.0,0.0,1,1
6398,537552.9986651838,444068.5,0.0,0.0,1,1
6399,537552.9986651838,444068.5,0.0,0.0,1,1
6400,537552.9986651838,444068.5,0.0,0.0,1,1
6401,537552.9986651838,444068.5,0.0,0.0,1,1
6402,539593.4978309236,444068.5,0.0,0.0,1,1
6403,539593.4978309236,444068.5,0.0,0.0,1,1
6404,539593.4978309236,444068.5,0.0,0.0,1,1
6405,539593.4978309236,444068.5,0.0,0.0,1,1
6406,539593.4978309236,444068.5,0.0,0.0,1,1
6407,539593.4978309236,444068.5,0.0,0.0,1,1
6408,539593.4978309236,444068.5,0.0,0.0,1,1
6409,539593.4978309236,444068.5,0.0,0.0,1,1
6410,539593.4978309236,444068.5,0.0,0.0,1,1
6411,539593.4978309236,444068.5,0.0,0.0,1,1
6412,539593.4978309236,444068.5,0.0,0.0,1,1
6413,539593.4978309236,444068.5,0.0,0.0,1,1
6414,539593.4978309236,444068.5,0.0,0.0,1,1
6415,539609.9978309236,444068.5,0.0,0.0,1,1
6416,539609.9978309236,444068.5,0.0,0.0,1,1
6417,539609.9978309236,444068.5,0.0,0.0,1,1
6418,539609.9978309236,444068.5,0.0,0.0,1,1
6419,539609.9978309236,444068.5,0.0,0.0,1,1
6420,539609.9978309236,444068.5,0.0,0.0,1,1
6421,539609.9978309236,444068.5,0.0,0.0,1,1
6422,539609.9978309236,444068.5,0.0,0.0,1,1
6423,539609.9978309236,444068.5,0.0,0.0,1,1
6424,539609.9978309236,444068.5,0.0,0.0,1,1
6425,539609.9978309236,444068.5,0.0,0.0,1,1
6426,539609.9978309236,444068.5,0.0,0.0,1,1
6427,539609.9978309236,444068.5,0.0,0.0,1,1
6428,539533.9978309236,444068.5,0.0,0.0,1,1
6429,539533.9978309236,444068.5,0.0,0.0,1,1
6430,539533.9978309236,444068.5,0.0,0.0,1,1
6431,539003.9981646277,444068.5,0.0,0.0,1,1
6432,539003.9981646277,444068.5,0.0,0.0,1,1
6433,539003.9981646277,444068.5,0.0,0.0,1,1
6434,539035.4981646277,444068.5,0.0,0.0,1,1
6435,539035.4981646277,444068.5,0.0,0.0,1,1
6436,539035.4981646277,444068.5,0.0,0.0,1,1
6437,539035.4981646277,444068.5,0.0,0.0,1,1
6438,539035.4981646277,444068.5,0.0,0.0,1,1
6439,539035.4981646277,444068.5,0.0,0.0,1,1
6440,539035.4981646277,444068.5,0.0,0.0,1,1
6441,539035.4981646277,444068.5,0.0,0.0,1,1
6442,539035.4981646277,444068.5,0.0,0.0,1,1
6443,539035.4981646277,444068.5,0.0,0.0,1,1
6444,539035.4981646277,444068.5,0.0,0.0,1,1
6445,539035.4981646277,444068.5,0.0,0.0,1,1
6446,539035.4981646277,444068.5,0.0,0.0,1,1
6447,539035.4981646277,444068.5,0.0,0.0,1,1
6448,539035.4981646277,444068.5,0.0,0.0,1,1
6449,540905.4979977757,444068.5,0.0,0.0,1,1
6450,540905.4979977757,444068.5,0.0,0.0,1,1
6451,540905.4979977757,444068.5,0.0,0.0,1,1
6452,540905.4979977757,444068.5,0.0,0.0,1,1
6453,540905.4979977757,444068.5,0.0,0.0,1,1
6454,540905.4979977757,444068.5,0.0,0.0,1,1
6455,540905.4979977757,444068.5,0.0,0.0,1,1
6456,540905.4979977757,444068.5,0.0,0.0,1,1
6457,540905.4979977757,444068.5,0.0,0.0,1,1
6458,540905.4979977757,444068.5,0.0,0.0,1,1
6459,540905.4979977757,444068.5,0.0,0.0,1,1
6460,540841.9979977757,444068.5,0.0,0.0,1,1
6461,540841.9979977757,444068.5,0.0,0.0,1,1
6462,540841.9979977757,444068.5,0.0,0.0,1,1
6463,540841.9979977757,444068.5,0.0,0.0,1,1
6464,540841.9979977757,444068.5,0.0,0.0,1,1
6465,540841.9979977757,444068.5,0.0,0.0,1,1
6466,540841.9979977757,444068.5,0.0,0.0,1,1
6467,540841.9979977757,444068.5,0.0,0.0,1,1
6468,540841.9979977757,444068.5,0.0,0.0,1,1
6469,540841.9979977757,444068.5,0.0,0.0,1,1
6470,540841.9979977757,444068.5,0.0,0.0,1,1
6471,540841.9979977757,444068.5,0.0,0.0,1,1
6472,540841.9979977757,444068.5,0.0,0.0,1,1
6473,540841.9979977757,444068.5,0.0,0.0,1,1
6474,540841.9979977757,444068.5,0.0,0.0,1,1
6475,540841.9979977757,444068.5,0.0,0.0,1,1
6476,540841.9979977757,444068.5,0.0,0.0,1,1
6477,540841.9979977757,444068.5,0.0,0.0,1,1
6478,540841.9979977757,444068.5,0.0,0.0,1,1
6479,541296.9979977757,444068.5,0.0,0.0,1,1
6480,542374.4976640716,444068.5,0.0,0.0,1,1
6481,542374.4976640716,444068.5,0.0,0.0,1,1
6482,542374.4976640716,444068.5,0.0,0.0,1,1
6483,542374.4976640716,444068.5,0.0,0.0,1,1
6484,542374.4976640716,444068.5,0.0,0.0,1,1
6485,542343.9976640716,444068.5,0.0,0.0,1,1
6486,542343.9976640716,444068.5,0.0,0.0,1,1
6487,542343.9976640716,444068.5,0.0,0.0,1,1
6488,542343.9976640716,444068.5,0.0,0.0,1,1
6489,542343.9976640716,444068.5,0.0,0.0,1,1
6490,542343.9976640716,444068.5,0.0,0.0,1,1
6491,542343.9976640716,444068.5,0.0,0.0,1,1
6492,541957.9974972196,444068.5,0.0,0.0,1,1
6493,543130.4979977757,444068.5,0.0,0.0,1,1
6494,543130.4979977757,444068.5,0.0,0.0,1,1
6495,543130.4979977757,444068.5,0.0,0.0,1,1
6496,543130.4979977757,444068.5,0.0,0.0,1,1
6497,543130.4979977757,444068.5,0.0,0.0,1,1
6498,543130.4979977757,444068.5,0.0,0.0,1,1
6499,543130.4979977757,444068.5,0.0,0.0,1,1
6500,543130.4979977757,444068.5,0.0,0.0,1,1
6501,543130.4979977757,444068.5,0.0,0.0,1,1
6502,543130.4979977757,444068.5,0.0,0.0,1,1
6503,543130.4979977757,444068.5,0.0,0.0,1,1
6504,543130.4979977757,444068.5,0.0,0.0,1,1
6505,543130.4979977757,444068.5,0.0,0.0,1,1
6506,543130.4979977757,444068.5,0.0,0.0,1,1
6507,543130.4979977757,444068.5,0.0,0.0,1,1
6508,543160.9979977757,444068.5,0.0,0.0,1,1
6509,543160.9979977757,444068.5,0.0,0.0,1,1
6510,543160.9979977757,444068.5,0.0,0.0,1,1
6511,543160.9979977757,444068.5,0.0,0.0,1,1
6512,543160.9979977757,444068.5,0.0,0.0,1,1
6513,543160.9979977757,444068.5,0.0,0.0,1,1
6514,543160.9979977757,444068.5,0.0,0.0,1,1
6515,543160.9979977757,444068.5,0.0,0.0,1,1
6516,542947.4978309236,444068.5,0.0,0.0,1,1
6517,542947.4978309236,444068.5,0.0,0.0,1,1
6518,542947.4978309236,444068.5,0.0,0.0,1,1
6519,542947.4978309236,444068.5,0.0,0.0,1,1
6520,542947.4978309236,444068.5,0.0,0.0,1,1
6521,542947.4978309236,444068.5,0.0,0.0,1,1
6522,542947.4978309236,444068.5,0.0,0.0,1,1
6523,542947.4978309236,444068.5,0.0,0.0,1,1
6524,542947.4978309236,444068.5,0.0,0.0,1,1
6525,542881.4984983318,444068.5,0.0,0.0,1,1
6526,542812.4984983318,444068.5,0.0,0.0,1,1
6527,542812.4984983318,444068.5,0.0,0.0,1,1
6528,542964.9984983318,444068.5,0.0,0.0,1,1
6529,542964.9984983318,444068.5,0.0,0.0,1,1
6530,542964.9984983318,444068.5,0.0,0.0,1,1
6531,542964.9984983318,444068.5,0.0,0.0,1,1
6532,542964.9984983318,444068.5,0.0,0.0,1,1
6533,542964.9984983318,444068.5,0.0,0.0,1,1
6534,542964.9984983318,444068.5,0.0,0.0,1,1
6535,542964.9984983318,444068.5,0.0,0.0,1,1
6536,542970.9984983318,444068.5,0.0,0.0,1,1
6537,542970.9984983318,444068.5,0.0,0.0,1,1
6538,542970.9984983318,444068.5,0.0,0.0,1,1
6539,542970.9984983318,444068.5,0.0,0.0,1,1
6540,542970.9984983318,444068.5,0.0,0.0,1,1
6541,542970.9984983318,444068.5,0.0,0.0,1,1
6542,542970.9984983318,444068.5,0.0,0.0,1,1
6543,542970.9984983318,444068.5,0.0,0.0,1,1
6544,542970.9984983318,444068.5,0.0,0.0,1,1
6545,542970.9984983318,444068.5,0.0,0.0,1,1
6546,542970.9984983318,444068.5,0.0,0.0,1,1
6547,542970.9984983318,444068.5,0.0,0.0,1,1
6548,542970.9984983318,444068.5,0.0,0.0,1,1
6549,542970.9984983318,444068.5,0.0,0.0,1,1
6550,542970.9984983318,444068.5,0.0,0.0,1,1
6551,542970.9984983318,444068.5,0.0,0.0,1,1
6552,542970.9984983318,444068.5,0.0,0.0,1,1
6553,542970.9984983318,444068.5,0.0,0.0,1,1
6554,545241.4988320358,444068.5,0.0,0.0,1,1
6555,545241.4988320358,444068.5,0.0,0.0,1,1
6556,545241.4988320358,444068.5,0.0,0.0,1,1
6557,545241.4988320358,444068.5,0.0,0.0,1,1
6558,545241.4988320358,444068.5,0.0,0.0,1,1
6559,545241.4988320358,444068.5,0.0,0.0,1,1
6560,545241.4988320358,444068.5,0.0,0.0,1,1
6561,545241.4988320358,444068.5,0.0,0.0,1,1
6562,545241.4988320358,444068.5,0.0,0.0,1,1
6563,545241.4988320358,444068.5,0.0,0.0,1,1
6564,545241.4988320358,444068.5,0.0,0.0,1,1
6565,545241.4988320358,444068.5,0.0,0.0,1,1
6566,545241.4988320358,444068.5,0.0,0.0,1,1
6567,545241.4988320358,444068.5,0.0,0.0,1,1
6568,545241.4988320358,444068.5,0.0,0.0,1,1
6569,545241.4988320358,444068.5,0.0,0.0,1,1
6570,545241.4988320358,444068.5,0.0,0.0,1,1
6571,545241.4988320358,444068.5,0.0,0.0,1,1
6572,545241.4988320358,444068.5,0.0,0.0,1,1
6573,545241.4988320358,444068.5,0.0,0.0,1,1
6574,545241.4988320358,444068.5,0.0,0.0,1,1
6575,545241.4988320358,444068.5,0.0,0.0,1,1
6576,545241.4988320358,444068.5,0.0,0.0,1,1
6577,545241.4988320358,444068.5,0.0,0.0,1,1
6578,545241.4988320358,444068.5,0.0,0.0,1,1
6579,545241.4988320358,444068.5,0.0,0.0,1,1
6580,545241.4988320358,444068.5,0.0,0.0,1,1
6581,545241.4988320358,444068.5,0.0,0.0,1,1
6582,545241.4988320358,444068.5,0.0,0.0,1,1
6583,545241.4988320358,444068.5,0.0,0.0,1,1
6584,545241.4988320358,444068.5,0.0,0.0,1,1
6585,545266.9988320358,444068.5,0.0,0.0,1,1
6586,545266.9988320358,444068.5,0.0,0.0,1,1
6587,545266.9988320358,444068.5,0.0,0.0,1,1
6588,545266.9988320358,444068.5,0.0,0.0,1,1
6589,545266.9988320358,444068.5,0.0,0.0,1,1
6590,545266.9988320358,444068.5,0.0,0.0,1,1
6591,545266.9988320358,444068.5,0.0,0.0,1,1
6592,545266.9988320358,444068.5,0.0,0.0,1,1
6593,545266.9988320358,444068.5,0.0,0.0,1,1
6594,545266.9988320358,444068.5,0.0,0.0,1,1
6595,545266.9988320358,444068.5,0.0,0.0,1,1
6596,545266.9988320358,444068.5,0.0,0.0,1,1
6597,545266.9988320358,444068.5,0.0,0.0,1,1
6598,545266.9988320358,444068.5,0.0,0.0,1,1
6599,545266.9988320358,444068.5,0.0,0.0,1,1
6600,545266.9988320358,444068.5,0.0,0.0,1,1
6601,545266.9988320358,444068.5,0.0,0.0,1,1
6602,545266.9988320358,444068.5,0.0,0.0,1,1
6603,545266.9988320358,444068.5,0.0,0.0,1,1
6604,545266.9988320358,444068.5,0.0,0.0,1,1
6605,545448.4984983318,444068.5,0.0,0.0,1,1
6606,545448.4984983318,444068.5,0.0,0.0,1,1
6607,545448.4984983318,444068.5,0.0,0.0,1,1
6608,545448.4984983318,444068.5,0.0,0.0,1,1
6609,545448.4984983318,444068.5,0.0,0.0,1,1
6610,545448.4984983318,444068.5,0.0,0.0,1,1
6611,545448.4984983318,444068.5,0.0,0.0,1,1
6612,545448.4984983318,444068.5,0.0,0.0,1,1
6613,545448.4984983318,444068.5,0.0,0.0,1,1
6614,545448.4984983318,444068.5,0.0,0.0,1,1
6615,545448.4984983318,444068.5,0.0,0.0,1,1
6616,545448.4984983318,444068.5,0.0,0.0,1,1
6617,545461.9984983318,444068.5,0.0,0.0,1,1
6618,545461.9984983318,444068.5,0.0,0.0,1,1
6619,545449.9984983318,444068.5,0.0,0.0,1,1
6620,545449.9984983318,444068.5,0.0,0.0,1,1
6621,545424.9984983318,444068.5,0.0,0.0,1,1
6622,545424.9984983318,444068.5,0.0,0.0,1,1
6623,545424.9984983318,444068.5,0.0,0.0,1,1
6624,545424.9984983318,444068.5,0.0,0.0,1,1
6625,545424.9984983318,444068.5,0.0,0.0,1,1
6626,545660.9986651838,444068.5,0.0,0.0,1,1
6627,545660.9986651838,444068.5,0.0,0.0,1,1
6628,545660.9986651838,444068.5,0.0,0.0,1,1
6629,545660.9986651838,444068.5,0.0,0.0,1,1
6630,545660.9986651838,444068.5,0.0,0.0,1,1
6631,545660.9986651838,444068.5,0.0,0.0,1,1
6632,545660.9986651838,444068.5,0.0,0.0,1,1
6633,545660.9986651838,444068.5,0.0,0.0,1,1
6634,545660.9986651838,444068.5,0.0,0.0,1,1
6635,545660.9986651838,444068.5,0.0,0.0,1,1
6636,545660.9986651838,444068.5,0.0,0.0,1,1
6637,545660.9986651838,444068.5,0.0,0.0,1,1
6638,544957.4989988878,444068.5,0.0,0.0,1,1
6639,544957.4989988878,444068.5,0.0,0.0,1,1
6640,544957.4989988878,444068.5,0.0,0.0,1,1
6641,544957.4989988878,444068.5,0.0,0.0,1,1
6642,544957.4989988878,444068.5,0.0,0.0,1,1
6643,544957.4989988878,444068.5,0.0,0.0,1,1
6644,544716.4988320358,444068.5,0.0,0.0,1,1
6645,544716.4988320358,444068.5,0.0,0.0,1,1
6646,544716.4988320358,444068.5,0.0,0.0,1,1
6647,544716.4988320358,444068.5,0.0,0.0,1,1
6648,544716.4988320358,444068.5,0.0,0.0,1,1
6649,544716.4988320358,444068.5,0.0,0.0,1,1
6650,544716.4988320358,444068.5,0.0,0.0,1,1
6651,544716.4988320358,444068.5,0.0,0.0,1,1
6652,544716.4988320358,444068.5,0.0,0.0,1,1
6653,544716.4988320358,444068.5,0.0,0.0,1,1
6654,544716.4988320358,444068.5,0.0,0.0,1,1
6655,544716.4988320358,444068.5,0.0,0.0,1,1
6656,544716.4988320358,444068.5,0.0,0.0,1,1
6657,544716.4988320358,444068.5,0.0,0.0,1,1
6658,544716.4988320358,444068.5,0.0,0.0,1,1
6659,544716.4988320358,444068.5,0.0,0.0,1,1
6660,544716.4988320358,444068.5,0.0,0.0,1,1
6661,544716.4988320358,444068.5,0.0,0.0,1,1
6662,544716.4988320358,444068.5,0.0,0.0,1,1
6663,544716.4988320358,444068.5,0.0,0.0,1,1
6664,544716.4988320358,444068.5,0.0,0.0,1,1
6665,544716.4988320358,444068.5,0.0,0.0,1,1
6666,544716.4988320358,444068.5,0.0,0.0,1,1
6667,544562.4984983318,444068.5,0.0,0.0,1,1
6668,543628.4978309236,444068.5,0.0,0.0,1,1
6669,543628.4978309236,444068.5,0.0,0.0,1,1
6670,543628.4978309236,444068.5,0.0,0.0,1,1
6671,543628.4978309236,444068.5,0.0,0.0,1,1
6672,543628.4978309236,444068.5,0.0,0.0,1,1
6673,543628.4978309236,444068.5,0.0,0.0,1,1
6674,543628.4978309236,444068.5,0.0,0.0,1,1
6675,543628.4978309236,444068.5,0.0,0.0,1,1
6676,543628.4978309236,444068.5,0.0,0.0,1,1
6677,543628.4978309236,444068.5,0.0,0.0,1,1
6678,543628.4978309236,444068.5,0.0,0.0,1,1
6679,543628.4978309236,444068.5,0.0,0.0,1,1
6680,543628.4978309236,444068.5,0.0,0.0,1,1
6681,543628.4978309236,444068.5,0.0,0.0,1,1
6682,543628.4978309236,444068.5,0.0,0.0,1,1
6683,543628.4978309236,444068.5,0.0,0.0,1,1
6684,543628.4978309236,444068.5,0.0,0.0,1,1
6685,543628.4978309236,444068.5,0.0,0.0,1,1
6686,543628.4978309236,444068.5,0.0,0.0,1,1
6687,543628.4978309236,444068.5,0.0,0.0,1,1
6688,543628.4978309236,444068.5,0.0,0.0,1,1
6689,543628.4978309236,444068.5,0.0,0.0,1,1
6690,543628.4978309236,444068.5,0.0,0.0,1,1
6691,543628.4978309236,444068.5,0.0,0.0,1,1
6692,543628.4978309236,444068.5,0.0,0.0,1,1
6693,543628.4978309236,444068.5,0.0,0.0,1,1
6694,543628.4978309236,444068.5,0.0,0.0,1,1
6695,543628.4978309236,444068.5,0.0,0.0,1,1
6696,543628.4978309236,444068.5,0.0,0.0,1,1
6697,543628.4978309236,444068.5,0.0,0.0,1,1
6698,543628.4978309236,444068.5,0.0,0.0,1,1
6699,543628.4978309236,444068.5,0.0,0.0,1,1
6700,543628.4978309236,444068.5,0.0,0.0,1,1
6701,543628.4978309236,444068.5,0.0,0.0,1,1
6702,543628.4978309236,444068.5,0.0,0.0,1,1
6703,543628.4978309236,444068.5,0.0,0.0,1,1
6704,543628.4978309236,444068.5,0.0,0.0,1,1
6705,543628.4978309236,444068.5,0.0,0.0,1,1
6706,543628.4978309236,444068.5,0.0,0.0,1,1
6707,543628.4978309236,444068.5,0.0,0.0,1,1
6708,543689.9979977757,444068.5,0.0,0.0,1,1
6709,543689.9979977757,444068.5,0.0,0.0,1,1
6710,544032.9979977757,444068.5,0.0,0.0,1,1
6711,544032.9979977757,444068.5,0.0,0.0,1,1
6712,544032.9979977757,444068.5,0.0,0.0,1,1
6713,544032.9979977757,444068.5,0.0,0.0,1,1
6714,544101.9983314797,444068.5,0.0,0.0,1,1
6715,544101.9983314797,444068.5,0.0,0.0,1,1
6716,544101.9983314797,444068.5,0.0,0.0,1,1
6717,542679.4986651838,444068.5,0.0,0.0,1,1
6718,542679.4986651838,444068.5,0.0,0.0,1,1
6719,542679.4986651838,444068.5,0.0,0.0,1,1
6720,542679.4986651838,444068.5,0.0,0.0,1,1
6721,542679.4986651838,444068.5,0.0,0.0,1,1
6722,542679.4986651838,444068.5,0.0,0.0,1,1
6723,542679.4986651838,444068.5,0.0,0.0,1,1
6724,542679.4986651838,444068.5,0.0,0.0,1,1
6725,542679.4986651838,444068.5,0.0,0.0,1,1
6726,542679.4986651838,444068.5,0.0,0.0,1,1
6727,542679.4986651838,444068.5,0.0,0.0,1,1
6728,542679.4986651838,444068.5,0.0,0.0,1,1
6729,542679.4986651838,444068.5,0.0,0.0,1,1
6730,542679.4986651838,444068.5,0.0,0.0,1,1
6731,542679.4986651838,444068.5,0.0,0.0,1,1
6732,542679.4986651838,444068.5,0.0,0.0,1,1
6733,542679.4986651838,444068.5,0.0,0.0,1,1
6734,542679.4986651838,444068.5,0.0,0.0,1,1
6735,542679.4986651838,444068.5,0.0,0.0,1,1
6736,542679.4986651838,444068.5,0.0,0.0,1,1
6737,542679.4986651838,444068.5,0.0,0.0,1,1
6738,542679.4986651838,444068.5,0.0,0.0,1,1
6739,542679.4986651838,444068.5,0.0,0.0,1,1
6740,542679.4986651838,444068.5,0.0,0.0,1,1
6741,542679.4986651838,444068.5,0.0,0.0,1,1
6742,542679.4986651838,444068.5,0.0,0.0,1,1
6743,542679.4986651838,444068.5,0.0,0.0,1,1
6744,542679.4986651838,444068.5,0.0,0.0,1,1
6745,543548.4978309236,444068.5,0.0,0.0,1,1
6746,543548.4978309236,444068.5,0.0,0.0,1,1
6747,543548.4978309236,444068.5,0.0,0.0,1,1
6748,543548.4978309236,444068.5,0.0,0.0,1,1
6749,543548.4978309236,444068.5,0.0,0.0,1,1
6750,543548.4978309236,444068.5,0.0,0.0,1,1
6751,543548.4978309236,444068.5,0.0,0.0,1,1
6752,543548.4978309236,444068.5,0.0,0.0,1,1
6753,543548.4978309236,444068.5,0.0,0.0,1,1
6754,543548.4978309236,444068.5,0.0,0.0,1,1
6755,543548.4978309236,444068.5,0.0,0.0,1,1
6756,543548.4978309236,444068.5,0.0,0.0,1,1
6757,543548.4978309236,444068.5,0.0,0.0,1,1
6758,543548.4978309236,444068.5,0.0,0.0,1,1
6759,543548.4978309236,444068.5,0.0,0.0,1,1
6760,543548.4978309236,444068.5,0.0,0.0,1,1
6761,543548.4978309236,444068.5,0.0,0.0,1,1
6762,543548.4978309236,444068.5,0.0,0.0,1,1
6763,543548.4978309236,444068.5,0.0,0.0,1,1
6764,543548.4978309236,444068.5,0.0,0.0,1,1
6765,543548.4978309236,444068.5,0.0,0.0,1,1
6766,543548.4978309236,444068.5,0.0,0.0,1,1
6767,543548.4978309236,444068.5,0.0,0.0,1,1
6768,543548.4978309236,444068.5,0.0,0.0,1,1
6769,543548.4978309236,444068.5,0.0,0.0,1,1
6770,543548.4978309236,444068.5,0.0,0.0,1,1
6771,543548.4978309236,444068.5,0.0,0.0,1,1
6772,542940.9978309236,444068.5,0.0,0.0,1,1
6773,542940.9978309236,444068.5,0.0,0.0,1,1
6774,542940.9978309236,444068.5,0.0,0.0,1,1
6775,542940.9978309236,444068.5,0.0,0.0,1,1
6776,542940.9978309236,444068.5,0.0,0.0,1,1
6777,542940.9978309236,444068.5,0.0,0.0,1,1
6778,542940.9978309236,444068.5,0.0,0.0,1,1
6779,542940.9978309236,444068.5,0.0,0.0,1,1
6780,542940.9978309236,444068.5,0.0,0.0,1,1
6781,542940.9978309236,444068.5,0.0,0.0,1,1
6782,542940.9978309236,444068.5,0.0,0.0,1,1
6783,542940.9978309236,444068.5,0.0,0.0,1,1
6784,542592.4979977757,444068.5,0.0,0.0,1,1
6785,542592.4979977757,444068.5,0.0,0.0,1,1
6786,542592.4979977757,444068.5,0.0,0.0,1,1
6787,542680.9979977757,444068.5,0.0,0.0,1,1
6788,542680.9979977757,444068.5,0.0,0.0,1,1
6789,542680.9979977757,444068.5,0.0,0.0,1,1
6790,542680.9979977757,444068.5,0.0,0.0,1,1
6791,542680.9979977757,444068.5,0.0,0.0,1,1
6792,542680.9979977757,444068.5,0.0,0.0,1,1
6793,546339.4973303676,444068.5,0.0,0.0,1,1
6794,546339.4973303676,444068.5,0.0,0.0,1,1
6795,546339.4973303676,444068.5,0.0,0.0,1,1
6796,546339.4973303676,444068.5,0.0,0.0,1,1
6797,546339.4973303676,444068.5,0.0,0.0,1,1
6798,546339.4973303676,444068.5,0.0,0.0,1,1
6799,546339.4973303676,444068.5,0.0,0.0,1,1
6800,546339.4973303676,444068.5,0.0,0.0,1,1
6801,546339.4973303676,444068.5,0.0,0.0,1,1
6802,546339.4973303676,444068.5,0.0,0.0,1,1
6803,546339.4973303676,444068.5,0.0,0.0,1,1
6804,546339.4973303676,444068.5,0.0,0.0,1,1
6805,546339.4973303676,444068.5,0.0,0.0,1,1
6806,546339.4973303676,444068.5,0.0,0.0,1,1
6807,546339.4973303676,444068.5,0.0,0.0,1,1
6808,546339.4973303676,444068.5,0.0,0.0,1,1
6809,546339.4973303676,444068.5,0.0,0.0,1,1
6810,546339.4973303676,444068.5,0.0,0.0,1,1
6811,546339.4973303676,444068.5,0.0,0.0,1,1
6812,546339.4973303676,444068.5,0.0,0.0,1,1
6813,546339.4973303676,444068.5,0.0,0.0,1,1
6814,546339.4973303676,444068.5,0.0,0.0,1,1
6815,544009.4971635155,444068.5,0.0,0.0,1,1
6816,544009.4971635155,444068.5,0.0,0.0,1,1
6817,544009.4971635155,444068.5,0.0,0.0,1,1
6818,544009.4971635155,444068.5,0.0,0.0,1,1
6819,544009.4971635155,444068.5,0.0,0.0,1,1
6820,544009.4971635155,444068.5,0.0,0.0,1,1
6821,544009.4971635155,444068.5,0.0,0.0,1,1
6822,544009.4971635155,444068.5,0.0,0.0,1,1
6823,544009.4971635155,444068.5,0.0,0.0,1,1
6824,544009.4971635155,444068.5,0.0,0.0,1,1
6825,544009.4971635155,444068.5,0.0,0.0,1,1
6826,544009.4971635155,444068.5,0.0,0.0,1,1
6827,544009.4971635155,444068.5,0.0,0.0,1,1
6828,544041.4971635155,444068.5,0.0,0.0,1,1
6829,544041.4971635155,444068.5,0.0,0.0,1,1
6830,544041.4971635155,444068.5,0.0,0.0,1,1
6831,544041.4971635155,444068.5,0.0,0.0,1,1
6832,544041.4971635155,444068.5,0.0,0.0,1,1
6833,543959.4968298115,444068.5,0.0,0.0,1,1
6834,543959.4968298115,444068.5,0.0,0.0,1,1
6835,543959.4968298115,444068.5,0.0,0.0,1,1
6836,543959.4968298115,444068.5,0.0,0.0,1,1
6837,543959.4968298115,444068.5,0.0,0.0,1,1
6838,543959.4968298115,444068.5,0.0,0.0,1,1
6839,543044.4964961074,444068.5,0.0,0.0,1,1
6840,543044.4964961074,444068.5,0.0,0.0,1,1
6841,541474.9969966635,444068.5,0.0,0.0,1,1
6842,541474.9969966635,444068.5,0.0,0.0,1,1
6843,541474.9969966635,444068.5,0.0,0.0,1,1
6844,541474.9969966635,444068.5,0.0,0.0,1,1
6845,541474.9969966635,444068.5,0.0,0.0,1,1
6846,541474.9969966635,444068.5,0.0,0.0,1,1
6847,541474.9969966635,444068.5,0.0,0.0,1,1
6848,541474.9969966635,444068.5,0.0,0.0,1,1
6849,541474.9969966635,444068.5,0.0,0.0,1,1
6850,541474.9969966635,444068.5,0.0,0.0,1,1
6851,541474.9969966635,444068.5,0.0,0.0,1,1
6852,541474.9969966635,444068.5,0.0,0.0,1,1
6853,541474.9969966635,444068.5,0.0,0.0,1,1
6854,541474.9969966635,444068.5,0.0,0.0,1,1
6855,541474.9969966635,444068.5,0.0,0.0,1,1
6856,541474.9969966635,444068.5,0.0,0.0,1,1
6857,541474.9969966635,444068.5,0.0,0.0,1,1
6858,541474.9969966635,444068.5,0.0,0.0,1,1
6859,541474.9969966635,444068.5,0.0,0.0,1,1
6860,541474.9969966635,444068.5,0.0,0.0,1,1
6861,541474.9969966635,444068.5,0.0,0.0,1,1
6862,541474.9969966635,444068.5,0.0,0.0,1,1
6863,541474.9969966635,444068.5,0.0,0.0,1,1
6864,541474.9969966635,444068.5,0.0,0.0,1,1
6865,541436.9978309236,444068.5,0.0,0.0,1,1
6866,541436.9978309236,444068.5,0.0,0.0,1,1
6867,541436.9978309236,444068.5,0.0,0.0,1,1
6868,541436.9978309236,444068.5,0.0,0.0,1,1
6869,541436.9978309236,444068.5,0.0,0.0,1,1
6870,541436.9978309236,444068.5,0.0,0.0,1,1
6871,541436.9978309236,444068.5,0.0,0.0,1,1
6872,541436.9978309236,444068.5,0.0,0.0,1,1
6873,541436.9978309236,444068.5,0.0,0.0,1,1
6874,541436.9978309236,444068.5,0.0,0.0,1,1
6875,541370.9978309236,444068.5,0.0,0.0,1,1
6876,541370.9978309236,444068.5,0.0,0.0,1,1
6877,541370.9978309236,444068.5,0.0,0.0,1,1
6878,541374.9978309236,444068.5,0.0,0.0,1,1
6879,541374.9978309236,444068.5,0.0,0.0,1,1
6880,541374.9978309236,444068.5,0.0,0.0,1,1
6881,541374.9978309236,444068.5,0.0,0.0,1,1
6882,541374.9978309236,444068.5,0.0,0.0,1,1
6883,541374.9978309236,444068.5,0.0,0.0,1,1
6884,541374.9978309236,444068.5,0.0,0.0,1,1
6885,541374.9978309236,444068.5,0.0,0.0,1,1
6886,541374.9978309236,444068.5,0.0,0.0,1,1
6887,541374.9978309236,444068.5,0.0,0.0,1,1
6888,539708.4973303676,444068.5,0.0,0.0,1,1
6889,539708.4973303676,444068.5,0.0,0.0,1,1
6890,539708.4973303676,444068.5,0.0,0.0,1,1
6891,539708.4973303676,444068.5,0.0,0.0,1,1
6892,539708.4973303676,444068.5,0.0,0.0,1,1
6893,539562.9973303676,444068.5,0.0,0.0,1,1
6894,539562.9973303676,444068.5,0.0,0.0,1,1
6895,539562.9973303676,444068.5,0.0,0.0,1,1
6896,539562.9973303676,444068.5,0.0,0.0,1,1
6897,539562.9973303676,444068.5,0.0,0.0,1,1
6898,539562.9973303676,444068.5,0.0,0.0,1,1
6899,539562.9973303676,444068.5,0.0,0.0,1,1
6900,539562.9973303676,444068.5,0.0,0.0,1,1
6901,539562.9973303676,444068.5,0.0,0.0,1,1
6902,539562.9973303676,444068.5,0.0,0.0,1,1
6903,539562.9973303676,444068.5,0.0,0.0,1,1
6904,539562.9973303676,444068.5,0.0,0.0,1,1
6905,539562.9973303676,444068.5,0.0,0.0,1,1
6906,539562.9973303676,444068.5,0.0,0.0,1,1
6907,539562.9973303676,444068.5,0.0,0.0,1,1
6908,539562.9973303676,444068.5,0.0,0.0,1,1
6909,539562.9973303676,444068.5,0.0,0.0,1,1
6910,539583.4971635155,444068.5,0.0,0.0,1,1
6911,539583.4971635155,444068.5,0.0,0.0,1,1
6912,539583.4971635155,444068.5,0.0,0.0,1,1
6913,539579.4971635155,444068.5,0.0,0.0,1,1
6914,539579.4971635155,444068.5,0.0,0.0,1,1
6915,539579.4971635155,444068.5,0.0,0.0,1,1
6916,539579.4971635155,444068.5,0.0,0.0,1,1
6917,539579.4971635155,444068.5,0.0,0.0,1,1
6918,539579.4971635155,444068.5,0.0,0.0,1,1
6919,539579.4971635155,444068.5,0.0,0.0,1,1
6920,539579.4971635155,444068.5,0.0,0.0,1,1
6921,540067.9971635155,444068.5,0.0,0.0,1,1
6922,540067.9971635155,444068.5,0.0,0.0,1,1
6923,540067.9971635155,444068.5,0.0,0.0,1,1
6924,540067.9971635155,444068.5,0.0,0.0,1,1
6925,540067.9971635155,444068.5,0.0,0.0,1,1
6926,540067.9971635155,444068.5,0.0,0.0,1,1
6927,540067.9971635155,444068.5,0.0,0.0,1,1
6928,540067.9971635155,444068.5,0.0,0.0,1,1
6929,540067.9971635155,444068.5,0.0,0.0,1,1
6930,540067.9971635155,444068.5,0.0,0.0,1,1
6931,540067.9971635155,444068.5,0.0,0.0,1,1
6932,540067.9971635155,444068.5,0.0,0.0,1,1
6933,540067.9971635155,444068.5,0.0,0.0,1,1
6934,540067.9971635155,444068.5,0.0,0.0,1,1
6935,540067.9971635155,444068.5,0.0,0.0,1,1
6936,540067.9971635155,444068.5,0.0,0.0,1,1
6937,540067.9971635155,444068.5,0.0,0.0,1,1
6938,540067.9971635155,444068.5,0.0,0.0,1,1
6939,540067.9971635155,444068.5,0.0,0.0,1,1
6940,540067.9971635155,444068.5,0.0,0.0,1,1
6941,540067.9971635155,444068.5,0.0,0.0,1,1
6942,540032.4969966635,444068.5,0.0,0.0,1,1
6943,540032.4969966635,444068.5,0.0,0.0,1,1
6944,540032.4969966635,444068.5,0.0,0.0,1,1
6945,540032.4969966635,444068.5,0.0,0.0,1,1
6946,540032.4969966635,444068.5,0.0,0.0,1,1
6947,540032.4969966635,444068.5,0.0,0.0,1,1
6948,540032.4969966635,444068.5,0.0,0.0,1,1
6949,540032.4969966635,444068.5,0.0,0.0,1,1
6950,540032.4969966635,444068.5,0.0,0.0,1,1
6951,540384.9976640716,444068.5,0.0,0.0,1,1
6952,540384.9976640716,444068.5,0.0,0.0,1,1
6953,540384.9976640716,444068.5,0.0,0.0,1,1
6954,540384.9976640716,444068.5,0.0,0.0,1,1
6955,540384.9976640716,444068.5,0.0,0.0,1,1
6956,540384.9976640716,444068.5,0.0,0.0,1,1
6957,539616.4978309236,444068.5,0.0,0.0,1,1
6958,539616.4978309236,444068.5,0.0,0.0,1,1
6959,539616.4978309236,444068.5,0.0,0.0,1,1
6960,539616.4978309236,444068.5,0.0,0.0,1,1
6961,539616.4978309236,444068.5,0.0,0.0,1,1
6962,539616.4978309236,444068.5,0.0,0.0,1,1
6963,539616.4978309236,444068.5,0.0,0.0,1,1
6964,539616.4978309236,444068.5,0.0,0.0,1,1
6965,539616.4978309236,444068.5,0.0,0.0,1,1
6966,539426.4978309236,444068.5,0.0,0.0,1,1
6967,539426.4978309236,444068.5,0.0,0.0,1,1
6968,540171.9976640716,444068.5,0.0,0.0,1,1
6969,540171.9976640716,444068.5,0.0,0.0,1,1
6970,540171.9976640716,444068.5,0.0,0.0,1,1
6971,540171.9976640716,444068.5,0.0,0.0,1,1
6972,540171.9976640716,444068.5,0.0,0.0,1,1
6973,540171.9976640716,444068.5,0.0,0.0,1,1
6974,540171.9976640716,444068.5,0.0,0.0,1,1
6975,539994.9976640716,444068.5,0.0,0.0,1,1
6976,539994.9976640716,444068.5,0.0,0.0,1,1
6977,539994.9976640716,444068.5,0.0,0.0,1,1
6978,539994.9976640716,444068.5,0.0,0.0,1,1
6979,539994.9976640716,444068.5,0.0,0.0,1,1
6980,539630.9976640716,444068.5,0.0,0.0,1,1
6981,539630.9976640716,444068.5,0.0,0.0,1,1
6982,539597.9976640716,444068.5,0.0,0.0,1,1
6983,539597.9976640716,444068.5,0.0,0.0,1,1
6984,539597.9976640716,444068.5,0.0,0.0,1,1
6985,539597.9976640716,444068.5,0.0,0.0,1,1
6986,539597.9976640716,444068.5,0.0,0.0,1,1
6987,539597.9976640716,444068.5,0.0,0.0,1,1
6988,539597.9976640716,444068.5,0.0,0.0,1,1
6989,539157.9978309236,444068.5,0.0,0.0,1,1
6990,539157.9978309236,444068.5,0.0,0.0,1,1
6991,539157.9978309236,444068.5,0.0,0.0,1,1
6992,539157.9978309236,444068.5,0.0,0.0,1,1
6993,539157.9978309236,444068.5,0.0,0.0,1,1
6994,539314.9978309236,444068.5,0.0,0.0,1,1
6995,539314.9978309236,444068.5,0.0,0.0,1,1
6996,540630.9978309236,444068.5,0.0,0.0,1,1
6997,540630.9978309236,444068.5,0.0,0.0,1,1
6998,540630.9978309236,444068.5,0.0,0.0,1,1
6999,540630.9978309236,444068.5,0.0,0.0,1,1
7000,539946.9978309236,444068.5,0.0,0.0,1,1
7001,539946.9978309236,444068.5,0.0,0.0,1,1
7002,539946.9978309236,444068.5,0.0,0.0,1,1
7003,539946.9978309236,444068.5,0.0,0.0,1,1
7004,539946.9978309236,444068.5,0.0,0.0,1,1
7005,539946.9978309236,444068.5,0.0,0.0,1,1
7006,539946.9978309236,444068.5,0.0,0.0,1,1
7007,539946.9978309236,444068.5,0.0,0.0,1,1
7008,539946.9978309236,444068.5,0.0,0.0,1,1
7009,539946.9978309236,444068.5,0.0,0.0,1,1
7010,539946.9978309236,444068.5,0.0,0.0,1,1
7011,539946.9978309236,444068.5,0.0,0.0,1,1
7012,539946.9978309236,444068.5,0.0,0.0,1,1
7013,539946.9978309236,444068.5,0.0,0.0,1,1
7014,539946.9978309236,444068.5,0.0,0.0,1,1
7015,539946.9978309236,444068.5,0.0,0.0,1,1
7016,539946.9978309236,444068.5,0.0,0.0,1,1
7017,539946.9978309236,444068.5,0.0,0.0,1,1
7018,539946.9978309236,444068.5,0.0,0.0,1,1
7019,539946.9978309236,444068.5,0.0,0.0,1,1
7020,539946.9978309236,444068.5,0.0,0.0,1,1
7021,539946.9978309236,444068.5,0.0,0.0,1,1
7022,539946.9978309236,444068.5,0.0,0.0,1,1
7023,539946.9978309236,444068.5,0.0,0.0,1,1
7024,539946.9978309236,444068.5,0.0,0.0,1,1
7025,539946.9978309236,444068.5,0.0,0.0,1,1
7026,539946.9978309236,444068.5,0.0,0.0,1,1
7027,539946.9978309236,444068.5,0.0,0.0,1,1
7028,539946.9978309236,444068.5,0.0,0.0,1,1
7029,539946.9978309236,444068.5,0.0,0.0,1,1
7030,539946.9978309236,444068.5,0.0,0.0,1,1
7031,539946.9978309236,444068.5,0.0,0.0,1,1
7032,539946.9978309236,444068.5,0.0,0.0,1,1
7033,539946.9978309236,444068.5,0.0,0.0,1,1
7034,539946.9978309236,444068.5,0.0,0.0,1,1
7035,539946.9978309236,444068.5,0.0,0.0,1,1
7036,539946.9978309236,444068.5,0.0,0.0,1,1
7037,539946.9978309236,444068.5,0.0,0.0,1,1
7038,539946.9978309236,444068.5,0.0,0.0,1,1
7039,539946.9978309236,444068.5,0.0,0.0,1,1
7040,539946.9978309236,444068.5,0.0,0.0,1,1
7041,539946.9978309236,444068.5,0.0,0.0,1,1
7042,539946.9978309236,444068.5,0.0,0.0,1,1
7043,539946.9978309236,444068.5,0.0,0.0,1,1
7044,539946.9978309236,444068.5,0.0,0.0,1,1
7045,539946.9978309236,444068.5,0.0,0.0,1,1
7046,539946.9978309236,444068.5,0.0,0.0,1,1
7047,539946.9978309236,444068.5,0.0,0.0,1,1
7048,539946.9978309236,444068.5,0.0,0.0,1,1
7049,539946.9978309236,444068.5,0.0,0.0,1,1
7050,539946.9978309236,444068.5,0.0,0.0,1,1
7051,540119.9978309236,444068.5,0.0,0.0,1,1
7052,540119.9978309236,444068.5,0.0,0.0,1,1
7053,540119.9978309236,444068.5,0.0,0.0,1,1
7054,540119.9978309236,444068.5,0.0,0.0,1,1
7055,540119.9978309236,444068.5,0.0,0.0,1,1
7056,540119.9978309236,444068.5,0.0,0.0,1,1
7057,540119.9978309236,444068.5,0.0,0.0,1,1
7058,540119.9978309236,444068.5,0.0,0.0,1,1
7059,540119.9978309236,444068.5,0.0,0.0,1,1
7060,540119.9978309236,444068.5,0.0,0.0,1,1
7061,540119.9978309236,444068.5,0.0,0.0,1,1
7062,540119.9978309236,444068.5,0.0,0.0,1,1
7063,540119.9978309236,444068.5,0.0,0.0,1,1
7064,539784.9971635155,444068.5,0.0,0.0,1,1
7065,539746.9971635155,444068.5,0.0,0.0,1,1
7066,539746.9971635155,444068.5,0.0,0.0,1,1
7067,539746.9971635155,444068.5,0.0,0.0,1,1
7068,539746.9971635155,444068.5,0.0,0.0,1,1
7069,539746.9971635155,444068.5,0.0,0.0,1,1
7070,539746.9971635155,444068.5,0.0,0.0,1,1
7071,539746.9971635155,444068.5,0.0,0.0,1,1
7072,539746.9971635155,444068.5,0.0,0.0,1,1
7073,539746.9971635155,444068.5,0.0,0.0,1,1
7074,539746.9971635155,444068.5,0.0,0.0,1,1
7075,539746.9971635155,444068.5,0.0,0.0,1,1
7076,539746.9971635155,444068.5,0.0,0.0,1,1
7077,539746.9971635155,444068.5,0.0,0.0,1,1
7078,539746.9971635155,444068.5,0.0,0.0,1,1
7079,539746.9971635155,444068.5,0.0,0.0,1,1
7080,539746.9971635155,444068.5,0.0,0.0,1,1
7081,539746.9971635155,444068.5,0.0,0.0,1,1
7082,539746.9971635155,444068.5,0.0,0.0,1,1
7083,539746.9971635155,444068.5,0.0,0.0,1,1
7084,539772.4971635155,444068.5,0.0,0.0,1,1
7085,539772.4971635155,444068.5,0.0,0.0,1,1
7086,539772.4971635155,444068.5,0.0,0.0,1,1
7087,539772.4971635155,444068.5,0.0,0.0,1,1
7088,539772.4971635155,444068.5,0.0,0.0,1,1
7089,539772.4971635155,444068.5,0.0,0.0,1,1
7090,539772.4971635155,444068.5,0.0,0.0,1,1
7091,539772.4971635155,444068.5,0.0,0.0,1,1
7092,539772.4971635155,444068.5,0.0,0.0,1,1
7093,539772.4971635155,444068.5,0.0,0.0,1,1
7094,539772.4971635155,444068.5,0.0,0.0,1,1
7095,539772.4971635155,444068.5,0.0,0.0,1,1
7096,539772.4971635155,444068.5,0.0,0.0,1,1
7097,539772.4971635155,444068.5,0.0,0.0,1,1
7098,539772.4971635155,444068.5,0.0,0.0,1,1
7099,539935.9978309236,444068.5,0.0,0.0,1,1
7100,539935.9978309236,444068.5,0.0,0.0,1,1
7101,539935.9978309236,444068.5,0.0,0.0,1,1
7102,539935.9978309236,444068.5,0.0,0.0,1,1
7103,539935.9978309236,444068.5,0.0,0.0,1,1
7104,540011.4978309236,444068.5,0.0,0.0,1,1
7105,540011.4978309236,444068.5,0.0,0.0,1,1
7106,540011.4978309236,444068.5,0.0,0.0,1,1
7107,540011.4978309236,444068.5,0.0,0.0,1,1
7108,540011.4978309236,444068.5,0.0,0.0,1,1
7109,540011.4978309236,444068.5,0.0,0.0,1,1
7110,540011.4978309236,444068.5,0.0,0.0,1,1
7111,540011.4978309236,444068.5,0.0,0.0,1,1
7112,540011.4978309236,444068.5,0.0,0.0,1,1
7113,540011.4978309236,444068.5,0.0,0.0,1,1
7114,540011.4978309236,444068.5,0.0,0.0,1,1
7115,540011.4978309236,444068.5,0.0,0.0,1,1
7116,540011.4978309236,444068.5,0.0,0.0,1,1
7117,540011.4978309236,444068.5,0.0,0.0,1,1
7118,540011.4978309236,444068.5,0.0,0.0,1,1
7119,539797.4978309236,444068.5,0.0,0.0,1,1
7120,539797.4978309236,444068.5,0.0,0.0,1,1
7121,539797.4978309236,444068.5,0.0,0.0,1,1
7122,539797.4978309236,444068.5,0.0,0.0,1,1
7123,539797.4978309236,444068.5,0.0,0.0,1,1
7124,539797.4978309236,444068.5,0.0,0.0,1,1
7125,539797.4978309236,444068.5,0.0,0.0,1,1
7126,539797.4978309236,444068.5,0.0,0.0,1,1
7127,539797.4978309236,444068.5,0.0,0.0,1,1
7128,539797.4978309236,444068.5,0.0,0.0,1,1
7129,539797.4978309236,444068.5,0.0,0.0,1,1
7130,539797.4978309236,444068.5,0.0,0.0,1,1
7131,539797.4978309236,444068.5,0.0,0.0,1,1
7132,539797.4978309236,444068.5,0.0,0.0,1,1
7133,539797.4978309236,444068.5,0.0,0.0,1,1
7134,539797.4978309236,444068.5,0.0,0.0,1,1
7135,539797.4978309236,444068.5,0.0,0.0,1,1
7136,539797.4978309236,444068.5,0.0,0.0,1,1
7137,539797.4978309236,444068.5,0.0,0.0,1,1
7138,539797.4978309236,444068.5,0.0,0.0,1,1
7139,539797.4978309236,444068.5,0.0,0.0,1,1
7140,539797.4978309236,444068.5,0.0,0.0,1,1
7141,540154.4978309236,444068.5,0.0,0.0,1,1
7142,540154.4978309236,444068.5,0.0,0.0,1,1
7143,540154.4978309236,444068.5,0.0,0.0,1,1
7144,540154.4978309236,444068.5,0.0,0.0,1,1
7145,540154.4978309236,444068.5,0.0,0.0,1,1
7146,540154.4978309236,444068.5,0.0,0.0,1,1
7147,540154.4978309236,444068.5,0.0,0.0,1,1
7148,540154.4978309236,444068.5,0.0,0.0,1,1
7149,540154.4978309236,444068.5,0.0,0.0,1,1
7150,540187.4978309236,444068.5,0.0,0.0,1,1
7151,540187.4978309236,444068.5,0.0,0.0,1,1
7152,540187.4978309236,444068.5,0.0,0.0,1,1
7153,540017.4978309236,444068.5,0.0,0.0,1,1
7154,540017.4978309236,444068.5,0.0,0.0,1,1
7155,540017.4978309236,444068.5,0.0,0.0,1,1
7156,540017.4978309236,444068.5,0.0,0.0,1,1
7157,540017.4978309236,444068.5,0.0,0.0,1,1
7158,540017.4978309236,444068.5,0.0,0.0,1,1
7159,540017.4978309236,444068.5,0.0,0.0,1,1
7160,540017.4978309236,444068.5,0.0,0.0,1,1
7161,540017.4978309236,444068.5,0.0,0.0,1,1
7162,540017.4978309236,444068.5,0.0,0.0,1,1
7163,539660.4978309236,444068.5,0.0,0.0,1,1
7164,539660.4978309236,444068.5,0.0,0.0,1,1
7165,539660.4978309236,444068.5,0.0,0.0,1,1
7166,539660.4978309236,444068.5,0.0,0.0,1,1
7167,539660.4978309236,444068.5,0.0,0.0,1,1
7168,539660.4978309236,444068.5,0.0,0.0,1,1
7169,539660.4978309236,444068.5,0.0,0.0,1,1
7170,539660.4978309236,444068.5,0.0,0.0,1,1
7171,539660.4978309236,444068.5,0.0,0.0,1,1
7172,539660.4978309236,444068.5,0.0,0.0,1,1
7173,539880.4978309236,444068.5,0.0,0.0,1,1
7174,539880.4978309236,444068.5,0.0,0.0,1,1
7175,539903.4978309236,444068.5,0.0,0.0,1,1
7176,539903.4978309236,444068.5,0.0,0.0,1,1
7177,539903.4978309236,444068.5,0.0,0.0,1,1
7178,539903.4978309236,444068.5,0.0,0.0,1,1
7179,539903.4978309236,444068.5,0.0,0.0,1,1
7180,539903.4978309236,444068.5,0.0,0.0,1,1
7181,539903.4978309236,444068.5,0.0,0.0,1,1
7182,539903.4978309236,444068.5,0.0,0.0,1,1
7183,539903.4978309236,444068.5,0.0,0.0,1,1
7184,539903.4978309236,444068.5,0.0,0.0,1,1
7185,539903.4978309236,444068.5,0.0,0.0,1,1
7186,539903.4978309236,444068.5,0.0,0.0,1,1
7187,539903.4978309236,444068.5,0.0,0.0,1,1
7188,539903.4978309236,444068.5,0.0,0.0,1,1
7189,539903.4978309236,444068.5,0.0,0.0,1,1
7190,539903.4978309236,444068.5,0.0,0.0,1,1
7191,539903.4978309236,444068.5,0.0,0.0,1,1
7192,539903.4978309236,444068.5,0.0,0.0,1,1
7193,539903.4978309236,444068.5,0.0,0.0,1,1
7194,539903.4978309236,444068.5,0.0,0.0,1,1
7195,539903.4978309236,444068.5,0.0,0.0,1,1
7196,539903.4978309236,444068.5,0.0,0.0,1,1
7197,539903.4978309236,444068.5,0.0,0.0,1,1
7198,539903.4978309236,444068.5,0.0,0.0,1,1
7199,539903.4978309236,444068.5,0.0,0.0,1,1
7200,539903.4978309236,444068.5,0.0,0.0,1,1
7201,539903.4978309236,444068.5,0.0,0.0,1,1
7202,539903.4978309236,444068.5,0.0,0.0,1,1
7203,539903.4978309236,444068.5,0.0,0.0,1,1
7204,539903.4978309236,444068.5,0.0,0.0,1,1
7205,539903.4978309236,444068.5,0.0,0.0,1,1
7206,539903.4978309236,444068.5,0.0,0.0,1,1
7207,539903.4978309236,444068.5,0.0,0.0,1,1
7208,539903.4978309236,444068.5,0.0,0.0,1,1
7209,539903.4978309236,444068.5,0.0,0.0,1,1
7210,539903.4978309236,444068.5,0.0,0.0,1,1
7211,539903.4978309236,444068.5,0.0,0.0,1,1
7212,539903.4978309236,444068.5,0.0,0.0,1,1
7213,539903.4978309236,444068.5,0.0,0.0,1,1
7214,539903.4978309236,444068.5,0.0,0.0,1,1
7215,539903.4978309236,444068.5,0.0,0.0,1,1
7216,539903.4978309236,444068.5,0.0,0.0,1,1
7217,539903.4978309236,444068.5,0.0,0.0,1,1
7218,539903.4978309236,444068.5,0.0,0.0,1,1
7219,539903.4978309236,444068.5,0.0,0.0,1,1
7220,539903.4978309236,444068.5,0.0,0.0,1,1
7221,539903.4978309236,444068.5,0.0,0.0,1,1
7222,539903.4978309236,444068.5,0.0,0.0,1,1
7223,539903.4978309236,444068.5,0.0,0.0,1,1
7224,539903.4978309236,444068.5,0.0,0.0,1,1
7225,539903.4978309236,444068.5,0.0,0.0,1,1
7226,539903.4978309236,444068.5,0.0,0.0,1,1
7227,539903.4978309236,444068.5,0.0,0.0,1,1
7228,539903.4978309236,444068.5,0.0,0.0,1,1
7229,539903.4978309236,444068.5,0.0,0.0,1,1
7230,539903.4978309236,444068.5,0.0,0.0,1,1
7231,539903.4978309236,444068.5,0.0,0.0,1,1
7232,539866.4978309236,444068.5,0.0,0.0,1,1
7233,539866.4978309236,444068.5,0.0,0.0,1,1
7234,539866.4978309236,444068.5,0.0,0.0,1,1
7235,539866.4978309236,444068.5,0.0,0.0,1,1
7236,539866.4978309236,444068.5,0.0,0.0,1,1
7237,539866.4978309236,444068.5,0.0,0.0,1,1
7238,539866.4978309236,444068.5,0.0,0.0,1,1
7239,539866.4978309236,444068.5,0.0,0.0,1,1
7240,539929.4978309236,444068.5,0.0,0.0,1,1
7241,539929.4978309236,444068.5,0.0,0.0,1,1
7242,539929.4978309236,444068.5,0.0,0.0,1,1
7243,539929.4978309236,444068.5,0.0,0.0,1,1
7244,539929.4978309236,444068.5,0.0,0.0,1,1
7245,539929.4978309236,444068.5,0.0,0.0,1,1
7246,539929.4978309236,444068.5,0.0,0.0,1,1
7247,539929.4978309236,444068.5,0.0,0.0,1,1
7248,539929.4978309236,444068.5,0.0,0.0,1,1
7249,539929.4978309236,444068.5,0.0,0.0,1,1
7250,539929.4978309236,444068.5,0.0,0.0,1,1
7251,539929.4978309236,444068.5,0.0,0.0,1,1
7252,539929.4978309236,444068.5,0.0,0.0,1,1
7253,539876.9978309236,444068.5,0.0,0.0,1,1
7254,539876.9978309236,444068.5,0.0,0.0,1,1
7255,539876.9978309236,444068.5,0.0,0.0,1,1
7256,539876.9978309236,444068.5,0.0,0.0,1,1
7257,539876.9978309236,444068.5,0.0,0.0,1,1
7258,539876.9978309236,444068.5,0.0,0.0,1,1
7259,539876.9978309236,444068.5,0.0,0.0,1,1
7260,539876.9978309236,444068.5,0.0,0.0,1,1
7261,539876.9978309236,444068.5,0.0,0.0,1,1
7262,539876.9978309236,444068.5,0.0,0.0,1,1
7263,539876.9978309236,444068.5,0.0,0.0,1,1
7264,539876.9978309236,444068.5,0.0,0.0,1,1
7265,539876.9978309236,444068.5,0.0,0.0,1,1
7266,539876.9978309236,444068.5,0.0,0.0,1,1
7267,539876.9978309236,444068.5,0.0,0.0,1,1
7268,539876.9978309236,444068.5,0.0,0.0,1,1
7269,539876.9978309236,444068.5,0.0,0.0,1,1
7270,539876.9978309236,444068.5,0.0,0.0,1,1
7271,539876.9978309236,444068.5,0.0,0.0,1,1
7272,539876.9978309236,444068.5,0.0,0.0,1,1
7273,539876.9978309236,444068.5,0.0,0.0,1,1
7274,539876.9978309236,444068.5,0.0,0.0,1,1
7275,539876.9978309236,444068.5,0.0,0.0,1,1
7276,539876.9978309236,444068.5,0.0,0.0,1,1
7277,539876.9978309236,444068.5,0.0,0.0,1,1
7278,539876.9978309236,444068.5,0.0,0.0,1,1
7279,539876.9978309236,444068.5,0.0,0.0,1,1
7280,539876.9978309236,444068.5,0.0,0.0,1,1
7281,539876.9978309236,444068.5,0.0,0.0,1,1
7282,539593.4978309236,444068.5,0.0,0.0,1,1
7283,539620.4978309236,444068.5,0.0,0.0,1,1
7284,539620.4978309236,444068.5,0.0,0.0,1,1
7285,539620.4978309236,444068.5,0.0,0.0,1,1
7286,539620.4978309236,444068.5,0.0,0.0,1,1
7287,539620.4978309236,444068.5,0.0,0.0,1,1
7288,539620.4978309236,444068.5,0.0,0.0,1,1
7289,539620.4978309236,444068.5,0.0,0.0,1,1
7290,539620.4978309236,444068.5,0.0,0.0,1,1
7291,539620.4978309236,444068.5,0.0,0.0,1,1
7292,539620.4978309236,444068.5,0.0,0.0,1,1
7293,539620.4978309236,444068.5,0.0,0.0,1,1
7294,539620.4978309236,444068.5,0.0,0.0,1,1
7295,539789.4978309236,444068.5,0.0,0.0,1,1
7296,540127.9978309236,444068.5,0.0,0.0,1,1
7297,540127.9978309236,444068.5,0.0,0.0,1,1
7298,540127.9978309236,444068.5,0.0,0.0,1,1
7299,540127.9978309236,444068.5,0.0,0.0,1,1
7300,540127.9978309236,444068.5,0.0,0.0,1,1
7301,540160.9978309236,444068.5,0.0,0.0,1,1
7302,540160.9978309236,444068.5,0.0,0.0,1,1
7303,540160.9978309236,444068.5,0.0,0.0,1,1
7304,540135.4978309236,444068.5,0.0,0.0,1,1
7305,540135.4978309236,444068.5,0.0,0.0,1,1
7306,540135.4978309236,444068.5,0.0,0.0,1,1
7307,540135.4978309236,444068.5,0.0,0.0,1,1
7308,540135.4978309236,444068.5,0.0,0.0,1,1
7309,540135.4978309236,444068.5,0.0,0.0,1,1
7310,540135.4978309236,444068.5,0.0,0.0,1,1
7311,540135.4978309236,444068.5,0.0,0.0,1,1
7312,540135.4978309236,444068.5,0.0,0.0,1,1
7313,540135.4978309236,444068.5,0.0,0.0,1,1
7314,540135.4978309236,444068.5,0.0,0.0,1,1
7315,540135.4978309236,444068.5,0.0,0.0,1,1
7316,540135.4978309236,444068.5,0.0,0.0,1,1
7317,540135.4978309236,444068.5,0.0,0.0,1,1
7318,539838.9978309236,444068.5,0.0,0.0,1,1
7319,539838.9978309236,444068.5,0.0,0.0,1,1
7320,539838.9978309236,444068.5,0.0,0.0,1,1
7321,539838.9978309236,444068.5,0.0,0.0,1,1
7322,539838.9978309236,444068.5,0.0,0.0,1,1
7323,539838.9978309236,444068.5,0.0,0.0,1,1
7324,540135.4978309236,444068.5,0.0,0.0,1,1
7325,540135.4978309236,444068.5,0.0,0.0,1,1
7326,540135.4978309236,444068.5,0.0,0.0,1,1
7327,540135.4978309236,444068.5,0.0,0.0,1,1
7328,540135.4978309236,444068.5,0.0,0.0,1,1
7329,540135.4978309236,444068.5,0.0,0.0,1,1
7330,540135.4978309236,444068.5,0.0,0.0,1,1
7331,540135.4978309236,444068.5,0.0,0.0,1,1
7332,540135.4978309236,444068.5,0.0,0.0,1,1
7333,540132.9978309236,444068.5,0.0,0.0,1,1
7334,540132.9978309236,444068.5,0.0,0.0,1,1
7335,540132.9978309236,444068.5,0.0,0.0,1,1
7336,540132.9978309236,444068.5,0.0,0.0,1,1
7337,540132.9978309236,444068.5,0.0,0.0,1,1
7338,540132.9978309236,444068.5,0.0,0.0,1,1
7339,540132.9978309236,444068.5,0.0,0.0,1,1
7340,540132.9978309236,444068.5,0.0,0.0,1,1
7341,540132.9978309236,444068.5,0.0,0.0,1,1
7342,540132.9978309236,444068.5,0.0,0.0,1,1
7343,540132.9978309236,444068.5,0.0,0.0,1,1
7344,540132.9978309236,444068.5,0.0,0.0,1,1
7345,540132.9978309236,444068.5,0.0,0.0,1,1
7346,540132.9978309236,444068.5,0.0,0.0,1,1
7347,539980.9978309236,444068.5,0.0,0.0,1,1
7348,539980.9978309236,444068.5,0.0,0.0,1,1
7349,539980.9978309236,444068.5,0.0,0.0,1,1
7350,539980.9978309236,444068.5,0.0,0.0,1,1
7351,539980.9978309236,444068.5,0.0,0.0,1,1
7352,539980.9978309236,444068.5,0.0,0.0,1,1
7353,539980.9978309236,444068.5,0.0,0.0,1,1
7354,539980.9978309236,444068.5,0.0,0.0,1,1
7355,539980.9978309236,444068.5,0.0,0.0,1,1
7356,539980.9978309236,444068.5,0.0,0.0,1,1
7357,539910.4978309236,444068.5,0.0,0.0,1,1
7358,539910.4978309236,444068.5,0.0,0.0,1,1
7359,539910.4978309236,444068.5,0.0,0.0,1,1
7360,539910.4978309236,444068.5,0.0,0.0,1,1
7361,539910.4978309236,444068.5,0.0,0.0,1,1
7362,539910.4978309236,444068.5,0.0,0.0,1,1
7363,539910.4978309236,444068.5,0.0,0.0,1,1
7364,539910.4978309236,444068.5,0.0,0.0,1,1
7365,539910.4978309236,444068.5,0.0,0.0,1,1
7366,539910.4978309236,444068.5,0.0,0.0,1,1
7367,539910.4978309236,444068.5,0.0,0.0,1,1
7368,539910.4978309236,444068.5,0.0,0.0,1,1
7369,539910.4978309236,444068.5,0.0,0.0,1,1
7370,539910.4978309236,444068.5,0.0,0.0,1,1
7371,539910.4978309236,444068.5,0.0,0.0,1,1
7372,539910.4978309236,444068.5,0.0,0.0,1,1
7373,539910.4978309236,444068.5,0.0,0.0,1,1
7374,539910.4978309236,444068.5,0.0,0.0,1,1
7375,539910.4978309236,444068.5,0.0,0.0,1,1
7376,539910.4978309236,444068.5,0.0,0.0,1,1
7377,539910.4978309236,444068.5,0.0,0.0,1,1
7378,539910.4978309236,444068.5,0.0,0.0,1,1
7379,539910.4978309236,444068.5,0.0,0.0,1,1
7380,539910.4978309236,444068.5,0.0,0.0,1,1
7381,539910.4978309236,444068.5,0.0,0.0,1,1
7382,539910.4978309236,444068.5,0.0,0.0,1,1
7383,539910.4978309236,444068.5,0.0,0.0,1,1
7384,539910.4978309236,444068.5,0.0,0.0,1,1
7385,539910.4978309236,444068.5,0.0,0.0,1,1
7386,539910.4978309236,444068.5,0.0,0.0,1,1
7387,539910.4978309236,444068.5,0.0,0.0,1,1
7388,539910.4978309236,444068.5,0.0,0.0,1,1
7389,539910.4978309236,444068.5,0.0,0.0,1,1
7390,539910.4978309236,444068.5,0.0,0.0,1,1
7391,539910.4978309236,444068.5,0.0,0.0,1,1
7392,539159.9976640716,444068.5,0.0,0.0,1,1
7393,539159.9976640716,444068.5,0.0,0.0,1,1
7394,539159.9976640716,444068.5,0.0,0.0,1,1
7395,539159.9976640716,444068.5,0.0,0.0,1,1
7396,539159.9976640716,444068.5,0.0,0.0,1,1
7397,539159.9976640716,444068.5,0.0,0.0,1,1
7398,539159.9976640716,444068.5,0.0,0.0,1,1
7399,539159.9976640716,444068.5,0.0,0.0,1,1
7400,539159.9976640716,444068.5,0.0,0.0,1,1
7401,539159.9976640716,444068.5,0.0,0.0,1,1
7402,539159.9976640716,444068.5,0.0,0.0,1,1
7403,539159.9976640716,444068.5,0.0,0.0,1,1
7404,539159.9976640716,444068.5,0.0,0.0,1,1
7405,539159.9976640716,444068.5,0.0,0.0,1,1
7406,539159.9976640716,444068.5,0.0,0.0,1,1
7407,539159.9976640716,444068.5,0.0,0.0,1,1
7408,539159.9976640716,444068.5,0.0,0.0,1,1
7409,539159.9976640716,444068.5,0.0,0.0,1,1
7410,539159.9976640716,444068.5,0.0,0.0,1,1
7411,539159.9976640716,444068.5,0.0,0.0,1,1
7412,539159.9976640716,444068.5,0.0,0.0,1,1
7413,539246.4976640716,444068.5,0.0,0.0,1,1
7414,539246.4976640716,444068.5,0.0,0.0,1,1
7415,539246.4976640716,444068.5,0.0,0.0,1,1
7416,539246.4976640716,444068.5,0.0,0.0,1,1
7417,539246.4976640716,444068.5,0.0,0.0,1,1
7418,539246.4976640716,444068.5,0.0,0.0,1,1
7419,539246.4976640716,444068.5,0.0,0.0,1,1
7420,539246.4976640716,444068.5,0.0,0.0,1,1
7421,539246.4976640716,444068.5,0.0,0.0,1,1
7422,539246.4976640716,444068.5,0.0,0.0,1,1
7423,539246.4976640716,444068.5,0.0,0.0,1,1
7424,539246.4976640716,444068.5,0.0,0.0,1,1
7425,539246.4976640716,444068.5,0.0,0.0,1,1
7426,539246.4976640716,444068.5,0.0,0.0,1,1
7427,539246.4976640716,444068.5,0.0,0.0,1,1
7428,539246.4976640716,444068.5,0.0,0.0,1,1
7429,539246.4976640716,444068.5,0.0,0.0,1,1
7430,539246.4976640716,444068.5,0.0,0.0,1,1
7431,538750.9976640716,444068.5,0.0,0.0,1,1
7432,538750.9976640716,444068.5,0.0,0.0,1,1
7433,538997.4976640716,444068.5,0.0,0.0,1,1
7434,538997.4976640716,444068.5,0.0,0.0,1,1
7435,538997.4976640716,444068.5,0.0,0.0,1,1
7436,538997.4976640716,444068.5,0.0,0.0,1,1
7437,538997.4976640716,444068.5,0.0,0.0,1,1
7438,538997.4976640716,444068.5,0.0,0.0,1,1
7439,538997.4976640716,444068.5,0.0,0.0,1,1
7440,538997.4976640716,444068.5,0.0,0.0,1,1
7441,538997.4976640716,444068.5,0.0,0.0,1,1
7442,538997.4976640716,444068.5,0.0,0.0,1,1
7443,538997.4976640716,444068.5,0.0,0.0,1,1
7444,538997.4976640716,444068.5,0.0,0.0,1,1
7445,538997.4976640716,444068.5,0.0,0.0,1,1
7446,538997.4976640716,444068.5,0.0,0.0,1,1
7447,538997.4976640716,444068.5,0.0,0.0,1,1
7448,538997.4976640716,444068.5,0.0,0.0,1,1
7449,538997.4976640716,444068.5,0.0,0.0,1,1
7450,538997.4976640716,444068.5,0.0,0.0,1,1
7451,538997.4976640716,444068.5,0.0,0.0,1,1
7452,538997.4976640716,444068.5,0.0,0.0,1,1
7453,538997.4976640716,444068.5,0.0,0.0,1,1
7454,538997.4976640716,444068.5,0.0,0.0,1,1
7455,539025.4976640716,444068.5,0.0,0.0,1,1
7456,539025.4976640716,444068.5,0.0,0.0,1,1
7457,539025.4976640716,444068.5,0.0,0.0,1,1
7458,539025.4976640716,444068.5,0.0,0.0,1,1
7459,539025.4976640716,444068.5,0.0,0.0,1,1
7460,539025.4976640716,444068.5,0.0,0.0,1,1
7461,539025.4976640716,444068.5,0.0,0.0,1,1
7462,539025.4976640716,444068.5,0.0,0.0,1,1
7463,539025.4976640716,444068.5,0.0,0.0,1,1
7464,539025.4976640716,444068.5,0.0,0.0,1,1
7465,538934.4976640716,444068.5,0.0,0.0,1,1
7466,538934.4976640716,444068.5,0.0,0.0,1,1
7467,538934.4976640716,444068.5,0.0,0.0,1,1
7468,538934.4976640716,444068.5,0.0,0.0,1,1
7469,538934.4976640716,444068.5,0.0,0.0,1,1
7470,538934.4976640716,444068.5,0.0,0.0,1,1
7471,538754.4976640716,444068.5,0.0,0.0,1,1
7472,538754.4976640716,444068.5,0.0,0.0,1,1
7473,538754.4976640716,444068.5,0.0,0.0,1,1
7474,538754.4976640716,444068.5,0.0,0.0,1,1
7475,538754.4976640716,444068.5,0.0,0.0,1,1
7476,538754.4976640716,444068.5,0.0,0.0,1,1
7477,538754.4976640716,444068.5,0.0,0.0,1,1
7478,539492.4976640716,444068.5,0.0,0.0,1,1
7479,539492.4976640716,444068.5,0.0,0.0,1,1
7480,539492.4976640716,444068.5,0.0,0.0,1,1
7481,539492.4976640716,444068.5,0.0,0.0,1,1
7482,539492.4976640716,444068.5,0.0,0.0,1,1
7483,539492.4976640716,444068.5,0.0,0.0,1,1
7484,539492.4976640716,444068.5,0.0,0.0,1,1
7485,539492.4976640716,444068.5,0.0,0.0,1,1
7486,539524.4976640716,444068.5,0.0,0.0,1,1
7487,539524.4976640716,444068.5,0.0,0.0,1,1
7488,539524.4976640716,444068.5,0.0,0.0,1,1
7489,539524.4976640716,444068.5,0.0,0.0,1,1
7490,539524.4976640716,444068.5,0.0,0.0,1,1
7491,539524.4976640716,444068.5,0.0,0.0,1,1
7492,539524.4976640716,444068.5,0.0,0.0,1,1
7493,539524.4976640716,444068.5,0.0,0.0,1,1
7494,539187.4976640716,444068.5,0.0,0.0,1,1
7495,539187.4976640716,444068.5,0.0,0.0,1,1
7496,539187.4976640716,444068.5,0.0,0.0,1,1
7497,539221.9976640716,444068.5,0.0,0.0,1,1
7498,539221.9976640716,444068.5,0.0,0.0,1,1
7499,539221.9976640716,444068.5,0.0,0.0,1,1
7500,539221.9976640716,444068.5,0.0,0.0,1,1
7501,539221.9976640716,444068.5,0.0,0.0,1,1
7502,539221.9976640716,444068.5,0.0,0.0,1,1
7503,539221.9976640716,444068.5,0.0,0.0,1,1
7504,539159.9976640716,444068.5,0.0,0.0,1,1
7505,539159.9976640716,444068.5,0.0,0.0,1,1
7506,539159.9976640716,444068.5,0.0,0.0,1,1
7507,539159.9976640716,444068.5,0.0,0.0,1,1
7508,539159.9976640716,444068.5,0.0,0.0,1,1
7509,539159.9976640716,444068.5,0.0,0.0,1,1
7510,539159.9976640716,444068.5,0.0,0.0,1,1
7511,539159.9976640716,444068.5,0.0,0.0,1,1
7512,539159.9976640716,444068.5,0.0,0.0,1,1
7513,539159.9976640716,444068.5,0.0,0.0,1,1
7514,539159.9976640716,444068.5,0.0,0.0,1,1
7515,539159.9976640716,444068.5,0.0,0.0,1,1
7516,539159.9976640716,444068.5,0.0,0.0,1,1
7517,539159.9976640716,444068.5,0.0,0.0,1,1
7518,539159.9976640716,444068.5,0.0,0.0,1,1
7519,539159.9976640716,444068.5,0.0,0.0,1,1
7520,539159.9976640716,444068.5,0.0,0.0,1,1
7521,539159.9976640716,444068.5,0.0,0.0,1,1
7522,539159.9976640716,444068.5,0.0,0.0,1,1
7523,539159.9976640716,444068.5,0.0,0.0,1,1
7524,539159.9976640716,444068.5,0.0,0.0,1,1
7525,539159.9976640716,444068.5,0.0,0.0,1,1
7526,539159.9976640716,444068.5,0.0,0.0,1,1
7527,539159.9976640716,444068.5,0.0,0.0,1,1
7528,539159.9976640716,444068.5,0.0,0.0,1,1
7529,539159.9976640716,444068.5,0.0,0.0,1,1
7530,539159.9976640716,444068.5,0.0,0.0,1,1
7531,539159.9976640716,444068.5,0.0,0.0,1,1
7532,539159.9976640716,444068.5,0.0,0.0,1,1
7533,539185.9976640716,444068.5,0.0,0.0,1,1
7534,539185.9976640716,444068.5,0.0,0.0,1,1
7535,539121.9976640716,444068.5,0.0,0.0,1,1
7536,539121.9976640716,444068.5,0.0,0.0,1,1
7537,539121.9976640716,444068.5,0.0,0.0,1,1
7538,539092.9976640716,444068.5,0.0,0.0,1,1
7539,539092.9976640716,444068.5,0.0,0.0,1,1
7540,539122.4976640716,444068.5,0.0,0.0,1,1
7541,539122.4976640716,444068.5,0.0,0.0,1,1
7542,539122.4976640716,444068.5,0.0,0.0,1,1
7543,539122.4976640716,444068.5,0.0,0.0,1,1
7544,539122.4976640716,444068.5,0.0,0.0,1,1
7545,539122.4976640716,444068.5,0.0,0.0,1,1
7546,539122.4976640716,444068.5,0.0,0.0,1,1
7547,539122.4976640716,444068.5,0.0,0.0,1,1
7548,539122.4976640716,444068.5,0.0,0.0,1,1
7549,539122.4976640716,444068.5,0.0,0.0,1,1
7550,539122.4976640716,444068.5,0.0,0.0,1,1
7551,539122.4976640716,444068.5,0.0,0.0,1,1
7552,539122.4976640716,444068.5,0.0,0.0,1,1
7553,539122.4976640716,444068.5,0.0,0.0,1,1
7554,539122.4976640716,444068.5,0.0,0.0,1,1
7555,539122.4976640716,444068.5,0.0,0.0,1,1
7556,539122.4976640716,444068.5,0.0,0.0,1,1
7557,539122.4976640716,444068.5,0.0,0.0,1,1
7558,539122.4976640716,444068.5,0.0,0.0,1,1
7559,539282.4976640716,444068.5,0.0,0.0,1,1
7560,539282.4976640716,444068.5,0.0,0.0,1,1
7561,539282.4976640716,444068.5,0.0,0.0,1,1
7562,539282.4976640716,444068.5,0.0,0.0,1,1
7563,539282.4976640716,444068.5,0.0,0.0,1,1
7564,539282.4976640716,444068.5,0.0,0.0,1,1
7565,539282.4976640716,444068.5,0.0,0.0,1,1
7566,539282.4976640716,444068.5,0.0,0.0,1,1
7567,539282.4976640716,444068.5,0.0,0.0,1,1
7568,539282.4976640716,444068.5,0.0,0.0,1,1
7569,539282.4976640716,444068.5,0.0,0.0,1,1
7570,539282.4976640716,444068.5,0.0,0.0,1,1
7571,539282.4976640716,444068.5,0.0,0.0,1,1
7572,539282.4976640716,444068.5,0.0,0.0,1,1
7573,539282.4976640716,444068.5,0.0,0.0,1,1
7574,539282.4976640716,444068.5,0.0,0.0,1,1
7575,539282.4976640716,444068.5,0.0,0.0,1,1
7576,539282.4976640716,444068.5,0.0,0.0,1,1
7577,539282.4976640716,444068.5,0.0,0.0,1,1
7578,539282.4976640716,444068.5,0.0,0.0,1,1
7579,539282.4976640716,444068.5,0.0,0.0,1,1
7580,539282.4976640716,444068.5,0.0,0.0,1,1
7581,539282.4976640716,444068.5,0.0,0.0,1,1
7582,539282.4976640716,444068.5,0.0,0.0,1,1
7583,539282.4976640716,444068.5,0.0,0.0,1,1
7584,539282.4976640716,444068.5,0.0,0.0,1,1
7585,539282.4976640716,444068.5,0.0,0.0,1,1
7586,539282.4976640716,444068.5,0.0,0.0,1,1
7587,539282.4976640716,444068.5,0.0,0.0,1,1
7588,539282.4976640716,444068.5,0.0,0.0,1,1
7589,539282.4976640716,444068.5,0.0,0.0,1,1
7590,539275.4976640716,444068.5,0.0,0.0,1,1
7591,539275.4976640716,444068.5,0.0,0.0,1,1
7592,539278.4976640716,444068.5,0.0,0.0,1,1
7593,539278.4976640716,444068.5,0.0,0.0,1,1
7594,539278.4976640716,444068.5,0.0,0.0,1,1
7595,539278.4976640716,444068.5,0.0,0.0,1,1
7596,539278.4976640716,444068.5,0.0,0.0,1,1
7597,539278.4976640716,444068.5,0.0,0.0,1,1
7598,539278.4976640716,444068.5,0.0,0.0,1,1
7599,539278.4976640716,444068.5,0.0,0.0,1,1
7600,539278.4976640716,444068.5,0.0,0.0,1,1
7601,539278.4976640716,444068.5,0.0,0.0,1,1
7602,539278.4976640716,444068.5,0.0,0.0,1,1
7603,539278.4976640716,444068.5,0.0,0.0,1,1
7604,539278.4976640716,444068.5,0.0,0.0,1,1
7605,539278.4976640716,444068.5,0.0,0.0,1,1
7606,539278.4976640716,444068.5,0.0,0.0,1,1
7607,539278.4976640716,444068.5,0.0,0.0,1,1
7608,539278.4976640716,444068.5,0.0,0.0,1,1
7609,539516.4976640716,444068.5,0.0,0.0,1,1
7610,539516.4976640716,444068.5,0.0,0.0,1,1
7611,539516.4976640716,444068.5,0.0,0.0,1,1
7612,539516.4976640716,444068.5,0.0,0.0,1,1
7613,539516.4976640716,444068.5,0.0,0.0,1,1
7614,539516.4976640716,444068.5,0.0,0.0,1,1
7615,539516.4976640716,444068.5,0.0,0.0,1,1
7616,539516.4976640716,444068.5,0.0,0.0,1,1
7617,539516.4976640716,444068.5,0.0,0.0,1,1
7618,539516.4976640716,444068.5,0.0,0.0,1,1
7619,539516.4976640716,444068.5,0.0,0.0,1,1
7620,539516.4976640716,444068.5,0.0,0.0,1,1
7621,539516.4976640716,444068.5,0.0,0.0,1,1
7622,539516.4976640716,444068.5,0.0,0.0,1,1
7623,539516.4976640716,444068.5,0.0,0.0,1,1
7624,539516.4976640716,444068.5,0.0,0.0,1,1
7625,539387.4973303676,444068.5,0.0,0.0,1,1
7626,539387.4973303676,444068.5,0.0,0.0,1,1
7627,539387.4973303676,444068.5,0.0,0.0,1,1
7628,539387.4973303676,444068.5,0.0,0.0,1,1
7629,539387.4973303676,444068.5,0.0,0.0,1,1
7630,539387.4973303676,444068.5,0.0,0.0,1,1
7631,539387.4973303676,444068.5,0.0,0.0,1,1
7632,539929.4973303676,444068.5,0.0,0.0,1,1
7633,539929.4973303676,444068.5,0.0,0.0,1,1
7634,539929.4973303676,444068.5,0.0,0.0,1,1
7635,539929.4973303676,444068.5,0.0,0.0,1,1
7636,539929.4973303676,444068.5,0.0,0.0,1,1
7637,539929.4973303676,444068.5,0.0,0.0,1,1
7638,539929.4973303676,444068.5,0.0,0.0,1,1
7639,539929.4973303676,444068.5,0.0,0.0,1,1
7640,539929.4973303676,444068.5,0.0,0.0,1,1
7641,539905.4973303676,444068.5,0.0,0.0,1,1
7642,539905.4973303676,444068.5,0.0,0.0,1,1
7643,539905.4973303676,444068.5,0.0,0.0,1,1
7644,539905.4973303676,444068.5,0.0,0.0,1,1
7645,539905.4973303676,444068.5,0.0,0.0,1,1
7646,539905.4973303676,444068.5,0.0,0.0,1,1
7647,539905.4973303676,444068.5,0.0,0.0,1,1
7648,539905.4973303676,444068.5,0.0,0.0,1,1
7649,539905.4973303676,444068.5,0.0,0.0,1,1
7650,539905.4973303676,444068.5,0.0,0.0,1,1
7651,539905.4973303676,444068.5,0.0,0.0,1,1
7652,539905.4973303676,444068.5,0.0,0.0,1,1
7653,539905.4973303676,444068.5,0.0,0.0,1,1
7654,539905.4973303676,444068.5,0.0,0.0,1,1
7655,539905.4973303676,444068.5,0.0,0.0,1,1
7656,539905.4973303676,444068.5,0.0,0.0,1,1
7657,539905.4973303676,444068.5,0.0,0.0,1,1
7658,539905.4973303676,444068.5,0.0,0.0,1,1
7659,539905.4973303676,444068.5,0.0,0.0,1,1
7660,539905.4973303676,444068.5,0.0,0.0,1,1
7661,539905.4973303676,444068.5,0.0,0.0,1,1
7662,539905.4973303676,444068.5,0.0,0.0,1,1
7663,539905.4973303676,444068.5,0.0,0.0,1,1
7664,539728.4973303676,444068.5,0.0,0.0,1,1
7665,539752.4973303676,444068.5,0.0,0.0,1,1
7666,539752.4973303676,444068.5,0.0,0.0,1,1
7667,539752.4973303676,444068.5,0.0,0.0,1,1
7668,539752.4973303676,444068.5,0.0,0.0,1,1
7669,539752.4973303676,444068.5,0.0,0.0,1,1
7670,539752.4973303676,444068.5,0.0,0.0,1,1
7671,539804.4973303676,444068.5,0.0,0.0,1,1
7672,540062.9973303676,444068.5,0.0,0.0,1,1
7673,540062.9973303676,444068.5,0.0,0.0,1,1
7674,540038.4973303676,444068.5,0.0,0.0,1,1
7675,540038.4973303676,444068.5,0.0,0.0,1,1
7676,540038.4973303676,444068.5,0.0,0.0,1,1
7677,540038.4973303676,444068.5,0.0,0.0,1,1
7678,540038.4973303676,444068.5,0.0,0.0,1,1
7679,540038.4973303676,444068.5,0.0,0.0,1,1
7680,540182.4973303676,444068.5,0.0,0.0,1,1
7681,540182.4973303676,444068.5,0.0,0.0,1,1
7682,540182.4973303676,444068.5,0.0,0.0,1,1
7683,540182.4973303676,444068.5,0.0,0.0,1,1
7684,540182.4973303676,444068.5,0.0,0.0,1,1
7685,540182.4973303676,444068.5,0.0,0.0,1,1
7686,540182.4973303676,444068.5,0.0,0.0,1,1
7687,540182.4973303676,444068.5,0.0,0.0,1,1
7688,540182.4973303676,444068.5,0.0,0.0,1,1
7689,540182.4973303676,444068.5,0.0,0.0,1,1
7690,540182.4973303676,444068.5,0.0,0.0,1,1
7691,540182.4973303676,444068.5,0.0,0.0,1,1
7692,540182.4973303676,444068.5,0.0,0.0,1,1
7693,540182.4973303676,444068.5,0.0,0.0,1,1
7694,540182.4973303676,444068.5,0.0,0.0,1,1
7695,540182.4973303676,444068.5,0.0,0.0,1,1
7696,540182.4973303676,444068.5,0.0,0.0,1,1
7697,540182.4973303676,444068.5,0.0,0.0,1,1
7698,540182.4973303676,444068.5,0.0,0.0,1,1
7699,540162.4973303676,444068.5,0.0,0.0,1,1
7700,540162.4973303676,444068.5,0.0,0.0,1,1
7701,540162.4973303676,444068.5,0.0,0.0,1,1
7702,540162.4973303676,444068.5,0.0,0.0,1,1
7703,539954.4969966635,444068.5,0.0,0.0,1,1
7704,539954.4969966635,444068.5,0.0,0.0,1,1
7705,539954.4969966635,444068.5,0.0,0.0,1,1
7706,539954.4969966635,444068.5,0.0,0.0,1,1
7707,539954.4969966635,444068.5,0.0,0.0,1,1
7708,539954.4969966635,444068.5,0.0,0.0,1,1
7709,539954.4969966635,444068.5,0.0,0.0,1,1
7710,539954.4969966635,444068.5,0.0,0.0,1,1
7711,539954.4969966635,444068.5,0.0,0.0,1,1
7712,539954.4969966635,444068.5,0.0,0.0,1,1
7713,539954.4969966635,444068.5,0.0,0.0,1,1
7714,539954.4969966635,444068.5,0.0,0.0,1,1
7715,539954.4969966635,444068.5,0.0,0.0,1,1
7716,539928.4969966635,444068.5,0.0,0.0,1,1
7717,539928.4969966635,444068.5,0.0,0.0,1,1
7718,539928.4969966635,444068.5,0.0,0.0,1,1
7719,539928.4969966635,444068.5,0.0,0.0,1,1
7720,539928.4969966635,444068.5,0.0,0.0,1,1
7721,539928.4969966635,444068.5,0.0,0.0,1,1
7722,539928.4969966635,444068.5,0.0,0.0,1,1
7723,539928.4969966635,444068.5,0.0,0.0,1,1
7724,539928.4969966635,444068.5,0.0,0.0,1,1
7725,539928.4969966635,444068.5,0.0,0.0,1,1
7726,539928.4969966635,444068.5,0.0,0.0,1,1
7727,539928.4969966635,444068.5,0.0,0.0,1,1
7728,539928.4969966635,444068.5,0.0,0.0,1,1
7729,539928.4969966635,444068.5,0.0,0.0,1,1
7730,539928.4969966635,444068.5,0.0,0.0,1,1
7731,539928.4969966635,444068.5,0.0,0.0,1,1
7732,539928.4969966635,444068.5,0.0,0.0,1,1
7733,539928.4969966635,444068.5,0.0,0.0,1,1
7734,539928.4969966635,444068.5,0.0,0.0,1,1
7735,539928.4969966635,444068.5,0.0,0.0,1,1
7736,539928.4969966635,444068.5,0.0,0.0,1,1
7737,539928.4969966635,444068.5,0.0,0.0,1,1
7738,539928.4969966635,444068.5,0.0,0.0,1,1
7739,540021.4969966635,444068.5,0.0,0.0,1,1
7740,540021.4969966635,444068.5,0.0,0.0,1,1
7741,540021.4969966635,444068.5,0.0,0.0,1,1
7742,540021.4969966635,444068.5,0.0,0.0,1,1
7743,540021.4969966635,444068.5,0.0,0.0,1,1
7744,540021.4969966635,444068.5,0.0,0.0,1,1
7745,540021.4969966635,444068.5,0.0,0.0,1,1
7746,540021.4969966635,444068.5,0.0,0.0,1,1
7747,540021.4969966635,444068.5,0.0,0.0,1,1
7748,539818.4971635155,444068.5,0.0,0.0,1,1
7749,539818.4971635155,444068.5,0.0,0.0,1,1
7750,540215.4971635155,444068.5,0.0,0.0,1,1
7751,540215.4971635155,444068.5,0.0,0.0,1,1
7752,540215.4971635155,444068.5,0.0,0.0,1,1
7753,540215.4971635155,444068.5,0.0,0.0,1,1
7754,540215.4971635155,444068.5,0.0,0.0,1,1
7755,540215.4971635155,444068.5,0.0,0.0,1,1
7756,539930.4971635155,444068.5,0.0,0.0,1,1
7757,539930.4971635155,444068.5,0.0,0.0,1,1
7758,539930.4971635155,444068.5,0.0,0.0,1,1
7759,539930.4971635155,444068.5,0.0,0.0,1,1
7760,539946.9971635155,444068.5,0.0,0.0,1,1
7761,539946.9971635155,444068.5,0.0,0.0,1,1
7762,539946.9971635155,444068.5,0.0,0.0,1,1
7763,539946.9971635155,444068.5,0.0,0.0,1,1
7764,539946.9971635155,444068.5,0.0,0.0,1,1
7765,539946.9971635155,444068.5,0.0,0.0,1,1
7766,539946.9971635155,444068.5,0.0,0.0,1,1
7767,539946.9971635155,444068.5,0.0,0.0,1,1
7768,539946.9971635155,444068.5,0.0,0.0,1,1
7769,539946.9971635155,444068.5,0.0,0.0,1,1
7770,539946.9971635155,444068.5,0.0,0.0,1,1
7771,539946.9971635155,444068.5,0.0,0.0,1,1
7772,539946.9971635155,444068.5,0.0,0.0,1,1
7773,539946.9971635155,444068.5,0.0,0.0,1,1
7774,539946.9971635155,444068.5,0.0,0.0,1,1
7775,539946.9971635155,444068.5,0.0,0.0,1,1
7776,539946.9971635155,444068.5,0.0,0.0,1,1
7777,539946.9971635155,444068.5,0.0,0.0,1,1
7778,539946.9971635155,444068.5,0.0,0.0,1,1
7779,539946.9971635155,444068.5,0.0,0.0,1,1
7780,539946.9971635155,444068.5,0.0,0.0,1,1
7781,539946.9971635155,444068.5,0.0,0.0,1,1
7782,539946.9971635155,444068.5,0.0,0.0,1,1
7783,539946.9971635155,444068.5,0.0,0.0,1,1
7784,539946.9971635155,444068.5,0.0,0.0,1,1
7785,539946.9971635155,444068.5,0.0,0.0,1,1
7786,539946.9971635155,444068.5,0.0,0.0,1,1
7787,539946.9971635155,444068.5,0.0,0.0,1,1
7788,539946.9971635155,444068.5,0.0,0.0,1,1
7789,539946.9971635155,444068.5,0.0,0.0,1,1
7790,539946.9971635155,444068.5,0.0,0.0,1,1
7791,539946.9971635155,444068.5,0.0,0.0,1,1
7792,539946.9971635155,444068.5,0.0,0.0,1,1
7793,539946.9971635155,444068.5,0.0,0.0,1,1
7794,539946.9971635155,444068.5,0.0,0.0,1,1
7795,539946.9971635155,444068.5,0.0,0.0,1,1
7796,539946.9971635155,444068.5,0.0,0.0,1,1
7797,539946.9971635155,444068.5,0.0,0.0,1,1
7798,539946.9971635155,444068.5,0.0,0.0,1,1
7799,539946.9971635155,444068.5,0.0,0.0,1,1
7800,539946.9971635155,444068.5,0.0,0.0,1,1
7801,539946.9971635155,444068.5,0.0,0.0,1,1
7802,540163.9974972196,444068.5,0.0,0.0,1,1
7803,540163.9974972196,444068.5,0.0,0.0,1,1
7804,540163.9974972196,444068.5,0.0,0.0,1,1
7805,540163.9974972196,444068.5,0.0,0.0,1,1
7806,540163.9974972196,444068.5,0.0,0.0,1,1
7807,540163.9974972196,444068.5,0.0,0.0,1,1
7808,540163.9974972196,444068.5,0.0,0.0,1,1
7809,540163.9974972196,444068.5,0.0,0.0,1,1
7810,540163.9974972196,444068.5,0.0,0.0,1,1
7811,540163.9974972196,444068.5,0.0,0.0,1,1
7812,539398.9974972196,444068.5,0.0,0.0,1,1
7813,539398.9974972196,444068.5,0.0,0.0,1,1
7814,539398.9974972196,444068.5,0.0,0.0,1,1
7815,539398.9974972196,444068.5,0.0,0.0,1,1
7816,539398.9974972196,444068.5,0.0,0.0,1,1
7817,539398.9974972196,444068.5,0.0,0.0,1,1
7818,539398.9974972196,444068.5,0.0,0.0,1,1
7819,539398.9974972196,444068.5,0.0,0.0,1,1
7820,539398.9974972196,444068.5,0.0,0.0,1,1
7821,539398.9974972196,444068.5,0.0,0.0,1,1
7822,539398.9974972196,444068.5,0.0,0.0,1,1
7823,539398.9974972196,444068.5,0.0,0.0,1,1
7824,539398.9974972196,444068.5,0.0,0.0,1,1
7825,539398.9974972196,444068.5,0.0,0.0,1,1
7826,539398.9974972196,444068.5,0.0,0.0,1,1
7827,539398.9974972196,444068.5,0.0,0.0,1,1
7828,539398.9974972196,444068.5,0.0,0.0,1,1
7829,539398.9974972196,444068.5,0.0,0.0,1,1
7830,539398.9974972196,444068.5,0.0,0.0,1,1
7831,539398.9974972196,444068.5,0.0,0.0,1,1
7832,539398.9974972196,444068.5,0.0,0.0,1,1
7833,539398.9974972196,444068.5,0.0,0.0,1,1
7834,539398.9974972196,444068.5,0.0,0.0,1,1
7835,539398.9974972196,444068.5,0.0,0.0,1,1
7836,539398.9974972196,444068.5,0.0,0.0,1,1
7837,539398.9974972196,444068.5,0.0,0.0,1,1
7838,539398.9974972196,444068.5,0.0,0.0,1,1
7839,539398.9974972196,444068.5,0.0,0.0,1,1
7840,539398.9974972196,444068.5,0.0,0.0,1,1
7841,539398.9974972196,444068.5,0.0,0.0,1,1
7842,539398.9974972196,444068.5,0.0,0.0,1,1
7843,539398.9974972196,444068.5,0.0,0.0,1,1
7844,539778.9973303676,444068.5,0.0,0.0,1,1
7845,539778.9973303676,444068.5,0.0,0.0,1,1
7846,539778.9973303676,444068.5,0.0,0.0,1,1
7847,539778.9973303676,444068.5,0.0,0.0,1,1
7848,539778.9973303676,444068.5,0.0,0.0,1,1
7849,539778.9973303676,444068.5,0.0,0.0,1,1
7850,539778.9973303676,444068.5,0.0,0.0,1,1
7851,539778.9973303676,444068.5,0.0,0.0,1,1
7852,539778.9973303676,444068.5,0.0,0.0,1,1
7853,539778.9973303676,444068.5,0.0,0.0,1,1
7854,539778.9973303676,444068.5,0.0,0.0,1,1
7855,539778.9973303676,444068.5,0.0,0.0,1,1
7856,539778.9973303676,444068.5,0.0,0.0,1,1
7857,539778.9973303676,444068.5,0.0,0.0,1,1
7858,539778.9973303676,444068.5,0.0,0.0,1,1
7859,539778.9973303676,444068.5,0.0,0.0,1,1
7860,539778.9973303676,444068.5,0.0,0.0,1,1
7861,539778.9973303676,444068.5,0.0,0.0,1,1
7862,539778.9973303676,444068.5,0.0,0.0,1,1
7863,539778.9973303676,444068.5,0.0,0.0,1,1
7864,539778.9973303676,444068.5,0.0,0.0,1,1
7865,539778.9973303676,444068.5,0.0,0.0,1,1
7866,539876.9973303676,444068.5,0.0,0.0,1,1
7867,539876.9973303676,444068.5,0.0,0.0,1,1
7868,539876.9973303676,444068.5,0.0,0.0,1,1
7869,539876.9973303676,444068.5,0.0,0.0,1,1
7870,539876.9973303676,444068.5,0.0,0.0,1,1
7871,539876.9973303676,444068.5,0.0,0.0,1,1
7872,539876.9973303676,444068.5,0.0,0.0,1,1
7873,539876.9973303676,444068.5,0.0,0.0,1,1
7874,539876.9973303676,444068.5,0.0,0.0,1,1
7875,539876.9973303676,444068.5,0.0,0.0,1,1
7876,539876.9973303676,444068.5,0.0,0.0,1,1
7877,539876.9973303676,444068.5,0.0,0.0,1,1
7878,539895.9973303676,444068.5,0.0,0.0,1,1
7879,539895.9973303676,444068.5,0.0,0.0,1,1
7880,539895.9973303676,444068.5,0.0,0.0,1,1
7881,539895.9973303676,444068.5,0.0,0.0,1,1
7882,540093.4971635155,444068.5,0.0,0.0,1,1
7883,540093.4971635155,444068.5,0.0,0.0,1,1
7884,540093.4971635155,444068.5,0.0,0.0,1,1
7885,540093.4971635155,444068.5,0.0,0.0,1,1
7886,540093.4971635155,444068.5,0.0,0.0,1,1
7887,540093.4971635155,444068.5,0.0,0.0,1,1
7888,540093.4971635155,444068.5,0.0,0.0,1,1
7889,540093.4971635155,444068.5,0.0,0.0,1,1
7890,540093.4971635155,444068.5,0.0,0.0,1,1
7891,540093.4971635155,444068.5,0.0,0.0,1,1
7892,540093.4971635155,444068.5,0.0,0.0,1,1
7893,540093.4971635155,444068.5,0.0,0.0,1,1
7894,540093.4971635155,444068.5,0.0,0.0,1,1
7895,540093.4971635155,444068.5,0.0,0.0,1,1
7896,540093.4971635155,444068.5,0.0,0.0,1,1
7897,540093.4971635155,444068.5,0.0,0.0,1,1
7898,540093.4971635155,444068.5,0.0,0.0,1,1
7899,540093.4971635155,444068.5,0.0,0.0,1,1
7900,540093.4971635155,444068.5,0.0,0.0,1,1
7901,540093.4971635155,444068.5,0.0,0.0,1,1
7902,540093.4971635155,444068.5,0.0,0.0,1,1
7903,540093.4971635155,444068.5,0.0,0.0,1,1
7904,540093.4971635155,444068.5,0.0,0.0,1,1
7905,540093.4971635155,444068.5,0.0,0.0,1,1
7906,540093.4971635155,444068.5,0.0,0.0,1,1
7907,540093.4971635155,444068.5,0.0,0.0,1,1
7908,540093.4971635155,444068.5,0.0,0.0,1,1
7909,540021.4971635155,444068.5,0.0,0.0,1,1
7910,540021.4971635155,444068.5,0.0,0.0,1,1
7911,540021.4971635155,444068.5,0.0,0.0,1,1
7912,540021.4971635155,444068.5,0.0,0.0,1,1
7913,540021.4971635155,444068.5,0.0,0.0,1,1
7914,540021.4971635155,444068.5,0.0,0.0,1,1
7915,540021.4971635155,444068.5,0.0,0.0,1,1
7916,540021.4971635155,444068.5,0.0,0.0,1,1
7917,540021.4971635155,444068.5,0.0,0.0,1,1
7918,540021.4971635155,444068.5,0.0,0.0,1,1
7919,540021.4971635155,444068.5,0.0,0.0,1,1
7920,540021.4971635155,444068.5,0.0,0.0,1,1
7921,540021.4971635155,444068.5,0.0,0.0,1,1
7922,540021.4971635155,444068.5,0.0,0.0,1,1
7923,539990.9971635155,444068.5,0.0,0.0,1,1
7924,539990.9971635155,444068.5,0.0,0.0,1,1
7925,539990.9971635155,444068.5,0.0,0.0,1,1
7926,539990.9971635155,444068.5,0.0,0.0,1,1
7927,539990.9971635155,444068.5,0.0,0.0,1,1
7928,539990.9971635155,444068.5,0.0,0.0,1,1
7929,539990.9971635155,444068.5,0.0,0.0,1,1
7930,539990.9971635155,444068.5,0.0,0.0,1,1
7931,539990.9971635155,444068.5,0.0,0.0,1,1
7932,539990.9971635155,444068.5,0.0,0.0,1,1
7933,539990.9971635155,444068.5,0.0,0.0,1,1
7934,539990.9971635155,444068.5,0.0,0.0,1,1
7935,539990.9971635155,444068.5,0.0,0.0,1,1
7936,539990.9971635155,444068.5,0.0,0.0,1,1
7937,539990.9971635155,444068.5,0.0,0.0,1,1
7938,539990.9971635155,444068.5,0.0,0.0,1,1
7939,539990.9971635155,444068.5,0.0,0.0,1,1
7940,539990.9971635155,444068.5,0.0,0.0,1,1
7941,539990.9971635155,444068.5,0.0,0.0,1,1
7942,539990.9971635155,444068.5,0.0,0.0,1,1
7943,540171.9971635155,444068.5,0.0,0.0,1,1
7944,540171.9971635155,444068.5,0.0,0.0,1,1
7945,540171.9971635155,444068.5,0.0,0.0,1,1
7946,540171.9971635155,444068.5,0.0,0.0,1,1
7947,540171.9971635155,444068.5,0.0,0.0,1,1
7948,540171.9971635155,444068.5,0.0,0.0,1,1
7949,540171.9971635155,444068.5,0.0,0.0,1,1
7950,540173.9971635155,444068.5,0.0,0.0,1,1
7951,540173.9971635155,444068.5,0.0,0.0,1,1
7952,540173.9971635155,444068.5,0.0,0.0,1,1
7953,540173.9971635155,444068.5,0.0,0.0,1,1
7954,540173.9971635155,444068.5,0.0,0.0,1,1
7955,540173.9971635155,444068.5,0.0,0.0,1,1
7956,540173.9971635155,444068.5,0.0,0.0,1,1
7957,540173.9971635155,444068.5,0.0,0.0,1,1
7958,540173.9971635155,444068.5,0.0,0.0,1,1
7959,540173.9971635155,444068.5,0.0,0.0,1,1
7960,540173.9971635155,444068.5,0.0,0.0,1,1
7961,540173.9971635155,444068.5,0.0,0.0,1,1
7962,540173.9971635155,444068.5,0.0,0.0,1,1
7963,540173.9971635155,444068.5,0.0,0.0,1,1
7964,540173.9971635155,444068.5,0.0,0.0,1,1
7965,540173.9971635155,444068.5,0.0,0.0,1,1
7966,540173.9971635155,444068.5,0.0,0.0,1,1
7967,540173.9971635155,444068.5,0.0,0.0,1,1
7968,540173.9971635155,444068.5,0.0,0.0,1,1
7969,540173.9971635155,444068.5,0.0,0.0,1,1
7970,540173.9971635155,444068.5,0.0,0.0,1,1
7971,540173.9971635155,444068.5,0.0,0.0,1,1
7972,540173.9971635155,444068.5,0.0,0.0,1,1
7973,540173.9971635155,444068.5,0.0,0.0,1,1
7974,540173.9971635155,444068.5,0.0,0.0,1,1
7975,540173.9971635155,444068.5,0.0,0.0,1,1
7976,540173.9971635155,444068.5,0.0,0.0,1,1
7977,540173.9971635155,444068.5,0.0,0.0,1,1
7978,540173.9971635155,444068.5,0.0,0.0,1,1
7979,540173.9971635155,444068.5,0.0,0.0,1,1
7980,540173.9971635155,444068.5,0.0,0.0,1,1
7981,540173.9971635155,444068.5,0.0,0.0,1,1
7982,540173.9971635155,444068.5,0.0,0.0,1,1
7983,540173.9971635155,444068.5,0.0,0.0,1,1
7984,540173.9971635155,444068.5,0.0,0.0,1,1
7985,540173.9971635155,444068.5,0.0,0.0,1,1
7986,540173.9971635155,444068.5,0.0,0.0,1,1
7987,540643.9971635155,444068.5,0.0,0.0,1,1
7988,540643.9971635155,444068.5,0.0,0.0,1,1
7989,540643.9971635155,444068.5,0.0,0.0,1,1
7990,540643.9971635155,444068.5,0.0,0.0,1,1
7991,540643.9971635155,444068.5,0.0,0.0,1,1
7992,540643.9971635155,444068.5,0.0,0.0,1,1
7993,540751.9971635155,444068.5,0.0,0.0,1,1
7994,540751.9971635155,444068.5,0.0,0.0,1,1
7995,540751.9971635155,444068.5,0.0,0.0,1,1
7996,540638.9973303676,444068.5,0.0,0.0,1,1
7997,540638.9973303676,444068.5,0.0,0.0,1,1
7998,540347.4973303676,444068.5,0.0,0.0,1,1
7999,540347.4973303676,444068.5,0.0,0.0,1,1
8000,540347.4973303676,444068.5,0.0,0.0,1,1
8001,540347.4973303676,444068.5,0.0,0.0,1,1
8002,540347.4973303676,444068.5,0.0,0.0,1,1
8003,540347.4973303676,444068.5,0.0,0.0,1,1
8004,540216.4973303676,444068.5,0.0,0.0,1,1
8005,540216.4973303676,444068.5,0.0,0.0,1,1
8006,540216.4973303676,444068.5,0.0,0.0,1,1
8007,540216.4973303676,444068.5,0.0,0.0,1,1
8008,540163.9974972196,444068.5,0.0,0.0,1,1
8009,540163.9974972196,444068.5,0.0,0.0,1,1
8010,540163.9974972196,444068.5,0.0,0.0,1,1
8011,542575.4963292554,444068.5,0.0,0.0,1,1
8012,542575.4963292554,444068.5,0.0,0.0,1,1
8013,542575.4963292554,444068.5,0.0,0.0,1,1
8014,542575.4963292554,444068.5,0.0,0.0,1,1
8015,542575.4963292554,444068.5,0.0,0.0,1,1
8016,542575.4963292554,444068.5,0.0,0.0,1,1
8017,542575.4963292554,444068.5,0.0,0.0,1,1
8018,542575.4963292554,444068.5,0.0,0.0,1,1
8019,542575.4963292554,444068.5,0.0,0.0,1,1
8020,542575.4963292554,444068.5,0.0,0.0,1,1
8021,542575.4963292554,444068.5,0.0,0.0,1,1
8022,542575.4963292554,444068.5,0.0,0.0,1,1
8023,542575.4963292554,444068.5,0.0,0.0,1,1
8024,542377.4963292554,444068.5,0.0,0.0,1,1
8025,542377.4963292554,444068.5,0.0,0.0,1,1
8026,542377.4963292554,444068.5,0.0,0.0,1,1
8027,542377.4963292554,444068.5,0.0,0.0,1,1
8028,542377.4963292554,444068.5,0.0,0.0,1,1
8029,542377.4963292554,444068.5,0.0,0.0,1,1
8030,542435.4963292554,444068.5,0.0,0.0,1,1
8031,542435.4963292554,444068.5,0.0,0.0,1,1
8032,542922.4963292554,444068.5,0.0,0.0,1,1
8033,542928.4963292554,444068.5,0.0,0.0,1,1
8034,542928.4963292554,444068.5,0.0,0.0,1,1
8035,542928.4963292554,444068.5,0.0,0.0,1,1
8036,542928.4963292554,444068.5,0.0,0.0,1,1
8037,542928.4963292554,444068.5,0.0,0.0,1,1
8038,542928.4963292554,444068.5,0.0,0.0,1,1
8039,542951.4966629595,444068.5,0.0,0.0,1,1
8040,542951.4966629595,444068.5,0.0,0.0,1,1
8041,542951.4966629595,444068.5,0.0,0.0,1,1
8042,542951.4966629595,444068.5,0.0,0.0,1,1
8043,542951.4966629595,444068.5,0.0,0.0,1,1
8044,542951.4966629595,444068.5,0.0,0.0,1,1
8045,542951.4966629595,444068.5,0.0,0.0,1,1
8046,542951.4966629595,444068.5,0.0,0.0,1,1
8047,542951.4966629595,444068.5,0.0,0.0,1,1
8048,542951.4966629595,444068.5,0.0,0.0,1,1
8049,542951.4966629595,444068.5,0.0,0.0,1,1
8050,542951.4966629595,444068.5,0.0,0.0,1,1
8051,542951.4966629595,444068.5,0.0,0.0,1,1
8052,542951.4966629595,444068.5,0.0,0.0,1,1
8053,542951.4966629595,444068.5,0.0,0.0,1,1
8054,542951.4966629595,444068.5,0.0,0.0,1,1
8055,542951.4966629595,444068.5,0.0,0.0,1,1
8056,542951.4966629595,444068.5,0.0,0.0,1,1
8057,542951.4966629595,444068.5,0.0,0.0,1,1
8058,542951.4966629595,444068.5,0.0,0.0,1,1
8059,542951.4966629595,444068.5,0.0,0.0,1,1
8060,542951.4966629595,444068.5,0.0,0.0,1,1
8061,542951.4966629595,444068.5,0.0,0.0,1,1
8062,542951.4966629595,444068.5,0.0,0.0,1,1
8063,542951.4966629595,444068.5,0.0,0.0,1,1
8064,542951.4966629595,444068.5,0.0,0.0,1,1
8065,542951.4966629595,444068.5,0.0,0.0,1,1
8066,542951.4966629595,444068.5,0.0,0.0,1,1
8067,542951.4966629595,444068.5,0.0,0.0,1,1
8068,542951.4966629595,444068.5,0.0,0.0,1,1
8069,542951.4966629595,444068.5,0.0,0.0,1,1
8070,542951.4966629595,444068.5,0.0,0.0,1,1
8071,542951.4966629595,444068.5,0.0,0.0,1,1
8072,542951.4966629595,444068.5,0.0,0.0,1,1
8073,542951.4966629595,444068.5,0.0,0.0,1,1
8074,542951.4966629595,444068.5,0.0,0.0,1,1
8075,542951.4966629595,444068.5,0.0,0.0,1,1
8076,542951.4966629595,444068.5,0.0,0.0,1,1
8077,542951.4966629595,444068.5,0.0,0.0,1,1
8078,542958.9966629595,444068.5,0.0,0.0,1,1
8079,542958.9966629595,444068.5,0.0,0.0,1,1
8080,543110.9969966635,444068.5,0.0,0.0,1,1
8081,543110.9969966635,444068.5,0.0,0.0,1,1
8082,543110.9969966635,444068.5,0.0,0.0,1,1
8083,543110.9969966635,444068.5,0.0,0.0,1,1
8084,545706.9969966635,444068.5,0.0,0.0,1,1
8085,545706.9969966635,444068.5,0.0,0.0,1,1
8086,545706.9969966635,444068.5,0.0,0.0,1,1
8087,545706.9969966635,444068.5,0.0,0.0,1,1
8088,544584.9971635155,444068.5,0.0,0.0,1,1
8089,544581.9971635155,444068.5,0.0,0.0,1,1
8090,544581.9971635155,444068.5,0.0,0.0,1,1
8091,544581.9971635155,444068.5,0.0,0.0,1,1
8092,544581.9971635155,444068.5,0.0,0.0,1,1
8093,544581.9971635155,444068.5,0.0,0.0,1,1
8094,544581.9971635155,444068.5,0.0,0.0,1,1
8095,544581.9971635155,444068.5,0.0,0.0,1,1
8096,544581.9971635155,444068.5,0.0,0.0,1,1
8097,544581.9971635155,444068.5,0.0,0.0,1,1
8098,544581.9971635155,444068.5,0.0,0.0,1,1
8099,544581.9971635155,444068.5,0.0,0.0,1,1
8100,544957.4971635155,444068.5,0.0,0.0,1,1
8101,544957.4971635155,444068.5,0.0,0.0,1,1
8102,545078.4971635155,444068.5,0.0,0.0,1,1
8103,545078.4971635155,444068.5,0.0,0.0,1,1
8104,545078.4971635155,444068.5,0.0,0.0,1,1
8105,545078.4971635155,444068.5,0.0,0.0,1,1
8106,545078.4971635155,444068.5,0.0,0.0,1,1
8107,545078.4971635155,444068.5,0.0,0.0,1,1
8108,545078.4971635155,444068.5,0.0,0.0,1,1
8109,545078.4971635155,444068.5,0.0,0.0,1,1
8110,545078.4971635155,444068.5,0.0,0.0,1,1
8111,545078.4971635155,444068.5,0.0,0.0,1,1
8112,545078.4971635155,444068.5,0.0,0.0,1,1
8113,545078.4971635155,444068.5,0.0,0.0,1,1
8114,545078.4971635155,444068.5,0.0,0.0,1,1
8115,545078.4971635155,444068.5,0.0,0.0,1,1
8116,545078.4971635155,444068.5,0.0,0.0,1,1
8117,545078.4971635155,444068.5,0.0,0.0,1,1
8118,545078.4971635155,444068.5,0.0,0.0,1,1
8119,543981.4974972196,444068.5,0.0,0.0,1,1
8120,543981.4974972196,444068.5,0.0,0.0,1,1
8121,543981.4974972196,444068.5,0.0,0.0,1,1
8122,543981.4974972196,444068.5,0.0,0.0,1,1
8123,542879.9974972196,444068.5,0.0,0.0,1,1
8124,542879.9974972196,444068.5,0.0,0.0,1,1
8125,542879.9974972196,444068.5,0.0,0.0,1,1
8126,542879.9974972196,444068.5,0.0,0.0,1,1
8127,542879.9974972196,444068.5,0.0,0.0,1,1
8128,542879.9974972196,444068.5,0.0,0.0,1,1
8129,542879.9974972196,444068.5,0.0,0.0,1,1
8130,542879.9974972196,444068.5,0.0,0.0,1,1
8131,542879.9974972196,444068.5,0.0,0.0,1,1
8132,542879.9974972196,444068.5,0.0,0.0,1,1
8133,542879.9974972196,444068.5,0.0,0.0,1,1
8134,542879.9974972196,444068.5,0.0,0.0,1,1
8135,542879.9974972196,444068.5,0.0,0.0,1,1
8136,542879.9974972196,444068.5,0.0,0.0,1,1
8137,542879.9974972196,444068.5,0.0,0.0,1,1
8138,542879.9974972196,444068.5,0.0,0.0,1,1
8139,542879.9974972196,444068.5,0.0,0.0,1,1
8140,543242.4974972196,444068.5,0.0,0.0,1,1
8141,543242.4974972196,444068.5,0.0,0.0,1,1
8142,543242.4974972196,444068.5,0.0,0.0,1,1
8143,543242.4974972196,444068.5,0.0,0.0,1,1
8144,543242.4974972196,444068.5,0.0,0.0,1,1
8145,543242.4974972196,444068.5,0.0,0.0,1,1
8146,543242.4974972196,444068.5,0.0,0.0,1,1
8147,543242.4974972196,444068.5,0.0,0.0,1,1
8148,544152.4974972196,444068.5,0.0,0.0,1,1
8149,543631.4974972196,444068.5,0.0,0.0,1,1
8150,543631.4974972196,444068.5,0.0,0.0,1,1
8151,543631.4974972196,444068.5,0.0,0.0,1,1
8152,543631.4974972196,444068.5,0.0,0.0,1,1
8153,543631.4974972196,444068.5,0.0,0.0,1,1
8154,543631.4974972196,444068.5,0.0,0.0,1,1
8155,543372.4974972196,444068.5,0.0,0.0,1,1
8156,543372.4974972196,444068.5,0.0,0.0,1,1
8157,543372.4974972196,444068.5,0.0,0.0,1,1
8158,543372.4974972196,444068.5,0.0,0.0,1,1
8159,543372.4974972196,444068.5,0.0,0.0,1,1
8160,543372.4974972196,444068.5,0.0,0.0,1,1
8161,543372.4974972196,444068.5,0.0,0.0,1,1
8162,543372.4974972196,444068.5,0.0,0.0,1,1
8163,543372.4974972196,444068.5,0.0,0.0,1,1
8164,543372.4974972196,444068.5,0.0,0.0,1,1
8165,543242.4974972196,444068.5,0.0,0.0,1,1
8166,543242.4974972196,444068.5,0.0,0.0,1,1
8167,543242.4974972196,444068.5,0.0,0.0,1,1
8168,543242.4974972196,444068.5,0.0,0.0,1,1
8169,543242.4974972196,444068.5,0.0,0.0,1,1
8170,543242.4974972196,444068.5,0.0,0.0,1,1
8171,543242.4974972196,444068.5,0.0,0.0,1,1
8172,543104.4974972196,444068.5,0.0,0.0,1,1
8173,543104.4974972196,444068.5,0.0,0.0,1,1
8174,543104.4974972196,444068.5,0.0,0.0,1,1
8175,543104.4974972196,444068.5,0.0,0.0,1,1
8176,543104.4974972196,444068.5,0.0,0.0,1,1
8177,543104.4974972196,444068.5,0.0,0.0,1,1
8178,543104.4974972196,444068.5,0.0,0.0,1,1
8179,543104.4974972196,444068.5,0.0,0.0,1,1
8180,543104.4974972196,444068.5,0.0,0.0,1,1
8181,543104.4974972196,444068.5,0.0,0.0,1,1
8182,543104.4974972196,444068.5,0.0,0.0,1,1
8183,543104.4974972196,444068.5,0.0,0.0,1,1
8184,543104.4974972196,444068.5,0.0,0.0,1,1
8185,543104.4974972196,444068.5,0.0,0.0,1,1
8186,543104.4974972196,444068.5,0.0,0.0,1,1
8187,543104.4974972196,444068.5,0.0,0.0,1,1
8188,543104.4974972196,444068.5,0.0,0.0,1,1
8189,543104.4974972196,444068.5,0.0,0.0,1,1
8190,543104.4974972196,444068.5,0.0,0.0,1,1
8191,542426.4974972196,444068.5,0.0,0.0,1,1
8192,542426.4974972196,444068.5,0.0,0.0,1,1
8193,542426.4974972196,444068.5,0.0,0.0,1,1
8194,542426.4974972196,444068.5,0.0,0.0,1,1
8195,542426.4974972196,444068.5,0.0,0.0,1,1
8196,542426.4974972196,444068.5,0.0,0.0,1,1
8197,542426.4974972196,444068.5,0.0,0.0,1,1
8198,542426.4974972196,444068.5,0.0,0.0,1,1
8199,542426.4974972196,444068.5,0.0,0.0,1,1
8200,542426.4974972196,444068.5,0.0,0.0,1,1
8201,542426.4974972196,444068.5,0.0,0.0,1,1
8202,544486.4974972196,444068.5,0.0,0.0,1,1
8203,544486.4974972196,444068.5,0.0,0.0,1,1
8204,544486.4974972196,444068.5,0.0,0.0,1,1
8205,544486.4974972196,444068.5,0.0,0.0,1,1
8206,544486.4974972196,444068.5,0.0,0.0,1,1
8207,544486.4974972196,444068.5,0.0,0.0,1,1
8208,544486.4974972196,444068.5,0.0,0.0,1,1
8209,544372.9974972196,444068.5,0.0,0.0,1,1
8210,544372.9974972196,444068.5,0.0,0.0,1,1
8211,544372.9974972196,444068.5,0.0,0.0,1,1
8212,544372.9974972196,444068.5,0.0,0.0,1,1
8213,544372.9974972196,444068.5,0.0,0.0,1,1
8214,544372.9974972196,444068.5,0.0,0.0,1,1
8215,544372.9974972196,444068.5,0.0,0.0,1,1
8216,544372.9974972196,444068.5,0.0,0.0,1,1
8217,544784.4973303676,444068.5,0.0,0.0,1,1
8218,544784.4973303676,444068.5,0.0,0.0,1,1
8219,544784.4973303676,444068.5,0.0,0.0,1,1
8220,544917.9973303676,444068.5,0.0,0.0,1,1
8221,544917.9973303676,444068.5,0.0,0.0,1,1
8222,544917.9973303676,444068.5,0.0,0.0,1,1
8223,544917.9973303676,444068.5,0.0,0.0,1,1
8224,544917.9973303676,444068.5,0.0,0.0,1,1
8225,544917.9973303676,444068.5,0.0,0.0,1,1
8226,544917.9973303676,444068.5,0.0,0.0,1,1
8227,544917.9973303676,444068.5,0.0,0.0,1,1
8228,544917.9973303676,444068.5,0.0,0.0,1,1
8229,544917.9973303676,444068.5,0.0,0.0,1,1
8230,544917.9973303676,444068.5,0.0,0.0,1,1
8231,544917.9973303676,444068.5,0.0,0.0,1,1
8232,544917.9973303676,444068.5,0.0,0.0,1,1
8233,544917.9973303676,444068.5,0.0,0.0,1,1
8234,544917.9973303676,444068.5,0.0,0.0,1,1
8235,544917.9973303676,444068.5,0.0,0.0,1,1
8236,544917.9973303676,444068.5,0.0,0.0,1,1
8237,545057.9973303676,444068.5,0.0,0.0,1,1
8238,544746.4978309236,444068.5,0.0,0.0,1,1
8239,544746.4978309236,444068.5,0.0,0.0,1,1
8240,544746.4978309236,444068.5,0.0,0.0,1,1
8241,544746.4978309236,444068.5,0.0,0.0,1,1
8242,544746.4978309236,444068.5,0.0,0.0,1,1
8243,544746.4978309236,444068.5,0.0,0.0,1,1
8244,543795.9978309236,444068.5,0.0,0.0,1,1
8245,543795.9978309236,444068.5,0.0,0.0,1,1
8246,543795.9978309236,444068.5,0.0,0.0,1,1
8247,543795.9978309236,444068.5,0.0,0.0,1,1
8248,543795.9978309236,444068.5,0.0,0.0,1,1
8249,543795.9978309236,444068.5,0.0,0.0,1,1
8250,543795.9978309236,444068.5,0.0,0.0,1,1
8251,543795.9978309236,444068.5,0.0,0.0,1,1
8252,543795.9978309236,444068.5,0.0,0.0,1,1
8253,543795.9978309236,444068.5,0.0,0.0,1,1
8254,543663.9991657399,444068.5,0.0,0.0,1,1
8255,543663.9991657399,444068.5,0.0,0.0,1,1
8256,543663.9991657399,444068.5,0.0,0.0,1,1
8257,543663.9991657399,444068.5,0.0,0.0,1,1
8258,543663.9991657399,444068.5,0.0,0.0,1,1
8259,543663.9991657399,444068.5,0.0,0.0,1,1
8260,543663.9991657399,444068.5,0.0,0.0,1,1
8261,543663.9991657399,444068.5,0.0,0.0,1,1
8262,543663.9991657399,444068.5,0.0,0.0,1,1
8263,543663.9991657399,444068.5,0.0,0.0,1,1
8264,543663.9991657399,444068.5,0.0,0.0,1,1
8265,543042.9991657399,444068.5,0.0,0.0,1,1
8266,543042.9991657399,444068.5,0.0,0.0,1,1
8267,543042.9991657399,444068.5,0.0,0.0,1,1
8268,543105.9991657399,444068.5,0.0,0.0,1,1
8269,543105.9991657399,444068.5,0.0,0.0,1,1
8270,543105.9991657399,444068.5,0.0,0.0,1,1
8271,543105.9991657399,444068.5,0.0,0.0,1,1
8272,543105.9991657399,444068.5,0.0,0.0,1,1
8273,543105.9991657399,444068.5,0.0,0.0,1,1
8274,543074.9991657399,444068.5,0.0,0.0,1,1
8275,543074.9991657399,444068.5,0.0,0.0,1,1
8276,543074.9991657399,444068.5,0.0,0.0,1,1
8277,543074.9991657399,444068.5,0.0,0.0,1,1
8278,543074.9991657399,444068.5,0.0,0.0,1,1
8279,543074.9991657399,444068.5,0.0,0.0,1,1
8280,543074.9991657399,444068.5,0.0,0.0,1,1
8281,543777.4993325919,444068.5,0.0,0.0,1,1
8282,543777.4993325919,444068.5,0.0,0.0,1,1
8283,543777.4993325919,444068.5,0.0,0.0,1,1
8284,543777.4993325919,444068.5,0.0,0.0,1,1
8285,543777.4993325919,444068.5,0.0,0.0,1,1
8286,543777.4993325919,444068.5,0.0,0.0,1,1
8287,543777.4993325919,444068.5,0.0,0.0,1,1
8288,543777.4993325919,444068.5,0.0,0.0,1,1
8289,543777.4993325919,444068.5,0.0,0.0,1,1
8290,543777.4993325919,444068.5,0.0,0.0,1,1
8291,543777.4993325919,444068.5,0.0,0.0,1,1
8292,543777.4993325919,444068.5,0.0,0.0,1,1
8293,543777.4993325919,444068.5,0.0,0.0,1,1
8294,543777.4993325919,444068.5,0.0,0.0,1,1
8295,543777.4993325919,444068.5,0.0,0.0,1,1
8296,543777.4993325919,444068.5,0.0,0.0,1,1
8297,543777.4993325919,444068.5,0.0,0.0,1,1
8298,543777.4993325919,444068.5,0.0,0.0,1,1
8299,543777.4993325919,444068.5,0.0,0.0,1,1
8300,543777.4993325919,444068.5,0.0,0.0,1,1
8301,543777.4993325919,444068.5,0.0,0.0,1,1
8302,543777.4993325919,444068.5,0.0,0.0,1,1
8303,543777.4993325919,444068.5,0.0,0.0,1,1
8304,543777.4993325919,444068.5,0.0,0.0,1,1
8305,543777.4993325919,444068.5,0.0,0.0,1,1
8306,543777.4993325919,444068.5,0.0,0.0,1,1
8307,544161.4993325919,444068.5,0.0,0.0,1,1
8308,544161.4993325919,444068.5,0.0,0.0,1,1
8309,544161.4993325919,444068.5,0.0,0.0,1,1
8310,544161.4993325919,444068.5,0.0,0.0,1,1
8311,544161.4993325919,444068.5,0.0,0.0,1,1
8312,544161.4993325919,444068.5,0.0,0.0,1,1
8313,544161.4993325919,444068.5,0.0,0.0,1,1
8314,544161.4993325919,444068.5,0.0,0.0,1,1
8315,544161.4993325919,444068.5,0.0,0.0,1,1
8316,544161.4993325919,444068.5,0.0,0.0,1,1
8317,544161.4993325919,444068.5,0.0,0.0,1,1
8318,544161.4993325919,444068.5,0.0,0.0,1,1
8319,544161.4993325919,444068.5,0.0,0.0,1,1
8320,544161.4993325919,444068.5,0.0,0.0,1,1
8321,544161.4993325919,444068.5,0.0,0.0,1,1
8322,544161.4993325919,444068.5,0.0,0.0,1,1
8323,544161.4993325919,444068.5,0.0,0.0,1,1
8324,544161.4993325919,444068.5,0.0,0.0,1,1
8325,544844.4993325919,444068.5,0.0,0.0,1,1
8326,544844.4993325919,444068.5,0.0,0.0,1,1
8327,544844.4993325919,444068.5,0.0,0.0,1,1
8328,545523.4994994439,444068.5,0.0,0.0,1,1
8329,545523.4994994439,444068.5,0.0,0.0,1,1
8330,545523.4994994439,444068.5,0.0,0.0,1,1
8331,545523.4994994439,444068.5,0.0,0.0,1,1
8332,545523.4994994439,444068.5,0.0,0.0,1,1
8333,545523.4994994439,444068.5,0.0,0.0,1,1
8334,545523.4994994439,444068.5,0.0,0.0,1,1
8335,545523.4994994439,444068.5,0.0,0.0,1,1
8336,545523.4994994439,444068.5,0.0,0.0,1,1
8337,545437.9994994439,444068.5,0.0,0.0,1,1
8338,545437.9994994439,444068.5,0.0,0.0,1,1
8339,545437.9994994439,444068.5,0.0,0.0,1,1
8340,545437.9994994439,444068.5,0.0,0.0,1,1
8341,545437.9994994439,444068.5,0.0,0.0,1,1
8342,545437.9994994439,444068.5,0.0,0.0,1,1
8343,545437.9994994439,444068.5,0.0,0.0,1,1
8344,545437.9994994439,444068.5,0.0,0.0,1,1
8345,545437.9994994439,444068.5,0.0,0.0,1,1
8346,545437.9994994439,444068.5,0.0,0.0,1,1
8347,545437.9994994439,444068.5,0.0,0.0,1,1
8348,545437.9994994439,444068.5,0.0,0.0,1,1
8349,546377.4994994439,444068.5,0.0,0.0,1,1
8350,545835.9994994439,444068.5,0.0,0.0,1,1
8351,545835.9994994439,444068.5,0.0,0.0,1,1
8352,545835.9994994439,444068.5,0.0,0.0,1,1
8353,545835.9994994439,444068.5,0.0,0.0,1,1
8354,545629.4994994439,444068.5,0.0,0.0,1,1
8355,545629.4994994439,444068.5,0.0,0.0,1,1
8356,545629.4994994439,444068.5,0.0,0.0,1,1
8357,545629.4994994439,444068.5,0.0,0.0,1,1
8358,545629.4994994439,444068.5,0.0,0.0,1,1
8359,545629.4994994439,444068.5,0.0,0.0,1,1
8360,545629.4994994439,444068.5,0.0,0.0,1,1
8361,545629.4994994439,444068.5,0.0,0.0,1,1
8362,545629.4994994439,444068.5,0.0,0.0,1,1
8363,545629.4994994439,444068.5,0.0,0.0,1,1
8364,545567.4994994439,444068.5,0.0,0.0,1,1
8365,545567.4994994439,444068.5,0.0,0.0,1,1
8366,545567.4994994439,444068.5,0.0,0.0,1,1
8367,545567.4994994439,444068.5,0.0,0.0,1,1
8368,545567.4994994439,444068.5,0.0,0.0,1,1
8369,545567.4994994439,444068.5,0.0,0.0,1,1
8370,545567.4994994439,444068.5,0.0,0.0,1,1
8371,545567.4994994439,444068.5,0.0,0.0,1,1
8372,545567.4994994439,444068.5,0.0,0.0,1,1
8373,545567.4994994439,444068.5,0.0,0.0,1,1
8374,545567.4994994439,444068.5,0.0,0.0,1,1
8375,545567.4994994439,444068.5,0.0,0.0,1,1
8376,545567.4994994439,444068.5,0.0,0.0,1,1
8377,545567.4994994439,444068.5,0.0,0.0,1,1
8378,545567.4994994439,444068.5,0.0,0.0,1,1
8379,545567.4994994439,444068.5,0.0,0.0,1,1
8380,545567.4994994439,444068.5,0.0,0.0,1,1
8381,545567.4994994439,444068.5,0.0,0.0,1,1
8382,545567.4994994439,444068.5,0.0,0.0,1,1
8383,545567.4994994439,444068.5,0.0,0.0,1,1
8384,545567.4994994439,444068.5,0.0,0.0,1,1
8385,545567.4994994439,444068.5,0.0,0.0,1,1
8386,545567.4994994439,444068.5,0.0,0.0,1,1
8387,545567.4994994439,444068.5,0.0,0.0,1,1
8388,545567.4994994439,444068.5,0.0,0.0,1,1
8389,545567.4994994439,444068.5,0.0,0.0,1,1
8390,545580.4994994439,444068.5,0.0,0.0,1,1
8391,545580.4994994439,444068.5,0.0,0.0,1,1
8392,545580.4994994439,444068.5,0.0,0.0,1,1
8393,545580.4994994439,444068.5,0.0,0.0,1,1
8394,545580.4994994439,444068.5,0.0,0.0,1,1
8395,545580.4994994439,444068.5,0.0,0.0,1,1
8396,542139.9991657399,444068.5,0.0,0.0,1,1
8397,542139.9991657399,444068.5,0.0,0.0,1,1
8398,542139.9991657399,444068.5,0.0,0.0,1,1
8399,542139.9991657399,444068.5,0.0,0.0,1,1
8400,542139.9991657399,444068.5,0.0,0.0,1,1
8401,542139.9991657399,444068.5,0.0,0.0,1,1
8402,542139.9991657399,444068.5,0.0,0.0,1,1
8403,542139.9991657399,444068.5,0.0,0.0,1,1
8404,542139.9991657399,444068.5,0.0,0.0,1,1
8405,542139.9991657399,444068.5,0.0,0.0,1,1
8406,542139.9991657399,444068.5,0.0,0.0,1,1
8407,542139.9991657399,444068.5,0.0,0.0,1,1
8408,542139.9991657399,444068.5,0.0,0.0,1,1
8409,542139.9991657399,444068.5,0.0,0.0,1,1
8410,542139.9991657399,444068.5,0.0,0.0,1,1
8411,542139.9991657399,444068.5,0.0,0.0,1,1
8412,542139.9991657399,444068.5,0.0,0.0,1,1
8413,542139.9991657399,444068.5,0.0,0.0,1,1
8414,542139.9991657399,444068.5,0.0,0.0,1,1
8415,542139.9991657399,444068.5,0.0,0.0,1,1
8416,542139.9991657399,444068.5,0.0,0.0,1,1
8417,542139.9991657399,444068.5,0.0,0.0,1,1
8418,542139.9991657399,444068.5,0.0,0.0,1,1
8419,542139.9991657399,444068.5,0.0,0.0,1,1
8420,542139.9991657399,444068.5,0.0,0.0,1,1
8421,542770.9994994439,444068.5,0.0,0.0,1,1
8422,542770.9994994439,444068.5,0.0,0.0,1,1
8423,542770.9994994439,444068.5,0.0,0.0,1,1
8424,542770.9994994439,444068.5,0.0,0.0,1,1
8425,542770.9994994439,444068.5,0.0,0.0,1,1
8426,542770.9994994439,444068.5,0.0,0.0,1,1
8427,542770.9994994439,444068.5,0.0,0.0,1,1
8428,542770.9994994439,444068.5,0.0,0.0,1,1
8429,542770.9994994439,444068.5,0.0,0.0,1,1
8430,542770.9994994439,444068.5,0.0,0.0,1,1
8431,542770.9994994439,444068.5,0.0,0.0,1,1
8432,542915.9994994439,444068.5,0.0,0.0,1,1
8433,543909.4994994439,444068.5,0.0,0.0,1,1
8434,543909.4994994439,444068.5,0.0,0.0,1,1
8435,543909.4994994439,444068.5,0.0,0.0,1,1
8436,543909.4994994439,444068.5,0.0,0.0,1,1
8437,543909.4994994439,444068.5,0.0,0.0,1,1
8438,543909.4994994439,444068.5,0.0,0.0,1,1
8439,543909.4994994439,444068.5,0.0,0.0,1,1
8440,543909.4994994439,444068.5,0.0,0.0,1,1
8441,545331.999833148,444068.5,0.0,0.0,1,1
8442,545331.999833148,444068.5,0.0,0.0,1,1
8443,545331.999833148,444068.5,0.0,0.0,1,1
8444,545331.999833148,444068.5,0.0,0.0,1,1
8445,545331.999833148,444068.5,0.0,0.0,1,1
8446,545455.999833148,444068.5,0.0,0.0,1,1
8447,545455.999833148,444068.5,0.0,0.0,1,1
8448,545455.999833148,444068.5,0.0,0.0,1,1
8449,545455.999833148,444068.5,0.0,0.0,1,1
8450,545455.999833148,444068.5,0.0,0.0,1,1
8451,545455.999833148,444068.5,0.0,0.0,1,1
8452,545455.999833148,444068.5,0.0,0.0,1,1
8453,545481.999833148,444068.5,0.0,0.0,1,1
8454,545481.999833148,444068.5,0.0,0.0,1,1
8455,545481.999833148,444068.5,0.0,0.0,1,1
8456,545481.999833148,444068.5,0.0,0.0,1,1
8457,545481.999833148,444068.5,0.0,0.0,1,1
8458,545481.999833148,444068.5,0.0,0.0,1,1
8459,545481.999833148,444068.5,0.0,0.0,1,1
8460,545481.999833148,444068.5,0.0,0.0,1,1
8461,545481.999833148,444068.5,0.0,0.0,1,1
8462,545481.999833148,444068.5,0.0,0.0,1,1
8463,545481.999833148,444068.5,0.0,0.0,1,1
8464,545481.999833148,444068.5,0.0,0.0,1,1
8465,545481.999833148,444068.5,0.0,0.0,1,1
8466,545481.999833148,444068.5,0.0,0.0,1,1
8467,545481.999833148,444068.5,0.0,0.0,1,1
8468,545481.999833148,444068.5,0.0,0.0,1,1
8469,545481.999833148,444068.5,0.0,0.0,1,1
8470,545481.999833148,444068.5,0.0,0.0,1,1
8471,545631.999833148,444068.5,0.0,0.0,1,1
8472,545631.999833148,444068.5,0.0,0.0,1,1
8473,545631.999833148,444068.5,0.0,0.0,1,1
8474,545631.999833148,444068.5,0.0,0.0,1,1
8475,545631.999833148,444068.5,0.0,0.0,1,1
8476,545631.999833148,444068.5,0.0,0.0,1,1
8477,545776.499833148,444068.5,0.0,0.0,1,1
8478,545776.499833148,444068.5,0.0,0.0,1,1
8479,545776.499833148,444068.5,0.0,0.0,1,1
8480,545776.499833148,444068.5,0.0,0.0,1,1
8481,545776.499833148,444068.5,0.0,0.0,1,1
8482,542953.499833148,444068.5,0.0,0.0,1,1
8483,542953.499833148,444068.5,0.0,0.0,1,1
8484,542953.499833148,444068.5,0.0,0.0,1,1
8485,543480.999833148,444068.5,0.0,0.0,1,1
8486,543480.999833148,444068.5,0.0,0.0,1,1
8487,543480.999833148,444068.5,0.0,0.0,1,1
8488,543480.999833148,444068.5,0.0,0.0,1,1
8489,543480.999833148,444068.5,0.0,0.0,1,1
8490,543480.999833148,444068.5,0.0,0.0,1,1
8491,543480.999833148,444068.5,0.0,0.0,1,1
8492,543480.999833148,444068.5,0.0,0.0,1,1
8493,543480.999833148,444068.5,0.0,0.0,1,1
8494,543480.999833148,444068.5,0.0,0.0,1,1
8495,543480.999833148,444068.5,0.0,0.0,1,1
8496,543480.999833148,444068.5,0.0,0.0,1,1
8497,543480.999833148,444068.5,0.0,0.0,1,1
8498,543480.999833148,444068.5,0.0,0.0,1,1
8499,543480.999833148,444068.5,0.0,0.0,1,1
8500,543480.999833148,444068.5,0.0,0.0,1,1
8501,543480.999833148,444068.5,0.0,0.0,1,1
8502,543480.999833148,444068.5,0.0,0.0,1,1
8503,543480.999833148,444068.5,0.0,0.0,1,1
8504,543112.999833148,444068.5,0.0,0.0,1,1
8505,543112.999833148,444068.5,0.0,0.0,1,1
8506,543112.999833148,444068.5,0.0,0.0,1,1
8507,543112.999833148,444068.5,0.0,0.0,1,1
8508,543112.999833148,444068.5,0.0,0.0,1,1
8509,543130.999833148,444068.5,0.0,0.0,1,1
8510,543130.999833148,444068.5,0.0,0.0,1,1
8511,543130.999833148,444068.5,0.0,0.0,1,1
8512,543130.999833148,444068.5,0.0,0.0,1,1
8513,543130.999833148,444068.5,0.0,0.0,1,1
8514,543130.999833148,444068.5,0.0,0.0,1,1
8515,543130.999833148,444068.5,0.0,0.0,1,1
8516,543130.999833148,444068.5,0.0,0.0,1,1
8517,543130.999833148,444068.5,0.0,0.0,1,1
8518,543065.999833148,444068.5,0.0,0.0,1,1
8519,543065.999833148,444068.5,0.0,0.0,1,1
8520,543065.999833148,444068.5,0.0,0.0,1,1
8521,543065.999833148,444068.5,0.0,0.0,1,1
8522,543065.999833148,444068.5,0.0,0.0,1,1
8523,543065.999833148,444068.5,0.0,0.0,1,1
8524,543433.999833148,444068.5,0.0,0.0,1,1
8525,543433.999833148,444068.5,0.0,0.0,1,1
8526,543433.999833148,444068.5,0.0,0.0,1,1
8527,543433.999833148,444068.5,0.0,0.0,1,1
8528,543433.999833148,444068.5,0.0,0.0,1,1
8529,543433.999833148,444068.5,0.0,0.0,1,1
8530,543604.999833148,444068.5,0.0,0.0,1,1
8531,543604.999833148,444068.5,0.0,0.0,1,1
8532,543604.999833148,444068.5,0.0,0.0,1,1
8533,543604.999833148,444068.5,0.0,0.0,1,1
8534,543604.999833148,444068.5,0.0,0.0,1,1
8535,543604.999833148,444068.5,0.0,0.0,1,1
8536,543701.499833148,444068.5,0.0,0.0,1,1
8537,543701.499833148,444068.5,0.0,0.0,1,1
8538,543701.499833148,444068.5,0.0,0.0,1,1
8539,543699.499833148,444068.5,0.0,0.0,1,1
8540,543699.499833148,444068.5,0.0,0.0,1,1
8541,543699.499833148,444068.5,0.0,0.0,1,1
8542,543699.499833148,444068.5,0.0,0.0,1,1
8543,543699.499833148,444068.5,0.0,0.0,1,1
8544,543699.499833148,444068.5,0.0,0.0,1,1
8545,543699.499833148,444068.5,0.0,0.0,1,1
8546,543699.499833148,444068.5,0.0,0.0,1,1
8547,543699.499833148,444068.5,0.0,0.0,1,1
8548,543699.499833148,444068.5,0.0,0.0,1,1
8549,543699.499833148,444068.5,0.0,0.0,1,1
8550,543699.499833148,444068.5,0.0,0.0,1,1
8551,543699.499833148,444068.5,0.0,0.0,1,1
8552,543699.499833148,444068.5,0.0,0.0,1,1
8553,543699.499833148,444068.5,0.0,0.0,1,1
8554,543699.499833148,444068.5,0.0,0.0,1,1
8555,543699.499833148,444068.5,0.0,0.0,1,1
8556,543699.499833148,444068.5,0.0,0.0,1,1
8557,543699.499833148,444068.5,0.0,0.0,1,1
8558,543699.499833148,444068.5,0.0,0.0,1,1
8559,545796.499833148,444068.5,0.0,0.0,1,1
8560,545796.499833148,444068.5,0.0,0.0,1,1
8561,545796.499833148,444068.5,0.0,0.0,1,1
8562,545796.499833148,444068.5,0.0,0.0,1,1
8563,545796.499833148,444068.5,0.0,0.0,1,1
8564,545940.499833148,444068.5,0.0,0.0,1,1
8565,545940.499833148,444068.5,0.0,0.0,1,1
8566,545940.499833148,444068.5,0.0,0.0,1,1
8567,545940.499833148,444068.5,0.0,0.0,1,1
8568,545940.499833148,444068.5,0.0,0.0,1,1
8569,545940.499833148,444068.5,0.0,0.0,1,1
8570,545940.499833148,444068.5,0.0,0.0,1,1
8571,545940.499833148,444068.5,0.0,0.0,1,1
8572,545940.499833148,444068.5,0.0,0.0,1,1
8573,545940.499833148,444068.5,0.0,0.0,1,1
8574,545940.499833148,444068.5,0.0,0.0,1,1
8575,545940.499833148,444068.5,0.0,0.0,1,1
8576,545940.499833148,444068.5,0.0,0.0,1,1
8577,545940.499833148,444068.5,0.0,0.0,1,1
8578,545934.499833148,444068.5,0.0,0.0,1,1
8579,545934.499833148,444068.5,0.0,0.0,1,1
8580,545934.499833148,444068.5,0.0,0.0,1,1
8581,545934.499833148,444068.5,0.0,0.0,1,1
8582,545934.499833148,444068.5,0.0,0.0,1,1
8583,545934.499833148,444068.5,0.0,0.0,1,1
8584,545934.499833148,444068.5,0.0,0.0,1,1
8585,545934.499833148,444068.5,0.0,0.0,1,1
8586,545934.499833148,444068.5,0.0,0.0,1,1
8587,545934.499833148,444068.5,0.0,0.0,1,1
8588,545934.499833148,444068.5,0.0,0.0,1,1
8589,545934.499833148,444068.5,0.0,0.0,1,1
8590,545934.499833148,444068.5,0.0,0.0,1,1
8591,545934.499833148,444068.5,0.0,0.0,1,1
8592,545934.499833148,444068.5,0.0,0.0,1,1
8593,545934.499833148,444068.5,0.0,0.0,1,1
8594,545934.499833148,444068.5,0.0,0.0,1,1
8595,545934.499833148,444068.5,0.0,0.0,1,1
8596,546792.499666296,444068.5,0.0,0.0,1,1
8597,546792.499666296,444068.5,0.0,0.0,1,1
8598,546792.499666296,444068.5,0.0,0.0,1,1
8599,546792.499666296,444068.5,0.0,0.0,1,1
8600,546792.499666296,444068.5,0.0,0.0,1,1
8601,546792.499666296,444068.5,0.0,0.0,1,1
8602,546792.499666296,444068.5,0.0,0.0,1,1
8603,546792.499666296,444068.5,0.0,0.0,1,1
8604,546792.499666296,444068.5,0.0,0.0,1,1
8605,546792.499666296,444068.5,0.0,0.0,1,1
8606,546792.499666296,444068.5,0.0,0.0,1,1
8607,546792.499666296,444068.5,0.0,0.0,1,1
8608,546792.499666296,444068.5,0.0,0.0,1,1
8609,547719.0,444068.5,0.0,0.0,1,1
8610,547719.0,444068.5,0.0,0.0,1,1
8611,547719.0,444068.5,0.0,0.0,1,1
8612,547719.0,444068.5,0.0,0.0,1,1
8613,547719.0,444068.5,0.0,0.0,1,1
8614,547719.0,444068.5,0.0,0.0,1,1
8615,547719.0,444068.5,0.0,0.0,1,1
8616,547719.0,444068.5,0.0,0.0,1,1
8617,547719.0,444068.5,0.0,0.0,1,1
8618,547719.0,444068.5,0.0,0.0,1,1
8619,547719.0,444068.5,0.0,0.0,1,1
8620,547719.0,444068.5,0.0,0.0,1,1
8621,547719.0,444068.5,0.0,0.0,1,1
8622,547719.0,444068.5,0.0,0.0,1,1
8623,547959.0,444068.5,0.0,0.0,1,1
8624,548201.5,444068.5,0.0,0.0,1,1
8625,548201.5,444068.5,0.0,0.0,1,1
8626,548201.5,444068.5,0.0,0.0,1,1
8627,548201.5,444068.5,0.0,0.0,1,1
8628,548201.5,444068.5,0.0,0.0,1,1
8629,548201.5,444068.5,0.0,0.0,1,1
8630,548201.5,444068.5,0.0,0.0,1,1
8631,548201.5,444068.5,0.0,0.0,1,1
8632,548102.0,444068.5,0.0,0.0,1,1
8633,548102.0,444068.5,0.0,0.0,1,1
8634,547521.0,444068.5,0.0,0.0,1,1
8635,547521.0,444068.5,0.0,0.0,1,1
8636,547521.0,444068.5,0.0,0.0,1,1
8637,547521.0,444068.5,0.0,0.0,1,1
8638,547521.0,444068.5,0.0,0.0,1,1
8639,547521.0,444068.5,0.0,0.0,1,1
8640,547521.0,444068.5,0.0,0.0,1,1
8641,547521.0,444068.5,0.0,0.0,1,1
8642,547458.0,444068.5,0.0,0.0,1,1
8643,547458.0,444068.5,0.0,0.0,1,1
8644,547458.0,444068.5,0.0,0.0,1,1
8645,547458.0,444068.5,0.0,0.0,1,1
8646,547893.5,444068.5,0.0,0.0,1,1
8647,547893.5,444068.5,0.0,0.0,1,1
8648,547893.5,444068.5,0.0,0.0,1,1
8649,547893.5,444068.5,0.0,0.0,1,1
8650,547893.5,444068.5,0.0,0.0,1,1
8651,547893.5,444068.5,0.0,0.0,1,1
8652,547893.5,444068.5,0.0,0.0,1,1
8653,547893.5,444068.5,0.0,0.0,1,1
8654,547893.5,444068.5,0.0,0.0,1,1
8655,547893.5,444068.5,0.0,0.0,1,1
8656,547893.5,444068.5,0.0,0.0,1,1
8657,547400.0,444068.5,0.0,0.0,1,1
8658,547400.0,444068.5,0.0,0.0,1,1
8659,547400.0,444068.5,0.0,0.0,1,1
8660,547400.0,444068.5,0.0,0.0,1,1
8661,547400.0,444068.5,0.0,0.0,1,1
8662,547400.0,444068.5,0.0,0.0,1,1
8663,547400.0,444068.5,0.0,0.0,1,1
8664,547400.0,444068.5,0.0,0.0,1,1
8665,547400.0,444068.5,0.0,0.0,1,1
8666,547400.0,444068.5,0.0,0.0,1,1
8667,547400.0,444068.5,0.0,0.0,1,1
8668,547400.0,444068.5,0.0,0.0,1,1
8669,547400.0,444068.5,0.0,0.0,1,1
8670,547400.0,444068.5,0.0,0.0,1,1
8671,547400.0,444068.5,0.0,0.0,1,1
8672,547400.0,444068.5,0.0,0.0,1,1
8673,547400.0,444068.5,0.0,0.0,1,1
8674,547400.0,444068.5,0.0,0.0,1,1
8675,547400.0,444068.5,0.0,0.0,1,1
8676,547400.0,444068.5,0.0,0.0,1,1
8677,547495.5,444068.5,0.0,0.0,1,1
8678,547495.5,444068.5,0.0,0.0,1,1
8679,547495.5,444068.5,0.0,0.0,1,1
8680,547495.5,444068.5,0.0,0.0,1,1
8681,547495.5,444068.5,0.0,0.0,1,1
8682,547495.5,444068.5,0.0,0.0,1,1
8683,547456.0,444068.5,0.0,0.0,1,1
8684,547456.0,444068.5,0.0,0.0,1,1
8685,547456.0,444068.5,0.0,0.0,1,1
8686,547456.0,444068.5,0.0,0.0,1,1
8687,547456.0,444068.5,0.0,0.0,1,1
8688,547456.0,444068.5,0.0,0.0,1,1
8689,547456.0,444068.5,0.0,0.0,1,1
8690,547456.0,444068.5,0.0,0.0,1,1
8691,547456.0,444068.5,0.0,0.0,1,1
8692,547456.0,444068.5,0.0,0.0,1,1
8693,547456.0,444068.5,0.0,0.0,1,1
8694,547456.0,444068.5,0.0,0.0,1,1
8695,547411.5,444068.5,0.0,0.0,1,1
8696,547411.5,444068.5,0.0,0.0,1,1
8697,547411.5,444068.5,0.0,0.0,1,1
8698,547411.5,444068.5,0.0,0.0,1,1
8699,547411.5,444068.5,0.0,0.0,1,1
8700,547411.5,444068.5,0.0,0.0,1,1
8701,547411.5,444068.5,0.0,0.0,1,1
8702,547411.5,444068.5,0.0,0.0,1,1
8703,547411.5,444068.5,0.0,0.0,1,1
8704,547411.5,444068.5,0.0,0.0,1,1
8705,547411.5,444068.5,0.0,0.0,1,1
8706,547411.5,444068.5,0.0,0.0,1,1
8707,547411.5,444068.5,0.0,0.0,1,1
8708,547411.5,444068.5,0.0,0.0,1,1
8709,547411.5,444068.5,0.0,0.0,1,1
8710,547411.5,444068.5,0.0,0.0,1,1
8711,547979.0,444068.5,0.0,0.0,1,1
8712,547979.0,444068.5,0.0,0.0,1,1
8713,547979.0,444068.5,0.0,0.0,1,1
8714,547979.0,444068.5,0.0,0.0,1,1
8715,547979.0,444068.5,0.0,0.0,1,1
8716,547979.0,444068.5,0.0,0.0,1,1
8717,547979.0,444068.5,0.0,0.0,1,1
8718,547979.0,444068.5,0.0,0.0,1,1
8719,547979.0,444068.5,0.0,0.0,1,1
8720,547979.0,444068.5,0.0,0.0,1,1
8721,547979.0,444068.5,0.0,0.0,1,1
8722,547979.0,444068.5,0.0,0.0,1,1
8723,547979.0,444068.5,0.0,0.0,1,1
8724,548002.5,444068.5,0.0,0.0,1,1
8725,548002.5,444068.5,0.0,0.0,1,1
8726,548002.5,444068.5,0.0,0.0,1,1
8727,548002.5,444068.5,0.0,0.0,1,1
8728,548002.5,444068.5,0.0,0.0,1,1
8729,548002.5,444068.5,0.0,0.0,1,1
8730,548002.5,444068.5,0.0,0.0,1,1
8731,548002.5,444068.5,0.0,0.0,1,1
8732,548002.5,444068.5,0.0,0.0,1,1
8733,548002.5,444068.5,0.0,0.0,1,1
8734,548002.5,444068.5,0.0,0.0,1,1
8735,548002.5,444068.5,0.0,0.0,1,1
8736,551426.0,444068.5,0.0,0.0,1,1
8737,551426.0,444068.5,0.0,0.0,1,1
8738,551426.0,444068.5,0.0,0.0,1,1
8739,551426.0,444068.5,0.0,0.0,1,1
8740,551426.0,444068.5,0.0,0.0,1,1
8741,551426.0,444068.5,0.0,0.0,1,1
8742,551426.0,444068.5,0.0,0.0,1,1
8743,551426.0,444068.5,0.0,0.0,1,1
8744,551426.0,444068.5,0.0,0.0,1,1
8745,551426.0,444068.5,0.0,0.0,1,1
8746,551426.0,444068.5,0.0,0.0,1,1
8747,551426.0,444068.5,0.0,0.0,1,1
8748,551426.0,444068.5,0.0,0.0,1,1
8749,551426.0,444068.5,0.0,0.0,1,1
8750,551426.0,444068.5,0.0,0.0,1,1
8751,553360.5,444068.5,0.0,0.0,1,1
8752,553360.5,444068.5,0.0,0.0,1,1
8753,553360.5,444068.5,0.0,0.0,1,1
8754,553360.5,444068.5,0.0,0.0,1,1
8755,553360.5,444068.5,0.0,0.0,1,1
8756,553368.0,444068.5,0.0,0.0,1,1
8757,553368.0,444068.5,0.0,0.0,1,1
8758,553368.0,444068.5,0.0,0.0,1,1
8759,553368.0,444068.5,0.0,0.0,1,1
8760,553368.0,444068.5,0.0,0.0,1,1
8761,553368.0,444068.5,0.0,0.0,1,1
8762,553368.0,444068.5,0.0,0.0,1,1
8763,553368.0,444068.5,0.0,0.0,1,1
8764,553360.5,444068.5,0.0,0.0,1,1
8765,553360.5,444068.5,0.0,0.0,1,1
8766,553360.5,444068.5,0.0,0.0,1,1
8767,553360.5,444068.5,0.0,0.0,1,1
8768,553360.5,444068.5,0.0,0.0,1,1
8769,552413.0,444068.5,0.0,0.0,1,1
8770,552413.0,444068.5,0.0,0.0,1,1
8771,552413.0,444068.5,0.0,0.0,1,1
8772,552413.0,444068.5,0.0,0.0,1,1
8773,552413.0,444068.5,0.0,0.0,1,1
8774,552413.0,444068.5,0.0,0.0,1,1
8775,552413.0,444068.5,0.0,0.0,1,1
8776,552413.0,444068.5,0.0,0.0,1,1
8777,552413.0,444068.5,0.0,0.0,1,1
8778,552413.0,444068.5,0.0,0.0,1,1
8779,552413.0,444068.5,0.0,0.0,1,1
8780,552413.0,444068.5,0.0,0.0,1,1
8781,552413.0,444068.5,0.0,0.0,1,1
8782,552413.0,444068.5,0.0,0.0,1,1
8783,552413.0,444068.5,0.0,0.0,1,1
8784,552413.0,444068.5,0.0,0.0,1,1
8785,552413.0,444068.5,0.0,0.0,1,1
8786,552413.0,444068.5,0.0,0.0,1,1
8787,552413.0,444068.5,0.0,0.0,1,1
8788,552413.0,444068.5,0.0,0.0,1,1
8789,552413.0,444068.5,0.0,0.0,1,1
8790,552413.0,444068.5,0.0,0.0,1,1
8791,552413.0,444068.5,0.0,0.0,1,1
8792,552413.0,444068.5,0.0,0.0,1,1
8793,552413.0,444068.5,0.0,0.0,1,1
8794,552413.0,444068.5,0.0,0.0,1,1
8795,552413.0,444068.5,0.0,0.0,1,1
8796,552413.0,444068.5,0.0,0.0,1,1
8797,552413.0,444068.5,0.0,0.0,1,1
8798,552413.0,444068.5,0.0,0.0,1,1
8799,552413.0,444068.5,0.0,0.0,1,1
8800,552413.0,444068.5,0.0,0.0,1,1
8801,552413.0,444068.5,0.0,0.0,1,1
8802,552413.0,444068.5,0.0,0.0,1,1
8803,552413.0,444068.5,0.0,0.0,1,1
8804,552413.0,444068.5,0.0,0.0,1,1
8805,552413.0,444068.5,0.0,0.0,1,1
8806,552413.0,444068.5,0.0,0.0,1,1
8807,552413.0,444068.5,0.0,0.0,1,1
8808,552413.0,444068.5,0.0,0.0,1,1
8809,550952.999833148,444068.5,0.0,0.0,1,1
8810,550952.999833148,444068.5,0.0,0.0,1,1
8811,550952.999833148,444068.5,0.0,0.0,1,1
8812,550952.999833148,444068.5,0.0,0.0,1,1
8813,550952.999833148,444068.5,0.0,0.0,1,1
8814,550952.999833148,444068.5,0.0,0.0,1,1
8815,550952.999833148,444068.5,0.0,0.0,1,1
8816,550887.999833148,444068.5,0.0,0.0,1,1
8817,550887.999833148,444068.5,0.0,0.0,1,1
8818,550887.999833148,444068.5,0.0,0.0,1,1
8819,550887.999833148,444068.5,0.0,0.0,1,1
8820,550887.999833148,444068.5,0.0,0.0,1,1
8821,550887.999833148,444068.5,0.0,0.0,1,1
8822,550887.999833148,444068.5,0.0,0.0,1,1
8823,550887.999833148,444068.5,0.0,0.0,1,1
8824,550887.999833148,444068.5,0.0,0.0,1,1
8825,550887.999833148,444068.5,0.0,0.0,1,1
8826,550887.999833148,444068.5,0.0,0.0,1,1
8827,550887.999833148,444068.5,0.0,0.0,1,1
8828,550887.999833148,444068.5,0.0,0.0,1,1
8829,550887.999833148,444068.5,0.0,0.0,1,1
8830,550887.999833148,444068.5,0.0,0.0,1,1
8831,550887.999833148,444068.5,0.0,0.0,1,1
8832,550883.999666296,444068.5,0.0,0.0,1,1
8833,550883.999666296,444068.5,0.0,0.0,1,1
8834,550883.999666296,444068.5,0.0,0.0,1,1
8835,550883.999666296,444068.5,0.0,0.0,1,1
8836,551159.999666296,444068.5,0.0,0.0,1,1
8837,551159.999666296,444068.5,0.0,0.0,1,1
8838,551159.999666296,444068.5,0.0,0.0,1,1
8839,551159.999666296,444068.5,0.0,0.0,1,1
8840,551159.999666296,444068.5,0.0,0.0,1,1
8841,551159.999666296,444068.5,0.0,0.0,1,1
8842,551159.999666296,444068.5,0.0,0.0,1,1
8843,551159.999666296,444068.5,0.0,0.0,1,1
8844,551159.999666296,444068.5,0.0,0.0,1,1
8845,551159.999666296,444068.5,0.0,0.0,1,1
8846,551159.999666296,444068.5,0.0,0.0,1,1
8847,551159.999666296,444068.5,0.0,0.0,1,1
8848,551303.999666296,444068.5,0.0,0.0,1,1
8849,551303.999666296,444068.5,0.0,0.0,1,1
8850,551303.999666296,444068.5,0.0,0.0,1,1
8851,551303.999666296,444068.5,0.0,0.0,1,1
8852,551303.999666296,444068.5,0.0,0.0,1,1
8853,551303.999666296,444068.5,0.0,0.0,1,1
8854,551303.999666296,444068.5,0.0,0.0,1,1
8855,551303.999666296,444068.5,0.0,0.0,1,1
8856,551303.999666296,444068.5,0.0,0.0,1,1
8857,551303.999666296,444068.5,0.0,0.0,1,1
8858,551474.0,444068.5,0.0,0.0,1,1
8859,551474.0,444068.5,0.0,0.0,1,1
8860,551474.0,444068.5,0.0,0.0,1,1
8861,551474.0,444068.5,0.0,0.0,1,1
8862,551474.0,444068.5,0.0,0.0,1,1
8863,551474.0,444068.5,0.0,0.0,1,1
8864,551474.0,444068.5,0.0,0.0,1,1
8865,551474.0,444068.5,0.0,0.0,1,1
8866,551474.0,444068.5,0.0,0.0,1,1
8867,551474.0,444068.5,0.0,0.0,1,1
8868,551474.0,444068.5,0.0,0.0,1,1
8869,551474.0,444068.5,0.0,0.0,1,1
8870,551474.0,444068.5,0.0,0.0,1,1
8871,551474.0,444068.5,0.0,0.0,1,1
8872,551474.0,444068.5,0.0,0.0,1,1
8873,551474.0,444068.5,0.0,0.0,1,1
8874,551474.0,444068.5,0.0,0.0,1,1
8875,551955.0,444068.5,0.0,0.0,1,1
8876,553075.999833148,444068.5,0.0,0.0,1,1
8877,553075.999833148,444068.5,0.0,0.0,1,1
8878,553075.999833148,444068.5,0.0,0.0,1,1
8879,553075.999833148,444068.5,0.0,0.0,1,1
8880,553075.999833148,444068.5,0.0,0.0,1,1
8881,553075.999833148,444068.5,0.0,0.0,1,1
8882,553075.999833148,444068.5,0.0,0.0,1,1
8883,553075.999833148,444068.5,0.0,0.0,1,1
8884,553075.999833148,444068.5,0.0,0.0,1,1
8885,553075.999833148,444068.5,0.0,0.0,1,1
8886,553075.999833148,444068.5,0.0,0.0,1,1
8887,553075.999833148,444068.5,0.0,0.0,1,1
8888,553075.999833148,444068.5,0.0,0.0,1,1
8889,553075.999833148,444068.5,0.0,0.0,1,1
8890,553075.999833148,444068.5,0.0,0.0,1,1
8891,553075.999833148,444068.5,0.0,0.0,1,1
8892,553075.999833148,444068.5,0.0,0.0,1,1
8893,553075.999833148,444068.5,0.0,0.0,1,1
8894,553075.999833148,444068.5,0.0,0.0,1,1
8895,553075.999833148,444068.5,0.0,0.0,1,1
8896,553075.999833148,444068.5,0.0,0.0,1,1
8897,553075.999833148,444068.5,0.0,0.0,1,1
8898,553113.499833148,444068.5,0.0,0.0,1,1
8899,553144.999833148,444068.5,0.0,0.0,1,1
8900,553144.999833148,444068.5,0.0,0.0,1,1
8901,553144.999833148,444068.5,0.0,0.0,1,1
8902,553144.999833148,444068.5,0.0,0.0,1,1
8903,553144.999833148,444068.5,0.0,0.0,1,1
8904,553144.999833148,444068.5,0.0,0.0,1,1
8905,553144.999833148,444068.5,0.0,0.0,1,1
8906,553208.999833148,444068.5,0.0,0.0,1,1
8907,553208.999833148,444068.5,0.0,0.0,1,1
8908,553208.999833148,444068.5,0.0,0.0,1,1
8909,553208.999833148,444068.5,0.0,0.0,1,1
8910,553208.999833148,444068.5,0.0,0.0,1,1
8911,553208.999833148,444068.5,0.0,0.0,1,1
8912,553050.9994994439,444068.5,0.0,0.0,1,1
8913,553050.9994994439,444068.5,0.0,0.0,1,1
8914,553050.9994994439,444068.5,0.0,0.0,1,1
8915,553876.4991657399,444068.5,0.0,0.0,1,1
8916,553876.4991657399,444068.5,0.0,0.0,1,1
8917,553876.4991657399,444068.5,0.0,0.0,1,1
8918,553876.4991657399,444068.5,0.0,0.0,1,1
8919,553876.4991657399,444068.5,0.0,0.0,1,1
8920,553876.4991657399,444068.5,0.0,0.0,1,1
8921,553327.4991657399,444068.5,0.0,0.0,1,1
8922,553474.4993325919,444068.5,0.0,0.0,1,1
8923,553474.4993325919,444068.5,0.0,0.0,1,1
8924,553474.4993325919,444068.5,0.0,0.0,1,1
8925,553474.4993325919,444068.5,0.0,0.0,1,1
8926,553474.4993325919,444068.5,0.0,0.0,1,1
8927,553474.4993325919,444068.5,0.0,0.0,1,1
8928,553688.9994994439,444068.5,0.0,0.0,1,1
8929,553688.9994994439,444068.5,0.0,0.0,1,1
8930,553688.9994994439,444068.5,0.0,0.0,1,1
8931,553688.9994994439,444068.5,0.0,0.0,1,1
8932,553688.9994994439,444068.5,0.0,0.0,1,1
8933,553688.9994994439,444068.5,0.0,0.0,1,1
8934,553688.9994994439,444068.5,0.0,0.0,1,1
8935,553688.9994994439,444068.5,0.0,0.0,1,1
8936,553688.9994994439,444068.5,0.0,0.0,1,1
8937,553688.9994994439,444068.5,0.0,0.0,1,1
8938,553688.9994994439,444068.5,0.0,0.0,1,1
8939,553688.9994994439,444068.5,0.0,0.0,1,1
8940,553688.9994994439,444068.5,0.0,0.0,1,1
8941,553688.9994994439,444068.5,0.0,0.0,1,1
8942,553688.9994994439,444068.5,0.0,0.0,1,1
8943,553688.9994994439,444068.5,0.0,0.0,1,1
8944,553688.9994994439,444068.5,0.0,0.0,1,1
8945,553688.9994994439,444068.5,0.0,0.0,1,1
8946,553688.9994994439,444068.5,0.0,0.0,1,1
8947,553688.9994994439,444068.5,0.0,0.0,1,1
8948,553688.9994994439,444068.5,0.0,0.0,1,1
8949,553688.9994994439,444068.5,0.0,0.0,1,1
8950,553688.9994994439,444068.5,0.0,0.0,1,1
8951,553688.9994994439,444068.5,0.0,0.0,1,1
8952,553688.9994994439,444068.5,0.0,0.0,1,1
8953,553688.9994994439,444068.5,0.0,0.0,1,1
8954,553688.9994994439,444068.5,0.0,0.0,1,1
8955,553688.9994994439,444068.5,0.0,0.0,1,1
8956,553688.9994994439,444068.5,0.0,0.0,1,1
8957,553688.9994994439,444068.5,0.0,0.0,1,1
8958,553688.9994994439,444068.5,0.0,0.0,1,1
8959,553688.9994994439,444068.5,0.0,0.0,1,1
8960,553688.9994994439,444068.5,0.0,0.0,1,1
8961,553688.9994994439,444068.5,0.0,0.0,1,1
8962,553688.9994994439,444068.5,0.0,0.0,1,1
8963,553688.9994994439,444068.5,0.0,0.0,1,1
8964,553688.9994994439,444068.5,0.0,0.0,1,1
8965,553688.9994994439,444068.5,0.0,0.0,1,1
8966,553641.499666296,444068.5,0.0,0.0,1,1
8967,553641.499666296,444068.5,0.0,0.0,1,1
8968,553641.499666296,444068.5,0.0,0.0,1,1
8969,553641.499666296,444068.5,0.0,0.0,1,1
8970,553641.499666296,444068.5,0.0,0.0,1,1
8971,553641.499666296,444068.5,0.0,0.0,1,1
8972,553641.499666296,444068.5,0.0,0.0,1,1
8973,553641.499666296,444068.5,0.0,0.0,1,1
8974,553641.499666296,444068.5,0.0,0.0,1,1
8975,553641.499666296,444068.5,0.0,0.0,1,1
8976,553641.499666296,444068.5,0.0,0.0,1,1
8977,553641.499666296,444068.5,0.0,0.0,1,1
8978,553641.499666296,444068.5,0.0,0.0,1,1
8979,553641.499666296,444068.5,0.0,0.0,1,1
8980,553641.499666296,444068.5,0.0,0.0,1,1
8981,553641.499666296,444068.5,0.0,0.0,1,1
8982,553641.499666296,444068.5,0.0,0.0,1,1
8983,553641.499666296,444068.5,0.0,0.0,1,1
8984,553641.499666296,444068.5,0.0,0.0,1,1
8985,553641.499666296,444068.5,0.0,0.0,1,1
8986,553641.499666296,444068.5,0.0,0.0,1,1
8987,553641.499666296,444068.5,0.0,0.0,1,1
8988,553641.499666296,444068.5,0.0,0.0,1,1
8989,553641.499666296,444068.5,0.0,0.0,1,1
8990,553641.499666296,444068.5,0.0,0.0,1,1
8991,553641.499666296,444068.5,0.0,0.0,1,1
8992,553641.499666296,444068.5,0.0,0.0,1,1
8993,553641.499666296,444068.5,0.0,0.0,1,1
8994,553641.499666296,444068.5,0.0,0.0,1,1
8995,553641.499666296,444068.5,0.0,0.0,1,1
8996,553641.499666296,444068.5,0.0,0.0,1,1
8997,553641.499666296,444068.5,0.0,0.0,1,1
8998,553641.499666296,444068.5,0.0,0.0,1,1
8999,553641.499666296,444068.5,0.0,0.0,1,1
9000,553641.499666296,444068.5,0.0,0.0,1,1
9001,553641.499666296,444068.5,0.0,0.0,1,1
9002,553641.499666296,444068.5,0.0,0.0,1,1
9003,553641.499666296,444068.5,0.0,0.0,1,1
9004,553641.499666296,444068.5,0.0,0.0,1,1
9005,553641.499666296,444068.5,0.0,0.0,1,1
9006,553641.499666296,444068.5,0.0,0.0,1,1
9007,553641.499666296,444068.5,0.0,0.0,1,1
9008,553641.499666296,444068.5,0.0,0.0,1,1
9009,553601.499666296,444068.5,0.0,0.0,1,1
9010,553601.499666296,444068.5,0.0,0.0,1,1
9011,553601.499666296,444068.5,0.0,0.0,1,1
9012,553601.499666296,444068.5,0.0,0.0,1,1
9013,553601.499666296,444068.5,0.0,0.0,1,1
9014,553615.499666296,444068.5,0.0,0.0,1,1
9015,553615.499666296,444068.5,0.0,0.0,1,1
9016,554056.499666296,444068.5,0.0,0.0,1,1
9017,554056.499666296,444068.5,0.0,0.0,1,1
9018,554056.499666296,444068.5,0.0,0.0,1,1
9019,554056.499666296,444068.5,0.0,0.0,1,1
9020,554076.499666296,444068.5,0.0,0.0,1,1
9021,554076.499666296,444068.5,0.0,0.0,1,1
9022,554076.499666296,444068.5,0.0,0.0,1,1
9023,554076.499666296,444068.5,0.0,0.0,1,1
9024,554076.499666296,444068.5,0.0,0.0,1,1
9025,554076.499666296,444068.5,0.0,0.0,1,1
9026,554076.499666296,444068.5,0.0,0.0,1,1
9027,554076.499666296,444068.5,0.0,0.0,1,1
9028,554076.499666296,444068.5,0.0,0.0,1,1
9029,554056.499666296,444068.5,0.0,0.0,1,1
9030,554056.499666296,444068.5,0.0,0.0,1,1
9031,554056.499666296,444068.5,0.0,0.0,1,1
9032,554056.499666296,444068.5,0.0,0.0,1,1
9033,554056.499666296,444068.5,0.0,0.0,1,1
9034,554056.499666296,444068.5,0.0,0.0,1,1
9035,554056.499666296,444068.5,0.0,0.0,1,1
9036,554056.499666296,444068.5,0.0,0.0,1,1
9037,554056.499666296,444068.5,0.0,0.0,1,1
9038,553817.999666296,444068.5,0.0,0.0,1,1
9039,553817.999666296,444068.5,0.0,0.0,1,1
9040,553817.999666296,444068.5,0.0,0.0,1,1
9041,553817.999666296,444068.5,0.0,0.0,1,1
9042,553817.999666296,444068.5,0.0,0.0,1,1
9043,553817.999666296,444068.5,0.0,0.0,1,1
9044,553817.999666296,444068.5,0.0,0.0,1,1
9045,553817.999666296,444068.5,0.0,0.0,1,1
9046,553817.999666296,444068.5,0.0,0.0,1,1
9047,553817.999666296,444068.5,0.0,0.0,1,1
9048,553817.999666296,444068.5,0.0,0.0,1,1
9049,553636.4994994439,444068.5,0.0,0.0,1,1
9050,553636.4994994439,444068.5,0.0,0.0,1,1
9051,553636.4994994439,444068.5,0.0,0.0,1,1
9052,554243.999833148,444068.5,0.0,0.0,1,1
9053,554243.999833148,444068.5,0.0,0.0,1,1
9054,554243.999833148,444068.5,0.0,0.0,1,1
9055,554243.999833148,444068.5,0.0,0.0,1,1
9056,554243.999833148,444068.5,0.0,0.0,1,1
9057,554243.999833148,444068.5,0.0,0.0,1,1
9058,554243.999833148,444068.5,0.0,0.0,1,1
9059,554243.999833148,444068.5,0.0,0.0,1,1
9060,554243.999833148,444068.5,0.0,0.0,1,1
9061,554243.999833148,444068.5,0.0,0.0,1,1
9062,554243.999833148,444068.5,0.0,0.0,1,1
9063,554243.999833148,444068.5,0.0,0.0,1,1
9064,554243.999833148,444068.5,0.0,0.0,1,1
9065,554243.999833148,444068.5,0.0,0.0,1,1
9066,554779.999833148,444068.5,0.0,0.0,1,1
9067,554772.999833148,444068.5,0.0,0.0,1,1
9068,554772.999833148,444068.5,0.0,0.0,1,1
9069,554772.999833148,444068.5,0.0,0.0,1,1
9070,554772.999833148,444068.5,0.0,0.0,1,1
9071,554772.999833148,444068.5,0.0,0.0,1,1
9072,554772.999833148,444068.5,0.0,0.0,1,1
9073,554772.999833148,444068.5,0.0,0.0,1,1
9074,554772.999833148,444068.5,0.0,0.0,1,1
9075,554772.999833148,444068.5,0.0,0.0,1,1
9076,554772.999833148,444068.5,0.0,0.0,1,1
9077,554772.999833148,444068.5,0.0,0.0,1,1
9078,554772.999833148,444068.5,0.0,0.0,1,1
9079,554772.999833148,444068.5,0.0,0.0,1,1
9080,554772.999833148,444068.5,0.0,0.0,1,1
9081,554772.999833148,444068.5,0.0,0.0,1,1
9082,554772.999833148,444068.5,0.0,0.0,1,1
9083,554772.999833148,444068.5,0.0,0.0,1,1
9084,554825.999833148,444068.5,0.0,0.0,1,1
9085,554825.999833148,444068.5,0.0,0.0,1,1
9086,554825.999833148,444068.5,0.0,0.0,1,1
9087,554825.999833148,444068.5,0.0,0.0,1,1
9088,554825.999833148,444068.5,0.0,0.0,1,1
9089,554825.999833148,444068.5,0.0,0.0,1,1
9090,554825.999833148,444068.5,0.0,0.0,1,1
9091,554825.999833148,444068.5,0.0,0.0,1,1
9092,554825.999833148,444068.5,0.0,0.0,1,1
9093,554825.999833148,444068.5,0.0,0.0,1,1
9094,554825.999833148,444068.5,0.0,0.0,1,1
9095,555507.0,444068.5,0.0,0.0,1,1
9096,555507.0,444068.5,0.0,0.0,1,1
9097,555507.0,444068.5,0.0,0.0,1,1
9098,555507.0,444068.5,0.0,0.0,1,1
9099,555507.0,444068.5,0.0,0.0,1,1
9100,555507.0,444068.5,0.0,0.0,1,1
9101,555507.0,444068.5,0.0,0.0,1,1
9102,555507.0,444068.5,0.0,0.0,1,1
9103,555507.0,444068.5,0.0,0.0,1,1
9104,555507.0,444068.5,0.0,0.0,1,1
9105,555507.0,444068.5,0.0,0.0,1,1
9106,555507.0,444068.5,0.0,0.0,1,1
9107,555507.0,444068.5,0.0,0.0,1,1
9108,555507.0,444068.5,0.0,0.0,1,1
9109,554914.5,444068.5,0.0,0.0,1,1
9110,554914.5,444068.5,0.0,0.0,1,1
9111,554914.5,444068.5,0.0,0.0,1,1
9112,554914.5,444068.5,0.0,0.0,1,1
9113,554914.5,444068.5,0.0,0.0,1,1
9114,554914.5,444068.5,0.0,0.0,1,1
9115,554914.5,444068.5,0.0,0.0,1,1
9116,554914.5,444068.5,0.0,0.0,1,1
9117,554914.5,444068.5,0.0,0.0,1,1
9118,554914.5,444068.5,0.0,0.0,1,1
9119,554914.5,444068.5,0.0,0.0,1,1
9120,554914.5,444068.5,0.0,0.0,1,1
9121,554914.5,444068.5,0.0,0.0,1,1
9122,554914.5,444068.5,0.0,0.0,1,1
9123,554914.5,444068.5,0.0,0.0,1,1
9124,554914.5,444068.5,0.0,0.0,1,1
9125,554914.5,444068.5,0.0,0.0,1,1
9126,554914.5,444068.5,0.0,0.0,1,1
9127,554528.0,444068.5,0.0,0.0,1,1
9128,554528.0,444068.5,0.0,0.0,1,1
9129,554528.0,444068.5,0.0,0.0,1,1
9130,554528.0,444068.5,0.0,0.0,1,1
9131,554528.0,444068.5,0.0,0.0,1,1
9132,554528.0,444068.5,0.0,0.0,1,1
9133,554528.0,444068.5,0.0,0.0,1,1
9134,554528.0,444068.5,0.0,0.0,1,1
9135,554528.0,444068.5,0.0,0.0,1,1
9136,554528.0,444068.5,0.0,0.0,1,1
9137,554528.0,444068.5,0.0,0.0,1,1
9138,554528.0,444068.5,0.0,0.0,1,1
9139,554528.0,444068.5,0.0,0.0,1,1
9140,554528.0,444068.5,0.0,0.0,1,1
9141,554528.0,444068.5,0.0,0.0,1,1
9142,554528.0,444068.5,0.0,0.0,1,1
9143,554528.0,444068.5,0.0,0.0,1,1
9144,554528.0,444068.5,0.0,0.0,1,1
9145,554528.0,444068.5,0.0,0.0,1,1
9146,554528.0,444068.5,0.0,0.0,1,1
9147,554392.5,444068.5,0.0,0.0,1,1
9148,554392.5,444068.5,0.0,0.0,1,1
9149,554392.5,444068.5,0.0,0.0,1,1
9150,554392.5,444068.5,0.0,0.0,1,1
9151,554392.5,444068.5,0.0,0.0,1,1
9152,554296.999833148,444068.5,0.0,0.0,1,1
9153,554296.999833148,444068.5,0.0,0.0,1,1
9154,554296.999833148,444068.5,0.0,0.0,1,1
9155,554296.999833148,444068.5,0.0,0.0,1,1
9156,554296.999833148,444068.5,0.0,0.0,1,1
9157,554296.999833148,444068.5,0.0,0.0,1,1
9158,554296.999833148,444068.5,0.0,0.0,1,1
9159,554296.999833148,444068.5,0.0,0.0,1,1
9160,554296.999833148,444068.5,0.0,0.0,1,1
9161,554296.999833148,444068.5,0.0,0.0,1,1
9162,554296.999833148,444068.5,0.0,0.0,1,1
9163,554296.999833148,444068.5,0.0,0.0,1,1
9164,554296.999833148,444068.5,0.0,0.0,1,1
9165,554296.999833148,444068.5,0.0,0.0,1,1
9166,554764.999833148,444068.5,0.0,0.0,1,1
9167,554764.999833148,444068.5,0.0,0.0,1,1
9168,554764.999833148,444068.5,0.0,0.0,1,1
9169,554764.999833148,444068.5,0.0,0.0,1,1
9170,554764.999833148,444068.5,0.0,0.0,1,1
9171,554764.999833148,444068.5,0.0,0.0,1,1
9172,554764.999833148,444068.5,0.0,0.0,1,1
9173,554764.999833148,444068.5,0.0,0.0,1,1
9174,554764.999833148,444068.5,0.0,0.0,1,1
9175,554764.999833148,444068.5,0.0,0.0,1,1
9176,554764.999833148,444068.5,0.0,0.0,1,1
9177,554764.999833148,444068.5,0.0,0.0,1,1
9178,554764.999833148,444068.5,0.0,0.0,1,1
9179,554764.999833148,444068.5,0.0,0.0,1,1
9180,554764.999833148,444068.5,0.0,0.0,1,1
9181,554764.999833148,444068.5,0.0,0.0,1,1
9182,554764.999833148,444068.5,0.0,0.0,1,1
9183,554764.999833148,444068.5,0.0,0.0,1,1
9184,554764.999833148,444068.5,0.0,0.0,1,1
9185,554764.999833148,444068.5,0.0,0.0,1,1
9186,554764.999833148,444068.5,0.0,0.0,1,1
9187,554764.999833148,444068.5,0.0,0.0,1,1
9188,554764.999833148,444068.5,0.0,0.0,1,1
9189,554764.999833148,444068.5,0.0,0.0,1,1
9190,554764.999833148,444068.5,0.0,0.0,1,1
9191,554789.999833148,444068.5,0.0,0.0,1,1
9192,554789.999833148,444068.5,0.0,0.0,1,1
9193,554789.999833148,444068.5,0.0,0.0,1,1
9194,554789.999833148,444068.5,0.0,0.0,1,1
9195,554789.999833148,444068.5,0.0,0.0,1,1
9196,554789.999833148,444068.5,0.0,0.0,1,1
9197,554789.999833148,444068.5,0.0,0.0,1,1
9198,554789.999833148,444068.5,0.0,0.0,1,1
9199,554789.999833148,444068.5,0.0,0.0,1,1
9200,554789.999833148,444068.5,0.0,0.0,1,1
9201,554789.999833148,444068.5,0.0,0.0,1,1
9202,554789.999833148,444068.5,0.0,0.0,1,1
9203,554789.999833148,444068.5,0.0,0.0,1,1
9204,554789.999833148,444068.5,0.0,0.0,1,1
9205,555058.4994994439,444068.5,0.0,0.0,1,1
9206,555058.4994994439,444068.5,0.0,0.0,1,1
9207,555058.4994994439,444068.5,0.0,0.0,1,1
9208,555058.4994994439,444068.5,0.0,0.0,1,1
9209,555058.4994994439,444068.5,0.0,0.0,1,1
9210,555058.4994994439,444068.5,0.0,0.0,1,1
9211,555058.4994994439,444068.5,0.0,0.0,1,1
9212,555058.4994994439,444068.5,0.0,0.0,1,1
9213,555058.4994994439,444068.5,0.0,0.0,1,1
9214,555058.4994994439,444068.5,0.0,0.0,1,1
9215,555058.4994994439,444068.5,0.0,0.0,1,1
9216,555058.4994994439,444068.5,0.0,0.0,1,1
9217,555058.4994994439,444068.5,0.0,0.0,1,1
9218,555058.4994994439,444068.5,0.0,0.0,1,1
9219,555058.4994994439,444068.5,0.0,0.0,1,1
9220,555058.4994994439,444068.5,0.0,0.0,1,1
9221,554858.4994994439,444068.5,0.0,0.0,1,1
9222,554858.4994994439,444068.5,0.0,0.0,1,1
9223,554858.4994994439,444068.5,0.0,0.0,1,1
9224,554858.4994994439,444068.5,0.0,0.0,1,1
9225,554858.4994994439,444068.5,0.0,0.0,1,1
9226,554858.4994994439,444068.5,0.0,0.0,1,1
9227,554858.4994994439,444068.5,0.0,0.0,1,1
9228,554870.4994994439,444068.5,0.0,0.0,1,1
9229,554870.4994994439,444068.5,0.0,0.0,1,1
9230,554870.4994994439,444068.5,0.0,0.0,1,1
9231,554870.4994994439,444068.5,0.0,0.0,1,1
9232,554870.4994994439,444068.5,0.0,0.0,1,1
9233,554870.4994994439,444068.5,0.0,0.0,1,1
9234,554870.4994994439,444068.5,0.0,0.0,1,1
9235,554870.4994994439,444068.5,0.0,0.0,1,1
9236,554870.4994994439,444068.5,0.0,0.0,1,1
9237,555707.4994994439,444068.5,0.0,0.0,1,1
9238,555707.4994994439,444068.5,0.0,0.0,1,1
9239,555707.4994994439,444068.5,0.0,0.0,1,1
9240,555707.4994994439,444068.5,0.0,0.0,1,1
9241,555707.4994994439,444068.5,0.0,0.0,1,1
9242,555707.4994994439,444068.5,0.0,0.0,1,1
9243,555707.4994994439,444068.5,0.0,0.0,1,1
9244,555707.4994994439,444068.5,0.0,0.0,1,1
9245,555707.4994994439,444068.5,0.0,0.0,1,1
9246,555707.4994994439,444068.5,0.0,0.0,1,1
9247,555529.9991657399,444068.5,0.0,0.0,1,1
9248,555529.9991657399,444068.5,0.0,0.0,1,1
9249,555529.9991657399,444068.5,0.0,0.0,1,1
9250,555529.9991657399,444068.5,0.0,0.0,1,1
9251,555529.9991657399,444068.5,0.0,0.0,1,1
9252,555529.9991657399,444068.5,0.0,0.0,1,1
9253,555529.9991657399,444068.5,0.0,0.0,1,1
9254,555529.9991657399,444068.5,0.0,0.0,1,1
9255,555529.9991657399,444068.5,0.0,0.0,1,1
9256,555993.9991657399,444068.5,0.0,0.0,1,1
9257,555993.9991657399,444068.5,0.0,0.0,1,1
9258,555993.9991657399,444068.5,0.0,0.0,1,1
9259,555993.9991657399,444068.5,0.0,0.0,1,1
9260,555993.9991657399,444068.5,0.0,0.0,1,1
9261,555993.9991657399,444068.5,0.0,0.0,1,1
9262,555711.9991657399,444068.5,0.0,0.0,1,1
9263,555711.9991657399,444068.5,0.0,0.0,1,1
9264,555711.9991657399,444068.5,0.0,0.0,1,1
9265,555711.9991657399,444068.5,0.0,0.0,1,1
9266,555711.9991657399,444068.5,0.0,0.0,1,1
9267,555711.9991657399,444068.5,0.0,0.0,1,1
9268,555711.9991657399,444068.5,0.0,0.0,1,1
9269,555711.9991657399,444068.5,0.0,0.0,1,1
9270,555711.9991657399,444068.5,0.0,0.0,1,1
9271,555711.9991657399,444068.5,0.0,0.0,1,1
9272,555711.9991657399,444068.5,0.0,0.0,1,1
9273,555711.9991657399,444068.5,0.0,0.0,1,1
9274,555711.9991657399,444068.5,0.0,0.0,1,1
9275,555711.9991657399,444068.5,0.0,0.0,1,1
9276,555711.9991657399,444068.5,0.0,0.0,1,1
9277,555418.4991657399,444068.5,0.0,0.0,1,1
9278,555418.4991657399,444068.5,0.0,0.0,1,1
9279,555758.4991657399,444068.5,0.0,0.0,1,1
9280,555758.4991657399,444068.5,0.0,0.0,1,1
9281,555758.4991657399,444068.5,0.0,0.0,1,1
9282,555758.4991657399,444068.5,0.0,0.0,1,1
9283,555758.4991657399,444068.5,0.0,0.0,1,1
9284,555758.4991657399,444068.5,0.0,0.0,1,1
9285,555758.4991657399,444068.5,0.0,0.0,1,1
9286,555758.4991657399,444068.5,0.0,0.0,1,1
9287,555758.4991657399,444068.5,0.0,0.0,1,1
9288,555758.4991657399,444068.5,0.0,0.0,1,1
9289,555758.4991657399,444068.5,0.0,0.0,1,1
9290,555758.4991657399,444068.5,0.0,0.0,1,1
9291,555758.4991657399,444068.5,0.0,0.0,1,1
9292,555758.4991657399,444068.5,0.0,0.0,1,1
9293,555758.4991657399,444068.5,0.0,0.0,1,1
9294,555758.4991657399,444068.5,0.0,0.0,1,1
9295,555758.4991657399,444068.5,0.0,0.0,1,1
9296,555519.4991657399,444068.5,0.0,0.0,1,1
9297,555519.4991657399,444068.5,0.0,0.0,1,1
9298,555519.4991657399,444068.5,0.0,0.0,1,1
9299,555519.4991657399,444068.5,0.0,0.0,1,1
9300,555519.4991657399,444068.5,0.0,0.0,1,1
9301,555519.4991657399,444068.5,0.0,0.0,1,1
9302,555519.4991657399,444068.5,0.0,0.0,1,1
9303,555519.4991657399,444068.5,0.0,0.0,1,1
9304,555519.4991657399,444068.5,0.0,0.0,1,1
9305,555519.4991657399,444068.5,0.0,0.0,1,1
9306,555519.4991657399,444068.5,0.0,0.0,1,1
9307,555519.4991657399,444068.5,0.0,0.0,1,1
9308,555471.9991657399,444068.5,0.0,0.0,1,1
9309,555471.9991657399,444068.5,0.0,0.0,1,1
9310,555471.9991657399,444068.5,0.0,0.0,1,1
9311,555471.9991657399,444068.5,0.0,0.0,1,1
9312,555471.9991657399,444068.5,0.0,0.0,1,1
9313,555471.9991657399,444068.5,0.0,0.0,1,1
9314,555471.9991657399,444068.5,0.0,0.0,1,1
9315,554799.9994994439,444068.5,0.0,0.0,1,1
9316,554799.9994994439,444068.5,0.0,0.0,1,1
9317,554799.9994994439,444068.5,0.0,0.0,1,1
9318,554799.9994994439,444068.5,0.0,0.0,1,1
9319,554799.9994994439,444068.5,0.0,0.0,1,1
9320,554799.9994994439,444068.5,0.0,0.0,1,1
9321,554799.9994994439,444068.5,0.0,0.0,1,1
9322,554799.9994994439,444068.5,0.0,0.0,1,1
9323,554799.9994994439,444068.5,0.0,0.0,1,1
9324,554799.9994994439,444068.5,0.0,0.0,1,1
9325,554799.9994994439,444068.5,0.0,0.0,1,1
9326,554799.9994994439,444068.5,0.0,0.0,1,1
9327,554799.9994994439,444068.5,0.0,0.0,1,1
9328,554799.9994994439,444068.5,0.0,0.0,1,1
9329,554799.9994994439,444068.5,0.0,0.0,1,1
9330,554799.9994994439,444068.5,0.0,0.0,1,1
9331,554799.9994994439,444068.5,0.0,0.0,1,1
9332,555171.9994994439,444068.5,0.0,0.0,1,1
9333,555171.9994994439,444068.5,0.0,0.0,1,1
9334,555171.9994994439,444068.5,0.0,0.0,1,1
9335,555171.9994994439,444068.5,0.0,0.0,1,1
9336,555171.9994994439,444068.5,0.0,0.0,1,1
9337,555171.9994994439,444068.5,0.0,0.0,1,1
9338,555171.9994994439,444068.5,0.0,0.0,1,1
9339,555171.9994994439,444068.5,0.0,0.0,1,1
9340,555171.9994994439,444068.5,0.0,0.0,1,1
9341,555171.9994994439,444068.5,0.0,0.0,1,1
9342,555171.9994994439,444068.5,0.0,0.0,1,1
9343,555171.9994994439,444068.5,0.0,0.0,1,1
9344,558058.4993325919,444068.5,0.0,0.0,1,1
9345,558058.4993325919,444068.5,0.0,0.0,1,1
9346,558058.4993325919,444068.5,0.0,0.0,1,1
9347,558058.4993325919,444068.5,0.0,0.0,1,1
9348,558058.4993325919,444068.5,0.0,0.0,1,1
9349,558058.4993325919,444068.5,0.0,0.0,1,1
9350,558058.4993325919,444068.5,0.0,0.0,1,1
9351,558058.4993325919,444068.5,0.0,0.0,1,1
9352,558636.4993325919,444068.5,0.0,0.0,1,1
9353,558636.4993325919,444068.5,0.0,0.0,1,1
9354,558636.4993325919,444068.5,0.0,0.0,1,1
9355,558636.4993325919,444068.5,0.0,0.0,1,1
9356,558636.4993325919,444068.5,0.0,0.0,1,1
9357,558636.4993325919,444068.5,0.0,0.0,1,1
9358,558636.4993325919,444068.5,0.0,0.0,1,1
9359,558636.4993325919,444068.5,0.0,0.0,1,1
9360,558636.4993325919,444068.5,0.0,0.0,1,1
9361,558636.4993325919,444068.5,0.0,0.0,1,1
9362,558636.4993325919,444068.5,0.0,0.0,1,1
9363,558636.4993325919,444068.5,0.0,0.0,1,1
9364,558636.4993325919,444068.5,0.0,0.0,1,1
9365,558636.4993325919,444068.5,0.0,0.0,1,1
9366,558636.4993325919,444068.5,0.0,0.0,1,1
9367,558636.4993325919,444068.5,0.0,0.0,1,1
9368,557008.4994994439,444068.5,0.0,0.0,1,1
9369,557008.4994994439,444068.5,0.0,0.0,1,1
9370,557008.4994994439,444068.5,0.0,0.0,1,1
9371,556983.9994994439,444068.5,0.0,0.0,1,1
9372,556983.9994994439,444068.5,0.0,0.0,1,1
9373,556983.9994994439,444068.5,0.0,0.0,1,1
9374,556983.9994994439,444068.5,0.0,0.0,1,1
9375,556983.9994994439,444068.5,0.0,0.0,1,1
9376,556983.9994994439,444068.5,0.0,0.0,1,1
9377,556983.9994994439,444068.5,0.0,0.0,1,1
9378,556983.9994994439,444068.5,0.0,0.0,1,1
9379,556983.9994994439,444068.5,0.0,0.0,1,1
9380,556983.9994994439,444068.5,0.0,0.0,1,1
9381,556983.9994994439,444068.5,0.0,0.0,1,1
9382,556983.9994994439,444068.5,0.0,0.0,1,1
9383,556983.9994994439,444068.5,0.0,0.0,1,1
9384,556983.9994994439,444068.5,0.0,0.0,1,1
9385,556983.9994994439,444068.5,0.0,0.0,1,1
9386,556983.9994994439,444068.5,0.0,0.0,1,1
9387,556983.9994994439,444068.5,0.0,0.0,1,1
9388,556983.9994994439,444068.5,0.0,0.0,1,1
9389,556902.4994994439,444068.5,0.0,0.0,1,1
9390,556762.9991657399,444068.5,0.0,0.0,1,1
9391,556762.9991657399,444068.5,0.0,0.0,1,1
9392,556762.9991657399,444068.5,0.0,0.0,1,1
9393,556762.9991657399,444068.5,0.0,0.0,1,1
9394,556762.9991657399,444068.5,0.0,0.0,1,1
9395,556762.9991657399,444068.5,0.0,0.0,1,1
9396,556762.9991657399,444068.5,0.0,0.0,1,1
9397,558244.4994994439,444068.5,0.0,0.0,1,1
9398,558244.4994994439,444068.5,0.0,0.0,1,1
9399,558028.9994994439,444068.5,0.0,0.0,1,1
9400,558028.9994994439,444068.5,0.0,0.0,1,1
9401,558028.9994994439,444068.5,0.0,0.0,1,1
9402,558028.9994994439,444068.5,0.0,0.0,1,1
9403,558028.9994994439,444068.5,0.0,0.0,1,1
9404,558028.9994994439,444068.5,0.0,0.0,1,1
9405,558028.9994994439,444068.5,0.0,0.0,1,1
9406,558028.9994994439,444068.5,0.0,0.0,1,1
9407,557986.4994994439,444068.5,0.0,0.0,1,1
9408,557986.4994994439,444068.5,0.0,0.0,1,1
9409,557965.9994994439,444068.5,0.0,0.0,1,1
9410,557965.9994994439,444068.5,0.0,0.0,1,1
9411,557965.9994994439,444068.5,0.0,0.0,1,1
9412,557965.9994994439,444068.5,0.0,0.0,1,1
9413,557965.9994994439,444068.5,0.0,0.0,1,1
9414,557965.9994994439,444068.5,0.0,0.0,1,1
9415,557965.9994994439,444068.5,0.0,0.0,1,1
9416,557965.9994994439,444068.5,0.0,0.0,1,1
9417,557965.9994994439,444068.5,0.0,0.0,1,1
9418,557377.4994994439,444068.5,0.0,0.0,1,1
9419,557377.4994994439,444068.5,0.0,0.0,1,1
9420,557377.4994994439,444068.5,0.0,0.0,1,1
9421,557377.4994994439,444068.5,0.0,0.0,1,1
9422,557377.4994994439,444068.5,0.0,0.0,1,1
9423,557377.4994994439,444068.5,0.0,0.0,1,1
9424,557377.4994994439,444068.5,0.0,0.0,1,1
9425,557377.4994994439,444068.5,0.0,0.0,1,1
9426,557377.4994994439,444068.5,0.0,0.0,1,1
9427,557377.4994994439,444068.5,0.0,0.0,1,1
9428,557377.4994994439,444068.5,0.0,0.0,1,1
9429,557087.9989988878,444068.5,0.0,0.0,1,1
9430,557087.9989988878,444068.5,0.0,0.0,1,1
9431,557087.9989988878,444068.5,0.0,0.0,1,1
9432,557087.9989988878,444068.5,0.0,0.0,1,1
9433,557087.9989988878,444068.5,0.0,0.0,1,1
9434,556985.4989988878,444068.5,0.0,0.0,1,1
9435,556985.4989988878,444068.5,0.0,0.0,1,1
9436,556985.4989988878,444068.5,0.0,0.0,1,1
9437,556985.4989988878,444068.5,0.0,0.0,1,1
9438,556985.4989988878,444068.5,0.0,0.0,1,1
9439,556985.4989988878,444068.5,0.0,0.0,1,1
9440,556985.4989988878,444068.5,0.0,0.0,1,1
9441,556985.4989988878,444068.5,0.0,0.0,1,1
9442,556985.4989988878,444068.5,0.0,0.0,1,1
9443,556985.4989988878,444068.5,0.0,0.0,1,1
9444,557349.9989988878,444068.5,0.0,0.0,1,1
9445,557349.9989988878,444068.5,0.0,0.0,1,1
9446,557349.9989988878,444068.5,0.0,0.0,1,1
9447,557349.9989988878,444068.5,0.0,0.0,1,1
9448,557616.9991657399,444068.5,0.0,0.0,1,1
9449,557616.9991657399,444068.5,0.0,0.0,1,1
9450,557616.9991657399,444068.5,0.0,0.0,1,1
9451,557500.9993325919,444068.5,0.0,0.0,1,1
9452,557500.9993325919,444068.5,0.0,0.0,1,1
9453,557500.9993325919,444068.5,0.0,0.0,1,1
9454,557500.9993325919,444068.5,0.0,0.0,1,1
9455,557500.9993325919,444068.5,0.0,0.0,1,1
9456,557500.9993325919,444068.5,0.0,0.0,1,1
9457,557500.9993325919,444068.5,0.0,0.0,1,1
9458,557500.9993325919,444068.5,0.0,0.0,1,1
9459,557500.9993325919,444068.5,0.0,0.0,1,1
9460,557508.4993325919,444068.5,0.0,0.0,1,1
9461,557508.4993325919,444068.5,0.0,0.0,1,1
9462,557508.4993325919,444068.5,0.0,0.0,1,1
9463,557467.4993325919,444068.5,0.0,0.0,1,1
9464,557467.4993325919,444068.5,0.0,0.0,1,1
9465,557467.4993325919,444068.5,0.0,0.0,1,1
9466,558709.4991657399,444068.5,0.0,0.0,1,1
9467,558709.4991657399,444068.5,0.0,0.0,1,1
9468,558709.4991657399,444068.5,0.0,0.0,1,1
9469,558709.4991657399,444068.5,0.0,0.0,1,1
9470,558709.4991657399,444068.5,0.0,0.0,1,1
9471,558709.4991657399,444068.5,0.0,0.0,1,1
9472,558709.4991657399,444068.5,0.0,0.0,1,1
9473,558709.4991657399,444068.5,0.0,0.0,1,1
9474,558709.4991657399,444068.5,0.0,0.0,1,1
9475,558709.4991657399,444068.5,0.0,0.0,1,1
9476,558709.4991657399,444068.5,0.0,0.0,1,1
9477,558709.4991657399,444068.5,0.0,0.0,1,1
9478,558709.4991657399,444068.5,0.0,0.0,1,1
9479,558709.4991657399,444068.5,0.0,0.0,1,1
9480,558709.4991657399,444068.5,0.0,0.0,1,1
9481,558709.4991657399,444068.5,0.0,0.0,1,1
9482,558709.4991657399,444068.5,0.0,0.0,1,1
9483,558709.4991657399,444068.5,0.0,0.0,1,1
9484,558709.4991657399,444068.5,0.0,0.0,1,1
9485,558709.4991657399,444068.5,0.0,0.0,1,1
9486,558709.4991657399,444068.5,0.0,0.0,1,1
9487,558709.4991657399,444068.5,0.0,0.0,1,1
9488,558709.4991657399,444068.5,0.0,0.0,1,1
9489,558709.4991657399,444068.5,0.0,0.0,1,1
9490,558709.4991657399,444068.5,0.0,0.0,1,1
9491,558806.4991657399,444068.5,0.0,0.0,1,1
9492,558806.4991657399,444068.5,0.0,0.0,1,1
9493,558806.4991657399,444068.5,0.0,0.0,1,1
9494,558365.9988320358,444068.5,0.0,0.0,1,1
9495,558365.9988320358,444068.5,0.0,0.0,1,1
9496,558365.9988320358,444068.5,0.0,0.0,1,1
9497,558365.9988320358,444068.5,0.0,0.0,1,1
9498,558365.9988320358,444068.5,0.0,0.0,1,1
9499,558365.9988320358,444068.5,0.0,0.0,1,1
9500,558365.9988320358,444068.5,0.0,0.0,1,1
9501,558365.9988320358,444068.5,0.0,0.0,1,1
9502,558365.9988320358,444068.5,0.0,0.0,1,1
9503,558365.9988320358,444068.5,0.0,0.0,1,1
9504,558365.9988320358,444068.5,0.0,0.0,1,1
9505,558365.9988320358,444068.5,0.0,0.0,1,1
9506,558365.9988320358,444068.5,0.0,0.0,1,1
9507,558365.9988320358,444068.5,0.0,0.0,1,1
9508,558292.4988320358,444068.5,0.0,0.0,1,1
9509,558292.4988320358,444068.5,0.0,0.0,1,1
9510,558292.4988320358,444068.5,0.0,0.0,1,1
9511,558292.4988320358,444068.5,0.0,0.0,1,1
9512,558292.4988320358,444068.5,0.0,0.0,1,1
9513,558292.4988320358,444068.5,0.0,0.0,1,1
9514,558292.4988320358,444068.5,0.0,0.0,1,1
9515,558292.4988320358,444068.5,0.0,0.0,1,1
9516,558292.4988320358,444068.5,0.0,0.0,1,1
9517,558292.4988320358,444068.5,0.0,0.0,1,1
9518,558292.4988320358,444068.5,0.0,0.0,1,1
9519,558292.4988320358,444068.5,0.0,0.0,1,1
9520,558292.4988320358,444068.5,0.0,0.0,1,1
9521,558292.4988320358,444068.5,0.0,0.0,1,1
9522,558292.4988320358,444068.5,0.0,0.0,1,1
9523,558292.4988320358,444068.5,0.0,0.0,1,1
9524,558292.4988320358,444068.5,0.0,0.0,1,1
9525,558292.4988320358,444068.5,0.0,0.0,1,1
9526,558292.4988320358,444068.5,0.0,0.0,1,1
9527,558292.4988320358,444068.5,0.0,0.0,1,1
9528,558292.4988320358,444068.5,0.0,0.0,1,1
9529,558292.4988320358,444068.5,0.0,0.0,1,1
9530,558292.4988320358,444068.5,0.0,0.0,1,1
9531,558292.4988320358,444068.5,0.0,0.0,1,1
9532,558292.4988320358,444068.5,0.0,0.0,1,1
9533,558292.4988320358,444068.5,0.0,0.0,1,1
9534,558263.9988320358,444068.5,0.0,0.0,1,1
9535,558263.9988320358,444068.5,0.0,0.0,1,1
9536,558263.9988320358,444068.5,0.0,0.0,1,1
9537,558263.9988320358,444068.5,0.0,0.0,1,1
9538,558263.9988320358,444068.5,0.0,0.0,1,1
9539,558274.9988320358,444068.5,0.0,0.0,1,1
9540,558274.9988320358,444068.5,0.0,0.0,1,1
9541,558274.9988320358,444068.5,0.0,0.0,1,1
9542,558274.9988320358,444068.5,0.0,0.0,1,1
9543,558274.9988320358,444068.5,0.0,0.0,1,1
9544,558274.9988320358,444068.5,0.0,0.0,1,1
9545,558274.9988320358,444068.5,0.0,0.0,1,1
9546,558274.9988320358,444068.5,0.0,0.0,1,1
9547,558274.9988320358,444068.5,0.0,0.0,1,1
9548,558274.9988320358,444068.5,0.0,0.0,1,1
9549,558274.9988320358,444068.5,0.0,0.0,1,1
9550,558274.9988320358,444068.5,0.0,0.0,1,1
9551,558274.9988320358,444068.5,0.0,0.0,1,1
9552,558274.9988320358,444068.5,0.0,0.0,1,1
9553,558274.9988320358,444068.5,0.0,0.0,1,1
9554,558274.9988320358,444068.5,0.0,0.0,1,1
9555,558274.9988320358,444068.5,0.0,0.0,1,1
9556,558274.9988320358,444068.5,0.0,0.0,1,1
9557,558274.9988320358,444068.5,0.0,0.0,1,1
9558,558274.9988320358,444068.5,0.0,0.0,1,1
9559,558274.9988320358,444068.5,0.0,0.0,1,1
9560,558274.9988320358,444068.5,0.0,0.0,1,1
9561,558274.9988320358,444068.5,0.0,0.0,1,1
9562,558274.9988320358,444068.5,0.0,0.0,1,1
9563,558274.9988320358,444068.5,0.0,0.0,1,1
9564,558274.9988320358,444068.5,0.0,0.0,1,1
9565,558274.9988320358,444068.5,0.0,0.0,1,1
9566,558274.9988320358,444068.5,0.0,0.0,1,1
9567,558274.9988320358,444068.5,0.0,0.0,1,1
9568,558274.9988320358,444068.5,0.0,0.0,1,1
9569,558274.9988320358,444068.5,0.0,0.0,1,1
9570,558274.9988320358,444068.5,0.0,0.0,1,1
9571,558274.9988320358,444068.5,0.0,0.0,1,1
9572,558274.9988320358,444068.5,0.0,0.0,1,1
9573,558274.9988320358,444068.5,0.0,0.0,1,1
9574,558274.9988320358,444068.5,0.0,0.0,1,1
9575,557098.4989988878,444068.5,0.0,0.0,1,1
9576,557098.4989988878,444068.5,0.0,0.0,1,1
9577,557098.4989988878,444068.5,0.0,0.0,1,1
9578,557098.4989988878,444068.5,0.0,0.0,1,1
9579,557098.4989988878,444068.5,0.0,0.0,1,1
9580,557098.4989988878,444068.5,0.0,0.0,1,1
9581,557108.4989988878,444068.5,0.0,0.0,1,1
9582,557108.4989988878,444068.5,0.0,0.0,1,1
9583,557108.4989988878,444068.5,0.0,0.0,1,1
9584,557108.4989988878,444068.5,0.0,0.0,1,1
9585,557108.4989988878,444068.5,0.0,0.0,1,1
9586,557108.4989988878,444068.5,0.0,0.0,1,1
9587,557108.4989988878,444068.5,0.0,0.0,1,1
9588,557108.4989988878,444068.5,0.0,0.0,1,1
9589,557108.4989988878,444068.5,0.0,0.0,1,1
9590,557108.4989988878,444068.5,0.0,0.0,1,1
9591,557108.4989988878,444068.5,0.0,0.0,1,1
9592,556974.4989988878,444068.5,0.0,0.0,1,1
9593,556974.4989988878,444068.5,0.0,0.0,1,1
9594,556974.4989988878,444068.5,0.0,0.0,1,1
9595,556974.4989988878,444068.5,0.0,0.0,1,1
9596,556939.4989988878,444068.5,0.0,0.0,1,1
9597,556939.4989988878,444068.5,0.0,0.0,1,1
9598,556939.4989988878,444068.5,0.0,0.0,1,1
9599,556939.4989988878,444068.5,0.0,0.0,1,1
9600,556939.4989988878,444068.5,0.0,0.0,1,1
9601,556939.4989988878,444068.5,0.0,0.0,1,1
9602,556939.4989988878,444068.5,0.0,0.0,1,1
9603,557122.4988320358,444068.5,0.0,0.0,1,1
9604,557122.4988320358,444068.5,0.0,0.0,1,1
9605,557122.4988320358,444068.5,0.0,0.0,1,1
9606,557122.4988320358,444068.5,0.0,0.0,1,1
9607,557122.4988320358,444068.5,0.0,0.0,1,1
9608,557122.4988320358,444068.5,0.0,0.0,1,1
9609,557122.4988320358,444068.5,0.0,0.0,1,1
9610,557122.4988320358,444068.5,0.0,0.0,1,1
9611,557122.4988320358,444068.5,0.0,0.0,1,1
9612,557122.4988320358,444068.5,0.0,0.0,1,1
9613,557122.4988320358,444068.5,0.0,0.0,1,1
9614,557122.4988320358,444068.5,0.0,0.0,1,1
9615,557122.4988320358,444068.5,0.0,0.0,1,1
9616,557122.4988320358,444068.5,0.0,0.0,1,1
9617,556922.9988320358,444068.5,0.0,0.0,1,1
9618,556922.9988320358,444068.5,0.0,0.0,1,1
9619,556922.9988320358,444068.5,0.0,0.0,1,1
9620,556887.4989988878,444068.5,0.0,0.0,1,1
9621,556887.4989988878,444068.5,0.0,0.0,1,1
9622,556887.4989988878,444068.5,0.0,0.0,1,1
9623,556887.4989988878,444068.5,0.0,0.0,1,1
9624,556887.4989988878,444068.5,0.0,0.0,1,1
9625,556887.4989988878,444068.5,0.0,0.0,1,1
9626,556887.4989988878,444068.5,0.0,0.0,1,1
9627,556887.4989988878,444068.5,0.0,0.0,1,1
9628,556887.4989988878,444068.5,0.0,0.0,1,1
9629,556887.4989988878,444068.5,0.0,0.0,1,1
9630,556887.4989988878,444068.5,0.0,0.0,1,1
9631,556887.4989988878,444068.5,0.0,0.0,1,1
9632,556887.4989988878,444068.5,0.0,0.0,1,1
9633,556887.4989988878,444068.5,0.0,0.0,1,1
9634,556887.4989988878,444068.5,0.0,0.0,1,1
9635,556887.4989988878,444068.5,0.0,0.0,1,1
9636,556887.4989988878,444068.5,0.0,0.0,1,1
9637,556887.4989988878,444068.5,0.0,0.0,1,1
9638,556887.4989988878,444068.5,0.0,0.0,1,1
9639,556887.4989988878,444068.5,0.0,0.0,1,1
9640,556887.4989988878,444068.5,0.0,0.0,1,1
9641,556887.4989988878,444068.5,0.0,0.0,1,1
9642,556887.4989988878,444068.5,0.0,0.0,1,1
9643,556887.4989988878,444068.5,0.0,0.0,1,1
9644,556887.4989988878,444068.5,0.0,0.0,1,1
9645,556887.4989988878,444068.5,0.0,0.0,1,1
9646,556887.4989988878,444068.5,0.0,0.0,1,1
9647,556887.4989988878,444068.5,0.0,0.0,1,1
9648,557741.9989988878,444068.5,0.0,0.0,1,1
9649,557741.9989988878,444068.5,0.0,0.0,1,1
9650,557741.9989988878,444068.5,0.0,0.0,1,1
9651,557741.9989988878,444068.5,0.0,0.0,1,1
9652,557741.9989988878,444068.5,0.0,0.0,1,1
9653,557741.9989988878,444068.5,0.0,0.0,1,1
9654,557741.9989988878,444068.5,0.0,0.0,1,1
9655,557741.9989988878,444068.5,0.0,0.0,1,1
9656,557741.9989988878,444068.5,0.0,0.0,1,1
9657,557741.9989988878,444068.5,0.0,0.0,1,1
9658,557741.9989988878,444068.5,0.0,0.0,1,1
9659,557741.9989988878,444068.5,0.0,0.0,1,1
9660,557741.9989988878,444068.5,0.0,0.0,1,1
9661,557741.9989988878,444068.5,0.0,0.0,1,1
9662,557741.9989988878,444068.5,0.0,0.0,1,1
9663,557741.9989988878,444068.5,0.0,0.0,1,1
9664,557741.9989988878,444068.5,0.0,0.0,1,1
9665,557741.9989988878,444068.5,0.0,0.0,1,1
9666,557741.9989988878,444068.5,0.0,0.0,1,1
9667,557741.9989988878,444068.5,0.0,0.0,1,1
9668,557605.9989988878,444068.5,0.0,0.0,1,1
9669,557605.9989988878,444068.5,0.0,0.0,1,1
9670,557605.9989988878,444068.5,0.0,0.0,1,1
9671,557510.4989988878,444068.5,0.0,0.0,1,1
9672,557510.4989988878,444068.5,0.0,0.0,1,1
9673,557510.4989988878,444068.5,0.0,0.0,1,1
9674,557510.4989988878,444068.5,0.0,0.0,1,1
9675,557510.4989988878,444068.5,0.0,0.0,1,1
9676,557510.4989988878,444068.5,0.0,0.0,1,1
9677,557510.4989988878,444068.5,0.0,0.0,1,1
9678,557510.4989988878,444068.5,0.0,0.0,1,1
9679,557510.4989988878,444068.5,0.0,0.0,1,1
9680,557510.4989988878,444068.5,0.0,0.0,1,1
9681,557510.4989988878,444068.5,0.0,0.0,1,1
9682,557510.4989988878,444068.5,0.0,0.0,1,1
9683,557510.4989988878,444068.5,0.0,0.0,1,1
9684,557450.9989988878,444068.5,0.0,0.0,1,1
9685,557450.9989988878,444068.5,0.0,0.0,1,1
9686,557450.9989988878,444068.5,0.0,0.0,1,1
9687,557450.9989988878,444068.5,0.0,0.0,1,1
9688,557450.9989988878,444068.5,0.0,0.0,1,1
9689,557450.9989988878,444068.5,0.0,0.0,1,1
9690,557450.9989988878,444068.5,0.0,0.0,1,1
9691,557450.9989988878,444068.5,0.0,0.0,1,1
9692,557450.9989988878,444068.5,0.0,0.0,1,1
9693,556918.4986651838,444068.5,0.0,0.0,1,1
9694,556918.4986651838,444068.5,0.0,0.0,1,1
9695,556918.4986651838,444068.5,0.0,0.0,1,1
9696,556918.4986651838,444068.5,0.0,0.0,1,1
9697,556918.4986651838,444068.5,0.0,0.0,1,1
9698,556918.4986651838,444068.5,0.0,0.0,1,1
9699,556918.4986651838,444068.5,0.0,0.0,1,1
9700,556918.4986651838,444068.5,0.0,0.0,1,1
9701,556918.4986651838,444068.5,0.0,0.0,1,1
9702,556918.4986651838,444068.5,0.0,0.0,1,1
9703,556918.4986651838,444068.5,0.0,0.0,1,1
9704,556965.9986651838,444068.5,0.0,0.0,1,1
9705,556965.9986651838,444068.5,0.0,0.0,1,1
9706,556965.9986651838,444068.5,0.0,0.0,1,1
9707,556965.9986651838,444068.5,0.0,0.0,1,1
9708,556965.9986651838,444068.5,0.0,0.0,1,1
9709,556965.9986651838,444068.5,0.0,0.0,1,1
9710,556965.9986651838,444068.5,0.0,0.0,1,1
9711,556965.9986651838,444068.5,0.0,0.0,1,1
9712,556965.9986651838,444068.5,0.0,0.0,1,1
9713,556965.9986651838,444068.5,0.0,0.0,1,1
9714,556965.9986651838,444068.5,0.0,0.0,1,1
9715,556965.9986651838,444068.5,0.0,0.0,1,1
9716,556965.9986651838,444068.5,0.0,0.0,1,1
9717,556965.9986651838,444068.5,0.0,0.0,1,1
9718,556965.9986651838,444068.5,0.0,0.0,1,1
9719,556965.9986651838,444068.5,0.0,0.0,1,1
9720,556965.9986651838,444068.5,0.0,0.0,1,1
9721,556965.9986651838,444068.5,0.0,0.0,1,1
9722,556965.9986651838,444068.5,0.0,0.0,1,1
9723,556965.9986651838,444068.5,0.0,0.0,1,1
9724,556965.9986651838,444068.5,0.0,0.0,1,1
9725,556965.9986651838,444068.5,0.0,0.0,1,1
9726,556965.9986651838,444068.5,0.0,0.0,1,1
9727,556965.9986651838,444068.5,0.0,0.0,1,1
9728,556965.9986651838,444068.5,0.0,0.0,1,1
9729,556965.9986651838,444068.5,0.0,0.0,1,1
9730,556965.9986651838,444068.5,0.0,0.0,1,1
9731,556965.9986651838,444068.5,0.0,0.0,1,1
9732,556965.9986651838,444068.5,0.0,0.0,1,1
9733,556965.9986651838,444068.5,0.0,0.0,1,1
9734,556965.9986651838,444068.5,0.0,0.0,1,1
9735,556965.9986651838,444068.5,0.0,0.0,1,1
9736,556965.9986651838,444068.5,0.0,0.0,1,1
9737,556965.9986651838,444068.5,0.0,0.0,1,1
9738,556965.9986651838,444068.5,0.0,0.0,1,1
9739,556965.9986651838,444068.5,0.0,0.0,1,1
9740,556965.9986651838,444068.5,0.0,0.0,1,1
9741,556886.9986651838,444068.5,0.0,0.0,1,1
9742,556886.9986651838,444068.5,0.0,0.0,1,1
9743,556886.9986651838,444068.5,0.0,0.0,1,1
9744,556886.9986651838,444068.5,0.0,0.0,1,1
9745,556886.9986651838,444068.5,0.0,0.0,1,1
9746,556886.9986651838,444068.5,0.0,0.0,1,1
9747,556886.9986651838,444068.5,0.0,0.0,1,1
9748,556886.9986651838,444068.5,0.0,0.0,1,1
9749,556886.9986651838,444068.5,0.0,0.0,1,1
9750,556886.9986651838,444068.5,0.0,0.0,1,1
9751,556886.9986651838,444068.5,0.0,0.0,1,1
9752,556886.9986651838,444068.5,0.0,0.0,1,1
9753,556886.9986651838,444068.5,0.0,0.0,1,1
9754,556886.9986651838,444068.5,0.0,0.0,1,1
9755,556921.9986651838,444068.5,0.0,0.0,1,1
9756,556921.9986651838,444068.5,0.0,0.0,1,1
9757,556921.9986651838,444068.5,0.0,0.0,1,1
9758,556921.9986651838,444068.5,0.0,0.0,1,1
9759,556921.9986651838,444068.5,0.0,0.0,1,1
9760,556921.9986651838,444068.5,0.0,0.0,1,1
9761,556921.9986651838,444068.5,0.0,0.0,1,1
9762,556921.9986651838,444068.5,0.0,0.0,1,1
9763,557449.4988320358,444068.5,0.0,0.0,1,1
9764,557369.9988320358,444068.5,0.0,0.0,1,1
9765,557613.4988320358,444068.5,0.0,0.0,1,1
9766,557613.4988320358,444068.5,0.0,0.0,1,1
9767,557613.4988320358,444068.5,0.0,0.0,1,1
9768,557613.4988320358,444068.5,0.0,0.0,1,1
9769,557613.4988320358,444068.5,0.0,0.0,1,1
9770,557613.4988320358,444068.5,0.0,0.0,1,1
9771,557355.4988320358,444068.5,0.0,0.0,1,1
9772,557355.4988320358,444068.5,0.0,0.0,1,1
9773,557355.4988320358,444068.5,0.0,0.0,1,1
9774,557355.4988320358,444068.5,0.0,0.0,1,1
9775,557355.4988320358,444068.5,0.0,0.0,1,1
9776,557355.4988320358,444068.5,0.0,0.0,1,1
9777,557355.4988320358,444068.5,0.0,0.0,1,1
9778,557355.4988320358,444068.5,0.0,0.0,1,1
9779,557355.4988320358,444068.5,0.0,0.0,1,1
9780,557355.4988320358,444068.5,0.0,0.0,1,1
9781,557355.4988320358,444068.5,0.0,0.0,1,1
9782,557355.4988320358,444068.5,0.0,0.0,1,1
9783,557355.4988320358,444068.5,0.0,0.0,1,1
9784,557355.4988320358,444068.5,0.0,0.0,1,1
9785,557355.4988320358,444068.5,0.0,0.0,1,1
9786,557355.4988320358,444068.5,0.0,0.0,1,1
9787,557231.4988320358,444068.5,0.0,0.0,1,1
9788,557231.4988320358,444068.5,0.0,0.0,1,1
9789,557231.4988320358,444068.5,0.0,0.0,1,1
9790,557231.4988320358,444068.5,0.0,0.0,1,1
9791,557231.4988320358,444068.5,0.0,0.0,1,1
9792,557231.4988320358,444068.5,0.0,0.0,1,1
9793,557231.4988320358,444068.5,0.0,0.0,1,1
9794,557210.4988320358,444068.5,0.0,0.0,1,1
9795,557210.4988320358,444068.5,0.0,0.0,1,1
9796,557210.4988320358,444068.5,0.0,0.0,1,1
9797,557210.4988320358,444068.5,0.0,0.0,1,1
9798,557210.4988320358,444068.5,0.0,0.0,1,1
9799,557210.4988320358,444068.5,0.0,0.0,1,1
9800,557210.4988320358,444068.5,0.0,0.0,1,1
9801,557210.4988320358,444068.5,0.0,0.0,1,1
9802,557210.4988320358,444068.5,0.0,0.0,1,1
9803,557210.4988320358,444068.5,0.0,0.0,1,1
9804,557210.4988320358,444068.5,0.0,0.0,1,1
9805,557210.4988320358,444068.5,0.0,0.0,1,1
9806,557210.4988320358,444068.5,0.0,0.0,1,1
9807,557210.4988320358,444068.5,0.0,0.0,1,1
9808,557210.4988320358,444068.5,0.0,0.0,1,1
9809,557210.4988320358,444068.5,0.0,0.0,1,1
9810,557210.4988320358,444068.5,0.0,0.0,1,1
9811,557210.4988320358,444068.5,0.0,0.0,1,1
9812,557210.4988320358,444068.5,0.0,0.0,1,1
9813,557210.4988320358,444068.5,0.0,0.0,1,1
9814,557210.4988320358,444068.5,0.0,0.0,1,1
9815,557210.4988320358,444068.5,0.0,0.0,1,1
9816,557337.4988320358,444068.5,0.0,0.0,1,1
9817,557337.4988320358,444068.5,0.0,0.0,1,1
9818,557337.4988320358,444068.5,0.0,0.0,1,1
9819,557337.4988320358,444068.5,0.0,0.0,1,1
9820,557337.4988320358,444068.5,0.0,0.0,1,1
9821,557337.4988320358,444068.5,0.0,0.0,1,1
9822,557337.4988320358,444068.5,0.0,0.0,1,1
9823,557337.4988320358,444068.5,0.0,0.0,1,1
9824,557337.4988320358,444068.5,0.0,0.0,1,1
9825,557337.4988320358,444068.5,0.0,0.0,1,1
9826,557337.4988320358,444068.5,0.0,0.0,1,1
9827,557294.4988320358,444068.5,0.0,0.0,1,1
9828,557294.4988320358,444068.5,0.0,0.0,1,1
9829,557294.4988320358,444068.5,0.0,0.0,1,1
9830,557294.4988320358,444068.5,0.0,0.0,1,1
9831,557294.4988320358,444068.5,0.0,0.0,1,1
9832,557294.4988320358,444068.5,0.0,0.0,1,1
9833,557294.4988320358,444068.5,0.0,0.0,1,1
9834,557294.4988320358,444068.5,0.0,0.0,1,1
9835,557294.4988320358,444068.5,0.0,0.0,1,1
9836,557294.4988320358,444068.5,0.0,0.0,1,1
9837,557502.4988320358,444068.5,0.0,0.0,1,1
9838,557502.4988320358,444068.5,0.0,0.0,1,1
9839,557730.9991657399,444068.5,0.0,0.0,1,1
9840,557730.9991657399,444068.5,0.0,0.0,1,1
9841,557683.4991657399,444068.5,0.0,0.0,1,1
9842,557683.4991657399,444068.5,0.0,0.0,1,1
9843,557683.4991657399,444068.5,0.0,0.0,1,1
9844,557683.4991657399,444068.5,0.0,0.0,1,1
9845,557683.4991657399,444068.5,0.0,0.0,1,1
9846,557683.4991657399,444068.5,0.0,0.0,1,1
9847,557683.4991657399,444068.5,0.0,0.0,1,1
9848,557683.4991657399,444068.5,0.0,0.0,1,1
9849,557683.4991657399,444068.5,0.0,0.0,1,1
9850,557683.4991657399,444068.5,0.0,0.0,1,1
9851,557683.4991657399,444068.5,0.0,0.0,1,1
9852,557683.4991657399,444068.5,0.0,0.0,1,1
9853,557683.4991657399,444068.5,0.0,0.0,1,1
9854,557683.4991657399,444068.5,0.0,0.0,1,1
9855,557683.4991657399,444068.5,0.0,0.0,1,1
9856,557683.4991657399,444068.5,0.0,0.0,1,1
9857,557683.4991657399,444068.5,0.0,0.0,1,1
9858,557683.4991657399,444068.5,0.0,0.0,1,1
9859,557683.4991657399,444068.5,0.0,0.0,1,1
9860,557683.4991657399,444068.5,0.0,0.0,1,1
9861,557683.4991657399,444068.5,0.0,0.0,1,1
9862,557556.4991657399,444068.5,0.0,0.0,1,1
9863,557556.4991657399,444068.5,0.0,0.0,1,1
9864,557556.4991657399,444068.5,0.0,0.0,1,1
9865,557556.4991657399,444068.5,0.0,0.0,1,1
9866,557556.4991657399,444068.5,0.0,0.0,1,1
9867,557556.4991657399,444068.5,0.0,0.0,1,1
9868,557556.4991657399,444068.5,0.0,0.0,1,1
9869,557983.4991657399,444068.5,0.0,0.0,1,1
9870,557983.4991657399,444068.5,0.0,0.0,1,1
9871,557983.4991657399,444068.5,0.0,0.0,1,1
9872,557983.4991657399,444068.5,0.0,0.0,1,1
9873,557983.4991657399,444068.5,0.0,0.0,1,1
9874,557983.4991657399,444068.5,0.0,0.0,1,1
9875,557983.4991657399,444068.5,0.0,0.0,1,1
9876,557983.4991657399,444068.5,0.0,0.0,1,1
9877,557983.4991657399,444068.5,0.0,0.0,1,1
9878,557983.4991657399,444068.5,0.0,0.0,1,1
9879,557983.4991657399,444068.5,0.0,0.0,1,1
9880,557983.4991657399,444068.5,0.0,0.0,1,1
9881,557983.4991657399,444068.5,0.0,0.0,1,1
9882,557983.4991657399,444068.5,0.0,0.0,1,1
9883,558023.9991657399,444068.5,0.0,0.0,1,1
9884,558023.9991657399,444068.5,0.0,0.0,1,1
9885,558023.9991657399,444068.5,0.0,0.0,1,1
9886,558023.9991657399,444068.5,0.0,0.0,1,1
9887,558023.9991657399,444068.5,0.0,0.0,1,1
9888,558023.9991657399,444068.5,0.0,0.0,1,1
9889,558023.9991657399,444068.5,0.0,0.0,1,1
9890,558023.9991657399,444068.5,0.0,0.0,1,1
9891,558023.9991657399,444068.5,0.0,0.0,1,1
9892,558003.4988320358,444068.5,0.0,0.0,1,1
9893,558003.4988320358,444068.5,0.0,0.0,1,1
9894,558003.4988320358,444068.5,0.0,0.0,1,1
9895,558665.4991657399,444068.5,0.0,0.0,1,1
9896,558665.4991657399,444068.5,0.0,0.0,1,1
9897,558665.4991657399,444068.5,0.0,0.0,1,1
9898,558665.4991657399,444068.5,0.0,0.0,1,1
9899,558665.4991657399,444068.5,0.0,0.0,1,1
9900,558665.4991657399,444068.5,0.0,0.0,1,1
9901,558665.4991657399,444068.5,0.0,0.0,1,1
9902,558665.4991657399,444068.5,0.0,0.0,1,1
9903,558665.4991657399,444068.5,0.0,0.0,1,1
9904,558665.4991657399,444068.5,0.0,0.0,1,1
9905,558665.4991657399,444068.5,0.0,0.0,1,1
9906,558665.4991657399,444068.5,0.0,0.0,1,1
9907,558665.4991657399,444068.5,0.0,0.0,1,1
9908,558665.4991657399,444068.5,0.0,0.0,1,1
9909,558665.4991657399,444068.5,0.0,0.0,1,1
9910,558665.4991657399,444068.5,0.0,0.0,1,1
9911,558665.4991657399,444068.5,0.0,0.0,1,1
9912,558665.4991657399,444068.5,0.0,0.0,1,1
9913,558665.4991657399,444068.5,0.0,0.0,1,1
9914,558665.4991657399,444068.5,0.0,0.0,1,1
9915,558665.4991657399,444068.5,0.0,0.0,1,1
9916,558665.4991657399,444068.5,0.0,0.0,1,1
9917,558665.4991657399,444068.5,0.0,0.0,1,1
9918,558665.4991657399,444068.5,0.0,0.0,1,1
9919,558665.4991657399,444068.5,0.0,0.0,1,1
9920,558665.4991657399,444068.5,0.0,0.0,1,1
9921,558665.4991657399,444068.5,0.0,0.0,1,1
9922,558665.4991657399,444068.5,0.0,0.0,1,1
9923,559784.9991657399,444068.5,0.0,0.0,1,1
9924,559784.9991657399,444068.5,0.0,0.0,1,1
9925,559784.9991657399,444068.5,0.0,0.0,1,1
9926,559784.9991657399,444068.5,0.0,0.0,1,1
9927,559784.9991657399,444068.5,0.0,0.0,1,1
9928,559784.9991657399,444068.5,0.0,0.0,1,1
9929,559784.9991657399,444068.5,0.0,0.0,1,1
9930,559784.9991657399,444068.5,0.0,0.0,1,1
9931,559784.9991657399,444068.5,0.0,0.0,1,1
9932,559884.9993325919,444068.5,0.0,0.0,1,1
9933,559884.9993325919,444068.5,0.0,0.0,1,1
9934,559884.9993325919,444068.5,0.0,0.0,1,1
9935,559884.9993325919,444068.5,0.0,0.0,1,1
9936,559884.9993325919,444068.5,0.0,0.0,1,1
9937,559884.9993325919,444068.5,0.0,0.0,1,1
9938,559884.9993325919,444068.5,0.0,0.0,1,1
9939,559884.9993325919,444068.5,0.0,0.0,1,1
9940,559884.9993325919,444068.5,0.0,0.0,1,1
9941,559884.9993325919,444068.5,0.0,0.0,1,1
9942,559884.9993325919,444068.5,0.0,0.0,1,1
9943,559884.9993325919,444068.5,0.0,0.0,1,1
9944,559884.9993325919,444068.5,0.0,0.0,1,1
9945,559884.9993325919,444068.5,0.0,0.0,1,1
9946,559884.9993325919,444068.5,0.0,0.0,1,1
9947,559884.9993325919,444068.5,0.0,0.0,1,1
9948,559884.9993325919,444068.5,0.0,0.0,1,1
9949,559884.9993325919,444068.5,0.0,0.0,1,1
9950,559884.9993325919,444068.5,0.0,0.0,1,1
9951,559884.9993325919,444068.5,0.0,0.0,1,1
9952,559884.9993325919,444068.5,0.0,0.0,1,1
9953,559884.9993325919,444068.5,0.0,0.0,1,1
9954,559884.9993325919,444068.5,0.0,0.0,1,1
9955,560940.9993325919,444068.5,0.0,0.0,1,1
9956,560940.9993325919,444068.5,0.0,0.0,1,1
9957,560940.9993325919,444068.5,0.0,0.0,1,1
9958,560940.9993325919,444068.5,0.0,0.0,1,1
9959,560940.9993325919,444068.5,0.0,0.0,1,1
9960,560940.9993325919,444068.5,0.0,0.0,1,1
9961,560940.9993325919,444068.5,0.0,0.0,1,1
9962,560940.9993325919,444068.5,0.0,0.0,1,1
9963,560940.9993325919,444068.5,0.0,0.0,1,1
9964,560940.9993325919,444068.5,0.0,0.0,1,1
9965,560940.9993325919,444068.5,0.0,0.0,1,1
9966,560940.9993325919,444068.5,0.0,0.0,1,1
9967,560940.9993325919,444068.5,0.0,0.0,1,1
9968,560940.9993325919,444068.5,0.0,0.0,1,1
9969,560940.9993325919,444068.5,0.0,0.0,1,1
9970,560882.499666296,444068.5,0.0,0.0,1,1
9971,560882.499666296,444068.5,0.0,0.0,1,1
9972,560882.499666296,444068.5,0.0,0.0,1,1
9973,560882.499666296,444068.5,0.0,0.0,1,1
9974,560882.499666296,444068.5,0.0,0.0,1,1
9975,560882.499666296,444068.5,0.0,0.0,1,1
9976,560882.499666296,444068.5,0.0,0.0,1,1
9977,560882.499666296,444068.5,0.0,0.0,1,1
9978,560882.499666296,444068.5,0.0,0.0,1,1
9979,561496.999833148,444068.5,0.0,0.0,1,1
9980,561496.999833148,444068.5,0.0,0.0,1,1
9981,561496.999833148,444068.5,0.0,0.0,1,1
9982,561496.999833148,444068.5,0.0,0.0,1,1
9983,561496.999833148,444068.5,0.0,0.0,1,1
9984,561496.999833148,444068.5,0.0,0.0,1,1
9985,561496.999833148,444068.5,0.0,0.0,1,1
9986,561496.999833148,444068.5,0.0,0.0,1,1
9987,561496.999833148,444068.5,0.0,0.0,1,1
9988,561496.999833148,444068.5,0.0,0.0,1,1
9989,561496.999833148,444068.5,0.0,0.0,1,1
9990,561496.999833148,444068.5,0.0,0.0,1,1
9991,561496.999833148,444068.5,0.0,0.0,1,1
9992,561496.999833148,444068.5,0.0,0.0,1,1
9993,561496.999833148,444068.5,0.0,0.0,1,1
9994,561496.999833148,444068.5,0.0,0.0,1,1
9995,561496.999833148,444068.5,0.0,0.0,1,1
9996,561496.999833148,444068.5,0.0,0.0,1,1
9997,561496.999833148,444068.5,0.0,0.0,1,1
9998,561496.999833148,444068.5,0.0,0.0,1,1
9999,561496.999833148,444068.5,0.0,0.0,1,1
10000,561496.999833148,444068.5,0.0,0.0,1,1
10001,561080.999833148,444068.5,0.0,0.0,1,1
10002,561080.999833148,444068.5,0.0,0.0,1,1
10003,561080.999833148,444068.5,0.0,0.0,1,1
10004,561080.999833148,444068.5,0.0,0.0,1,1
10005,561080.999833148,444068.5,0.0,0.0,1,1
10006,561080.999833148,444068.5,0.0,0.0,1,1
10007,561080.999833148,444068.5,0.0,0.0,1,1
10008,561080.999833148,444068.5,0.0,0.0,1,1
10009,561080.999833148,444068.5,0.0,0.0,1,1
10010,561080.999833148,444068.5,0.0,0.0,1,1
10011,561080.999833148,444068.5,0.0,0.0,1,1
10012,561080.999833148,444068.5,0.0,0.0,1,1
10013,561080.999833148,444068.5,0.0,0.0,1,1
10014,561080.999833148,444068.5,0.0,0.0,1,1
10015,561080.999833148,444068.5,0.0,0.0,1,1
10016,561080.999833148,444068.5,0.0,0.0,1,1
10017,561080.999833148,444068.5,0.0,0.0,1,1
10018,561080.999833148,444068.5,0.0,0.0,1,1
10019,561080.999833148,444068.5,0.0,0.0,1,1
10020,561080.999833148,444068.5,0.0,0.0,1,1
10021,561080.999833148,444068.5,0.0,0.0,1,1
10022,561080.999833148,444068.5,0.0,0.0,1,1
10023,561080.999833148,444068.5,0.0,0.0,1,1
10024,561180.5,444068.5,0.0,0.0,1,1
10025,561180.5,444068.5,0.0,0.0,1,1
10026,561180.5,444068.5,0.0,0.0,1,1
10027,561180.5,444068.5,0.0,0.0,1,1
10028,561180.5,444068.5,0.0,0.0,1,1
10029,561180.5,444068.5,0.0,0.0,1,1
10030,561279.0,444068.5,0.0,0.0,1,1
10031,561279.0,444068.5,0.0,0.0,1,1
10032,561279.0,444068.5,0.0,0.0,1,1
10033,561279.0,444068.5,0.0,0.0,1,1
10034,561279.0,444068.5,0.0,0.0,1,1
10035,561279.0,444068.5,0.0,0.0,1,1
10036,561279.0,444068.5,0.0,0.0,1,1
10037,560709.0,444068.5,0.0,0.0,1,1
10038,560709.0,444068.5,0.0,0.0,1,1
10039,560709.0,444068.5,0.0,0.0,1,1
10040,560709.0,444068.5,0.0,0.0,1,1
10041,560709.0,444068.5,0.0,0.0,1,1
10042,560709.0,444068.5,0.0,0.0,1,1
10043,560709.0,444068.5,0.0,0.0,1,1
10044,560709.0,444068.5,0.0,0.0,1,1
10045,560709.0,444068.5,0.0,0.0,1,1
10046,560709.0,444068.5,0.0,0.0,1,1
10047,560709.0,444068.5,0.0,0.0,1,1
10048,560709.0,444068.5,0.0,0.0,1,1
10049,560709.0,444068.5,0.0,0.0,1,1
10050,560709.0,444068.5,0.0,0.0,1,1
10051,560709.0,444068.5,0.0,0.0,1,1
10052,560709.0,444068.5,0.0,0.0,1,1
10053,560709.0,444068.5,0.0,0.0,1,1
10054,560709.0,444068.5,0.0,0.0,1,1
10055,560709.0,444068.5,0.0,0.0,1,1
10056,560709.0,444068.5,0.0,0.0,1,1
10057,560709.0,444068.5,0.0,0.0,1,1
10058,560688.0,444068.5,0.0,0.0,1,1
10059,560688.0,444068.5,0.0,0.0,1,1
10060,560688.0,444068.5,0.0,0.0,1,1
10061,560769.0,444068.5,0.0,0.0,1,1
10062,560769.0,444068.5,0.0,0.0,1,1
10063,560769.0,444068.5,0.0,0.0,1,1
10064,560720.5,444068.5,0.0,0.0,1,1
10065,560312.0,444068.5,0.0,0.0,1,1
10066,560312.0,444068.5,0.0,0.0,1,1
10067,560312.0,444068.5,0.0,0.0,1,1
10068,560312.0,444068.5,0.0,0.0,1,1
10069,560312.0,444068.5,0.0,0.0,1,1
10070,560312.0,444068.5,0.0,0.0,1,1
10071,560370.0,444068.5,0.0,0.0,1,1
10072,560370.0,444068.5,0.0,0.0,1,1
10073,560370.0,444068.5,0.0,0.0,1,1
10074,560455.0,444068.5,0.0,0.0,1,1
10075,560455.0,444068.5,0.0,0.0,1,1
10076,560455.0,444068.5,0.0,0.0,1,1
10077,560455.0,444068.5,0.0,0.0,1,1
10078,560455.0,444068.5,0.0,0.0,1,1
10079,560455.0,444068.5,0.0,0.0,1,1
10080,560455.0,444068.5,0.0,0.0,1,1
10081,560455.0,444068.5,0.0,0.0,1,1
10082,560455.0,444068.5,0.0,0.0,1,1
10083,560455.0,444068.5,0.0,0.0,1,1
10084,560455.0,444068.5,0.0,0.0,1,1
10085,560455.0,444068.5,0.0,0.0,1,1
10086,560455.0,444068.5,0.0,0.0,1,1
10087,560455.0,444068.5,0.0,0.0,1,1
10088,560325.0,444068.5,0.0,0.0,1,1
10089,560325.0,444068.5,0.0,0.0,1,1
10090,560325.0,444068.5,0.0,0.0,1,1
10091,560325.0,444068.5,0.0,0.0,1,1
10092,560325.0,444068.5,0.0,0.0,1,1
10093,560325.0,444068.5,0.0,0.0,1,1
10094,560325.0,444068.5,0.0,0.0,1,1
10095,560325.0,444068.5,0.0,0.0,1,1
10096,560325.0,444068.5,0.0,0.0,1,1
10097,560325.0,444068.5,0.0,0.0,1,1
10098,560325.0,444068.5,0.0,0.0,1,1
10099,560325.0,444068.5,0.0,0.0,1,1
10100,560325.0,444068.5,0.0,0.0,1,1
10101,560325.0,444068.5,0.0,0.0,1,1
10102,560325.0,444068.5,0.0,0.0,1,1
10103,560325.0,444068.5,0.0,0.0,1,1
10104,560325.0,444068.5,0.0,0.0,1,1
10105,560325.0,444068.5,0.0,0.0,1,1
10106,560325.0,444068.5,0.0,0.0,1,1
10107,560325.0,444068.5,0.0,0.0,1,1
10108,560325.0,444068.5,0.0,0.0,1,1
10109,560325.0,444068.5,0.0,0.0,1,1
10110,560520.0,444068.5,0.0,0.0,1,1
10111,560520.0,444068.5,0.0,0.0,1,1
10112,560520.0,444068.5,0.0,0.0,1,1
10113,560520.0,444068.5,0.0,0.0,1,1
10114,560520.0,444068.5,0.0,0.0,1,1
10115,560520.0,444068.5,0.0,0.0,1,1
10116,560520.0,444068.5,0.0,0.0,1,1
10117,560520.0,444068.5,0.0,0.0,1,1
10118,560520.0,444068.5,0.0,0.0,1,1
10119,560520.0,444068.5,0.0,0.0,1,1
10120,560520.0,444068.5,0.0,0.0,1,1
10121,560520.0,444068.5,0.0,0.0,1,1
10122,560520.0,444068.5,0.0,0.0,1,1
10123,560520.0,444068.5,0.0,0.0,1,1
10124,560520.0,444068.5,0.0,0.0,1,1
10125,560520.0,444068.5,0.0,0.0,1,1
10126,560520.0,444068.5,0.0,0.0,1,1
10127,560520.0,444068.5,0.0,0.0,1,1
10128,560520.0,444068.5,0.0,0.0,1,1
10129,560520.0,444068.5,0.0,0.0,1,1
10130,560520.0,444068.5,0.0,0.0,1,1
10131,560819.0,444068.5,0.0,0.0,1,1
10132,560819.0,444068.5,0.0,0.0,1,1
10133,560819.0,444068.5,0.0,0.0,1,1
10134,560819.0,444068.5,0.0,0.0,1,1
10135,560819.0,444068.5,0.0,0.0,1,1
10136,560819.0,444068.5,0.0,0.0,1,1
10137,560819.0,444068.5,0.0,0.0,1,1
10138,560819.0,444068.5,0.0,0.0,1,1
10139,560660.0,444068.5,0.0,0.0,1,1
10140,560660.0,444068.5,0.0,0.0,1,1
10141,560660.0,444068.5,0.0,0.0,1,1
10142,560660.0,444068.5,0.0,0.0,1,1
10143,560660.0,444068.5,0.0,0.0,1,1
10144,560660.0,444068.5,0.0,0.0,1,1
10145,560660.0,444068.5,0.0,0.0,1,1
10146,560660.0,444068.5,0.0,0.0,1,1
10147,560660.0,444068.5,0.0,0.0,1,1
10148,560660.0,444068.5,0.0,0.0,1,1
10149,560660.0,444068.5,0.0,0.0,1,1
10150,560660.0,444068.5,0.0,0.0,1,1
10151,560660.0,444068.5,0.0,0.0,1,1
10152,560660.0,444068.5,0.0,0.0,1,1
10153,560660.0,444068.5,0.0,0.0,1,1
10154,560660.0,444068.5,0.0,0.0,1,1
10155,560660.0,444068.5,0.0,0.0,1,1
10156,560660.0,444068.5,0.0,0.0,1,1
10157,560588.5,444068.5,0.0,0.0,1,1
10158,560588.5,444068.5,0.0,0.0,1,1
10159,560588.5,444068.5,0.0,0.0,1,1
10160,560588.5,444068.5,0.0,0.0,1,1
10161,560588.5,444068.5,0.0,0.0,1,1
10162,560588.5,444068.5,0.0,0.0,1,1
10163,560588.5,444068.5,0.0,0.0,1,1
10164,560588.5,444068.5,0.0,0.0,1,1
10165,560588.5,444068.5,0.0,0.0,1,1
10166,560588.5,444068.5,0.0,0.0,1,1
10167,560588.5,444068.5,0.0,0.0,1,1
10168,560588.5,444068.5,0.0,0.0,1,1
10169,560588.5,444068.5,0.0,0.0,1,1
10170,560588.5,444068.5,0.0,0.0,1,1
10171,560588.5,444068.5,0.0,0.0,1,1
10172,560588.5,444068.5,0.0,0.0,1,1
10173,560588.5,444068.5,0.0,0.0,1,1
10174,560588.5,444068.5,0.0,0.0,1,1
10175,560588.5,444068.5,0.0,0.0,1,1
10176,560588.5,444068.5,0.0,0.0,1,1
10177,560588.5,444068.5,0.0,0.0,1,1
10178,560588.5,444068.5,0.0,0.0,1,1
10179,560588.5,444068.5,0.0,0.0,1,1
10180,560588.5,444068.5,0.0,0.0,1,1
10181,560588.5,444068.5,0.0,0.0,1,1
10182,560588.5,444068.5,0.0,0.0,1,1
10183,560588.5,444068.5,0.0,0.0,1,1
10184,560588.5,444068.5,0.0,0.0,1,1
10185,560588.5,444068.5,0.0,0.0,1,1
10186,560588.5,444068.5,0.0,0.0,1,1
10187,560588.5,444068.5,0.0,0.0,1,1
10188,560393.5,444068.5,0.0,0.0,1,1
10189,560393.5,444068.5,0.0,0.0,1,1
10190,560393.5,444068.5,0.0,0.0,1,1
10191,560393.5,444068.5,0.0,0.0,1,1
10192,560393.5,444068.5,0.0,0.0,1,1
10193,560393.5,444068.5,0.0,0.0,1,1
10194,560393.5,444068.5,0.0,0.0,1,1
10195,560393.5,444068.5,0.0,0.0,1,1
10196,560393.5,444068.5,0.0,0.0,1,1
10197,558689.0,444068.5,0.0,0.0,1,1
10198,558689.0,444068.5,0.0,0.0,1,1
10199,558689.0,444068.5,0.0,0.0,1,1
10200,558689.0,444068.5,0.0,0.0,1,1
10201,558689.0,444068.5,0.0,0.0,1,1
10202,558689.0,444068.5,0.0,0.0,1,1
10203,558689.0,444068.5,0.0,0.0,1,1
10204,558689.0,444068.5,0.0,0.0,1,1
10205,558689.0,444068.5,0.0,0.0,1,1
10206,558689.0,444068.5,0.0,0.0,1,1
10207,558689.0,444068.5,0.0,0.0,1,1
10208,558689.0,444068.5,0.0,0.0,1,1
10209,558689.0,444068.5,0.0,0.0,1,1
10210,558689.0,444068.5,0.0,0.0,1,1
10211,558689.0,444068.5,0.0,0.0,1,1
10212,558689.0,444068.5,0.0,0.0,1,1
10213,558689.0,444068.5,0.0,0.0,1,1
10214,558689.0,444068.5,0.0,0.0,1,1
10215,558689.0,444068.5,0.0,0.0,1,1
10216,558689.0,444068.5,0.0,0.0,1,1
10217,558689.0,444068.5,0.0,0.0,1,1
10218,558689.0,444068.5,0.0,0.0,1,1
10219,558689.0,444068.5,0.0,0.0,1,1
10220,558689.0,444068.5,0.0,0.0,1,1
10221,558689.0,444068.5,0.0,0.0,1,1
10222,558762.5,444068.5,0.0,0.0,1,1
10223,558762.5,444068.5,0.0,0.0,1,1
10224,558762.5,444068.5,0.0,0.0,1,1
10225,558762.5,444068.5,0.0,0.0,1,1
10226,558762.5,444068.5,0.0,0.0,1,1
10227,558762.5,444068.5,0.0,0.0,1,1
10228,558762.5,444068.5,0.0,0.0,1,1
10229,558762.5,444068.5,0.0,0.0,1,1
10230,558751.0,444068.5,0.0,0.0,1,1
10231,558751.0,444068.5,0.0,0.0,1,1
10232,558751.0,444068.5,0.0,0.0,1,1
10233,558751.0,444068.5,0.0,0.0,1,1
10234,558751.0,444068.5,0.0,0.0,1,1
10235,558751.0,444068.5,0.0,0.0,1,1
10236,558751.0,444068.5,0.0,0.0,1,1
10237,558751.0,444068.5,0.0,0.0,1,1
10238,558751.0,444068.5,0.0,0.0,1,1
10239,558751.0,444068.5,0.0,0.0,1,1
10240,558751.0,444068.5,0.0,0.0,1,1
10241,558751.0,444068.5,0.0,0.0,1,1
10242,558751.0,444068.5,0.0,0.0,1,1
10243,558751.0,444068.5,0.0,0.0,1,1
10244,558751.0,444068.5,0.0,0.0,1,1
10245,558751.0,444068.5,0.0,0.0,1,1
10246,558751.0,444068.5,0.0,0.0,1,1
10247,558751.0,444068.5,0.0,0.0,1,1
10248,558938.5,444068.5,0.0,0.0,1,1
10249,558938.5,444068.5,0.0,0.0,1,1
10250,558938.5,444068.5,0.0,0.0,1,1
10251,558938.5,444068.5,0.0,0.0,1,1
10252,558938.5,444068.5,0.0,0.0,1,1
10253,558938.5,444068.5,0.0,0.0,1,1
10254,558938.5,444068.5,0.0,0.0,1,1
10255,558938.5,444068.5,0.0,0.0,1,1
10256,558938.5,444068.5,0.0,0.0,1,1
10257,558938.5,444068.5,0.0,0.0,1,1
10258,560978.5,444068.5,0.0,0.0,1,1
10259,560978.5,444068.5,0.0,0.0,1,1
10260,560978.5,444068.5,0.0,0.0,1,1
10261,560978.5,444068.5,0.0,0.0,1,1
10262,560978.5,444068.5,0.0,0.0,1,1
10263,560978.5,444068.5,0.0,0.0,1,1
10264,560978.5,444068.5,0.0,0.0,1,1
10265,560978.5,444068.5,0.0,0.0,1,1
10266,560978.5,444068.5,0.0,0.0,1,1
10267,560978.5,444068.5,0.0,0.0,1,1
10268,560978.5,444068.5,0.0,0.0,1,1
10269,560978.5,444068.5,0.0,0.0,1,1
10270,560978.5,444068.5,0.0,0.0,1,1
10271,560978.5,444068.5,0.0,0.0,1,1
10272,560978.5,444068.5,0.0,0.0,1,1
10273,560978.5,444068.5,0.0,0.0,1,1
10274,560978.5,444068.5,0.0,0.0,1,1
10275,560978.5,444068.5,0.0,0.0,1,1
10276,560978.5,444068.5,0.0,0.0,1,1
10277,560978.5,444068.5,0.0,0.0,1,1
10278,560978.5,444068.5,0.0,0.0,1,1
10279,560978.5,444068.5,0.0,0.0,1,1
10280,560978.5,444068.5,0.0,0.0,1,1
10281,560978.5,444068.5,0.0,0.0,1,1
10282,560978.5,444068.5,0.0,0.0,1,1
10283,560978.5,444068.5,0.0,0.0,1,1
10284,560978.5,444068.5,0.0,0.0,1,1
10285,560978.5,444068.5,0.0,0.0,1,1
10286,560978.5,444068.5,0.0,0.0,1,1
10287,560978.5,444068.5,0.0,0.0,1,1
10288,560978.5,444068.5,0.0,0.0,1,1
10289,560978.5,444068.5,0.0,0.0,1,1
10290,560978.5,444068.5,0.0,0.0,1,1
10291,560978.5,444068.5,0.0,0.0,1,1
10292,560978.5,444068.5,0.0,0.0,1,1
10293,560978.5,444068.5,0.0,0.0,1,1
10294,560978.5,444068.5,0.0,0.0,1,1
10295,560978.5,444068.5,0.0,0.0,1,1
10296,560978.5,444068.5,0.0,0.0,1,1
10297,560978.5,444068.5,0.0,0.0,1,1
10298,560978.5,444068.5,0.0,0.0,1,1
10299,560978.5,444068.5,0.0,0.0,1,1
10300,560978.5,444068.5,0.0,0.0,1,1
10301,560978.5,444068.5,0.0,0.0,1,1
10302,560978.5,444068.5,0.0,0.0,1,1
10303,560978.5,444068.5,0.0,0.0,1,1
10304,560978.5,444068.5,0.0,0.0,1,1
10305,560978.5,444068.5,0.0,0.0,1,1
10306,560978.5,444068.5,0.0,0.0,1,1
10307,560978.5,444068.5,0.0,0.0,1,1
10308,560978.5,444068.5,0.0,0.0,1,1
10309,560978.5,444068.5,0.0,0.0,1,1
10310,560978.5,444068.5,0.0,0.0,1,1
10311,560978.5,444068.5,0.0,0.0,1,1
10312,560978.5,444068.5,0.0,0.0,1,1
10313,560978.5,444068.5,0.0,0.0,1,1
10314,560978.5,444068.5,0.0,0.0,1,1
10315,560978.5,444068.5,0.0,0.0,1,1
10316,560978.5,444068.5,0.0,0.0,1,1
10317,560978.5,444068.5,0.0,0.0,1,1
10318,560978.5,444068.5,0.0,0.0,1,1
10319,560978.5,444068.5,0.0,0.0,1,1
10320,560978.5,444068.5,0.0,0.0,1,1
10321,560978.5,444068.5,0.0,0.0,1,1
10322,560838.5,444068.5,0.0,0.0,1,1
10323,560838.5,444068.5,0.0,0.0,1,1
10324,560838.5,444068.5,0.0,0.0,1,1
10325,560838.5,444068.5,0.0,0.0,1,1
10326,560838.5,444068.5,0.0,0.0,1,1
10327,560838.5,444068.5,0.0,0.0,1,1
10328,560838.5,444068.5,0.0,0.0,1,1
10329,560838.5,444068.5,0.0,0.0,1,1
10330,560838.5,444068.5,0.0,0.0,1,1
10331,560838.5,444068.5,0.0,0.0,1,1
10332,560838.5,444068.5,0.0,0.0,1,1
10333,560838.5,444068.5,0.0,0.0,1,1
10334,560838.5,444068.5,0.0,0.0,1,1
10335,560838.5,444068.5,0.0,0.0,1,1
10336,560838.5,444068.5,0.0,0.0,1,1
10337,560838.5,444068.5,0.0,0.0,1,1
10338,560838.5,444068.5,0.0,0.0,1,1
10339,560838.5,444068.5,0.0,0.0,1,1
10340,560838.5,444068.5,0.0,0.0,1,1
10341,560838.5,444068.5,0.0,0.0,1,1
10342,560838.5,444068.5,0.0,0.0,1,1
10343,560838.5,444068.5,0.0,0.0,1,1
10344,560838.5,444068.5,0.0,0.0,1,1
10345,560838.5,444068.5,0.0,0.0,1,1
10346,560838.5,444068.5,0.0,0.0,1,1
10347,560838.5,444068.5,0.0,0.0,1,1
10348,560838.5,444068.5,0.0,0.0,1,1
10349,560838.5,444068.5,0.0,0.0,1,1
10350,560838.5,444068.5,0.0,0.0,1,1
10351,560838.5,444068.5,0.0,0.0,1,1
10352,560836.5,444068.5,0.0,0.0,1,1
10353,560836.5,444068.5,0.0,0.0,1,1
10354,560836.5,444068.5,0.0,0.0,1,1
10355,560836.5,444068.5,0.0,0.0,1,1
10356,560836.5,444068.5,0.0,0.0,1,1
10357,560836.5,444068.5,0.0,0.0,1,1
10358,560836.5,444068.5,0.0,0.0,1,1
10359,560836.5,444068.5,0.0,0.0,1,1
10360,560836.5,444068.5,0.0,0.0,1,1
10361,560836.5,444068.5,0.0,0.0,1,1
10362,560836.5,444068.5,0.0,0.0,1,1
10363,560836.5,444068.5,0.0,0.0,1,1
10364,560836.5,444068.5,0.0,0.0,1,1
10365,560836.5,444068.5,0.0,0.0,1,1
10366,560836.5,444068.5,0.0,0.0,1,1
10367,560836.5,444068.5,0.0,0.0,1,1
10368,560836.5,444068.5,0.0,0.0,1,1
10369,560836.5,444068.5,0.0,0.0,1,1
10370,560836.5,444068.5,0.0,0.0,1,1
10371,560836.5,444068.5,0.0,0.0,1,1
10372,560836.5,444068.5,0.0,0.0,1,1
10373,560836.5,444068.5,0.0,0.0,1,1
10374,560836.5,444068.5,0.0,0.0,1,1
10375,560836.5,444068.5,0.0,0.0,1,1
10376,560836.5,444068.5,0.0,0.0,1,1
10377,556781.5,444068.5,0.0,0.0,1,1
10378,556781.5,444068.5,0.0,0.0,1,1
10379,556781.5,444068.5,0.0,0.0,1,1
10380,556781.5,444068.5,0.0,0.0,1,1
10381,556781.5,444068.5,0.0,0.0,1,1
10382,556781.5,444068.5,0.0,0.0,1,1
10383,556781.5,444068.5,0.0,0.0,1,1
10384,556781.5,444068.5,0.0,0.0,1,1
10385,556781.5,444068.5,0.0,0.0,1,1
10386,556781.5,444068.5,0.0,0.0,1,1
10387,556781.5,444068.5,0.0,0.0,1,1
10388,556781.5,444068.5,0.0,0.0,1,1
10389,556781.5,444068.5,0.0,0.0,1,1
10390,556781.5,444068.5,0.0,0.0,1,1
10391,556781.5,444068.5,0.0,0.0,1,1
10392,556781.5,444068.5,0.0,0.0,1,1
10393,556781.5,444068.5,0.0,0.0,1,1
10394,556781.5,444068.5,0.0,0.0,1,1
10395,556781.5,444068.5,0.0,0.0,1,1
10396,556781.5,444068.5,0.0,0.0,1,1
10397,558541.5,444068.5,0.0,0.0,1,1
10398,558541.5,444068.5,0.0,0.0,1,1
10399,558541.5,444068.5,0.0,0.0,1,1
10400,558541.5,444068.5,0.0,0.0,1,1
10401,558541.5,444068.5,0.0,0.0,1,1
10402,558541.5,444068.5,0.0,0.0,1,1
10403,558541.5,444068.5,0.0,0.0,1,1
10404,558541.5,444068.5,0.0,0.0,1,1
10405,558541.5,444068.5,0.0,0.0,1,1
10406,558541.5,444068.5,0.0,0.0,1,1
10407,558541.5,444068.5,0.0,0.0,1,1
10408,558541.5,444068.5,0.0,0.0,1,1
10409,558541.5,444068.5,0.0,0.0,1,1
10410,558541.5,444068.5,0.0,0.0,1,1
10411,558541.5,444068.5,0.0,0.0,1,1
10412,558541.5,444068.5,0.0,0.0,1,1
10413,558541.5,444068.5,0.0,0.0,1,1
10414,558541.5,444068.5,0.0,0.0,1,1
10415,558541.5,444068.5,0.0,0.0,1,1
10416,558541.5,444068.5,0.0,0.0,1,1
10417,558541.5,444068.5,0.0,0.0,1,1
10418,558541.5,444068.5,0.0,0.0,1,1
10419,558541.5,444068.5,0.0,0.0,1,1
10420,558541.5,444068.5,0.0,0.0,1,1
10421,558541.5,444068.5,0.0,0.0,1,1
10422,558541.5,444068.5,0.0,0.0,1,1
10423,558541.5,444068.5,0.0,0.0,1,1
10424,558541.5,444068.5,0.0,0.0,1,1
10425,558541.5,444068.5,0.0,0.0,1,1
10426,558541.5,444068.5,0.0,0.0,1,1
10427,558541.5,444068.5,0.0,0.0,1,1
10428,558541.5,444068.5,0.0,0.0,1,1
10429,558541.5,444068.5,0.0,0.0,1,1
10430,558541.5,444068.5,0.0,0.0,1,1
10431,558541.5,444068.5,0.0,0.0,1,1
10432,558541.5,444068.5,0.0,0.0,1,1
10433,558541.5,444068.5,0.0,0.0,1,1
10434,557891.5,444068.5,0.0,0.0,1,1
10435,557891.5,444068.5,0.0,0.0,1,1
10436,557891.5,444068.5,0.0,0.0,1,1
10437,557891.5,444068.5,0.0,0.0,1,1
10438,557891.5,444068.5,0.0,0.0,1,1
10439,557891.5,444068.5,0.0,0.0,1,1
10440,557891.5,444068.5,0.0,0.0,1,1
10441,557891.5,444068.5,0.0,0.0,1,1
10442,557891.5,444068.5,0.0,0.0,1,1
10443,557891.5,444068.5,0.0,0.0,1,1
10444,557891.5,444068.5,0.0,0.0,1,1
10445,557891.5,444068.5,0.0,0.0,1,1
10446,557891.5,444068.5,0.0,0.0,1,1
10447,557891.5,444068.5,0.0,0.0,1,1
10448,557891.5,444068.5,0.0,0.0,1,1
10449,558308.5,444068.5,0.0,0.0,1,1
10450,558308.5,444068.5,0.0,0.0,1,1
10451,558308.5,444068.5,0.0,0.0,1,1
10452,558308.5,444068.5,0.0,0.0,1,1
10453,558308.5,444068.5,0.0,0.0,1,1
10454,558308.5,444068.5,0.0,0.0,1,1
10455,558221.5,444068.5,0.0,0.0,1,1
10456,558221.5,444068.5,0.0,0.0,1,1
10457,558221.5,444068.5,0.0,0.0,1,1
10458,558221.5,444068.5,0.0,0.0,1,1
10459,558221.5,444068.5,0.0,0.0,1,1
10460,558221.5,444068.5,0.0,0.0,1,1
10461,558221.5,444068.5,0.0,0.0,1,1
10462,558221.5,444068.5,0.0,0.0,1,1
10463,558221.5,444068.5,0.0,0.0,1,1
10464,558221.5,444068.5,0.0,0.0,1,1
10465,558221.5,444068.5,0.0,0.0,1,1
10466,558221.5,444068.5,0.0,0.0,1,1
10467,558221.5,444068.5,0.0,0.0,1,1
10468,558221.5,444068.5,0.0,0.0,1,1
10469,558221.5,444068.5,0.0,0.0,1,1
10470,558221.5,444068.5,0.0,0.0,1,1
10471,558221.5,444068.5,0.0,0.0,1,1
10472,558221.5,444068.5,0.0,0.0,1,1
10473,558221.5,444068.5,0.0,0.0,1,1
10474,558221.5,444068.5,0.0,0.0,1,1
10475,558221.5,444068.5,0.0,0.0,1,1
10476,558221.5,444068.5,0.0,0.0,1,1
10477,558221.5,444068.5,0.0,0.0,1,1
10478,558221.5,444068.5,0.0,0.0,1,1
10479,558221.5,444068.5,0.0,0.0,1,1
10480,558221.5,444068.5,0.0,0.0,1,1
10481,558221.5,444068.5,0.0,0.0,1,1
10482,558221.5,444068.5,0.0,0.0,1,1
10483,558221.5,444068.5,0.0,0.0,1,1
10484,558221.5,444068.5,0.0,0.0,1,1
10485,558221.5,444068.5,0.0,0.0,1,1
10486,558221.5,444068.5,0.0,0.0,1,1
10487,558221.5,444068.5,0.0,0.0,1,1
10488,558221.5,444068.5,0.0,0.0,1,1
10489,558218.5,444068.5,0.0,0.0,1,1
10490,558218.5,444068.5,0.0,0.0,1,1
10491,558218.5,444068.5,0.0,0.0,1,1
10492,557990.0,444068.5,0.0,0.0,1,1
10493,557990.0,444068.5,0.0,0.0,1,1
10494,557990.0,444068.5,0.0,0.0,1,1
10495,557990.0,444068.5,0.0,0.0,1,1
10496,557990.0,444068.5,0.0,0.0,1,1
10497,557990.0,444068.5,0.0,0.0,1,1
10498,557990.0,444068.5,0.0,0.0,1,1
10499,557990.0,444068.5,0.0,0.0,1,1
10500,557990.0,444068.5,0.0,0.0,1,1
10501,557990.0,444068.5,0.0,0.0,1,1
10502,557990.0,444068.5,0.0,0.0,1,1
10503,557990.0,444068.5,0.0,0.0,1,1
10504,557990.0,444068.5,0.0,0.0,1,1
10505,557990.0,444068.5,0.0,0.0,1,1
10506,557990.0,444068.5,0.0,0.0,1,1
10507,557776.0,444068.5,0.0,0.0,1,1
10508,557776.0,444068.5,0.0,0.0,1,1
10509,557776.0,444068.5,0.0,0.0,1,1
10510,557776.0,444068.5,0.0,0.0,1,1
10511,557776.0,444068.5,0.0,0.0,1,1
10512,557776.0,444068.5,0.0,0.0,1,1
10513,555514.5,444068.5,0.0,0.0,1,1
10514,555514.5,444068.5,0.0,0.0,1,1
10515,555514.5,444068.5,0.0,0.0,1,1
10516,555514.5,444068.5,0.0,0.0,1,1
10517,555514.5,444068.5,0.0,0.0,1,1
10518,555514.5,444068.5,0.0,0.0,1,1
10519,555514.5,444068.5,0.0,0.0,1,1
10520,555514.5,444068.5,0.0,0.0,1,1
10521,555514.5,444068.5,0.0,0.0,1,1
10522,555514.5,444068.5,0.0,0.0,1,1
10523,555514.5,444068.5,0.0,0.0,1,1
10524,555536.5,444068.5,0.0,0.0,1,1
10525,555536.5,444068.5,0.0,0.0,1,1
10526,555536.5,444068.5,0.0,0.0,1,1
10527,555536.5,444068.5,0.0,0.0,1,1
10528,555536.5,444068.5,0.0,0.0,1,1
10529,555536.5,444068.5,0.0,0.0,1,1
10530,555536.5,444068.5,0.0,0.0,1,1
10531,555536.5,444068.5,0.0,0.0,1,1
10532,555536.5,444068.5,0.0,0.0,1,1
10533,555536.5,444068.5,0.0,0.0,1,1
10534,555536.5,444068.5,0.0,0.0,1,1
10535,555536.5,444068.5,0.0,0.0,1,1
10536,555536.5,444068.5,0.0,0.0,1,1
10537,555536.5,444068.5,0.0,0.0,1,1
10538,555536.5,444068.5,0.0,0.0,1,1
10539,555536.5,444068.5,0.0,0.0,1,1
10540,555536.5,444068.5,0.0,0.0,1,1
10541,555536.5,444068.5,0.0,0.0,1,1
10542,555536.5,444068.5,0.0,0.0,1,1
10543,555536.5,444068.5,0.0,0.0,1,1
10544,555536.5,444068.5,0.0,0.0,1,1
10545,555536.5,444068.5,0.0,0.0,1,1
10546,554808.5,444068.5,0.0,0.0,1,1
10547,554808.5,444068.5,0.0,0.0,1,1
10548,554808.5,444068.5,0.0,0.0,1,1
10549,554811.0,444068.5,0.0,0.0,1,1
10550,554811.0,444068.5,0.0,0.0,1,1
10551,554811.0,444068.5,0.0,0.0,1,1
10552,554811.0,444068.5,0.0,0.0,1,1
10553,554811.0,444068.5,0.0,0.0,1,1
10554,554811.0,444068.5,0.0,0.0,1,1
10555,554920.0,444068.5,0.0,0.0,1,1
10556,554920.0,444068.5,0.0,0.0,1,1
10557,554920.0,444068.5,0.0,0.0,1,1
10558,554920.0,444068.5,0.0,0.0,1,1
10559,554943.0,444068.5,0.0,0.0,1,1
10560,554943.0,444068.5,0.0,0.0,1,1
10561,554943.0,444068.5,0.0,0.0,1,1
10562,554943.0,444068.5,0.0,0.0,1,1
10563,554943.0,444068.5,0.0,0.0,1,1
10564,554943.0,444068.5,0.0,0.0,1,1
10565,554943.0,444068.5,0.0,0.0,1,1
10566,554943.0,444068.5,0.0,0.0,1,1
10567,554943.0,444068.5,0.0,0.0,1,1
10568,554943.0,444068.5,0.0,0.0,1,1
10569,554943.0,444068.5,0.0,0.0,1,1
10570,554943.0,444068.5,0.0,0.0,1,1
10571,555055.0,444068.5,0.0,0.0,1,1
10572,555055.0,444068.5,0.0,0.0,1,1
10573,555055.0,444068.5,0.0,0.0,1,1
10574,555055.0,444068.5,0.0,0.0,1,1
10575,555055.0,444068.5,0.0,0.0,1,1
10576,555271.5,444068.5,0.0,0.0,1,1
10577,555271.5,444068.5,0.0,0.0,1,1
10578,555271.5,444068.5,0.0,0.0,1,1
10579,555271.5,444068.5,0.0,0.0,1,1
10580,555271.5,444068.5,0.0,0.0,1,1
10581,555271.5,444068.5,0.0,0.0,1,1
10582,555271.5,444068.5,0.0,0.0,1,1
10583,555271.5,444068.5,0.0,0.0,1,1
10584,555271.5,444068.5,0.0,0.0,1,1
10585,555271.5,444068.5,0.0,0.0,1,1
10586,555271.5,444068.5,0.0,0.0,1,1
10587,555271.5,444068.5,0.0,0.0,1,1
10588,555271.5,444068.5,0.0,0.0,1,1
10589,555271.5,444068.5,0.0,0.0,1,1
10590,555271.5,444068.5,0.0,0.0,1,1
10591,555271.5,444068.5,0.0,0.0,1,1
10592,555271.5,444068.5,0.0,0.0,1,1
10593,555271.5,444068.5,0.0,0.0,1,1
10594,555271.5,444068.5,0.0,0.0,1,1
10595,555271.5,444068.5,0.0,0.0,1,1
10596,555382.0,444068.5,0.0,0.0,1,1
10597,555382.0,444068.5,0.0,0.0,1,1
10598,555382.0,444068.5,0.0,0.0,1,1
10599,555382.0,444068.5,0.0,0.0,1,1
10600,555382.0,444068.5,0.0,0.0,1,1
10601,555382.0,444068.5,0.0,0.0,1,1
10602,555382.0,444068.5,0.0,0.0,1,1
10603,555382.0,444068.5,0.0,0.0,1,1
10604,555382.0,444068.5,0.0,0.0,1,1
10605,555382.0,444068.5,0.0,0.0,1,1
10606,555436.5,444068.5,0.0,0.0,1,1
10607,555436.5,444068.5,0.0,0.0,1,1
10608,555436.5,444068.5,0.0,0.0,1,1
10609,555436.5,444068.5,0.0,0.0,1,1
10610,555436.5,444068.5,0.0,0.0,1,1
10611,556676.499833148,444068.5,0.0,0.0,1,1
10612,556676.499833148,444068.5,0.0,0.0,1,1
10613,556676.499833148,444068.5,0.0,0.0,1,1
10614,556676.499833148,444068.5,0.0,0.0,1,1
10615,556676.499833148,444068.5,0.0,0.0,1,1
10616,556676.499833148,444068.5,0.0,0.0,1,1
10617,556676.499833148,444068.5,0.0,0.0,1,1
10618,556676.499833148,444068.5,0.0,0.0,1,1
10619,556940.999833148,444068.5,0.0,0.0,1,1
10620,556940.999833148,444068.5,0.0,0.0,1,1
10621,556940.999833148,444068.5,0.0,0.0,1,1
10622,556940.999833148,444068.5,0.0,0.0,1,1
10623,556940.999833148,444068.5,0.0,0.0,1,1
10624,556940.999833148,444068.5,0.0,0.0,1,1
10625,556940.999833148,444068.5,0.0,0.0,1,1
10626,556940.999833148,444068.5,0.0,0.0,1,1
10627,556940.999833148,444068.5,0.0,0.0,1,1
10628,556940.999833148,444068.5,0.0,0.0,1,1
10629,556940.999833148,444068.5,0.0,0.0,1,1
10630,556940.999833148,444068.5,0.0,0.0,1,1
10631,556940.999833148,444068.5,0.0,0.0,1,1
10632,556940.999833148,444068.5,0.0,0.0,1,1
10633,556940.999833148,444068.5,0.0,0.0,1,1
10634,556940.999833148,444068.5,0.0,0.0,1,1
10635,556940.999833148,444068.5,0.0,0.0,1,1
10636,556940.999833148,444068.5,0.0,0.0,1,1
10637,556940.999833148,444068.5,0.0,0.0,1,1
10638,556940.999833148,444068.5,0.0,0.0,1,1
10639,556940.999833148,444068.5,0.0,0.0,1,1
10640,556940.999833148,444068.5,0.0,0.0,1,1
10641,556940.999833148,444068.5,0.0,0.0,1,1
10642,556940.999833148,444068.5,0.0,0.0,1,1
10643,556451.499833148,444068.5,0.0,0.0,1,1
10644,556451.499833148,444068.5,0.0,0.0,1,1
10645,556451.499833148,444068.5,0.0,0.0,1,1
10646,556451.499833148,444068.5,0.0,0.0,1,1
10647,556451.499833148,444068.5,0.0,0.0,1,1
10648,556451.499833148,444068.5,0.0,0.0,1,1
10649,556451.499833148,444068.5,0.0,0.0,1,1
10650,556451.499833148,444068.5,0.0,0.0,1,1
10651,556451.499833148,444068.5,0.0,0.0,1,1
10652,556451.499833148,444068.5,0.0,0.0,1,1
10653,556451.499833148,444068.5,0.0,0.0,1,1
10654,556451.499833148,444068.5,0.0,0.0,1,1
10655,556451.499833148,444068.5,0.0,0.0,1,1
10656,556451.499833148,444068.5,0.0,0.0,1,1
10657,556451.499833148,444068.5,0.0,0.0,1,1
10658,556451.499833148,444068.5,0.0,0.0,1,1
10659,556451.499833148,444068.5,0.0,0.0,1,1
10660,556451.499833148,444068.5,0.0,0.0,1,1
10661,556451.499833148,444068.5,0.0,0.0,1,1
10662,556451.499833148,444068.5,0.0,0.0,1,1
10663,556451.499833148,444068.5,0.0,0.0,1,1
10664,556451.499833148,444068.5,0.0,0.0,1,1
10665,556451.499833148,444068.5,0.0,0.0,1,1
10666,556451.499833148,444068.5,0.0,0.0,1,1
10667,556451.499833148,444068.5,0.0,0.0,1,1
10668,554923.499833148,444068.5,0.0,0.0,1,1
10669,554923.499833148,444068.5,0.0,0.0,1,1
10670,554923.499833148,444068.5,0.0,0.0,1,1
10671,554923.499833148,444068.5,0.0,0.0,1,1
10672,555097.499666296,444068.5,0.0,0.0,1,1
10673,555097.499666296,444068.5,0.0,0.0,1,1
10674,555097.499666296,444068.5,0.0,0.0,1,1
10675,555097.499666296,444068.5,0.0,0.0,1,1
10676,555097.499666296,444068.5,0.0,0.0,1,1
10677,555097.499666296,444068.5,0.0,0.0,1,1
10678,555097.499666296,444068.5,0.0,0.0,1,1
10679,555097.499666296,444068.5,0.0,0.0,1,1
10680,555097.499666296,444068.5,0.0,0.0,1,1
10681,555097.499666296,444068.5,0.0,0.0,1,1
10682,555097.499666296,444068.5,0.0,0.0,1,1
10683,555097.499666296,444068.5,0.0,0.0,1,1
10684,555097.499666296,444068.5,0.0,0.0,1,1
10685,555097.499666296,444068.5,0.0,0.0,1,1
10686,555097.499666296,444068.5,0.0,0.0,1,1
10687,555097.499666296,444068.5,0.0,0.0,1,1
10688,555097.499666296,444068.5,0.0,0.0,1,1
10689,554930.499666296,444068.5,0.0,0.0,1,1
10690,554930.499666296,444068.5,0.0,0.0,1,1
10691,554930.499666296,444068.5,0.0,0.0,1,1
10692,554930.499666296,444068.5,0.0,0.0,1,1
10693,554930.499666296,444068.5,0.0,0.0,1,1
10694,554930.499666296,444068.5,0.0,0.0,1,1
10695,554930.499666296,444068.5,0.0,0.0,1,1
10696,554930.499666296,444068.5,0.0,0.0,1,1
10697,554930.499666296,444068.5,0.0,0.0,1,1
10698,554930.499666296,444068.5,0.0,0.0,1,1
10699,554930.499666296,444068.5,0.0,0.0,1,1
10700,554930.499666296,444068.5,0.0,0.0,1,1
10701,554930.499666296,444068.5,0.0,0.0,1,1
10702,554930.499666296,444068.5,0.0,0.0,1,1
10703,555294.499666296,444068.5,0.0,0.0,1,1
10704,555294.499666296,444068.5,0.0,0.0,1,1
10705,555294.499666296,444068.5,0.0,0.0,1,1
10706,555294.499666296,444068.5,0.0,0.0,1,1
10707,555294.499666296,444068.5,0.0,0.0,1,1
10708,555294.499666296,444068.5,0.0,0.0,1,1
10709,555294.499666296,444068.5,0.0,0.0,1,1
10710,555294.499666296,444068.5,0.0,0.0,1,1
10711,555294.499666296,444068.5,0.0,0.0,1,1
10712,555294.499666296,444068.5,0.0,0.0,1,1
10713,555294.499666296,444068.5,0.0,0.0,1,1
10714,555294.499666296,444068.5,0.0,0.0,1,1
10715,555294.499666296,444068.5,0.0,0.0,1,1
10716,555294.499666296,444068.5,0.0,0.0,1,1
10717,555294.499666296,444068.5,0.0,0.0,1,1
10718,555294.499666296,444068.5,0.0,0.0,1,1
10719,555294.499666296,444068.5,0.0,0.0,1,1
10720,555294.499666296,444068.5,0.0,0.0,1,1
10721,555294.499666296,444068.5,0.0,0.0,1,1
10722,555294.499666296,444068.5,0.0,0.0,1,1
10723,555294.499666296,444068.5,0.0,0.0,1,1
10724,555294.499666296,444068.5,0.0,0.0,1,1
10725,554930.499666296,444068.5,0.0,0.0,1,1
10726,554930.499666296,444068.5,0.0,0.0,1,1
10727,554930.499666296,444068.5,0.0,0.0,1,1
10728,554930.499666296,444068.5,0.0,0.0,1,1
10729,554930.499666296,444068.5,0.0,0.0,1,1
10730,554930.499666296,444068.5,0.0,0.0,1,1
10731,554930.499666296,444068.5,0.0,0.0,1,1
10732,554930.499666296,444068.5,0.0,0.0,1,1
10733,554930.499666296,444068.5,0.0,0.0,1,1
10734,554930.499666296,444068.5,0.0,0.0,1,1
10735,554920.999666296,444068.5,0.0,0.0,1,1
10736,554920.999666296,444068.5,0.0,0.0,1,1
10737,554920.999666296,444068.5,0.0,0.0,1,1
10738,554920.999666296,444068.5,0.0,0.0,1,1
10739,554920.999666296,444068.5,0.0,0.0,1,1
10740,554920.999666296,444068.5,0.0,0.0,1,1
10741,554920.999666296,444068.5,0.0,0.0,1,1
10742,554920.999666296,444068.5,0.0,0.0,1,1
10743,554920.999666296,444068.5,0.0,0.0,1,1
10744,554920.999666296,444068.5,0.0,0.0,1,1
10745,554920.999666296,444068.5,0.0,0.0,1,1
10746,554920.999666296,444068.5,0.0,0.0,1,1
10747,554920.999666296,444068.5,0.0,0.0,1,1
10748,554920.999666296,444068.5,0.0,0.0,1,1
10749,554920.999666296,444068.5,0.0,0.0,1,1
10750,554920.999666296,444068.5,0.0,0.0,1,1
10751,554920.999666296,444068.5,0.0,0.0,1,1
10752,554920.999666296,444068.5,0.0,0.0,1,1
10753,554920.999666296,444068.5,0.0,0.0,1,1
10754,554920.999666296,444068.5,0.0,0.0,1,1
10755,554920.999666296,444068.5,0.0,0.0,1,1
10756,554920.999666296,444068.5,0.0,0.0,1,1
10757,554920.999666296,444068.5,0.0,0.0,1,1
10758,554920.999666296,444068.5,0.0,0.0,1,1
10759,554920.999666296,444068.5,0.0,0.0,1,1
10760,554920.999666296,444068.5,0.0,0.0,1,1
10761,554920.999666296,444068.5,0.0,0.0,1,1
10762,554920.999666296,444068.5,0.0,0.0,1,1
10763,554920.999666296,444068.5,0.0,0.0,1,1
10764,554920.999666296,444068.5,0.0,0.0,1,1
10765,554920.999666296,444068.5,0.0,0.0,1,1
10766,554920.999666296,444068.5,0.0,0.0,1,1
10767,554920.999666296,444068.5,0.0,0.0,1,1
10768,554920.999666296,444068.5,0.0,0.0,1,1
10769,554920.999666296,444068.5,0.0,0.0,1,1
10770,554794.999666296,444068.5,0.0,0.0,1,1
10771,554794.999666296,444068.5,0.0,0.0,1,1
10772,554794.999666296,444068.5,0.0,0.0,1,1
10773,554794.999666296,444068.5,0.0,0.0,1,1
10774,554794.999666296,444068.5,0.0,0.0,1,1
10775,554794.999666296,444068.5,0.0,0.0,1,1
10776,554794.999666296,444068.5,0.0,0.0,1,1
10777,554794.999666296,444068.5,0.0,0.0,1,1
10778,554794.999666296,444068.5,0.0,0.0,1,1
10779,554170.499666296,444068.5,0.0,0.0,1,1
10780,554395.499666296,444068.5,0.0,0.0,1,1
10781,552210.4994994439,444068.5,0.0,0.0,1,1
10782,552210.4994994439,444068.5,0.0,0.0,1,1
10783,552210.4994994439,444068.5,0.0,0.0,1,1
10784,552210.4994994439,444068.5,0.0,0.0,1,1
10785,552210.4994994439,444068.5,0.0,0.0,1,1
10786,552210.4994994439,444068.5,0.0,0.0,1,1
10787,552271.9994994439,444068.5,0.0,0.0,1,1
10788,552271.9994994439,444068.5,0.0,0.0,1,1
10789,552271.9994994439,444068.5,0.0,0.0,1,1
10790,552271.9994994439,444068.5,0.0,0.0,1,1
10791,552271.9994994439,444068.5,0.0,0.0,1,1
10792,552420.9994994439,444068.5,0.0,0.0,1,1
10793,552420.9994994439,444068.5,0.0,0.0,1,1
10794,552420.9994994439,444068.5,0.0,0.0,1,1
10795,552420.9994994439,444068.5,0.0,0.0,1,1
10796,552420.9994994439,444068.5,0.0,0.0,1,1
10797,552420.9994994439,444068.5,0.0,0.0,1,1
10798,552420.9994994439,444068.5,0.0,0.0,1,1
10799,552420.9994994439,444068.5,0.0,0.0,1,1
10800,552420.9994994439,444068.5,0.0,0.0,1,1
10801,552420.9994994439,444068.5,0.0,0.0,1,1
10802,552420.9994994439,444068.5,0.0,0.0,1,1
10803,552420.9994994439,444068.5,0.0,0.0,1,1
10804,552420.9994994439,444068.5,0.0,0.0,1,1
10805,552420.9994994439,444068.5,0.0,0.0,1,1
10806,552420.9994994439,444068.5,0.0,0.0,1,1
10807,552420.9994994439,444068.5,0.0,0.0,1,1
10808,552420.9994994439,444068.5,0.0,0.0,1,1
10809,552420.9994994439,444068.5,0.0,0.0,1,1
10810,552420.9994994439,444068.5,0.0,0.0,1,1
10811,552420.9994994439,444068.5,0.0,0.0,1,1
10812,552420.9994994439,444068.5,0.0,0.0,1,1
10813,552420.9994994439,444068.5,0.0,0.0,1,1
10814,552420.9994994439,444068.5,0.0,0.0,1,1
10815,552420.9994994439,444068.5,0.0,0.0,1,1
10816,552420.9994994439,444068.5,0.0,0.0,1,1
10817,552420.9994994439,444068.5,0.0,0.0,1,1
10818,552420.9994994439,444068.5,0.0,0.0,1,1
10819,552420.9994994439,444068.5,0.0,0.0,1,1
10820,552420.9994994439,444068.5,0.0,0.0,1,1
10821,552420.9994994439,444068.5,0.0,0.0,1,1
10822,552420.9994994439,444068.5,0.0,0.0,1,1
10823,552420.9994994439,444068.5,0.0,0.0,1,1
10824,552420.9994994439,444068.5,0.0,0.0,1,1
10825,552420.9994994439,444068.5,0.0,0.0,1,1
10826,552420.9994994439,444068.5,0.0,0.0,1,1
10827,552420.9994994439,444068.5,0.0,0.0,1,1
10828,552420.9994994439,444068.5,0.0,0.0,1,1
10829,552420.9994994439,444068.5,0.0,0.0,1,1
10830,552420.9994994439,444068.5,0.0,0.0,1,1
10831,552420.9994994439,444068.5,0.0,0.0,1,1
10832,552420.9994994439,444068.5,0.0,0.0,1,1
10833,552420.9994994439,444068.5,0.0,0.0,1,1
10834,552420.9994994439,444068.5,0.0,0.0,1,1
10835,552420.9994994439,444068.5,0.0,0.0,1,1
10836,552420.9994994439,444068.5,0.0,0.0,1,1
10837,552420.9994994439,444068.5,0.0,0.0,1,1
10838,552420.9994994439,444068.5,0.0,0.0,1,1
10839,552420.9994994439,444068.5,0.0,0.0,1,1
10840,552420.9994994439,444068.5,0.0,0.0,1,1
10841,552420.9994994439,444068.5,0.0,0.0,1,1
10842,552420.9994994439,444068.5,0.0,0.0,1,1
10843,552420.9994994439,444068.5,0.0,0.0,1,1
10844,552420.9994994439,444068.5,0.0,0.0,1,1
10845,552420.9994994439,444068.5,0.0,0.0,1,1
10846,552420.9994994439,444068.5,0.0,0.0,1,1
10847,552420.9994994439,444068.5,0.0,0.0,1,1
10848,552420.9994994439,444068.5,0.0,0.0,1,1
10849,552420.9994994439,444068.5,0.0,0.0,1,1
10850,552420.9994994439,444068.5,0.0,0.0,1,1
10851,552420.9994994439,444068.5,0.0,0.0,1,1
10852,552420.9994994439,444068.5,0.0,0.0,1,1
10853,552420.9994994439,444068.5,0.0,0.0,1,1
10854,552420.9994994439,444068.5,0.0,0.0,1,1
10855,552420.9994994439,444068.5,0.0,0.0,1,1
10856,552420.9994994439,444068.5,0.0,0.0,1,1
10857,552420.9994994439,444068.5,0.0,0.0,1,1
10858,552420.9994994439,444068.5,0.0,0.0,1,1
10859,552420.9994994439,444068.5,0.0,0.0,1,1
10860,552420.9994994439,444068.5,0.0,0.0,1,1
10861,552420.9994994439,444068.5,0.0,0.0,1,1
10862,552420.9994994439,444068.5,0.0,0.0,1,1
10863,552420.9994994439,444068.5,0.0,0.0,1,1
10864,552420.9994994439,444068.5,0.0,0.0,1,1
10865,552420.9994994439,444068.5,0.0,0.0,1,1
10866,552420.9994994439,444068.5,0.0,0.0,1,1
10867,552420.9994994439,444068.5,0.0,0.0,1,1
10868,552420.9994994439,444068.5,0.0,0.0,1,1
10869,552420.9994994439,444068.5,0.0,0.0,1,1
10870,552420.9994994439,444068.5,0.0,0.0,1,1
10871,552303.4994994439,444068.5,0.0,0.0,1,1
10872,552303.4994994439,444068.5,0.0,0.0,1,1
10873,552303.4994994439,444068.5,0.0,0.0,1,1
10874,552303.4994994439,444068.5,0.0,0.0,1,1
10875,552303.4994994439,444068.5,0.0,0.0,1,1
10876,552303.4994994439,444068.5,0.0,0.0,1,1
10877,552303.4994994439,444068.5,0.0,0.0,1,1
10878,552303.4994994439,444068.5,0.0,0.0,1,1
10879,552303.4994994439,444068.5,0.0,0.0,1,1
10880,552303.4994994439,444068.5,0.0,0.0,1,1
10881,552303.4994994439,444068.5,0.0,0.0,1,1
10882,552303.4994994439,444068.5,0.0,0.0,1,1
10883,552303.4994994439,444068.5,0.0,0.0,1,1
10884,552303.4994994439,444068.5,0.0,0.0,1,1
10885,552303.4994994439,444068.5,0.0,0.0,1,1
10886,552303.4994994439,444068.5,0.0,0.0,1,1
10887,552303.4994994439,444068.5,0.0,0.0,1,1
10888,552303.4994994439,444068.5,0.0,0.0,1,1
10889,552303.4994994439,444068.5,0.0,0.0,1,1
10890,552497.9994994439,444068.5,0.0,0.0,1,1
10891,552497.9994994439,444068.5,0.0,0.0,1,1
10892,552497.9994994439,444068.5,0.0,0.0,1,1
10893,552497.9994994439,444068.5,0.0,0.0,1,1
10894,552497.9994994439,444068.5,0.0,0.0,1,1
10895,552497.9994994439,444068.5,0.0,0.0,1,1
10896,552497.9994994439,444068.5,0.0,0.0,1,1
10897,552497.9994994439,444068.5,0.0,0.0,1,1
10898,552497.9994994439,444068.5,0.0,0.0,1,1
10899,552497.9994994439,444068.5,0.0,0.0,1,1
10900,552497.9994994439,444068.5,0.0,0.0,1,1
10901,552497.9994994439,444068.5,0.0,0.0,1,1
10902,552497.9994994439,444068.5,0.0,0.0,1,1
10903,552497.9994994439,444068.5,0.0,0.0,1,1
10904,552497.9994994439,444068.5,0.0,0.0,1,1
10905,552497.9994994439,444068.5,0.0,0.0,1,1
10906,552497.9994994439,444068.5,0.0,0.0,1,1
10907,552126.0,444068.5,0.0,0.0,1,1
10908,552126.0,444068.5,0.0,0.0,1,1
10909,552126.0,444068.5,0.0,0.0,1,1
10910,552126.0,444068.5,0.0,0.0,1,1
10911,552126.0,444068.5,0.0,0.0,1,1
10912,552126.0,444068.5,0.0,0.0,1,1
10913,552126.0,444068.5,0.0,0.0,1,1
10914,552126.0,444068.5,0.0,0.0,1,1
10915,552126.0,444068.5,0.0,0.0,1,1
10916,552126.0,444068.5,0.0,0.0,1,1
10917,552126.0,444068.5,0.0,0.0,1,1
10918,552126.0,444068.5,0.0,0.0,1,1
10919,552126.0,444068.5,0.0,0.0,1,1
10920,552126.0,444068.5,0.0,0.0,1,1
10921,551494.5,444068.5,0.0,0.0,1,1
10922,551494.5,444068.5,0.0,0.0,1,1
10923,552166.0,444068.5,0.0,0.0,1,1
10924,550645.9994994439,444068.5,0.0,0.0,1,1
10925,550645.9994994439,444068.5,0.0,0.0,1,1
10926,550645.9994994439,444068.5,0.0,0.0,1,1
10927,550645.9994994439,444068.5,0.0,0.0,1,1
10928,550645.9994994439,444068.5,0.0,0.0,1,1
10929,550645.9994994439,444068.5,0.0,0.0,1,1
10930,550645.9994994439,444068.5,0.0,0.0,1,1
10931,550622.499666296,444068.5,0.0,0.0,1,1
10932,550622.499666296,444068.5,0.0,0.0,1,1
10933,550622.499666296,444068.5,0.0,0.0,1,1
10934,550622.499666296,444068.5,0.0,0.0,1,1
10935,550622.499666296,444068.5,0.0,0.0,1,1
10936,550324.499666296,444068.5,0.0,0.0,1,1
10937,550324.499666296,444068.5,0.0,0.0,1,1
10938,550324.499666296,444068.5,0.0,0.0,1,1
10939,550324.499666296,444068.5,0.0,0.0,1,1
10940,550324.499666296,444068.5,0.0,0.0,1,1
10941,550324.499666296,444068.5,0.0,0.0,1,1
10942,550324.499666296,444068.5,0.0,0.0,1,1
10943,550324.499666296,444068.5,0.0,0.0,1,1
10944,550324.499666296,444068.5,0.0,0.0,1,1
10945,550324.499666296,444068.5,0.0,0.0,1,1
10946,550324.499666296,444068.5,0.0,0.0,1,1
10947,550324.499666296,444068.5,0.0,0.0,1,1
10948,550324.499666296,444068.5,0.0,0.0,1,1
10949,550324.499666296,444068.5,0.0,0.0,1,1
10950,549358.499666296,444068.5,0.0,0.0,1,1
10951,549358.499666296,444068.5,0.0,0.0,1,1
10952,549358.499666296,444068.5,0.0,0.0,1,1
10953,549358.499666296,444068.5,0.0,0.0,1,1
10954,549358.499666296,444068.5,0.0,0.0,1,1
10955,549358.499666296,444068.5,0.0,0.0,1,1
10956,549358.499666296,444068.5,0.0,0.0,1,1
10957,549358.499666296,444068.5,0.0,0.0,1,1
10958,549358.499666296,444068.5,0.0,0.0,1,1
10959,549358.499666296,444068.5,0.0,0.0,1,1
10960,549358.499666296,444068.5,0.0,0.0,1,1
10961,549358.499666296,444068.5,0.0,0.0,1,1
10962,549358.499666296,444068.5,0.0,0.0,1,1
10963,549358.499666296,444068.5,0.0,0.0,1,1
10964,549358.499666296,444068.5,0.0,0.0,1,1
10965,549358.499666296,444068.5,0.0,0.0,1,1
10966,549358.499666296,444068.5,0.0,0.0,1,1
10967,549338.499666296,444068.5,0.0,0.0,1,1
10968,549338.499666296,444068.5,0.0,0.0,1,1
10969,549338.499666296,444068.5,0.0,0.0,1,1
10970,549338.499666296,444068.5,0.0,0.0,1,1
10971,549338.499666296,444068.5,0.0,0.0,1,1
10972,549338.499666296,444068.5,0.0,0.0,1,1
10973,549338.499666296,444068.5,0.0,0.0,1,1
10974,549338.499666296,444068.5,0.0,0.0,1,1
10975,549338.499666296,444068.5,0.0,0.0,1,1
10976,549338.499666296,444068.5,0.0,0.0,1,1
10977,549338.499666296,444068.5,0.0,0.0,1,1
10978,549338.499666296,444068.5,0.0,0.0,1,1
10979,549338.499666296,444068.5,0.0,0.0,1,1
10980,549338.499666296,444068.5,0.0,0.0,1,1
10981,549338.499666296,444068.5,0.0,0.0,1,1
10982,549297.4993325919,444068.5,0.0,0.0,1,1
10983,549297.4993325919,444068.5,0.0,0.0,1,1
10984,549297.4993325919,444068.5,0.0,0.0,1,1
10985,549297.4993325919,444068.5,0.0,0.0,1,1
10986,549297.4993325919,444068.5,0.0,0.0,1,1
10987,549297.4993325919,444068.5,0.0,0.0,1,1
10988,549297.4993325919,444068.5,0.0,0.0,1,1
10989,549297.4993325919,444068.5,0.0,0.0,1,1
10990,549297.4993325919,444068.5,0.0,0.0,1,1
10991,549297.4993325919,444068.5,0.0,0.0,1,1
10992,549280.4993325919,444068.5,0.0,0.0,1,1
10993,549280.4993325919,444068.5,0.0,0.0,1,1
10994,549280.4993325919,444068.5,0.0,0.0,1,1
10995,549280.4993325919,444068.5,0.0,0.0,1,1
10996,549280.4993325919,444068.5,0.0,0.0,1,1
10997,549280.4993325919,444068.5,0.0,0.0,1,1
10998,549280.4993325919,444068.5,0.0,0.0,1,1
10999,549280.4993325919,444068.5,0.0,0.0,1,1
11000,549280.4993325919,444068.5,0.0,0.0,1,1
11001,549280.4993325919,444068.5,0.0,0.0,1,1
11002,549280.4993325919,444068.5,0.0,0.0,1,1
11003,549280.4993325919,444068.5,0.0,0.0,1,1
11004,549280.4993325919,444068.5,0.0,0.0,1,1
11005,549280.4993325919,444068.5,0.0,0.0,1,1
11006,549329.9993325919,444068.5,0.0,0.0,1,1
11007,549365.4993325919,444068.5,0.0,0.0,1,1
11008,549365.4993325919,444068.5,0.0,0.0,1,1
11009,549365.4993325919,444068.5,0.0,0.0,1,1
11010,549365.4993325919,444068.5,0.0,0.0,1,1
11011,549365.4993325919,444068.5,0.0,0.0,1,1
11012,549365.4993325919,444068.5,0.0,0.0,1,1
11013,549284.9993325919,444068.5,0.0,0.0,1,1
11014,549284.9993325919,444068.5,0.0,0.0,1,1
11015,549341.9993325919,444068.5,0.0,0.0,1,1
11016,549341.9993325919,444068.5,0.0,0.0,1,1
11017,549341.9993325919,444068.5,0.0,0.0,1,1
11018,549341.9993325919,444068.5,0.0,0.0,1,1
11019,549341.9993325919,444068.5,0.0,0.0,1,1
11020,549341.9993325919,444068.5,0.0,0.0,1,1
11021,549341.9993325919,444068.5,0.0,0.0,1,1
11022,549341.9993325919,444068.5,0.0,0.0,1,1
11023,549341.9993325919,444068.5,0.0,0.0,1,1
11024,549341.9993325919,444068.5,0.0,0.0,1,1
11025,549341.9993325919,444068.5,0.0,0.0,1,1
11026,549341.9993325919,444068.5,0.0,0.0,1,1
11027,549341.9993325919,444068.5,0.0,0.0,1,1
11028,549341.9993325919,444068.5,0.0,0.0,1,1
11029,549341.9993325919,444068.5,0.0,0.0,1,1
11030,549341.9993325919,444068.5,0.0,0.0,1,1
11031,549341.9993325919,444068.5,0.0,0.0,1,1
11032,549341.9993325919,444068.5,0.0,0.0,1,1
11033,549341.9993325919,444068.5,0.0,0.0,1,1
11034,549338.9993325919,444068.5,0.0,0.0,1,1
11035,549338.9993325919,444068.5,0.0,0.0,1,1
11036,549338.9993325919,444068.5,0.0,0.0,1,1
11037,549338.9993325919,444068.5,0.0,0.0,1,1
11038,549338.9993325919,444068.5,0.0,0.0,1,1
11039,549338.9993325919,444068.5,0.0,0.0,1,1
11040,549338.9993325919,444068.5,0.0,0.0,1,1
11041,549338.9993325919,444068.5,0.0,0.0,1,1
11042,549338.9993325919,444068.5,0.0,0.0,1,1
11043,549338.9993325919,444068.5,0.0,0.0,1,1
11044,549338.9993325919,444068.5,0.0,0.0,1,1
11045,549338.9993325919,444068.5,0.0,0.0,1,1
11046,549338.9993325919,444068.5,0.0,0.0,1,1
11047,549338.9993325919,444068.5,0.0,0.0,1,1
11048,548695.9993325919,444068.5,0.0,0.0,1,1
11049,548695.9993325919,444068.5,0.0,0.0,1,1
11050,548695.9993325919,444068.5,0.0,0.0,1,1
11051,548695.9993325919,444068.5,0.0,0.0,1,1
11052,548695.9993325919,444068.5,0.0,0.0,1,1
11053,548695.9993325919,444068.5,0.0,0.0,1,1
11054,548695.9993325919,444068.5,0.0,0.0,1,1
11055,548695.9993325919,444068.5,0.0,0.0,1,1
11056,548695.9993325919,444068.5,0.0,0.0,1,1
11057,548695.9993325919,444068.5,0.0,0.0,1,1
11058,548695.9993325919,444068.5,0.0,0.0,1,1
11059,548695.9993325919,444068.5,0.0,0.0,1,1
11060,548695.9993325919,444068.5,0.0,0.0,1,1
11061,548695.9993325919,444068.5,0.0,0.0,1,1
11062,548695.9993325919,444068.5,0.0,0.0,1,1
11063,548695.9993325919,444068.5,0.0,0.0,1,1
11064,548695.9993325919,444068.5,0.0,0.0,1,1
11065,548695.9993325919,444068.5,0.0,0.0,1,1
11066,548695.9993325919,444068.5,0.0,0.0,1,1
11067,548695.9993325919,444068.5,0.0,0.0,1,1
11068,548695.9993325919,444068.5,0.0,0.0,1,1
11069,548695.9993325919,444068.5,0.0,0.0,1,1
11070,548695.9993325919,444068.5,0.0,0.0,1,1
11071,548695.9993325919,444068.5,0.0,0.0,1,1
11072,548695.9993325919,444068.5,0.0,0.0,1,1
11073,548695.9993325919,444068.5,0.0,0.0,1,1
11074,548819.9993325919,444068.5,0.0,0.0,1,1
11075,548819.9993325919,444068.5,0.0,0.0,1,1
11076,548819.9993325919,444068.5,0.0,0.0,1,1
11077,548819.9993325919,444068.5,0.0,0.0,1,1
11078,548819.9993325919,444068.5,0.0,0.0,1,1
11079,548819.9993325919,444068.5,0.0,0.0,1,1
11080,548819.9993325919,444068.5,0.0,0.0,1,1
11081,548819.9993325919,444068.5,0.0,0.0,1,1
11082,548819.9993325919,444068.5,0.0,0.0,1,1
11083,548819.9993325919,444068.5,0.0,0.0,1,1
11084,548819.9993325919,444068.5,0.0,0.0,1,1
11085,548819.9993325919,444068.5,0.0,0.0,1,1
11086,548819.9993325919,444068.5,0.0,0.0,1,1
11087,548819.9993325919,444068.5,0.0,0.0,1,1
11088,548819.9993325919,444068.5,0.0,0.0,1,1
11089,548819.9993325919,444068.5,0.0,0.0,1,1
11090,548819.9993325919,444068.5,0.0,0.0,1,1
11091,548819.9993325919,444068.5,0.0,0.0,1,1
11092,548819.9993325919,444068.5,0.0,0.0,1,1
11093,548819.9993325919,444068.5,0.0,0.0,1,1
11094,548819.9993325919,444068.5,0.0,0.0,1,1
11095,548819.9993325919,444068.5,0.0,0.0,1,1
11096,548819.9993325919,444068.5,0.0,0.0,1,1
11097,548819.9993325919,444068.5,0.0,0.0,1,1
11098,548819.9993325919,444068.5,0.0,0.0,1,1
11099,548819.9993325919,444068.5,0.0,0.0,1,1
11100,548819.9993325919,444068.5,0.0,0.0,1,1
11101,548819.9993325919,444068.5,0.0,0.0,1,1
11102,548819.9993325919,444068.5,0.0,0.0,1,1
11103,548819.9993325919,444068.5,0.0,0.0,1,1
11104,548819.9993325919,444068.5,0.0,0.0,1,1
11105,548819.9993325919,444068.5,0.0,0.0,1,1
11106,548819.9993325919,444068.5,0.0,0.0,1,1
11107,548819.9993325919,444068.5,0.0,0.0,1,1
11108,548819.9993325919,444068.5,0.0,0.0,1,1
11109,548819.9993325919,444068.5,0.0,0.0,1,1
11110,548819.9993325919,444068.5,0.0,0.0,1,1
11111,548819.9993325919,444068.5,0.0,0.0,1,1
11112,548819.9993325919,444068.5,0.0,0.0,1,1
11113,548819.9993325919,444068.5,0.0,0.0,1,1
11114,548819.9993325919,444068.5,0.0,0.0,1,1
11115,548819.9993325919,444068.5,0.0,0.0,1,1
11116,548819.9993325919,444068.5,0.0,0.0,1,1
11117,548819.9993325919,444068.5,0.0,0.0,1,1
11118,548819.9993325919,444068.5,0.0,0.0,1,1
11119,548819.9993325919,444068.5,0.0,0.0,1,1
11120,548819.9993325919,444068.5,0.0,0.0,1,1
11121,548819.9993325919,444068.5,0.0,0.0,1,1
11122,548819.9993325919,444068.5,0.0,0.0,1,1
11123,548819.9993325919,444068.5,0.0,0.0,1,1
11124,548819.9993325919,444068.5,0.0,0.0,1,1
11125,548819.9993325919,444068.5,0.0,0.0,1,1
11126,548819.9993325919,444068.5,0.0,0.0,1,1
11127,548819.9993325919,444068.5,0.0,0.0,1,1
11128,548819.9993325919,444068.5,0.0,0.0,1,1
11129,548819.9993325919,444068.5,0.0,0.0,1,1
11130,548819.9993325919,444068.5,0.0,0.0,1,1
11131,548819.9993325919,444068.5,0.0,0.0,1,1
11132,548819.9993325919,444068.5,0.0,0.0,1,1
11133,548819.9993325919,444068.5,0.0,0.0,1,1
11134,548819.9993325919,444068.5,0.0,0.0,1,1
11135,548819.9993325919,444068.5,0.0,0.0,1,1
11136,548819.9993325919,444068.5,0.0,0.0,1,1
11137,548819.9993325919,444068.5,0.0,0.0,1,1
11138,548819.9993325919,444068.5,0.0,0.0,1,1
11139,548819.9993325919,444068.5,0.0,0.0,1,1
11140,548819.9993325919,444068.5,0.0,0.0,1,1
11141,548819.9993325919,444068.5,0.0,0.0,1,1
11142,548819.9993325919,444068.5,0.0,0.0,1,1
11143,548819.9993325919,444068.5,0.0,0.0,1,1
11144,548819.9993325919,444068.5,0.0,0.0,1,1
11145,548819.9993325919,444068.5,0.0,0.0,1,1
11146,548819.9993325919,444068.5,0.0,0.0,1,1
11147,548839.4991657399,444068.5,0.0,0.0,1,1
11148,548715.4991657399,444068.5,0.0,0.0,1,1
11149,548715.4991657399,444068.5,0.0,0.0,1,1
11150,548715.4991657399,444068.5,0.0,0.0,1,1
11151,548715.4991657399,444068.5,0.0,0.0,1,1
11152,548715.4991657399,444068.5,0.0,0.0,1,1
11153,548671.4991657399,444068.5,0.0,0.0,1,1
11154,548671.4991657399,444068.5,0.0,0.0,1,1
11155,548671.4991657399,444068.5,0.0,0.0,1,1
11156,548671.4991657399,444068.5,0.0,0.0,1,1
11157,548671.4991657399,444068.5,0.0,0.0,1,1
11158,548671.4991657399,444068.5,0.0,0.0,1,1
11159,547137.4991657399,444068.5,0.0,0.0,1,1
11160,547185.4994994439,444068.5,0.0,0.0,1,1
11161,547185.4994994439,444068.5,0.0,0.0,1,1
11162,547185.4994994439,444068.5,0.0,0.0,1,1
11163,547185.4994994439,444068.5,0.0,0.0,1,1
11164,547185.4994994439,444068.5,0.0,0.0,1,1
11165,547185.4994994439,444068.5,0.0,0.0,1,1
11166,547185.4994994439,444068.5,0.0,0.0,1,1
11167,547185.4994994439,444068.5,0.0,0.0,1,1
11168,547185.4994994439,444068.5,0.0,0.0,1,1
11169,547185.4994994439,444068.5,0.0,0.0,1,1
11170,547185.4994994439,444068.5,0.0,0.0,1,1
11171,547185.4994994439,444068.5,0.0,0.0,1,1
11172,547185.4994994439,444068.5,0.0,0.0,1,1
11173,547185.4994994439,444068.5,0.0,0.0,1,1
11174,547185.4994994439,444068.5,0.0,0.0,1,1
11175,547185.4994994439,444068.5,0.0,0.0,1,1
11176,547185.4994994439,444068.5,0.0,0.0,1,1
11177,547185.4994994439,444068.5,0.0,0.0,1,1
11178,547185.4994994439,444068.5,0.0,0.0,1,1
11179,547185.4994994439,444068.5,0.0,0.0,1,1
11180,547185.4994994439,444068.5,0.0,0.0,1,1
11181,547185.4994994439,444068.5,0.0,0.0,1,1
11182,547185.4994994439,444068.5,0.0,0.0,1,1
11183,547185.4994994439,444068.5,0.0,0.0,1,1
11184,547185.4994994439,444068.5,0.0,0.0,1,1
11185,547185.4994994439,444068.5,0.0,0.0,1,1
11186,547185.4994994439,444068.5,0.0,0.0,1,1
11187,547185.4994994439,444068.5,0.0,0.0,1,1
11188,547185.4994994439,444068.5,0.0,0.0,1,1
11189,547185.4994994439,444068.5,0.0,0.0,1,1
11190,547185.4994994439,444068.5,0.0,0.0,1,1
11191,547185.4994994439,444068.5,0.0,0.0,1,1
11192,547185.4994994439,444068.5,0.0,0.0,1,1
11193,547185.4994994439,444068.5,0.0,0.0,1,1
11194,547185.4994994439,444068.5,0.0,0.0,1,1
11195,547185.4994994439,444068.5,0.0,0.0,1,1
11196,547185.4994994439,444068.5,0.0,0.0,1,1
11197,547185.4994994439,444068.5,0.0,0.0,1,1
11198,547185.4994994439,444068.5,0.0,0.0,1,1
11199,547185.4994994439,444068.5,0.0,0.0,1,1
11200,547185.4994994439,444068.5,0.0,0.0,1,1
11201,547185.4994994439,444068.5,0.0,0.0,1,1
11202,547185.4994994439,444068.5,0.0,0.0,1,1
11203,547270.4994994439,444068.5,0.0,0.0,1,1
11204,547270.4994994439,444068.5,0.0,0.0,1,1
11205,547270.4994994439,444068.5,0.0,0.0,1,1
11206,547270.4994994439,444068.5,0.0,0.0,1,1
11207,547571.4994994439,444068.5,0.0,0.0,1,1
11208,547523.4991657399,444068.5,0.0,0.0,1,1
11209,547523.4991657399,444068.5,0.0,0.0,1,1
11210,547523.4991657399,444068.5,0.0,0.0,1,1
11211,547523.4991657399,444068.5,0.0,0.0,1,1
11212,547523.4991657399,444068.5,0.0,0.0,1,1
11213,547523.4991657399,444068.5,0.0,0.0,1,1
11214,547523.4991657399,444068.5,0.0,0.0,1,1
11215,547523.4991657399,444068.5,0.0,0.0,1,1
11216,547523.4991657399,444068.5,0.0,0.0,1,1
11217,547703.4991657399,444068.5,0.0,0.0,1,1
11218,547817.4991657399,444068.5,0.0,0.0,1,1
11219,547817.4991657399,444068.5,0.0,0.0,1,1
11220,547817.4991657399,444068.5,0.0,0.0,1,1
11221,547817.4991657399,444068.5,0.0,0.0,1,1
11222,547817.4991657399,444068.5,0.0,0.0,1,1
11223,547817.4991657399,444068.5,0.0,0.0,1,1
11224,547817.4991657399,444068.5,0.0,0.0,1,1
11225,547996.4991657399,444068.5,0.0,0.0,1,1
11226,547996.4991657399,444068.5,0.0,0.0,1,1
11227,547996.4991657399,444068.5,0.0,0.0,1,1
11228,547996.4991657399,444068.5,0.0,0.0,1,1
11229,547996.4991657399,444068.5,0.0,0.0,1,1
11230,547996.4991657399,444068.5,0.0,0.0,1,1
11231,547996.4991657399,444068.5,0.0,0.0,1,1
11232,547996.4991657399,444068.5,0.0,0.0,1,1
11233,547996.4991657399,444068.5,0.0,0.0,1,1
11234,547996.4991657399,444068.5,0.0,0.0,1,1
11235,547996.4991657399,444068.5,0.0,0.0,1,1
11236,547996.4991657399,444068.5,0.0,0.0,1,1
11237,547996.4991657399,444068.5,0.0,0.0,1,1
11238,547996.4991657399,444068.5,0.0,0.0,1,1
11239,547996.4991657399,444068.5,0.0,0.0,1,1
11240,547996.4991657399,444068.5,0.0,0.0,1,1
11241,547996.4991657399,444068.5,0.0,0.0,1,1
11242,547996.4991657399,444068.5,0.0,0.0,1,1
11243,547996.4991657399,444068.5,0.0,0.0,1,1
11244,547996.4991657399,444068.5,0.0,0.0,1,1
11245,547996.4991657399,444068.5,0.0,0.0,1,1
11246,547996.4991657399,444068.5,0.0,0.0,1,1
11247,547996.4991657399,444068.5,0.0,0.0,1,1
11248,547996.4991657399,444068.5,0.0,0.0,1,1
11249,547996.4991657399,444068.5,0.0,0.0,1,1
11250,547996.4991657399,444068.5,0.0,0.0,1,1
11251,547996.4991657399,444068.5,0.0,0.0,1,1
11252,547996.4991657399,444068.5,0.0,0.0,1,1
11253,547996.4991657399,444068.5,0.0,0.0,1,1
11254,547996.4991657399,444068.5,0.0,0.0,1,1
11255,547996.4991657399,444068.5,0.0,0.0,1,1
11256,547996.4991657399,444068.5,0.0,0.0,1,1
11257,547306.9991657399,444068.5,0.0,0.0,1,1
11258,547306.9991657399,444068.5,0.0,0.0,1,1
11259,547306.9991657399,444068.5,0.0,0.0,1,1
11260,547306.9991657399,444068.5,0.0,0.0,1,1
11261,547306.9991657399,444068.5,0.0,0.0,1,1
11262,547306.9991657399,444068.5,0.0,0.0,1,1
11263,547306.9991657399,444068.5,0.0,0.0,1,1
11264,547306.9991657399,444068.5,0.0,0.0,1,1
11265,547306.9991657399,444068.5,0.0,0.0,1,1
11266,547306.9991657399,444068.5,0.0,0.0,1,1
11267,547005.4988320358,444068.5,0.0,0.0,1,1
11268,547005.4988320358,444068.5,0.0,0.0,1,1
11269,547005.4988320358,444068.5,0.0,0.0,1,1
11270,547005.4988320358,444068.5,0.0,0.0,1,1
11271,547005.4988320358,444068.5,0.0,0.0,1,1
11272,547046.4988320358,444068.5,0.0,0.0,1,1
11273,547046.4988320358,444068.5,0.0,0.0,1,1
11274,547046.4988320358,444068.5,0.0,0.0,1,1
11275,547046.4988320358,444068.5,0.0,0.0,1,1
11276,547046.4988320358,444068.5,0.0,0.0,1,1
11277,547046.4988320358,444068.5,0.0,0.0,1,1
11278,547046.4988320358,444068.5,0.0,0.0,1,1
11279,547046.4988320358,444068.5,0.0,0.0,1,1
11280,547046.4988320358,444068.5,0.0,0.0,1,1
11281,547040.4988320358,444068.5,0.0,0.0,1,1
11282,546926.9984983318,444068.5,0.0,0.0,1,1
11283,546926.9984983318,444068.5,0.0,0.0,1,1
11284,546926.9984983318,444068.5,0.0,0.0,1,1
11285,546926.9984983318,444068.5,0.0,0.0,1,1
11286,546926.9984983318,444068.5,0.0,0.0,1,1
11287,546926.9984983318,444068.5,0.0,0.0,1,1
11288,546926.9984983318,444068.5,0.0,0.0,1,1
11289,546926.9984983318,444068.5,0.0,0.0,1,1
11290,546926.9984983318,444068.5,0.0,0.0,1,1
11291,546926.9984983318,444068.5,0.0,0.0,1,1
11292,546926.9984983318,444068.5,0.0,0.0,1,1
11293,546926.9984983318,444068.5,0.0,0.0,1,1
11294,546926.9984983318,444068.5,0.0,0.0,1,1
11295,546926.9984983318,444068.5,0.0,0.0,1,1
11296,546926.9984983318,444068.5,0.0,0.0,1,1
11297,546926.9984983318,444068.5,0.0,0.0,1,1
11298,546926.9984983318,444068.5,0.0,0.0,1,1
11299,546926.9984983318,444068.5,0.0,0.0,1,1
11300,546813.4984983318,444068.5,0.0,0.0,1,1
11301,546813.4984983318,444068.5,0.0,0.0,1,1
11302,546813.4984983318,444068.5,0.0,0.0,1,1
11303,546813.4984983318,444068.5,0.0,0.0,1,1
11304,546857.4984983318,444068.5,0.0,0.0,1,1
11305,546857.4984983318,444068.5,0.0,0.0,1,1
11306,546857.4984983318,444068.5,0.0,0.0,1,1
11307,546857.4984983318,444068.5,0.0,0.0,1,1
11308,546857.4984983318,444068.5,0.0,0.0,1,1
11309,546857.4984983318,444068.5,0.0,0.0,1,1
11310,546857.4984983318,444068.5,0.0,0.0,1,1
11311,546857.4984983318,444068.5,0.0,0.0,1,1
11312,546857.4984983318,444068.5,0.0,0.0,1,1
11313,546857.4984983318,444068.5,0.0,0.0,1,1
11314,546857.4984983318,444068.5,0.0,0.0,1,1
11315,546857.4984983318,444068.5,0.0,0.0,1,1
11316,546857.4984983318,444068.5,0.0,0.0,1,1
11317,546857.4984983318,444068.5,0.0,0.0,1,1
11318,546857.4984983318,444068.5,0.0,0.0,1,1
11319,546909.4988320358,444068.5,0.0,0.0,1,1
11320,546992.4988320358,444068.5,0.0,0.0,1,1
11321,546992.4988320358,444068.5,0.0,0.0,1,1
11322,546992.4988320358,444068.5,0.0,0.0,1,1
11323,546992.4988320358,444068.5,0.0,0.0,1,1
11324,546992.4988320358,444068.5,0.0,0.0,1,1
11325,546992.4988320358,444068.5,0.0,0.0,1,1
11326,546992.4988320358,444068.5,0.0,0.0,1,1
11327,546992.4988320358,444068.5,0.0,0.0,1,1
11328,546992.4988320358,444068.5,0.0,0.0,1,1
11329,546992.4988320358,444068.5,0.0,0.0,1,1
11330,547227.4988320358,444068.5,0.0,0.0,1,1
11331,547227.4988320358,444068.5,0.0,0.0,1,1
11332,547227.4988320358,444068.5,0.0,0.0,1,1
11333,547227.4988320358,444068.5,0.0,0.0,1,1
11334,547227.4988320358,444068.5,0.0,0.0,1,1
11335,547227.4988320358,444068.5,0.0,0.0,1,1
11336,547227.4988320358,444068.5,0.0,0.0,1,1
11337,547227.4988320358,444068.5,0.0,0.0,1,1
11338,547227.4988320358,444068.5,0.0,0.0,1,1
11339,547227.4988320358,444068.5,0.0,0.0,1,1
11340,547227.4988320358,444068.5,0.0,0.0,1,1
11341,547522.4988320358,444068.5,0.0,0.0,1,1
11342,547522.4988320358,444068.5,0.0,0.0,1,1
11343,547522.4988320358,444068.5,0.0,0.0,1,1
11344,547522.4988320358,444068.5,0.0,0.0,1,1
11345,547522.4988320358,444068.5,0.0,0.0,1,1
11346,547805.4988320358,444068.5,0.0,0.0,1,1
11347,547805.4988320358,444068.5,0.0,0.0,1,1
11348,547805.4988320358,444068.5,0.0,0.0,1,1
11349,547805.4988320358,444068.5,0.0,0.0,1,1
11350,547805.4988320358,444068.5,0.0,0.0,1,1
11351,547805.4988320358,444068.5,0.0,0.0,1,1
11352,547805.4988320358,444068.5,0.0,0.0,1,1
11353,547805.4988320358,444068.5,0.0,0.0,1,1
11354,547805.4988320358,444068.5,0.0,0.0,1,1
11355,547805.4988320358,444068.5,0.0,0.0,1,1
11356,547805.4988320358,444068.5,0.0,0.0,1,1
11357,547805.4988320358,444068.5,0.0,0.0,1,1
11358,547805.4988320358,444068.5,0.0,0.0,1,1
11359,547805.4988320358,444068.5,0.0,0.0,1,1
11360,547805.4988320358,444068.5,0.0,0.0,1,1
11361,547805.4988320358,444068.5,0.0,0.0,1,1
11362,547805.4988320358,444068.5,0.0,0.0,1,1
11363,547805.4988320358,444068.5,0.0,0.0,1,1
11364,547805.4988320358,444068.5,0.0,0.0,1,1
11365,547805.4988320358,444068.5,0.0,0.0,1,1
11366,547805.4988320358,444068.5,0.0,0.0,1,1
11367,547805.4988320358,444068.5,0.0,0.0,1,1
11368,547805.4988320358,444068.5,0.0,0.0,1,1
11369,547805.4988320358,444068.5,0.0,0.0,1,1
11370,547805.4988320358,444068.5,0.0,0.0,1,1
11371,547805.4988320358,444068.5,0.0,0.0,1,1
11372,547805.4988320358,444068.5,0.0,0.0,1,1
11373,547805.4988320358,444068.5,0.0,0.0,1,1
11374,547805.4988320358,444068.5,0.0,0.0,1,1
11375,547805.4988320358,444068.5,0.0,0.0,1,1
11376,547805.4988320358,444068.5,0.0,0.0,1,1
11377,547805.4988320358,444068.5,0.0,0.0,1,1
11378,547805.4988320358,444068.5,0.0,0.0,1,1
11379,547805.4988320358,444068.5,0.0,0.0,1,1
11380,547805.4988320358,444068.5,0.0,0.0,1,1
11381,547510.4988320358,444068.5,0.0,0.0,1,1
11382,547510.4988320358,444068.5,0.0,0.0,1,1
11383,547510.4988320358,444068.5,0.0,0.0,1,1
11384,547510.4988320358,444068.5,0.0,0.0,1,1
11385,547510.4988320358,444068.5,0.0,0.0,1,1
11386,547510.4988320358,444068.5,0.0,0.0,1,1
11387,547510.4988320358,444068.5,0.0,0.0,1,1
11388,547510.4988320358,444068.5,0.0,0.0,1,1
11389,547510.4988320358,444068.5,0.0,0.0,1,1
11390,547510.4988320358,444068.5,0.0,0.0,1,1
11391,547899.4988320358,444068.5,0.0,0.0,1,1
11392,547899.4988320358,444068.5,0.0,0.0,1,1
11393,547899.4988320358,444068.5,0.0,0.0,1,1
11394,547899.4988320358,444068.5,0.0,0.0,1,1
11395,547899.4988320358,444068.5,0.0,0.0,1,1
11396,547899.4988320358,444068.5,0.0,0.0,1,1
11397,547899.4988320358,444068.5,0.0,0.0,1,1
11398,547899.4988320358,444068.5,0.0,0.0,1,1
11399,548069.4988320358,444068.5,0.0,0.0,1,1
11400,548069.4988320358,444068.5,0.0,0.0,1,1
11401,548074.4988320358,444068.5,0.0,0.0,1,1
11402,548074.4988320358,444068.5,0.0,0.0,1,1
11403,548074.4988320358,444068.5,0.0,0.0,1,1
11404,548074.4988320358,444068.5,0.0,0.0,1,1
11405,548074.4988320358,444068.5,0.0,0.0,1,1
11406,548074.4988320358,444068.5,0.0,0.0,1,1
11407,548074.4988320358,444068.5,0.0,0.0,1,1
11408,548074.4988320358,444068.5,0.0,0.0,1,1
11409,548074.4988320358,444068.5,0.0,0.0,1,1
11410,548074.4988320358,444068.5,0.0,0.0,1,1
11411,548028.4988320358,444068.5,0.0,0.0,1,1
11412,548028.4988320358,444068.5,0.0,0.0,1,1
11413,548028.4988320358,444068.5,0.0,0.0,1,1
11414,548028.4988320358,444068.5,0.0,0.0,1,1
11415,548028.4988320358,444068.5,0.0,0.0,1,1
11416,548028.4988320358,444068.5,0.0,0.0,1,1
11417,548028.4988320358,444068.5,0.0,0.0,1,1
11418,548028.4988320358,444068.5,0.0,0.0,1,1
11419,548028.4988320358,444068.5,0.0,0.0,1,1
11420,548028.4988320358,444068.5,0.0,0.0,1,1
11421,548028.4988320358,444068.5,0.0,0.0,1,1
11422,548028.4988320358,444068.5,0.0,0.0,1,1
11423,548028.4988320358,444068.5,0.0,0.0,1,1
11424,548028.4988320358,444068.5,0.0,0.0,1,1
11425,548028.4988320358,444068.5,0.0,0.0,1,1
11426,548028.4988320358,444068.5,0.0,0.0,1,1
11427,548028.4988320358,444068.5,0.0,0.0,1,1
11428,548028.4988320358,444068.5,0.0,0.0,1,1
11429,548028.4988320358,444068.5,0.0,0.0,1,1
11430,548028.4988320358,444068.5,0.0,0.0,1,1
11431,548028.4988320358,444068.5,0.0,0.0,1,1
11432,548028.4988320358,444068.5,0.0,0.0,1,1
11433,548028.4988320358,444068.5,0.0,0.0,1,1
11434,548028.4988320358,444068.5,0.0,0.0,1,1
11435,548028.4988320358,444068.5,0.0,0.0,1,1
11436,548028.4988320358,444068.5,0.0,0.0,1,1
11437,548028.4988320358,444068.5,0.0,0.0,1,1
11438,548028.4988320358,444068.5,0.0,0.0,1,1
11439,548028.4988320358,444068.5,0.0,0.0,1,1
11440,548028.4988320358,444068.5,0.0,0.0,1,1
11441,548028.4988320358,444068.5,0.0,0.0,1,1
11442,548108.9988320358,444068.5,0.0,0.0,1,1
11443,548108.9988320358,444068.5,0.0,0.0,1,1
11444,548108.9988320358,444068.5,0.0,0.0,1,1
11445,548108.9988320358,444068.5,0.0,0.0,1,1
11446,548108.9988320358,444068.5,0.0,0.0,1,1
11447,548108.9988320358,444068.5,0.0,0.0,1,1
11448,548108.9988320358,444068.5,0.0,0.0,1,1
11449,548108.9988320358,444068.5,0.0,0.0,1,1
11450,548108.9988320358,444068.5,0.0,0.0,1,1
11451,547873.9988320358,444068.5,0.0,0.0,1,1
11452,547873.9988320358,444068.5,0.0,0.0,1,1
11453,547873.9988320358,444068.5,0.0,0.0,1,1
11454,547873.9988320358,444068.5,0.0,0.0,1,1
11455,547873.9988320358,444068.5,0.0,0.0,1,1
11456,547873.9988320358,444068.5,0.0,0.0,1,1
11457,547873.9988320358,444068.5,0.0,0.0,1,1
11458,547873.9988320358,444068.5,0.0,0.0,1,1
11459,547873.9988320358,444068.5,0.0,0.0,1,1
11460,547873.9988320358,444068.5,0.0,0.0,1,1
11461,547873.9988320358,444068.5,0.0,0.0,1,1
11462,547873.9988320358,444068.5,0.0,0.0,1,1
11463,547873.9988320358,444068.5,0.0,0.0,1,1
11464,547873.9988320358,444068.5,0.0,0.0,1,1
11465,547873.9988320358,444068.5,0.0,0.0,1,1
11466,547873.9988320358,444068.5,0.0,0.0,1,1
11467,547873.9988320358,444068.5,0.0,0.0,1,1
11468,547873.9988320358,444068.5,0.0,0.0,1,1
11469,547873.9988320358,444068.5,0.0,0.0,1,1
11470,547873.9988320358,444068.5,0.0,0.0,1,1
11471,547873.9988320358,444068.5,0.0,0.0,1,1
11472,547935.9988320358,444068.5,0.0,0.0,1,1
11473,547935.9988320358,444068.5,0.0,0.0,1,1
11474,547881.4984983318,444068.5,0.0,0.0,1,1
11475,547743.4984983318,444068.5,0.0,0.0,1,1
11476,547743.4984983318,444068.5,0.0,0.0,1,1
11477,547743.4984983318,444068.5,0.0,0.0,1,1
11478,547743.4984983318,444068.5,0.0,0.0,1,1
11479,547743.4984983318,444068.5,0.0,0.0,1,1
11480,547743.4984983318,444068.5,0.0,0.0,1,1
11481,547743.4984983318,444068.5,0.0,0.0,1,1
11482,547743.4984983318,444068.5,0.0,0.0,1,1
11483,547743.4984983318,444068.5,0.0,0.0,1,1
11484,547743.4984983318,444068.5,0.0,0.0,1,1
11485,547743.4984983318,444068.5,0.0,0.0,1,1
11486,547743.4984983318,444068.5,0.0,0.0,1,1
11487,547743.4984983318,444068.5,0.0,0.0,1,1
11488,547743.4984983318,444068.5,0.0,0.0,1,1
11489,547743.4984983318,444068.5,0.0,0.0,1,1
11490,547743.4984983318,444068.5,0.0,0.0,1,1
11491,547743.4984983318,444068.5,0.0,0.0,1,1
11492,547743.4984983318,444068.5,0.0,0.0,1,1
11493,548653.4979977757,444068.5,0.0,0.0,1,1
11494,548653.4979977757,444068.5,0.0,0.0,1,1
11495,548653.4979977757,444068.5,0.0,0.0,1,1
11496,548653.4979977757,444068.5,0.0,0.0,1,1
11497,548653.4979977757,444068.5,0.0,0.0,1,1
11498,548653.4979977757,444068.5,0.0,0.0,1,1
11499,548880.9978309236,444068.5,0.0,0.0,1,1
11500,548997.9978309236,444068.5,0.0,0.0,1,1
11501,548997.9978309236,444068.5,0.0,0.0,1,1
11502,548997.9978309236,444068.5,0.0,0.0,1,1
11503,548997.9978309236,444068.5,0.0,0.0,1,1
11504,548997.9978309236,444068.5,0.0,0.0,1,1
11505,548997.9978309236,444068.5,0.0,0.0,1,1
11506,548906.9978309236,444068.5,0.0,0.0,1,1
11507,548906.9978309236,444068.5,0.0,0.0,1,1
11508,548906.9978309236,444068.5,0.0,0.0,1,1
11509,548906.9978309236,444068.5,0.0,0.0,1,1
11510,548906.9978309236,444068.5,0.0,0.0,1,1
11511,548906.9978309236,444068.5,0.0,0.0,1,1
11512,548906.9978309236,444068.5,0.0,0.0,1,1
11513,548906.9978309236,444068.5,0.0,0.0,1,1
11514,548955.4979977757,444068.5,0.0,0.0,1,1
11515,548955.4979977757,444068.5,0.0,0.0,1,1
11516,548955.4979977757,444068.5,0.0,0.0,1,1
11517,548955.4979977757,444068.5,0.0,0.0,1,1
11518,548955.4979977757,444068.5,0.0,0.0,1,1
11519,548955.4979977757,444068.5,0.0,0.0,1,1
11520,549048.9979977757,444068.5,0.0,0.0,1,1
11521,549048.9979977757,444068.5,0.0,0.0,1,1
11522,549048.9979977757,444068.5,0.0,0.0,1,1
11523,549048.9979977757,444068.5,0.0,0.0,1,1
11524,549048.9979977757,444068.5,0.0,0.0,1,1
11525,549048.9979977757,444068.5,0.0,0.0,1,1
11526,548955.4979977757,444068.5,0.0,0.0,1,1
11527,548955.4979977757,444068.5,0.0,0.0,1,1
11528,548955.4979977757,444068.5,0.0,0.0,1,1
11529,548954.9979977757,444068.5,0.0,0.0,1,1
11530,548954.9979977757,444068.5,0.0,0.0,1,1
11531,548954.9979977757,444068.5,0.0,0.0,1,1
11532,548954.9979977757,444068.5,0.0,0.0,1,1
11533,548954.9979977757,444068.5,0.0,0.0,1,1
11534,548954.9979977757,444068.5,0.0,0.0,1,1
11535,549608.9979977757,444068.5,0.0,0.0,1,1
11536,549620.9979977757,444068.5,0.0,0.0,1,1
11537,549839.4979977757,444068.5,0.0,0.0,1,1
11538,549839.4979977757,444068.5,0.0,0.0,1,1
11539,549839.4979977757,444068.5,0.0,0.0,1,1
11540,549839.4979977757,444068.5,0.0,0.0,1,1
11541,549839.4979977757,444068.5,0.0,0.0,1,1
11542,549839.4979977757,444068.5,0.0,0.0,1,1
11543,549839.4979977757,444068.5,0.0,0.0,1,1
11544,549839.4979977757,444068.5,0.0,0.0,1,1
11545,549839.4979977757,444068.5,0.0,0.0,1,1
11546,549839.4979977757,444068.5,0.0,0.0,1,1
11547,549839.4979977757,444068.5,0.0,0.0,1,1
11548,549839.4979977757,444068.5,0.0,0.0,1,1
11549,549839.4979977757,444068.5,0.0,0.0,1,1
11550,549839.4979977757,444068.5,0.0,0.0,1,1
11551,549839.4979977757,444068.5,0.0,0.0,1,1
11552,549839.4979977757,444068.5,0.0,0.0,1,1
11553,549642.9979977757,444068.5,0.0,0.0,1,1
11554,549642.9979977757,444068.5,0.0,0.0,1,1
11555,549642.9979977757,444068.5,0.0,0.0,1,1
11556,549642.9979977757,444068.5,0.0,0.0,1,1
11557,549642.9979977757,444068.5,0.0,0.0,1,1
11558,549642.9979977757,444068.5,0.0,0.0,1,1
11559,549642.9979977757,444068.5,0.0,0.0,1,1
11560,549642.9979977757,444068.5,0.0,0.0,1,1
11561,549642.9979977757,444068.5,0.0,0.0,1,1
11562,549642.9979977757,444068.5,0.0,0.0,1,1
11563,549642.9979977757,444068.5,0.0,0.0,1,1
11564,549642.9979977757,444068.5,0.0,0.0,1,1
11565,549642.9979977757,444068.5,0.0,0.0,1,1
11566,549642.9979977757,444068.5,0.0,0.0,1,1
11567,549642.9979977757,444068.5,0.0,0.0,1,1
11568,549377.4979977757,444068.5,0.0,0.0,1,1
11569,549377.4979977757,444068.5,0.0,0.0,1,1
11570,549377.4979977757,444068.5,0.0,0.0,1,1
11571,549377.4979977757,444068.5,0.0,0.0,1,1
11572,549377.4979977757,444068.5,0.0,0.0,1,1
11573,549377.4979977757,444068.5,0.0,0.0,1,1
11574,549377.4979977757,444068.5,0.0,0.0,1,1
11575,549377.4979977757,444068.5,0.0,0.0,1,1
11576,549377.4979977757,444068.5,0.0,0.0,1,1
11577,549377.4979977757,444068.5,0.0,0.0,1,1
11578,549377.4979977757,444068.5,0.0,0.0,1,1
11579,549377.4979977757,444068.5,0.0,0.0,1,1
11580,549377.4979977757,444068.5,0.0,0.0,1,1
11581,549377.4979977757,444068.5,0.0,0.0,1,1
11582,549377.4979977757,444068.5,0.0,0.0,1,1
11583,549377.4979977757,444068.5,0.0,0.0,1,1
11584,549377.4979977757,444068.5,0.0,0.0,1,1
11585,549377.4979977757,444068.5,0.0,0.0,1,1
11586,549377.4979977757,444068.5,0.0,0.0,1,1
11587,549377.4979977757,444068.5,0.0,0.0,1,1
11588,549377.4979977757,444068.5,0.0,0.0,1,1
11589,549377.4979977757,444068.5,0.0,0.0,1,1
11590,549377.4979977757,444068.5,0.0,0.0,1,1
11591,549377.4979977757,444068.5,0.0,0.0,1,1
11592,549377.4979977757,444068.5,0.0,0.0,1,1
11593,549377.4979977757,444068.5,0.0,0.0,1,1
11594,549377.4979977757,444068.5,0.0,0.0,1,1
11595,549377.4979977757,444068.5,0.0,0.0,1,1
11596,549377.4979977757,444068.5,0.0,0.0,1,1
11597,549377.4979977757,444068.5,0.0,0.0,1,1
11598,549377.4979977757,444068.5,0.0,0.0,1,1
11599,549377.4979977757,444068.5,0.0,0.0,1,1
11600,549377.4979977757,444068.5,0.0,0.0,1,1
11601,549377.4979977757,444068.5,0.0,0.0,1,1
11602,549377.4979977757,444068.5,0.0,0.0,1,1
11603,549377.4979977757,444068.5,0.0,0.0,1,1
11604,549377.4979977757,444068.5,0.0,0.0,1,1
11605,549377.4979977757,444068.5,0.0,0.0,1,1
11606,549377.4979977757,444068.5,0.0,0.0,1,1
11607,549377.4979977757,444068.5,0.0,0.0,1,1
11608,549377.4979977757,444068.5,0.0,0.0,1,1
11609,549377.4979977757,444068.5,0.0,0.0,1,1
11610,549377.4979977757,444068.5,0.0,0.0,1,1
11611,549377.4979977757,444068.5,0.0,0.0,1,1
11612,549377.4979977757,444068.5,0.0,0.0,1,1
11613,549377.4979977757,444068.5,0.0,0.0,1,1
11614,549377.4979977757,444068.5,0.0,0.0,1,1
11615,549377.4979977757,444068.5,0.0,0.0,1,1
11616,549377.4979977757,444068.5,0.0,0.0,1,1
11617,549377.4979977757,444068.5,0.0,0.0,1,1
11618,549377.4979977757,444068.5,0.0,0.0,1,1
11619,549377.4979977757,444068.5,0.0,0.0,1,1
11620,549377.4979977757,444068.5,0.0,0.0,1,1
11621,549377.4979977757,444068.5,0.0,0.0,1,1
11622,549377.4979977757,444068.5,0.0,0.0,1,1
11623,549377.4979977757,444068.5,0.0,0.0,1,1
11624,549377.4979977757,444068.5,0.0,0.0,1,1
11625,549377.4979977757,444068.5,0.0,0.0,1,1
11626,549377.4979977757,444068.5,0.0,0.0,1,1
11627,549324.4979977757,444068.5,0.0,0.0,1,1
11628,549324.4979977757,444068.5,0.0,0.0,1,1
11629,549324.4979977757,444068.5,0.0,0.0,1,1
11630,549324.4979977757,444068.5,0.0,0.0,1,1
11631,549324.4979977757,444068.5,0.0,0.0,1,1
11632,549324.4979977757,444068.5,0.0,0.0,1,1
11633,549324.4979977757,444068.5,0.0,0.0,1,1
11634,549324.4979977757,444068.5,0.0,0.0,1,1
11635,549324.4979977757,444068.5,0.0,0.0,1,1
11636,549324.4979977757,444068.5,0.0,0.0,1,1
11637,549324.4979977757,444068.5,0.0,0.0,1,1
11638,549324.4979977757,444068.5,0.0,0.0,1,1
11639,549324.4979977757,444068.5,0.0,0.0,1,1
11640,549324.4979977757,444068.5,0.0,0.0,1,1
11641,549324.4979977757,444068.5,0.0,0.0,1,1
11642,549324.4979977757,444068.5,0.0,0.0,1,1
11643,549324.4979977757,444068.5,0.0,0.0,1,1
11644,549324.4979977757,444068.5,0.0,0.0,1,1
11645,549324.4979977757,444068.5,0.0,0.0,1,1
11646,549324.4979977757,444068.5,0.0,0.0,1,1
11647,549324.4979977757,444068.5,0.0,0.0,1,1
11648,549324.4979977757,444068.5,0.0,0.0,1,1
11649,549324.4979977757,444068.5,0.0,0.0,1,1
11650,549324.4979977757,444068.5,0.0,0.0,1,1
11651,549324.4979977757,444068.5,0.0,0.0,1,1
11652,549324.4979977757,444068.5,0.0,0.0,1,1
11653,549324.4979977757,444068.5,0.0,0.0,1,1
11654,549324.4979977757,444068.5,0.0,0.0,1,1
11655,549324.4979977757,444068.5,0.0,0.0,1,1
11656,549324.4979977757,444068.5,0.0,0.0,1,1
11657,549243.9979977757,444068.5,0.0,0.0,1,1
11658,549243.9979977757,444068.5,0.0,0.0,1,1
11659,549134.4979977757,444068.5,0.0,0.0,1,1
11660,549134.4979977757,444068.5,0.0,0.0,1,1
11661,549134.4979977757,444068.5,0.0,0.0,1,1
11662,549134.4979977757,444068.5,0.0,0.0,1,1
11663,549134.4979977757,444068.5,0.0,0.0,1,1
11664,549134.4979977757,444068.5,0.0,0.0,1,1
11665,549134.4979977757,444068.5,0.0,0.0,1,1
11666,549134.4979977757,444068.5,0.0,0.0,1,1
11667,549134.4979977757,444068.5,0.0,0.0,1,1
11668,549134.4979977757,444068.5,0.0,0.0,1,1
11669,549134.4979977757,444068.5,0.0,0.0,1,1
11670,549134.4979977757,444068.5,0.0,0.0,1,1
11671,549134.4979977757,444068.5,0.0,0.0,1,1
11672,549134.4979977757,444068.5,0.0,0.0,1,1
11673,549134.4979977757,444068.5,0.0,0.0,1,1
11674,548983.4979977757,444068.5,0.0,0.0,1,1
11675,548983.4979977757,444068.5,0.0,0.0,1,1
11676,550201.9979977757,444068.5,0.0,0.0,1,1
11677,550201.9979977757,444068.5,0.0,0.0,1,1
11678,550237.9979977757,444068.5,0.0,0.0,1,1
11679,550237.9979977757,444068.5,0.0,0.0,1,1
11680,550237.9979977757,444068.5,0.0,0.0,1,1
11681,550237.9979977757,444068.5,0.0,0.0,1,1
11682,550237.9979977757,444068.5,0.0,0.0,1,1
11683,550237.9979977757,444068.5,0.0,0.0,1,1
11684,550237.9979977757,444068.5,0.0,0.0,1,1
11685,550237.9979977757,444068.5,0.0,0.0,1,1
11686,550237.9979977757,444068.5,0.0,0.0,1,1
11687,550237.9979977757,444068.5,0.0,0.0,1,1
11688,550237.9979977757,444068.5,0.0,0.0,1,1
11689,549963.9979977757,444068.5,0.0,0.0,1,1
11690,549963.9979977757,444068.5,0.0,0.0,1,1
11691,549963.9979977757,444068.5,0.0,0.0,1,1
11692,549963.9979977757,444068.5,0.0,0.0,1,1
11693,549963.9979977757,444068.5,0.0,0.0,1,1
11694,549963.9979977757,444068.5,0.0,0.0,1,1
11695,549963.9979977757,444068.5,0.0,0.0,1,1
11696,549963.9979977757,444068.5,0.0,0.0,1,1
11697,549963.9979977757,444068.5,0.0,0.0,1,1
11698,549963.9979977757,444068.5,0.0,0.0,1,1
11699,549963.9979977757,444068.5,0.0,0.0,1,1
11700,549963.9979977757,444068.5,0.0,0.0,1,1
11701,549963.9979977757,444068.5,0.0,0.0,1,1
11702,549963.9979977757,444068.5,0.0,0.0,1,1
11703,549963.9979977757,444068.5,0.0,0.0,1,1
11704,549963.9979977757,444068.5,0.0,0.0,1,1
11705,549963.9979977757,444068.5,0.0,0.0,1,1
11706,549963.9979977757,444068.5,0.0,0.0,1,1
11707,549963.9979977757,444068.5,0.0,0.0,1,1
11708,549963.9979977757,444068.5,0.0,0.0,1,1
11709,549963.9979977757,444068.5,0.0,0.0,1,1
11710,549963.9979977757,444068.5,0.0,0.0,1,1
11711,549963.9979977757,444068.5,0.0,0.0,1,1
11712,549963.9979977757,444068.5,0.0,0.0,1,1
11713,549963.9979977757,444068.5,0.0,0.0,1,1
11714,549963.9979977757,444068.5,0.0,0.0,1,1
11715,550057.4979977757,444068.5,0.0,0.0,1,1
11716,550057.4979977757,444068.5,0.0,0.0,1,1
11717,550057.4979977757,444068.5,0.0,0.0,1,1
11718,550057.4979977757,444068.5,0.0,0.0,1,1
11719,550057.4979977757,444068.5,0.0,0.0,1,1
11720,550057.4979977757,444068.5,0.0,0.0,1,1
11721,550057.4979977757,444068.5,0.0,0.0,1,1
11722,550057.4979977757,444068.5,0.0,0.0,1,1
11723,550057.4979977757,444068.5,0.0,0.0,1,1
11724,550057.4979977757,444068.5,0.0,0.0,1,1
11725,550057.4979977757,444068.5,0.0,0.0,1,1
11726,550057.4979977757,444068.5,0.0,0.0,1,1
11727,550057.4979977757,444068.5,0.0,0.0,1,1
11728,550057.4979977757,444068.5,0.0,0.0,1,1
11729,550057.4979977757,444068.5,0.0,0.0,1,1
11730,550057.4979977757,444068.5,0.0,0.0,1,1
11731,550057.4979977757,444068.5,0.0,0.0,1,1
11732,550057.4979977757,444068.5,0.0,0.0,1,1
11733,550057.4979977757,444068.5,0.0,0.0,1,1
11734,550057.4979977757,444068.5,0.0,0.0,1,1
11735,550084.4983314797,444068.5,0.0,0.0,1,1
11736,550084.4983314797,444068.5,0.0,0.0,1,1
11737,550084.4983314797,444068.5,0.0,0.0,1,1
11738,549996.4983314797,444068.5,0.0,0.0,1,1
11739,549996.4983314797,444068.5,0.0,0.0,1,1
11740,549996.4983314797,444068.5,0.0,0.0,1,1
11741,549996.4983314797,444068.5,0.0,0.0,1,1
11742,549996.4983314797,444068.5,0.0,0.0,1,1
11743,549996.4983314797,444068.5,0.0,0.0,1,1
11744,549996.4983314797,444068.5,0.0,0.0,1,1
11745,549996.4983314797,444068.5,0.0,0.0,1,1
11746,549996.4983314797,444068.5,0.0,0.0,1,1
11747,549996.4983314797,444068.5,0.0,0.0,1,1
11748,549996.4983314797,444068.5,0.0,0.0,1,1
11749,549996.4983314797,444068.5,0.0,0.0,1,1
11750,549996.4983314797,444068.5,0.0,0.0,1,1
11751,549996.4983314797,444068.5,0.0,0.0,1,1
11752,549996.4983314797,444068.5,0.0,0.0,1,1
11753,549996.4983314797,444068.5,0.0,0.0,1,1
11754,549996.4983314797,444068.5,0.0,0.0,1,1
11755,549996.4983314797,444068.5,0.0,0.0,1,1
11756,549956.9981646277,444068.5,0.0,0.0,1,1
11757,549956.9981646277,444068.5,0.0,0.0,1,1
11758,549956.9981646277,444068.5,0.0,0.0,1,1
11759,549956.9981646277,444068.5,0.0,0.0,1,1
11760,549956.9981646277,444068.5,0.0,0.0,1,1
11761,549956.9981646277,444068.5,0.0,0.0,1,1
11762,549956.9981646277,444068.5,0.0,0.0,1,1
11763,549956.9981646277,444068.5,0.0,0.0,1,1
11764,549956.9981646277,444068.5,0.0,0.0,1,1
11765,549956.9981646277,444068.5,0.0,0.0,1,1
11766,549956.9981646277,444068.5,0.0,0.0,1,1
11767,549956.9981646277,444068.5,0.0,0.0,1,1
11768,549956.9981646277,444068.5,0.0,0.0,1,1
11769,549956.9981646277,444068.5,0.0,0.0,1,1
11770,549956.9981646277,444068.5,0.0,0.0,1,1
11771,549956.9981646277,444068.5,0.0,0.0,1,1
11772,549956.9981646277,444068.5,0.0,0.0,1,1
11773,549956.9981646277,444068.5,0.0,0.0,1,1
11774,549956.9981646277,444068.5,0.0,0.0,1,1
11775,549956.9981646277,444068.5,0.0,0.0,1,1
11776,549956.9981646277,444068.5,0.0,0.0,1,1
11777,549956.9981646277,444068.5,0.0,0.0,1,1
11778,549956.9981646277,444068.5,0.0,0.0,1,1
11779,549956.9981646277,444068.5,0.0,0.0,1,1
11780,549956.9981646277,444068.5,0.0,0.0,1,1
11781,549956.9981646277,444068.5,0.0,0.0,1,1
11782,549956.9981646277,444068.5,0.0,0.0,1,1
11783,549956.9981646277,444068.5,0.0,0.0,1,1
11784,549956.9981646277,444068.5,0.0,0.0,1,1
11785,549956.9981646277,444068.5,0.0,0.0,1,1
11786,549956.9981646277,444068.5,0.0,0.0,1,1
11787,549806.9981646277,444068.5,0.0,0.0,1,1
11788,549806.9981646277,444068.5,0.0,0.0,1,1
11789,549806.9981646277,444068.5,0.0,0.0,1,1
11790,549806.9981646277,444068.5,0.0,0.0,1,1
11791,549806.9981646277,444068.5,0.0,0.0,1,1
11792,549806.9981646277,444068.5,0.0,0.0,1,1
11793,549806.9981646277,444068.5,0.0,0.0,1,1
11794,549953.9983314797,444068.5,0.0,0.0,1,1
11795,549953.9983314797,444068.5,0.0,0.0,1,1
11796,549953.9983314797,444068.5,0.0,0.0,1,1
11797,549953.9983314797,444068.5,0.0,0.0,1,1
11798,549953.9983314797,444068.5,0.0,0.0,1,1
11799,549953.9983314797,444068.5,0.0,0.0,1,1
11800,549953.9983314797,444068.5,0.0,0.0,1,1
11801,550092.9983314797,444068.5,0.0,0.0,1,1
11802,550092.9983314797,444068.5,0.0,0.0,1,1
11803,550092.9983314797,444068.5,0.0,0.0,1,1
11804,550092.9983314797,444068.5,0.0,0.0,1,1
11805,550092.9983314797,444068.5,0.0,0.0,1,1
11806,550092.9983314797,444068.5,0.0,0.0,1,1
11807,550092.9983314797,444068.5,0.0,0.0,1,1
11808,550092.9983314797,444068.5,0.0,0.0,1,1
11809,550092.9983314797,444068.5,0.0,0.0,1,1
11810,550061.9979977757,444068.5,0.0,0.0,1,1
11811,550188.4979977757,444068.5,0.0,0.0,1,1
11812,550188.4979977757,444068.5,0.0,0.0,1,1
11813,550188.4979977757,444068.5,0.0,0.0,1,1
11814,550188.4979977757,444068.5,0.0,0.0,1,1
11815,550188.4979977757,444068.5,0.0,0.0,1,1
11816,550188.4979977757,444068.5,0.0,0.0,1,1
11817,550188.4979977757,444068.5,0.0,0.0,1,1
11818,550188.4979977757,444068.5,0.0,0.0,1,1
11819,550188.4979977757,444068.5,0.0,0.0,1,1
11820,550176.4979977757,444068.5,0.0,0.0,1,1
11821,550176.4979977757,444068.5,0.0,0.0,1,1
11822,550176.4979977757,444068.5,0.0,0.0,1,1
11823,550176.4979977757,444068.5,0.0,0.0,1,1
11824,550176.4979977757,444068.5,0.0,0.0,1,1
11825,550176.4979977757,444068.5,0.0,0.0,1,1
11826,550176.4979977757,444068.5,0.0,0.0,1,1
11827,550176.4979977757,444068.5,0.0,0.0,1,1
11828,550176.4979977757,444068.5,0.0,0.0,1,1
11829,550176.4979977757,444068.5,0.0,0.0,1,1
11830,550176.4979977757,444068.5,0.0,0.0,1,1
11831,550176.4979977757,444068.5,0.0,0.0,1,1
11832,550176.4979977757,444068.5,0.0,0.0,1,1
11833,550176.4979977757,444068.5,0.0,0.0,1,1
11834,550176.4979977757,444068.5,0.0,0.0,1,1
11835,550176.4979977757,444068.5,0.0,0.0,1,1
11836,553553.9978309236,444068.5,0.0,0.0,1,1
11837,553553.9978309236,444068.5,0.0,0.0,1,1
11838,553553.9978309236,444068.5,0.0,0.0,1,1
11839,553553.9978309236,444068.5,0.0,0.0,1,1
11840,553553.9978309236,444068.5,0.0,0.0,1,1
11841,553553.9978309236,444068.5,0.0,0.0,1,1
11842,553553.9978309236,444068.5,0.0,0.0,1,1
11843,553553.9978309236,444068.5,0.0,0.0,1,1
11844,553553.9978309236,444068.5,0.0,0.0,1,1
11845,553553.9978309236,444068.5,0.0,0.0,1,1
11846,553553.9978309236,444068.5,0.0,0.0,1,1
11847,553553.9978309236,444068.5,0.0,0.0,1,1
11848,553553.9978309236,444068.5,0.0,0.0,1,1
11849,553553.9978309236,444068.5,0.0,0.0,1,1
11850,553553.9978309236,444068.5,0.0,0.0,1,1
11851,553553.9978309236,444068.5,0.0,0.0,1,1
11852,553553.9978309236,444068.5,0.0,0.0,1,1
11853,553553.9978309236,444068.5,0.0,0.0,1,1
11854,553553.9978309236,444068.5,0.0,0.0,1,1
11855,553553.9978309236,444068.5,0.0,0.0,1,1
11856,553488.4978309236,444068.5,0.0,0.0,1,1
11857,553542.4978309236,444068.5,0.0,0.0,1,1
11858,553542.4978309236,444068.5,0.0,0.0,1,1
11859,553573.4981646277,444068.5,0.0,0.0,1,1
11860,553573.4981646277,444068.5,0.0,0.0,1,1
11861,553573.4981646277,444068.5,0.0,0.0,1,1
11862,553705.4981646277,444068.5,0.0,0.0,1,1
11863,553705.4981646277,444068.5,0.0,0.0,1,1
11864,553705.4981646277,444068.5,0.0,0.0,1,1
11865,553705.4981646277,444068.5,0.0,0.0,1,1
11866,553705.4981646277,444068.5,0.0,0.0,1,1
11867,553705.4981646277,444068.5,0.0,0.0,1,1
11868,553705.4981646277,444068.5,0.0,0.0,1,1
11869,553705.4981646277,444068.5,0.0,0.0,1,1
11870,553705.4981646277,444068.5,0.0,0.0,1,1
11871,553705.4981646277,444068.5,0.0,0.0,1,1
11872,553705.4981646277,444068.5,0.0,0.0,1,1
11873,553705.4981646277,444068.5,0.0,0.0,1,1
11874,553786.9984983318,444068.5,0.0,0.0,1,1
11875,553786.9984983318,444068.5,0.0,0.0,1,1
11876,553786.9984983318,444068.5,0.0,0.0,1,1
11877,553786.9984983318,444068.5,0.0,0.0,1,1
11878,553786.9984983318,444068.5,0.0,0.0,1,1
11879,553786.9984983318,444068.5,0.0,0.0,1,1
11880,553786.9984983318,444068.5,0.0,0.0,1,1
11881,553786.9984983318,444068.5,0.0,0.0,1,1
11882,553786.9984983318,444068.5,0.0,0.0,1,1
11883,553786.9984983318,444068.5,0.0,0.0,1,1
11884,553786.9984983318,444068.5,0.0,0.0,1,1
11885,553786.9984983318,444068.5,0.0,0.0,1,1
11886,553786.9984983318,444068.5,0.0,0.0,1,1
11887,553786.9984983318,444068.5,0.0,0.0,1,1
11888,553786.9984983318,444068.5,0.0,0.0,1,1
11889,553786.9984983318,444068.5,0.0,0.0,1,1
11890,553786.9984983318,444068.5,0.0,0.0,1,1
11891,553786.9984983318,444068.5,0.0,0.0,1,1
11892,553786.9984983318,444068.5,0.0,0.0,1,1
11893,553786.9984983318,444068.5,0.0,0.0,1,1
11894,553786.9984983318,444068.5,0.0,0.0,1,1
11895,553786.9984983318,444068.5,0.0,0.0,1,1
11896,553786.9984983318,444068.5,0.0,0.0,1,1
11897,553786.9984983318,444068.5,0.0,0.0,1,1
11898,553786.9984983318,444068.5,0.0,0.0,1,1
11899,553786.9984983318,444068.5,0.0,0.0,1,1
11900,553786.9984983318,444068.5,0.0,0.0,1,1
11901,553786.9984983318,444068.5,0.0,0.0,1,1
11902,553786.9984983318,444068.5,0.0,0.0,1,1
11903,553786.9984983318,444068.5,0.0,0.0,1,1
11904,553786.9984983318,444068.5,0.0,0.0,1,1
11905,553786.9984983318,444068.5,0.0,0.0,1,1
11906,553786.9984983318,444068.5,0.0,0.0,1,1
11907,553786.9984983318,444068.5,0.0,0.0,1,1
11908,553786.9984983318,444068.5,0.0,0.0,1,1
11909,553786.9984983318,444068.5,0.0,0.0,1,1
11910,553786.9984983318,444068.5,0.0,0.0,1,1
11911,553786.9984983318,444068.5,0.0,0.0,1,1
11912,553786.9984983318,444068.5,0.0,0.0,1,1
11913,553786.9984983318,444068.5,0.0,0.0,1,1
11914,553786.9984983318,444068.5,0.0,0.0,1,1
11915,553769.9984983318,444068.5,0.0,0.0,1,1
11916,553769.9984983318,444068.5,0.0,0.0,1,1
11917,553769.9984983318,444068.5,0.0,0.0,1,1
11918,553769.9984983318,444068.5,0.0,0.0,1,1
11919,553769.9984983318,444068.5,0.0,0.0,1,1
11920,553769.9984983318,444068.5,0.0,0.0,1,1
11921,553769.9984983318,444068.5,0.0,0.0,1,1
11922,553769.9984983318,444068.5,0.0,0.0,1,1
11923,553769.9984983318,444068.5,0.0,0.0,1,1
11924,553769.9984983318,444068.5,0.0,0.0,1,1
11925,553769.9984983318,444068.5,0.0,0.0,1,1
11926,553769.9984983318,444068.5,0.0,0.0,1,1
11927,553769.9984983318,444068.5,0.0,0.0,1,1
11928,553769.9984983318,444068.5,0.0,0.0,1,1
11929,553769.9984983318,444068.5,0.0,0.0,1,1
11930,552810.9984983318,444068.5,0.0,0.0,1,1
11931,552810.9984983318,444068.5,0.0,0.0,1,1
11932,552810.9984983318,444068.5,0.0,0.0,1,1
11933,552810.9984983318,444068.5,0.0,0.0,1,1
11934,552810.9984983318,444068.5,0.0,0.0,1,1
11935,552810.9984983318,444068.5,0.0,0.0,1,1
11936,552810.9984983318,444068.5,0.0,0.0,1,1
11937,552810.9984983318,444068.5,0.0,0.0,1,1
11938,552810.9984983318,444068.5,0.0,0.0,1,1
11939,552810.9984983318,444068.5,0.0,0.0,1,1
11940,552810.9984983318,444068.5,0.0,0.0,1,1
11941,552810.9984983318,444068.5,0.0,0.0,1,1
11942,552810.9984983318,444068.5,0.0,0.0,1,1
11943,552810.9984983318,444068.5,0.0,0.0,1,1
11944,552810.9984983318,444068.5,0.0,0.0,1,1
11945,552810.9984983318,444068.5,0.0,0.0,1,1
11946,552810.9984983318,444068.5,0.0,0.0,1,1
11947,552810.9984983318,444068.5,0.0,0.0,1,1
11948,552810.9984983318,444068.5,0.0,0.0,1,1
11949,552810.9984983318,444068.5,0.0,0.0,1,1
11950,552810.9984983318,444068.5,0.0,0.0,1,1
11951,552810.9984983318,444068.5,0.0,0.0,1,1
11952,552810.9984983318,444068.5,0.0,0.0,1,1
11953,552810.9984983318,444068.5,0.0,0.0,1,1
11954,552810.9984983318,444068.5,0.0,0.0,1,1
11955,552810.9984983318,444068.5,0.0,0.0,1,1
11956,552810.9984983318,444068.5,0.0,0.0,1,1
11957,552810.9984983318,444068.5,0.0,0.0,1,1
11958,552810.9984983318,444068.5,0.0,0.0,1,1
11959,552810.9984983318,444068.5,0.0,0.0,1,1
11960,552810.9984983318,444068.5,0.0,0.0,1,1
11961,552810.9984983318,444068.5,0.0,0.0,1,1
11962,552894.9984983318,444068.5,0.0,0.0,1,1
11963,552894.9984983318,444068.5,0.0,0.0,1,1
11964,552894.9984983318,444068.5,0.0,0.0,1,1
11965,552894.9984983318,444068.5,0.0,0.0,1,1
11966,552894.9984983318,444068.5,0.0,0.0,1,1
11967,552894.9984983318,444068.5,0.0,0.0,1,1
11968,552894.9984983318,444068.5,0.0,0.0,1,1
11969,552894.9984983318,444068.5,0.0,0.0,1,1
11970,552894.9984983318,444068.5,0.0,0.0,1,1
11971,552894.9984983318,444068.5,0.0,0.0,1,1
11972,552894.9984983318,444068.5,0.0,0.0,1,1
11973,552878.9984983318,444068.5,0.0,0.0,1,1
11974,552878.9984983318,444068.5,0.0,0.0,1,1
11975,552878.9984983318,444068.5,0.0,0.0,1,1
11976,552878.9984983318,444068.5,0.0,0.0,1,1
11977,552878.9984983318,444068.5,0.0,0.0,1,1
11978,552878.9984983318,444068.5,0.0,0.0,1,1
11979,552878.9984983318,444068.5,0.0,0.0,1,1
11980,552878.9984983318,444068.5,0.0,0.0,1,1
11981,552878.9984983318,444068.5,0.0,0.0,1,1
11982,552878.9984983318,444068.5,0.0,0.0,1,1
11983,552878.9984983318,444068.5,0.0,0.0,1,1
11984,552878.9984983318,444068.5,0.0,0.0,1,1
11985,552878.9984983318,444068.5,0.0,0.0,1,1
11986,552878.9984983318,444068.5,0.0,0.0,1,1
11987,552878.9984983318,444068.5,0.0,0.0,1,1
11988,552878.9984983318,444068.5,0.0,0.0,1,1
11989,552878.9984983318,444068.5,0.0,0.0,1,1
11990,552878.9984983318,444068.5,0.0,0.0,1,1
11991,552878.9984983318,444068.5,0.0,0.0,1,1
11992,552931.9988320358,444068.5,0.0,0.0,1,1
11993,552931.9988320358,444068.5,0.0,0.0,1,1
11994,552931.9988320358,444068.5,0.0,0.0,1,1
11995,552931.9988320358,444068.5,0.0,0.0,1,1
11996,552931.9988320358,444068.5,0.0,0.0,1,1
11997,552931.9988320358,444068.5,0.0,0.0,1,1
11998,552931.9988320358,444068.5,0.0,0.0,1,1
11999,552931.9988320358,444068.5,0.0,0.0,1,1
12000,552931.9988320358,444068.5,0.0,0.0,1,1
