iteration,current_area,best_area,current_aspect,best_aspect
1,529480,529480,2.223360655737705,2.223360655737705
2,529480,529480,2.223360655737705,2.223360655737705
3,528016,528016,2.2172131147540983,2.2172131147540983
4,528016,528016,2.2172131147540983,2.2172131147540983
5,519232,519232,2.180327868852459,2.180327868852459
6,519232,519232,2.180327868852459,2.180327868852459
7,519232,519232,2.180327868852459,2.180327868852459
8,519232,519232,2.180327868852459,2.180327868852459
9,519232,519232,2.180327868852459,2.180327868852459
10,487176,487176,2.7099056603773586,2.7099056603773586
11,465682,465682,2.8251231527093594,2.8251231527093594
12,465682,465682,2.8251231527093594,2.8251231527093594
13,461622,461622,2.8004926108374386,2.8004926108374386
14,461622,461622,2.8004926108374386,2.8004926108374386
15,461622,461622,2.8004926108374386,2.8004926108374386
16,464654,461622,3.2348284960422165,2.8004926108374386
17,464654,461622,3.2348284960422165,2.8004926108374386
18,464654,461622,3.2348284960422165,2.8004926108374386
19,464654,461622,3.2348284960422165,2.8004926108374386
20,464654,461622,3.2348284960422165,2.8004926108374386
21,464654,461622,3.2348284960422165,2.8004926108374386
22,462001,461622,3.216358839050132,2.8004926108374386
23,440777,440777,3.0686015831134563,3.0686015831134563
24,440777,440777,3.0686015831134563,3.0686015831134563
25,439614,439614,3.0767195767195767,3.0767195767195767
26,440777,439614,3.0686015831134563,3.0767195767195767
27,432060,432060,3.0079155672823217,3.0079155672823217
28,406667,406667,2.8311345646437993,2.8311345646437993
29,415763,406667,2.8944591029023745,2.8311345646437993
30,415763,406667,2.8944591029023745,2.8311345646437993
31,415763,406667,2.8944591029023745,2.8311345646437993
32,415763,406667,2.8944591029023745,2.8311345646437993
33,415763,406667,2.8944591029023745,2.8311345646437993
34,415763,406667,2.8944591029023745,2.8311345646437993
35,415763,406667,2.8944591029023745,2.8311345646437993
36,415763,406667,2.8944591029023745,2.8311345646437993
37,394539,394539,2.746701846965699,2.746701846965699
38,394539,394539,2.746701846965699,2.746701846965699
39,393498,393498,2.753968253968254,2.753968253968254
40,393498,393498,2.753968253968254,2.753968253968254
41,393498,393498,2.753968253968254,2.753968253968254
42,393498,393498,2.753968253968254,2.753968253968254
43,393498,393498,2.753968253968254,2.753968253968254
44,400680,393498,2.804232804232804,2.753968253968254
45,400680,393498,2.804232804232804,2.753968253968254
46,400680,393498,2.804232804232804,2.753968253968254
47,400680,393498,2.804232804232804,2.753968253968254
48,400680,393498,2.804232804232804,2.753968253968254
49,400680,393498,2.804232804232804,2.753968253968254
50,400680,393498,2.804232804232804,2.753968253968254
51,416580,393498,2.6972010178117047,2.753968253968254
52,416580,393498,2.6972010178117047,2.753968253968254
53,416580,393498,2.6972010178117047,2.753968253968254
54,416580,393498,2.6972010178117047,2.753968253968254
55,428763,393498,2.776081424936387,2.753968253968254
56,428763,393498,2.776081424936387,2.753968253968254
57,436623,393498,2.826972010178117,2.753968253968254
58,436623,393498,2.826972010178117,2.753968253968254
59,436623,393498,2.826972010178117,2.753968253968254
60,436623,393498,2.826972010178117,2.753968253968254
61,436623,393498,2.826972010178117,2.753968253968254
62,420903,393498,2.7251908396946565,2.753968253968254
63,420903,393498,2.7251908396946565,2.753968253968254
64,420903,393498,2.7251908396946565,2.753968253968254
65,420903,393498,2.7251908396946565,2.753968253968254
66,420903,393498,2.7251908396946565,2.753968253968254
67,420903,393498,2.7251908396946565,2.753968253968254
68,420903,393498,2.7251908396946565,2.753968253968254
69,420903,393498,2.7251908396946565,2.753968253968254
70,415794,393498,2.6921119592875318,2.753968253968254
71,404397,393498,2.618320610687023,2.753968253968254
72,404397,393498,2.618320610687023,2.753968253968254
73,404397,393498,2.618320610687023,2.753968253968254
74,406362,393498,2.6310432569974553,2.753968253968254
75,406362,393498,2.6310432569974553,2.753968253968254
76,406362,393498,2.6310432569974553,2.753968253968254
77,422868,393498,2.737913486005089,2.753968253968254
78,422868,393498,2.737913486005089,2.753968253968254
79,422868,393498,2.737913486005089,2.753968253968254
80,422868,393498,2.737913486005089,2.753968253968254
81,422868,393498,2.737913486005089,2.753968253968254
82,422868,393498,2.737913486005089,2.753968253968254
83,422868,393498,2.737913486005089,2.753968253968254
84,422868,393498,2.737913486005089,2.753968253968254
85,422868,393498,2.737913486005089,2.753968253968254
86,429549,393498,2.78117048346056,2.753968253968254
87,429549,393498,2.78117048346056,2.753968253968254
88,429549,393498,2.78117048346056,2.753968253968254
89,429549,393498,2.78117048346056,2.753968253968254
90,429549,393498,2.78117048346056,2.753968253968254
91,402039,393498,2.6030534351145036,2.753968253968254
92,402039,393498,2.6030534351145036,2.753968253968254
93,402039,393498,2.6030534351145036,2.753968253968254
94,402039,393498,2.6030534351145036,2.753968253968254
95,404085,393498,2.589873417721519,2.753968253968254
96,404085,393498,2.589873417721519,2.753968253968254
97,404085,393498,2.589873417721519,2.753968253968254
98,404085,393498,2.589873417721519,2.753968253968254
99,404085,393498,2.589873417721519,2.753968253968254
100,404085,393498,2.589873417721519,2.753968253968254
101,404085,393498,2.589873417721519,2.753968253968254
102,404085,393498,2.589873417721519,2.753968253968254
103,404085,393498,2.589873417721519,2.753968253968254
104,404085,393498,2.589873417721519,2.753968253968254
105,404085,393498,2.589873417721519,2.753968253968254
106,404085,393498,2.589873417721519,2.753968253968254
107,404085,393498,2.589873417721519,2.753968253968254
108,404085,393498,2.589873417721519,2.753968253968254
109,404085,393498,2.589873417721519,2.753968253968254
110,437660,393498,2.8050632911392404,2.753968253968254
111,437660,393498,2.8050632911392404,2.753968253968254
112,437660,393498,2.8050632911392404,2.753968253968254
113,437660,393498,2.8050632911392404,2.753968253968254
114,437660,393498,2.8050632911392404,2.753968253968254
115,443200,393498,2.77,2.753968253968254
116,443200,393498,2.77,2.753968253968254
117,443200,393498,2.77,2.753968253968254
118,438800,393498,2.7425,2.753968253968254
119,435105,393498,1.7757575757575759,2.753968253968254
120,435105,393498,1.7757575757575759,2.753968253968254
121,447480,393498,1.8262626262626263,2.753968253968254
122,435728,393498,1.8755186721991701,2.753968253968254
123,435728,393498,1.8755186721991701,2.753968253968254
124,435728,393498,1.8755186721991701,2.753968253968254
125,435728,393498,1.8755186721991701,2.753968253968254
126,432762,393498,1.9261603375527425,2.753968253968254
127,407640,393498,1.8143459915611815,2.753968253968254
128,410220,393498,1.8029350104821802,2.753968253968254
129,410220,393498,1.8029350104821802,2.753968253968254
130,413660,393498,1.787941787941788,2.753968253968254
131,415380,393498,1.7805383022774328,2.753968253968254
132,415380,393498,1.7805383022774328,2.753968253968254
133,415380,393498,1.7805383022774328,2.753968253968254
134,407256,393498,1.782426778242678,2.753968253968254
135,393872,393498,1.7238493723849373,2.753968253968254
136,393872,393498,1.7238493723849373,2.753968253968254
137,397218,393498,1.7384937238493723,2.753968253968254
138,397218,393498,1.7384937238493723,2.753968253968254
139,397218,393498,1.7384937238493723,2.753968253968254
140,397218,393498,1.7384937238493723,2.753968253968254
141,397218,393498,1.7384937238493723,2.753968253968254
142,382400,382400,1.6736401673640167,1.6736401673640167
143,382400,382400,1.6736401673640167,1.6736401673640167
144,382400,382400,1.6736401673640167,1.6736401673640167
145,387658,382400,1.6966527196652719,1.6736401673640167
146,387658,382400,1.6966527196652719,1.6736401673640167
147,387658,382400,1.6966527196652719,1.6736401673640167
148,386036,382400,1.703781512605042,1.6736401673640167
149,377944,377944,1.6680672268907564,1.6680672268907564
150,377944,377944,1.6680672268907564,1.6680672268907564
151,377944,377944,1.6680672268907564,1.6680672268907564
152,378261,377944,1.6624737945492662,1.6680672268907564
153,388755,377944,1.7085953878406708,1.6680672268907564
154,388755,377944,1.7085953878406708,1.6680672268907564
155,388755,377944,1.7085953878406708,1.6680672268907564
156,388755,377944,1.7085953878406708,1.6680672268907564
157,388755,377944,1.7085953878406708,1.6680672268907564
158,388755,377944,1.7085953878406708,1.6680672268907564
159,388755,377944,1.7085953878406708,1.6680672268907564
160,388755,377944,1.7085953878406708,1.6680672268907564
161,388755,377944,1.7085953878406708,1.6680672268907564
162,389709,377944,1.7127882599580713,1.6680672268907564
163,388755,377944,1.7085953878406708,1.6680672268907564
164,387940,377944,1.7121848739495797,1.6680672268907564
165,387940,377944,1.7121848739495797,1.6680672268907564
166,405552,377944,1.7899159663865547,1.6680672268907564
167,406028,377944,1.7920168067226891,1.6680672268907564
168,406028,377944,1.7920168067226891,1.6680672268907564
169,406028,377944,1.7920168067226891,1.6680672268907564
170,406028,377944,1.7920168067226891,1.6680672268907564
171,406028,377944,1.7920168067226891,1.6680672268907564
172,406028,377944,1.7920168067226891,1.6680672268907564
173,410312,377944,1.8109243697478992,1.6680672268907564
174,410312,377944,1.8109243697478992,1.6680672268907564
175,410312,377944,1.8109243697478992,1.6680672268907564
176,391748,377944,1.7289915966386555,1.6680672268907564
177,384408,377944,1.8486842105263157,1.6680672268907564
178,369360,369360,1.7763157894736843,1.7763157894736843
179,369360,369360,1.7763157894736843,1.7763157894736843
180,369360,369360,1.7763157894736843,1.7763157894736843
181,369360,369360,1.7763157894736843,1.7763157894736843
182,369360,369360,1.7763157894736843,1.7763157894736843
183,369360,369360,1.7763157894736843,1.7763157894736843
184,369360,369360,1.7763157894736843,1.7763157894736843
185,387144,369360,1.861842105263158,1.7763157894736843
186,378936,369360,1.8223684210526316,1.7763157894736843
187,378936,369360,1.8223684210526316,1.7763157894736843
188,378936,369360,1.8223684210526316,1.7763157894736843
189,378936,369360,1.8223684210526316,1.7763157894736843
190,378936,369360,1.8223684210526316,1.7763157894736843
191,378936,369360,1.8223684210526316,1.7763157894736843
192,378936,369360,1.8223684210526316,1.7763157894736843
193,378936,369360,1.8223684210526316,1.7763157894736843
194,368133,368133,1.8758465011286682,1.8758465011286682
195,357944,357944,1.8239277652370203,1.8239277652370203
196,357944,357944,1.8239277652370203,1.8239277652370203
197,356615,356615,1.817155756207675,1.817155756207675
198,356615,356615,1.817155756207675,1.817155756207675
199,356615,356615,1.817155756207675,1.817155756207675
200,351299,351299,1.7900677200902935,1.7900677200902935
201,351299,351299,1.7900677200902935,1.7900677200902935
202,351299,351299,1.7900677200902935,1.7900677200902935
203,351299,351299,1.7900677200902935,1.7900677200902935
204,352092,351299,1.7860360360360361,1.7900677200902935
205,352092,351299,1.7860360360360361,1.7900677200902935
206,352092,351299,1.7860360360360361,1.7900677200902935
207,351299,351299,1.7900677200902935,1.7900677200902935
208,351299,351299,1.7900677200902935,1.7900677200902935
209,355866,351299,1.6965065502183405,1.7900677200902935
210,355866,351299,1.6965065502183405,1.7900677200902935
211,358974,351299,1.6818181818181819,1.7900677200902935
212,358974,351299,1.6818181818181819,1.7900677200902935
213,358974,351299,1.6818181818181819,1.7900677200902935
214,358974,351299,1.6818181818181819,1.7900677200902935
215,358974,351299,1.6818181818181819,1.7900677200902935
216,364518,351299,1.7077922077922079,1.7900677200902935
217,364518,351299,1.7077922077922079,1.7900677200902935
218,364518,351299,1.7077922077922079,1.7900677200902935
219,364518,351299,1.7077922077922079,1.7900677200902935
220,364518,351299,1.7077922077922079,1.7900677200902935
221,364518,351299,1.7077922077922079,1.7900677200902935
222,364518,351299,1.7077922077922079,1.7900677200902935
223,364518,351299,1.7077922077922079,1.7900677200902935
224,364518,351299,1.7077922077922079,1.7900677200902935
225,364518,351299,1.7077922077922079,1.7900677200902935
226,364518,351299,1.7077922077922079,1.7900677200902935
227,364518,351299,1.7077922077922079,1.7900677200902935
228,364518,351299,1.7077922077922079,1.7900677200902935
229,362940,351299,1.7152173913043478,1.7900677200902935
230,362940,351299,1.7152173913043478,1.7900677200902935
231,365307,351299,1.7041036717062634,1.7900677200902935
232,382764,351299,1.5249500998003993,1.7900677200902935
233,382764,351299,1.5249500998003993,1.7900677200902935
234,382000,351299,1.528,1.7900677200902935
235,392000,351299,1.568,1.7900677200902935
236,387500,351299,1.55,1.7900677200902935
237,394500,351299,1.578,1.7900677200902935
238,396000,351299,1.584,1.7900677200902935
239,396000,351299,1.584,1.7900677200902935
240,396000,351299,1.584,1.7900677200902935
241,404000,351299,1.616,1.7900677200902935
242,405500,351299,1.622,1.7900677200902935
243,405500,351299,1.622,1.7900677200902935
244,405500,351299,1.622,1.7900677200902935
245,397720,351299,1.6700819672131149,1.7900677200902935
246,389912,351299,1.6372950819672132,1.7900677200902935
247,389912,351299,1.6372950819672132,1.7900677200902935
248,389912,351299,1.6372950819672132,1.7900677200902935
249,389912,351299,1.6372950819672132,1.7900677200902935
250,389912,351299,1.6372950819672132,1.7900677200902935
251,389912,351299,1.6372950819672132,1.7900677200902935
252,389912,351299,1.6372950819672132,1.7900677200902935
253,397232,351299,1.6680327868852458,1.7900677200902935
254,397232,351299,1.6680327868852458,1.7900677200902935
255,397232,351299,1.6680327868852458,1.7900677200902935
256,397232,351299,1.6680327868852458,1.7900677200902935
257,397232,351299,1.6680327868852458,1.7900677200902935
258,408972,351299,1.1708967851099832,1.7900677200902935
259,408972,351299,1.1708967851099832,1.7900677200902935
260,408972,351299,1.1708967851099832,1.7900677200902935
261,408972,351299,1.1708967851099832,1.7900677200902935
262,408972,351299,1.1708967851099832,1.7900677200902935
263,408972,351299,1.1708967851099832,1.7900677200902935
264,408972,351299,1.1708967851099832,1.7900677200902935
265,415892,351299,1.151414309484193,1.7900677200902935
266,399747,351299,1.160136286201022,1.7900677200902935
267,399747,351299,1.160136286201022,1.7900677200902935
268,399747,351299,1.160136286201022,1.7900677200902935
269,391575,351299,1.1843478260869564,1.7900677200902935
270,391575,351299,1.1843478260869564,1.7900677200902935
271,391575,351299,1.1843478260869564,1.7900677200902935
272,391575,351299,1.1843478260869564,1.7900677200902935
273,391575,351299,1.1843478260869564,1.7900677200902935
274,391575,351299,1.1843478260869564,1.7900677200902935
275,380560,351299,1.3246268656716418,1.7900677200902935
276,380560,351299,1.3246268656716418,1.7900677200902935
277,380560,351299,1.3246268656716418,1.7900677200902935
278,380560,351299,1.3246268656716418,1.7900677200902935
279,372040,351299,1.3549618320610688,1.7900677200902935
280,372040,351299,1.3549618320610688,1.7900677200902935
281,372040,351299,1.3549618320610688,1.7900677200902935
282,383044,351299,1.3950381679389312,1.7900677200902935
283,383044,351299,1.3950381679389312,1.7900677200902935
284,383044,351299,1.3950381679389312,1.7900677200902935
285,384092,351299,1.3988549618320612,1.7900677200902935
286,373097,351299,1.4400785854616895,1.7900677200902935
287,373097,351299,1.4400785854616895,1.7900677200902935
288,380223,351299,1.4675834970530452,1.7900677200902935
289,380223,351299,1.4675834970530452,1.7900677200902935
290,380223,351299,1.4675834970530452,1.7900677200902935
291,380223,351299,1.4675834970530452,1.7900677200902935
292,380223,351299,1.4675834970530452,1.7900677200902935
293,380223,351299,1.4675834970530452,1.7900677200902935
294,380223,351299,1.4675834970530452,1.7900677200902935
295,377982,351299,1.476284584980237,1.7900677200902935
296,377982,351299,1.476284584980237,1.7900677200902935
297,377982,351299,1.476284584980237,1.7900677200902935
298,377982,351299,1.476284584980237,1.7900677200902935
299,377982,351299,1.476284584980237,1.7900677200902935
300,377982,351299,1.476284584980237,1.7900677200902935
301,377982,351299,1.476284584980237,1.7900677200902935
302,377982,351299,1.476284584980237,1.7900677200902935
303,377982,351299,1.476284584980237,1.7900677200902935
304,379476,351299,1.470472440944882,1.7900677200902935
305,379476,351299,1.470472440944882,1.7900677200902935
306,379476,351299,1.470472440944882,1.7900677200902935
307,379476,351299,1.470472440944882,1.7900677200902935
308,382524,351299,1.4822834645669292,1.7900677200902935
309,382524,351299,1.4822834645669292,1.7900677200902935
310,385064,351299,1.4921259842519685,1.7900677200902935
311,385064,351299,1.4921259842519685,1.7900677200902935
312,385064,351299,1.4921259842519685,1.7900677200902935
313,385064,351299,1.4921259842519685,1.7900677200902935
314,385064,351299,1.4921259842519685,1.7900677200902935
315,385064,351299,1.4921259842519685,1.7900677200902935
316,385064,351299,1.4921259842519685,1.7900677200902935
317,385064,351299,1.4921259842519685,1.7900677200902935
318,385064,351299,1.4921259842519685,1.7900677200902935
319,385064,351299,1.4921259842519685,1.7900677200902935
320,383540,351299,1.486220472440945,1.7900677200902935
321,383540,351299,1.486220472440945,1.7900677200902935
322,383540,351299,1.486220472440945,1.7900677200902935
323,383540,351299,1.486220472440945,1.7900677200902935
324,383540,351299,1.486220472440945,1.7900677200902935
325,383540,351299,1.486220472440945,1.7900677200902935
326,383540,351299,1.486220472440945,1.7900677200902935
327,383540,351299,1.486220472440945,1.7900677200902935
328,383540,351299,1.486220472440945,1.7900677200902935
329,383540,351299,1.486220472440945,1.7900677200902935
330,383540,351299,1.486220472440945,1.7900677200902935
331,391668,351299,1.5177165354330708,1.7900677200902935
332,391668,351299,1.5177165354330708,1.7900677200902935
333,394716,351299,1.529527559055118,1.7900677200902935
334,381508,351299,1.4783464566929134,1.7900677200902935
335,381508,351299,1.4783464566929134,1.7900677200902935
336,381508,351299,1.4783464566929134,1.7900677200902935
337,381508,351299,1.4783464566929134,1.7900677200902935
338,381508,351299,1.4783464566929134,1.7900677200902935
339,381508,351299,1.4783464566929134,1.7900677200902935
340,381508,351299,1.4783464566929134,1.7900677200902935
341,381508,351299,1.4783464566929134,1.7900677200902935
342,380492,351299,1.4744094488188977,1.7900677200902935
343,380492,351299,1.4744094488188977,1.7900677200902935
344,380492,351299,1.4744094488188977,1.7900677200902935
345,380492,351299,1.4744094488188977,1.7900677200902935
346,396240,351299,1.5354330708661417,1.7900677200902935
347,396240,351299,1.5354330708661417,1.7900677200902935
348,396240,351299,1.5354330708661417,1.7900677200902935
349,385064,351299,1.4921259842519685,1.7900677200902935
350,385064,351299,1.4921259842519685,1.7900677200902935
351,373600,351299,1.7130620985010707,1.7900677200902935
352,373600,351299,1.7130620985010707,1.7900677200902935
353,373600,351299,1.7130620985010707,1.7900677200902935
354,373600,351299,1.7130620985010707,1.7900677200902935
355,373600,351299,1.7130620985010707,1.7900677200902935
356,373600,351299,1.7130620985010707,1.7900677200902935
357,373600,351299,1.7130620985010707,1.7900677200902935
358,375840,351299,1.63125,1.7900677200902935
359,375840,351299,1.63125,1.7900677200902935
360,375840,351299,1.63125,1.7900677200902935
361,366600,351299,1.6595744680851063,1.7900677200902935
362,372710,351299,1.6872340425531915,1.7900677200902935
363,372710,351299,1.6872340425531915,1.7900677200902935
364,372710,351299,1.6872340425531915,1.7900677200902935
365,372710,351299,1.6872340425531915,1.7900677200902935
366,372710,351299,1.6872340425531915,1.7900677200902935
367,372710,351299,1.6872340425531915,1.7900677200902935
368,372710,351299,1.6872340425531915,1.7900677200902935
369,372710,351299,1.6872340425531915,1.7900677200902935
370,372710,351299,1.6872340425531915,1.7900677200902935
371,372710,351299,1.6872340425531915,1.7900677200902935
372,358140,351299,1.6212765957446809,1.7900677200902935
373,358140,351299,1.6212765957446809,1.7900677200902935
374,358140,351299,1.6212765957446809,1.7900677200902935
375,358140,351299,1.6212765957446809,1.7900677200902935
376,358140,351299,1.6212765957446809,1.7900677200902935
377,358140,351299,1.6212765957446809,1.7900677200902935
378,358140,351299,1.6212765957446809,1.7900677200902935
379,358140,351299,1.6212765957446809,1.7900677200902935
380,358140,351299,1.6212765957446809,1.7900677200902935
381,353241,351299,1.816326530612245,1.7900677200902935
382,353241,351299,1.816326530612245,1.7900677200902935
383,353241,351299,1.816326530612245,1.7900677200902935
384,353241,351299,1.816326530612245,1.7900677200902935
385,353241,351299,1.816326530612245,1.7900677200902935
386,353241,351299,1.816326530612245,1.7900677200902935
387,353241,351299,1.816326530612245,1.7900677200902935
388,353241,351299,1.816326530612245,1.7900677200902935
389,353241,351299,1.816326530612245,1.7900677200902935
390,353241,351299,1.816326530612245,1.7900677200902935
391,358974,351299,1.8458049886621315,1.7900677200902935
392,358974,351299,1.8458049886621315,1.7900677200902935
393,358974,351299,1.8458049886621315,1.7900677200902935
394,358974,351299,1.8458049886621315,1.7900677200902935
395,358974,351299,1.8458049886621315,1.7900677200902935
396,359856,351299,1.8503401360544218,1.7900677200902935
397,359856,351299,1.8503401360544218,1.7900677200902935
398,359856,351299,1.8503401360544218,1.7900677200902935
399,359856,351299,1.8503401360544218,1.7900677200902935
400,359856,351299,1.8503401360544218,1.7900677200902935
401,359856,351299,1.8503401360544218,1.7900677200902935
402,359856,351299,1.8503401360544218,1.7900677200902935
403,359856,351299,1.8503401360544218,1.7900677200902935
404,359856,351299,1.8503401360544218,1.7900677200902935
405,359856,351299,1.8503401360544218,1.7900677200902935
406,359856,351299,1.8503401360544218,1.7900677200902935
407,359856,351299,1.8503401360544218,1.7900677200902935
408,359856,351299,1.8503401360544218,1.7900677200902935
409,354123,351299,1.8208616780045352,1.7900677200902935
410,374409,351299,1.9251700680272108,1.7900677200902935
411,374409,351299,1.9251700680272108,1.7900677200902935
412,374409,351299,1.9251700680272108,1.7900677200902935
413,376614,351299,1.9365079365079365,1.7900677200902935
414,376614,351299,1.9365079365079365,1.7900677200902935
415,373968,351299,1.9229024943310657,1.7900677200902935
416,373968,351299,1.9229024943310657,1.7900677200902935
417,373968,351299,1.9229024943310657,1.7900677200902935
418,373968,351299,1.9229024943310657,1.7900677200902935
419,373968,351299,1.9229024943310657,1.7900677200902935
420,373968,351299,1.9229024943310657,1.7900677200902935
421,371322,351299,1.909297052154195,1.7900677200902935
422,371322,351299,1.909297052154195,1.7900677200902935
423,371322,351299,1.909297052154195,1.7900677200902935
424,344421,344421,1.7709750566893423,1.7709750566893423
425,341775,341775,1.7573696145124718,1.7573696145124718
426,341775,341775,1.7573696145124718,1.7573696145124718
427,341775,341775,1.7573696145124718,1.7573696145124718
428,341775,341775,1.7573696145124718,1.7573696145124718
429,339570,339570,1.746031746031746,1.746031746031746
430,339570,339570,1.746031746031746,1.746031746031746
431,339570,339570,1.746031746031746,1.746031746031746
432,339570,339570,1.746031746031746,1.746031746031746
433,339570,339570,1.746031746031746,1.746031746031746
434,339570,339570,1.746031746031746,1.746031746031746
435,339570,339570,1.746031746031746,1.746031746031746
436,339570,339570,1.746031746031746,1.746031746031746
437,339570,339570,1.746031746031746,1.746031746031746
438,331191,331191,1.7029478458049887,1.7029478458049887
439,331191,331191,1.7029478458049887,1.7029478458049887
440,335601,331191,1.72562358276644,1.7029478458049887
441,346255,331191,1.6725274725274726,1.7029478458049887
442,346255,331191,1.6725274725274726,1.7029478458049887
443,346255,331191,1.6725274725274726,1.7029478458049887
444,346255,331191,1.6725274725274726,1.7029478458049887
445,338645,331191,1.7101123595505618,1.7029478458049887
446,338645,331191,1.7101123595505618,1.7029478458049887
447,338645,331191,1.7101123595505618,1.7029478458049887
448,338645,331191,1.7101123595505618,1.7029478458049887
449,338645,331191,1.7101123595505618,1.7029478458049887
450,338645,331191,1.7101123595505618,1.7029478458049887
451,338645,331191,1.7101123595505618,1.7029478458049887
452,338645,331191,1.7101123595505618,1.7029478458049887
453,338645,331191,1.7101123595505618,1.7029478458049887
454,338645,331191,1.7101123595505618,1.7029478458049887
455,342650,331191,1.7303370786516854,1.7029478458049887
456,342650,331191,1.7303370786516854,1.7029478458049887
457,332860,331191,1.6808988764044943,1.7029478458049887
458,332860,331191,1.6808988764044943,1.7029478458049887
459,336420,331191,1.698876404494382,1.7029478458049887
460,336420,331191,1.698876404494382,1.7029478458049887
461,336420,331191,1.698876404494382,1.7029478458049887
462,336420,331191,1.698876404494382,1.7029478458049887
463,333396,331191,1.7142857142857142,1.7029478458049887
464,333396,331191,1.7142857142857142,1.7029478458049887
465,333396,331191,1.7142857142857142,1.7029478458049887
466,333396,331191,1.7142857142857142,1.7029478458049887
467,333396,331191,1.7142857142857142,1.7029478458049887
468,337806,331191,1.7369614512471656,1.7029478458049887
469,337806,331191,1.7369614512471656,1.7029478458049887
470,337806,331191,1.7369614512471656,1.7029478458049887
471,340011,331191,1.748299319727891,1.7029478458049887
472,340011,331191,1.748299319727891,1.7029478458049887
473,340011,331191,1.748299319727891,1.7029478458049887
474,340011,331191,1.748299319727891,1.7029478458049887
475,340011,331191,1.748299319727891,1.7029478458049887
476,340011,331191,1.748299319727891,1.7029478458049887
477,341775,331191,1.7573696145124718,1.7029478458049887
478,341775,331191,1.7573696145124718,1.7029478458049887
479,341775,331191,1.7573696145124718,1.7029478458049887
480,358533,331191,1.8435374149659864,1.7029478458049887
481,358533,331191,1.8435374149659864,1.7029478458049887
482,358533,331191,1.8435374149659864,1.7029478458049887
483,358533,331191,1.8435374149659864,1.7029478458049887
484,358533,331191,1.8435374149659864,1.7029478458049887
485,352359,331191,1.8117913832199546,1.7029478458049887
486,352359,331191,1.8117913832199546,1.7029478458049887
487,367353,331191,1.8888888888888888,1.7029478458049887
488,355691,331191,1.9508196721311475,1.7029478458049887
489,355691,331191,1.9508196721311475,1.7029478458049887
490,355691,331191,1.9508196721311475,1.7029478458049887
491,355691,331191,1.9508196721311475,1.7029478458049887
492,355691,331191,1.9508196721311475,1.7029478458049887
493,362523,331191,1.9882903981264637,1.7029478458049887
494,354410,331191,1.9437939110070257,1.7029478458049887
495,354410,331191,1.9437939110070257,1.7029478458049887
496,361242,331191,1.981264637002342,1.7029478458049887
497,361242,331191,1.981264637002342,1.7029478458049887
498,361242,331191,1.981264637002342,1.7029478458049887
499,361242,331191,1.981264637002342,1.7029478458049887
500,361242,331191,1.981264637002342,1.7029478458049887
501,361242,331191,1.981264637002342,1.7029478458049887
502,361242,331191,1.981264637002342,1.7029478458049887
503,360388,331191,1.9765807962529274,1.7029478458049887
504,360388,331191,1.9765807962529274,1.7029478458049887
505,348390,331191,2.232911392405063,1.7029478458049887
506,348390,331191,2.232911392405063,1.7029478458049887
507,348390,331191,2.232911392405063,1.7029478458049887
508,344694,331191,2.0911330049261085,1.7029478458049887
509,344694,331191,2.0911330049261085,1.7029478458049887
510,351596,331191,2.1330049261083746,1.7029478458049887
511,351596,331191,2.1330049261083746,1.7029478458049887
512,351596,331191,2.1330049261083746,1.7029478458049887
513,351596,331191,2.1330049261083746,1.7029478458049887
514,346318,331191,2.100985221674877,1.7029478458049887
515,346318,331191,2.100985221674877,1.7029478458049887
516,346318,331191,2.100985221674877,1.7029478458049887
517,346318,331191,2.100985221674877,1.7029478458049887
518,346318,331191,2.100985221674877,1.7029478458049887
519,346318,331191,2.100985221674877,1.7029478458049887
520,346318,331191,2.100985221674877,1.7029478458049887
521,346318,331191,2.100985221674877,1.7029478458049887
522,346318,331191,2.100985221674877,1.7029478458049887
523,344694,331191,2.0911330049261085,1.7029478458049887
524,344694,331191,2.0911330049261085,1.7029478458049887
525,344694,331191,2.0911330049261085,1.7029478458049887
526,336935,331191,2.159493670886076,1.7029478458049887
527,336935,331191,2.159493670886076,1.7029478458049887
528,336935,331191,2.159493670886076,1.7029478458049887
529,336935,331191,2.159493670886076,1.7029478458049887
530,336935,331191,2.159493670886076,1.7029478458049887
531,340490,331191,2.1822784810126583,1.7029478458049887
532,340490,331191,2.1822784810126583,1.7029478458049887
533,337330,331191,2.162025316455696,1.7029478458049887
534,337330,331191,2.162025316455696,1.7029478458049887
535,337330,331191,2.162025316455696,1.7029478458049887
536,337330,331191,2.162025316455696,1.7029478458049887
537,334929,331191,2.2133676092544987,1.7029478458049887
538,334929,331191,2.2133676092544987,1.7029478458049887
539,334929,331191,2.2133676092544987,1.7029478458049887
540,334929,331191,2.2133676092544987,1.7029478458049887
541,338373,331191,2.1908396946564888,1.7029478458049887
542,338373,331191,2.1908396946564888,1.7029478458049887
543,338373,331191,2.1908396946564888,1.7029478458049887
544,338373,331191,2.1908396946564888,1.7029478458049887
545,338373,331191,2.1908396946564888,1.7029478458049887
546,338373,331191,2.1908396946564888,1.7029478458049887
547,338373,331191,2.1908396946564888,1.7029478458049887
548,338373,331191,2.1908396946564888,1.7029478458049887
549,342303,331191,2.2162849872773536,1.7029478458049887
550,342303,331191,2.2162849872773536,1.7029478458049887
551,338373,331191,2.1908396946564888,1.7029478458049887
552,338373,331191,2.1908396946564888,1.7029478458049887
553,338373,331191,2.1908396946564888,1.7029478458049887
554,338373,331191,2.1908396946564888,1.7029478458049887
555,336015,331191,2.1755725190839694,1.7029478458049887
556,326190,326190,2.1119592875318065,2.1119592875318065
557,326190,326190,2.1119592875318065,2.1119592875318065
558,326190,326190,2.1119592875318065,2.1119592875318065
559,326190,326190,2.1119592875318065,2.1119592875318065
560,326190,326190,2.1119592875318065,2.1119592875318065
561,338238,326190,1.9734299516908214,2.1119592875318065
562,338238,326190,1.9734299516908214,2.1119592875318065
563,338238,326190,1.9734299516908214,2.1119592875318065
564,338238,326190,1.9734299516908214,2.1119592875318065
565,338238,326190,1.9734299516908214,2.1119592875318065
566,338238,326190,1.9734299516908214,2.1119592875318065
567,338238,326190,1.9734299516908214,2.1119592875318065
568,338238,326190,1.9734299516908214,2.1119592875318065
569,338238,326190,1.9734299516908214,2.1119592875318065
570,338238,326190,1.9734299516908214,2.1119592875318065
571,329643,326190,1.8598574821852731,2.1119592875318065
572,329643,326190,1.8598574821852731,2.1119592875318065
573,329643,326190,1.8598574821852731,2.1119592875318065
574,329643,326190,1.8598574821852731,2.1119592875318065
575,329643,326190,1.8598574821852731,2.1119592875318065
576,329643,326190,1.8598574821852731,2.1119592875318065
577,329643,326190,1.8598574821852731,2.1119592875318065
578,316171,316171,1.7838479809976246,1.7838479809976246
579,316171,316171,1.7838479809976246,1.7838479809976246
580,316171,316171,1.7838479809976246,1.7838479809976246
581,320802,316171,1.809976247030879,1.7838479809976246
582,320802,316171,1.809976247030879,1.7838479809976246
583,324591,316171,1.831353919239905,1.7838479809976246
584,324591,316171,1.831353919239905,1.7838479809976246
585,324591,316171,1.831353919239905,1.7838479809976246
586,324591,316171,1.831353919239905,1.7838479809976246
587,324591,316171,1.831353919239905,1.7838479809976246
588,324591,316171,1.831353919239905,1.7838479809976246
589,324591,316171,1.831353919239905,1.7838479809976246
590,324591,316171,1.831353919239905,1.7838479809976246
591,318697,316171,1.7980997624703088,1.7838479809976246
592,318697,316171,1.7980997624703088,1.7838479809976246
593,315750,315750,1.7814726840855106,1.7814726840855106
594,315750,315750,1.7814726840855106,1.7814726840855106
595,315750,315750,1.7814726840855106,1.7814726840855106
596,315750,315750,1.7814726840855106,1.7814726840855106
597,315750,315750,1.7814726840855106,1.7814726840855106
598,315750,315750,1.7814726840855106,1.7814726840855106
599,315750,315750,1.7814726840855106,1.7814726840855106
600,315750,315750,1.7814726840855106,1.7814726840855106
601,315750,315750,1.7814726840855106,1.7814726840855106
602,315750,315750,1.7814726840855106,1.7814726840855106
603,305225,305225,1.7220902612826603,1.7220902612826603
604,306488,305225,1.7292161520190024,1.7220902612826603
605,306488,305225,1.7292161520190024,1.7220902612826603
606,306488,305225,1.7292161520190024,1.7220902612826603
607,306488,305225,1.7292161520190024,1.7220902612826603
608,306488,305225,1.7292161520190024,1.7220902612826603
609,306488,305225,1.7292161520190024,1.7220902612826603
610,306488,305225,1.7292161520190024,1.7220902612826603
611,306488,305225,1.7292161520190024,1.7220902612826603
612,306488,305225,1.7292161520190024,1.7220902612826603
613,306488,305225,1.7292161520190024,1.7220902612826603
614,306488,305225,1.7292161520190024,1.7220902612826603
615,306488,305225,1.7292161520190024,1.7220902612826603
616,306488,305225,1.7292161520190024,1.7220902612826603
617,287122,287122,1.6199524940617578,1.6199524940617578
618,283712,283712,1.6394230769230769,1.6394230769230769
619,283712,283712,1.6394230769230769,1.6394230769230769
620,283712,283712,1.6394230769230769,1.6394230769230769
621,288704,283712,1.6682692307692308,1.6394230769230769
622,288704,283712,1.6682692307692308,1.6394230769230769
623,288704,283712,1.6682692307692308,1.6394230769230769
624,280376,280376,1.7178217821782178,1.7178217821782178
625,280376,280376,1.7178217821782178,1.7178217821782178
626,278356,278356,1.7054455445544554,1.7054455445544554
627,278356,278356,1.7054455445544554,1.7054455445544554
628,278356,278356,1.7054455445544554,1.7054455445544554
629,278356,278356,1.7054455445544554,1.7054455445544554
630,278356,278356,1.7054455445544554,1.7054455445544554
631,278356,278356,1.7054455445544554,1.7054455445544554
632,278356,278356,1.7054455445544554,1.7054455445544554
633,278356,278356,1.7054455445544554,1.7054455445544554
634,278356,278356,1.7054455445544554,1.7054455445544554
635,278356,278356,1.7054455445544554,1.7054455445544554
636,278356,278356,1.7054455445544554,1.7054455445544554
637,278356,278356,1.7054455445544554,1.7054455445544554
638,278356,278356,1.7054455445544554,1.7054455445544554
639,278356,278356,1.7054455445544554,1.7054455445544554
640,278356,278356,1.7054455445544554,1.7054455445544554
641,282396,278356,1.7301980198019802,1.7054455445544554
642,282396,278356,1.7301980198019802,1.7054455445544554
643,282396,278356,1.7301980198019802,1.7054455445544554
644,282396,278356,1.7301980198019802,1.7054455445544554
645,282396,278356,1.7301980198019802,1.7054455445544554
646,277548,277548,1.7004950495049505,1.7004950495049505
647,277548,277548,1.7004950495049505,1.7004950495049505
648,277548,277548,1.7004950495049505,1.7004950495049505
649,277548,277548,1.7004950495049505,1.7004950495049505
650,277548,277548,1.7004950495049505,1.7004950495049505
651,277548,277548,1.7004950495049505,1.7004950495049505
652,275528,275528,1.688118811881188,1.688118811881188
653,275528,275528,1.688118811881188,1.688118811881188
654,275528,275528,1.688118811881188,1.688118811881188
655,275528,275528,1.688118811881188,1.688118811881188
656,275528,275528,1.688118811881188,1.688118811881188
657,275528,275528,1.688118811881188,1.688118811881188
658,277548,275528,1.7004950495049505,1.688118811881188
659,277952,275528,1.702970297029703,1.688118811881188
660,277952,275528,1.702970297029703,1.688118811881188
661,277952,275528,1.702970297029703,1.688118811881188
662,277952,275528,1.702970297029703,1.688118811881188
663,280700,275528,1.745635910224439,1.688118811881188
664,280700,275528,1.745635910224439,1.688118811881188
665,280700,275528,1.745635910224439,1.688118811881188
666,280700,275528,1.745635910224439,1.688118811881188
667,280700,275528,1.745635910224439,1.688118811881188
668,280700,275528,1.745635910224439,1.688118811881188
669,280700,275528,1.745635910224439,1.688118811881188
670,285512,275528,1.7755610972568578,1.688118811881188
671,283908,275528,1.7655860349127181,1.688118811881188
672,283908,275528,1.7655860349127181,1.688118811881188
673,282304,275528,1.7556109725685785,1.688118811881188
674,282304,275528,1.7556109725685785,1.688118811881188
675,289354,275528,1.781637717121588,1.688118811881188
676,290966,275528,1.7915632754342432,1.688118811881188
677,290966,275528,1.7915632754342432,1.688118811881188
678,292578,275528,1.8014888337468982,1.688118811881188
679,292578,275528,1.8014888337468982,1.688118811881188
680,294030,275528,1.7925925925925925,1.688118811881188
681,294030,275528,1.7925925925925925,1.688118811881188
682,294030,275528,1.7925925925925925,1.688118811881188
683,294030,275528,1.7925925925925925,1.688118811881188
684,294030,275528,1.7925925925925925,1.688118811881188
685,286335,275528,1.745679012345679,1.688118811881188
686,286335,275528,1.745679012345679,1.688118811881188
687,286335,275528,1.745679012345679,1.688118811881188
688,286335,275528,1.745679012345679,1.688118811881188
689,286335,275528,1.745679012345679,1.688118811881188
690,286335,275528,1.745679012345679,1.688118811881188
691,289870,275528,1.724390243902439,1.688118811881188
692,289870,275528,1.724390243902439,1.688118811881188
693,289870,275528,1.724390243902439,1.688118811881188
694,289870,275528,1.724390243902439,1.688118811881188
695,289870,275528,1.724390243902439,1.688118811881188
696,289870,275528,1.724390243902439,1.688118811881188
697,289870,275528,1.724390243902439,1.688118811881188
698,289870,275528,1.724390243902439,1.688118811881188
699,289870,275528,1.724390243902439,1.688118811881188
700,289870,275528,1.724390243902439,1.688118811881188
701,289870,275528,1.724390243902439,1.688118811881188
702,289870,275528,1.724390243902439,1.688118811881188
703,292330,275528,1.7390243902439024,1.688118811881188
704,290690,275528,1.7292682926829268,1.688118811881188
705,290690,275528,1.7292682926829268,1.688118811881188
706,290690,275528,1.7292682926829268,1.688118811881188
707,290690,275528,1.7292682926829268,1.688118811881188
708,290690,275528,1.7292682926829268,1.688118811881188
709,290690,275528,1.7292682926829268,1.688118811881188
710,290690,275528,1.7292682926829268,1.688118811881188
711,290690,275528,1.7292682926829268,1.688118811881188
712,290690,275528,1.7292682926829268,1.688118811881188
713,290690,275528,1.7292682926829268,1.688118811881188
714,290690,275528,1.7292682926829268,1.688118811881188
715,290690,275528,1.7292682926829268,1.688118811881188
716,290690,275528,1.7292682926829268,1.688118811881188
717,297780,275528,1.688095238095238,1.688118811881188
718,297780,275528,1.688095238095238,1.688118811881188
719,297780,275528,1.688095238095238,1.688118811881188
720,297780,275528,1.688095238095238,1.688118811881188
721,297780,275528,1.688095238095238,1.688118811881188
722,305340,275528,1.730952380952381,1.688118811881188
723,305340,275528,1.730952380952381,1.688118811881188
724,303072,275528,1.41991341991342,1.688118811881188
725,303072,275528,1.41991341991342,1.688118811881188
726,303072,275528,1.41991341991342,1.688118811881188
727,303072,275528,1.41991341991342,1.688118811881188
728,303072,275528,1.41991341991342,1.688118811881188
729,303072,275528,1.41991341991342,1.688118811881188
730,303072,275528,1.41991341991342,1.688118811881188
731,323408,275528,1.330628803245436,1.688118811881188
732,323408,275528,1.330628803245436,1.688118811881188
733,323408,275528,1.330628803245436,1.688118811881188
734,323408,275528,1.330628803245436,1.688118811881188
735,323408,275528,1.330628803245436,1.688118811881188
736,323408,275528,1.330628803245436,1.688118811881188
737,331296,275528,1.3630831643002028,1.688118811881188
738,331296,275528,1.3630831643002028,1.688118811881188
739,331296,275528,1.3630831643002028,1.688118811881188
740,331296,275528,1.3630831643002028,1.688118811881188
741,331296,275528,1.3630831643002028,1.688118811881188
742,331296,275528,1.3630831643002028,1.688118811881188
743,331296,275528,1.3630831643002028,1.688118811881188
744,338989,275528,1.108499095840868,1.688118811881188
745,338989,275528,1.108499095840868,1.688118811881188
746,338989,275528,1.108499095840868,1.688118811881188
747,338989,275528,1.108499095840868,1.688118811881188
748,334012,275528,1.092224231464738,1.688118811881188
749,334012,275528,1.092224231464738,1.688118811881188
750,334012,275528,1.092224231464738,1.688118811881188
751,354473,275528,1.1591320072332731,1.688118811881188
752,354473,275528,1.1591320072332731,1.688118811881188
753,354473,275528,1.1591320072332731,1.688118811881188
754,354473,275528,1.1591320072332731,1.688118811881188
755,354473,275528,1.1591320072332731,1.688118811881188
756,354473,275528,1.1591320072332731,1.688118811881188
757,354473,275528,1.1591320072332731,1.688118811881188
758,354473,275528,1.1591320072332731,1.688118811881188
759,341754,275528,1.1175406871609403,1.688118811881188
760,345625,275528,1.1301989150090417,1.688118811881188
761,345625,275528,1.1301989150090417,1.688118811881188
762,345625,275528,1.1301989150090417,1.688118811881188
763,345625,275528,1.1301989150090417,1.688118811881188
764,345625,275528,1.1301989150090417,1.688118811881188
765,345625,275528,1.1301989150090417,1.688118811881188
766,345625,275528,1.1301989150090417,1.688118811881188
767,345625,275528,1.1301989150090417,1.688118811881188
768,345625,275528,1.1301989150090417,1.688118811881188
769,345625,275528,1.1301989150090417,1.688118811881188
770,345625,275528,1.1301989150090417,1.688118811881188
771,345625,275528,1.1301989150090417,1.688118811881188
772,345625,275528,1.1301989150090417,1.688118811881188
773,345625,275528,1.1301989150090417,1.688118811881188
774,345625,275528,1.1301989150090417,1.688118811881188
775,328125,275528,1.1904761904761905,1.688118811881188
776,328125,275528,1.1904761904761905,1.688118811881188
777,328125,275528,1.1904761904761905,1.688118811881188
778,328125,275528,1.1904761904761905,1.688118811881188
779,328125,275528,1.1904761904761905,1.688118811881188
780,328125,275528,1.1904761904761905,1.688118811881188
781,328125,275528,1.1904761904761905,1.688118811881188
782,328125,275528,1.1904761904761905,1.688118811881188
783,328125,275528,1.1904761904761905,1.688118811881188
784,328125,275528,1.1904761904761905,1.688118811881188
785,328125,275528,1.1904761904761905,1.688118811881188
786,328125,275528,1.1904761904761905,1.688118811881188
787,328125,275528,1.1904761904761905,1.688118811881188
788,328125,275528,1.1904761904761905,1.688118811881188
789,328125,275528,1.1904761904761905,1.688118811881188
790,328125,275528,1.1904761904761905,1.688118811881188
791,328125,275528,1.1904761904761905,1.688118811881188
792,328125,275528,1.1904761904761905,1.688118811881188
793,328125,275528,1.1904761904761905,1.688118811881188
794,328125,275528,1.1904761904761905,1.688118811881188
795,328125,275528,1.1904761904761905,1.688118811881188
796,328125,275528,1.1904761904761905,1.688118811881188
797,305025,275528,1.1066666666666667,1.688118811881188
798,305025,275528,1.1066666666666667,1.688118811881188
799,305025,275528,1.1066666666666667,1.688118811881188
800,311325,275528,1.1295238095238096,1.688118811881188
801,305025,275528,1.1066666666666667,1.688118811881188
802,305025,275528,1.1066666666666667,1.688118811881188
803,305025,275528,1.1066666666666667,1.688118811881188
804,305025,275528,1.1066666666666667,1.688118811881188
805,317226,275528,1.064102564102564,1.688118811881188
806,317226,275528,1.064102564102564,1.688118811881188
807,317226,275528,1.064102564102564,1.688118811881188
808,317226,275528,1.064102564102564,1.688118811881188
809,317226,275528,1.064102564102564,1.688118811881188
810,317226,275528,1.064102564102564,1.688118811881188
811,317226,275528,1.064102564102564,1.688118811881188
812,317226,275528,1.064102564102564,1.688118811881188
813,317226,275528,1.064102564102564,1.688118811881188
814,317226,275528,1.064102564102564,1.688118811881188
815,317226,275528,1.064102564102564,1.688118811881188
816,311322,275528,1.091760299625468,1.688118811881188
817,311322,275528,1.091760299625468,1.688118811881188
818,311322,275528,1.091760299625468,1.688118811881188
819,311322,275528,1.091760299625468,1.688118811881188
820,311322,275528,1.091760299625468,1.688118811881188
821,311322,275528,1.091760299625468,1.688118811881188
822,311322,275528,1.091760299625468,1.688118811881188
823,311322,275528,1.091760299625468,1.688118811881188
824,311322,275528,1.091760299625468,1.688118811881188
825,311322,275528,1.091760299625468,1.688118811881188
826,311322,275528,1.091760299625468,1.688118811881188
827,311322,275528,1.091760299625468,1.688118811881188
828,311322,275528,1.091760299625468,1.688118811881188
829,311322,275528,1.091760299625468,1.688118811881188
830,311322,275528,1.091760299625468,1.688118811881188
831,311322,275528,1.091760299625468,1.688118811881188
832,326480,275528,1.0410714285714286,1.688118811881188
833,344960,275528,1.1,1.688118811881188
834,344960,275528,1.1,1.688118811881188
835,344960,275528,1.1,1.688118811881188
836,344960,275528,1.1,1.688118811881188
837,336560,275528,1.0732142857142857,1.688118811881188
838,331520,275528,1.0571428571428572,1.688118811881188
839,331520,275528,1.0571428571428572,1.688118811881188
840,331520,275528,1.0571428571428572,1.688118811881188
841,331520,275528,1.0571428571428572,1.688118811881188
842,331520,275528,1.0571428571428572,1.688118811881188
843,331520,275528,1.0571428571428572,1.688118811881188
844,331520,275528,1.0571428571428572,1.688118811881188
845,331520,275528,1.0571428571428572,1.688118811881188
846,331520,275528,1.0571428571428572,1.688118811881188
847,342768,275528,1.0224525043177892,1.688118811881188
848,342768,275528,1.0224525043177892,1.688118811881188
849,342768,275528,1.0224525043177892,1.688118811881188
850,342768,275528,1.0224525043177892,1.688118811881188
851,336848,275528,1.0404217926186292,1.688118811881188
852,336848,275528,1.0404217926186292,1.688118811881188
853,336848,275528,1.0404217926186292,1.688118811881188
854,336848,275528,1.0404217926186292,1.688118811881188
855,336848,275528,1.0404217926186292,1.688118811881188
856,337417,275528,1.0421792618629173,1.688118811881188
857,337417,275528,1.0421792618629173,1.688118811881188
858,337417,275528,1.0421792618629173,1.688118811881188
859,337417,275528,1.0421792618629173,1.688118811881188
860,337417,275528,1.0421792618629173,1.688118811881188
861,343107,275528,1.0597539543057997,1.688118811881188
862,343107,275528,1.0597539543057997,1.688118811881188
863,343107,275528,1.0597539543057997,1.688118811881188
864,343107,275528,1.0597539543057997,1.688118811881188
865,343107,275528,1.0597539543057997,1.688118811881188
866,343107,275528,1.0597539543057997,1.688118811881188
867,334062,275528,1.0884476534296028,1.688118811881188
868,334062,275528,1.0884476534296028,1.688118811881188
869,334062,275528,1.0884476534296028,1.688118811881188
870,334062,275528,1.0884476534296028,1.688118811881188
871,334062,275528,1.0884476534296028,1.688118811881188
872,334062,275528,1.0884476534296028,1.688118811881188
873,334062,275528,1.0884476534296028,1.688118811881188
874,331047,275528,1.098360655737705,1.688118811881188
875,314730,275528,1.087360594795539,1.688118811881188
876,314730,275528,1.087360594795539,1.688118811881188
877,310964,275528,1.0743494423791822,1.688118811881188
878,310964,275528,1.0743494423791822,1.688118811881188
879,310964,275528,1.0743494423791822,1.688118811881188
880,310964,275528,1.0743494423791822,1.688118811881188
881,310964,275528,1.0743494423791822,1.688118811881188
882,310964,275528,1.0743494423791822,1.688118811881188
883,310964,275528,1.0743494423791822,1.688118811881188
884,310964,275528,1.0743494423791822,1.688118811881188
885,310964,275528,1.0743494423791822,1.688118811881188
886,310964,275528,1.0743494423791822,1.688118811881188
887,310964,275528,1.0743494423791822,1.688118811881188
888,310964,275528,1.0743494423791822,1.688118811881188
889,310964,275528,1.0743494423791822,1.688118811881188
890,310964,275528,1.0743494423791822,1.688118811881188
891,305762,275528,1.0926275992438563,1.688118811881188
892,305762,275528,1.0926275992438563,1.688118811881188
893,305762,275528,1.0926275992438563,1.688118811881188
894,305762,275528,1.0926275992438563,1.688118811881188
895,305762,275528,1.0926275992438563,1.688118811881188
896,305762,275528,1.0926275992438563,1.688118811881188
897,307349,275528,1.0982986767485823,1.688118811881188
898,307349,275528,1.0982986767485823,1.688118811881188
899,320574,275528,1.1455576559546314,1.688118811881188
900,321632,275528,1.1493383742911154,1.688118811881188
901,323748,275528,1.1568998109640831,1.688118811881188
902,323748,275528,1.1568998109640831,1.688118811881188
903,323748,275528,1.1568998109640831,1.688118811881188
904,323748,275528,1.1568998109640831,1.688118811881188
905,323748,275528,1.1568998109640831,1.688118811881188
906,323748,275528,1.1568998109640831,1.688118811881188
907,323748,275528,1.1568998109640831,1.688118811881188
908,323748,275528,1.1568998109640831,1.688118811881188
909,323748,275528,1.1568998109640831,1.688118811881188
910,323748,275528,1.1568998109640831,1.688118811881188
911,323748,275528,1.1568998109640831,1.688118811881188
912,323748,275528,1.1568998109640831,1.688118811881188
913,323748,275528,1.1568998109640831,1.688118811881188
914,323748,275528,1.1568998109640831,1.688118811881188
915,323748,275528,1.1568998109640831,1.688118811881188
916,323748,275528,1.1568998109640831,1.688118811881188
917,323748,275528,1.1568998109640831,1.688118811881188
918,321912,275528,1.1634980988593155,1.688118811881188
919,321912,275528,1.1634980988593155,1.688118811881188
920,321912,275528,1.1634980988593155,1.688118811881188
921,311918,275528,1.1273764258555132,1.688118811881188
922,311918,275528,1.1273764258555132,1.688118811881188
923,311918,275528,1.1273764258555132,1.688118811881188
924,311918,275528,1.1273764258555132,1.688118811881188
925,311918,275528,1.1273764258555132,1.688118811881188
926,311918,275528,1.1273764258555132,1.688118811881188
927,324216,275528,1.2319688109161793,1.688118811881188
928,324216,275528,1.2319688109161793,1.688118811881188
929,324216,275528,1.2319688109161793,1.688118811881188
930,324216,275528,1.2319688109161793,1.688118811881188
931,322952,275528,1.2367906066536203,1.688118811881188
932,322952,275528,1.2367906066536203,1.688118811881188
933,322952,275528,1.2367906066536203,1.688118811881188
934,321386,275528,1.161596958174905,1.688118811881188
935,321386,275528,1.161596958174905,1.688118811881188
936,321386,275528,1.161596958174905,1.688118811881188
937,320512,275528,1.22265625,1.688118811881188
938,320512,275528,1.22265625,1.688118811881188
939,320512,275528,1.22265625,1.688118811881188
940,320512,275528,1.22265625,1.688118811881188
941,320040,275528,1.2599206349206349,1.688118811881188
942,320040,275528,1.2599206349206349,1.688118811881188
943,320040,275528,1.2599206349206349,1.688118811881188
944,320040,275528,1.2599206349206349,1.688118811881188
945,320040,275528,1.2599206349206349,1.688118811881188
946,317016,275528,1.248015873015873,1.688118811881188
947,320040,275528,1.2599206349206349,1.688118811881188
948,322056,275528,1.2678571428571428,1.688118811881188
949,322056,275528,1.2678571428571428,1.688118811881188
950,322056,275528,1.2678571428571428,1.688118811881188
951,322056,275528,1.2678571428571428,1.688118811881188
952,322056,275528,1.2678571428571428,1.688118811881188
953,322056,275528,1.2678571428571428,1.688118811881188
954,322056,275528,1.2678571428571428,1.688118811881188
955,322056,275528,1.2678571428571428,1.688118811881188
956,322056,275528,1.2678571428571428,1.688118811881188
957,322056,275528,1.2678571428571428,1.688118811881188
958,329616,275528,1.2976190476190477,1.688118811881188
959,329616,275528,1.2976190476190477,1.688118811881188
960,329616,275528,1.2976190476190477,1.688118811881188
961,329616,275528,1.2976190476190477,1.688118811881188
962,329616,275528,1.2976190476190477,1.688118811881188
963,329616,275528,1.2976190476190477,1.688118811881188
964,329616,275528,1.2976190476190477,1.688118811881188
965,328680,275528,1.3253012048192772,1.688118811881188
966,328680,275528,1.3253012048192772,1.688118811881188
967,328680,275528,1.3253012048192772,1.688118811881188
968,328680,275528,1.3253012048192772,1.688118811881188
969,328680,275528,1.3253012048192772,1.688118811881188
970,328680,275528,1.3253012048192772,1.688118811881188
971,328680,275528,1.3253012048192772,1.688118811881188
972,328680,275528,1.3253012048192772,1.688118811881188
973,328680,275528,1.3253012048192772,1.688118811881188
974,328680,275528,1.3253012048192772,1.688118811881188
975,328680,275528,1.3253012048192772,1.688118811881188
976,328680,275528,1.3253012048192772,1.688118811881188
977,328680,275528,1.3253012048192772,1.688118811881188
978,328680,275528,1.3253012048192772,1.688118811881188
979,328680,275528,1.3253012048192772,1.688118811881188
980,328680,275528,1.3253012048192772,1.688118811881188
981,328680,275528,1.3253012048192772,1.688118811881188
982,328680,275528,1.3253012048192772,1.688118811881188
983,328680,275528,1.3253012048192772,1.688118811881188
984,322080,275528,1.3524590163934427,1.688118811881188
985,322080,275528,1.3524590163934427,1.688118811881188
986,322080,275528,1.3524590163934427,1.688118811881188
987,314760,275528,1.3217213114754098,1.688118811881188
988,314760,275528,1.3217213114754098,1.688118811881188
989,314760,275528,1.3217213114754098,1.688118811881188
990,314760,275528,1.3217213114754098,1.688118811881188
991,314760,275528,1.3217213114754098,1.688118811881188
992,314760,275528,1.3217213114754098,1.688118811881188
993,314760,275528,1.3217213114754098,1.688118811881188
994,314760,275528,1.3217213114754098,1.688118811881188
995,314760,275528,1.3217213114754098,1.688118811881188
996,314760,275528,1.3217213114754098,1.688118811881188
997,314760,275528,1.3217213114754098,1.688118811881188
998,314760,275528,1.3217213114754098,1.688118811881188
999,314760,275528,1.3217213114754098,1.688118811881188
1000,314760,275528,1.3217213114754098,1.688118811881188
1001,317200,275528,1.3319672131147542,1.688118811881188
1002,317200,275528,1.3319672131147542,1.688118811881188
1003,311832,275528,1.3094262295081966,1.688118811881188
1004,311832,275528,1.3094262295081966,1.688118811881188
1005,311832,275528,1.3094262295081966,1.688118811881188
1006,311832,275528,1.3094262295081966,1.688118811881188
1007,311832,275528,1.3094262295081966,1.688118811881188
1008,311832,275528,1.3094262295081966,1.688118811881188
1009,311832,275528,1.3094262295081966,1.688118811881188
1010,311832,275528,1.3094262295081966,1.688118811881188
1011,311832,275528,1.3094262295081966,1.688118811881188
1012,311832,275528,1.3094262295081966,1.688118811881188
1013,311832,275528,1.3094262295081966,1.688118811881188
1014,315736,275528,1.3258196721311475,1.688118811881188
1015,315736,275528,1.3258196721311475,1.688118811881188
1016,315736,275528,1.3258196721311475,1.688118811881188
1017,315736,275528,1.3258196721311475,1.688118811881188
1018,315736,275528,1.3258196721311475,1.688118811881188
1019,315736,275528,1.3258196721311475,1.688118811881188
1020,315736,275528,1.3258196721311475,1.688118811881188
1021,315736,275528,1.3258196721311475,1.688118811881188
1022,315736,275528,1.3258196721311475,1.688118811881188
1023,315736,275528,1.3258196721311475,1.688118811881188
1024,315736,275528,1.3258196721311475,1.688118811881188
1025,315736,275528,1.3258196721311475,1.688118811881188
1026,315736,275528,1.3258196721311475,1.688118811881188
1027,315736,275528,1.3258196721311475,1.688118811881188
1028,315736,275528,1.3258196721311475,1.688118811881188
1029,315736,275528,1.3258196721311475,1.688118811881188
1030,315736,275528,1.3258196721311475,1.688118811881188
1031,315736,275528,1.3258196721311475,1.688118811881188
1032,315736,275528,1.3258196721311475,1.688118811881188
1033,315736,275528,1.3258196721311475,1.688118811881188
1034,315736,275528,1.3258196721311475,1.688118811881188
1035,315736,275528,1.3258196721311475,1.688118811881188
1036,315736,275528,1.3258196721311475,1.688118811881188
1037,306031,275528,1.3678646934460887,1.688118811881188
1038,306031,275528,1.3678646934460887,1.688118811881188
1039,306031,275528,1.3678646934460887,1.688118811881188
1040,306031,275528,1.3678646934460887,1.688118811881188
1041,306031,275528,1.3678646934460887,1.688118811881188
1042,302247,275528,1.3509513742071881,1.688118811881188
1043,302247,275528,1.3509513742071881,1.688118811881188
1044,302247,275528,1.3509513742071881,1.688118811881188
1045,302247,275528,1.3509513742071881,1.688118811881188
1046,304008,275528,1.3305439330543933,1.688118811881188
1047,304008,275528,1.3305439330543933,1.688118811881188
1048,304008,275528,1.3305439330543933,1.688118811881188
1049,304008,275528,1.3305439330543933,1.688118811881188
1050,304008,275528,1.3305439330543933,1.688118811881188
1051,304008,275528,1.3305439330543933,1.688118811881188
1052,304008,275528,1.3305439330543933,1.688118811881188
1053,304008,275528,1.3305439330543933,1.688118811881188
1054,304008,275528,1.3305439330543933,1.688118811881188
1055,304008,275528,1.3305439330543933,1.688118811881188
1056,304008,275528,1.3305439330543933,1.688118811881188
1057,304008,275528,1.3305439330543933,1.688118811881188
1058,304008,275528,1.3305439330543933,1.688118811881188
1059,304008,275528,1.3305439330543933,1.688118811881188
1060,304008,275528,1.3305439330543933,1.688118811881188
1061,304008,275528,1.3305439330543933,1.688118811881188
1062,304008,275528,1.3305439330543933,1.688118811881188
1063,304008,275528,1.3305439330543933,1.688118811881188
1064,304008,275528,1.3305439330543933,1.688118811881188
1065,304008,275528,1.3305439330543933,1.688118811881188
1066,304008,275528,1.3305439330543933,1.688118811881188
1067,304008,275528,1.3305439330543933,1.688118811881188
1068,304008,275528,1.3305439330543933,1.688118811881188
1069,304008,275528,1.3305439330543933,1.688118811881188
1070,304008,275528,1.3305439330543933,1.688118811881188
1071,304008,275528,1.3305439330543933,1.688118811881188
1072,304008,275528,1.3305439330543933,1.688118811881188
1073,304008,275528,1.3305439330543933,1.688118811881188
1074,304008,275528,1.3305439330543933,1.688118811881188
1075,304008,275528,1.3305439330543933,1.688118811881188
1076,304008,275528,1.3305439330543933,1.688118811881188
1077,304008,275528,1.3305439330543933,1.688118811881188
1078,304008,275528,1.3305439330543933,1.688118811881188
1079,304008,275528,1.3305439330543933,1.688118811881188
1080,304008,275528,1.3305439330543933,1.688118811881188
1081,304008,275528,1.3305439330543933,1.688118811881188
1082,304008,275528,1.3305439330543933,1.688118811881188
1083,304008,275528,1.3305439330543933,1.688118811881188
1084,307188,275528,1.3167701863354038,1.688118811881188
1085,307188,275528,1.3167701863354038,1.688118811881188
1086,307188,275528,1.3167701863354038,1.688118811881188
1087,307188,275528,1.3167701863354038,1.688118811881188
1088,307188,275528,1.3167701863354038,1.688118811881188
1089,307188,275528,1.3167701863354038,1.688118811881188
1090,310569,275528,1.3312629399585922,1.688118811881188
1091,310569,275528,1.3312629399585922,1.688118811881188
1092,307188,275528,1.3167701863354038,1.688118811881188
1093,307188,275528,1.3167701863354038,1.688118811881188
1094,307188,275528,1.3167701863354038,1.688118811881188
1095,307188,275528,1.3167701863354038,1.688118811881188
1096,307188,275528,1.3167701863354038,1.688118811881188
1097,307188,275528,1.3167701863354038,1.688118811881188
1098,307188,275528,1.3167701863354038,1.688118811881188
1099,307188,275528,1.3167701863354038,1.688118811881188
1100,306222,275528,1.3126293995859213,1.688118811881188
1101,306222,275528,1.3126293995859213,1.688118811881188
1102,310086,275528,1.329192546583851,1.688118811881188
1103,310086,275528,1.329192546583851,1.688118811881188
1104,310086,275528,1.329192546583851,1.688118811881188
1105,305256,275528,1.308488612836439,1.688118811881188
1106,306705,275528,1.3146997929606625,1.688118811881188
1107,306705,275528,1.3146997929606625,1.688118811881188
1108,306705,275528,1.3146997929606625,1.688118811881188
1109,306705,275528,1.3146997929606625,1.688118811881188
1110,306705,275528,1.3146997929606625,1.688118811881188
1111,306705,275528,1.3146997929606625,1.688118811881188
1112,306705,275528,1.3146997929606625,1.688118811881188
1113,306705,275528,1.3146997929606625,1.688118811881188
1114,306705,275528,1.3146997929606625,1.688118811881188
1115,306705,275528,1.3146997929606625,1.688118811881188
1116,298977,275528,1.2815734989648033,1.688118811881188
1117,298977,275528,1.2815734989648033,1.688118811881188
1118,298977,275528,1.2815734989648033,1.688118811881188
1119,300426,275528,1.2877846790890268,1.688118811881188
1120,300426,275528,1.2877846790890268,1.688118811881188
1121,300426,275528,1.2877846790890268,1.688118811881188
1122,300426,275528,1.2877846790890268,1.688118811881188
1123,300426,275528,1.2877846790890268,1.688118811881188
1124,300426,275528,1.2877846790890268,1.688118811881188
1125,300426,275528,1.2877846790890268,1.688118811881188
1126,298977,275528,1.2815734989648033,1.688118811881188
1127,298977,275528,1.2815734989648033,1.688118811881188
1128,298977,275528,1.2815734989648033,1.688118811881188
1129,299460,275528,1.2836438923395446,1.688118811881188
1130,299460,275528,1.2836438923395446,1.688118811881188
1131,299460,275528,1.2836438923395446,1.688118811881188
1132,299460,275528,1.2836438923395446,1.688118811881188
1133,299460,275528,1.2836438923395446,1.688118811881188
1134,299460,275528,1.2836438923395446,1.688118811881188
1135,299460,275528,1.2836438923395446,1.688118811881188
1136,299460,275528,1.2836438923395446,1.688118811881188
1137,299460,275528,1.2836438923395446,1.688118811881188
1138,299460,275528,1.2836438923395446,1.688118811881188
1139,299460,275528,1.2836438923395446,1.688118811881188
1140,299460,275528,1.2836438923395446,1.688118811881188
1141,299460,275528,1.2836438923395446,1.688118811881188
1142,299460,275528,1.2836438923395446,1.688118811881188
1143,299460,275528,1.2836438923395446,1.688118811881188
1144,299460,275528,1.2836438923395446,1.688118811881188
1145,299460,275528,1.2836438923395446,1.688118811881188
1146,299460,275528,1.2836438923395446,1.688118811881188
1147,299460,275528,1.2836438923395446,1.688118811881188
1148,299460,275528,1.2836438923395446,1.688118811881188
1149,299460,275528,1.2836438923395446,1.688118811881188
1150,303807,275528,1.3022774327122153,1.688118811881188
1151,303807,275528,1.3022774327122153,1.688118811881188
1152,303807,275528,1.3022774327122153,1.688118811881188
1153,303807,275528,1.3022774327122153,1.688118811881188
1154,303807,275528,1.3022774327122153,1.688118811881188
1155,303807,275528,1.3022774327122153,1.688118811881188
1156,303807,275528,1.3022774327122153,1.688118811881188
1157,303807,275528,1.3022774327122153,1.688118811881188
1158,303807,275528,1.3022774327122153,1.688118811881188
1159,303807,275528,1.3022774327122153,1.688118811881188
1160,303807,275528,1.3022774327122153,1.688118811881188
1161,310569,275528,1.3312629399585922,1.688118811881188
1162,320229,275528,1.3726708074534162,1.688118811881188
1163,320229,275528,1.3726708074534162,1.688118811881188
1164,320229,275528,1.3726708074534162,1.688118811881188
1165,310569,275528,1.3312629399585922,1.688118811881188
1166,310569,275528,1.3312629399585922,1.688118811881188
1167,310569,275528,1.3312629399585922,1.688118811881188
1168,310569,275528,1.3312629399585922,1.688118811881188
1169,310569,275528,1.3312629399585922,1.688118811881188
1170,310569,275528,1.3312629399585922,1.688118811881188
1171,301392,275528,1.2919254658385093,1.688118811881188
1172,292698,275528,1.2546583850931676,1.688118811881188
1173,292698,275528,1.2546583850931676,1.688118811881188
1174,292698,275528,1.2546583850931676,1.688118811881188
1175,292698,275528,1.2546583850931676,1.688118811881188
1176,292698,275528,1.2546583850931676,1.688118811881188
1177,292698,275528,1.2546583850931676,1.688118811881188
1178,292698,275528,1.2546583850931676,1.688118811881188
1179,292698,275528,1.2546583850931676,1.688118811881188
1180,292698,275528,1.2546583850931676,1.688118811881188
1181,291249,275528,1.2484472049689441,1.688118811881188
1182,291249,275528,1.2484472049689441,1.688118811881188
1183,292698,275528,1.2546583850931676,1.688118811881188
1184,292698,275528,1.2546583850931676,1.688118811881188
1185,292698,275528,1.2546583850931676,1.688118811881188
1186,291249,275528,1.2484472049689441,1.688118811881188
1187,291249,275528,1.2484472049689441,1.688118811881188
1188,291249,275528,1.2484472049689441,1.688118811881188
1189,291249,275528,1.2484472049689441,1.688118811881188
1190,291249,275528,1.2484472049689441,1.688118811881188
1191,294630,275528,1.2629399585921326,1.688118811881188
1192,297510,275528,1.3468085106382979,1.688118811881188
1193,288110,275528,1.304255319148936,1.688118811881188
1194,289050,275528,1.3085106382978724,1.688118811881188
1195,289050,275528,1.3085106382978724,1.688118811881188
1196,289050,275528,1.3085106382978724,1.688118811881188
1197,289050,275528,1.3085106382978724,1.688118811881188
1198,291400,275528,1.3191489361702127,1.688118811881188
1199,291400,275528,1.3191489361702127,1.688118811881188
1200,291400,275528,1.3191489361702127,1.688118811881188
1201,291400,275528,1.3191489361702127,1.688118811881188
1202,291400,275528,1.3191489361702127,1.688118811881188
1203,291400,275528,1.3191489361702127,1.688118811881188
1204,291400,275528,1.3191489361702127,1.688118811881188
1205,291400,275528,1.3191489361702127,1.688118811881188
1206,291400,275528,1.3191489361702127,1.688118811881188
1207,283340,275528,1.3566739606126914,1.688118811881188
1208,283340,275528,1.3566739606126914,1.688118811881188
1209,283340,275528,1.3566739606126914,1.688118811881188
1210,288367,275528,1.3807439824945296,1.688118811881188
1211,288367,275528,1.3807439824945296,1.688118811881188
1212,288367,275528,1.3807439824945296,1.688118811881188
1213,288367,275528,1.3807439824945296,1.688118811881188
1214,288367,275528,1.3807439824945296,1.688118811881188
1215,288367,275528,1.3807439824945296,1.688118811881188
1216,288367,275528,1.3807439824945296,1.688118811881188
1217,288367,275528,1.3807439824945296,1.688118811881188
1218,288367,275528,1.3807439824945296,1.688118811881188
1219,288367,275528,1.3807439824945296,1.688118811881188
1220,288367,275528,1.3807439824945296,1.688118811881188
1221,288367,275528,1.3807439824945296,1.688118811881188
1222,288367,275528,1.3807439824945296,1.688118811881188
1223,288367,275528,1.3807439824945296,1.688118811881188
1224,288367,275528,1.3807439824945296,1.688118811881188
1225,288367,275528,1.3807439824945296,1.688118811881188
1226,288367,275528,1.3807439824945296,1.688118811881188
1227,288367,275528,1.3807439824945296,1.688118811881188
1228,288367,275528,1.3807439824945296,1.688118811881188
1229,288367,275528,1.3807439824945296,1.688118811881188
1230,286539,275528,1.3719912472647702,1.688118811881188
1231,286539,275528,1.3719912472647702,1.688118811881188
1232,286539,275528,1.3719912472647702,1.688118811881188
1233,286539,275528,1.3719912472647702,1.688118811881188
1234,286539,275528,1.3719912472647702,1.688118811881188
1235,286539,275528,1.3719912472647702,1.688118811881188
1236,295222,275528,1.4135667396061269,1.688118811881188
1237,295222,275528,1.4135667396061269,1.688118811881188
1238,295222,275528,1.4135667396061269,1.688118811881188
1239,295222,275528,1.4135667396061269,1.688118811881188
1240,295222,275528,1.4135667396061269,1.688118811881188
1241,295222,275528,1.4135667396061269,1.688118811881188
1242,295222,275528,1.4135667396061269,1.688118811881188
1243,295222,275528,1.4135667396061269,1.688118811881188
1244,295222,275528,1.4135667396061269,1.688118811881188
1245,295222,275528,1.4135667396061269,1.688118811881188
1246,295222,275528,1.4135667396061269,1.688118811881188
1247,295222,275528,1.4135667396061269,1.688118811881188
1248,295222,275528,1.4135667396061269,1.688118811881188
1249,295222,275528,1.4135667396061269,1.688118811881188
1250,295222,275528,1.4135667396061269,1.688118811881188
1251,295222,275528,1.4135667396061269,1.688118811881188
1252,295222,275528,1.4135667396061269,1.688118811881188
1253,295222,275528,1.4135667396061269,1.688118811881188
1254,295222,275528,1.4135667396061269,1.688118811881188
1255,295222,275528,1.4135667396061269,1.688118811881188
1256,295222,275528,1.4135667396061269,1.688118811881188
1257,295222,275528,1.4135667396061269,1.688118811881188
1258,292937,275528,1.4026258205689277,1.688118811881188
1259,292937,275528,1.4026258205689277,1.688118811881188
1260,292937,275528,1.4026258205689277,1.688118811881188
1261,292937,275528,1.4026258205689277,1.688118811881188
1262,292937,275528,1.4026258205689277,1.688118811881188
1263,292937,275528,1.4026258205689277,1.688118811881188
1264,292937,275528,1.4026258205689277,1.688118811881188
1265,292937,275528,1.4026258205689277,1.688118811881188
1266,292937,275528,1.4026258205689277,1.688118811881188
1267,291088,275528,1.424778761061947,1.688118811881188
1268,291088,275528,1.424778761061947,1.688118811881188
1269,291088,275528,1.424778761061947,1.688118811881188
1270,291088,275528,1.424778761061947,1.688118811881188
1271,296240,275528,1.4,1.688118811881188
1272,296240,275528,1.4,1.688118811881188
1273,296240,275528,1.4,1.688118811881188
1274,296240,275528,1.4,1.688118811881188
1275,296240,275528,1.4,1.688118811881188
1276,296240,275528,1.4,1.688118811881188
1277,296240,275528,1.4,1.688118811881188
1278,295218,275528,1.1951710261569417,1.688118811881188
1279,295218,275528,1.1951710261569417,1.688118811881188
1280,295218,275528,1.1951710261569417,1.688118811881188
1281,298200,275528,1.2072434607645874,1.688118811881188
1282,300685,275528,1.2173038229376258,1.688118811881188
1283,300685,275528,1.2173038229376258,1.688118811881188
1284,300685,275528,1.2173038229376258,1.688118811881188
1285,300685,275528,1.2173038229376258,1.688118811881188
1286,300685,275528,1.2173038229376258,1.688118811881188
1287,300685,275528,1.2173038229376258,1.688118811881188
1288,300685,275528,1.2173038229376258,1.688118811881188
1289,300685,275528,1.2173038229376258,1.688118811881188
1290,300685,275528,1.2173038229376258,1.688118811881188
1291,310625,275528,1.2575452716297786,1.688118811881188
1292,310625,275528,1.2575452716297786,1.688118811881188
1293,310625,275528,1.2575452716297786,1.688118811881188
1294,310625,275528,1.2575452716297786,1.688118811881188
1295,310625,275528,1.2575452716297786,1.688118811881188
1296,310625,275528,1.2575452716297786,1.688118811881188
1297,310625,275528,1.2575452716297786,1.688118811881188
1298,310625,275528,1.2575452716297786,1.688118811881188
1299,310625,275528,1.2575452716297786,1.688118811881188
1300,310625,275528,1.2575452716297786,1.688118811881188
1301,310625,275528,1.2575452716297786,1.688118811881188
1302,310625,275528,1.2575452716297786,1.688118811881188
1303,310625,275528,1.2575452716297786,1.688118811881188
1304,310625,275528,1.2575452716297786,1.688118811881188
1305,310625,275528,1.2575452716297786,1.688118811881188
1306,310625,275528,1.2575452716297786,1.688118811881188
1307,312116,275528,1.2635814889336017,1.688118811881188
1308,312116,275528,1.2635814889336017,1.688118811881188
1309,306464,275528,1.2868852459016393,1.688118811881188
1310,306464,275528,1.2868852459016393,1.688118811881188
1311,306464,275528,1.2868852459016393,1.688118811881188
1312,306464,275528,1.2868852459016393,1.688118811881188
1313,306464,275528,1.2868852459016393,1.688118811881188
1314,306464,275528,1.2868852459016393,1.688118811881188
1315,306464,275528,1.2868852459016393,1.688118811881188
1316,306464,275528,1.2868852459016393,1.688118811881188
1317,306464,275528,1.2868852459016393,1.688118811881188
1318,306464,275528,1.2868852459016393,1.688118811881188
1319,306464,275528,1.2868852459016393,1.688118811881188
1320,306464,275528,1.2868852459016393,1.688118811881188
1321,306464,275528,1.2868852459016393,1.688118811881188
1322,306464,275528,1.2868852459016393,1.688118811881188
1323,306464,275528,1.2868852459016393,1.688118811881188
1324,306464,275528,1.2868852459016393,1.688118811881188
1325,306464,275528,1.2868852459016393,1.688118811881188
1326,306464,275528,1.2868852459016393,1.688118811881188
1327,306464,275528,1.2868852459016393,1.688118811881188
1328,306464,275528,1.2868852459016393,1.688118811881188
1329,306464,275528,1.2868852459016393,1.688118811881188
1330,306464,275528,1.2868852459016393,1.688118811881188
1331,309604,275528,1.2738336713995944,1.688118811881188
1332,309604,275528,1.2738336713995944,1.688118811881188
1333,306153,275528,1.2596348884381339,1.688118811881188
1334,306153,275528,1.2596348884381339,1.688118811881188
1335,306153,275528,1.2596348884381339,1.688118811881188
1336,306153,275528,1.2596348884381339,1.688118811881188
1337,306153,275528,1.2596348884381339,1.688118811881188
1338,303048,275528,1.2725409836065573,1.688118811881188
1339,303048,275528,1.2725409836065573,1.688118811881188
1340,303048,275528,1.2725409836065573,1.688118811881188
1341,303048,275528,1.2725409836065573,1.688118811881188
1342,303048,275528,1.2725409836065573,1.688118811881188
1343,303048,275528,1.2725409836065573,1.688118811881188
1344,286944,275528,1.2049180327868851,1.688118811881188
1345,286456,275528,1.2028688524590163,1.688118811881188
1346,286456,275528,1.2028688524590163,1.688118811881188
1347,286456,275528,1.2028688524590163,1.688118811881188
1348,286456,275528,1.2028688524590163,1.688118811881188
1349,286456,275528,1.2028688524590163,1.688118811881188
1350,286456,275528,1.2028688524590163,1.688118811881188
1351,286456,275528,1.2028688524590163,1.688118811881188
1352,286456,275528,1.2028688524590163,1.688118811881188
1353,286456,275528,1.2028688524590163,1.688118811881188
1354,286456,275528,1.2028688524590163,1.688118811881188
1355,286456,275528,1.2028688524590163,1.688118811881188
1356,286456,275528,1.2028688524590163,1.688118811881188
1357,286456,275528,1.2028688524590163,1.688118811881188
1358,286456,275528,1.2028688524590163,1.688118811881188
1359,286456,275528,1.2028688524590163,1.688118811881188
1360,286456,275528,1.2028688524590163,1.688118811881188
1361,286456,275528,1.2028688524590163,1.688118811881188
1362,286456,275528,1.2028688524590163,1.688118811881188
1363,286456,275528,1.2028688524590163,1.688118811881188
1364,286456,275528,1.2028688524590163,1.688118811881188
1365,286456,275528,1.2028688524590163,1.688118811881188
1366,286456,275528,1.2028688524590163,1.688118811881188
1367,300120,275528,1.2602459016393444,1.688118811881188
1368,300120,275528,1.2602459016393444,1.688118811881188
1369,290848,275528,1.221311475409836,1.688118811881188
1370,290848,275528,1.221311475409836,1.688118811881188
1371,290848,275528,1.221311475409836,1.688118811881188
1372,290848,275528,1.221311475409836,1.688118811881188
1373,288896,275528,1.2131147540983607,1.688118811881188
1374,288896,275528,1.2131147540983607,1.688118811881188
1375,288896,275528,1.2131147540983607,1.688118811881188
1376,288896,275528,1.2131147540983607,1.688118811881188
1377,288896,275528,1.2131147540983607,1.688118811881188
1378,288896,275528,1.2131147540983607,1.688118811881188
1379,288896,275528,1.2131147540983607,1.688118811881188
1380,288896,275528,1.2131147540983607,1.688118811881188
1381,288896,275528,1.2131147540983607,1.688118811881188
1382,288896,275528,1.2131147540983607,1.688118811881188
1383,288896,275528,1.2131147540983607,1.688118811881188
1384,288896,275528,1.2131147540983607,1.688118811881188
1385,288896,275528,1.2131147540983607,1.688118811881188
1386,288896,275528,1.2131147540983607,1.688118811881188
1387,288896,275528,1.2131147540983607,1.688118811881188
1388,288896,275528,1.2131147540983607,1.688118811881188
1389,288896,275528,1.2131147540983607,1.688118811881188
1390,288896,275528,1.2131147540983607,1.688118811881188
1391,288896,275528,1.2131147540983607,1.688118811881188
1392,288896,275528,1.2131147540983607,1.688118811881188
1393,288896,275528,1.2131147540983607,1.688118811881188
1394,284504,275528,1.194672131147541,1.688118811881188
1395,284504,275528,1.194672131147541,1.688118811881188
1396,287432,275528,1.2069672131147542,1.688118811881188
1397,287432,275528,1.2069672131147542,1.688118811881188
1398,287432,275528,1.2069672131147542,1.688118811881188
1399,287432,275528,1.2069672131147542,1.688118811881188
1400,287432,275528,1.2069672131147542,1.688118811881188
1401,287432,275528,1.2069672131147542,1.688118811881188
1402,287432,275528,1.2069672131147542,1.688118811881188
1403,287432,275528,1.2069672131147542,1.688118811881188
1404,287432,275528,1.2069672131147542,1.688118811881188
1405,287432,275528,1.2069672131147542,1.688118811881188
1406,287432,275528,1.2069672131147542,1.688118811881188
1407,287432,275528,1.2069672131147542,1.688118811881188
1408,287432,275528,1.2069672131147542,1.688118811881188
1409,287432,275528,1.2069672131147542,1.688118811881188
1410,279888,275528,1.2352941176470589,1.688118811881188
1411,279888,275528,1.2352941176470589,1.688118811881188
1412,279888,275528,1.2352941176470589,1.688118811881188
1413,279888,275528,1.2352941176470589,1.688118811881188
1414,279888,275528,1.2352941176470589,1.688118811881188
1415,279888,275528,1.2352941176470589,1.688118811881188
1416,279888,275528,1.2352941176470589,1.688118811881188
1417,279888,275528,1.2352941176470589,1.688118811881188
1418,279888,275528,1.2352941176470589,1.688118811881188
1419,279888,275528,1.2352941176470589,1.688118811881188
1420,279888,275528,1.2352941176470589,1.688118811881188
1421,279888,275528,1.2352941176470589,1.688118811881188
1422,279888,275528,1.2352941176470589,1.688118811881188
1423,282268,275528,1.245798319327731,1.688118811881188
1424,282268,275528,1.245798319327731,1.688118811881188
1425,282268,275528,1.245798319327731,1.688118811881188
1426,282268,275528,1.245798319327731,1.688118811881188
1427,283696,275528,1.2521008403361344,1.688118811881188
1428,283696,275528,1.2521008403361344,1.688118811881188
1429,283696,275528,1.2521008403361344,1.688118811881188
1430,283696,275528,1.2521008403361344,1.688118811881188
1431,290836,275528,1.2836134453781514,1.688118811881188
1432,286076,275528,1.2626050420168067,1.688118811881188
1433,288198,275528,1.2201646090534979,1.688118811881188
1434,288198,275528,1.2201646090534979,1.688118811881188
1435,288198,275528,1.2201646090534979,1.688118811881188
1436,288198,275528,1.2201646090534979,1.688118811881188
1437,288198,275528,1.2201646090534979,1.688118811881188
1438,288198,275528,1.2201646090534979,1.688118811881188
1439,288198,275528,1.2201646090534979,1.688118811881188
1440,288198,275528,1.2201646090534979,1.688118811881188
1441,288198,275528,1.2201646090534979,1.688118811881188
1442,288198,275528,1.2201646090534979,1.688118811881188
1443,288198,275528,1.2201646090534979,1.688118811881188
1444,288198,275528,1.2201646090534979,1.688118811881188
1445,291360,275528,1.2645833333333334,1.688118811881188
1446,291360,275528,1.2645833333333334,1.688118811881188
1447,291360,275528,1.2645833333333334,1.688118811881188
1448,291360,275528,1.2645833333333334,1.688118811881188
1449,291360,275528,1.2645833333333334,1.688118811881188
1450,291360,275528,1.2645833333333334,1.688118811881188
1451,291360,275528,1.2645833333333334,1.688118811881188
1452,291360,275528,1.2645833333333334,1.688118811881188
1453,291360,275528,1.2645833333333334,1.688118811881188
1454,291360,275528,1.2645833333333334,1.688118811881188
1455,291360,275528,1.2645833333333334,1.688118811881188
1456,289440,275528,1.25625,1.688118811881188
1457,289440,275528,1.25625,1.688118811881188
1458,285120,275528,1.2375,1.688118811881188
1459,285120,275528,1.2375,1.688118811881188
1460,285120,275528,1.2375,1.688118811881188
1461,285120,275528,1.2375,1.688118811881188
1462,285120,275528,1.2375,1.688118811881188
1463,285120,275528,1.2375,1.688118811881188
1464,285120,275528,1.2375,1.688118811881188
1465,292800,275528,1.2708333333333333,1.688118811881188
1466,292800,275528,1.2708333333333333,1.688118811881188
1467,292800,275528,1.2708333333333333,1.688118811881188
1468,292800,275528,1.2708333333333333,1.688118811881188
1469,292800,275528,1.2708333333333333,1.688118811881188
1470,292800,275528,1.2708333333333333,1.688118811881188
1471,293280,275528,1.2729166666666667,1.688118811881188
1472,290836,275528,1.2836134453781514,1.688118811881188
1473,290836,275528,1.2836134453781514,1.688118811881188
1474,290836,275528,1.2836134453781514,1.688118811881188
1475,290836,275528,1.2836134453781514,1.688118811881188
1476,290836,275528,1.2836134453781514,1.688118811881188
1477,290836,275528,1.2836134453781514,1.688118811881188
1478,293692,275528,1.296218487394958,1.688118811881188
1479,293692,275528,1.296218487394958,1.688118811881188
1480,298928,275528,1.319327731092437,1.688118811881188
1481,298928,275528,1.319327731092437,1.688118811881188
1482,298928,275528,1.319327731092437,1.688118811881188
1483,298928,275528,1.319327731092437,1.688118811881188
1484,293692,275528,1.296218487394958,1.688118811881188
1485,293692,275528,1.296218487394958,1.688118811881188
1486,293692,275528,1.296218487394958,1.688118811881188
1487,293692,275528,1.296218487394958,1.688118811881188
1488,293692,275528,1.296218487394958,1.688118811881188
1489,298011,275528,1.2774327122153208,1.688118811881188
1490,301713,275528,1.261758691206544,1.688118811881188
1491,301713,275528,1.261758691206544,1.688118811881188
1492,301713,275528,1.261758691206544,1.688118811881188
1493,301713,275528,1.261758691206544,1.688118811881188
1494,301713,275528,1.261758691206544,1.688118811881188
1495,297801,275528,1.2453987730061349,1.688118811881188
1496,297801,275528,1.2453987730061349,1.688118811881188
1497,297801,275528,1.2453987730061349,1.688118811881188
1498,297801,275528,1.2453987730061349,1.688118811881188
1499,297801,275528,1.2453987730061349,1.688118811881188
1500,297801,275528,1.2453987730061349,1.688118811881188
1501,297801,275528,1.2453987730061349,1.688118811881188
1502,301224,275528,1.2597137014314927,1.688118811881188
1503,301224,275528,1.2597137014314927,1.688118811881188
1504,301224,275528,1.2597137014314927,1.688118811881188
1505,297528,275528,1.2753623188405796,1.688118811881188
1506,297528,275528,1.2753623188405796,1.688118811881188
1507,297528,275528,1.2753623188405796,1.688118811881188
1508,297528,275528,1.2753623188405796,1.688118811881188
1509,297528,275528,1.2753623188405796,1.688118811881188
1510,297528,275528,1.2753623188405796,1.688118811881188
1511,297528,275528,1.2753623188405796,1.688118811881188
1512,297528,275528,1.2753623188405796,1.688118811881188
1513,297528,275528,1.2753623188405796,1.688118811881188
1514,297528,275528,1.2753623188405796,1.688118811881188
1515,297528,275528,1.2753623188405796,1.688118811881188
1516,297528,275528,1.2753623188405796,1.688118811881188
1517,297528,275528,1.2753623188405796,1.688118811881188
1518,297528,275528,1.2753623188405796,1.688118811881188
1519,297528,275528,1.2753623188405796,1.688118811881188
1520,297528,275528,1.2753623188405796,1.688118811881188
1521,297528,275528,1.2753623188405796,1.688118811881188
1522,297528,275528,1.2753623188405796,1.688118811881188
1523,297528,275528,1.2753623188405796,1.688118811881188
1524,297528,275528,1.2753623188405796,1.688118811881188
1525,297528,275528,1.2753623188405796,1.688118811881188
1526,297528,275528,1.2753623188405796,1.688118811881188
1527,297528,275528,1.2753623188405796,1.688118811881188
1528,297528,275528,1.2753623188405796,1.688118811881188
1529,297528,275528,1.2753623188405796,1.688118811881188
1530,297528,275528,1.2753623188405796,1.688118811881188
1531,301875,275528,1.2939958592132506,1.688118811881188
1532,301875,275528,1.2939958592132506,1.688118811881188
1533,301875,275528,1.2939958592132506,1.688118811881188
1534,301875,275528,1.2939958592132506,1.688118811881188
1535,301875,275528,1.2939958592132506,1.688118811881188
1536,301250,275528,1.2966804979253113,1.688118811881188
1537,301250,275528,1.2966804979253113,1.688118811881188
1538,301250,275528,1.2966804979253113,1.688118811881188
1539,301250,275528,1.2966804979253113,1.688118811881188
1540,301250,275528,1.2966804979253113,1.688118811881188
1541,301250,275528,1.2966804979253113,1.688118811881188
1542,301250,275528,1.2966804979253113,1.688118811881188
1543,301250,275528,1.2966804979253113,1.688118811881188
1544,294984,275528,1.2697095435684647,1.688118811881188
1545,294984,275528,1.2697095435684647,1.688118811881188
1546,294984,275528,1.2697095435684647,1.688118811881188
1547,294984,275528,1.2697095435684647,1.688118811881188
1548,294984,275528,1.2697095435684647,1.688118811881188
1549,294984,275528,1.2697095435684647,1.688118811881188
1550,294984,275528,1.2697095435684647,1.688118811881188
1551,294984,275528,1.2697095435684647,1.688118811881188
1552,294984,275528,1.2697095435684647,1.688118811881188
1553,294984,275528,1.2697095435684647,1.688118811881188
1554,294984,275528,1.2697095435684647,1.688118811881188
1555,294984,275528,1.2697095435684647,1.688118811881188
1556,294984,275528,1.2697095435684647,1.688118811881188
1557,294984,275528,1.2697095435684647,1.688118811881188
1558,294984,275528,1.2697095435684647,1.688118811881188
1559,294984,275528,1.2697095435684647,1.688118811881188
1560,294984,275528,1.2697095435684647,1.688118811881188
1561,294984,275528,1.2697095435684647,1.688118811881188
1562,294984,275528,1.2697095435684647,1.688118811881188
1563,294984,275528,1.2697095435684647,1.688118811881188
1564,294984,275528,1.2697095435684647,1.688118811881188
1565,294984,275528,1.2697095435684647,1.688118811881188
1566,294984,275528,1.2697095435684647,1.688118811881188
1567,294984,275528,1.2697095435684647,1.688118811881188
1568,294984,275528,1.2697095435684647,1.688118811881188
1569,294984,275528,1.2697095435684647,1.688118811881188
1570,294984,275528,1.2697095435684647,1.688118811881188
1571,294984,275528,1.2697095435684647,1.688118811881188
1572,294984,275528,1.2697095435684647,1.688118811881188
1573,294984,275528,1.2697095435684647,1.688118811881188
1574,305106,275528,1.3132780082987552,1.688118811881188
1575,305106,275528,1.3132780082987552,1.688118811881188
1576,305106,275528,1.3132780082987552,1.688118811881188
1577,301308,275528,1.3298319327731092,1.688118811881188
1578,301308,275528,1.3298319327731092,1.688118811881188
1579,301308,275528,1.3298319327731092,1.688118811881188
1580,301308,275528,1.3298319327731092,1.688118811881188
1581,301308,275528,1.3298319327731092,1.688118811881188
1582,314636,275528,1.388655462184874,1.688118811881188
1583,314636,275528,1.388655462184874,1.688118811881188
1584,314636,275528,1.388655462184874,1.688118811881188
1585,314636,275528,1.388655462184874,1.688118811881188
1586,314636,275528,1.388655462184874,1.688118811881188
1587,314636,275528,1.388655462184874,1.688118811881188
1588,325108,275528,1.434873949579832,1.688118811881188
1589,325108,275528,1.434873949579832,1.688118811881188
1590,325108,275528,1.434873949579832,1.688118811881188
1591,325108,275528,1.434873949579832,1.688118811881188
1592,325108,275528,1.434873949579832,1.688118811881188
1593,325108,275528,1.434873949579832,1.688118811881188
1594,325108,275528,1.434873949579832,1.688118811881188
1595,319872,275528,1.411764705882353,1.688118811881188
1596,319872,275528,1.411764705882353,1.688118811881188
1597,319872,275528,1.411764705882353,1.688118811881188
1598,319872,275528,1.411764705882353,1.688118811881188
1599,319872,275528,1.411764705882353,1.688118811881188
1600,319872,275528,1.411764705882353,1.688118811881188
1601,319872,275528,1.411764705882353,1.688118811881188
1602,319872,275528,1.411764705882353,1.688118811881188
1603,319872,275528,1.411764705882353,1.688118811881188
1604,319872,275528,1.411764705882353,1.688118811881188
1605,319872,275528,1.411764705882353,1.688118811881188
1606,319872,275528,1.411764705882353,1.688118811881188
1607,319872,275528,1.411764705882353,1.688118811881188
1608,319872,275528,1.411764705882353,1.688118811881188
1609,319872,275528,1.411764705882353,1.688118811881188
1610,319872,275528,1.411764705882353,1.688118811881188
1611,319872,275528,1.411764705882353,1.688118811881188
1612,319872,275528,1.411764705882353,1.688118811881188
1613,319872,275528,1.411764705882353,1.688118811881188
1614,319872,275528,1.411764705882353,1.688118811881188
1615,304640,275528,1.3445378151260505,1.688118811881188
1616,304640,275528,1.3445378151260505,1.688118811881188
1617,304640,275528,1.3445378151260505,1.688118811881188
1618,304640,275528,1.3445378151260505,1.688118811881188
1619,304640,275528,1.3445378151260505,1.688118811881188
1620,304640,275528,1.3445378151260505,1.688118811881188
1621,304640,275528,1.3445378151260505,1.688118811881188
1622,304640,275528,1.3445378151260505,1.688118811881188
1623,304640,275528,1.3445378151260505,1.688118811881188
1624,304640,275528,1.3445378151260505,1.688118811881188
1625,304640,275528,1.3445378151260505,1.688118811881188
1626,304640,275528,1.3445378151260505,1.688118811881188
1627,304640,275528,1.3445378151260505,1.688118811881188
1628,304640,275528,1.3445378151260505,1.688118811881188
1629,304640,275528,1.3445378151260505,1.688118811881188
1630,304640,275528,1.3445378151260505,1.688118811881188
1631,304640,275528,1.3445378151260505,1.688118811881188
1632,304640,275528,1.3445378151260505,1.688118811881188
1633,304640,275528,1.3445378151260505,1.688118811881188
1634,304640,275528,1.3445378151260505,1.688118811881188
1635,307020,275528,1.3550420168067228,1.688118811881188
1636,307020,275528,1.3550420168067228,1.688118811881188
1637,307020,275528,1.3550420168067228,1.688118811881188
1638,307020,275528,1.3550420168067228,1.688118811881188
1639,307020,275528,1.3550420168067228,1.688118811881188
1640,307020,275528,1.3550420168067228,1.688118811881188
1641,307020,275528,1.3550420168067228,1.688118811881188
1642,307020,275528,1.3550420168067228,1.688118811881188
1643,300832,275528,1.3277310924369747,1.688118811881188
1644,300832,275528,1.3277310924369747,1.688118811881188
1645,300832,275528,1.3277310924369747,1.688118811881188
1646,297040,275528,1.3446808510638297,1.688118811881188
1647,297040,275528,1.3446808510638297,1.688118811881188
1648,297040,275528,1.3446808510638297,1.688118811881188
1649,296100,275528,1.3404255319148937,1.688118811881188
1650,296100,275528,1.3404255319148937,1.688118811881188
1651,296100,275528,1.3404255319148937,1.688118811881188
1652,296100,275528,1.3404255319148937,1.688118811881188
1653,296100,275528,1.3404255319148937,1.688118811881188
1654,296100,275528,1.3404255319148937,1.688118811881188
1655,295630,275528,1.3382978723404255,1.688118811881188
1656,295630,275528,1.3382978723404255,1.688118811881188
1657,295630,275528,1.3382978723404255,1.688118811881188
1658,295630,275528,1.3382978723404255,1.688118811881188
1659,295630,275528,1.3382978723404255,1.688118811881188
1660,295630,275528,1.3382978723404255,1.688118811881188
1661,295630,275528,1.3382978723404255,1.688118811881188
1662,295630,275528,1.3382978723404255,1.688118811881188
1663,295630,275528,1.3382978723404255,1.688118811881188
1664,295630,275528,1.3382978723404255,1.688118811881188
1665,295630,275528,1.3382978723404255,1.688118811881188
1666,295630,275528,1.3382978723404255,1.688118811881188
1667,296570,275528,1.3425531914893618,1.688118811881188
1668,298450,275528,1.351063829787234,1.688118811881188
1669,298450,275528,1.351063829787234,1.688118811881188
1670,298450,275528,1.351063829787234,1.688118811881188
1671,308320,275528,1.3957446808510638,1.688118811881188
1672,308320,275528,1.3957446808510638,1.688118811881188
1673,290460,275528,1.3148936170212766,1.688118811881188
1674,290460,275528,1.3148936170212766,1.688118811881188
1675,290460,275528,1.3148936170212766,1.688118811881188
1676,290460,275528,1.3148936170212766,1.688118811881188
1677,290460,275528,1.3148936170212766,1.688118811881188
1678,275890,275528,1.248936170212766,1.688118811881188
1679,275890,275528,1.248936170212766,1.688118811881188
1680,275890,275528,1.248936170212766,1.688118811881188
1681,275890,275528,1.248936170212766,1.688118811881188
1682,275890,275528,1.248936170212766,1.688118811881188
1683,275890,275528,1.248936170212766,1.688118811881188
1684,275890,275528,1.248936170212766,1.688118811881188
1685,275890,275528,1.248936170212766,1.688118811881188
1686,275890,275528,1.248936170212766,1.688118811881188
1687,275890,275528,1.248936170212766,1.688118811881188
1688,275890,275528,1.248936170212766,1.688118811881188
1689,275890,275528,1.248936170212766,1.688118811881188
1690,275890,275528,1.248936170212766,1.688118811881188
1691,275890,275528,1.248936170212766,1.688118811881188
1692,275890,275528,1.248936170212766,1.688118811881188
1693,275890,275528,1.248936170212766,1.688118811881188
1694,278238,275528,1.238396624472574,1.688118811881188
1695,278238,275528,1.238396624472574,1.688118811881188
1696,278238,275528,1.238396624472574,1.688118811881188
1697,273024,273024,1.2151898734177216,1.2151898734177216
1698,273024,273024,1.2151898734177216,1.2151898734177216
1699,273024,273024,1.2151898734177216,1.2151898734177216
1700,273024,273024,1.2151898734177216,1.2151898734177216
1701,273024,273024,1.2151898734177216,1.2151898734177216
1702,273024,273024,1.2151898734177216,1.2151898734177216
1703,273024,273024,1.2151898734177216,1.2151898734177216
1704,273024,273024,1.2151898734177216,1.2151898734177216
1705,272076,272076,1.2109704641350212,1.2109704641350212
1706,272076,272076,1.2109704641350212,1.2109704641350212
1707,275394,272076,1.2257383966244726,1.2109704641350212
1708,275394,272076,1.2257383966244726,1.2109704641350212
1709,270180,270180,1.2025316455696202,1.2025316455696202
1710,270180,270180,1.2025316455696202,1.2025316455696202
1711,275394,270180,1.2257383966244726,1.2025316455696202
1712,275394,270180,1.2257383966244726,1.2025316455696202
1713,275394,270180,1.2257383966244726,1.2025316455696202
1714,275394,270180,1.2257383966244726,1.2025316455696202
1715,275394,270180,1.2257383966244726,1.2025316455696202
1716,275394,270180,1.2257383966244726,1.2025316455696202
1717,275394,270180,1.2257383966244726,1.2025316455696202
1718,275394,270180,1.2257383966244726,1.2025316455696202
1719,275394,270180,1.2257383966244726,1.2025316455696202
1720,275394,270180,1.2257383966244726,1.2025316455696202
1721,275394,270180,1.2257383966244726,1.2025316455696202
1722,275394,270180,1.2257383966244726,1.2025316455696202
1723,275394,270180,1.2257383966244726,1.2025316455696202
1724,271128,270180,1.2067510548523206,1.2025316455696202
1725,271128,270180,1.2067510548523206,1.2025316455696202
1726,270180,270180,1.2025316455696202,1.2025316455696202
1727,270180,270180,1.2025316455696202,1.2025316455696202
1728,270180,270180,1.2025316455696202,1.2025316455696202
1729,270180,270180,1.2025316455696202,1.2025316455696202
1730,270180,270180,1.2025316455696202,1.2025316455696202
1731,270180,270180,1.2025316455696202,1.2025316455696202
1732,270180,270180,1.2025316455696202,1.2025316455696202
1733,270180,270180,1.2025316455696202,1.2025316455696202
1734,270180,270180,1.2025316455696202,1.2025316455696202
1735,270180,270180,1.2025316455696202,1.2025316455696202
1736,270180,270180,1.2025316455696202,1.2025316455696202
1737,270180,270180,1.2025316455696202,1.2025316455696202
1738,270180,270180,1.2025316455696202,1.2025316455696202
1739,270180,270180,1.2025316455696202,1.2025316455696202
1740,270180,270180,1.2025316455696202,1.2025316455696202
1741,270180,270180,1.2025316455696202,1.2025316455696202
1742,270180,270180,1.2025316455696202,1.2025316455696202
1743,270180,270180,1.2025316455696202,1.2025316455696202
1744,270180,270180,1.2025316455696202,1.2025316455696202
1745,269610,269610,1.2050739957716703,1.2050739957716703
1746,269610,269610,1.2050739957716703,1.2050739957716703
1747,269610,269610,1.2050739957716703,1.2050739957716703
1748,269610,269610,1.2050739957716703,1.2050739957716703
1749,269610,269610,1.2050739957716703,1.2050739957716703
1750,269610,269610,1.2050739957716703,1.2050739957716703
1751,269610,269610,1.2050739957716703,1.2050739957716703
1752,269610,269610,1.2050739957716703,1.2050739957716703
1753,269610,269610,1.2050739957716703,1.2050739957716703
1754,269610,269610,1.2050739957716703,1.2050739957716703
1755,269610,269610,1.2050739957716703,1.2050739957716703
1756,269610,269610,1.2050739957716703,1.2050739957716703
1757,269610,269610,1.2050739957716703,1.2050739957716703
1758,269610,269610,1.2050739957716703,1.2050739957716703
1759,269610,269610,1.2050739957716703,1.2050739957716703
1760,269610,269610,1.2050739957716703,1.2050739957716703
1761,269610,269610,1.2050739957716703,1.2050739957716703
1762,269610,269610,1.2050739957716703,1.2050739957716703
1763,269610,269610,1.2050739957716703,1.2050739957716703
1764,269610,269610,1.2050739957716703,1.2050739957716703
1765,269610,269610,1.2050739957716703,1.2050739957716703
1766,269610,269610,1.2050739957716703,1.2050739957716703
1767,269610,269610,1.2050739957716703,1.2050739957716703
1768,269610,269610,1.2050739957716703,1.2050739957716703
1769,269610,269610,1.2050739957716703,1.2050739957716703
1770,273394,269610,1.221987315010571,1.2050739957716703
1771,273394,269610,1.221987315010571,1.2050739957716703
1772,276705,269610,1.236786469344609,1.2050739957716703
1773,277651,269610,1.241014799154334,1.2050739957716703
1774,277651,269610,1.241014799154334,1.2050739957716703
1775,277651,269610,1.241014799154334,1.2050739957716703
1776,277651,269610,1.241014799154334,1.2050739957716703
1777,277651,269610,1.241014799154334,1.2050739957716703
1778,277651,269610,1.241014799154334,1.2050739957716703
1779,292787,269610,1.3086680761099365,1.2050739957716703
1780,292787,269610,1.3086680761099365,1.2050739957716703
1781,292787,269610,1.3086680761099365,1.2050739957716703
1782,292787,269610,1.3086680761099365,1.2050739957716703
1783,293406,269610,1.3059071729957805,1.2050739957716703
1784,293406,269610,1.3059071729957805,1.2050739957716703
1785,293406,269610,1.3059071729957805,1.2050739957716703
1786,293406,269610,1.3059071729957805,1.2050739957716703
1787,293406,269610,1.3059071729957805,1.2050739957716703
1788,293406,269610,1.3059071729957805,1.2050739957716703
1789,293406,269610,1.3059071729957805,1.2050739957716703
1790,293406,269610,1.3059071729957805,1.2050739957716703
1791,293406,269610,1.3059071729957805,1.2050739957716703
1792,293406,269610,1.3059071729957805,1.2050739957716703
1793,293406,269610,1.3059071729957805,1.2050739957716703
1794,293406,269610,1.3059071729957805,1.2050739957716703
1795,293406,269610,1.3059071729957805,1.2050739957716703
1796,293406,269610,1.3059071729957805,1.2050739957716703
1797,293406,269610,1.3059071729957805,1.2050739957716703
1798,293406,269610,1.3059071729957805,1.2050739957716703
1799,293406,269610,1.3059071729957805,1.2050739957716703
1800,293406,269610,1.3059071729957805,1.2050739957716703
1801,292932,269610,1.3037974683544304,1.2050739957716703
1802,292932,269610,1.3037974683544304,1.2050739957716703
1803,292932,269610,1.3037974683544304,1.2050739957716703
1804,292932,269610,1.3037974683544304,1.2050739957716703
1805,292932,269610,1.3037974683544304,1.2050739957716703
1806,292932,269610,1.3037974683544304,1.2050739957716703
1807,292932,269610,1.3037974683544304,1.2050739957716703
1808,292932,269610,1.3037974683544304,1.2050739957716703
1809,292932,269610,1.3037974683544304,1.2050739957716703
1810,292932,269610,1.3037974683544304,1.2050739957716703
1811,292932,269610,1.3037974683544304,1.2050739957716703
1812,292932,269610,1.3037974683544304,1.2050739957716703
1813,292932,269610,1.3037974683544304,1.2050739957716703
1814,292932,269610,1.3037974683544304,1.2050739957716703
1815,292932,269610,1.3037974683544304,1.2050739957716703
1816,292932,269610,1.3037974683544304,1.2050739957716703
1817,292932,269610,1.3037974683544304,1.2050739957716703
1818,292932,269610,1.3037974683544304,1.2050739957716703
1819,292932,269610,1.3037974683544304,1.2050739957716703
1820,287244,269610,1.2784810126582278,1.2050739957716703
1821,287244,269610,1.2784810126582278,1.2050739957716703
1822,287244,269610,1.2784810126582278,1.2050739957716703
1823,287244,269610,1.2784810126582278,1.2050739957716703
1824,287244,269610,1.2784810126582278,1.2050739957716703
1825,287244,269610,1.2784810126582278,1.2050739957716703
1826,287244,269610,1.2784810126582278,1.2050739957716703
1827,287244,269610,1.2784810126582278,1.2050739957716703
1828,287244,269610,1.2784810126582278,1.2050739957716703
1829,287244,269610,1.2784810126582278,1.2050739957716703
1830,287244,269610,1.2784810126582278,1.2050739957716703
1831,287244,269610,1.2784810126582278,1.2050739957716703
1832,287244,269610,1.2784810126582278,1.2050739957716703
1833,280578,269610,1.3088552915766738,1.2050739957716703
1834,280578,269610,1.3088552915766738,1.2050739957716703
1835,280578,269610,1.3088552915766738,1.2050739957716703
1836,280578,269610,1.3088552915766738,1.2050739957716703
1837,280578,269610,1.3088552915766738,1.2050739957716703
1838,280578,269610,1.3088552915766738,1.2050739957716703
1839,279972,269610,1.3116883116883118,1.2050739957716703
1840,280896,269610,1.316017316017316,1.2050739957716703
1841,280896,269610,1.316017316017316,1.2050739957716703
1842,280896,269610,1.316017316017316,1.2050739957716703
1843,280896,269610,1.316017316017316,1.2050739957716703
1844,279972,269610,1.3116883116883118,1.2050739957716703
1845,279972,269610,1.3116883116883118,1.2050739957716703
1846,279972,269610,1.3116883116883118,1.2050739957716703
1847,279972,269610,1.3116883116883118,1.2050739957716703
1848,279972,269610,1.3116883116883118,1.2050739957716703
1849,279972,269610,1.3116883116883118,1.2050739957716703
1850,279972,269610,1.3116883116883118,1.2050739957716703
1851,279972,269610,1.3116883116883118,1.2050739957716703
1852,279972,269610,1.3116883116883118,1.2050739957716703
1853,279972,269610,1.3116883116883118,1.2050739957716703
1854,279972,269610,1.3116883116883118,1.2050739957716703
1855,279972,269610,1.3116883116883118,1.2050739957716703
1856,279972,269610,1.3116883116883118,1.2050739957716703
1857,279972,269610,1.3116883116883118,1.2050739957716703
1858,279972,269610,1.3116883116883118,1.2050739957716703
1859,279972,269610,1.3116883116883118,1.2050739957716703
1860,280578,269610,1.3088552915766738,1.2050739957716703
1861,280578,269610,1.3088552915766738,1.2050739957716703
1862,280578,269610,1.3088552915766738,1.2050739957716703
1863,280578,269610,1.3088552915766738,1.2050739957716703
1864,280578,269610,1.3088552915766738,1.2050739957716703
1865,280578,269610,1.3088552915766738,1.2050739957716703
1866,280578,269610,1.3088552915766738,1.2050739957716703
1867,280578,269610,1.3088552915766738,1.2050739957716703
1868,280578,269610,1.3088552915766738,1.2050739957716703
1869,283819,269610,1.323974082073434,1.2050739957716703
1870,283819,269610,1.323974082073434,1.2050739957716703
1871,283819,269610,1.323974082073434,1.2050739957716703
1872,270333,269610,1.3900226757369614,1.2050739957716703
1873,270333,269610,1.3900226757369614,1.2050739957716703
1874,270333,269610,1.3900226757369614,1.2050739957716703
1875,270333,269610,1.3900226757369614,1.2050739957716703
1876,270000,269610,1.3333333333333333,1.2050739957716703
1877,270000,269610,1.3333333333333333,1.2050739957716703
1878,270000,269610,1.3333333333333333,1.2050739957716703
1879,270000,269610,1.3333333333333333,1.2050739957716703
1880,270000,269610,1.3333333333333333,1.2050739957716703
1881,274950,269610,1.3577777777777778,1.2050739957716703
1882,274950,269610,1.3577777777777778,1.2050739957716703
1883,274950,269610,1.3577777777777778,1.2050739957716703
1884,274950,269610,1.3577777777777778,1.2050739957716703
1885,274950,269610,1.3577777777777778,1.2050739957716703
1886,274950,269610,1.3577777777777778,1.2050739957716703
1887,279227,269610,1.336980306345733,1.2050739957716703
1888,279227,269610,1.336980306345733,1.2050739957716703
1889,279227,269610,1.336980306345733,1.2050739957716703
1890,279227,269610,1.336980306345733,1.2050739957716703
1891,279227,269610,1.336980306345733,1.2050739957716703
1892,279227,269610,1.336980306345733,1.2050739957716703
1893,279227,269610,1.336980306345733,1.2050739957716703
1894,279227,269610,1.336980306345733,1.2050739957716703
1895,274659,269610,1.3503325942350333,1.2050739957716703
1896,274659,269610,1.3503325942350333,1.2050739957716703
1897,274659,269610,1.3503325942350333,1.2050739957716703
1898,274659,269610,1.3503325942350333,1.2050739957716703
1899,274659,269610,1.3503325942350333,1.2050739957716703
1900,274659,269610,1.3503325942350333,1.2050739957716703
1901,274659,269610,1.3503325942350333,1.2050739957716703
1902,274659,269610,1.3503325942350333,1.2050739957716703
1903,274659,269610,1.3503325942350333,1.2050739957716703
1904,274659,269610,1.3503325942350333,1.2050739957716703
1905,274659,269610,1.3503325942350333,1.2050739957716703
1906,274659,269610,1.3503325942350333,1.2050739957716703
1907,274659,269610,1.3503325942350333,1.2050739957716703
1908,274659,269610,1.3503325942350333,1.2050739957716703
1909,284403,269610,1.3040685224839401,1.2050739957716703
1910,284403,269610,1.3040685224839401,1.2050739957716703
1911,284403,269610,1.3040685224839401,1.2050739957716703
1912,283296,269610,1.3744493392070485,1.2050739957716703
1913,283296,269610,1.3744493392070485,1.2050739957716703
1914,282842,269610,1.3722466960352422,1.2050739957716703
1915,282388,269610,1.3700440528634361,1.2050739957716703
1916,282388,269610,1.3700440528634361,1.2050739957716703
1917,276790,269610,1.397752808988764,1.2050739957716703
1918,276790,269610,1.397752808988764,1.2050739957716703
1919,276790,269610,1.397752808988764,1.2050739957716703
1920,276790,269610,1.397752808988764,1.2050739957716703
1921,276790,269610,1.397752808988764,1.2050739957716703
1922,276790,269610,1.397752808988764,1.2050739957716703
1923,276790,269610,1.397752808988764,1.2050739957716703
1924,282388,269610,1.3700440528634361,1.2050739957716703
1925,282388,269610,1.3700440528634361,1.2050739957716703
1926,282388,269610,1.3700440528634361,1.2050739957716703
1927,287025,269610,1.449438202247191,1.2050739957716703
1928,287025,269610,1.449438202247191,1.2050739957716703
1929,287025,269610,1.449438202247191,1.2050739957716703
1930,287025,269610,1.449438202247191,1.2050739957716703
1931,287025,269610,1.449438202247191,1.2050739957716703
1932,287025,269610,1.449438202247191,1.2050739957716703
1933,287025,269610,1.449438202247191,1.2050739957716703
1934,286839,269610,1.2929936305732483,1.2050739957716703
1935,286839,269610,1.2929936305732483,1.2050739957716703
1936,286839,269610,1.2929936305732483,1.2050739957716703
1937,286839,269610,1.2929936305732483,1.2050739957716703
1938,286839,269610,1.2929936305732483,1.2050739957716703
1939,286839,269610,1.2929936305732483,1.2050739957716703
1940,286839,269610,1.2929936305732483,1.2050739957716703
1941,286839,269610,1.2929936305732483,1.2050739957716703
1942,284013,269610,1.2802547770700636,1.2050739957716703
1943,284013,269610,1.2802547770700636,1.2050739957716703
1944,284013,269610,1.2802547770700636,1.2050739957716703
1945,284013,269610,1.2802547770700636,1.2050739957716703
1946,284013,269610,1.2802547770700636,1.2050739957716703
1947,284013,269610,1.2802547770700636,1.2050739957716703
1948,284013,269610,1.2802547770700636,1.2050739957716703
1949,284013,269610,1.2802547770700636,1.2050739957716703
1950,284013,269610,1.2802547770700636,1.2050739957716703
1951,284013,269610,1.2802547770700636,1.2050739957716703
1952,284013,269610,1.2802547770700636,1.2050739957716703
1953,284013,269610,1.2802547770700636,1.2050739957716703
1954,284013,269610,1.2802547770700636,1.2050739957716703
1955,284013,269610,1.2802547770700636,1.2050739957716703
1956,284013,269610,1.2802547770700636,1.2050739957716703
1957,284013,269610,1.2802547770700636,1.2050739957716703
1958,284013,269610,1.2802547770700636,1.2050739957716703
1959,277890,269610,1.2526539278131634,1.2050739957716703
1960,277419,269610,1.2505307855626326,1.2050739957716703
1961,277419,269610,1.2505307855626326,1.2050739957716703
1962,277419,269610,1.2505307855626326,1.2050739957716703
1963,277419,269610,1.2505307855626326,1.2050739957716703
1964,277419,269610,1.2505307855626326,1.2050739957716703
1965,277419,269610,1.2505307855626326,1.2050739957716703
1966,277419,269610,1.2505307855626326,1.2050739957716703
1967,277419,269610,1.2505307855626326,1.2050739957716703
1968,277419,269610,1.2505307855626326,1.2050739957716703
1969,277419,269610,1.2505307855626326,1.2050739957716703
1970,277419,269610,1.2505307855626326,1.2050739957716703
1971,283542,269610,1.2781316348195328,1.2050739957716703
1972,283542,269610,1.2781316348195328,1.2050739957716703
1973,283542,269610,1.2781316348195328,1.2050739957716703
1974,283542,269610,1.2781316348195328,1.2050739957716703
1975,283542,269610,1.2781316348195328,1.2050739957716703
1976,283542,269610,1.2781316348195328,1.2050739957716703
1977,283542,269610,1.2781316348195328,1.2050739957716703
1978,283542,269610,1.2781316348195328,1.2050739957716703
1979,283542,269610,1.2781316348195328,1.2050739957716703
1980,283542,269610,1.2781316348195328,1.2050739957716703
1981,283542,269610,1.2781316348195328,1.2050739957716703
1982,283542,269610,1.2781316348195328,1.2050739957716703
1983,283542,269610,1.2781316348195328,1.2050739957716703
1984,283542,269610,1.2781316348195328,1.2050739957716703
1985,283542,269610,1.2781316348195328,1.2050739957716703
1986,283542,269610,1.2781316348195328,1.2050739957716703
1987,283071,269610,1.276008492569002,1.2050739957716703
1988,283071,269610,1.276008492569002,1.2050739957716703
1989,283071,269610,1.276008492569002,1.2050739957716703
1990,283071,269610,1.276008492569002,1.2050739957716703
1991,283071,269610,1.276008492569002,1.2050739957716703
1992,284955,269610,1.2845010615711252,1.2050739957716703
1993,284955,269610,1.2845010615711252,1.2050739957716703
1994,284955,269610,1.2845010615711252,1.2050739957716703
1995,284955,269610,1.2845010615711252,1.2050739957716703
1996,284955,269610,1.2845010615711252,1.2050739957716703
1997,290400,269610,1.2604166666666667,1.2050739957716703
1998,290400,269610,1.2604166666666667,1.2050739957716703
1999,290400,269610,1.2604166666666667,1.2050739957716703
2000,290400,269610,1.2604166666666667,1.2050739957716703
2001,290400,269610,1.2604166666666667,1.2050739957716703
2002,290400,269610,1.2604166666666667,1.2050739957716703
2003,290400,269610,1.2604166666666667,1.2050739957716703
2004,290400,269610,1.2604166666666667,1.2050739957716703
2005,290400,269610,1.2604166666666667,1.2050739957716703
2006,290400,269610,1.2604166666666667,1.2050739957716703
2007,290400,269610,1.2604166666666667,1.2050739957716703
2008,290400,269610,1.2604166666666667,1.2050739957716703
2009,290400,269610,1.2604166666666667,1.2050739957716703
2010,290400,269610,1.2604166666666667,1.2050739957716703
2011,290400,269610,1.2604166666666667,1.2050739957716703
2012,290400,269610,1.2604166666666667,1.2050739957716703
2013,290400,269610,1.2604166666666667,1.2050739957716703
2014,290400,269610,1.2604166666666667,1.2050739957716703
2015,290400,269610,1.2604166666666667,1.2050739957716703
2016,290400,269610,1.2604166666666667,1.2050739957716703
2017,290400,269610,1.2604166666666667,1.2050739957716703
2018,290400,269610,1.2604166666666667,1.2050739957716703
2019,290400,269610,1.2604166666666667,1.2050739957716703
2020,290400,269610,1.2604166666666667,1.2050739957716703
2021,290400,269610,1.2604166666666667,1.2050739957716703
2022,290400,269610,1.2604166666666667,1.2050739957716703
2023,290400,269610,1.2604166666666667,1.2050739957716703
2024,290400,269610,1.2604166666666667,1.2050739957716703
2025,290400,269610,1.2604166666666667,1.2050739957716703
2026,290400,269610,1.2604166666666667,1.2050739957716703
2027,290400,269610,1.2604166666666667,1.2050739957716703
2028,290400,269610,1.2604166666666667,1.2050739957716703
2029,290400,269610,1.2604166666666667,1.2050739957716703
2030,296676,269610,1.225609756097561,1.2050739957716703
2031,296676,269610,1.225609756097561,1.2050739957716703
2032,296676,269610,1.225609756097561,1.2050739957716703
2033,296676,269610,1.225609756097561,1.2050739957716703
2034,296676,269610,1.225609756097561,1.2050739957716703
2035,296676,269610,1.225609756097561,1.2050739957716703
2036,296676,269610,1.225609756097561,1.2050739957716703
2037,296676,269610,1.225609756097561,1.2050739957716703
2038,287781,269610,1.29723991507431,1.2050739957716703
2039,301911,269610,1.3609341825902335,1.2050739957716703
2040,301270,269610,1.3638297872340426,1.2050739957716703
2041,301270,269610,1.3638297872340426,1.2050739957716703
2042,301270,269610,1.3638297872340426,1.2050739957716703
2043,301270,269610,1.3638297872340426,1.2050739957716703
2044,301270,269610,1.3638297872340426,1.2050739957716703
2045,294860,269610,1.3934782608695653,1.2050739957716703
2046,294860,269610,1.3934782608695653,1.2050739957716703
2047,294860,269610,1.3934782608695653,1.2050739957716703
2048,294860,269610,1.3934782608695653,1.2050739957716703
2049,289800,269610,1.3695652173913044,1.2050739957716703
2050,289800,269610,1.3695652173913044,1.2050739957716703
2051,289800,269610,1.3695652173913044,1.2050739957716703
2052,289800,269610,1.3695652173913044,1.2050739957716703
2053,289800,269610,1.3695652173913044,1.2050739957716703
2054,289800,269610,1.3695652173913044,1.2050739957716703
2055,289800,269610,1.3695652173913044,1.2050739957716703
2056,289800,269610,1.3695652173913044,1.2050739957716703
2057,289800,269610,1.3695652173913044,1.2050739957716703
2058,289800,269610,1.3695652173913044,1.2050739957716703
2059,289800,269610,1.3695652173913044,1.2050739957716703
2060,289800,269610,1.3695652173913044,1.2050739957716703
2061,289800,269610,1.3695652173913044,1.2050739957716703
2062,289800,269610,1.3695652173913044,1.2050739957716703
2063,289170,269610,1.3725490196078431,1.2050739957716703
2064,289170,269610,1.3725490196078431,1.2050739957716703
2065,289170,269610,1.3725490196078431,1.2050739957716703
2066,289170,269610,1.3725490196078431,1.2050739957716703
2067,288015,269610,1.3912087912087912,1.2050739957716703
2068,288015,269610,1.3912087912087912,1.2050739957716703
2069,288015,269610,1.3912087912087912,1.2050739957716703
2070,288015,269610,1.3912087912087912,1.2050739957716703
2071,288015,269610,1.3912087912087912,1.2050739957716703
2072,288015,269610,1.3912087912087912,1.2050739957716703
2073,289170,269610,1.3725490196078431,1.2050739957716703
2074,289170,269610,1.3725490196078431,1.2050739957716703
2075,289170,269610,1.3725490196078431,1.2050739957716703
2076,289170,269610,1.3725490196078431,1.2050739957716703
2077,289170,269610,1.3725490196078431,1.2050739957716703
2078,289170,269610,1.3725490196078431,1.2050739957716703
2079,289170,269610,1.3725490196078431,1.2050739957716703
2080,285039,269610,1.3529411764705883,1.2050739957716703
2081,285039,269610,1.3529411764705883,1.2050739957716703
2082,285039,269610,1.3529411764705883,1.2050739957716703
2083,285039,269610,1.3529411764705883,1.2050739957716703
2084,290547,269610,1.3790849673202614,1.2050739957716703
2085,290547,269610,1.3790849673202614,1.2050739957716703
2086,290547,269610,1.3790849673202614,1.2050739957716703
2087,290547,269610,1.3790849673202614,1.2050739957716703
2088,290547,269610,1.3790849673202614,1.2050739957716703
2089,290547,269610,1.3790849673202614,1.2050739957716703
2090,290547,269610,1.3790849673202614,1.2050739957716703
2091,290547,269610,1.3790849673202614,1.2050739957716703
2092,290547,269610,1.3790849673202614,1.2050739957716703
2093,290547,269610,1.3790849673202614,1.2050739957716703
2094,290547,269610,1.3790849673202614,1.2050739957716703
2095,290547,269610,1.3790849673202614,1.2050739957716703
2096,290547,269610,1.3790849673202614,1.2050739957716703
2097,288015,269610,1.3912087912087912,1.2050739957716703
2098,288015,269610,1.3912087912087912,1.2050739957716703
2099,288015,269610,1.3912087912087912,1.2050739957716703
2100,288015,269610,1.3912087912087912,1.2050739957716703
2101,288015,269610,1.3912087912087912,1.2050739957716703
2102,291006,269610,1.381263616557734,1.2050739957716703
2103,291006,269610,1.381263616557734,1.2050739957716703
2104,291006,269610,1.381263616557734,1.2050739957716703
2105,291006,269610,1.381263616557734,1.2050739957716703
2106,291006,269610,1.381263616557734,1.2050739957716703
2107,291006,269610,1.381263616557734,1.2050739957716703
2108,291006,269610,1.381263616557734,1.2050739957716703
2109,291006,269610,1.381263616557734,1.2050739957716703
2110,291006,269610,1.381263616557734,1.2050739957716703
2111,291006,269610,1.381263616557734,1.2050739957716703
2112,291006,269610,1.381263616557734,1.2050739957716703
2113,291006,269610,1.381263616557734,1.2050739957716703
2114,291006,269610,1.381263616557734,1.2050739957716703
2115,294219,269610,1.3965141612200436,1.2050739957716703
2116,294219,269610,1.3965141612200436,1.2050739957716703
2117,294219,269610,1.3965141612200436,1.2050739957716703
2118,294219,269610,1.3965141612200436,1.2050739957716703
2119,294219,269610,1.3965141612200436,1.2050739957716703
2120,294219,269610,1.3965141612200436,1.2050739957716703
2121,291465,269610,1.383442265795207,1.2050739957716703
2122,291465,269610,1.383442265795207,1.2050739957716703
2123,291465,269610,1.383442265795207,1.2050739957716703
2124,291465,269610,1.383442265795207,1.2050739957716703
2125,291465,269610,1.383442265795207,1.2050739957716703
2126,291465,269610,1.383442265795207,1.2050739957716703
2127,291465,269610,1.383442265795207,1.2050739957716703
2128,291465,269610,1.383442265795207,1.2050739957716703
2129,293370,269610,1.3744588744588744,1.2050739957716703
2130,293370,269610,1.3744588744588744,1.2050739957716703
2131,293370,269610,1.3744588744588744,1.2050739957716703
2132,293370,269610,1.3744588744588744,1.2050739957716703
2133,293370,269610,1.3744588744588744,1.2050739957716703
2134,293370,269610,1.3744588744588744,1.2050739957716703
2135,293370,269610,1.3744588744588744,1.2050739957716703
2136,291368,269610,1.302325581395349,1.2050739957716703
2137,291368,269610,1.302325581395349,1.2050739957716703
2138,291368,269610,1.302325581395349,1.2050739957716703
2139,291368,269610,1.302325581395349,1.2050739957716703
2140,291368,269610,1.302325581395349,1.2050739957716703
2141,291368,269610,1.302325581395349,1.2050739957716703
2142,291368,269610,1.302325581395349,1.2050739957716703
2143,290895,269610,1.3002114164904863,1.2050739957716703
2144,290895,269610,1.3002114164904863,1.2050739957716703
2145,290895,269610,1.3002114164904863,1.2050739957716703
2146,290895,269610,1.3002114164904863,1.2050739957716703
2147,290895,269610,1.3002114164904863,1.2050739957716703
2148,290895,269610,1.3002114164904863,1.2050739957716703
2149,290895,269610,1.3002114164904863,1.2050739957716703
2150,299409,269610,1.3382663847780127,1.2050739957716703
2151,299409,269610,1.3382663847780127,1.2050739957716703
2152,299409,269610,1.3382663847780127,1.2050739957716703
2153,299409,269610,1.3382663847780127,1.2050739957716703
2154,299409,269610,1.3382663847780127,1.2050739957716703
2155,299409,269610,1.3382663847780127,1.2050739957716703
2156,299409,269610,1.3382663847780127,1.2050739957716703
2157,299409,269610,1.3382663847780127,1.2050739957716703
2158,299409,269610,1.3382663847780127,1.2050739957716703
2159,299409,269610,1.3382663847780127,1.2050739957716703
2160,298936,269610,1.3361522198731501,1.2050739957716703
2161,300832,269610,1.3277310924369747,1.2050739957716703
2162,300832,269610,1.3277310924369747,1.2050739957716703
2163,300832,269610,1.3277310924369747,1.2050739957716703
2164,300832,269610,1.3277310924369747,1.2050739957716703
2165,300832,269610,1.3277310924369747,1.2050739957716703
2166,300832,269610,1.3277310924369747,1.2050739957716703
2167,300832,269610,1.3277310924369747,1.2050739957716703
2168,300832,269610,1.3277310924369747,1.2050739957716703
2169,300832,269610,1.3277310924369747,1.2050739957716703
2170,300832,269610,1.3277310924369747,1.2050739957716703
2171,300832,269610,1.3277310924369747,1.2050739957716703
2172,300832,269610,1.3277310924369747,1.2050739957716703
2173,300832,269610,1.3277310924369747,1.2050739957716703
2174,300832,269610,1.3277310924369747,1.2050739957716703
2175,300832,269610,1.3277310924369747,1.2050739957716703
2176,300832,269610,1.3277310924369747,1.2050739957716703
2177,300832,269610,1.3277310924369747,1.2050739957716703
2178,300832,269610,1.3277310924369747,1.2050739957716703
2179,300832,269610,1.3277310924369747,1.2050739957716703
2180,300832,269610,1.3277310924369747,1.2050739957716703
2181,300832,269610,1.3277310924369747,1.2050739957716703
2182,300832,269610,1.3277310924369747,1.2050739957716703
2183,300832,269610,1.3277310924369747,1.2050739957716703
2184,297920,269610,1.2408163265306122,1.2050739957716703
2185,297920,269610,1.2408163265306122,1.2050739957716703
2186,297920,269610,1.2408163265306122,1.2050739957716703
2187,302330,269610,1.2591836734693878,1.2050739957716703
2188,302330,269610,1.2591836734693878,1.2050739957716703
2189,302330,269610,1.2591836734693878,1.2050739957716703
2190,302330,269610,1.2591836734693878,1.2050739957716703
2191,302330,269610,1.2591836734693878,1.2050739957716703
2192,302330,269610,1.2591836734693878,1.2050739957716703
2193,302330,269610,1.2591836734693878,1.2050739957716703
2194,302330,269610,1.2591836734693878,1.2050739957716703
2195,302330,269610,1.2591836734693878,1.2050739957716703
2196,302330,269610,1.2591836734693878,1.2050739957716703
2197,302330,269610,1.2591836734693878,1.2050739957716703
2198,302330,269610,1.2591836734693878,1.2050739957716703
2199,302330,269610,1.2591836734693878,1.2050739957716703
2200,302330,269610,1.2591836734693878,1.2050739957716703
2201,302330,269610,1.2591836734693878,1.2050739957716703
2202,302330,269610,1.2591836734693878,1.2050739957716703
2203,302330,269610,1.2591836734693878,1.2050739957716703
2204,297430,269610,1.2387755102040816,1.2050739957716703
2205,297430,269610,1.2387755102040816,1.2050739957716703
2206,297430,269610,1.2387755102040816,1.2050739957716703
2207,297430,269610,1.2387755102040816,1.2050739957716703
2208,297430,269610,1.2387755102040816,1.2050739957716703
2209,297430,269610,1.2387755102040816,1.2050739957716703
2210,297430,269610,1.2387755102040816,1.2050739957716703
2211,297430,269610,1.2387755102040816,1.2050739957716703
2212,297430,269610,1.2387755102040816,1.2050739957716703
2213,297430,269610,1.2387755102040816,1.2050739957716703
2214,297430,269610,1.2387755102040816,1.2050739957716703
2215,297430,269610,1.2387755102040816,1.2050739957716703
2216,297430,269610,1.2387755102040816,1.2050739957716703
2217,297430,269610,1.2387755102040816,1.2050739957716703
2218,297430,269610,1.2387755102040816,1.2050739957716703
2219,297430,269610,1.2387755102040816,1.2050739957716703
2220,297430,269610,1.2387755102040816,1.2050739957716703
2221,297430,269610,1.2387755102040816,1.2050739957716703
2222,297430,269610,1.2387755102040816,1.2050739957716703
2223,297430,269610,1.2387755102040816,1.2050739957716703
2224,297430,269610,1.2387755102040816,1.2050739957716703
2225,297430,269610,1.2387755102040816,1.2050739957716703
2226,297430,269610,1.2387755102040816,1.2050739957716703
2227,297430,269610,1.2387755102040816,1.2050739957716703
2228,297430,269610,1.2387755102040816,1.2050739957716703
2229,297430,269610,1.2387755102040816,1.2050739957716703
2230,297430,269610,1.2387755102040816,1.2050739957716703
2231,297430,269610,1.2387755102040816,1.2050739957716703
2232,297430,269610,1.2387755102040816,1.2050739957716703
2233,293020,269610,1.220408163265306,1.2050739957716703
2234,293020,269610,1.220408163265306,1.2050739957716703
2235,293020,269610,1.220408163265306,1.2050739957716703
2236,293020,269610,1.220408163265306,1.2050739957716703
2237,293020,269610,1.220408163265306,1.2050739957716703
2238,293020,269610,1.220408163265306,1.2050739957716703
2239,293020,269610,1.220408163265306,1.2050739957716703
2240,293020,269610,1.220408163265306,1.2050739957716703
2241,293020,269610,1.220408163265306,1.2050739957716703
2242,293020,269610,1.220408163265306,1.2050739957716703
2243,293020,269610,1.220408163265306,1.2050739957716703
2244,293020,269610,1.220408163265306,1.2050739957716703
2245,293020,269610,1.220408163265306,1.2050739957716703
2246,293020,269610,1.220408163265306,1.2050739957716703
2247,293020,269610,1.220408163265306,1.2050739957716703
2248,293020,269610,1.220408163265306,1.2050739957716703
2249,293020,269610,1.220408163265306,1.2050739957716703
2250,293020,269610,1.220408163265306,1.2050739957716703
2251,293020,269610,1.220408163265306,1.2050739957716703
2252,293020,269610,1.220408163265306,1.2050739957716703
2253,293020,269610,1.220408163265306,1.2050739957716703
2254,293020,269610,1.220408163265306,1.2050739957716703
2255,293020,269610,1.220408163265306,1.2050739957716703
2256,293020,269610,1.220408163265306,1.2050739957716703
2257,293020,269610,1.220408163265306,1.2050739957716703
2258,290628,269610,1.2304526748971194,1.2050739957716703
2259,290628,269610,1.2304526748971194,1.2050739957716703
2260,290628,269610,1.2304526748971194,1.2050739957716703
2261,290628,269610,1.2304526748971194,1.2050739957716703
2262,290628,269610,1.2304526748971194,1.2050739957716703
2263,290628,269610,1.2304526748971194,1.2050739957716703
2264,290628,269610,1.2304526748971194,1.2050739957716703
2265,289170,269610,1.2242798353909465,1.2050739957716703
2266,289170,269610,1.2242798353909465,1.2050739957716703
2267,289170,269610,1.2242798353909465,1.2050739957716703
2268,289170,269610,1.2242798353909465,1.2050739957716703
2269,289170,269610,1.2242798353909465,1.2050739957716703
2270,289170,269610,1.2242798353909465,1.2050739957716703
2271,289170,269610,1.2242798353909465,1.2050739957716703
2272,289170,269610,1.2242798353909465,1.2050739957716703
2273,289170,269610,1.2242798353909465,1.2050739957716703
2274,289170,269610,1.2242798353909465,1.2050739957716703
2275,289170,269610,1.2242798353909465,1.2050739957716703
2276,289170,269610,1.2242798353909465,1.2050739957716703
2277,289170,269610,1.2242798353909465,1.2050739957716703
2278,288684,269610,1.2222222222222223,1.2050739957716703
2279,288684,269610,1.2222222222222223,1.2050739957716703
2280,288684,269610,1.2222222222222223,1.2050739957716703
2281,290142,269610,1.228395061728395,1.2050739957716703
2282,290142,269610,1.228395061728395,1.2050739957716703
2283,288684,269610,1.2222222222222223,1.2050739957716703
2284,288684,269610,1.2222222222222223,1.2050739957716703
2285,288684,269610,1.2222222222222223,1.2050739957716703
2286,288684,269610,1.2222222222222223,1.2050739957716703
2287,288684,269610,1.2222222222222223,1.2050739957716703
2288,288684,269610,1.2222222222222223,1.2050739957716703
2289,288684,269610,1.2222222222222223,1.2050739957716703
2290,288684,269610,1.2222222222222223,1.2050739957716703
2291,288684,269610,1.2222222222222223,1.2050739957716703
2292,288684,269610,1.2222222222222223,1.2050739957716703
2293,288684,269610,1.2222222222222223,1.2050739957716703
2294,288684,269610,1.2222222222222223,1.2050739957716703
2295,288684,269610,1.2222222222222223,1.2050739957716703
2296,288684,269610,1.2222222222222223,1.2050739957716703
2297,284796,269610,1.205761316872428,1.2050739957716703
2298,284796,269610,1.205761316872428,1.2050739957716703
2299,284796,269610,1.205761316872428,1.2050739957716703
2300,284796,269610,1.205761316872428,1.2050739957716703
2301,284796,269610,1.205761316872428,1.2050739957716703
2302,284796,269610,1.205761316872428,1.2050739957716703
2303,284796,269610,1.205761316872428,1.2050739957716703
2304,284796,269610,1.205761316872428,1.2050739957716703
2305,284796,269610,1.205761316872428,1.2050739957716703
2306,284796,269610,1.205761316872428,1.2050739957716703
2307,284796,269610,1.205761316872428,1.2050739957716703
2308,287712,269610,1.2181069958847737,1.2050739957716703
2309,287712,269610,1.2181069958847737,1.2050739957716703
2310,287712,269610,1.2181069958847737,1.2050739957716703
2311,287712,269610,1.2181069958847737,1.2050739957716703
2312,287712,269610,1.2181069958847737,1.2050739957716703
2313,287712,269610,1.2181069958847737,1.2050739957716703
2314,287712,269610,1.2181069958847737,1.2050739957716703
2315,287712,269610,1.2181069958847737,1.2050739957716703
2316,284796,269610,1.205761316872428,1.2050739957716703
2317,287226,269610,1.2160493827160495,1.2050739957716703
2318,287226,269610,1.2160493827160495,1.2050739957716703
2319,284796,269610,1.205761316872428,1.2050739957716703
2320,284796,269610,1.205761316872428,1.2050739957716703
2321,284796,269610,1.205761316872428,1.2050739957716703
2322,284796,269610,1.205761316872428,1.2050739957716703
2323,284796,269610,1.205761316872428,1.2050739957716703
2324,284796,269610,1.205761316872428,1.2050739957716703
2325,284796,269610,1.205761316872428,1.2050739957716703
2326,284796,269610,1.205761316872428,1.2050739957716703
2327,283824,269610,1.2016460905349795,1.2050739957716703
2328,283824,269610,1.2016460905349795,1.2050739957716703
2329,283824,269610,1.2016460905349795,1.2050739957716703
2330,283824,269610,1.2016460905349795,1.2050739957716703
2331,283824,269610,1.2016460905349795,1.2050739957716703
2332,283824,269610,1.2016460905349795,1.2050739957716703
2333,283824,269610,1.2016460905349795,1.2050739957716703
2334,283824,269610,1.2016460905349795,1.2050739957716703
2335,283824,269610,1.2016460905349795,1.2050739957716703
2336,283824,269610,1.2016460905349795,1.2050739957716703
2337,283824,269610,1.2016460905349795,1.2050739957716703
2338,283824,269610,1.2016460905349795,1.2050739957716703
2339,283824,269610,1.2016460905349795,1.2050739957716703
2340,283824,269610,1.2016460905349795,1.2050739957716703
2341,283824,269610,1.2016460905349795,1.2050739957716703
2342,281394,269610,1.191358024691358,1.2050739957716703
2343,281394,269610,1.191358024691358,1.2050739957716703
2344,281394,269610,1.191358024691358,1.2050739957716703
2345,281394,269610,1.191358024691358,1.2050739957716703
2346,281394,269610,1.191358024691358,1.2050739957716703
2347,281394,269610,1.191358024691358,1.2050739957716703
2348,281394,269610,1.191358024691358,1.2050739957716703
2349,281394,269610,1.191358024691358,1.2050739957716703
2350,281394,269610,1.191358024691358,1.2050739957716703
2351,281394,269610,1.191358024691358,1.2050739957716703
2352,281394,269610,1.191358024691358,1.2050739957716703
2353,281394,269610,1.191358024691358,1.2050739957716703
2354,281394,269610,1.191358024691358,1.2050739957716703
2355,281394,269610,1.191358024691358,1.2050739957716703
2356,282366,269610,1.1954732510288066,1.2050739957716703
2357,284310,269610,1.2037037037037037,1.2050739957716703
2358,284310,269610,1.2037037037037037,1.2050739957716703
2359,284310,269610,1.2037037037037037,1.2050739957716703
2360,284310,269610,1.2037037037037037,1.2050739957716703
2361,284310,269610,1.2037037037037037,1.2050739957716703
2362,284310,269610,1.2037037037037037,1.2050739957716703
2363,284310,269610,1.2037037037037037,1.2050739957716703
2364,284310,269610,1.2037037037037037,1.2050739957716703
2365,284310,269610,1.2037037037037037,1.2050739957716703
2366,284310,269610,1.2037037037037037,1.2050739957716703
2367,281394,269610,1.191358024691358,1.2050739957716703
2368,281394,269610,1.191358024691358,1.2050739957716703
2369,281394,269610,1.191358024691358,1.2050739957716703
2370,281394,269610,1.191358024691358,1.2050739957716703
2371,281394,269610,1.191358024691358,1.2050739957716703
2372,281394,269610,1.191358024691358,1.2050739957716703
2373,282552,269610,1.1864754098360655,1.2050739957716703
2374,282552,269610,1.1864754098360655,1.2050739957716703
2375,282552,269610,1.1864754098360655,1.2050739957716703
2376,282552,269610,1.1864754098360655,1.2050739957716703
2377,284504,269610,1.194672131147541,1.2050739957716703
2378,284504,269610,1.194672131147541,1.2050739957716703
2379,284504,269610,1.194672131147541,1.2050739957716703
2380,284504,269610,1.194672131147541,1.2050739957716703
2381,284504,269610,1.194672131147541,1.2050739957716703
2382,284504,269610,1.194672131147541,1.2050739957716703
2383,284504,269610,1.194672131147541,1.2050739957716703
2384,284504,269610,1.194672131147541,1.2050739957716703
2385,284504,269610,1.194672131147541,1.2050739957716703
2386,284504,269610,1.194672131147541,1.2050739957716703
2387,280600,269610,1.1782786885245902,1.2050739957716703
2388,280600,269610,1.1782786885245902,1.2050739957716703
2389,280600,269610,1.1782786885245902,1.2050739957716703
2390,280600,269610,1.1782786885245902,1.2050739957716703
2391,280600,269610,1.1782786885245902,1.2050739957716703
2392,280600,269610,1.1782786885245902,1.2050739957716703
2393,278160,269610,1.1680327868852458,1.2050739957716703
2394,278160,269610,1.1680327868852458,1.2050739957716703
2395,278160,269610,1.1680327868852458,1.2050739957716703
2396,278160,269610,1.1680327868852458,1.2050739957716703
2397,278160,269610,1.1680327868852458,1.2050739957716703
2398,278160,269610,1.1680327868852458,1.2050739957716703
2399,278160,269610,1.1680327868852458,1.2050739957716703
2400,278160,269610,1.1680327868852458,1.2050739957716703
2401,278160,269610,1.1680327868852458,1.2050739957716703
2402,277020,269610,1.1728395061728396,1.2050739957716703
2403,277020,269610,1.1728395061728396,1.2050739957716703
2404,277020,269610,1.1728395061728396,1.2050739957716703
2405,277020,269610,1.1728395061728396,1.2050739957716703
2406,277020,269610,1.1728395061728396,1.2050739957716703
2407,277020,269610,1.1728395061728396,1.2050739957716703
2408,277020,269610,1.1728395061728396,1.2050739957716703
2409,277020,269610,1.1728395061728396,1.2050739957716703
2410,277020,269610,1.1728395061728396,1.2050739957716703
2411,275076,269610,1.1646090534979423,1.2050739957716703
2412,275076,269610,1.1646090534979423,1.2050739957716703
2413,275076,269610,1.1646090534979423,1.2050739957716703
2414,275076,269610,1.1646090534979423,1.2050739957716703
2415,275076,269610,1.1646090534979423,1.2050739957716703
2416,275076,269610,1.1646090534979423,1.2050739957716703
2417,275076,269610,1.1646090534979423,1.2050739957716703
2418,275076,269610,1.1646090534979423,1.2050739957716703
2419,275076,269610,1.1646090534979423,1.2050739957716703
2420,275076,269610,1.1646090534979423,1.2050739957716703
2421,275076,269610,1.1646090534979423,1.2050739957716703
2422,275076,269610,1.1646090534979423,1.2050739957716703
2423,275076,269610,1.1646090534979423,1.2050739957716703
2424,275076,269610,1.1646090534979423,1.2050739957716703
2425,275076,269610,1.1646090534979423,1.2050739957716703
2426,275076,269610,1.1646090534979423,1.2050739957716703
2427,275076,269610,1.1646090534979423,1.2050739957716703
2428,275076,269610,1.1646090534979423,1.2050739957716703
2429,275076,269610,1.1646090534979423,1.2050739957716703
2430,275076,269610,1.1646090534979423,1.2050739957716703
2431,275076,269610,1.1646090534979423,1.2050739957716703
2432,275076,269610,1.1646090534979423,1.2050739957716703
2433,275076,269610,1.1646090534979423,1.2050739957716703
2434,275076,269610,1.1646090534979423,1.2050739957716703
2435,275076,269610,1.1646090534979423,1.2050739957716703
2436,275076,269610,1.1646090534979423,1.2050739957716703
2437,275076,269610,1.1646090534979423,1.2050739957716703
2438,278478,269610,1.1790123456790123,1.2050739957716703
2439,278478,269610,1.1790123456790123,1.2050739957716703
2440,278478,269610,1.1790123456790123,1.2050739957716703
2441,278478,269610,1.1790123456790123,1.2050739957716703
2442,275076,269610,1.1646090534979423,1.2050739957716703
2443,275076,269610,1.1646090534979423,1.2050739957716703
2444,275076,269610,1.1646090534979423,1.2050739957716703
2445,275076,269610,1.1646090534979423,1.2050739957716703
2446,275076,269610,1.1646090534979423,1.2050739957716703
2447,275076,269610,1.1646090534979423,1.2050739957716703
2448,275076,269610,1.1646090534979423,1.2050739957716703
2449,275076,269610,1.1646090534979423,1.2050739957716703
2450,275076,269610,1.1646090534979423,1.2050739957716703
2451,275076,269610,1.1646090534979423,1.2050739957716703
2452,275076,269610,1.1646090534979423,1.2050739957716703
2453,275076,269610,1.1646090534979423,1.2050739957716703
2454,275076,269610,1.1646090534979423,1.2050739957716703
2455,275076,269610,1.1646090534979423,1.2050739957716703
2456,275076,269610,1.1646090534979423,1.2050739957716703
2457,275076,269610,1.1646090534979423,1.2050739957716703
2458,275076,269610,1.1646090534979423,1.2050739957716703
2459,275076,269610,1.1646090534979423,1.2050739957716703
2460,275076,269610,1.1646090534979423,1.2050739957716703
2461,275076,269610,1.1646090534979423,1.2050739957716703
2462,275076,269610,1.1646090534979423,1.2050739957716703
2463,275076,269610,1.1646090534979423,1.2050739957716703
2464,275076,269610,1.1646090534979423,1.2050739957716703
2465,275076,269610,1.1646090534979423,1.2050739957716703
2466,275076,269610,1.1646090534979423,1.2050739957716703
2467,275076,269610,1.1646090534979423,1.2050739957716703
2468,275562,269610,1.1666666666666667,1.2050739957716703
2469,275562,269610,1.1666666666666667,1.2050739957716703
2470,275562,269610,1.1666666666666667,1.2050739957716703
2471,275562,269610,1.1666666666666667,1.2050739957716703
2472,275562,269610,1.1666666666666667,1.2050739957716703
2473,275562,269610,1.1666666666666667,1.2050739957716703
2474,275562,269610,1.1666666666666667,1.2050739957716703
2475,275562,269610,1.1666666666666667,1.2050739957716703
2476,275562,269610,1.1666666666666667,1.2050739957716703
2477,275562,269610,1.1666666666666667,1.2050739957716703
2478,275562,269610,1.1666666666666667,1.2050739957716703
2479,275562,269610,1.1666666666666667,1.2050739957716703
2480,275562,269610,1.1666666666666667,1.2050739957716703
2481,275562,269610,1.1666666666666667,1.2050739957716703
2482,275562,269610,1.1666666666666667,1.2050739957716703
2483,275562,269610,1.1666666666666667,1.2050739957716703
2484,275562,269610,1.1666666666666667,1.2050739957716703
2485,275562,269610,1.1666666666666667,1.2050739957716703
2486,275562,269610,1.1666666666666667,1.2050739957716703
2487,275562,269610,1.1666666666666667,1.2050739957716703
2488,275562,269610,1.1666666666666667,1.2050739957716703
2489,275562,269610,1.1666666666666667,1.2050739957716703
2490,275562,269610,1.1666666666666667,1.2050739957716703
2491,275562,269610,1.1666666666666667,1.2050739957716703
2492,275562,269610,1.1666666666666667,1.2050739957716703
2493,275562,269610,1.1666666666666667,1.2050739957716703
2494,275562,269610,1.1666666666666667,1.2050739957716703
2495,275562,269610,1.1666666666666667,1.2050739957716703
2496,275562,269610,1.1666666666666667,1.2050739957716703
2497,275562,269610,1.1666666666666667,1.2050739957716703
2498,275562,269610,1.1666666666666667,1.2050739957716703
2499,275562,269610,1.1666666666666667,1.2050739957716703
2500,275562,269610,1.1666666666666667,1.2050739957716703
2501,275562,269610,1.1666666666666667,1.2050739957716703
2502,275562,269610,1.1666666666666667,1.2050739957716703
2503,275562,269610,1.1666666666666667,1.2050739957716703
2504,275562,269610,1.1666666666666667,1.2050739957716703
2505,275076,269610,1.1646090534979423,1.2050739957716703
2506,275076,269610,1.1646090534979423,1.2050739957716703
2507,270216,269610,1.1440329218106995,1.2050739957716703
2508,270216,269610,1.1440329218106995,1.2050739957716703
2509,270216,269610,1.1440329218106995,1.2050739957716703
2510,270216,269610,1.1440329218106995,1.2050739957716703
2511,270216,269610,1.1440329218106995,1.2050739957716703
2512,270216,269610,1.1440329218106995,1.2050739957716703
2513,270216,269610,1.1440329218106995,1.2050739957716703
2514,270216,269610,1.1440329218106995,1.2050739957716703
2515,273672,269610,1.0773809523809523,1.2050739957716703
2516,273672,269610,1.0773809523809523,1.2050739957716703
2517,273672,269610,1.0773809523809523,1.2050739957716703
2518,273672,269610,1.0773809523809523,1.2050739957716703
2519,273672,269610,1.0773809523809523,1.2050739957716703
2520,273672,269610,1.0773809523809523,1.2050739957716703
2521,273672,269610,1.0773809523809523,1.2050739957716703
2522,273672,269610,1.0773809523809523,1.2050739957716703
2523,273672,269610,1.0773809523809523,1.2050739957716703
2524,273672,269610,1.0773809523809523,1.2050739957716703
2525,273672,269610,1.0773809523809523,1.2050739957716703
2526,273672,269610,1.0773809523809523,1.2050739957716703
2527,273672,269610,1.0773809523809523,1.2050739957716703
2528,273672,269610,1.0773809523809523,1.2050739957716703
2529,273672,269610,1.0773809523809523,1.2050739957716703
2530,273672,269610,1.0773809523809523,1.2050739957716703
2531,273672,269610,1.0773809523809523,1.2050739957716703
2532,273672,269610,1.0773809523809523,1.2050739957716703
2533,273672,269610,1.0773809523809523,1.2050739957716703
2534,273672,269610,1.0773809523809523,1.2050739957716703
2535,273672,269610,1.0773809523809523,1.2050739957716703
2536,273672,269610,1.0773809523809523,1.2050739957716703
2537,273672,269610,1.0773809523809523,1.2050739957716703
2538,273672,269610,1.0773809523809523,1.2050739957716703
2539,273672,269610,1.0773809523809523,1.2050739957716703
2540,273672,269610,1.0773809523809523,1.2050739957716703
2541,273672,269610,1.0773809523809523,1.2050739957716703
2542,273672,269610,1.0773809523809523,1.2050739957716703
2543,273672,269610,1.0773809523809523,1.2050739957716703
2544,273672,269610,1.0773809523809523,1.2050739957716703
2545,273672,269610,1.0773809523809523,1.2050739957716703
2546,273672,269610,1.0773809523809523,1.2050739957716703
2547,273672,269610,1.0773809523809523,1.2050739957716703
2548,273672,269610,1.0773809523809523,1.2050739957716703
2549,273672,269610,1.0773809523809523,1.2050739957716703
2550,273672,269610,1.0773809523809523,1.2050739957716703
2551,273672,269610,1.0773809523809523,1.2050739957716703
2552,273672,269610,1.0773809523809523,1.2050739957716703
2553,273672,269610,1.0773809523809523,1.2050739957716703
2554,273672,269610,1.0773809523809523,1.2050739957716703
2555,273672,269610,1.0773809523809523,1.2050739957716703
2556,273672,269610,1.0773809523809523,1.2050739957716703
2557,273672,269610,1.0773809523809523,1.2050739957716703
2558,273672,269610,1.0773809523809523,1.2050739957716703
2559,273672,269610,1.0773809523809523,1.2050739957716703
2560,273672,269610,1.0773809523809523,1.2050739957716703
2561,273672,269610,1.0773809523809523,1.2050739957716703
2562,273672,269610,1.0773809523809523,1.2050739957716703
2563,273672,269610,1.0773809523809523,1.2050739957716703
2564,273672,269610,1.0773809523809523,1.2050739957716703
2565,273672,269610,1.0773809523809523,1.2050739957716703
2566,273672,269610,1.0773809523809523,1.2050739957716703
2567,273672,269610,1.0773809523809523,1.2050739957716703
2568,273672,269610,1.0773809523809523,1.2050739957716703
2569,273672,269610,1.0773809523809523,1.2050739957716703
2570,273672,269610,1.0773809523809523,1.2050739957716703
2571,273672,269610,1.0773809523809523,1.2050739957716703
2572,268242,268242,1.0991902834008098,1.0991902834008098
2573,268242,268242,1.0991902834008098,1.0991902834008098
2574,268242,268242,1.0991902834008098,1.0991902834008098
2575,268242,268242,1.0991902834008098,1.0991902834008098
2576,268242,268242,1.0991902834008098,1.0991902834008098
2577,268242,268242,1.0991902834008098,1.0991902834008098
2578,268242,268242,1.0991902834008098,1.0991902834008098
2579,268242,268242,1.0991902834008098,1.0991902834008098
2580,268242,268242,1.0991902834008098,1.0991902834008098
2581,268242,268242,1.0991902834008098,1.0991902834008098
2582,268242,268242,1.0991902834008098,1.0991902834008098
2583,268242,268242,1.0991902834008098,1.0991902834008098
2584,266750,266750,1.134020618556701,1.134020618556701
2585,266750,266750,1.134020618556701,1.134020618556701
2586,266750,266750,1.134020618556701,1.134020618556701
2587,266750,266750,1.134020618556701,1.134020618556701
2588,266750,266750,1.134020618556701,1.134020618556701
2589,266750,266750,1.134020618556701,1.134020618556701
2590,266750,266750,1.134020618556701,1.134020618556701
2591,266750,266750,1.134020618556701,1.134020618556701
2592,266750,266750,1.134020618556701,1.134020618556701
2593,269230,266750,1.1032388663967612,1.134020618556701
2594,269230,266750,1.1032388663967612,1.134020618556701
2595,269230,266750,1.1032388663967612,1.134020618556701
2596,269230,266750,1.1032388663967612,1.134020618556701
2597,269230,266750,1.1032388663967612,1.134020618556701
2598,269230,266750,1.1032388663967612,1.134020618556701
2599,269230,266750,1.1032388663967612,1.134020618556701
2600,269230,266750,1.1032388663967612,1.134020618556701
2601,266750,266750,1.134020618556701,1.134020618556701
2602,266750,266750,1.134020618556701,1.134020618556701
2603,266750,266750,1.134020618556701,1.134020618556701
2604,266750,266750,1.134020618556701,1.134020618556701
2605,266750,266750,1.134020618556701,1.134020618556701
2606,266750,266750,1.134020618556701,1.134020618556701
2607,267720,266750,1.1381443298969072,1.134020618556701
2608,267720,266750,1.1381443298969072,1.134020618556701
2609,267720,266750,1.1381443298969072,1.134020618556701
2610,267720,266750,1.1381443298969072,1.134020618556701
2611,267720,266750,1.1381443298969072,1.134020618556701
2612,267720,266750,1.1381443298969072,1.134020618556701
2613,267720,266750,1.1381443298969072,1.134020618556701
2614,267720,266750,1.1381443298969072,1.134020618556701
2615,267720,266750,1.1381443298969072,1.134020618556701
2616,271115,266750,1.1525773195876288,1.134020618556701
2617,271115,266750,1.1525773195876288,1.134020618556701
2618,271115,266750,1.1525773195876288,1.134020618556701
2619,271115,266750,1.1525773195876288,1.134020618556701
2620,271115,266750,1.1525773195876288,1.134020618556701
2621,271115,266750,1.1525773195876288,1.134020618556701
2622,271115,266750,1.1525773195876288,1.134020618556701
2623,271115,266750,1.1525773195876288,1.134020618556701
2624,274025,266750,1.1649484536082475,1.134020618556701
2625,274025,266750,1.1649484536082475,1.134020618556701
2626,274025,266750,1.1649484536082475,1.134020618556701
2627,274025,266750,1.1649484536082475,1.134020618556701
2628,274025,266750,1.1649484536082475,1.134020618556701
2629,274025,266750,1.1649484536082475,1.134020618556701
2630,274025,266750,1.1649484536082475,1.134020618556701
2631,269175,266750,1.1443298969072164,1.134020618556701
2632,269175,266750,1.1443298969072164,1.134020618556701
2633,265295,265295,1.1278350515463917,1.1278350515463917
2634,269660,265295,1.1463917525773195,1.1278350515463917
2635,269660,265295,1.1463917525773195,1.1278350515463917
2636,269660,265295,1.1463917525773195,1.1278350515463917
2637,269660,265295,1.1463917525773195,1.1278350515463917
2638,269660,265295,1.1463917525773195,1.1278350515463917
2639,269660,265295,1.1463917525773195,1.1278350515463917
2640,269660,265295,1.1463917525773195,1.1278350515463917
2641,269660,265295,1.1463917525773195,1.1278350515463917
2642,269660,265295,1.1463917525773195,1.1278350515463917
2643,269660,265295,1.1463917525773195,1.1278350515463917
2644,269660,265295,1.1463917525773195,1.1278350515463917
2645,269660,265295,1.1463917525773195,1.1278350515463917
2646,269660,265295,1.1463917525773195,1.1278350515463917
2647,269660,265295,1.1463917525773195,1.1278350515463917
2648,269660,265295,1.1463917525773195,1.1278350515463917
2649,269660,265295,1.1463917525773195,1.1278350515463917
2650,269660,265295,1.1463917525773195,1.1278350515463917
2651,269660,265295,1.1463917525773195,1.1278350515463917
2652,269660,265295,1.1463917525773195,1.1278350515463917
2653,269660,265295,1.1463917525773195,1.1278350515463917
2654,269660,265295,1.1463917525773195,1.1278350515463917
2655,267235,265295,1.136082474226804,1.1278350515463917
2656,267235,265295,1.136082474226804,1.1278350515463917
2657,267235,265295,1.136082474226804,1.1278350515463917
2658,267235,265295,1.136082474226804,1.1278350515463917
2659,267235,265295,1.136082474226804,1.1278350515463917
2660,267235,265295,1.136082474226804,1.1278350515463917
2661,267235,265295,1.136082474226804,1.1278350515463917
2662,267235,265295,1.136082474226804,1.1278350515463917
2663,272085,265295,1.1567010309278352,1.1278350515463917
2664,268205,265295,1.1402061855670103,1.1278350515463917
2665,268205,265295,1.1402061855670103,1.1278350515463917
2666,268205,265295,1.1402061855670103,1.1278350515463917
2667,268205,265295,1.1402061855670103,1.1278350515463917
2668,268205,265295,1.1402061855670103,1.1278350515463917
2669,268205,265295,1.1402061855670103,1.1278350515463917
2670,268205,265295,1.1402061855670103,1.1278350515463917
2671,268205,265295,1.1402061855670103,1.1278350515463917
2672,268205,265295,1.1402061855670103,1.1278350515463917
2673,268205,265295,1.1402061855670103,1.1278350515463917
2674,268205,265295,1.1402061855670103,1.1278350515463917
2675,268205,265295,1.1402061855670103,1.1278350515463917
2676,268205,265295,1.1402061855670103,1.1278350515463917
2677,268205,265295,1.1402061855670103,1.1278350515463917
2678,268205,265295,1.1402061855670103,1.1278350515463917
2679,268205,265295,1.1402061855670103,1.1278350515463917
2680,268205,265295,1.1402061855670103,1.1278350515463917
2681,268205,265295,1.1402061855670103,1.1278350515463917
2682,268205,265295,1.1402061855670103,1.1278350515463917
2683,268205,265295,1.1402061855670103,1.1278350515463917
2684,268205,265295,1.1402061855670103,1.1278350515463917
2685,268205,265295,1.1402061855670103,1.1278350515463917
2686,268205,265295,1.1402061855670103,1.1278350515463917
2687,271115,265295,1.1525773195876288,1.1278350515463917
2688,271115,265295,1.1525773195876288,1.1278350515463917
2689,271115,265295,1.1525773195876288,1.1278350515463917
2690,271115,265295,1.1525773195876288,1.1278350515463917
2691,271115,265295,1.1525773195876288,1.1278350515463917
2692,271115,265295,1.1525773195876288,1.1278350515463917
2693,275480,265295,1.1711340206185568,1.1278350515463917
2694,275480,265295,1.1711340206185568,1.1278350515463917
2695,281785,265295,1.1979381443298969,1.1278350515463917
2696,281785,265295,1.1979381443298969,1.1278350515463917
2697,281785,265295,1.1979381443298969,1.1278350515463917
2698,281785,265295,1.1979381443298969,1.1278350515463917
2699,281785,265295,1.1979381443298969,1.1278350515463917
2700,281785,265295,1.1979381443298969,1.1278350515463917
2701,281785,265295,1.1979381443298969,1.1278350515463917
2702,281785,265295,1.1979381443298969,1.1278350515463917
2703,281785,265295,1.1979381443298969,1.1278350515463917
2704,281785,265295,1.1979381443298969,1.1278350515463917
2705,281785,265295,1.1979381443298969,1.1278350515463917
2706,281785,265295,1.1979381443298969,1.1278350515463917
2707,281785,265295,1.1979381443298969,1.1278350515463917
2708,281785,265295,1.1979381443298969,1.1278350515463917
2709,281785,265295,1.1979381443298969,1.1278350515463917
2710,281785,265295,1.1979381443298969,1.1278350515463917
2711,281785,265295,1.1979381443298969,1.1278350515463917
2712,281785,265295,1.1979381443298969,1.1278350515463917
2713,281785,265295,1.1979381443298969,1.1278350515463917
2714,281785,265295,1.1979381443298969,1.1278350515463917
2715,281785,265295,1.1979381443298969,1.1278350515463917
2716,281785,265295,1.1979381443298969,1.1278350515463917
2717,281785,265295,1.1979381443298969,1.1278350515463917
2718,281785,265295,1.1979381443298969,1.1278350515463917
2719,281785,265295,1.1979381443298969,1.1278350515463917
2720,281785,265295,1.1979381443298969,1.1278350515463917
2721,281785,265295,1.1979381443298969,1.1278350515463917
2722,280330,265295,1.1917525773195876,1.1278350515463917
2723,280330,265295,1.1917525773195876,1.1278350515463917
2724,280330,265295,1.1917525773195876,1.1278350515463917
2725,280330,265295,1.1917525773195876,1.1278350515463917
2726,280330,265295,1.1917525773195876,1.1278350515463917
2727,277420,265295,1.179381443298969,1.1278350515463917
2728,277420,265295,1.179381443298969,1.1278350515463917
2729,277420,265295,1.179381443298969,1.1278350515463917
2730,277420,265295,1.179381443298969,1.1278350515463917
2731,277420,265295,1.179381443298969,1.1278350515463917
2732,277420,265295,1.179381443298969,1.1278350515463917
2733,277420,265295,1.179381443298969,1.1278350515463917
2734,277420,265295,1.179381443298969,1.1278350515463917
2735,277420,265295,1.179381443298969,1.1278350515463917
2736,277420,265295,1.179381443298969,1.1278350515463917
2737,277420,265295,1.179381443298969,1.1278350515463917
2738,277420,265295,1.179381443298969,1.1278350515463917
2739,277420,265295,1.179381443298969,1.1278350515463917
2740,277420,265295,1.179381443298969,1.1278350515463917
2741,277420,265295,1.179381443298969,1.1278350515463917
2742,277420,265295,1.179381443298969,1.1278350515463917
2743,277420,265295,1.179381443298969,1.1278350515463917
2744,277420,265295,1.179381443298969,1.1278350515463917
2745,277420,265295,1.179381443298969,1.1278350515463917
2746,277420,265295,1.179381443298969,1.1278350515463917
2747,277420,265295,1.179381443298969,1.1278350515463917
2748,277420,265295,1.179381443298969,1.1278350515463917
2749,277420,265295,1.179381443298969,1.1278350515463917
2750,277420,265295,1.179381443298969,1.1278350515463917
2751,277420,265295,1.179381443298969,1.1278350515463917
2752,280330,265295,1.1917525773195876,1.1278350515463917
2753,280330,265295,1.1917525773195876,1.1278350515463917
2754,280330,265295,1.1917525773195876,1.1278350515463917
2755,280330,265295,1.1917525773195876,1.1278350515463917
2756,280330,265295,1.1917525773195876,1.1278350515463917
2757,280330,265295,1.1917525773195876,1.1278350515463917
2758,280330,265295,1.1917525773195876,1.1278350515463917
2759,280330,265295,1.1917525773195876,1.1278350515463917
2760,280330,265295,1.1917525773195876,1.1278350515463917
2761,280330,265295,1.1917525773195876,1.1278350515463917
2762,280330,265295,1.1917525773195876,1.1278350515463917
2763,280330,265295,1.1917525773195876,1.1278350515463917
2764,280330,265295,1.1917525773195876,1.1278350515463917
2765,280330,265295,1.1917525773195876,1.1278350515463917
2766,280330,265295,1.1917525773195876,1.1278350515463917
2767,280330,265295,1.1917525773195876,1.1278350515463917
2768,280330,265295,1.1917525773195876,1.1278350515463917
2769,287844,265295,1.1606425702811245,1.1278350515463917
2770,287844,265295,1.1606425702811245,1.1278350515463917
2771,287844,265295,1.1606425702811245,1.1278350515463917
2772,287844,265295,1.1606425702811245,1.1278350515463917
2773,287844,265295,1.1606425702811245,1.1278350515463917
2774,281868,265295,1.1365461847389557,1.1278350515463917
2775,281868,265295,1.1365461847389557,1.1278350515463917
2776,281868,265295,1.1365461847389557,1.1278350515463917
2777,281868,265295,1.1365461847389557,1.1278350515463917
2778,281868,265295,1.1365461847389557,1.1278350515463917
2779,281868,265295,1.1365461847389557,1.1278350515463917
2780,281868,265295,1.1365461847389557,1.1278350515463917
2781,281868,265295,1.1365461847389557,1.1278350515463917
2782,281868,265295,1.1365461847389557,1.1278350515463917
2783,281868,265295,1.1365461847389557,1.1278350515463917
2784,281868,265295,1.1365461847389557,1.1278350515463917
2785,281868,265295,1.1365461847389557,1.1278350515463917
2786,281868,265295,1.1365461847389557,1.1278350515463917
2787,281868,265295,1.1365461847389557,1.1278350515463917
2788,281868,265295,1.1365461847389557,1.1278350515463917
2789,281868,265295,1.1365461847389557,1.1278350515463917
2790,281868,265295,1.1365461847389557,1.1278350515463917
2791,281868,265295,1.1365461847389557,1.1278350515463917
2792,276208,265295,1.1598360655737705,1.1278350515463917
2793,276208,265295,1.1598360655737705,1.1278350515463917
2794,276208,265295,1.1598360655737705,1.1278350515463917
2795,276208,265295,1.1598360655737705,1.1278350515463917
2796,276208,265295,1.1598360655737705,1.1278350515463917
2797,276208,265295,1.1598360655737705,1.1278350515463917
2798,276208,265295,1.1598360655737705,1.1278350515463917
2799,276208,265295,1.1598360655737705,1.1278350515463917
2800,283528,265295,1.1905737704918034,1.1278350515463917
2801,283528,265295,1.1905737704918034,1.1278350515463917
2802,283528,265295,1.1905737704918034,1.1278350515463917
2803,283528,265295,1.1905737704918034,1.1278350515463917
2804,283528,265295,1.1905737704918034,1.1278350515463917
2805,283528,265295,1.1905737704918034,1.1278350515463917
2806,283528,265295,1.1905737704918034,1.1278350515463917
2807,283528,265295,1.1905737704918034,1.1278350515463917
2808,283528,265295,1.1905737704918034,1.1278350515463917
2809,283528,265295,1.1905737704918034,1.1278350515463917
2810,283528,265295,1.1905737704918034,1.1278350515463917
2811,283528,265295,1.1905737704918034,1.1278350515463917
2812,283528,265295,1.1905737704918034,1.1278350515463917
2813,283528,265295,1.1905737704918034,1.1278350515463917
2814,280042,265295,1.2053941908713692,1.1278350515463917
2815,280042,265295,1.2053941908713692,1.1278350515463917
2816,280042,265295,1.2053941908713692,1.1278350515463917
2817,280042,265295,1.2053941908713692,1.1278350515463917
2818,280042,265295,1.2053941908713692,1.1278350515463917
2819,280042,265295,1.2053941908713692,1.1278350515463917
2820,280042,265295,1.2053941908713692,1.1278350515463917
2821,280042,265295,1.2053941908713692,1.1278350515463917
2822,279078,265295,1.2012448132780082,1.1278350515463917
2823,279078,265295,1.2012448132780082,1.1278350515463917
2824,279078,265295,1.2012448132780082,1.1278350515463917
2825,279078,265295,1.2012448132780082,1.1278350515463917
2826,279078,265295,1.2012448132780082,1.1278350515463917
2827,279078,265295,1.2012448132780082,1.1278350515463917
2828,279078,265295,1.2012448132780082,1.1278350515463917
2829,279078,265295,1.2012448132780082,1.1278350515463917
2830,279078,265295,1.2012448132780082,1.1278350515463917
2831,279078,265295,1.2012448132780082,1.1278350515463917
2832,279078,265295,1.2012448132780082,1.1278350515463917
2833,279078,265295,1.2012448132780082,1.1278350515463917
2834,279078,265295,1.2012448132780082,1.1278350515463917
2835,279078,265295,1.2012448132780082,1.1278350515463917
2836,279078,265295,1.2012448132780082,1.1278350515463917
2837,279078,265295,1.2012448132780082,1.1278350515463917
2838,279078,265295,1.2012448132780082,1.1278350515463917
2839,279078,265295,1.2012448132780082,1.1278350515463917
2840,279078,265295,1.2012448132780082,1.1278350515463917
2841,279078,265295,1.2012448132780082,1.1278350515463917
2842,279078,265295,1.2012448132780082,1.1278350515463917
2843,279078,265295,1.2012448132780082,1.1278350515463917
2844,279078,265295,1.2012448132780082,1.1278350515463917
2845,279078,265295,1.2012448132780082,1.1278350515463917
2846,279078,265295,1.2012448132780082,1.1278350515463917
2847,274740,265295,1.1825726141078838,1.1278350515463917
2848,274740,265295,1.1825726141078838,1.1278350515463917
2849,274740,265295,1.1825726141078838,1.1278350515463917
2850,274740,265295,1.1825726141078838,1.1278350515463917
2851,274740,265295,1.1825726141078838,1.1278350515463917
2852,274740,265295,1.1825726141078838,1.1278350515463917
2853,274740,265295,1.1825726141078838,1.1278350515463917
2854,274740,265295,1.1825726141078838,1.1278350515463917
2855,274740,265295,1.1825726141078838,1.1278350515463917
2856,274740,265295,1.1825726141078838,1.1278350515463917
2857,274740,265295,1.1825726141078838,1.1278350515463917
2858,277632,265295,1.1950207468879668,1.1278350515463917
2859,277632,265295,1.1950207468879668,1.1278350515463917
2860,278208,265295,1.1925465838509317,1.1278350515463917
2861,278208,265295,1.1925465838509317,1.1278350515463917
2862,278208,265295,1.1925465838509317,1.1278350515463917
2863,278208,265295,1.1925465838509317,1.1278350515463917
2864,278208,265295,1.1925465838509317,1.1278350515463917
2865,278208,265295,1.1925465838509317,1.1278350515463917
2866,278208,265295,1.1925465838509317,1.1278350515463917
2867,278208,265295,1.1925465838509317,1.1278350515463917
2868,278208,265295,1.1925465838509317,1.1278350515463917
2869,278208,265295,1.1925465838509317,1.1278350515463917
2870,278208,265295,1.1925465838509317,1.1278350515463917
2871,278208,265295,1.1925465838509317,1.1278350515463917
2872,278208,265295,1.1925465838509317,1.1278350515463917
2873,278208,265295,1.1925465838509317,1.1278350515463917
2874,278208,265295,1.1925465838509317,1.1278350515463917
2875,273861,265295,1.173913043478261,1.1278350515463917
2876,273861,265295,1.173913043478261,1.1278350515463917
2877,273861,265295,1.173913043478261,1.1278350515463917
2878,273861,265295,1.173913043478261,1.1278350515463917
2879,273861,265295,1.173913043478261,1.1278350515463917
2880,273861,265295,1.173913043478261,1.1278350515463917
2881,273861,265295,1.173913043478261,1.1278350515463917
2882,273861,265295,1.173913043478261,1.1278350515463917
2883,273861,265295,1.173913043478261,1.1278350515463917
2884,273861,265295,1.173913043478261,1.1278350515463917
2885,273861,265295,1.173913043478261,1.1278350515463917
2886,273861,265295,1.173913043478261,1.1278350515463917
2887,273861,265295,1.173913043478261,1.1278350515463917
2888,273861,265295,1.173913043478261,1.1278350515463917
2889,273861,265295,1.173913043478261,1.1278350515463917
2890,273861,265295,1.173913043478261,1.1278350515463917
2891,273861,265295,1.173913043478261,1.1278350515463917
2892,273861,265295,1.173913043478261,1.1278350515463917
2893,273861,265295,1.173913043478261,1.1278350515463917
2894,273861,265295,1.173913043478261,1.1278350515463917
2895,273861,265295,1.173913043478261,1.1278350515463917
2896,273861,265295,1.173913043478261,1.1278350515463917
2897,273861,265295,1.173913043478261,1.1278350515463917
2898,273861,265295,1.173913043478261,1.1278350515463917
2899,273861,265295,1.173913043478261,1.1278350515463917
2900,273861,265295,1.173913043478261,1.1278350515463917
2901,273861,265295,1.173913043478261,1.1278350515463917
2902,273861,265295,1.173913043478261,1.1278350515463917
2903,273861,265295,1.173913043478261,1.1278350515463917
2904,273861,265295,1.173913043478261,1.1278350515463917
2905,273861,265295,1.173913043478261,1.1278350515463917
2906,273861,265295,1.173913043478261,1.1278350515463917
2907,273861,265295,1.173913043478261,1.1278350515463917
2908,273861,265295,1.173913043478261,1.1278350515463917
2909,273861,265295,1.173913043478261,1.1278350515463917
2910,273861,265295,1.173913043478261,1.1278350515463917
2911,273861,265295,1.173913043478261,1.1278350515463917
2912,270600,265295,1.1178861788617886,1.1278350515463917
2913,269841,265295,1.1663201663201663,1.1278350515463917
2914,269841,265295,1.1663201663201663,1.1278350515463917
2915,269841,265295,1.1663201663201663,1.1278350515463917
2916,269841,265295,1.1663201663201663,1.1278350515463917
2917,269841,265295,1.1663201663201663,1.1278350515463917
2918,269841,265295,1.1663201663201663,1.1278350515463917
2919,269841,265295,1.1663201663201663,1.1278350515463917
2920,269841,265295,1.1663201663201663,1.1278350515463917
2921,269841,265295,1.1663201663201663,1.1278350515463917
2922,269841,265295,1.1663201663201663,1.1278350515463917
2923,269841,265295,1.1663201663201663,1.1278350515463917
2924,269841,265295,1.1663201663201663,1.1278350515463917
2925,269841,265295,1.1663201663201663,1.1278350515463917
2926,269841,265295,1.1663201663201663,1.1278350515463917
2927,269841,265295,1.1663201663201663,1.1278350515463917
2928,269841,265295,1.1663201663201663,1.1278350515463917
2929,269841,265295,1.1663201663201663,1.1278350515463917
2930,269841,265295,1.1663201663201663,1.1278350515463917
2931,269841,265295,1.1663201663201663,1.1278350515463917
2932,269841,265295,1.1663201663201663,1.1278350515463917
2933,269841,265295,1.1663201663201663,1.1278350515463917
2934,269841,265295,1.1663201663201663,1.1278350515463917
2935,274256,265295,1.151639344262295,1.1278350515463917
2936,274256,265295,1.151639344262295,1.1278350515463917
2937,274256,265295,1.151639344262295,1.1278350515463917
2938,274256,265295,1.151639344262295,1.1278350515463917
2939,274256,265295,1.151639344262295,1.1278350515463917
2940,274256,265295,1.151639344262295,1.1278350515463917
2941,274256,265295,1.151639344262295,1.1278350515463917
2942,274256,265295,1.151639344262295,1.1278350515463917
2943,274256,265295,1.151639344262295,1.1278350515463917
2944,273768,265295,1.1495901639344261,1.1278350515463917
2945,273768,265295,1.1495901639344261,1.1278350515463917
2946,273768,265295,1.1495901639344261,1.1278350515463917
2947,273768,265295,1.1495901639344261,1.1278350515463917
2948,273768,265295,1.1495901639344261,1.1278350515463917
2949,273768,265295,1.1495901639344261,1.1278350515463917
2950,273768,265295,1.1495901639344261,1.1278350515463917
2951,273768,265295,1.1495901639344261,1.1278350515463917
2952,273768,265295,1.1495901639344261,1.1278350515463917
2953,270352,265295,1.1352459016393444,1.1278350515463917
2954,270352,265295,1.1352459016393444,1.1278350515463917
2955,270352,265295,1.1352459016393444,1.1278350515463917
2956,270352,265295,1.1352459016393444,1.1278350515463917
2957,270352,265295,1.1352459016393444,1.1278350515463917
2958,270352,265295,1.1352459016393444,1.1278350515463917
2959,270352,265295,1.1352459016393444,1.1278350515463917
2960,270352,265295,1.1352459016393444,1.1278350515463917
2961,270352,265295,1.1352459016393444,1.1278350515463917
2962,270352,265295,1.1352459016393444,1.1278350515463917
2963,270352,265295,1.1352459016393444,1.1278350515463917
2964,270352,265295,1.1352459016393444,1.1278350515463917
2965,270352,265295,1.1352459016393444,1.1278350515463917
2966,270352,265295,1.1352459016393444,1.1278350515463917
2967,270352,265295,1.1352459016393444,1.1278350515463917
2968,270352,265295,1.1352459016393444,1.1278350515463917
2969,270352,265295,1.1352459016393444,1.1278350515463917
2970,271816,265295,1.1413934426229508,1.1278350515463917
2971,271816,265295,1.1413934426229508,1.1278350515463917
2972,265689,265295,1.1677148846960168,1.1278350515463917
2973,265689,265295,1.1677148846960168,1.1278350515463917
2974,265689,265295,1.1677148846960168,1.1278350515463917
2975,262350,262350,1.1530398322851152,1.1530398322851152
2976,262350,262350,1.1530398322851152,1.1530398322851152
2977,262350,262350,1.1530398322851152,1.1530398322851152
2978,262350,262350,1.1530398322851152,1.1530398322851152
2979,262350,262350,1.1530398322851152,1.1530398322851152
2980,261396,261396,1.148846960167715,1.148846960167715
2981,261396,261396,1.148846960167715,1.148846960167715
2982,261396,261396,1.148846960167715,1.148846960167715
2983,261396,261396,1.148846960167715,1.148846960167715
2984,261396,261396,1.148846960167715,1.148846960167715
2985,261396,261396,1.148846960167715,1.148846960167715
2986,261396,261396,1.148846960167715,1.148846960167715
2987,259488,259488,1.140461215932914,1.140461215932914
2988,259488,259488,1.140461215932914,1.140461215932914
2989,259488,259488,1.140461215932914,1.140461215932914
2990,259488,259488,1.140461215932914,1.140461215932914
2991,259488,259488,1.140461215932914,1.140461215932914
2992,259488,259488,1.140461215932914,1.140461215932914
2993,259488,259488,1.140461215932914,1.140461215932914
2994,259488,259488,1.140461215932914,1.140461215932914
2995,259488,259488,1.140461215932914,1.140461215932914
2996,259488,259488,1.140461215932914,1.140461215932914
2997,259488,259488,1.140461215932914,1.140461215932914
2998,259488,259488,1.140461215932914,1.140461215932914
2999,259488,259488,1.140461215932914,1.140461215932914
3000,259488,259488,1.140461215932914,1.140461215932914
3001,259488,259488,1.140461215932914,1.140461215932914
3002,259488,259488,1.140461215932914,1.140461215932914
3003,259488,259488,1.140461215932914,1.140461215932914
3004,257580,257580,1.1320754716981132,1.1320754716981132
3005,257580,257580,1.1320754716981132,1.1320754716981132
3006,256626,256626,1.1278825995807127,1.1278825995807127
3007,256626,256626,1.1278825995807127,1.1278825995807127
3008,256626,256626,1.1278825995807127,1.1278825995807127
3009,256626,256626,1.1278825995807127,1.1278825995807127
3010,256626,256626,1.1278825995807127,1.1278825995807127
3011,256626,256626,1.1278825995807127,1.1278825995807127
3012,256626,256626,1.1278825995807127,1.1278825995807127
3013,256626,256626,1.1278825995807127,1.1278825995807127
3014,256626,256626,1.1278825995807127,1.1278825995807127
3015,256626,256626,1.1278825995807127,1.1278825995807127
3016,256626,256626,1.1278825995807127,1.1278825995807127
3017,256626,256626,1.1278825995807127,1.1278825995807127
3018,256626,256626,1.1278825995807127,1.1278825995807127
3019,256626,256626,1.1278825995807127,1.1278825995807127
3020,256626,256626,1.1278825995807127,1.1278825995807127
3021,256626,256626,1.1278825995807127,1.1278825995807127
3022,256626,256626,1.1278825995807127,1.1278825995807127
3023,256626,256626,1.1278825995807127,1.1278825995807127
3024,256626,256626,1.1278825995807127,1.1278825995807127
3025,256626,256626,1.1278825995807127,1.1278825995807127
3026,256626,256626,1.1278825995807127,1.1278825995807127
3027,256626,256626,1.1278825995807127,1.1278825995807127
3028,256626,256626,1.1278825995807127,1.1278825995807127
3029,255550,255550,1.1326315789473684,1.1326315789473684
3030,255550,255550,1.1326315789473684,1.1326315789473684
3031,255550,255550,1.1326315789473684,1.1326315789473684
3032,255550,255550,1.1326315789473684,1.1326315789473684
3033,255550,255550,1.1326315789473684,1.1326315789473684
3034,255550,255550,1.1326315789473684,1.1326315789473684
3035,255075,255075,1.1305263157894736,1.1305263157894736
3036,255075,255075,1.1305263157894736,1.1305263157894736
3037,255075,255075,1.1305263157894736,1.1305263157894736
3038,255075,255075,1.1305263157894736,1.1305263157894736
3039,255075,255075,1.1305263157894736,1.1305263157894736
3040,255075,255075,1.1305263157894736,1.1305263157894736
3041,255075,255075,1.1305263157894736,1.1305263157894736
3042,255075,255075,1.1305263157894736,1.1305263157894736
3043,255075,255075,1.1305263157894736,1.1305263157894736
3044,255075,255075,1.1305263157894736,1.1305263157894736
3045,255075,255075,1.1305263157894736,1.1305263157894736
3046,255075,255075,1.1305263157894736,1.1305263157894736
3047,255075,255075,1.1305263157894736,1.1305263157894736
3048,255075,255075,1.1305263157894736,1.1305263157894736
3049,255075,255075,1.1305263157894736,1.1305263157894736
3050,255075,255075,1.1305263157894736,1.1305263157894736
3051,254600,254600,1.128421052631579,1.128421052631579
3052,254600,254600,1.128421052631579,1.128421052631579
3053,254600,254600,1.128421052631579,1.128421052631579
3054,254600,254600,1.128421052631579,1.128421052631579
3055,254600,254600,1.128421052631579,1.128421052631579
3056,254600,254600,1.128421052631579,1.128421052631579
3057,254600,254600,1.128421052631579,1.128421052631579
3058,254600,254600,1.128421052631579,1.128421052631579
3059,254600,254600,1.128421052631579,1.128421052631579
3060,254600,254600,1.128421052631579,1.128421052631579
3061,254600,254600,1.128421052631579,1.128421052631579
3062,254600,254600,1.128421052631579,1.128421052631579
3063,254600,254600,1.128421052631579,1.128421052631579
3064,254600,254600,1.128421052631579,1.128421052631579
3065,254600,254600,1.128421052631579,1.128421052631579
3066,254600,254600,1.128421052631579,1.128421052631579
3067,254600,254600,1.128421052631579,1.128421052631579
3068,254600,254600,1.128421052631579,1.128421052631579
3069,254600,254600,1.128421052631579,1.128421052631579
3070,254600,254600,1.128421052631579,1.128421052631579
3071,254600,254600,1.128421052631579,1.128421052631579
3072,254600,254600,1.128421052631579,1.128421052631579
3073,254600,254600,1.128421052631579,1.128421052631579
3074,254600,254600,1.128421052631579,1.128421052631579
3075,254600,254600,1.128421052631579,1.128421052631579
3076,254600,254600,1.128421052631579,1.128421052631579
3077,254600,254600,1.128421052631579,1.128421052631579
3078,254600,254600,1.128421052631579,1.128421052631579
3079,254600,254600,1.128421052631579,1.128421052631579
3080,254600,254600,1.128421052631579,1.128421052631579
3081,254600,254600,1.128421052631579,1.128421052631579
3082,254600,254600,1.128421052631579,1.128421052631579
3083,254600,254600,1.128421052631579,1.128421052631579
3084,254600,254600,1.128421052631579,1.128421052631579
3085,254600,254600,1.128421052631579,1.128421052631579
3086,254600,254600,1.128421052631579,1.128421052631579
3087,254600,254600,1.128421052631579,1.128421052631579
3088,254600,254600,1.128421052631579,1.128421052631579
3089,254600,254600,1.128421052631579,1.128421052631579
3090,254600,254600,1.128421052631579,1.128421052631579
3091,254600,254600,1.128421052631579,1.128421052631579
3092,254600,254600,1.128421052631579,1.128421052631579
3093,255075,254600,1.1305263157894736,1.128421052631579
3094,255075,254600,1.1305263157894736,1.128421052631579
3095,255075,254600,1.1305263157894736,1.128421052631579
3096,255075,254600,1.1305263157894736,1.128421052631579
3097,255075,254600,1.1305263157894736,1.128421052631579
3098,255075,254600,1.1305263157894736,1.128421052631579
3099,255075,254600,1.1305263157894736,1.128421052631579
3100,255075,254600,1.1305263157894736,1.128421052631579
3101,255075,254600,1.1305263157894736,1.128421052631579
3102,255075,254600,1.1305263157894736,1.128421052631579
3103,255075,254600,1.1305263157894736,1.128421052631579
3104,255075,254600,1.1305263157894736,1.128421052631579
3105,255075,254600,1.1305263157894736,1.128421052631579
3106,255075,254600,1.1305263157894736,1.128421052631579
3107,255075,254600,1.1305263157894736,1.128421052631579
3108,255075,254600,1.1305263157894736,1.128421052631579
3109,255075,254600,1.1305263157894736,1.128421052631579
3110,255075,254600,1.1305263157894736,1.128421052631579
3111,255075,254600,1.1305263157894736,1.128421052631579
3112,255075,254600,1.1305263157894736,1.128421052631579
3113,255075,254600,1.1305263157894736,1.128421052631579
3114,255075,254600,1.1305263157894736,1.128421052631579
3115,255075,254600,1.1305263157894736,1.128421052631579
3116,255075,254600,1.1305263157894736,1.128421052631579
3117,255075,254600,1.1305263157894736,1.128421052631579
3118,255075,254600,1.1305263157894736,1.128421052631579
3119,255075,254600,1.1305263157894736,1.128421052631579
3120,255075,254600,1.1305263157894736,1.128421052631579
3121,255075,254600,1.1305263157894736,1.128421052631579
3122,255075,254600,1.1305263157894736,1.128421052631579
3123,255075,254600,1.1305263157894736,1.128421052631579
3124,255075,254600,1.1305263157894736,1.128421052631579
3125,255075,254600,1.1305263157894736,1.128421052631579
3126,255075,254600,1.1305263157894736,1.128421052631579
3127,255075,254600,1.1305263157894736,1.128421052631579
3128,255075,254600,1.1305263157894736,1.128421052631579
3129,255075,254600,1.1305263157894736,1.128421052631579
3130,255075,254600,1.1305263157894736,1.128421052631579
3131,255075,254600,1.1305263157894736,1.128421052631579
3132,255075,254600,1.1305263157894736,1.128421052631579
3133,255075,254600,1.1305263157894736,1.128421052631579
3134,255075,254600,1.1305263157894736,1.128421052631579
3135,255075,254600,1.1305263157894736,1.128421052631579
3136,255075,254600,1.1305263157894736,1.128421052631579
3137,255075,254600,1.1305263157894736,1.128421052631579
3138,255075,254600,1.1305263157894736,1.128421052631579
3139,255075,254600,1.1305263157894736,1.128421052631579
3140,255075,254600,1.1305263157894736,1.128421052631579
3141,255075,254600,1.1305263157894736,1.128421052631579
3142,255075,254600,1.1305263157894736,1.128421052631579
3143,255075,254600,1.1305263157894736,1.128421052631579
3144,255075,254600,1.1305263157894736,1.128421052631579
3145,263667,254600,1.0936863543788187,1.128421052631579
3146,264649,254600,1.0977596741344195,1.128421052631579
3147,264649,254600,1.0977596741344195,1.128421052631579
3148,264649,254600,1.0977596741344195,1.128421052631579
3149,264649,254600,1.0977596741344195,1.128421052631579
3150,264649,254600,1.0977596741344195,1.128421052631579
3151,264649,254600,1.0977596741344195,1.128421052631579
3152,264649,254600,1.0977596741344195,1.128421052631579
3153,266122,254600,1.1038696537678208,1.128421052631579
3154,266122,254600,1.1038696537678208,1.128421052631579
3155,266122,254600,1.1038696537678208,1.128421052631579
3156,258534,254600,1.1362683438155137,1.128421052631579
3157,258534,254600,1.1362683438155137,1.128421052631579
3158,258534,254600,1.1362683438155137,1.128421052631579
3159,258534,254600,1.1362683438155137,1.128421052631579
3160,258534,254600,1.1362683438155137,1.128421052631579
3161,258534,254600,1.1362683438155137,1.128421052631579
3162,258534,254600,1.1362683438155137,1.128421052631579
3163,258534,254600,1.1362683438155137,1.128421052631579
3164,258534,254600,1.1362683438155137,1.128421052631579
3165,258534,254600,1.1362683438155137,1.128421052631579
3166,258534,254600,1.1362683438155137,1.128421052631579
3167,258534,254600,1.1362683438155137,1.128421052631579
3168,258534,254600,1.1362683438155137,1.128421052631579
3169,258534,254600,1.1362683438155137,1.128421052631579
3170,258534,254600,1.1362683438155137,1.128421052631579
3171,258534,254600,1.1362683438155137,1.128421052631579
3172,258534,254600,1.1362683438155137,1.128421052631579
3173,258534,254600,1.1362683438155137,1.128421052631579
3174,258534,254600,1.1362683438155137,1.128421052631579
3175,258534,254600,1.1362683438155137,1.128421052631579
3176,257103,254600,1.129979035639413,1.128421052631579
3177,256025,254600,1.1347368421052633,1.128421052631579
3178,256025,254600,1.1347368421052633,1.128421052631579
3179,254125,254125,1.1263157894736842,1.1263157894736842
3180,254125,254125,1.1263157894736842,1.1263157894736842
3181,254125,254125,1.1263157894736842,1.1263157894736842
3182,254125,254125,1.1263157894736842,1.1263157894736842
3183,254125,254125,1.1263157894736842,1.1263157894736842
3184,254125,254125,1.1263157894736842,1.1263157894736842
3185,254125,254125,1.1263157894736842,1.1263157894736842
3186,254125,254125,1.1263157894736842,1.1263157894736842
3187,254125,254125,1.1263157894736842,1.1263157894736842
3188,254125,254125,1.1263157894736842,1.1263157894736842
3189,254125,254125,1.1263157894736842,1.1263157894736842
3190,254125,254125,1.1263157894736842,1.1263157894736842
3191,254125,254125,1.1263157894736842,1.1263157894736842
3192,254125,254125,1.1263157894736842,1.1263157894736842
3193,254125,254125,1.1263157894736842,1.1263157894736842
3194,254125,254125,1.1263157894736842,1.1263157894736842
3195,254125,254125,1.1263157894736842,1.1263157894736842
3196,254125,254125,1.1263157894736842,1.1263157894736842
3197,254125,254125,1.1263157894736842,1.1263157894736842
3198,254125,254125,1.1263157894736842,1.1263157894736842
3199,254125,254125,1.1263157894736842,1.1263157894736842
3200,254125,254125,1.1263157894736842,1.1263157894736842
3201,254125,254125,1.1263157894736842,1.1263157894736842
3202,254125,254125,1.1263157894736842,1.1263157894736842
3203,254125,254125,1.1263157894736842,1.1263157894736842
3204,254125,254125,1.1263157894736842,1.1263157894736842
3205,254125,254125,1.1263157894736842,1.1263157894736842
3206,254125,254125,1.1263157894736842,1.1263157894736842
3207,254125,254125,1.1263157894736842,1.1263157894736842
3208,254125,254125,1.1263157894736842,1.1263157894736842
3209,254125,254125,1.1263157894736842,1.1263157894736842
3210,254125,254125,1.1263157894736842,1.1263157894736842
3211,254125,254125,1.1263157894736842,1.1263157894736842
3212,254125,254125,1.1263157894736842,1.1263157894736842
3213,254125,254125,1.1263157894736842,1.1263157894736842
3214,254125,254125,1.1263157894736842,1.1263157894736842
3215,254125,254125,1.1263157894736842,1.1263157894736842
3216,254125,254125,1.1263157894736842,1.1263157894736842
3217,254125,254125,1.1263157894736842,1.1263157894736842
3218,254125,254125,1.1263157894736842,1.1263157894736842
3219,254125,254125,1.1263157894736842,1.1263157894736842
3220,254125,254125,1.1263157894736842,1.1263157894736842
3221,254125,254125,1.1263157894736842,1.1263157894736842
3222,253650,253650,1.1242105263157895,1.1242105263157895
3223,253650,253650,1.1242105263157895,1.1242105263157895
3224,253650,253650,1.1242105263157895,1.1242105263157895
3225,253650,253650,1.1242105263157895,1.1242105263157895
3226,253650,253650,1.1242105263157895,1.1242105263157895
3227,253650,253650,1.1242105263157895,1.1242105263157895
3228,253650,253650,1.1242105263157895,1.1242105263157895
3229,253650,253650,1.1242105263157895,1.1242105263157895
3230,253650,253650,1.1242105263157895,1.1242105263157895
3231,253650,253650,1.1242105263157895,1.1242105263157895
3232,253650,253650,1.1242105263157895,1.1242105263157895
3233,253650,253650,1.1242105263157895,1.1242105263157895
3234,253650,253650,1.1242105263157895,1.1242105263157895
3235,253650,253650,1.1242105263157895,1.1242105263157895
3236,253650,253650,1.1242105263157895,1.1242105263157895
3237,253650,253650,1.1242105263157895,1.1242105263157895
3238,253650,253650,1.1242105263157895,1.1242105263157895
3239,253650,253650,1.1242105263157895,1.1242105263157895
3240,253650,253650,1.1242105263157895,1.1242105263157895
3241,253650,253650,1.1242105263157895,1.1242105263157895
3242,252225,252225,1.1178947368421053,1.1178947368421053
3243,252225,252225,1.1178947368421053,1.1178947368421053
3244,252225,252225,1.1178947368421053,1.1178947368421053
3245,252225,252225,1.1178947368421053,1.1178947368421053
3246,252225,252225,1.1178947368421053,1.1178947368421053
3247,252225,252225,1.1178947368421053,1.1178947368421053
3248,252225,252225,1.1178947368421053,1.1178947368421053
3249,252225,252225,1.1178947368421053,1.1178947368421053
3250,252225,252225,1.1178947368421053,1.1178947368421053
3251,252225,252225,1.1178947368421053,1.1178947368421053
3252,252225,252225,1.1178947368421053,1.1178947368421053
3253,252225,252225,1.1178947368421053,1.1178947368421053
3254,252225,252225,1.1178947368421053,1.1178947368421053
3255,252225,252225,1.1178947368421053,1.1178947368421053
3256,252225,252225,1.1178947368421053,1.1178947368421053
3257,252225,252225,1.1178947368421053,1.1178947368421053
3258,252225,252225,1.1178947368421053,1.1178947368421053
3259,252225,252225,1.1178947368421053,1.1178947368421053
3260,252225,252225,1.1178947368421053,1.1178947368421053
3261,252225,252225,1.1178947368421053,1.1178947368421053
3262,252225,252225,1.1178947368421053,1.1178947368421053
3263,252225,252225,1.1178947368421053,1.1178947368421053
3264,252225,252225,1.1178947368421053,1.1178947368421053
3265,252225,252225,1.1178947368421053,1.1178947368421053
3266,252225,252225,1.1178947368421053,1.1178947368421053
3267,252225,252225,1.1178947368421053,1.1178947368421053
3268,252225,252225,1.1178947368421053,1.1178947368421053
3269,252225,252225,1.1178947368421053,1.1178947368421053
3270,252225,252225,1.1178947368421053,1.1178947368421053
3271,252225,252225,1.1178947368421053,1.1178947368421053
3272,252225,252225,1.1178947368421053,1.1178947368421053
3273,252225,252225,1.1178947368421053,1.1178947368421053
3274,252225,252225,1.1178947368421053,1.1178947368421053
3275,252225,252225,1.1178947368421053,1.1178947368421053
3276,252225,252225,1.1178947368421053,1.1178947368421053
3277,252225,252225,1.1178947368421053,1.1178947368421053
3278,252225,252225,1.1178947368421053,1.1178947368421053
3279,252225,252225,1.1178947368421053,1.1178947368421053
3280,252225,252225,1.1178947368421053,1.1178947368421053
3281,252225,252225,1.1178947368421053,1.1178947368421053
3282,252225,252225,1.1178947368421053,1.1178947368421053
3283,252225,252225,1.1178947368421053,1.1178947368421053
3284,252225,252225,1.1178947368421053,1.1178947368421053
3285,252225,252225,1.1178947368421053,1.1178947368421053
3286,252225,252225,1.1178947368421053,1.1178947368421053
3287,252225,252225,1.1178947368421053,1.1178947368421053
3288,252225,252225,1.1178947368421053,1.1178947368421053
3289,252225,252225,1.1178947368421053,1.1178947368421053
3290,252225,252225,1.1178947368421053,1.1178947368421053
3291,252225,252225,1.1178947368421053,1.1178947368421053
3292,252225,252225,1.1178947368421053,1.1178947368421053
3293,252225,252225,1.1178947368421053,1.1178947368421053
3294,252225,252225,1.1178947368421053,1.1178947368421053
3295,252225,252225,1.1178947368421053,1.1178947368421053
3296,252225,252225,1.1178947368421053,1.1178947368421053
3297,252225,252225,1.1178947368421053,1.1178947368421053
3298,252225,252225,1.1178947368421053,1.1178947368421053
3299,252225,252225,1.1178947368421053,1.1178947368421053
3300,252225,252225,1.1178947368421053,1.1178947368421053
3301,252225,252225,1.1178947368421053,1.1178947368421053
3302,252225,252225,1.1178947368421053,1.1178947368421053
3303,252225,252225,1.1178947368421053,1.1178947368421053
3304,252225,252225,1.1178947368421053,1.1178947368421053
3305,252225,252225,1.1178947368421053,1.1178947368421053
3306,252225,252225,1.1178947368421053,1.1178947368421053
3307,252225,252225,1.1178947368421053,1.1178947368421053
3308,252225,252225,1.1178947368421053,1.1178947368421053
3309,252225,252225,1.1178947368421053,1.1178947368421053
3310,252225,252225,1.1178947368421053,1.1178947368421053
3311,252225,252225,1.1178947368421053,1.1178947368421053
3312,252225,252225,1.1178947368421053,1.1178947368421053
3313,252225,252225,1.1178947368421053,1.1178947368421053
3314,252225,252225,1.1178947368421053,1.1178947368421053
3315,252225,252225,1.1178947368421053,1.1178947368421053
3316,252225,252225,1.1178947368421053,1.1178947368421053
3317,252225,252225,1.1178947368421053,1.1178947368421053
3318,252225,252225,1.1178947368421053,1.1178947368421053
3319,252225,252225,1.1178947368421053,1.1178947368421053
3320,252225,252225,1.1178947368421053,1.1178947368421053
3321,252225,252225,1.1178947368421053,1.1178947368421053
3322,252225,252225,1.1178947368421053,1.1178947368421053
3323,252225,252225,1.1178947368421053,1.1178947368421053
3324,252225,252225,1.1178947368421053,1.1178947368421053
3325,252225,252225,1.1178947368421053,1.1178947368421053
3326,252225,252225,1.1178947368421053,1.1178947368421053
3327,252225,252225,1.1178947368421053,1.1178947368421053
3328,252225,252225,1.1178947368421053,1.1178947368421053
3329,252225,252225,1.1178947368421053,1.1178947368421053
3330,252225,252225,1.1178947368421053,1.1178947368421053
3331,252225,252225,1.1178947368421053,1.1178947368421053
3332,252225,252225,1.1178947368421053,1.1178947368421053
3333,252225,252225,1.1178947368421053,1.1178947368421053
3334,252225,252225,1.1178947368421053,1.1178947368421053
3335,252225,252225,1.1178947368421053,1.1178947368421053
3336,252225,252225,1.1178947368421053,1.1178947368421053
3337,252225,252225,1.1178947368421053,1.1178947368421053
3338,252225,252225,1.1178947368421053,1.1178947368421053
3339,252225,252225,1.1178947368421053,1.1178947368421053
3340,252225,252225,1.1178947368421053,1.1178947368421053
3341,252225,252225,1.1178947368421053,1.1178947368421053
3342,252225,252225,1.1178947368421053,1.1178947368421053
3343,252225,252225,1.1178947368421053,1.1178947368421053
3344,252225,252225,1.1178947368421053,1.1178947368421053
3345,252225,252225,1.1178947368421053,1.1178947368421053
3346,252225,252225,1.1178947368421053,1.1178947368421053
3347,252225,252225,1.1178947368421053,1.1178947368421053
3348,252700,252225,1.12,1.1178947368421053
3349,252700,252225,1.12,1.1178947368421053
3350,252700,252225,1.12,1.1178947368421053
3351,252700,252225,1.12,1.1178947368421053
3352,252700,252225,1.12,1.1178947368421053
3353,252700,252225,1.12,1.1178947368421053
3354,252700,252225,1.12,1.1178947368421053
3355,252700,252225,1.12,1.1178947368421053
3356,254828,252225,1.1106471816283925,1.1178947368421053
3357,254828,252225,1.1106471816283925,1.1178947368421053
3358,254828,252225,1.1106471816283925,1.1178947368421053
3359,254828,252225,1.1106471816283925,1.1178947368421053
3360,254828,252225,1.1106471816283925,1.1178947368421053
3361,254828,252225,1.1106471816283925,1.1178947368421053
3362,254828,252225,1.1106471816283925,1.1178947368421053
3363,254828,252225,1.1106471816283925,1.1178947368421053
3364,254828,252225,1.1106471816283925,1.1178947368421053
3365,254828,252225,1.1106471816283925,1.1178947368421053
3366,254828,252225,1.1106471816283925,1.1178947368421053
3367,254828,252225,1.1106471816283925,1.1178947368421053
3368,254828,252225,1.1106471816283925,1.1178947368421053
3369,254828,252225,1.1106471816283925,1.1178947368421053
3370,254828,252225,1.1106471816283925,1.1178947368421053
3371,254828,252225,1.1106471816283925,1.1178947368421053
3372,254828,252225,1.1106471816283925,1.1178947368421053
3373,254828,252225,1.1106471816283925,1.1178947368421053
3374,254828,252225,1.1106471816283925,1.1178947368421053
3375,254828,252225,1.1106471816283925,1.1178947368421053
3376,254828,252225,1.1106471816283925,1.1178947368421053
3377,254828,252225,1.1106471816283925,1.1178947368421053
3378,254828,252225,1.1106471816283925,1.1178947368421053
3379,255942,252225,1.1016597510373445,1.1178947368421053
3380,255942,252225,1.1016597510373445,1.1178947368421053
3381,255942,252225,1.1016597510373445,1.1178947368421053
3382,255942,252225,1.1016597510373445,1.1178947368421053
3383,255942,252225,1.1016597510373445,1.1178947368421053
3384,255942,252225,1.1016597510373445,1.1178947368421053
3385,255942,252225,1.1016597510373445,1.1178947368421053
3386,255942,252225,1.1016597510373445,1.1178947368421053
3387,255942,252225,1.1016597510373445,1.1178947368421053
3388,255942,252225,1.1016597510373445,1.1178947368421053
3389,255942,252225,1.1016597510373445,1.1178947368421053
3390,255942,252225,1.1016597510373445,1.1178947368421053
3391,255942,252225,1.1016597510373445,1.1178947368421053
3392,255942,252225,1.1016597510373445,1.1178947368421053
3393,255942,252225,1.1016597510373445,1.1178947368421053
3394,255942,252225,1.1016597510373445,1.1178947368421053
3395,255942,252225,1.1016597510373445,1.1178947368421053
3396,255942,252225,1.1016597510373445,1.1178947368421053
3397,255942,252225,1.1016597510373445,1.1178947368421053
3398,255942,252225,1.1016597510373445,1.1178947368421053
3399,255942,252225,1.1016597510373445,1.1178947368421053
3400,255942,252225,1.1016597510373445,1.1178947368421053
3401,255942,252225,1.1016597510373445,1.1178947368421053
3402,255942,252225,1.1016597510373445,1.1178947368421053
3403,255942,252225,1.1016597510373445,1.1178947368421053
3404,255942,252225,1.1016597510373445,1.1178947368421053
3405,255942,252225,1.1016597510373445,1.1178947368421053
3406,255942,252225,1.1016597510373445,1.1178947368421053
3407,255942,252225,1.1016597510373445,1.1178947368421053
3408,255942,252225,1.1016597510373445,1.1178947368421053
3409,255942,252225,1.1016597510373445,1.1178947368421053
3410,255942,252225,1.1016597510373445,1.1178947368421053
3411,255942,252225,1.1016597510373445,1.1178947368421053
3412,255942,252225,1.1016597510373445,1.1178947368421053
3413,255942,252225,1.1016597510373445,1.1178947368421053
3414,255942,252225,1.1016597510373445,1.1178947368421053
3415,255942,252225,1.1016597510373445,1.1178947368421053
3416,255942,252225,1.1016597510373445,1.1178947368421053
3417,255942,252225,1.1016597510373445,1.1178947368421053
3418,255942,252225,1.1016597510373445,1.1178947368421053
3419,255942,252225,1.1016597510373445,1.1178947368421053
3420,255942,252225,1.1016597510373445,1.1178947368421053
3421,255942,252225,1.1016597510373445,1.1178947368421053
3422,255942,252225,1.1016597510373445,1.1178947368421053
3423,255942,252225,1.1016597510373445,1.1178947368421053
3424,255942,252225,1.1016597510373445,1.1178947368421053
3425,261783,252225,1.077079107505071,1.1178947368421053
3426,261783,252225,1.077079107505071,1.1178947368421053
3427,261783,252225,1.077079107505071,1.1178947368421053
3428,261783,252225,1.077079107505071,1.1178947368421053
3429,261783,252225,1.077079107505071,1.1178947368421053
3430,261783,252225,1.077079107505071,1.1178947368421053
3431,261783,252225,1.077079107505071,1.1178947368421053
3432,261783,252225,1.077079107505071,1.1178947368421053
3433,261783,252225,1.077079107505071,1.1178947368421053
3434,261783,252225,1.077079107505071,1.1178947368421053
3435,261783,252225,1.077079107505071,1.1178947368421053
3436,261783,252225,1.077079107505071,1.1178947368421053
3437,261783,252225,1.077079107505071,1.1178947368421053
3438,261783,252225,1.077079107505071,1.1178947368421053
3439,261783,252225,1.077079107505071,1.1178947368421053
3440,261783,252225,1.077079107505071,1.1178947368421053
3441,261783,252225,1.077079107505071,1.1178947368421053
3442,261783,252225,1.077079107505071,1.1178947368421053
3443,261783,252225,1.077079107505071,1.1178947368421053
3444,261783,252225,1.077079107505071,1.1178947368421053
3445,261783,252225,1.077079107505071,1.1178947368421053
3446,261783,252225,1.077079107505071,1.1178947368421053
3447,261783,252225,1.077079107505071,1.1178947368421053
3448,261783,252225,1.077079107505071,1.1178947368421053
3449,261783,252225,1.077079107505071,1.1178947368421053
3450,261783,252225,1.077079107505071,1.1178947368421053
3451,261783,252225,1.077079107505071,1.1178947368421053
3452,261783,252225,1.077079107505071,1.1178947368421053
3453,261783,252225,1.077079107505071,1.1178947368421053
3454,261783,252225,1.077079107505071,1.1178947368421053
3455,261783,252225,1.077079107505071,1.1178947368421053
3456,261783,252225,1.077079107505071,1.1178947368421053
3457,261783,252225,1.077079107505071,1.1178947368421053
3458,261783,252225,1.077079107505071,1.1178947368421053
3459,261783,252225,1.077079107505071,1.1178947368421053
3460,261783,252225,1.077079107505071,1.1178947368421053
3461,261783,252225,1.077079107505071,1.1178947368421053
3462,261783,252225,1.077079107505071,1.1178947368421053
3463,261783,252225,1.077079107505071,1.1178947368421053
3464,261783,252225,1.077079107505071,1.1178947368421053
3465,261783,252225,1.077079107505071,1.1178947368421053
3466,261783,252225,1.077079107505071,1.1178947368421053
3467,264741,252225,1.0892494929006085,1.1178947368421053
3468,264741,252225,1.0892494929006085,1.1178947368421053
3469,264741,252225,1.0892494929006085,1.1178947368421053
3470,264741,252225,1.0892494929006085,1.1178947368421053
3471,262276,252225,1.079107505070994,1.1178947368421053
3472,262276,252225,1.079107505070994,1.1178947368421053
3473,262276,252225,1.079107505070994,1.1178947368421053
3474,262276,252225,1.079107505070994,1.1178947368421053
3475,262276,252225,1.079107505070994,1.1178947368421053
3476,262276,252225,1.079107505070994,1.1178947368421053
3477,262276,252225,1.079107505070994,1.1178947368421053
3478,262276,252225,1.079107505070994,1.1178947368421053
3479,262276,252225,1.079107505070994,1.1178947368421053
3480,262276,252225,1.079107505070994,1.1178947368421053
3481,262276,252225,1.079107505070994,1.1178947368421053
3482,262276,252225,1.079107505070994,1.1178947368421053
3483,262276,252225,1.079107505070994,1.1178947368421053
3484,262276,252225,1.079107505070994,1.1178947368421053
3485,262276,252225,1.079107505070994,1.1178947368421053
3486,262276,252225,1.079107505070994,1.1178947368421053
3487,262276,252225,1.079107505070994,1.1178947368421053
3488,262276,252225,1.079107505070994,1.1178947368421053
3489,262276,252225,1.079107505070994,1.1178947368421053
3490,262276,252225,1.079107505070994,1.1178947368421053
3491,262276,252225,1.079107505070994,1.1178947368421053
3492,262276,252225,1.079107505070994,1.1178947368421053
3493,262276,252225,1.079107505070994,1.1178947368421053
3494,262276,252225,1.079107505070994,1.1178947368421053
3495,262276,252225,1.079107505070994,1.1178947368421053
3496,262276,252225,1.079107505070994,1.1178947368421053
3497,262276,252225,1.079107505070994,1.1178947368421053
3498,262276,252225,1.079107505070994,1.1178947368421053
3499,262276,252225,1.079107505070994,1.1178947368421053
3500,262276,252225,1.079107505070994,1.1178947368421053
3501,262276,252225,1.079107505070994,1.1178947368421053
3502,262276,252225,1.079107505070994,1.1178947368421053
3503,262276,252225,1.079107505070994,1.1178947368421053
3504,262276,252225,1.079107505070994,1.1178947368421053
3505,264741,252225,1.0892494929006085,1.1178947368421053
3506,264741,252225,1.0892494929006085,1.1178947368421053
3507,264741,252225,1.0892494929006085,1.1178947368421053
3508,264741,252225,1.0892494929006085,1.1178947368421053
3509,264741,252225,1.0892494929006085,1.1178947368421053
3510,264741,252225,1.0892494929006085,1.1178947368421053
3511,264741,252225,1.0892494929006085,1.1178947368421053
3512,264741,252225,1.0892494929006085,1.1178947368421053
3513,264741,252225,1.0892494929006085,1.1178947368421053
3514,264741,252225,1.0892494929006085,1.1178947368421053
3515,262276,252225,1.079107505070994,1.1178947368421053
3516,262276,252225,1.079107505070994,1.1178947368421053
3517,262276,252225,1.079107505070994,1.1178947368421053
3518,262276,252225,1.079107505070994,1.1178947368421053
3519,262276,252225,1.079107505070994,1.1178947368421053
3520,262276,252225,1.079107505070994,1.1178947368421053
3521,262276,252225,1.079107505070994,1.1178947368421053
3522,262276,252225,1.079107505070994,1.1178947368421053
3523,262276,252225,1.079107505070994,1.1178947368421053
3524,262276,252225,1.079107505070994,1.1178947368421053
3525,262276,252225,1.079107505070994,1.1178947368421053
3526,262276,252225,1.079107505070994,1.1178947368421053
3527,262276,252225,1.079107505070994,1.1178947368421053
3528,262276,252225,1.079107505070994,1.1178947368421053
3529,262276,252225,1.079107505070994,1.1178947368421053
3530,262276,252225,1.079107505070994,1.1178947368421053
3531,262276,252225,1.079107505070994,1.1178947368421053
3532,262276,252225,1.079107505070994,1.1178947368421053
3533,262276,252225,1.079107505070994,1.1178947368421053
3534,262276,252225,1.079107505070994,1.1178947368421053
3535,262276,252225,1.079107505070994,1.1178947368421053
3536,262276,252225,1.079107505070994,1.1178947368421053
3537,262276,252225,1.079107505070994,1.1178947368421053
3538,262276,252225,1.079107505070994,1.1178947368421053
3539,262276,252225,1.079107505070994,1.1178947368421053
3540,262276,252225,1.079107505070994,1.1178947368421053
3541,262276,252225,1.079107505070994,1.1178947368421053
3542,262276,252225,1.079107505070994,1.1178947368421053
3543,262276,252225,1.079107505070994,1.1178947368421053
3544,262276,252225,1.079107505070994,1.1178947368421053
3545,262276,252225,1.079107505070994,1.1178947368421053
3546,262276,252225,1.079107505070994,1.1178947368421053
3547,262276,252225,1.079107505070994,1.1178947368421053
3548,262276,252225,1.079107505070994,1.1178947368421053
3549,262276,252225,1.079107505070994,1.1178947368421053
3550,262276,252225,1.079107505070994,1.1178947368421053
3551,262276,252225,1.079107505070994,1.1178947368421053
3552,262276,252225,1.079107505070994,1.1178947368421053
3553,262276,252225,1.079107505070994,1.1178947368421053
3554,262276,252225,1.079107505070994,1.1178947368421053
3555,262276,252225,1.079107505070994,1.1178947368421053
3556,262276,252225,1.079107505070994,1.1178947368421053
3557,262276,252225,1.079107505070994,1.1178947368421053
3558,262276,252225,1.079107505070994,1.1178947368421053
3559,262276,252225,1.079107505070994,1.1178947368421053
3560,262276,252225,1.079107505070994,1.1178947368421053
3561,262276,252225,1.079107505070994,1.1178947368421053
3562,262276,252225,1.079107505070994,1.1178947368421053
3563,260680,252225,1.0857142857142856,1.1178947368421053
3564,257488,252225,1.0991735537190082,1.1178947368421053
3565,257488,252225,1.0991735537190082,1.1178947368421053
3566,257488,252225,1.0991735537190082,1.1178947368421053
3567,257488,252225,1.0991735537190082,1.1178947368421053
3568,257488,252225,1.0991735537190082,1.1178947368421053
3569,257488,252225,1.0991735537190082,1.1178947368421053
3570,257488,252225,1.0991735537190082,1.1178947368421053
3571,257488,252225,1.0991735537190082,1.1178947368421053
3572,257488,252225,1.0991735537190082,1.1178947368421053
3573,257488,252225,1.0991735537190082,1.1178947368421053
3574,257488,252225,1.0991735537190082,1.1178947368421053
3575,257488,252225,1.0991735537190082,1.1178947368421053
3576,257488,252225,1.0991735537190082,1.1178947368421053
3577,257535,252225,1.0948453608247424,1.1178947368421053
3578,257535,252225,1.0948453608247424,1.1178947368421053
3579,257535,252225,1.0948453608247424,1.1178947368421053
3580,257535,252225,1.0948453608247424,1.1178947368421053
3581,257535,252225,1.0948453608247424,1.1178947368421053
3582,257535,252225,1.0948453608247424,1.1178947368421053
3583,257535,252225,1.0948453608247424,1.1178947368421053
3584,257535,252225,1.0948453608247424,1.1178947368421053
3585,257535,252225,1.0948453608247424,1.1178947368421053
3586,257535,252225,1.0948453608247424,1.1178947368421053
3587,257535,252225,1.0948453608247424,1.1178947368421053
3588,257535,252225,1.0948453608247424,1.1178947368421053
3589,257535,252225,1.0948453608247424,1.1178947368421053
3590,257535,252225,1.0948453608247424,1.1178947368421053
3591,257535,252225,1.0948453608247424,1.1178947368421053
3592,257535,252225,1.0948453608247424,1.1178947368421053
3593,257535,252225,1.0948453608247424,1.1178947368421053
3594,257535,252225,1.0948453608247424,1.1178947368421053
3595,257535,252225,1.0948453608247424,1.1178947368421053
3596,257535,252225,1.0948453608247424,1.1178947368421053
3597,257535,252225,1.0948453608247424,1.1178947368421053
3598,257535,252225,1.0948453608247424,1.1178947368421053
3599,257535,252225,1.0948453608247424,1.1178947368421053
3600,257535,252225,1.0948453608247424,1.1178947368421053
3601,257488,252225,1.0991735537190082,1.1178947368421053
3602,257488,252225,1.0991735537190082,1.1178947368421053
3603,257488,252225,1.0991735537190082,1.1178947368421053
3604,257488,252225,1.0991735537190082,1.1178947368421053
3605,257488,252225,1.0991735537190082,1.1178947368421053
3606,257488,252225,1.0991735537190082,1.1178947368421053
3607,257488,252225,1.0991735537190082,1.1178947368421053
3608,257488,252225,1.0991735537190082,1.1178947368421053
3609,257488,252225,1.0991735537190082,1.1178947368421053
3610,257488,252225,1.0991735537190082,1.1178947368421053
3611,257488,252225,1.0991735537190082,1.1178947368421053
3612,257488,252225,1.0991735537190082,1.1178947368421053
3613,257488,252225,1.0991735537190082,1.1178947368421053
3614,257488,252225,1.0991735537190082,1.1178947368421053
3615,257488,252225,1.0991735537190082,1.1178947368421053
3616,257488,252225,1.0991735537190082,1.1178947368421053
3617,257488,252225,1.0991735537190082,1.1178947368421053
3618,257488,252225,1.0991735537190082,1.1178947368421053
3619,257488,252225,1.0991735537190082,1.1178947368421053
3620,257488,252225,1.0991735537190082,1.1178947368421053
3621,257488,252225,1.0991735537190082,1.1178947368421053
3622,257488,252225,1.0991735537190082,1.1178947368421053
3623,257488,252225,1.0991735537190082,1.1178947368421053
3624,260392,252225,1.1115702479338843,1.1178947368421053
3625,260392,252225,1.1115702479338843,1.1178947368421053
3626,260392,252225,1.1115702479338843,1.1178947368421053
3627,260392,252225,1.1115702479338843,1.1178947368421053
3628,260392,252225,1.1115702479338843,1.1178947368421053
3629,260392,252225,1.1115702479338843,1.1178947368421053
3630,260392,252225,1.1115702479338843,1.1178947368421053
3631,260392,252225,1.1115702479338843,1.1178947368421053
3632,260392,252225,1.1115702479338843,1.1178947368421053
3633,260392,252225,1.1115702479338843,1.1178947368421053
3634,260392,252225,1.1115702479338843,1.1178947368421053
3635,260392,252225,1.1115702479338843,1.1178947368421053
3636,260392,252225,1.1115702479338843,1.1178947368421053
3637,260392,252225,1.1115702479338843,1.1178947368421053
3638,260392,252225,1.1115702479338843,1.1178947368421053
3639,260392,252225,1.1115702479338843,1.1178947368421053
3640,260392,252225,1.1115702479338843,1.1178947368421053
3641,260392,252225,1.1115702479338843,1.1178947368421053
3642,260392,252225,1.1115702479338843,1.1178947368421053
3643,260392,252225,1.1115702479338843,1.1178947368421053
3644,260392,252225,1.1115702479338843,1.1178947368421053
3645,260392,252225,1.1115702479338843,1.1178947368421053
3646,260392,252225,1.1115702479338843,1.1178947368421053
3647,260392,252225,1.1115702479338843,1.1178947368421053
3648,260392,252225,1.1115702479338843,1.1178947368421053
3649,260392,252225,1.1115702479338843,1.1178947368421053
3650,260392,252225,1.1115702479338843,1.1178947368421053
3651,260392,252225,1.1115702479338843,1.1178947368421053
3652,260392,252225,1.1115702479338843,1.1178947368421053
3653,260392,252225,1.1115702479338843,1.1178947368421053
3654,260392,252225,1.1115702479338843,1.1178947368421053
3655,260392,252225,1.1115702479338843,1.1178947368421053
3656,260392,252225,1.1115702479338843,1.1178947368421053
3657,260392,252225,1.1115702479338843,1.1178947368421053
3658,260392,252225,1.1115702479338843,1.1178947368421053
3659,260392,252225,1.1115702479338843,1.1178947368421053
3660,260392,252225,1.1115702479338843,1.1178947368421053
3661,260392,252225,1.1115702479338843,1.1178947368421053
3662,260392,252225,1.1115702479338843,1.1178947368421053
3663,260392,252225,1.1115702479338843,1.1178947368421053
3664,260392,252225,1.1115702479338843,1.1178947368421053
3665,260392,252225,1.1115702479338843,1.1178947368421053
3666,260392,252225,1.1115702479338843,1.1178947368421053
3667,260392,252225,1.1115702479338843,1.1178947368421053
3668,260392,252225,1.1115702479338843,1.1178947368421053
3669,260392,252225,1.1115702479338843,1.1178947368421053
3670,260392,252225,1.1115702479338843,1.1178947368421053
3671,260392,252225,1.1115702479338843,1.1178947368421053
3672,260392,252225,1.1115702479338843,1.1178947368421053
3673,260392,252225,1.1115702479338843,1.1178947368421053
3674,260392,252225,1.1115702479338843,1.1178947368421053
3675,260392,252225,1.1115702479338843,1.1178947368421053
3676,260392,252225,1.1115702479338843,1.1178947368421053
3677,260392,252225,1.1115702479338843,1.1178947368421053
3678,260392,252225,1.1115702479338843,1.1178947368421053
3679,260392,252225,1.1115702479338843,1.1178947368421053
3680,260392,252225,1.1115702479338843,1.1178947368421053
3681,260392,252225,1.1115702479338843,1.1178947368421053
3682,260392,252225,1.1115702479338843,1.1178947368421053
3683,260392,252225,1.1115702479338843,1.1178947368421053
3684,260392,252225,1.1115702479338843,1.1178947368421053
3685,260392,252225,1.1115702479338843,1.1178947368421053
3686,260392,252225,1.1115702479338843,1.1178947368421053
3687,260392,252225,1.1115702479338843,1.1178947368421053
3688,260392,252225,1.1115702479338843,1.1178947368421053
3689,260392,252225,1.1115702479338843,1.1178947368421053
3690,260392,252225,1.1115702479338843,1.1178947368421053
3691,260392,252225,1.1115702479338843,1.1178947368421053
3692,260392,252225,1.1115702479338843,1.1178947368421053
3693,260392,252225,1.1115702479338843,1.1178947368421053
3694,260392,252225,1.1115702479338843,1.1178947368421053
3695,260392,252225,1.1115702479338843,1.1178947368421053
3696,260392,252225,1.1115702479338843,1.1178947368421053
3697,260392,252225,1.1115702479338843,1.1178947368421053
3698,260392,252225,1.1115702479338843,1.1178947368421053
3699,260392,252225,1.1115702479338843,1.1178947368421053
3700,260392,252225,1.1115702479338843,1.1178947368421053
3701,260392,252225,1.1115702479338843,1.1178947368421053
3702,259908,252225,1.109504132231405,1.1178947368421053
3703,259908,252225,1.109504132231405,1.1178947368421053
3704,259908,252225,1.109504132231405,1.1178947368421053
3705,259908,252225,1.109504132231405,1.1178947368421053
3706,260392,252225,1.1115702479338843,1.1178947368421053
3707,260392,252225,1.1115702479338843,1.1178947368421053
3708,260392,252225,1.1115702479338843,1.1178947368421053
3709,260392,252225,1.1115702479338843,1.1178947368421053
3710,260392,252225,1.1115702479338843,1.1178947368421053
3711,260392,252225,1.1115702479338843,1.1178947368421053
3712,260392,252225,1.1115702479338843,1.1178947368421053
3713,260392,252225,1.1115702479338843,1.1178947368421053
3714,260392,252225,1.1115702479338843,1.1178947368421053
3715,260392,252225,1.1115702479338843,1.1178947368421053
3716,262328,252225,1.1198347107438016,1.1178947368421053
3717,262328,252225,1.1198347107438016,1.1178947368421053
3718,262328,252225,1.1198347107438016,1.1178947368421053
3719,262328,252225,1.1198347107438016,1.1178947368421053
3720,262328,252225,1.1198347107438016,1.1178947368421053
3721,262328,252225,1.1198347107438016,1.1178947368421053
3722,262328,252225,1.1198347107438016,1.1178947368421053
3723,262328,252225,1.1198347107438016,1.1178947368421053
3724,262328,252225,1.1198347107438016,1.1178947368421053
3725,262328,252225,1.1198347107438016,1.1178947368421053
3726,262328,252225,1.1198347107438016,1.1178947368421053
3727,262328,252225,1.1198347107438016,1.1178947368421053
3728,259908,252225,1.109504132231405,1.1178947368421053
3729,259908,252225,1.109504132231405,1.1178947368421053
3730,259908,252225,1.109504132231405,1.1178947368421053
3731,259908,252225,1.109504132231405,1.1178947368421053
3732,259908,252225,1.109504132231405,1.1178947368421053
3733,259908,252225,1.109504132231405,1.1178947368421053
3734,261844,252225,1.1177685950413223,1.1178947368421053
3735,261844,252225,1.1177685950413223,1.1178947368421053
3736,261844,252225,1.1177685950413223,1.1178947368421053
3737,261844,252225,1.1177685950413223,1.1178947368421053
3738,261844,252225,1.1177685950413223,1.1178947368421053
3739,261844,252225,1.1177685950413223,1.1178947368421053
3740,261844,252225,1.1177685950413223,1.1178947368421053
3741,261844,252225,1.1177685950413223,1.1178947368421053
3742,261844,252225,1.1177685950413223,1.1178947368421053
3743,261844,252225,1.1177685950413223,1.1178947368421053
3744,261844,252225,1.1177685950413223,1.1178947368421053
3745,261844,252225,1.1177685950413223,1.1178947368421053
3746,261844,252225,1.1177685950413223,1.1178947368421053
3747,261844,252225,1.1177685950413223,1.1178947368421053
3748,261844,252225,1.1177685950413223,1.1178947368421053
3749,266505,252225,1.114519427402863,1.1178947368421053
3750,266505,252225,1.114519427402863,1.1178947368421053
3751,266505,252225,1.114519427402863,1.1178947368421053
3752,266505,252225,1.114519427402863,1.1178947368421053
3753,266505,252225,1.114519427402863,1.1178947368421053
3754,266505,252225,1.114519427402863,1.1178947368421053
3755,266505,252225,1.114519427402863,1.1178947368421053
3756,266505,252225,1.114519427402863,1.1178947368421053
3757,266505,252225,1.114519427402863,1.1178947368421053
3758,266505,252225,1.114519427402863,1.1178947368421053
3759,266505,252225,1.114519427402863,1.1178947368421053
3760,266505,252225,1.114519427402863,1.1178947368421053
3761,266505,252225,1.114519427402863,1.1178947368421053
3762,266505,252225,1.114519427402863,1.1178947368421053
3763,266505,252225,1.114519427402863,1.1178947368421053
3764,266505,252225,1.114519427402863,1.1178947368421053
3765,266505,252225,1.114519427402863,1.1178947368421053
3766,266505,252225,1.114519427402863,1.1178947368421053
3767,266505,252225,1.114519427402863,1.1178947368421053
3768,266505,252225,1.114519427402863,1.1178947368421053
3769,266505,252225,1.114519427402863,1.1178947368421053
3770,266505,252225,1.114519427402863,1.1178947368421053
3771,266505,252225,1.114519427402863,1.1178947368421053
3772,266505,252225,1.114519427402863,1.1178947368421053
3773,266505,252225,1.114519427402863,1.1178947368421053
3774,266505,252225,1.114519427402863,1.1178947368421053
3775,266505,252225,1.114519427402863,1.1178947368421053
3776,266505,252225,1.114519427402863,1.1178947368421053
3777,266505,252225,1.114519427402863,1.1178947368421053
3778,262104,252225,1.096114519427403,1.1178947368421053
3779,262104,252225,1.096114519427403,1.1178947368421053
3780,262104,252225,1.096114519427403,1.1178947368421053
3781,262104,252225,1.096114519427403,1.1178947368421053
3782,262104,252225,1.096114519427403,1.1178947368421053
3783,259424,252225,1.1074380165289257,1.1178947368421053
3784,259424,252225,1.1074380165289257,1.1178947368421053
3785,259424,252225,1.1074380165289257,1.1178947368421053
3786,259424,252225,1.1074380165289257,1.1178947368421053
3787,258456,252225,1.103305785123967,1.1178947368421053
3788,258456,252225,1.103305785123967,1.1178947368421053
3789,258456,252225,1.103305785123967,1.1178947368421053
3790,258456,252225,1.103305785123967,1.1178947368421053
3791,258456,252225,1.103305785123967,1.1178947368421053
3792,258456,252225,1.103305785123967,1.1178947368421053
3793,258456,252225,1.103305785123967,1.1178947368421053
3794,258456,252225,1.103305785123967,1.1178947368421053
3795,258456,252225,1.103305785123967,1.1178947368421053
3796,258456,252225,1.103305785123967,1.1178947368421053
3797,258456,252225,1.103305785123967,1.1178947368421053
3798,258456,252225,1.103305785123967,1.1178947368421053
3799,258456,252225,1.103305785123967,1.1178947368421053
3800,258456,252225,1.103305785123967,1.1178947368421053
3801,258456,252225,1.103305785123967,1.1178947368421053
3802,258456,252225,1.103305785123967,1.1178947368421053
3803,258456,252225,1.103305785123967,1.1178947368421053
3804,258456,252225,1.103305785123967,1.1178947368421053
3805,258456,252225,1.103305785123967,1.1178947368421053
3806,258456,252225,1.103305785123967,1.1178947368421053
3807,258456,252225,1.103305785123967,1.1178947368421053
3808,258456,252225,1.103305785123967,1.1178947368421053
3809,258456,252225,1.103305785123967,1.1178947368421053
3810,258456,252225,1.103305785123967,1.1178947368421053
3811,258456,252225,1.103305785123967,1.1178947368421053
3812,258456,252225,1.103305785123967,1.1178947368421053
3813,258456,252225,1.103305785123967,1.1178947368421053
3814,258456,252225,1.103305785123967,1.1178947368421053
3815,258456,252225,1.103305785123967,1.1178947368421053
3816,260876,252225,1.1136363636363635,1.1178947368421053
3817,260876,252225,1.1136363636363635,1.1178947368421053
3818,260876,252225,1.1136363636363635,1.1178947368421053
3819,260876,252225,1.1136363636363635,1.1178947368421053
3820,260876,252225,1.1136363636363635,1.1178947368421053
3821,260876,252225,1.1136363636363635,1.1178947368421053
3822,260876,252225,1.1136363636363635,1.1178947368421053
3823,260876,252225,1.1136363636363635,1.1178947368421053
3824,260876,252225,1.1136363636363635,1.1178947368421053
3825,260876,252225,1.1136363636363635,1.1178947368421053
3826,260876,252225,1.1136363636363635,1.1178947368421053
3827,260876,252225,1.1136363636363635,1.1178947368421053
3828,260876,252225,1.1136363636363635,1.1178947368421053
3829,260876,252225,1.1136363636363635,1.1178947368421053
3830,260876,252225,1.1136363636363635,1.1178947368421053
3831,260876,252225,1.1136363636363635,1.1178947368421053
3832,260876,252225,1.1136363636363635,1.1178947368421053
3833,260876,252225,1.1136363636363635,1.1178947368421053
3834,260876,252225,1.1136363636363635,1.1178947368421053
3835,260876,252225,1.1136363636363635,1.1178947368421053
3836,260876,252225,1.1136363636363635,1.1178947368421053
3837,260876,252225,1.1136363636363635,1.1178947368421053
3838,260876,252225,1.1136363636363635,1.1178947368421053
3839,260876,252225,1.1136363636363635,1.1178947368421053
3840,260876,252225,1.1136363636363635,1.1178947368421053
3841,260876,252225,1.1136363636363635,1.1178947368421053
3842,260876,252225,1.1136363636363635,1.1178947368421053
3843,260876,252225,1.1136363636363635,1.1178947368421053
3844,260876,252225,1.1136363636363635,1.1178947368421053
3845,260876,252225,1.1136363636363635,1.1178947368421053
3846,260876,252225,1.1136363636363635,1.1178947368421053
3847,260876,252225,1.1136363636363635,1.1178947368421053
3848,260876,252225,1.1136363636363635,1.1178947368421053
3849,260876,252225,1.1136363636363635,1.1178947368421053
3850,260876,252225,1.1136363636363635,1.1178947368421053
3851,260876,252225,1.1136363636363635,1.1178947368421053
3852,260876,252225,1.1136363636363635,1.1178947368421053
3853,260876,252225,1.1136363636363635,1.1178947368421053
3854,260876,252225,1.1136363636363635,1.1178947368421053
3855,260876,252225,1.1136363636363635,1.1178947368421053
3856,260876,252225,1.1136363636363635,1.1178947368421053
3857,260876,252225,1.1136363636363635,1.1178947368421053
3858,260876,252225,1.1136363636363635,1.1178947368421053
3859,260876,252225,1.1136363636363635,1.1178947368421053
3860,260876,252225,1.1136363636363635,1.1178947368421053
3861,260876,252225,1.1136363636363635,1.1178947368421053
3862,260876,252225,1.1136363636363635,1.1178947368421053
3863,260876,252225,1.1136363636363635,1.1178947368421053
3864,260876,252225,1.1136363636363635,1.1178947368421053
3865,260876,252225,1.1136363636363635,1.1178947368421053
3866,260876,252225,1.1136363636363635,1.1178947368421053
3867,260876,252225,1.1136363636363635,1.1178947368421053
3868,260876,252225,1.1136363636363635,1.1178947368421053
3869,260876,252225,1.1136363636363635,1.1178947368421053
3870,260876,252225,1.1136363636363635,1.1178947368421053
3871,260876,252225,1.1136363636363635,1.1178947368421053
3872,260876,252225,1.1136363636363635,1.1178947368421053
3873,260876,252225,1.1136363636363635,1.1178947368421053
3874,262328,252225,1.1198347107438016,1.1178947368421053
3875,262328,252225,1.1198347107438016,1.1178947368421053
3876,262328,252225,1.1198347107438016,1.1178947368421053
3877,262328,252225,1.1198347107438016,1.1178947368421053
3878,262328,252225,1.1198347107438016,1.1178947368421053
3879,262328,252225,1.1198347107438016,1.1178947368421053
3880,262328,252225,1.1198347107438016,1.1178947368421053
3881,262328,252225,1.1198347107438016,1.1178947368421053
3882,262328,252225,1.1198347107438016,1.1178947368421053
3883,262328,252225,1.1198347107438016,1.1178947368421053
3884,262328,252225,1.1198347107438016,1.1178947368421053
3885,262328,252225,1.1198347107438016,1.1178947368421053
3886,262328,252225,1.1198347107438016,1.1178947368421053
3887,262328,252225,1.1198347107438016,1.1178947368421053
3888,262328,252225,1.1198347107438016,1.1178947368421053
3889,262328,252225,1.1198347107438016,1.1178947368421053
3890,262328,252225,1.1198347107438016,1.1178947368421053
3891,262328,252225,1.1198347107438016,1.1178947368421053
3892,262328,252225,1.1198347107438016,1.1178947368421053
3893,262328,252225,1.1198347107438016,1.1178947368421053
3894,262328,252225,1.1198347107438016,1.1178947368421053
3895,262328,252225,1.1198347107438016,1.1178947368421053
3896,262328,252225,1.1198347107438016,1.1178947368421053
3897,260702,252225,1.1268191268191268,1.1178947368421053
3898,260702,252225,1.1268191268191268,1.1178947368421053
3899,260702,252225,1.1268191268191268,1.1178947368421053
3900,260702,252225,1.1268191268191268,1.1178947368421053
3901,260702,252225,1.1268191268191268,1.1178947368421053
3902,260702,252225,1.1268191268191268,1.1178947368421053
3903,260702,252225,1.1268191268191268,1.1178947368421053
3904,260702,252225,1.1268191268191268,1.1178947368421053
3905,260702,252225,1.1268191268191268,1.1178947368421053
3906,260160,252225,1.1291666666666667,1.1178947368421053
3907,260160,252225,1.1291666666666667,1.1178947368421053
3908,260160,252225,1.1291666666666667,1.1178947368421053
3909,260160,252225,1.1291666666666667,1.1178947368421053
3910,260160,252225,1.1291666666666667,1.1178947368421053
3911,260160,252225,1.1291666666666667,1.1178947368421053
3912,260160,252225,1.1291666666666667,1.1178947368421053
3913,260160,252225,1.1291666666666667,1.1178947368421053
3914,260160,252225,1.1291666666666667,1.1178947368421053
3915,260160,252225,1.1291666666666667,1.1178947368421053
3916,260160,252225,1.1291666666666667,1.1178947368421053
3917,260160,252225,1.1291666666666667,1.1178947368421053
3918,260160,252225,1.1291666666666667,1.1178947368421053
3919,260160,252225,1.1291666666666667,1.1178947368421053
3920,260160,252225,1.1291666666666667,1.1178947368421053
3921,260160,252225,1.1291666666666667,1.1178947368421053
3922,260160,252225,1.1291666666666667,1.1178947368421053
3923,260160,252225,1.1291666666666667,1.1178947368421053
3924,260160,252225,1.1291666666666667,1.1178947368421053
3925,260160,252225,1.1291666666666667,1.1178947368421053
3926,260160,252225,1.1291666666666667,1.1178947368421053
3927,260160,252225,1.1291666666666667,1.1178947368421053
3928,260160,252225,1.1291666666666667,1.1178947368421053
3929,260160,252225,1.1291666666666667,1.1178947368421053
3930,260160,252225,1.1291666666666667,1.1178947368421053
3931,260160,252225,1.1291666666666667,1.1178947368421053
3932,260160,252225,1.1291666666666667,1.1178947368421053
3933,260160,252225,1.1291666666666667,1.1178947368421053
3934,260160,252225,1.1291666666666667,1.1178947368421053
3935,260160,252225,1.1291666666666667,1.1178947368421053
3936,260160,252225,1.1291666666666667,1.1178947368421053
3937,260160,252225,1.1291666666666667,1.1178947368421053
3938,260160,252225,1.1291666666666667,1.1178947368421053
3939,260160,252225,1.1291666666666667,1.1178947368421053
3940,260160,252225,1.1291666666666667,1.1178947368421053
3941,260160,252225,1.1291666666666667,1.1178947368421053
3942,260160,252225,1.1291666666666667,1.1178947368421053
3943,260160,252225,1.1291666666666667,1.1178947368421053
3944,260160,252225,1.1291666666666667,1.1178947368421053
3945,260160,252225,1.1291666666666667,1.1178947368421053
3946,260160,252225,1.1291666666666667,1.1178947368421053
3947,260160,252225,1.1291666666666667,1.1178947368421053
3948,260160,252225,1.1291666666666667,1.1178947368421053
3949,260160,252225,1.1291666666666667,1.1178947368421053
3950,260160,252225,1.1291666666666667,1.1178947368421053
3951,260160,252225,1.1291666666666667,1.1178947368421053
3952,260160,252225,1.1291666666666667,1.1178947368421053
3953,260160,252225,1.1291666666666667,1.1178947368421053
3954,260160,252225,1.1291666666666667,1.1178947368421053
3955,260160,252225,1.1291666666666667,1.1178947368421053
3956,260160,252225,1.1291666666666667,1.1178947368421053
3957,260160,252225,1.1291666666666667,1.1178947368421053
3958,260160,252225,1.1291666666666667,1.1178947368421053
3959,260160,252225,1.1291666666666667,1.1178947368421053
3960,260640,252225,1.13125,1.1178947368421053
3961,260640,252225,1.13125,1.1178947368421053
3962,260160,252225,1.1291666666666667,1.1178947368421053
3963,260160,252225,1.1291666666666667,1.1178947368421053
3964,260160,252225,1.1291666666666667,1.1178947368421053
3965,260160,252225,1.1291666666666667,1.1178947368421053
3966,260160,252225,1.1291666666666667,1.1178947368421053
3967,260160,252225,1.1291666666666667,1.1178947368421053
3968,260160,252225,1.1291666666666667,1.1178947368421053
3969,260160,252225,1.1291666666666667,1.1178947368421053
3970,260160,252225,1.1291666666666667,1.1178947368421053
3971,260160,252225,1.1291666666666667,1.1178947368421053
3972,260160,252225,1.1291666666666667,1.1178947368421053
3973,260160,252225,1.1291666666666667,1.1178947368421053
3974,260160,252225,1.1291666666666667,1.1178947368421053
3975,260160,252225,1.1291666666666667,1.1178947368421053
3976,260160,252225,1.1291666666666667,1.1178947368421053
3977,260160,252225,1.1291666666666667,1.1178947368421053
3978,260160,252225,1.1291666666666667,1.1178947368421053
3979,260160,252225,1.1291666666666667,1.1178947368421053
3980,260160,252225,1.1291666666666667,1.1178947368421053
3981,260160,252225,1.1291666666666667,1.1178947368421053
3982,260160,252225,1.1291666666666667,1.1178947368421053
3983,260160,252225,1.1291666666666667,1.1178947368421053
3984,260160,252225,1.1291666666666667,1.1178947368421053
3985,260160,252225,1.1291666666666667,1.1178947368421053
3986,260160,252225,1.1291666666666667,1.1178947368421053
3987,260160,252225,1.1291666666666667,1.1178947368421053
3988,260160,252225,1.1291666666666667,1.1178947368421053
3989,260160,252225,1.1291666666666667,1.1178947368421053
3990,260160,252225,1.1291666666666667,1.1178947368421053
3991,260160,252225,1.1291666666666667,1.1178947368421053
3992,260160,252225,1.1291666666666667,1.1178947368421053
3993,260160,252225,1.1291666666666667,1.1178947368421053
3994,260160,252225,1.1291666666666667,1.1178947368421053
3995,260160,252225,1.1291666666666667,1.1178947368421053
3996,260160,252225,1.1291666666666667,1.1178947368421053
3997,260160,252225,1.1291666666666667,1.1178947368421053
3998,260160,252225,1.1291666666666667,1.1178947368421053
3999,260160,252225,1.1291666666666667,1.1178947368421053
4000,260160,252225,1.1291666666666667,1.1178947368421053
4001,260160,252225,1.1291666666666667,1.1178947368421053
4002,260160,252225,1.1291666666666667,1.1178947368421053
4003,260160,252225,1.1291666666666667,1.1178947368421053
4004,260160,252225,1.1291666666666667,1.1178947368421053
4005,260160,252225,1.1291666666666667,1.1178947368421053
4006,260160,252225,1.1291666666666667,1.1178947368421053
4007,260160,252225,1.1291666666666667,1.1178947368421053
4008,260160,252225,1.1291666666666667,1.1178947368421053
4009,260160,252225,1.1291666666666667,1.1178947368421053
4010,260160,252225,1.1291666666666667,1.1178947368421053
4011,260160,252225,1.1291666666666667,1.1178947368421053
4012,260160,252225,1.1291666666666667,1.1178947368421053
4013,260160,252225,1.1291666666666667,1.1178947368421053
4014,260702,252225,1.1268191268191268,1.1178947368421053
4015,260702,252225,1.1268191268191268,1.1178947368421053
4016,260160,252225,1.1291666666666667,1.1178947368421053
4017,260160,252225,1.1291666666666667,1.1178947368421053
4018,260160,252225,1.1291666666666667,1.1178947368421053
4019,260160,252225,1.1291666666666667,1.1178947368421053
4020,260160,252225,1.1291666666666667,1.1178947368421053
4021,260160,252225,1.1291666666666667,1.1178947368421053
4022,260160,252225,1.1291666666666667,1.1178947368421053
4023,260160,252225,1.1291666666666667,1.1178947368421053
4024,260160,252225,1.1291666666666667,1.1178947368421053
4025,260160,252225,1.1291666666666667,1.1178947368421053
4026,260160,252225,1.1291666666666667,1.1178947368421053
4027,260160,252225,1.1291666666666667,1.1178947368421053
4028,260160,252225,1.1291666666666667,1.1178947368421053
4029,260160,252225,1.1291666666666667,1.1178947368421053
4030,260160,252225,1.1291666666666667,1.1178947368421053
4031,260160,252225,1.1291666666666667,1.1178947368421053
4032,260160,252225,1.1291666666666667,1.1178947368421053
4033,260160,252225,1.1291666666666667,1.1178947368421053
4034,260160,252225,1.1291666666666667,1.1178947368421053
4035,260160,252225,1.1291666666666667,1.1178947368421053
4036,260160,252225,1.1291666666666667,1.1178947368421053
4037,260160,252225,1.1291666666666667,1.1178947368421053
4038,260160,252225,1.1291666666666667,1.1178947368421053
4039,260160,252225,1.1291666666666667,1.1178947368421053
4040,260160,252225,1.1291666666666667,1.1178947368421053
4041,260640,252225,1.13125,1.1178947368421053
4042,260640,252225,1.13125,1.1178947368421053
4043,260640,252225,1.13125,1.1178947368421053
4044,257760,252225,1.11875,1.1178947368421053
4045,257760,252225,1.11875,1.1178947368421053
4046,257760,252225,1.11875,1.1178947368421053
4047,257760,252225,1.11875,1.1178947368421053
4048,257760,252225,1.11875,1.1178947368421053
4049,257760,252225,1.11875,1.1178947368421053
4050,257760,252225,1.11875,1.1178947368421053
4051,257760,252225,1.11875,1.1178947368421053
4052,257280,252225,1.1166666666666667,1.1178947368421053
4053,257280,252225,1.1166666666666667,1.1178947368421053
4054,257280,252225,1.1166666666666667,1.1178947368421053
4055,257280,252225,1.1166666666666667,1.1178947368421053
4056,257280,252225,1.1166666666666667,1.1178947368421053
4057,257280,252225,1.1166666666666667,1.1178947368421053
4058,257280,252225,1.1166666666666667,1.1178947368421053
4059,257280,252225,1.1166666666666667,1.1178947368421053
4060,257280,252225,1.1166666666666667,1.1178947368421053
4061,257280,252225,1.1166666666666667,1.1178947368421053
4062,256800,252225,1.1145833333333333,1.1178947368421053
4063,256800,252225,1.1145833333333333,1.1178947368421053
4064,256800,252225,1.1145833333333333,1.1178947368421053
4065,256800,252225,1.1145833333333333,1.1178947368421053
4066,256800,252225,1.1145833333333333,1.1178947368421053
4067,256800,252225,1.1145833333333333,1.1178947368421053
4068,256800,252225,1.1145833333333333,1.1178947368421053
4069,256800,252225,1.1145833333333333,1.1178947368421053
4070,256800,252225,1.1145833333333333,1.1178947368421053
4071,256800,252225,1.1145833333333333,1.1178947368421053
4072,256800,252225,1.1145833333333333,1.1178947368421053
4073,256800,252225,1.1145833333333333,1.1178947368421053
4074,256800,252225,1.1145833333333333,1.1178947368421053
4075,251122,251122,1.0809128630705394,1.0809128630705394
4076,251122,251122,1.0809128630705394,1.0809128630705394
4077,251122,251122,1.0809128630705394,1.0809128630705394
4078,251122,251122,1.0809128630705394,1.0809128630705394
4079,251122,251122,1.0809128630705394,1.0809128630705394
4080,251122,251122,1.0809128630705394,1.0809128630705394
4081,251122,251122,1.0809128630705394,1.0809128630705394
4082,251122,251122,1.0809128630705394,1.0809128630705394
4083,251122,251122,1.0809128630705394,1.0809128630705394
4084,251122,251122,1.0809128630705394,1.0809128630705394
4085,251122,251122,1.0809128630705394,1.0809128630705394
4086,251122,251122,1.0809128630705394,1.0809128630705394
4087,251122,251122,1.0809128630705394,1.0809128630705394
4088,251122,251122,1.0809128630705394,1.0809128630705394
4089,251122,251122,1.0809128630705394,1.0809128630705394
4090,251122,251122,1.0809128630705394,1.0809128630705394
4091,251122,251122,1.0809128630705394,1.0809128630705394
4092,251122,251122,1.0809128630705394,1.0809128630705394
4093,251122,251122,1.0809128630705394,1.0809128630705394
4094,251122,251122,1.0809128630705394,1.0809128630705394
4095,251122,251122,1.0809128630705394,1.0809128630705394
4096,251122,251122,1.0809128630705394,1.0809128630705394
4097,251122,251122,1.0809128630705394,1.0809128630705394
4098,251122,251122,1.0809128630705394,1.0809128630705394
4099,251122,251122,1.0809128630705394,1.0809128630705394
4100,251122,251122,1.0809128630705394,1.0809128630705394
4101,251122,251122,1.0809128630705394,1.0809128630705394
4102,251122,251122,1.0809128630705394,1.0809128630705394
4103,251122,251122,1.0809128630705394,1.0809128630705394
4104,252685,251122,1.0742268041237113,1.0809128630705394
4105,252685,251122,1.0742268041237113,1.0809128630705394
4106,252685,251122,1.0742268041237113,1.0809128630705394
4107,252685,251122,1.0742268041237113,1.0809128630705394
4108,252685,251122,1.0742268041237113,1.0809128630705394
4109,252685,251122,1.0742268041237113,1.0809128630705394
4110,252685,251122,1.0742268041237113,1.0809128630705394
4111,252685,251122,1.0742268041237113,1.0809128630705394
4112,250640,250640,1.0788381742738589,1.0788381742738589
4113,250640,250640,1.0788381742738589,1.0788381742738589
4114,250640,250640,1.0788381742738589,1.0788381742738589
4115,250640,250640,1.0788381742738589,1.0788381742738589
4116,250640,250640,1.0788381742738589,1.0788381742738589
4117,250640,250640,1.0788381742738589,1.0788381742738589
4118,250640,250640,1.0788381742738589,1.0788381742738589
4119,250640,250640,1.0788381742738589,1.0788381742738589
4120,250640,250640,1.0788381742738589,1.0788381742738589
4121,250640,250640,1.0788381742738589,1.0788381742738589
4122,250640,250640,1.0788381742738589,1.0788381742738589
4123,250640,250640,1.0788381742738589,1.0788381742738589
4124,250640,250640,1.0788381742738589,1.0788381742738589
4125,250640,250640,1.0788381742738589,1.0788381742738589
4126,250640,250640,1.0788381742738589,1.0788381742738589
4127,250640,250640,1.0788381742738589,1.0788381742738589
4128,250640,250640,1.0788381742738589,1.0788381742738589
4129,250640,250640,1.0788381742738589,1.0788381742738589
4130,250640,250640,1.0788381742738589,1.0788381742738589
4131,250640,250640,1.0788381742738589,1.0788381742738589
4132,250640,250640,1.0788381742738589,1.0788381742738589
4133,250640,250640,1.0788381742738589,1.0788381742738589
4134,250640,250640,1.0788381742738589,1.0788381742738589
4135,250640,250640,1.0788381742738589,1.0788381742738589
4136,250640,250640,1.0788381742738589,1.0788381742738589
4137,250640,250640,1.0788381742738589,1.0788381742738589
4138,250640,250640,1.0788381742738589,1.0788381742738589
4139,250640,250640,1.0788381742738589,1.0788381742738589
4140,250640,250640,1.0788381742738589,1.0788381742738589
4141,250640,250640,1.0788381742738589,1.0788381742738589
4142,250640,250640,1.0788381742738589,1.0788381742738589
4143,250640,250640,1.0788381742738589,1.0788381742738589
4144,250640,250640,1.0788381742738589,1.0788381742738589
4145,250640,250640,1.0788381742738589,1.0788381742738589
4146,250640,250640,1.0788381742738589,1.0788381742738589
4147,250640,250640,1.0788381742738589,1.0788381742738589
4148,250640,250640,1.0788381742738589,1.0788381742738589
4149,250640,250640,1.0788381742738589,1.0788381742738589
4150,250640,250640,1.0788381742738589,1.0788381742738589
4151,250640,250640,1.0788381742738589,1.0788381742738589
4152,250640,250640,1.0788381742738589,1.0788381742738589
4153,250640,250640,1.0788381742738589,1.0788381742738589
4154,250640,250640,1.0788381742738589,1.0788381742738589
4155,250640,250640,1.0788381742738589,1.0788381742738589
4156,250640,250640,1.0788381742738589,1.0788381742738589
4157,250640,250640,1.0788381742738589,1.0788381742738589
4158,250640,250640,1.0788381742738589,1.0788381742738589
4159,250640,250640,1.0788381742738589,1.0788381742738589
4160,245820,245820,1.058091286307054,1.058091286307054
4161,245820,245820,1.058091286307054,1.058091286307054
4162,247748,245820,1.066390041493776,1.058091286307054
4163,247748,245820,1.066390041493776,1.058091286307054
4164,247748,245820,1.066390041493776,1.058091286307054
4165,247748,245820,1.066390041493776,1.058091286307054
4166,245820,245820,1.058091286307054,1.058091286307054
4167,245820,245820,1.058091286307054,1.058091286307054
4168,245820,245820,1.058091286307054,1.058091286307054
4169,245820,245820,1.058091286307054,1.058091286307054
4170,245820,245820,1.058091286307054,1.058091286307054
4171,245820,245820,1.058091286307054,1.058091286307054
4172,245820,245820,1.058091286307054,1.058091286307054
4173,245820,245820,1.058091286307054,1.058091286307054
4174,245820,245820,1.058091286307054,1.058091286307054
4175,245820,245820,1.058091286307054,1.058091286307054
4176,245820,245820,1.058091286307054,1.058091286307054
4177,245820,245820,1.058091286307054,1.058091286307054
4178,245820,245820,1.058091286307054,1.058091286307054
4179,245820,245820,1.058091286307054,1.058091286307054
4180,245820,245820,1.058091286307054,1.058091286307054
4181,245820,245820,1.058091286307054,1.058091286307054
4182,245820,245820,1.058091286307054,1.058091286307054
4183,245820,245820,1.058091286307054,1.058091286307054
4184,245338,245338,1.0560165975103735,1.0560165975103735
4185,245338,245338,1.0560165975103735,1.0560165975103735
4186,245338,245338,1.0560165975103735,1.0560165975103735
4187,245338,245338,1.0560165975103735,1.0560165975103735
4188,245338,245338,1.0560165975103735,1.0560165975103735
4189,245338,245338,1.0560165975103735,1.0560165975103735
4190,245338,245338,1.0560165975103735,1.0560165975103735
4191,245338,245338,1.0560165975103735,1.0560165975103735
4192,245338,245338,1.0560165975103735,1.0560165975103735
4193,245338,245338,1.0560165975103735,1.0560165975103735
4194,245338,245338,1.0560165975103735,1.0560165975103735
4195,245338,245338,1.0560165975103735,1.0560165975103735
4196,245338,245338,1.0560165975103735,1.0560165975103735
4197,245338,245338,1.0560165975103735,1.0560165975103735
4198,245338,245338,1.0560165975103735,1.0560165975103735
4199,245338,245338,1.0560165975103735,1.0560165975103735
4200,245338,245338,1.0560165975103735,1.0560165975103735
4201,245338,245338,1.0560165975103735,1.0560165975103735
4202,245338,245338,1.0560165975103735,1.0560165975103735
4203,245338,245338,1.0560165975103735,1.0560165975103735
4204,245338,245338,1.0560165975103735,1.0560165975103735
4205,245338,245338,1.0560165975103735,1.0560165975103735
4206,245338,245338,1.0560165975103735,1.0560165975103735
4207,245338,245338,1.0560165975103735,1.0560165975103735
4208,245338,245338,1.0560165975103735,1.0560165975103735
4209,245338,245338,1.0560165975103735,1.0560165975103735
4210,245338,245338,1.0560165975103735,1.0560165975103735
4211,245338,245338,1.0560165975103735,1.0560165975103735
4212,245338,245338,1.0560165975103735,1.0560165975103735
4213,245338,245338,1.0560165975103735,1.0560165975103735
4214,245338,245338,1.0560165975103735,1.0560165975103735
4215,245338,245338,1.0560165975103735,1.0560165975103735
4216,245338,245338,1.0560165975103735,1.0560165975103735
4217,245338,245338,1.0560165975103735,1.0560165975103735
4218,245338,245338,1.0560165975103735,1.0560165975103735
4219,245338,245338,1.0560165975103735,1.0560165975103735
4220,245338,245338,1.0560165975103735,1.0560165975103735
4221,245338,245338,1.0560165975103735,1.0560165975103735
4222,245338,245338,1.0560165975103735,1.0560165975103735
4223,245338,245338,1.0560165975103735,1.0560165975103735
4224,245338,245338,1.0560165975103735,1.0560165975103735
4225,245338,245338,1.0560165975103735,1.0560165975103735
4226,245338,245338,1.0560165975103735,1.0560165975103735
4227,245338,245338,1.0560165975103735,1.0560165975103735
4228,245338,245338,1.0560165975103735,1.0560165975103735
4229,245338,245338,1.0560165975103735,1.0560165975103735
4230,245338,245338,1.0560165975103735,1.0560165975103735
4231,245338,245338,1.0560165975103735,1.0560165975103735
4232,245338,245338,1.0560165975103735,1.0560165975103735
4233,245338,245338,1.0560165975103735,1.0560165975103735
4234,245338,245338,1.0560165975103735,1.0560165975103735
4235,245338,245338,1.0560165975103735,1.0560165975103735
4236,245338,245338,1.0560165975103735,1.0560165975103735
4237,245338,245338,1.0560165975103735,1.0560165975103735
4238,245338,245338,1.0560165975103735,1.0560165975103735
4239,245338,245338,1.0560165975103735,1.0560165975103735
4240,245338,245338,1.0560165975103735,1.0560165975103735
4241,245338,245338,1.0560165975103735,1.0560165975103735
4242,245338,245338,1.0560165975103735,1.0560165975103735
4243,245338,245338,1.0560165975103735,1.0560165975103735
4244,245338,245338,1.0560165975103735,1.0560165975103735
4245,245338,245338,1.0560165975103735,1.0560165975103735
4246,245338,245338,1.0560165975103735,1.0560165975103735
4247,245338,245338,1.0560165975103735,1.0560165975103735
4248,245338,245338,1.0560165975103735,1.0560165975103735
4249,245338,245338,1.0560165975103735,1.0560165975103735
4250,245338,245338,1.0560165975103735,1.0560165975103735
4251,245338,245338,1.0560165975103735,1.0560165975103735
4252,245338,245338,1.0560165975103735,1.0560165975103735
4253,245338,245338,1.0560165975103735,1.0560165975103735
4254,245338,245338,1.0560165975103735,1.0560165975103735
4255,245338,245338,1.0560165975103735,1.0560165975103735
4256,245338,245338,1.0560165975103735,1.0560165975103735
4257,245338,245338,1.0560165975103735,1.0560165975103735
4258,245338,245338,1.0560165975103735,1.0560165975103735
4259,245338,245338,1.0560165975103735,1.0560165975103735
4260,245338,245338,1.0560165975103735,1.0560165975103735
4261,245338,245338,1.0560165975103735,1.0560165975103735
4262,245338,245338,1.0560165975103735,1.0560165975103735
4263,245338,245338,1.0560165975103735,1.0560165975103735
4264,246356,245338,1.0516528925619835,1.0560165975103735
4265,246356,245338,1.0516528925619835,1.0560165975103735
4266,246356,245338,1.0516528925619835,1.0560165975103735
4267,246356,245338,1.0516528925619835,1.0560165975103735
4268,246356,245338,1.0516528925619835,1.0560165975103735
4269,246356,245338,1.0516528925619835,1.0560165975103735
4270,246356,245338,1.0516528925619835,1.0560165975103735
4271,246356,245338,1.0516528925619835,1.0560165975103735
4272,246356,245338,1.0516528925619835,1.0560165975103735
4273,246356,245338,1.0516528925619835,1.0560165975103735
4274,246356,245338,1.0516528925619835,1.0560165975103735
4275,246356,245338,1.0516528925619835,1.0560165975103735
4276,246356,245338,1.0516528925619835,1.0560165975103735
4277,246356,245338,1.0516528925619835,1.0560165975103735
4278,246356,245338,1.0516528925619835,1.0560165975103735
4279,246356,245338,1.0516528925619835,1.0560165975103735
4280,246356,245338,1.0516528925619835,1.0560165975103735
4281,246356,245338,1.0516528925619835,1.0560165975103735
4282,246356,245338,1.0516528925619835,1.0560165975103735
4283,246356,245338,1.0516528925619835,1.0560165975103735
4284,246356,245338,1.0516528925619835,1.0560165975103735
4285,246356,245338,1.0516528925619835,1.0560165975103735
4286,246356,245338,1.0516528925619835,1.0560165975103735
4287,246356,245338,1.0516528925619835,1.0560165975103735
4288,246356,245338,1.0516528925619835,1.0560165975103735
4289,246356,245338,1.0516528925619835,1.0560165975103735
4290,246356,245338,1.0516528925619835,1.0560165975103735
4291,246356,245338,1.0516528925619835,1.0560165975103735
4292,246356,245338,1.0516528925619835,1.0560165975103735
4293,246356,245338,1.0516528925619835,1.0560165975103735
4294,246356,245338,1.0516528925619835,1.0560165975103735
4295,246356,245338,1.0516528925619835,1.0560165975103735
4296,246356,245338,1.0516528925619835,1.0560165975103735
4297,246356,245338,1.0516528925619835,1.0560165975103735
4298,246356,245338,1.0516528925619835,1.0560165975103735
4299,242484,242484,1.0351239669421488,1.0351239669421488
4300,242484,242484,1.0351239669421488,1.0351239669421488
4301,242484,242484,1.0351239669421488,1.0351239669421488
4302,242484,242484,1.0351239669421488,1.0351239669421488
4303,242484,242484,1.0351239669421488,1.0351239669421488
4304,242484,242484,1.0351239669421488,1.0351239669421488
4305,242484,242484,1.0351239669421488,1.0351239669421488
4306,242484,242484,1.0351239669421488,1.0351239669421488
4307,242484,242484,1.0351239669421488,1.0351239669421488
4308,242484,242484,1.0351239669421488,1.0351239669421488
4309,242484,242484,1.0351239669421488,1.0351239669421488
4310,242484,242484,1.0351239669421488,1.0351239669421488
4311,242484,242484,1.0351239669421488,1.0351239669421488
4312,242484,242484,1.0351239669421488,1.0351239669421488
4313,242484,242484,1.0351239669421488,1.0351239669421488
4314,242484,242484,1.0351239669421488,1.0351239669421488
4315,242484,242484,1.0351239669421488,1.0351239669421488
4316,242484,242484,1.0351239669421488,1.0351239669421488
4317,242484,242484,1.0351239669421488,1.0351239669421488
4318,242484,242484,1.0351239669421488,1.0351239669421488
4319,242484,242484,1.0351239669421488,1.0351239669421488
4320,242484,242484,1.0351239669421488,1.0351239669421488
4321,242484,242484,1.0351239669421488,1.0351239669421488
4322,242484,242484,1.0351239669421488,1.0351239669421488
4323,242484,242484,1.0351239669421488,1.0351239669421488
4324,242484,242484,1.0351239669421488,1.0351239669421488
4325,242484,242484,1.0351239669421488,1.0351239669421488
4326,242484,242484,1.0351239669421488,1.0351239669421488
4327,242484,242484,1.0351239669421488,1.0351239669421488
4328,242484,242484,1.0351239669421488,1.0351239669421488
4329,243936,242484,1.0413223140495869,1.0351239669421488
4330,243936,242484,1.0413223140495869,1.0351239669421488
4331,243936,242484,1.0413223140495869,1.0351239669421488
4332,243936,242484,1.0413223140495869,1.0351239669421488
4333,243936,242484,1.0413223140495869,1.0351239669421488
4334,243936,242484,1.0413223140495869,1.0351239669421488
4335,243936,242484,1.0413223140495869,1.0351239669421488
4336,243936,242484,1.0413223140495869,1.0351239669421488
4337,243936,242484,1.0413223140495869,1.0351239669421488
4338,243936,242484,1.0413223140495869,1.0351239669421488
4339,243936,242484,1.0413223140495869,1.0351239669421488
4340,243936,242484,1.0413223140495869,1.0351239669421488
4341,243936,242484,1.0413223140495869,1.0351239669421488
4342,243936,242484,1.0413223140495869,1.0351239669421488
4343,243936,242484,1.0413223140495869,1.0351239669421488
4344,243936,242484,1.0413223140495869,1.0351239669421488
4345,243936,242484,1.0413223140495869,1.0351239669421488
4346,243936,242484,1.0413223140495869,1.0351239669421488
4347,243936,242484,1.0413223140495869,1.0351239669421488
4348,243936,242484,1.0413223140495869,1.0351239669421488
4349,243936,242484,1.0413223140495869,1.0351239669421488
4350,243936,242484,1.0413223140495869,1.0351239669421488
4351,243936,242484,1.0413223140495869,1.0351239669421488
4352,243936,242484,1.0413223140495869,1.0351239669421488
4353,243936,242484,1.0413223140495869,1.0351239669421488
4354,243936,242484,1.0413223140495869,1.0351239669421488
4355,243936,242484,1.0413223140495869,1.0351239669421488
4356,243936,242484,1.0413223140495869,1.0351239669421488
4357,243936,242484,1.0413223140495869,1.0351239669421488
4358,243936,242484,1.0413223140495869,1.0351239669421488
4359,243936,242484,1.0413223140495869,1.0351239669421488
4360,243936,242484,1.0413223140495869,1.0351239669421488
4361,243936,242484,1.0413223140495869,1.0351239669421488
4362,243936,242484,1.0413223140495869,1.0351239669421488
4363,243936,242484,1.0413223140495869,1.0351239669421488
4364,243936,242484,1.0413223140495869,1.0351239669421488
4365,243936,242484,1.0413223140495869,1.0351239669421488
4366,243936,242484,1.0413223140495869,1.0351239669421488
4367,243936,242484,1.0413223140495869,1.0351239669421488
4368,243936,242484,1.0413223140495869,1.0351239669421488
4369,243936,242484,1.0413223140495869,1.0351239669421488
4370,243936,242484,1.0413223140495869,1.0351239669421488
4371,243936,242484,1.0413223140495869,1.0351239669421488
4372,243936,242484,1.0413223140495869,1.0351239669421488
4373,243936,242484,1.0413223140495869,1.0351239669421488
4374,243936,242484,1.0413223140495869,1.0351239669421488
4375,243936,242484,1.0413223140495869,1.0351239669421488
4376,243936,242484,1.0413223140495869,1.0351239669421488
4377,243936,242484,1.0413223140495869,1.0351239669421488
4378,243936,242484,1.0413223140495869,1.0351239669421488
4379,243936,242484,1.0413223140495869,1.0351239669421488
4380,243936,242484,1.0413223140495869,1.0351239669421488
4381,243936,242484,1.0413223140495869,1.0351239669421488
4382,243936,242484,1.0413223140495869,1.0351239669421488
4383,243936,242484,1.0413223140495869,1.0351239669421488
4384,243936,242484,1.0413223140495869,1.0351239669421488
4385,243936,242484,1.0413223140495869,1.0351239669421488
4386,243936,242484,1.0413223140495869,1.0351239669421488
4387,243936,242484,1.0413223140495869,1.0351239669421488
4388,243936,242484,1.0413223140495869,1.0351239669421488
4389,243936,242484,1.0413223140495869,1.0351239669421488
4390,243936,242484,1.0413223140495869,1.0351239669421488
4391,243936,242484,1.0413223140495869,1.0351239669421488
4392,243936,242484,1.0413223140495869,1.0351239669421488
4393,243936,242484,1.0413223140495869,1.0351239669421488
4394,243936,242484,1.0413223140495869,1.0351239669421488
4395,243936,242484,1.0413223140495869,1.0351239669421488
4396,243936,242484,1.0413223140495869,1.0351239669421488
4397,243936,242484,1.0413223140495869,1.0351239669421488
4398,243936,242484,1.0413223140495869,1.0351239669421488
4399,243936,242484,1.0413223140495869,1.0351239669421488
4400,243936,242484,1.0413223140495869,1.0351239669421488
4401,243936,242484,1.0413223140495869,1.0351239669421488
4402,243936,242484,1.0413223140495869,1.0351239669421488
4403,242484,242484,1.0351239669421488,1.0351239669421488
4404,242484,242484,1.0351239669421488,1.0351239669421488
4405,242484,242484,1.0351239669421488,1.0351239669421488
4406,242484,242484,1.0351239669421488,1.0351239669421488
4407,242484,242484,1.0351239669421488,1.0351239669421488
4408,242484,242484,1.0351239669421488,1.0351239669421488
4409,242484,242484,1.0351239669421488,1.0351239669421488
4410,242484,242484,1.0351239669421488,1.0351239669421488
4411,242484,242484,1.0351239669421488,1.0351239669421488
4412,242484,242484,1.0351239669421488,1.0351239669421488
4413,242484,242484,1.0351239669421488,1.0351239669421488
4414,242484,242484,1.0351239669421488,1.0351239669421488
4415,242484,242484,1.0351239669421488,1.0351239669421488
4416,242484,242484,1.0351239669421488,1.0351239669421488
4417,242484,242484,1.0351239669421488,1.0351239669421488
4418,242484,242484,1.0351239669421488,1.0351239669421488
4419,242484,242484,1.0351239669421488,1.0351239669421488
4420,241983,241983,1.0372670807453417,1.0372670807453417
4421,241983,241983,1.0372670807453417,1.0372670807453417
4422,241983,241983,1.0372670807453417,1.0372670807453417
4423,241983,241983,1.0372670807453417,1.0372670807453417
4424,241983,241983,1.0372670807453417,1.0372670807453417
4425,241983,241983,1.0372670807453417,1.0372670807453417
4426,241983,241983,1.0372670807453417,1.0372670807453417
4427,241983,241983,1.0372670807453417,1.0372670807453417
4428,241983,241983,1.0372670807453417,1.0372670807453417
4429,241983,241983,1.0372670807453417,1.0372670807453417
4430,241983,241983,1.0372670807453417,1.0372670807453417
4431,241983,241983,1.0372670807453417,1.0372670807453417
4432,241983,241983,1.0372670807453417,1.0372670807453417
4433,241983,241983,1.0372670807453417,1.0372670807453417
4434,240981,240981,1.0415800415800416,1.0415800415800416
4435,240981,240981,1.0415800415800416,1.0415800415800416
4436,240981,240981,1.0415800415800416,1.0415800415800416
4437,240981,240981,1.0415800415800416,1.0415800415800416
4438,240981,240981,1.0415800415800416,1.0415800415800416
4439,240981,240981,1.0415800415800416,1.0415800415800416
4440,240981,240981,1.0415800415800416,1.0415800415800416
4441,240981,240981,1.0415800415800416,1.0415800415800416
4442,240981,240981,1.0415800415800416,1.0415800415800416
4443,240981,240981,1.0415800415800416,1.0415800415800416
4444,240981,240981,1.0415800415800416,1.0415800415800416
4445,240981,240981,1.0415800415800416,1.0415800415800416
4446,240981,240981,1.0415800415800416,1.0415800415800416
4447,240981,240981,1.0415800415800416,1.0415800415800416
4448,240981,240981,1.0415800415800416,1.0415800415800416
4449,240981,240981,1.0415800415800416,1.0415800415800416
4450,240981,240981,1.0415800415800416,1.0415800415800416
4451,240981,240981,1.0415800415800416,1.0415800415800416
4452,240981,240981,1.0415800415800416,1.0415800415800416
4453,240981,240981,1.0415800415800416,1.0415800415800416
4454,240981,240981,1.0415800415800416,1.0415800415800416
4455,240981,240981,1.0415800415800416,1.0415800415800416
4456,240981,240981,1.0415800415800416,1.0415800415800416
4457,240981,240981,1.0415800415800416,1.0415800415800416
4458,241462,240981,1.0436590436590436,1.0415800415800416
4459,241462,240981,1.0436590436590436,1.0415800415800416
4460,241462,240981,1.0436590436590436,1.0415800415800416
4461,241462,240981,1.0436590436590436,1.0415800415800416
4462,241462,240981,1.0436590436590436,1.0415800415800416
4463,241462,240981,1.0436590436590436,1.0415800415800416
4464,241462,240981,1.0436590436590436,1.0415800415800416
4465,241462,240981,1.0436590436590436,1.0415800415800416
4466,241462,240981,1.0436590436590436,1.0415800415800416
4467,241462,240981,1.0436590436590436,1.0415800415800416
4468,241462,240981,1.0436590436590436,1.0415800415800416
4469,241462,240981,1.0436590436590436,1.0415800415800416
4470,241462,240981,1.0436590436590436,1.0415800415800416
4471,241462,240981,1.0436590436590436,1.0415800415800416
4472,241462,240981,1.0436590436590436,1.0415800415800416
4473,241462,240981,1.0436590436590436,1.0415800415800416
4474,241462,240981,1.0436590436590436,1.0415800415800416
4475,241462,240981,1.0436590436590436,1.0415800415800416
4476,241462,240981,1.0436590436590436,1.0415800415800416
4477,241462,240981,1.0436590436590436,1.0415800415800416
4478,241462,240981,1.0436590436590436,1.0415800415800416
4479,241462,240981,1.0436590436590436,1.0415800415800416
4480,241462,240981,1.0436590436590436,1.0415800415800416
4481,241462,240981,1.0436590436590436,1.0415800415800416
4482,241462,240981,1.0436590436590436,1.0415800415800416
4483,241462,240981,1.0436590436590436,1.0415800415800416
4484,241462,240981,1.0436590436590436,1.0415800415800416
4485,241462,240981,1.0436590436590436,1.0415800415800416
4486,241462,240981,1.0436590436590436,1.0415800415800416
4487,241462,240981,1.0436590436590436,1.0415800415800416
4488,241462,240981,1.0436590436590436,1.0415800415800416
4489,241462,240981,1.0436590436590436,1.0415800415800416
4490,241462,240981,1.0436590436590436,1.0415800415800416
4491,241462,240981,1.0436590436590436,1.0415800415800416
4492,241462,240981,1.0436590436590436,1.0415800415800416
4493,241462,240981,1.0436590436590436,1.0415800415800416
4494,241462,240981,1.0436590436590436,1.0415800415800416
4495,241462,240981,1.0436590436590436,1.0415800415800416
4496,241462,240981,1.0436590436590436,1.0415800415800416
4497,241462,240981,1.0436590436590436,1.0415800415800416
4498,241462,240981,1.0436590436590436,1.0415800415800416
4499,241462,240981,1.0436590436590436,1.0415800415800416
4500,241462,240981,1.0436590436590436,1.0415800415800416
4501,241462,240981,1.0436590436590436,1.0415800415800416
4502,241462,240981,1.0436590436590436,1.0415800415800416
4503,241462,240981,1.0436590436590436,1.0415800415800416
4504,241462,240981,1.0436590436590436,1.0415800415800416
4505,241462,240981,1.0436590436590436,1.0415800415800416
4506,241462,240981,1.0436590436590436,1.0415800415800416
4507,241462,240981,1.0436590436590436,1.0415800415800416
4508,241462,240981,1.0436590436590436,1.0415800415800416
4509,241462,240981,1.0436590436590436,1.0415800415800416
4510,241462,240981,1.0436590436590436,1.0415800415800416
4511,241462,240981,1.0436590436590436,1.0415800415800416
4512,241462,240981,1.0436590436590436,1.0415800415800416
4513,241462,240981,1.0436590436590436,1.0415800415800416
4514,241462,240981,1.0436590436590436,1.0415800415800416
4515,241462,240981,1.0436590436590436,1.0415800415800416
4516,243270,240981,1.069182389937107,1.0415800415800416
4517,243270,240981,1.069182389937107,1.0415800415800416
4518,243270,240981,1.069182389937107,1.0415800415800416
4519,243270,240981,1.069182389937107,1.0415800415800416
4520,243270,240981,1.069182389937107,1.0415800415800416
4521,243270,240981,1.069182389937107,1.0415800415800416
4522,243270,240981,1.069182389937107,1.0415800415800416
4523,243270,240981,1.069182389937107,1.0415800415800416
4524,243270,240981,1.069182389937107,1.0415800415800416
4525,243270,240981,1.069182389937107,1.0415800415800416
4526,243270,240981,1.069182389937107,1.0415800415800416
4527,243270,240981,1.069182389937107,1.0415800415800416
4528,243270,240981,1.069182389937107,1.0415800415800416
4529,243270,240981,1.069182389937107,1.0415800415800416
4530,243270,240981,1.069182389937107,1.0415800415800416
4531,243270,240981,1.069182389937107,1.0415800415800416
4532,243270,240981,1.069182389937107,1.0415800415800416
4533,243270,240981,1.069182389937107,1.0415800415800416
4534,243270,240981,1.069182389937107,1.0415800415800416
4535,243270,240981,1.069182389937107,1.0415800415800416
4536,243270,240981,1.069182389937107,1.0415800415800416
4537,243270,240981,1.069182389937107,1.0415800415800416
4538,243270,240981,1.069182389937107,1.0415800415800416
4539,243270,240981,1.069182389937107,1.0415800415800416
4540,243270,240981,1.069182389937107,1.0415800415800416
4541,243270,240981,1.069182389937107,1.0415800415800416
4542,243270,240981,1.069182389937107,1.0415800415800416
4543,243270,240981,1.069182389937107,1.0415800415800416
4544,243270,240981,1.069182389937107,1.0415800415800416
4545,243270,240981,1.069182389937107,1.0415800415800416
4546,243270,240981,1.069182389937107,1.0415800415800416
4547,243270,240981,1.069182389937107,1.0415800415800416
4548,243270,240981,1.069182389937107,1.0415800415800416
4549,243270,240981,1.069182389937107,1.0415800415800416
4550,243270,240981,1.069182389937107,1.0415800415800416
4551,243270,240981,1.069182389937107,1.0415800415800416
4552,243270,240981,1.069182389937107,1.0415800415800416
4553,243270,240981,1.069182389937107,1.0415800415800416
4554,243270,240981,1.069182389937107,1.0415800415800416
4555,243270,240981,1.069182389937107,1.0415800415800416
4556,243270,240981,1.069182389937107,1.0415800415800416
4557,243270,240981,1.069182389937107,1.0415800415800416
4558,243270,240981,1.069182389937107,1.0415800415800416
4559,243270,240981,1.069182389937107,1.0415800415800416
4560,243270,240981,1.069182389937107,1.0415800415800416
4561,243270,240981,1.069182389937107,1.0415800415800416
4562,243270,240981,1.069182389937107,1.0415800415800416
4563,243270,240981,1.069182389937107,1.0415800415800416
4564,243270,240981,1.069182389937107,1.0415800415800416
4565,243270,240981,1.069182389937107,1.0415800415800416
4566,243270,240981,1.069182389937107,1.0415800415800416
4567,243270,240981,1.069182389937107,1.0415800415800416
4568,243270,240981,1.069182389937107,1.0415800415800416
4569,243270,240981,1.069182389937107,1.0415800415800416
4570,243270,240981,1.069182389937107,1.0415800415800416
4571,243270,240981,1.069182389937107,1.0415800415800416
4572,243270,240981,1.069182389937107,1.0415800415800416
4573,243270,240981,1.069182389937107,1.0415800415800416
4574,243270,240981,1.069182389937107,1.0415800415800416
4575,243270,240981,1.069182389937107,1.0415800415800416
4576,243270,240981,1.069182389937107,1.0415800415800416
4577,244224,240981,1.0733752620545074,1.0415800415800416
4578,244224,240981,1.0733752620545074,1.0415800415800416
4579,244224,240981,1.0733752620545074,1.0415800415800416
4580,244224,240981,1.0733752620545074,1.0415800415800416
4581,244224,240981,1.0733752620545074,1.0415800415800416
4582,244224,240981,1.0733752620545074,1.0415800415800416
4583,244224,240981,1.0733752620545074,1.0415800415800416
4584,245655,240981,1.079664570230608,1.0415800415800416
4585,246609,240981,1.0838574423480083,1.0415800415800416
4586,246609,240981,1.0838574423480083,1.0415800415800416
4587,246609,240981,1.0838574423480083,1.0415800415800416
4588,246609,240981,1.0838574423480083,1.0415800415800416
4589,246609,240981,1.0838574423480083,1.0415800415800416
4590,246609,240981,1.0838574423480083,1.0415800415800416
4591,246609,240981,1.0838574423480083,1.0415800415800416
4592,246609,240981,1.0838574423480083,1.0415800415800416
4593,246609,240981,1.0838574423480083,1.0415800415800416
4594,246609,240981,1.0838574423480083,1.0415800415800416
4595,246609,240981,1.0838574423480083,1.0415800415800416
4596,246609,240981,1.0838574423480083,1.0415800415800416
4597,246609,240981,1.0838574423480083,1.0415800415800416
4598,246609,240981,1.0838574423480083,1.0415800415800416
4599,246609,240981,1.0838574423480083,1.0415800415800416
4600,246609,240981,1.0838574423480083,1.0415800415800416
4601,246609,240981,1.0838574423480083,1.0415800415800416
4602,246609,240981,1.0838574423480083,1.0415800415800416
4603,246609,240981,1.0838574423480083,1.0415800415800416
4604,246609,240981,1.0838574423480083,1.0415800415800416
4605,246609,240981,1.0838574423480083,1.0415800415800416
4606,246609,240981,1.0838574423480083,1.0415800415800416
4607,246609,240981,1.0838574423480083,1.0415800415800416
4608,246609,240981,1.0838574423480083,1.0415800415800416
4609,246609,240981,1.0838574423480083,1.0415800415800416
4610,246609,240981,1.0838574423480083,1.0415800415800416
4611,246609,240981,1.0838574423480083,1.0415800415800416
4612,246609,240981,1.0838574423480083,1.0415800415800416
4613,246609,240981,1.0838574423480083,1.0415800415800416
4614,246609,240981,1.0838574423480083,1.0415800415800416
4615,246609,240981,1.0838574423480083,1.0415800415800416
4616,246609,240981,1.0838574423480083,1.0415800415800416
4617,246609,240981,1.0838574423480083,1.0415800415800416
4618,246609,240981,1.0838574423480083,1.0415800415800416
4619,246609,240981,1.0838574423480083,1.0415800415800416
4620,246609,240981,1.0838574423480083,1.0415800415800416
4621,247086,240981,1.0859538784067087,1.0415800415800416
4622,247086,240981,1.0859538784067087,1.0415800415800416
4623,247086,240981,1.0859538784067087,1.0415800415800416
4624,247086,240981,1.0859538784067087,1.0415800415800416
4625,247086,240981,1.0859538784067087,1.0415800415800416
4626,247086,240981,1.0859538784067087,1.0415800415800416
4627,247086,240981,1.0859538784067087,1.0415800415800416
4628,247086,240981,1.0859538784067087,1.0415800415800416
4629,247086,240981,1.0859538784067087,1.0415800415800416
4630,247086,240981,1.0859538784067087,1.0415800415800416
4631,247086,240981,1.0859538784067087,1.0415800415800416
4632,247086,240981,1.0859538784067087,1.0415800415800416
4633,247086,240981,1.0859538784067087,1.0415800415800416
4634,247086,240981,1.0859538784067087,1.0415800415800416
4635,247086,240981,1.0859538784067087,1.0415800415800416
4636,247086,240981,1.0859538784067087,1.0415800415800416
4637,247086,240981,1.0859538784067087,1.0415800415800416
4638,247086,240981,1.0859538784067087,1.0415800415800416
4639,247086,240981,1.0859538784067087,1.0415800415800416
4640,247086,240981,1.0859538784067087,1.0415800415800416
4641,247086,240981,1.0859538784067087,1.0415800415800416
4642,247086,240981,1.0859538784067087,1.0415800415800416
4643,247086,240981,1.0859538784067087,1.0415800415800416
4644,247086,240981,1.0859538784067087,1.0415800415800416
4645,247086,240981,1.0859538784067087,1.0415800415800416
4646,247086,240981,1.0859538784067087,1.0415800415800416
4647,247086,240981,1.0859538784067087,1.0415800415800416
4648,247086,240981,1.0859538784067087,1.0415800415800416
4649,247086,240981,1.0859538784067087,1.0415800415800416
4650,247086,240981,1.0859538784067087,1.0415800415800416
4651,247086,240981,1.0859538784067087,1.0415800415800416
4652,247086,240981,1.0859538784067087,1.0415800415800416
4653,247086,240981,1.0859538784067087,1.0415800415800416
4654,247086,240981,1.0859538784067087,1.0415800415800416
4655,247086,240981,1.0859538784067087,1.0415800415800416
4656,247086,240981,1.0859538784067087,1.0415800415800416
4657,247086,240981,1.0859538784067087,1.0415800415800416
4658,247086,240981,1.0859538784067087,1.0415800415800416
4659,247086,240981,1.0859538784067087,1.0415800415800416
4660,247086,240981,1.0859538784067087,1.0415800415800416
4661,247086,240981,1.0859538784067087,1.0415800415800416
4662,247086,240981,1.0859538784067087,1.0415800415800416
4663,247086,240981,1.0859538784067087,1.0415800415800416
4664,247086,240981,1.0859538784067087,1.0415800415800416
4665,247086,240981,1.0859538784067087,1.0415800415800416
4666,247086,240981,1.0859538784067087,1.0415800415800416
4667,247086,240981,1.0859538784067087,1.0415800415800416
4668,247086,240981,1.0859538784067087,1.0415800415800416
4669,247086,240981,1.0859538784067087,1.0415800415800416
4670,247086,240981,1.0859538784067087,1.0415800415800416
4671,247086,240981,1.0859538784067087,1.0415800415800416
4672,247086,240981,1.0859538784067087,1.0415800415800416
4673,247086,240981,1.0859538784067087,1.0415800415800416
4674,247086,240981,1.0859538784067087,1.0415800415800416
4675,247086,240981,1.0859538784067087,1.0415800415800416
4676,247086,240981,1.0859538784067087,1.0415800415800416
4677,247086,240981,1.0859538784067087,1.0415800415800416
4678,247086,240981,1.0859538784067087,1.0415800415800416
4679,247086,240981,1.0859538784067087,1.0415800415800416
4680,247086,240981,1.0859538784067087,1.0415800415800416
4681,247086,240981,1.0859538784067087,1.0415800415800416
4682,248040,240981,1.090146750524109,1.0415800415800416
4683,248040,240981,1.090146750524109,1.0415800415800416
4684,248040,240981,1.090146750524109,1.0415800415800416
4685,248040,240981,1.090146750524109,1.0415800415800416
4686,248040,240981,1.090146750524109,1.0415800415800416
4687,248040,240981,1.090146750524109,1.0415800415800416
4688,248040,240981,1.090146750524109,1.0415800415800416
4689,248040,240981,1.090146750524109,1.0415800415800416
4690,248040,240981,1.090146750524109,1.0415800415800416
4691,248040,240981,1.090146750524109,1.0415800415800416
4692,248040,240981,1.090146750524109,1.0415800415800416
4693,248040,240981,1.090146750524109,1.0415800415800416
4694,248040,240981,1.090146750524109,1.0415800415800416
4695,248040,240981,1.090146750524109,1.0415800415800416
4696,248040,240981,1.090146750524109,1.0415800415800416
4697,248040,240981,1.090146750524109,1.0415800415800416
4698,248040,240981,1.090146750524109,1.0415800415800416
4699,248040,240981,1.090146750524109,1.0415800415800416
4700,248040,240981,1.090146750524109,1.0415800415800416
4701,248040,240981,1.090146750524109,1.0415800415800416
4702,248040,240981,1.090146750524109,1.0415800415800416
4703,248040,240981,1.090146750524109,1.0415800415800416
4704,248040,240981,1.090146750524109,1.0415800415800416
4705,248040,240981,1.090146750524109,1.0415800415800416
4706,248040,240981,1.090146750524109,1.0415800415800416
4707,248040,240981,1.090146750524109,1.0415800415800416
4708,248040,240981,1.090146750524109,1.0415800415800416
4709,248040,240981,1.090146750524109,1.0415800415800416
4710,248040,240981,1.090146750524109,1.0415800415800416
4711,248040,240981,1.090146750524109,1.0415800415800416
4712,248040,240981,1.090146750524109,1.0415800415800416
4713,248040,240981,1.090146750524109,1.0415800415800416
4714,248040,240981,1.090146750524109,1.0415800415800416
4715,248040,240981,1.090146750524109,1.0415800415800416
4716,248040,240981,1.090146750524109,1.0415800415800416
4717,248040,240981,1.090146750524109,1.0415800415800416
4718,248040,240981,1.090146750524109,1.0415800415800416
4719,248040,240981,1.090146750524109,1.0415800415800416
4720,248040,240981,1.090146750524109,1.0415800415800416
4721,248040,240981,1.090146750524109,1.0415800415800416
4722,248040,240981,1.090146750524109,1.0415800415800416
4723,248040,240981,1.090146750524109,1.0415800415800416
4724,248040,240981,1.090146750524109,1.0415800415800416
4725,248040,240981,1.090146750524109,1.0415800415800416
4726,248040,240981,1.090146750524109,1.0415800415800416
4727,248040,240981,1.090146750524109,1.0415800415800416
4728,248040,240981,1.090146750524109,1.0415800415800416
4729,248040,240981,1.090146750524109,1.0415800415800416
4730,248040,240981,1.090146750524109,1.0415800415800416
4731,248040,240981,1.090146750524109,1.0415800415800416
4732,248040,240981,1.090146750524109,1.0415800415800416
4733,248040,240981,1.090146750524109,1.0415800415800416
4734,248040,240981,1.090146750524109,1.0415800415800416
4735,248040,240981,1.090146750524109,1.0415800415800416
4736,248040,240981,1.090146750524109,1.0415800415800416
4737,248040,240981,1.090146750524109,1.0415800415800416
4738,248040,240981,1.090146750524109,1.0415800415800416
4739,248040,240981,1.090146750524109,1.0415800415800416
4740,242840,240981,1.113490364025696,1.0415800415800416
4741,242840,240981,1.113490364025696,1.0415800415800416
4742,242840,240981,1.113490364025696,1.0415800415800416
4743,242840,240981,1.113490364025696,1.0415800415800416
4744,244708,240981,1.1220556745182013,1.0415800415800416
4745,244708,240981,1.1220556745182013,1.0415800415800416
4746,244708,240981,1.1220556745182013,1.0415800415800416
4747,244184,240981,1.1244635193133048,1.0415800415800416
4748,244184,240981,1.1244635193133048,1.0415800415800416
4749,244184,240981,1.1244635193133048,1.0415800415800416
4750,244184,240981,1.1244635193133048,1.0415800415800416
4751,244184,240981,1.1244635193133048,1.0415800415800416
4752,244184,240981,1.1244635193133048,1.0415800415800416
4753,244184,240981,1.1244635193133048,1.0415800415800416
4754,244184,240981,1.1244635193133048,1.0415800415800416
4755,244184,240981,1.1244635193133048,1.0415800415800416
4756,244184,240981,1.1244635193133048,1.0415800415800416
4757,244184,240981,1.1244635193133048,1.0415800415800416
4758,244184,240981,1.1244635193133048,1.0415800415800416
4759,244184,240981,1.1244635193133048,1.0415800415800416
4760,244184,240981,1.1244635193133048,1.0415800415800416
4761,244184,240981,1.1244635193133048,1.0415800415800416
4762,244184,240981,1.1244635193133048,1.0415800415800416
4763,244184,240981,1.1244635193133048,1.0415800415800416
4764,244184,240981,1.1244635193133048,1.0415800415800416
4765,244184,240981,1.1244635193133048,1.0415800415800416
4766,244184,240981,1.1244635193133048,1.0415800415800416
4767,244184,240981,1.1244635193133048,1.0415800415800416
4768,244184,240981,1.1244635193133048,1.0415800415800416
4769,244184,240981,1.1244635193133048,1.0415800415800416
4770,244184,240981,1.1244635193133048,1.0415800415800416
4771,244184,240981,1.1244635193133048,1.0415800415800416
4772,244184,240981,1.1244635193133048,1.0415800415800416
4773,244184,240981,1.1244635193133048,1.0415800415800416
4774,244184,240981,1.1244635193133048,1.0415800415800416
4775,244184,240981,1.1244635193133048,1.0415800415800416
4776,244184,240981,1.1244635193133048,1.0415800415800416
4777,244184,240981,1.1244635193133048,1.0415800415800416
4778,244184,240981,1.1244635193133048,1.0415800415800416
4779,244184,240981,1.1244635193133048,1.0415800415800416
4780,244184,240981,1.1244635193133048,1.0415800415800416
4781,244184,240981,1.1244635193133048,1.0415800415800416
4782,244184,240981,1.1244635193133048,1.0415800415800416
4783,244184,240981,1.1244635193133048,1.0415800415800416
4784,244184,240981,1.1244635193133048,1.0415800415800416
4785,244184,240981,1.1244635193133048,1.0415800415800416
4786,244184,240981,1.1244635193133048,1.0415800415800416
4787,244184,240981,1.1244635193133048,1.0415800415800416
4788,244184,240981,1.1244635193133048,1.0415800415800416
4789,244184,240981,1.1244635193133048,1.0415800415800416
4790,244184,240981,1.1244635193133048,1.0415800415800416
4791,244184,240981,1.1244635193133048,1.0415800415800416
4792,244184,240981,1.1244635193133048,1.0415800415800416
4793,244184,240981,1.1244635193133048,1.0415800415800416
4794,244184,240981,1.1244635193133048,1.0415800415800416
4795,244184,240981,1.1244635193133048,1.0415800415800416
4796,244184,240981,1.1244635193133048,1.0415800415800416
4797,244184,240981,1.1244635193133048,1.0415800415800416
4798,244184,240981,1.1244635193133048,1.0415800415800416
4799,244184,240981,1.1244635193133048,1.0415800415800416
4800,244184,240981,1.1244635193133048,1.0415800415800416
4801,244184,240981,1.1244635193133048,1.0415800415800416
4802,244184,240981,1.1244635193133048,1.0415800415800416
4803,244184,240981,1.1244635193133048,1.0415800415800416
4804,244184,240981,1.1244635193133048,1.0415800415800416
4805,244184,240981,1.1244635193133048,1.0415800415800416
4806,244184,240981,1.1244635193133048,1.0415800415800416
4807,244184,240981,1.1244635193133048,1.0415800415800416
4808,244184,240981,1.1244635193133048,1.0415800415800416
4809,244184,240981,1.1244635193133048,1.0415800415800416
4810,244184,240981,1.1244635193133048,1.0415800415800416
4811,244184,240981,1.1244635193133048,1.0415800415800416
4812,244184,240981,1.1244635193133048,1.0415800415800416
4813,244184,240981,1.1244635193133048,1.0415800415800416
4814,244184,240981,1.1244635193133048,1.0415800415800416
4815,244184,240981,1.1244635193133048,1.0415800415800416
4816,244184,240981,1.1244635193133048,1.0415800415800416
4817,244184,240981,1.1244635193133048,1.0415800415800416
4818,244184,240981,1.1244635193133048,1.0415800415800416
4819,241854,240981,1.113733905579399,1.0415800415800416
4820,241854,240981,1.113733905579399,1.0415800415800416
4821,241854,240981,1.113733905579399,1.0415800415800416
4822,241854,240981,1.113733905579399,1.0415800415800416
4823,241854,240981,1.113733905579399,1.0415800415800416
4824,241854,240981,1.113733905579399,1.0415800415800416
4825,242892,240981,1.108974358974359,1.0415800415800416
4826,242892,240981,1.108974358974359,1.0415800415800416
4827,242892,240981,1.108974358974359,1.0415800415800416
4828,242892,240981,1.108974358974359,1.0415800415800416
4829,242892,240981,1.108974358974359,1.0415800415800416
4830,242892,240981,1.108974358974359,1.0415800415800416
4831,242892,240981,1.108974358974359,1.0415800415800416
4832,242892,240981,1.108974358974359,1.0415800415800416
4833,242892,240981,1.108974358974359,1.0415800415800416
4834,242892,240981,1.108974358974359,1.0415800415800416
4835,242892,240981,1.108974358974359,1.0415800415800416
4836,242892,240981,1.108974358974359,1.0415800415800416
4837,242892,240981,1.108974358974359,1.0415800415800416
4838,241488,240981,1.1025641025641026,1.0415800415800416
4839,241488,240981,1.1025641025641026,1.0415800415800416
4840,241488,240981,1.1025641025641026,1.0415800415800416
4841,241488,240981,1.1025641025641026,1.0415800415800416
4842,241488,240981,1.1025641025641026,1.0415800415800416
4843,241488,240981,1.1025641025641026,1.0415800415800416
4844,241488,240981,1.1025641025641026,1.0415800415800416
4845,241488,240981,1.1025641025641026,1.0415800415800416
4846,241488,240981,1.1025641025641026,1.0415800415800416
4847,241488,240981,1.1025641025641026,1.0415800415800416
4848,241488,240981,1.1025641025641026,1.0415800415800416
4849,241488,240981,1.1025641025641026,1.0415800415800416
4850,241488,240981,1.1025641025641026,1.0415800415800416
4851,241488,240981,1.1025641025641026,1.0415800415800416
4852,241488,240981,1.1025641025641026,1.0415800415800416
4853,241488,240981,1.1025641025641026,1.0415800415800416
4854,241488,240981,1.1025641025641026,1.0415800415800416
4855,241488,240981,1.1025641025641026,1.0415800415800416
4856,241488,240981,1.1025641025641026,1.0415800415800416
4857,241488,240981,1.1025641025641026,1.0415800415800416
4858,241488,240981,1.1025641025641026,1.0415800415800416
4859,241488,240981,1.1025641025641026,1.0415800415800416
4860,241488,240981,1.1025641025641026,1.0415800415800416
4861,241488,240981,1.1025641025641026,1.0415800415800416
4862,241488,240981,1.1025641025641026,1.0415800415800416
4863,241488,240981,1.1025641025641026,1.0415800415800416
4864,241488,240981,1.1025641025641026,1.0415800415800416
4865,241488,240981,1.1025641025641026,1.0415800415800416
4866,241488,240981,1.1025641025641026,1.0415800415800416
4867,241488,240981,1.1025641025641026,1.0415800415800416
4868,241488,240981,1.1025641025641026,1.0415800415800416
4869,241488,240981,1.1025641025641026,1.0415800415800416
4870,241488,240981,1.1025641025641026,1.0415800415800416
4871,241488,240981,1.1025641025641026,1.0415800415800416
4872,241488,240981,1.1025641025641026,1.0415800415800416
4873,241488,240981,1.1025641025641026,1.0415800415800416
4874,241488,240981,1.1025641025641026,1.0415800415800416
4875,241488,240981,1.1025641025641026,1.0415800415800416
4876,241488,240981,1.1025641025641026,1.0415800415800416
4877,241488,240981,1.1025641025641026,1.0415800415800416
4878,241488,240981,1.1025641025641026,1.0415800415800416
4879,241488,240981,1.1025641025641026,1.0415800415800416
4880,241488,240981,1.1025641025641026,1.0415800415800416
4881,241488,240981,1.1025641025641026,1.0415800415800416
4882,241488,240981,1.1025641025641026,1.0415800415800416
4883,241488,240981,1.1025641025641026,1.0415800415800416
4884,241488,240981,1.1025641025641026,1.0415800415800416
4885,241488,240981,1.1025641025641026,1.0415800415800416
4886,241488,240981,1.1025641025641026,1.0415800415800416
4887,241488,240981,1.1025641025641026,1.0415800415800416
4888,241488,240981,1.1025641025641026,1.0415800415800416
4889,241488,240981,1.1025641025641026,1.0415800415800416
4890,241488,240981,1.1025641025641026,1.0415800415800416
4891,241488,240981,1.1025641025641026,1.0415800415800416
4892,241488,240981,1.1025641025641026,1.0415800415800416
4893,241488,240981,1.1025641025641026,1.0415800415800416
4894,241488,240981,1.1025641025641026,1.0415800415800416
4895,241488,240981,1.1025641025641026,1.0415800415800416
4896,241488,240981,1.1025641025641026,1.0415800415800416
4897,241488,240981,1.1025641025641026,1.0415800415800416
4898,241488,240981,1.1025641025641026,1.0415800415800416
4899,241488,240981,1.1025641025641026,1.0415800415800416
4900,241488,240981,1.1025641025641026,1.0415800415800416
4901,241488,240981,1.1025641025641026,1.0415800415800416
4902,241488,240981,1.1025641025641026,1.0415800415800416
4903,241488,240981,1.1025641025641026,1.0415800415800416
4904,241488,240981,1.1025641025641026,1.0415800415800416
4905,241488,240981,1.1025641025641026,1.0415800415800416
4906,241488,240981,1.1025641025641026,1.0415800415800416
4907,241488,240981,1.1025641025641026,1.0415800415800416
4908,241488,240981,1.1025641025641026,1.0415800415800416
4909,241488,240981,1.1025641025641026,1.0415800415800416
4910,241488,240981,1.1025641025641026,1.0415800415800416
4911,241488,240981,1.1025641025641026,1.0415800415800416
4912,241488,240981,1.1025641025641026,1.0415800415800416
4913,241488,240981,1.1025641025641026,1.0415800415800416
4914,241488,240981,1.1025641025641026,1.0415800415800416
4915,241488,240981,1.1025641025641026,1.0415800415800416
4916,241488,240981,1.1025641025641026,1.0415800415800416
4917,241488,240981,1.1025641025641026,1.0415800415800416
4918,241488,240981,1.1025641025641026,1.0415800415800416
4919,241488,240981,1.1025641025641026,1.0415800415800416
4920,241488,240981,1.1025641025641026,1.0415800415800416
4921,241488,240981,1.1025641025641026,1.0415800415800416
4922,240552,240552,1.0982905982905984,1.0982905982905984
4923,240552,240552,1.0982905982905984,1.0982905982905984
4924,240552,240552,1.0982905982905984,1.0982905982905984
4925,240552,240552,1.0982905982905984,1.0982905982905984
4926,240552,240552,1.0982905982905984,1.0982905982905984
4927,240552,240552,1.0982905982905984,1.0982905982905984
4928,240552,240552,1.0982905982905984,1.0982905982905984
4929,240552,240552,1.0982905982905984,1.0982905982905984
4930,240552,240552,1.0982905982905984,1.0982905982905984
4931,240552,240552,1.0982905982905984,1.0982905982905984
4932,240552,240552,1.0982905982905984,1.0982905982905984
4933,240552,240552,1.0982905982905984,1.0982905982905984
4934,240552,240552,1.0982905982905984,1.0982905982905984
4935,240552,240552,1.0982905982905984,1.0982905982905984
4936,240552,240552,1.0982905982905984,1.0982905982905984
4937,240552,240552,1.0982905982905984,1.0982905982905984
4938,240552,240552,1.0982905982905984,1.0982905982905984
4939,240552,240552,1.0982905982905984,1.0982905982905984
4940,240552,240552,1.0982905982905984,1.0982905982905984
4941,240552,240552,1.0982905982905984,1.0982905982905984
4942,240552,240552,1.0982905982905984,1.0982905982905984
4943,240552,240552,1.0982905982905984,1.0982905982905984
4944,240552,240552,1.0982905982905984,1.0982905982905984
4945,240552,240552,1.0982905982905984,1.0982905982905984
4946,240552,240552,1.0982905982905984,1.0982905982905984
4947,240552,240552,1.0982905982905984,1.0982905982905984
4948,240552,240552,1.0982905982905984,1.0982905982905984
4949,240552,240552,1.0982905982905984,1.0982905982905984
4950,240552,240552,1.0982905982905984,1.0982905982905984
4951,240552,240552,1.0982905982905984,1.0982905982905984
4952,240552,240552,1.0982905982905984,1.0982905982905984
4953,240552,240552,1.0982905982905984,1.0982905982905984
4954,240552,240552,1.0982905982905984,1.0982905982905984
4955,240552,240552,1.0982905982905984,1.0982905982905984
4956,240552,240552,1.0982905982905984,1.0982905982905984
4957,240552,240552,1.0982905982905984,1.0982905982905984
4958,240552,240552,1.0982905982905984,1.0982905982905984
4959,240552,240552,1.0982905982905984,1.0982905982905984
4960,240552,240552,1.0982905982905984,1.0982905982905984
4961,240552,240552,1.0982905982905984,1.0982905982905984
4962,240552,240552,1.0982905982905984,1.0982905982905984
4963,240552,240552,1.0982905982905984,1.0982905982905984
4964,240552,240552,1.0982905982905984,1.0982905982905984
4965,240552,240552,1.0982905982905984,1.0982905982905984
4966,240552,240552,1.0982905982905984,1.0982905982905984
4967,240552,240552,1.0982905982905984,1.0982905982905984
4968,240552,240552,1.0982905982905984,1.0982905982905984
4969,240552,240552,1.0982905982905984,1.0982905982905984
4970,240552,240552,1.0982905982905984,1.0982905982905984
4971,240552,240552,1.0982905982905984,1.0982905982905984
4972,240552,240552,1.0982905982905984,1.0982905982905984
4973,240552,240552,1.0982905982905984,1.0982905982905984
4974,240552,240552,1.0982905982905984,1.0982905982905984
4975,240552,240552,1.0982905982905984,1.0982905982905984
4976,240552,240552,1.0982905982905984,1.0982905982905984
4977,240552,240552,1.0982905982905984,1.0982905982905984
4978,240552,240552,1.0982905982905984,1.0982905982905984
4979,240552,240552,1.0982905982905984,1.0982905982905984
4980,240552,240552,1.0982905982905984,1.0982905982905984
4981,240552,240552,1.0982905982905984,1.0982905982905984
4982,240552,240552,1.0982905982905984,1.0982905982905984
4983,240552,240552,1.0982905982905984,1.0982905982905984
4984,240552,240552,1.0982905982905984,1.0982905982905984
4985,240552,240552,1.0982905982905984,1.0982905982905984
4986,240552,240552,1.0982905982905984,1.0982905982905984
4987,240552,240552,1.0982905982905984,1.0982905982905984
4988,240552,240552,1.0982905982905984,1.0982905982905984
4989,240552,240552,1.0982905982905984,1.0982905982905984
4990,240552,240552,1.0982905982905984,1.0982905982905984
4991,240552,240552,1.0982905982905984,1.0982905982905984
4992,240552,240552,1.0982905982905984,1.0982905982905984
4993,240552,240552,1.0982905982905984,1.0982905982905984
4994,240552,240552,1.0982905982905984,1.0982905982905984
4995,240552,240552,1.0982905982905984,1.0982905982905984
4996,240552,240552,1.0982905982905984,1.0982905982905984
4997,240552,240552,1.0982905982905984,1.0982905982905984
4998,240552,240552,1.0982905982905984,1.0982905982905984
4999,240552,240552,1.0982905982905984,1.0982905982905984
5000,240552,240552,1.0982905982905984,1.0982905982905984
5001,240552,240552,1.0982905982905984,1.0982905982905984
5002,240552,240552,1.0982905982905984,1.0982905982905984
5003,240552,240552,1.0982905982905984,1.0982905982905984
5004,240552,240552,1.0982905982905984,1.0982905982905984
5005,240552,240552,1.0982905982905984,1.0982905982905984
5006,240552,240552,1.0982905982905984,1.0982905982905984
5007,240552,240552,1.0982905982905984,1.0982905982905984
5008,240552,240552,1.0982905982905984,1.0982905982905984
5009,240552,240552,1.0982905982905984,1.0982905982905984
5010,240552,240552,1.0982905982905984,1.0982905982905984
5011,240552,240552,1.0982905982905984,1.0982905982905984
5012,240552,240552,1.0982905982905984,1.0982905982905984
5013,240552,240552,1.0982905982905984,1.0982905982905984
5014,240552,240552,1.0982905982905984,1.0982905982905984
5015,240552,240552,1.0982905982905984,1.0982905982905984
5016,240552,240552,1.0982905982905984,1.0982905982905984
5017,240552,240552,1.0982905982905984,1.0982905982905984
5018,240552,240552,1.0982905982905984,1.0982905982905984
5019,240552,240552,1.0982905982905984,1.0982905982905984
5020,240552,240552,1.0982905982905984,1.0982905982905984
5021,240552,240552,1.0982905982905984,1.0982905982905984
5022,240552,240552,1.0982905982905984,1.0982905982905984
5023,240552,240552,1.0982905982905984,1.0982905982905984
5024,240552,240552,1.0982905982905984,1.0982905982905984
5025,240552,240552,1.0982905982905984,1.0982905982905984
5026,240552,240552,1.0982905982905984,1.0982905982905984
5027,240552,240552,1.0982905982905984,1.0982905982905984
5028,240552,240552,1.0982905982905984,1.0982905982905984
5029,240552,240552,1.0982905982905984,1.0982905982905984
5030,240552,240552,1.0982905982905984,1.0982905982905984
5031,240552,240552,1.0982905982905984,1.0982905982905984
5032,240552,240552,1.0982905982905984,1.0982905982905984
5033,240552,240552,1.0982905982905984,1.0982905982905984
5034,240552,240552,1.0982905982905984,1.0982905982905984
5035,240552,240552,1.0982905982905984,1.0982905982905984
5036,240552,240552,1.0982905982905984,1.0982905982905984
5037,240552,240552,1.0982905982905984,1.0982905982905984
5038,240552,240552,1.0982905982905984,1.0982905982905984
5039,240552,240552,1.0982905982905984,1.0982905982905984
5040,240552,240552,1.0982905982905984,1.0982905982905984
5041,240552,240552,1.0982905982905984,1.0982905982905984
5042,240552,240552,1.0982905982905984,1.0982905982905984
5043,240552,240552,1.0982905982905984,1.0982905982905984
5044,240552,240552,1.0982905982905984,1.0982905982905984
5045,240552,240552,1.0982905982905984,1.0982905982905984
5046,240552,240552,1.0982905982905984,1.0982905982905984
5047,240552,240552,1.0982905982905984,1.0982905982905984
5048,240552,240552,1.0982905982905984,1.0982905982905984
5049,240552,240552,1.0982905982905984,1.0982905982905984
5050,240552,240552,1.0982905982905984,1.0982905982905984
5051,240552,240552,1.0982905982905984,1.0982905982905984
5052,240552,240552,1.0982905982905984,1.0982905982905984
5053,240552,240552,1.0982905982905984,1.0982905982905984
5054,240552,240552,1.0982905982905984,1.0982905982905984
5055,240552,240552,1.0982905982905984,1.0982905982905984
5056,240552,240552,1.0982905982905984,1.0982905982905984
5057,240552,240552,1.0982905982905984,1.0982905982905984
5058,240552,240552,1.0982905982905984,1.0982905982905984
5059,240552,240552,1.0982905982905984,1.0982905982905984
5060,240552,240552,1.0982905982905984,1.0982905982905984
5061,240552,240552,1.0982905982905984,1.0982905982905984
5062,240552,240552,1.0982905982905984,1.0982905982905984
5063,240552,240552,1.0982905982905984,1.0982905982905984
5064,240552,240552,1.0982905982905984,1.0982905982905984
5065,240552,240552,1.0982905982905984,1.0982905982905984
5066,240552,240552,1.0982905982905984,1.0982905982905984
5067,240552,240552,1.0982905982905984,1.0982905982905984
5068,240552,240552,1.0982905982905984,1.0982905982905984
5069,240552,240552,1.0982905982905984,1.0982905982905984
5070,240552,240552,1.0982905982905984,1.0982905982905984
5071,240552,240552,1.0982905982905984,1.0982905982905984
5072,240552,240552,1.0982905982905984,1.0982905982905984
5073,240552,240552,1.0982905982905984,1.0982905982905984
5074,240552,240552,1.0982905982905984,1.0982905982905984
5075,240552,240552,1.0982905982905984,1.0982905982905984
5076,240552,240552,1.0982905982905984,1.0982905982905984
5077,240552,240552,1.0982905982905984,1.0982905982905984
5078,240552,240552,1.0982905982905984,1.0982905982905984
5079,240552,240552,1.0982905982905984,1.0982905982905984
5080,240552,240552,1.0982905982905984,1.0982905982905984
5081,240552,240552,1.0982905982905984,1.0982905982905984
5082,240552,240552,1.0982905982905984,1.0982905982905984
5083,240552,240552,1.0982905982905984,1.0982905982905984
5084,240552,240552,1.0982905982905984,1.0982905982905984
5085,240552,240552,1.0982905982905984,1.0982905982905984
5086,240552,240552,1.0982905982905984,1.0982905982905984
5087,240552,240552,1.0982905982905984,1.0982905982905984
5088,240552,240552,1.0982905982905984,1.0982905982905984
5089,240552,240552,1.0982905982905984,1.0982905982905984
5090,240552,240552,1.0982905982905984,1.0982905982905984
5091,240552,240552,1.0982905982905984,1.0982905982905984
5092,240552,240552,1.0982905982905984,1.0982905982905984
5093,240552,240552,1.0982905982905984,1.0982905982905984
5094,240552,240552,1.0982905982905984,1.0982905982905984
5095,240552,240552,1.0982905982905984,1.0982905982905984
5096,240552,240552,1.0982905982905984,1.0982905982905984
5097,240552,240552,1.0982905982905984,1.0982905982905984
5098,240552,240552,1.0982905982905984,1.0982905982905984
5099,240552,240552,1.0982905982905984,1.0982905982905984
5100,240552,240552,1.0982905982905984,1.0982905982905984
5101,240552,240552,1.0982905982905984,1.0982905982905984
5102,240552,240552,1.0982905982905984,1.0982905982905984
5103,240552,240552,1.0982905982905984,1.0982905982905984
5104,240552,240552,1.0982905982905984,1.0982905982905984
5105,240552,240552,1.0982905982905984,1.0982905982905984
5106,240552,240552,1.0982905982905984,1.0982905982905984
5107,240552,240552,1.0982905982905984,1.0982905982905984
5108,240552,240552,1.0982905982905984,1.0982905982905984
5109,240552,240552,1.0982905982905984,1.0982905982905984
5110,240552,240552,1.0982905982905984,1.0982905982905984
5111,240552,240552,1.0982905982905984,1.0982905982905984
5112,240552,240552,1.0982905982905984,1.0982905982905984
5113,240552,240552,1.0982905982905984,1.0982905982905984
5114,240552,240552,1.0982905982905984,1.0982905982905984
5115,240552,240552,1.0982905982905984,1.0982905982905984
5116,239524,239524,1.1030042918454936,1.1030042918454936
5117,239524,239524,1.1030042918454936,1.1030042918454936
5118,239524,239524,1.1030042918454936,1.1030042918454936
5119,239524,239524,1.1030042918454936,1.1030042918454936
5120,239524,239524,1.1030042918454936,1.1030042918454936
5121,239524,239524,1.1030042918454936,1.1030042918454936
5122,239524,239524,1.1030042918454936,1.1030042918454936
5123,239524,239524,1.1030042918454936,1.1030042918454936
5124,239524,239524,1.1030042918454936,1.1030042918454936
5125,239524,239524,1.1030042918454936,1.1030042918454936
5126,239524,239524,1.1030042918454936,1.1030042918454936
5127,239524,239524,1.1030042918454936,1.1030042918454936
5128,239524,239524,1.1030042918454936,1.1030042918454936
5129,238592,238592,1.0987124463519313,1.0987124463519313
5130,238592,238592,1.0987124463519313,1.0987124463519313
5131,238592,238592,1.0987124463519313,1.0987124463519313
5132,238592,238592,1.0987124463519313,1.0987124463519313
5133,238592,238592,1.0987124463519313,1.0987124463519313
5134,238592,238592,1.0987124463519313,1.0987124463519313
5135,238592,238592,1.0987124463519313,1.0987124463519313
5136,238592,238592,1.0987124463519313,1.0987124463519313
5137,238592,238592,1.0987124463519313,1.0987124463519313
5138,238592,238592,1.0987124463519313,1.0987124463519313
5139,238592,238592,1.0987124463519313,1.0987124463519313
5140,238592,238592,1.0987124463519313,1.0987124463519313
5141,238592,238592,1.0987124463519313,1.0987124463519313
5142,238592,238592,1.0987124463519313,1.0987124463519313
5143,238592,238592,1.0987124463519313,1.0987124463519313
5144,238592,238592,1.0987124463519313,1.0987124463519313
5145,238592,238592,1.0987124463519313,1.0987124463519313
5146,238592,238592,1.0987124463519313,1.0987124463519313
5147,238592,238592,1.0987124463519313,1.0987124463519313
5148,238592,238592,1.0987124463519313,1.0987124463519313
5149,238592,238592,1.0987124463519313,1.0987124463519313
5150,238592,238592,1.0987124463519313,1.0987124463519313
5151,238592,238592,1.0987124463519313,1.0987124463519313
5152,238592,238592,1.0987124463519313,1.0987124463519313
5153,238592,238592,1.0987124463519313,1.0987124463519313
5154,238592,238592,1.0987124463519313,1.0987124463519313
5155,238592,238592,1.0987124463519313,1.0987124463519313
5156,238592,238592,1.0987124463519313,1.0987124463519313
5157,238592,238592,1.0987124463519313,1.0987124463519313
5158,238592,238592,1.0987124463519313,1.0987124463519313
5159,238592,238592,1.0987124463519313,1.0987124463519313
5160,238592,238592,1.0987124463519313,1.0987124463519313
5161,238592,238592,1.0987124463519313,1.0987124463519313
5162,238592,238592,1.0987124463519313,1.0987124463519313
5163,238592,238592,1.0987124463519313,1.0987124463519313
5164,238592,238592,1.0987124463519313,1.0987124463519313
5165,238592,238592,1.0987124463519313,1.0987124463519313
5166,238592,238592,1.0987124463519313,1.0987124463519313
5167,238592,238592,1.0987124463519313,1.0987124463519313
5168,238592,238592,1.0987124463519313,1.0987124463519313
5169,238592,238592,1.0987124463519313,1.0987124463519313
5170,238592,238592,1.0987124463519313,1.0987124463519313
5171,238592,238592,1.0987124463519313,1.0987124463519313
5172,238592,238592,1.0987124463519313,1.0987124463519313
5173,238592,238592,1.0987124463519313,1.0987124463519313
5174,238592,238592,1.0987124463519313,1.0987124463519313
5175,238592,238592,1.0987124463519313,1.0987124463519313
5176,238592,238592,1.0987124463519313,1.0987124463519313
5177,238592,238592,1.0987124463519313,1.0987124463519313
5178,238592,238592,1.0987124463519313,1.0987124463519313
5179,238592,238592,1.0987124463519313,1.0987124463519313
5180,238592,238592,1.0987124463519313,1.0987124463519313
5181,238592,238592,1.0987124463519313,1.0987124463519313
5182,238592,238592,1.0987124463519313,1.0987124463519313
5183,238592,238592,1.0987124463519313,1.0987124463519313
5184,238592,238592,1.0987124463519313,1.0987124463519313
5185,238592,238592,1.0987124463519313,1.0987124463519313
5186,238126,238126,1.0965665236051503,1.0965665236051503
5187,238126,238126,1.0965665236051503,1.0965665236051503
5188,238126,238126,1.0965665236051503,1.0965665236051503
5189,238126,238126,1.0965665236051503,1.0965665236051503
5190,238126,238126,1.0965665236051503,1.0965665236051503
5191,238126,238126,1.0965665236051503,1.0965665236051503
5192,238126,238126,1.0965665236051503,1.0965665236051503
5193,238126,238126,1.0965665236051503,1.0965665236051503
5194,238126,238126,1.0965665236051503,1.0965665236051503
5195,238126,238126,1.0965665236051503,1.0965665236051503
5196,238126,238126,1.0965665236051503,1.0965665236051503
5197,238126,238126,1.0965665236051503,1.0965665236051503
5198,238126,238126,1.0965665236051503,1.0965665236051503
5199,238126,238126,1.0965665236051503,1.0965665236051503
5200,238126,238126,1.0965665236051503,1.0965665236051503
5201,238126,238126,1.0965665236051503,1.0965665236051503
5202,238126,238126,1.0965665236051503,1.0965665236051503
5203,238126,238126,1.0965665236051503,1.0965665236051503
5204,238126,238126,1.0965665236051503,1.0965665236051503
5205,238126,238126,1.0965665236051503,1.0965665236051503
5206,238126,238126,1.0965665236051503,1.0965665236051503
5207,238126,238126,1.0965665236051503,1.0965665236051503
5208,238126,238126,1.0965665236051503,1.0965665236051503
5209,238126,238126,1.0965665236051503,1.0965665236051503
5210,238126,238126,1.0965665236051503,1.0965665236051503
5211,238126,238126,1.0965665236051503,1.0965665236051503
5212,238126,238126,1.0965665236051503,1.0965665236051503
5213,238126,238126,1.0965665236051503,1.0965665236051503
5214,238126,238126,1.0965665236051503,1.0965665236051503
5215,238126,238126,1.0965665236051503,1.0965665236051503
5216,238126,238126,1.0965665236051503,1.0965665236051503
5217,238126,238126,1.0965665236051503,1.0965665236051503
5218,238126,238126,1.0965665236051503,1.0965665236051503
5219,238126,238126,1.0965665236051503,1.0965665236051503
5220,238126,238126,1.0965665236051503,1.0965665236051503
5221,238126,238126,1.0965665236051503,1.0965665236051503
5222,238126,238126,1.0965665236051503,1.0965665236051503
5223,238126,238126,1.0965665236051503,1.0965665236051503
5224,238126,238126,1.0965665236051503,1.0965665236051503
5225,238592,238126,1.0987124463519313,1.0965665236051503
5226,238592,238126,1.0987124463519313,1.0965665236051503
5227,238126,238126,1.0965665236051503,1.0965665236051503
5228,238126,238126,1.0965665236051503,1.0965665236051503
5229,238126,238126,1.0965665236051503,1.0965665236051503
5230,238126,238126,1.0965665236051503,1.0965665236051503
5231,238126,238126,1.0965665236051503,1.0965665236051503
5232,238637,238126,1.094218415417559,1.0965665236051503
5233,238637,238126,1.094218415417559,1.0965665236051503
5234,238637,238126,1.094218415417559,1.0965665236051503
5235,238637,238126,1.094218415417559,1.0965665236051503
5236,238637,238126,1.094218415417559,1.0965665236051503
5237,238637,238126,1.094218415417559,1.0965665236051503
5238,238637,238126,1.094218415417559,1.0965665236051503
5239,238637,238126,1.094218415417559,1.0965665236051503
5240,238637,238126,1.094218415417559,1.0965665236051503
5241,238637,238126,1.094218415417559,1.0965665236051503
5242,239571,238126,1.0985010706638116,1.0965665236051503
5243,239571,238126,1.0985010706638116,1.0965665236051503
5244,239571,238126,1.0985010706638116,1.0965665236051503
5245,239571,238126,1.0985010706638116,1.0965665236051503
5246,239571,238126,1.0985010706638116,1.0965665236051503
5247,239571,238126,1.0985010706638116,1.0965665236051503
5248,239571,238126,1.0985010706638116,1.0965665236051503
5249,239571,238126,1.0985010706638116,1.0965665236051503
5250,239571,238126,1.0985010706638116,1.0965665236051503
5251,239571,238126,1.0985010706638116,1.0965665236051503
5252,239571,238126,1.0985010706638116,1.0965665236051503
5253,239571,238126,1.0985010706638116,1.0965665236051503
5254,239571,238126,1.0985010706638116,1.0965665236051503
5255,239571,238126,1.0985010706638116,1.0965665236051503
5256,239571,238126,1.0985010706638116,1.0965665236051503
5257,239571,238126,1.0985010706638116,1.0965665236051503
5258,239571,238126,1.0985010706638116,1.0965665236051503
5259,239571,238126,1.0985010706638116,1.0965665236051503
5260,239571,238126,1.0985010706638116,1.0965665236051503
5261,239571,238126,1.0985010706638116,1.0965665236051503
5262,239571,238126,1.0985010706638116,1.0965665236051503
5263,239571,238126,1.0985010706638116,1.0965665236051503
5264,239571,238126,1.0985010706638116,1.0965665236051503
5265,239571,238126,1.0985010706638116,1.0965665236051503
5266,239571,238126,1.0985010706638116,1.0965665236051503
5267,239571,238126,1.0985010706638116,1.0965665236051503
5268,239571,238126,1.0985010706638116,1.0965665236051503
5269,239571,238126,1.0985010706638116,1.0965665236051503
5270,239571,238126,1.0985010706638116,1.0965665236051503
5271,239571,238126,1.0985010706638116,1.0965665236051503
5272,239571,238126,1.0985010706638116,1.0965665236051503
5273,239571,238126,1.0985010706638116,1.0965665236051503
5274,239571,238126,1.0985010706638116,1.0965665236051503
5275,239571,238126,1.0985010706638116,1.0965665236051503
5276,239571,238126,1.0985010706638116,1.0965665236051503
5277,239571,238126,1.0985010706638116,1.0965665236051503
5278,239571,238126,1.0985010706638116,1.0965665236051503
5279,239571,238126,1.0985010706638116,1.0965665236051503
5280,239571,238126,1.0985010706638116,1.0965665236051503
5281,239571,238126,1.0985010706638116,1.0965665236051503
5282,239571,238126,1.0985010706638116,1.0965665236051503
5283,239571,238126,1.0985010706638116,1.0965665236051503
5284,239571,238126,1.0985010706638116,1.0965665236051503
5285,239571,238126,1.0985010706638116,1.0965665236051503
5286,239571,238126,1.0985010706638116,1.0965665236051503
5287,239571,238126,1.0985010706638116,1.0965665236051503
5288,239571,238126,1.0985010706638116,1.0965665236051503
5289,239571,238126,1.0985010706638116,1.0965665236051503
5290,239571,238126,1.0985010706638116,1.0965665236051503
5291,239571,238126,1.0985010706638116,1.0965665236051503
5292,239571,238126,1.0985010706638116,1.0965665236051503
5293,239571,238126,1.0985010706638116,1.0965665236051503
5294,239571,238126,1.0985010706638116,1.0965665236051503
5295,239571,238126,1.0985010706638116,1.0965665236051503
5296,239571,238126,1.0985010706638116,1.0965665236051503
5297,239571,238126,1.0985010706638116,1.0965665236051503
5298,239571,238126,1.0985010706638116,1.0965665236051503
5299,239571,238126,1.0985010706638116,1.0965665236051503
5300,239571,238126,1.0985010706638116,1.0965665236051503
5301,239571,238126,1.0985010706638116,1.0965665236051503
5302,239571,238126,1.0985010706638116,1.0965665236051503
5303,239571,238126,1.0985010706638116,1.0965665236051503
5304,239571,238126,1.0985010706638116,1.0965665236051503
5305,239571,238126,1.0985010706638116,1.0965665236051503
5306,239571,238126,1.0985010706638116,1.0965665236051503
5307,239571,238126,1.0985010706638116,1.0965665236051503
5308,239571,238126,1.0985010706638116,1.0965665236051503
5309,239571,238126,1.0985010706638116,1.0965665236051503
5310,239571,238126,1.0985010706638116,1.0965665236051503
5311,239571,238126,1.0985010706638116,1.0965665236051503
5312,239571,238126,1.0985010706638116,1.0965665236051503
5313,239571,238126,1.0985010706638116,1.0965665236051503
5314,239571,238126,1.0985010706638116,1.0965665236051503
5315,239571,238126,1.0985010706638116,1.0965665236051503
5316,239571,238126,1.0985010706638116,1.0965665236051503
5317,239571,238126,1.0985010706638116,1.0965665236051503
5318,239571,238126,1.0985010706638116,1.0965665236051503
5319,239571,238126,1.0985010706638116,1.0965665236051503
5320,239571,238126,1.0985010706638116,1.0965665236051503
5321,239571,238126,1.0985010706638116,1.0965665236051503
5322,239571,238126,1.0985010706638116,1.0965665236051503
5323,239571,238126,1.0985010706638116,1.0965665236051503
5324,239571,238126,1.0985010706638116,1.0965665236051503
5325,239571,238126,1.0985010706638116,1.0965665236051503
5326,239571,238126,1.0985010706638116,1.0965665236051503
5327,239571,238126,1.0985010706638116,1.0965665236051503
5328,239571,238126,1.0985010706638116,1.0965665236051503
5329,239571,238126,1.0985010706638116,1.0965665236051503
5330,239571,238126,1.0985010706638116,1.0965665236051503
5331,239571,238126,1.0985010706638116,1.0965665236051503
5332,239571,238126,1.0985010706638116,1.0965665236051503
5333,239571,238126,1.0985010706638116,1.0965665236051503
5334,239571,238126,1.0985010706638116,1.0965665236051503
5335,239571,238126,1.0985010706638116,1.0965665236051503
5336,239571,238126,1.0985010706638116,1.0965665236051503
5337,239571,238126,1.0985010706638116,1.0965665236051503
5338,239571,238126,1.0985010706638116,1.0965665236051503
5339,239571,238126,1.0985010706638116,1.0965665236051503
5340,239571,238126,1.0985010706638116,1.0965665236051503
5341,239571,238126,1.0985010706638116,1.0965665236051503
5342,239571,238126,1.0985010706638116,1.0965665236051503
5343,239571,238126,1.0985010706638116,1.0965665236051503
5344,239571,238126,1.0985010706638116,1.0965665236051503
5345,239571,238126,1.0985010706638116,1.0965665236051503
5346,239571,238126,1.0985010706638116,1.0965665236051503
5347,239571,238126,1.0985010706638116,1.0965665236051503
5348,239571,238126,1.0985010706638116,1.0965665236051503
5349,239571,238126,1.0985010706638116,1.0965665236051503
5350,239571,238126,1.0985010706638116,1.0965665236051503
5351,239571,238126,1.0985010706638116,1.0965665236051503
5352,239571,238126,1.0985010706638116,1.0965665236051503
5353,239571,238126,1.0985010706638116,1.0965665236051503
5354,238637,238126,1.094218415417559,1.0965665236051503
5355,238637,238126,1.094218415417559,1.0965665236051503
5356,238637,238126,1.094218415417559,1.0965665236051503
5357,238637,238126,1.094218415417559,1.0965665236051503
5358,238637,238126,1.094218415417559,1.0965665236051503
5359,238637,238126,1.094218415417559,1.0965665236051503
5360,238637,238126,1.094218415417559,1.0965665236051503
5361,238637,238126,1.094218415417559,1.0965665236051503
5362,238637,238126,1.094218415417559,1.0965665236051503
5363,238637,238126,1.094218415417559,1.0965665236051503
5364,238637,238126,1.094218415417559,1.0965665236051503
5365,238637,238126,1.094218415417559,1.0965665236051503
5366,238637,238126,1.094218415417559,1.0965665236051503
5367,238637,238126,1.094218415417559,1.0965665236051503
5368,238637,238126,1.094218415417559,1.0965665236051503
5369,238637,238126,1.094218415417559,1.0965665236051503
5370,238637,238126,1.094218415417559,1.0965665236051503
5371,238637,238126,1.094218415417559,1.0965665236051503
5372,238637,238126,1.094218415417559,1.0965665236051503
5373,238637,238126,1.094218415417559,1.0965665236051503
5374,238637,238126,1.094218415417559,1.0965665236051503
5375,238637,238126,1.094218415417559,1.0965665236051503
5376,238637,238126,1.094218415417559,1.0965665236051503
5377,238637,238126,1.094218415417559,1.0965665236051503
5378,238637,238126,1.094218415417559,1.0965665236051503
5379,238637,238126,1.094218415417559,1.0965665236051503
5380,238637,238126,1.094218415417559,1.0965665236051503
5381,238637,238126,1.094218415417559,1.0965665236051503
5382,238637,238126,1.094218415417559,1.0965665236051503
5383,238637,238126,1.094218415417559,1.0965665236051503
5384,238637,238126,1.094218415417559,1.0965665236051503
5385,238637,238126,1.094218415417559,1.0965665236051503
5386,238637,238126,1.094218415417559,1.0965665236051503
5387,238637,238126,1.094218415417559,1.0965665236051503
5388,238637,238126,1.094218415417559,1.0965665236051503
5389,238637,238126,1.094218415417559,1.0965665236051503
5390,238637,238126,1.094218415417559,1.0965665236051503
5391,236082,236082,1.106060606060606,1.106060606060606
5392,236544,236082,1.1082251082251082,1.106060606060606
5393,236544,236082,1.1082251082251082,1.106060606060606
5394,236544,236082,1.1082251082251082,1.106060606060606
5395,236544,236082,1.1082251082251082,1.106060606060606
5396,236082,236082,1.106060606060606,1.106060606060606
5397,236082,236082,1.106060606060606,1.106060606060606
5398,236082,236082,1.106060606060606,1.106060606060606
5399,236082,236082,1.106060606060606,1.106060606060606
5400,236082,236082,1.106060606060606,1.106060606060606
5401,236082,236082,1.106060606060606,1.106060606060606
5402,236082,236082,1.106060606060606,1.106060606060606
5403,236082,236082,1.106060606060606,1.106060606060606
5404,236082,236082,1.106060606060606,1.106060606060606
5405,236082,236082,1.106060606060606,1.106060606060606
5406,236082,236082,1.106060606060606,1.106060606060606
5407,236082,236082,1.106060606060606,1.106060606060606
5408,236082,236082,1.106060606060606,1.106060606060606
5409,236082,236082,1.106060606060606,1.106060606060606
5410,236082,236082,1.106060606060606,1.106060606060606
5411,236082,236082,1.106060606060606,1.106060606060606
5412,236082,236082,1.106060606060606,1.106060606060606
5413,236082,236082,1.106060606060606,1.106060606060606
5414,236082,236082,1.106060606060606,1.106060606060606
5415,236082,236082,1.106060606060606,1.106060606060606
5416,236082,236082,1.106060606060606,1.106060606060606
5417,236082,236082,1.106060606060606,1.106060606060606
5418,236082,236082,1.106060606060606,1.106060606060606
5419,236082,236082,1.106060606060606,1.106060606060606
5420,236082,236082,1.106060606060606,1.106060606060606
5421,236082,236082,1.106060606060606,1.106060606060606
5422,236082,236082,1.106060606060606,1.106060606060606
5423,236082,236082,1.106060606060606,1.106060606060606
5424,236082,236082,1.106060606060606,1.106060606060606
5425,236082,236082,1.106060606060606,1.106060606060606
5426,236082,236082,1.106060606060606,1.106060606060606
5427,236082,236082,1.106060606060606,1.106060606060606
5428,236082,236082,1.106060606060606,1.106060606060606
5429,236082,236082,1.106060606060606,1.106060606060606
5430,236954,236082,1.1149674620390455,1.106060606060606
5431,236954,236082,1.1149674620390455,1.106060606060606
5432,236954,236082,1.1149674620390455,1.106060606060606
5433,236954,236082,1.1149674620390455,1.106060606060606
5434,236954,236082,1.1149674620390455,1.106060606060606
5435,235926,235926,1.1198257080610021,1.1198257080610021
5436,235926,235926,1.1198257080610021,1.1198257080610021
5437,235926,235926,1.1198257080610021,1.1198257080610021
5438,235926,235926,1.1198257080610021,1.1198257080610021
5439,235926,235926,1.1198257080610021,1.1198257080610021
5440,235926,235926,1.1198257080610021,1.1198257080610021
5441,235926,235926,1.1198257080610021,1.1198257080610021
5442,235926,235926,1.1198257080610021,1.1198257080610021
5443,235926,235926,1.1198257080610021,1.1198257080610021
5444,235926,235926,1.1198257080610021,1.1198257080610021
5445,235926,235926,1.1198257080610021,1.1198257080610021
5446,235926,235926,1.1198257080610021,1.1198257080610021
5447,235926,235926,1.1198257080610021,1.1198257080610021
5448,235926,235926,1.1198257080610021,1.1198257080610021
5449,235926,235926,1.1198257080610021,1.1198257080610021
5450,235926,235926,1.1198257080610021,1.1198257080610021
5451,235926,235926,1.1198257080610021,1.1198257080610021
5452,235926,235926,1.1198257080610021,1.1198257080610021
5453,235926,235926,1.1198257080610021,1.1198257080610021
5454,235926,235926,1.1198257080610021,1.1198257080610021
5455,235926,235926,1.1198257080610021,1.1198257080610021
5456,235926,235926,1.1198257080610021,1.1198257080610021
5457,235926,235926,1.1198257080610021,1.1198257080610021
5458,235926,235926,1.1198257080610021,1.1198257080610021
5459,235926,235926,1.1198257080610021,1.1198257080610021
5460,234090,234090,1.1111111111111112,1.1111111111111112
5461,234090,234090,1.1111111111111112,1.1111111111111112
5462,234090,234090,1.1111111111111112,1.1111111111111112
5463,234090,234090,1.1111111111111112,1.1111111111111112
5464,234090,234090,1.1111111111111112,1.1111111111111112
5465,234090,234090,1.1111111111111112,1.1111111111111112
5466,234090,234090,1.1111111111111112,1.1111111111111112
5467,234090,234090,1.1111111111111112,1.1111111111111112
5468,234090,234090,1.1111111111111112,1.1111111111111112
5469,234090,234090,1.1111111111111112,1.1111111111111112
5470,234090,234090,1.1111111111111112,1.1111111111111112
5471,234090,234090,1.1111111111111112,1.1111111111111112
5472,234090,234090,1.1111111111111112,1.1111111111111112
5473,234090,234090,1.1111111111111112,1.1111111111111112
5474,234090,234090,1.1111111111111112,1.1111111111111112
5475,234090,234090,1.1111111111111112,1.1111111111111112
5476,234090,234090,1.1111111111111112,1.1111111111111112
5477,234090,234090,1.1111111111111112,1.1111111111111112
5478,234090,234090,1.1111111111111112,1.1111111111111112
5479,234090,234090,1.1111111111111112,1.1111111111111112
5480,234090,234090,1.1111111111111112,1.1111111111111112
5481,234090,234090,1.1111111111111112,1.1111111111111112
5482,234090,234090,1.1111111111111112,1.1111111111111112
5483,234090,234090,1.1111111111111112,1.1111111111111112
5484,234090,234090,1.1111111111111112,1.1111111111111112
5485,234090,234090,1.1111111111111112,1.1111111111111112
5486,234090,234090,1.1111111111111112,1.1111111111111112
5487,234090,234090,1.1111111111111112,1.1111111111111112
5488,234090,234090,1.1111111111111112,1.1111111111111112
5489,234090,234090,1.1111111111111112,1.1111111111111112
5490,234090,234090,1.1111111111111112,1.1111111111111112
5491,234090,234090,1.1111111111111112,1.1111111111111112
5492,234090,234090,1.1111111111111112,1.1111111111111112
5493,234090,234090,1.1111111111111112,1.1111111111111112
5494,234090,234090,1.1111111111111112,1.1111111111111112
5495,234090,234090,1.1111111111111112,1.1111111111111112
5496,234090,234090,1.1111111111111112,1.1111111111111112
5497,234090,234090,1.1111111111111112,1.1111111111111112
5498,234090,234090,1.1111111111111112,1.1111111111111112
5499,234090,234090,1.1111111111111112,1.1111111111111112
5500,234090,234090,1.1111111111111112,1.1111111111111112
5501,234090,234090,1.1111111111111112,1.1111111111111112
5502,234090,234090,1.1111111111111112,1.1111111111111112
5503,234090,234090,1.1111111111111112,1.1111111111111112
5504,234090,234090,1.1111111111111112,1.1111111111111112
5505,234090,234090,1.1111111111111112,1.1111111111111112
5506,234090,234090,1.1111111111111112,1.1111111111111112
5507,234090,234090,1.1111111111111112,1.1111111111111112
5508,234090,234090,1.1111111111111112,1.1111111111111112
5509,234090,234090,1.1111111111111112,1.1111111111111112
5510,234090,234090,1.1111111111111112,1.1111111111111112
5511,234090,234090,1.1111111111111112,1.1111111111111112
5512,234090,234090,1.1111111111111112,1.1111111111111112
5513,234090,234090,1.1111111111111112,1.1111111111111112
5514,234090,234090,1.1111111111111112,1.1111111111111112
5515,234090,234090,1.1111111111111112,1.1111111111111112
5516,234090,234090,1.1111111111111112,1.1111111111111112
5517,234090,234090,1.1111111111111112,1.1111111111111112
5518,234090,234090,1.1111111111111112,1.1111111111111112
5519,234090,234090,1.1111111111111112,1.1111111111111112
5520,234090,234090,1.1111111111111112,1.1111111111111112
5521,234090,234090,1.1111111111111112,1.1111111111111112
5522,234090,234090,1.1111111111111112,1.1111111111111112
5523,234090,234090,1.1111111111111112,1.1111111111111112
5524,234090,234090,1.1111111111111112,1.1111111111111112
5525,234090,234090,1.1111111111111112,1.1111111111111112
5526,234090,234090,1.1111111111111112,1.1111111111111112
5527,234090,234090,1.1111111111111112,1.1111111111111112
5528,234090,234090,1.1111111111111112,1.1111111111111112
5529,234090,234090,1.1111111111111112,1.1111111111111112
5530,234090,234090,1.1111111111111112,1.1111111111111112
5531,234090,234090,1.1111111111111112,1.1111111111111112
5532,234090,234090,1.1111111111111112,1.1111111111111112
5533,234090,234090,1.1111111111111112,1.1111111111111112
5534,234090,234090,1.1111111111111112,1.1111111111111112
5535,234090,234090,1.1111111111111112,1.1111111111111112
5536,234090,234090,1.1111111111111112,1.1111111111111112
5537,234090,234090,1.1111111111111112,1.1111111111111112
5538,234090,234090,1.1111111111111112,1.1111111111111112
5539,234090,234090,1.1111111111111112,1.1111111111111112
5540,234090,234090,1.1111111111111112,1.1111111111111112
5541,234090,234090,1.1111111111111112,1.1111111111111112
5542,234090,234090,1.1111111111111112,1.1111111111111112
5543,234090,234090,1.1111111111111112,1.1111111111111112
5544,234090,234090,1.1111111111111112,1.1111111111111112
5545,233172,233172,1.1067538126361656,1.1067538126361656
5546,233172,233172,1.1067538126361656,1.1067538126361656
5547,233172,233172,1.1067538126361656,1.1067538126361656
5548,233172,233172,1.1067538126361656,1.1067538126361656
5549,233172,233172,1.1067538126361656,1.1067538126361656
5550,233172,233172,1.1067538126361656,1.1067538126361656
5551,233172,233172,1.1067538126361656,1.1067538126361656
5552,233172,233172,1.1067538126361656,1.1067538126361656
5553,233172,233172,1.1067538126361656,1.1067538126361656
5554,233172,233172,1.1067538126361656,1.1067538126361656
5555,233172,233172,1.1067538126361656,1.1067538126361656
5556,233172,233172,1.1067538126361656,1.1067538126361656
5557,233172,233172,1.1067538126361656,1.1067538126361656
5558,233172,233172,1.1067538126361656,1.1067538126361656
5559,233172,233172,1.1067538126361656,1.1067538126361656
5560,233172,233172,1.1067538126361656,1.1067538126361656
5561,233172,233172,1.1067538126361656,1.1067538126361656
5562,233172,233172,1.1067538126361656,1.1067538126361656
5563,233172,233172,1.1067538126361656,1.1067538126361656
5564,233172,233172,1.1067538126361656,1.1067538126361656
5565,233172,233172,1.1067538126361656,1.1067538126361656
5566,233172,233172,1.1067538126361656,1.1067538126361656
5567,233172,233172,1.1067538126361656,1.1067538126361656
5568,233172,233172,1.1067538126361656,1.1067538126361656
5569,233172,233172,1.1067538126361656,1.1067538126361656
5570,233172,233172,1.1067538126361656,1.1067538126361656
5571,233172,233172,1.1067538126361656,1.1067538126361656
5572,233172,233172,1.1067538126361656,1.1067538126361656
5573,233172,233172,1.1067538126361656,1.1067538126361656
5574,233172,233172,1.1067538126361656,1.1067538126361656
5575,233172,233172,1.1067538126361656,1.1067538126361656
5576,233172,233172,1.1067538126361656,1.1067538126361656
5577,233172,233172,1.1067538126361656,1.1067538126361656
5578,233172,233172,1.1067538126361656,1.1067538126361656
5579,233172,233172,1.1067538126361656,1.1067538126361656
5580,233172,233172,1.1067538126361656,1.1067538126361656
5581,233172,233172,1.1067538126361656,1.1067538126361656
5582,233172,233172,1.1067538126361656,1.1067538126361656
5583,233172,233172,1.1067538126361656,1.1067538126361656
5584,233172,233172,1.1067538126361656,1.1067538126361656
5585,233172,233172,1.1067538126361656,1.1067538126361656
5586,233172,233172,1.1067538126361656,1.1067538126361656
5587,233172,233172,1.1067538126361656,1.1067538126361656
5588,233172,233172,1.1067538126361656,1.1067538126361656
5589,233172,233172,1.1067538126361656,1.1067538126361656
5590,233172,233172,1.1067538126361656,1.1067538126361656
5591,233172,233172,1.1067538126361656,1.1067538126361656
5592,233172,233172,1.1067538126361656,1.1067538126361656
5593,233172,233172,1.1067538126361656,1.1067538126361656
5594,233172,233172,1.1067538126361656,1.1067538126361656
5595,233172,233172,1.1067538126361656,1.1067538126361656
5596,233172,233172,1.1067538126361656,1.1067538126361656
5597,233172,233172,1.1067538126361656,1.1067538126361656
5598,233172,233172,1.1067538126361656,1.1067538126361656
5599,233172,233172,1.1067538126361656,1.1067538126361656
5600,233172,233172,1.1067538126361656,1.1067538126361656
5601,233172,233172,1.1067538126361656,1.1067538126361656
5602,233172,233172,1.1067538126361656,1.1067538126361656
5603,233172,233172,1.1067538126361656,1.1067538126361656
5604,233172,233172,1.1067538126361656,1.1067538126361656
5605,233172,233172,1.1067538126361656,1.1067538126361656
5606,233172,233172,1.1067538126361656,1.1067538126361656
5607,233172,233172,1.1067538126361656,1.1067538126361656
5608,233172,233172,1.1067538126361656,1.1067538126361656
5609,233172,233172,1.1067538126361656,1.1067538126361656
5610,233172,233172,1.1067538126361656,1.1067538126361656
5611,233172,233172,1.1067538126361656,1.1067538126361656
5612,233172,233172,1.1067538126361656,1.1067538126361656
5613,233172,233172,1.1067538126361656,1.1067538126361656
5614,233172,233172,1.1067538126361656,1.1067538126361656
5615,233172,233172,1.1067538126361656,1.1067538126361656
5616,233172,233172,1.1067538126361656,1.1067538126361656
5617,233172,233172,1.1067538126361656,1.1067538126361656
5618,233172,233172,1.1067538126361656,1.1067538126361656
5619,233172,233172,1.1067538126361656,1.1067538126361656
5620,233172,233172,1.1067538126361656,1.1067538126361656
5621,233172,233172,1.1067538126361656,1.1067538126361656
5622,233172,233172,1.1067538126361656,1.1067538126361656
5623,233172,233172,1.1067538126361656,1.1067538126361656
5624,233172,233172,1.1067538126361656,1.1067538126361656
5625,233172,233172,1.1067538126361656,1.1067538126361656
5626,233172,233172,1.1067538126361656,1.1067538126361656
5627,233172,233172,1.1067538126361656,1.1067538126361656
5628,233172,233172,1.1067538126361656,1.1067538126361656
5629,233172,233172,1.1067538126361656,1.1067538126361656
5630,233172,233172,1.1067538126361656,1.1067538126361656
5631,233172,233172,1.1067538126361656,1.1067538126361656
5632,233172,233172,1.1067538126361656,1.1067538126361656
5633,233172,233172,1.1067538126361656,1.1067538126361656
5634,233172,233172,1.1067538126361656,1.1067538126361656
5635,233172,233172,1.1067538126361656,1.1067538126361656
5636,233172,233172,1.1067538126361656,1.1067538126361656
5637,233172,233172,1.1067538126361656,1.1067538126361656
5638,233172,233172,1.1067538126361656,1.1067538126361656
5639,233172,233172,1.1067538126361656,1.1067538126361656
5640,233172,233172,1.1067538126361656,1.1067538126361656
5641,233172,233172,1.1067538126361656,1.1067538126361656
5642,233172,233172,1.1067538126361656,1.1067538126361656
5643,233172,233172,1.1067538126361656,1.1067538126361656
5644,233172,233172,1.1067538126361656,1.1067538126361656
5645,233172,233172,1.1067538126361656,1.1067538126361656
5646,233172,233172,1.1067538126361656,1.1067538126361656
5647,233172,233172,1.1067538126361656,1.1067538126361656
5648,233172,233172,1.1067538126361656,1.1067538126361656
5649,233172,233172,1.1067538126361656,1.1067538126361656
5650,233172,233172,1.1067538126361656,1.1067538126361656
5651,233172,233172,1.1067538126361656,1.1067538126361656
5652,233172,233172,1.1067538126361656,1.1067538126361656
5653,233172,233172,1.1067538126361656,1.1067538126361656
5654,233172,233172,1.1067538126361656,1.1067538126361656
5655,233172,233172,1.1067538126361656,1.1067538126361656
5656,233172,233172,1.1067538126361656,1.1067538126361656
5657,233172,233172,1.1067538126361656,1.1067538126361656
5658,233172,233172,1.1067538126361656,1.1067538126361656
5659,233172,233172,1.1067538126361656,1.1067538126361656
5660,233172,233172,1.1067538126361656,1.1067538126361656
5661,233172,233172,1.1067538126361656,1.1067538126361656
5662,233172,233172,1.1067538126361656,1.1067538126361656
5663,233172,233172,1.1067538126361656,1.1067538126361656
5664,233172,233172,1.1067538126361656,1.1067538126361656
5665,233172,233172,1.1067538126361656,1.1067538126361656
5666,233172,233172,1.1067538126361656,1.1067538126361656
5667,233172,233172,1.1067538126361656,1.1067538126361656
5668,233172,233172,1.1067538126361656,1.1067538126361656
5669,233172,233172,1.1067538126361656,1.1067538126361656
5670,233172,233172,1.1067538126361656,1.1067538126361656
5671,233172,233172,1.1067538126361656,1.1067538126361656
5672,233172,233172,1.1067538126361656,1.1067538126361656
5673,233172,233172,1.1067538126361656,1.1067538126361656
5674,233172,233172,1.1067538126361656,1.1067538126361656
5675,233172,233172,1.1067538126361656,1.1067538126361656
5676,233172,233172,1.1067538126361656,1.1067538126361656
5677,233172,233172,1.1067538126361656,1.1067538126361656
5678,233172,233172,1.1067538126361656,1.1067538126361656
5679,233172,233172,1.1067538126361656,1.1067538126361656
5680,233172,233172,1.1067538126361656,1.1067538126361656
5681,233172,233172,1.1067538126361656,1.1067538126361656
5682,233172,233172,1.1067538126361656,1.1067538126361656
5683,233172,233172,1.1067538126361656,1.1067538126361656
5684,233172,233172,1.1067538126361656,1.1067538126361656
5685,233172,233172,1.1067538126361656,1.1067538126361656
5686,233172,233172,1.1067538126361656,1.1067538126361656
5687,233172,233172,1.1067538126361656,1.1067538126361656
5688,233172,233172,1.1067538126361656,1.1067538126361656
5689,233172,233172,1.1067538126361656,1.1067538126361656
5690,233172,233172,1.1067538126361656,1.1067538126361656
5691,233172,233172,1.1067538126361656,1.1067538126361656
5692,233172,233172,1.1067538126361656,1.1067538126361656
5693,233172,233172,1.1067538126361656,1.1067538126361656
5694,233172,233172,1.1067538126361656,1.1067538126361656
5695,233172,233172,1.1067538126361656,1.1067538126361656
5696,233172,233172,1.1067538126361656,1.1067538126361656
5697,233172,233172,1.1067538126361656,1.1067538126361656
5698,233172,233172,1.1067538126361656,1.1067538126361656
5699,233172,233172,1.1067538126361656,1.1067538126361656
5700,233172,233172,1.1067538126361656,1.1067538126361656
5701,233172,233172,1.1067538126361656,1.1067538126361656
5702,233172,233172,1.1067538126361656,1.1067538126361656
5703,233172,233172,1.1067538126361656,1.1067538126361656
5704,233172,233172,1.1067538126361656,1.1067538126361656
5705,233172,233172,1.1067538126361656,1.1067538126361656
5706,233172,233172,1.1067538126361656,1.1067538126361656
5707,233172,233172,1.1067538126361656,1.1067538126361656
5708,233172,233172,1.1067538126361656,1.1067538126361656
5709,233172,233172,1.1067538126361656,1.1067538126361656
5710,233172,233172,1.1067538126361656,1.1067538126361656
5711,233172,233172,1.1067538126361656,1.1067538126361656
5712,233172,233172,1.1067538126361656,1.1067538126361656
5713,233172,233172,1.1067538126361656,1.1067538126361656
5714,233172,233172,1.1067538126361656,1.1067538126361656
5715,233172,233172,1.1067538126361656,1.1067538126361656
5716,233172,233172,1.1067538126361656,1.1067538126361656
5717,233172,233172,1.1067538126361656,1.1067538126361656
5718,233172,233172,1.1067538126361656,1.1067538126361656
5719,233172,233172,1.1067538126361656,1.1067538126361656
5720,233172,233172,1.1067538126361656,1.1067538126361656
5721,233172,233172,1.1067538126361656,1.1067538126361656
5722,233172,233172,1.1067538126361656,1.1067538126361656
5723,233172,233172,1.1067538126361656,1.1067538126361656
5724,233172,233172,1.1067538126361656,1.1067538126361656
5725,233172,233172,1.1067538126361656,1.1067538126361656
5726,233172,233172,1.1067538126361656,1.1067538126361656
5727,233172,233172,1.1067538126361656,1.1067538126361656
5728,233172,233172,1.1067538126361656,1.1067538126361656
5729,233172,233172,1.1067538126361656,1.1067538126361656
5730,233172,233172,1.1067538126361656,1.1067538126361656
5731,233172,233172,1.1067538126361656,1.1067538126361656
5732,233172,233172,1.1067538126361656,1.1067538126361656
5733,233172,233172,1.1067538126361656,1.1067538126361656
5734,233172,233172,1.1067538126361656,1.1067538126361656
5735,233172,233172,1.1067538126361656,1.1067538126361656
5736,233172,233172,1.1067538126361656,1.1067538126361656
5737,232156,232156,1.1115973741794312,1.1115973741794312
5738,232156,232156,1.1115973741794312,1.1115973741794312
5739,232156,232156,1.1115973741794312,1.1115973741794312
5740,232156,232156,1.1115973741794312,1.1115973741794312
5741,232156,232156,1.1115973741794312,1.1115973741794312
5742,232156,232156,1.1115973741794312,1.1115973741794312
5743,232156,232156,1.1115973741794312,1.1115973741794312
5744,232156,232156,1.1115973741794312,1.1115973741794312
5745,232156,232156,1.1115973741794312,1.1115973741794312
5746,232156,232156,1.1115973741794312,1.1115973741794312
5747,232156,232156,1.1115973741794312,1.1115973741794312
5748,232156,232156,1.1115973741794312,1.1115973741794312
5749,232156,232156,1.1115973741794312,1.1115973741794312
5750,232156,232156,1.1115973741794312,1.1115973741794312
5751,232156,232156,1.1115973741794312,1.1115973741794312
5752,232156,232156,1.1115973741794312,1.1115973741794312
5753,232156,232156,1.1115973741794312,1.1115973741794312
5754,232156,232156,1.1115973741794312,1.1115973741794312
5755,232156,232156,1.1115973741794312,1.1115973741794312
5756,232156,232156,1.1115973741794312,1.1115973741794312
5757,232156,232156,1.1115973741794312,1.1115973741794312
5758,232156,232156,1.1115973741794312,1.1115973741794312
5759,232156,232156,1.1115973741794312,1.1115973741794312
5760,232156,232156,1.1115973741794312,1.1115973741794312
5761,232156,232156,1.1115973741794312,1.1115973741794312
5762,232156,232156,1.1115973741794312,1.1115973741794312
5763,232156,232156,1.1115973741794312,1.1115973741794312
5764,232156,232156,1.1115973741794312,1.1115973741794312
5765,232156,232156,1.1115973741794312,1.1115973741794312
5766,232156,232156,1.1115973741794312,1.1115973741794312
5767,232156,232156,1.1115973741794312,1.1115973741794312
5768,232156,232156,1.1115973741794312,1.1115973741794312
5769,232156,232156,1.1115973741794312,1.1115973741794312
5770,232156,232156,1.1115973741794312,1.1115973741794312
5771,232156,232156,1.1115973741794312,1.1115973741794312
5772,232156,232156,1.1115973741794312,1.1115973741794312
5773,232156,232156,1.1115973741794312,1.1115973741794312
5774,232156,232156,1.1115973741794312,1.1115973741794312
5775,232156,232156,1.1115973741794312,1.1115973741794312
5776,232156,232156,1.1115973741794312,1.1115973741794312
5777,232156,232156,1.1115973741794312,1.1115973741794312
5778,232156,232156,1.1115973741794312,1.1115973741794312
5779,232156,232156,1.1115973741794312,1.1115973741794312
5780,232156,232156,1.1115973741794312,1.1115973741794312
5781,232156,232156,1.1115973741794312,1.1115973741794312
5782,232156,232156,1.1115973741794312,1.1115973741794312
5783,232156,232156,1.1115973741794312,1.1115973741794312
5784,232156,232156,1.1115973741794312,1.1115973741794312
5785,232156,232156,1.1115973741794312,1.1115973741794312
5786,232156,232156,1.1115973741794312,1.1115973741794312
5787,232156,232156,1.1115973741794312,1.1115973741794312
5788,232156,232156,1.1115973741794312,1.1115973741794312
5789,232156,232156,1.1115973741794312,1.1115973741794312
5790,232156,232156,1.1115973741794312,1.1115973741794312
5791,232156,232156,1.1115973741794312,1.1115973741794312
5792,232156,232156,1.1115973741794312,1.1115973741794312
5793,232156,232156,1.1115973741794312,1.1115973741794312
5794,232156,232156,1.1115973741794312,1.1115973741794312
5795,232156,232156,1.1115973741794312,1.1115973741794312
5796,232156,232156,1.1115973741794312,1.1115973741794312
5797,232156,232156,1.1115973741794312,1.1115973741794312
5798,232156,232156,1.1115973741794312,1.1115973741794312
5799,232156,232156,1.1115973741794312,1.1115973741794312
5800,232156,232156,1.1115973741794312,1.1115973741794312
5801,232156,232156,1.1115973741794312,1.1115973741794312
5802,232156,232156,1.1115973741794312,1.1115973741794312
5803,232156,232156,1.1115973741794312,1.1115973741794312
5804,232156,232156,1.1115973741794312,1.1115973741794312
5805,232156,232156,1.1115973741794312,1.1115973741794312
5806,232156,232156,1.1115973741794312,1.1115973741794312
5807,232156,232156,1.1115973741794312,1.1115973741794312
5808,232156,232156,1.1115973741794312,1.1115973741794312
5809,232156,232156,1.1115973741794312,1.1115973741794312
5810,232156,232156,1.1115973741794312,1.1115973741794312
5811,232156,232156,1.1115973741794312,1.1115973741794312
5812,232156,232156,1.1115973741794312,1.1115973741794312
5813,232156,232156,1.1115973741794312,1.1115973741794312
5814,232156,232156,1.1115973741794312,1.1115973741794312
5815,232156,232156,1.1115973741794312,1.1115973741794312
5816,232156,232156,1.1115973741794312,1.1115973741794312
5817,232156,232156,1.1115973741794312,1.1115973741794312
5818,232156,232156,1.1115973741794312,1.1115973741794312
5819,232156,232156,1.1115973741794312,1.1115973741794312
5820,232156,232156,1.1115973741794312,1.1115973741794312
5821,232156,232156,1.1115973741794312,1.1115973741794312
5822,232156,232156,1.1115973741794312,1.1115973741794312
5823,232156,232156,1.1115973741794312,1.1115973741794312
5824,232156,232156,1.1115973741794312,1.1115973741794312
5825,232156,232156,1.1115973741794312,1.1115973741794312
5826,232156,232156,1.1115973741794312,1.1115973741794312
5827,232156,232156,1.1115973741794312,1.1115973741794312
5828,232156,232156,1.1115973741794312,1.1115973741794312
5829,232156,232156,1.1115973741794312,1.1115973741794312
5830,232156,232156,1.1115973741794312,1.1115973741794312
5831,232156,232156,1.1115973741794312,1.1115973741794312
5832,232156,232156,1.1115973741794312,1.1115973741794312
5833,232156,232156,1.1115973741794312,1.1115973741794312
5834,232156,232156,1.1115973741794312,1.1115973741794312
5835,232156,232156,1.1115973741794312,1.1115973741794312
5836,232156,232156,1.1115973741794312,1.1115973741794312
5837,232156,232156,1.1115973741794312,1.1115973741794312
5838,232156,232156,1.1115973741794312,1.1115973741794312
5839,232156,232156,1.1115973741794312,1.1115973741794312
5840,232156,232156,1.1115973741794312,1.1115973741794312
5841,232156,232156,1.1115973741794312,1.1115973741794312
5842,232156,232156,1.1115973741794312,1.1115973741794312
5843,232156,232156,1.1115973741794312,1.1115973741794312
5844,232156,232156,1.1115973741794312,1.1115973741794312
5845,232156,232156,1.1115973741794312,1.1115973741794312
5846,232156,232156,1.1115973741794312,1.1115973741794312
5847,232156,232156,1.1115973741794312,1.1115973741794312
5848,232156,232156,1.1115973741794312,1.1115973741794312
5849,232156,232156,1.1115973741794312,1.1115973741794312
5850,232156,232156,1.1115973741794312,1.1115973741794312
5851,232156,232156,1.1115973741794312,1.1115973741794312
5852,232156,232156,1.1115973741794312,1.1115973741794312
5853,232104,232104,1.1162280701754386,1.1162280701754386
5854,232104,232104,1.1162280701754386,1.1162280701754386
5855,232104,232104,1.1162280701754386,1.1162280701754386
5856,232104,232104,1.1162280701754386,1.1162280701754386
5857,232104,232104,1.1162280701754386,1.1162280701754386
5858,232104,232104,1.1162280701754386,1.1162280701754386
5859,232104,232104,1.1162280701754386,1.1162280701754386
5860,232104,232104,1.1162280701754386,1.1162280701754386
5861,232104,232104,1.1162280701754386,1.1162280701754386
5862,232104,232104,1.1162280701754386,1.1162280701754386
5863,232104,232104,1.1162280701754386,1.1162280701754386
5864,232104,232104,1.1162280701754386,1.1162280701754386
5865,232104,232104,1.1162280701754386,1.1162280701754386
5866,232104,232104,1.1162280701754386,1.1162280701754386
5867,232104,232104,1.1162280701754386,1.1162280701754386
5868,232104,232104,1.1162280701754386,1.1162280701754386
5869,232104,232104,1.1162280701754386,1.1162280701754386
5870,232104,232104,1.1162280701754386,1.1162280701754386
5871,232104,232104,1.1162280701754386,1.1162280701754386
5872,232104,232104,1.1162280701754386,1.1162280701754386
5873,232104,232104,1.1162280701754386,1.1162280701754386
5874,232104,232104,1.1162280701754386,1.1162280701754386
5875,232104,232104,1.1162280701754386,1.1162280701754386
5876,232104,232104,1.1162280701754386,1.1162280701754386
5877,232104,232104,1.1162280701754386,1.1162280701754386
5878,232104,232104,1.1162280701754386,1.1162280701754386
5879,232104,232104,1.1162280701754386,1.1162280701754386
5880,232104,232104,1.1162280701754386,1.1162280701754386
5881,232104,232104,1.1162280701754386,1.1162280701754386
5882,232104,232104,1.1162280701754386,1.1162280701754386
5883,232104,232104,1.1162280701754386,1.1162280701754386
5884,232104,232104,1.1162280701754386,1.1162280701754386
5885,232104,232104,1.1162280701754386,1.1162280701754386
5886,232104,232104,1.1162280701754386,1.1162280701754386
5887,232104,232104,1.1162280701754386,1.1162280701754386
5888,232104,232104,1.1162280701754386,1.1162280701754386
5889,232104,232104,1.1162280701754386,1.1162280701754386
5890,232104,232104,1.1162280701754386,1.1162280701754386
5891,233016,232104,1.1206140350877194,1.1162280701754386
5892,233016,232104,1.1206140350877194,1.1162280701754386
5893,233016,232104,1.1206140350877194,1.1162280701754386
5894,233016,232104,1.1206140350877194,1.1162280701754386
5895,233016,232104,1.1206140350877194,1.1162280701754386
5896,233016,232104,1.1206140350877194,1.1162280701754386
5897,233016,232104,1.1206140350877194,1.1162280701754386
5898,233016,232104,1.1206140350877194,1.1162280701754386
5899,233016,232104,1.1206140350877194,1.1162280701754386
5900,233016,232104,1.1206140350877194,1.1162280701754386
5901,233016,232104,1.1206140350877194,1.1162280701754386
5902,233016,232104,1.1206140350877194,1.1162280701754386
5903,233016,232104,1.1206140350877194,1.1162280701754386
5904,233016,232104,1.1206140350877194,1.1162280701754386
5905,233016,232104,1.1206140350877194,1.1162280701754386
5906,233016,232104,1.1206140350877194,1.1162280701754386
5907,233016,232104,1.1206140350877194,1.1162280701754386
5908,233016,232104,1.1206140350877194,1.1162280701754386
5909,233016,232104,1.1206140350877194,1.1162280701754386
5910,233016,232104,1.1206140350877194,1.1162280701754386
5911,233016,232104,1.1206140350877194,1.1162280701754386
5912,233016,232104,1.1206140350877194,1.1162280701754386
5913,233016,232104,1.1206140350877194,1.1162280701754386
5914,233016,232104,1.1206140350877194,1.1162280701754386
5915,233016,232104,1.1206140350877194,1.1162280701754386
5916,233016,232104,1.1206140350877194,1.1162280701754386
5917,233016,232104,1.1206140350877194,1.1162280701754386
5918,233016,232104,1.1206140350877194,1.1162280701754386
5919,233016,232104,1.1206140350877194,1.1162280701754386
5920,233016,232104,1.1206140350877194,1.1162280701754386
5921,233016,232104,1.1206140350877194,1.1162280701754386
5922,233016,232104,1.1206140350877194,1.1162280701754386
5923,233016,232104,1.1206140350877194,1.1162280701754386
5924,233016,232104,1.1206140350877194,1.1162280701754386
5925,234384,232104,1.1271929824561404,1.1162280701754386
5926,234384,232104,1.1271929824561404,1.1162280701754386
5927,234384,232104,1.1271929824561404,1.1162280701754386
5928,234384,232104,1.1271929824561404,1.1162280701754386
5929,234384,232104,1.1271929824561404,1.1162280701754386
5930,234384,232104,1.1271929824561404,1.1162280701754386
5931,234384,232104,1.1271929824561404,1.1162280701754386
5932,234384,232104,1.1271929824561404,1.1162280701754386
5933,234384,232104,1.1271929824561404,1.1162280701754386
5934,234384,232104,1.1271929824561404,1.1162280701754386
5935,234384,232104,1.1271929824561404,1.1162280701754386
5936,234384,232104,1.1271929824561404,1.1162280701754386
5937,234384,232104,1.1271929824561404,1.1162280701754386
5938,234384,232104,1.1271929824561404,1.1162280701754386
5939,234384,232104,1.1271929824561404,1.1162280701754386
5940,234384,232104,1.1271929824561404,1.1162280701754386
5941,234384,232104,1.1271929824561404,1.1162280701754386
5942,234384,232104,1.1271929824561404,1.1162280701754386
5943,234384,232104,1.1271929824561404,1.1162280701754386
5944,234384,232104,1.1271929824561404,1.1162280701754386
5945,234384,232104,1.1271929824561404,1.1162280701754386
5946,234384,232104,1.1271929824561404,1.1162280701754386
5947,234384,232104,1.1271929824561404,1.1162280701754386
5948,234384,232104,1.1271929824561404,1.1162280701754386
5949,234384,232104,1.1271929824561404,1.1162280701754386
5950,234384,232104,1.1271929824561404,1.1162280701754386
5951,234384,232104,1.1271929824561404,1.1162280701754386
5952,234384,232104,1.1271929824561404,1.1162280701754386
5953,234384,232104,1.1271929824561404,1.1162280701754386
5954,234384,232104,1.1271929824561404,1.1162280701754386
5955,234384,232104,1.1271929824561404,1.1162280701754386
5956,234384,232104,1.1271929824561404,1.1162280701754386
5957,234384,232104,1.1271929824561404,1.1162280701754386
5958,234384,232104,1.1271929824561404,1.1162280701754386
5959,234384,232104,1.1271929824561404,1.1162280701754386
5960,234384,232104,1.1271929824561404,1.1162280701754386
5961,234384,232104,1.1271929824561404,1.1162280701754386
5962,234384,232104,1.1271929824561404,1.1162280701754386
5963,234384,232104,1.1271929824561404,1.1162280701754386
5964,234384,232104,1.1271929824561404,1.1162280701754386
5965,234384,232104,1.1271929824561404,1.1162280701754386
5966,234384,232104,1.1271929824561404,1.1162280701754386
5967,234384,232104,1.1271929824561404,1.1162280701754386
5968,234384,232104,1.1271929824561404,1.1162280701754386
5969,234384,232104,1.1271929824561404,1.1162280701754386
5970,234384,232104,1.1271929824561404,1.1162280701754386
5971,234384,232104,1.1271929824561404,1.1162280701754386
5972,234384,232104,1.1271929824561404,1.1162280701754386
5973,234384,232104,1.1271929824561404,1.1162280701754386
5974,234384,232104,1.1271929824561404,1.1162280701754386
5975,234384,232104,1.1271929824561404,1.1162280701754386
5976,234384,232104,1.1271929824561404,1.1162280701754386
5977,234384,232104,1.1271929824561404,1.1162280701754386
5978,234384,232104,1.1271929824561404,1.1162280701754386
5979,234384,232104,1.1271929824561404,1.1162280701754386
5980,234384,232104,1.1271929824561404,1.1162280701754386
5981,234384,232104,1.1271929824561404,1.1162280701754386
5982,234384,232104,1.1271929824561404,1.1162280701754386
5983,234384,232104,1.1271929824561404,1.1162280701754386
5984,234384,232104,1.1271929824561404,1.1162280701754386
5985,234384,232104,1.1271929824561404,1.1162280701754386
5986,233472,232104,1.1228070175438596,1.1162280701754386
5987,233472,232104,1.1228070175438596,1.1162280701754386
5988,233472,232104,1.1228070175438596,1.1162280701754386
5989,233472,232104,1.1228070175438596,1.1162280701754386
5990,233472,232104,1.1228070175438596,1.1162280701754386
5991,233472,232104,1.1228070175438596,1.1162280701754386
5992,233472,232104,1.1228070175438596,1.1162280701754386
5993,233472,232104,1.1228070175438596,1.1162280701754386
5994,233472,232104,1.1228070175438596,1.1162280701754386
5995,233472,232104,1.1228070175438596,1.1162280701754386
5996,233472,232104,1.1228070175438596,1.1162280701754386
5997,233472,232104,1.1228070175438596,1.1162280701754386
5998,233472,232104,1.1228070175438596,1.1162280701754386
5999,233472,232104,1.1228070175438596,1.1162280701754386
6000,233472,232104,1.1228070175438596,1.1162280701754386
6001,233472,232104,1.1228070175438596,1.1162280701754386
6002,233472,232104,1.1228070175438596,1.1162280701754386
6003,233472,232104,1.1228070175438596,1.1162280701754386
6004,233472,232104,1.1228070175438596,1.1162280701754386
6005,233472,232104,1.1228070175438596,1.1162280701754386
6006,233472,232104,1.1228070175438596,1.1162280701754386
6007,233472,232104,1.1228070175438596,1.1162280701754386
6008,233472,232104,1.1228070175438596,1.1162280701754386
6009,233472,232104,1.1228070175438596,1.1162280701754386
6010,233472,232104,1.1228070175438596,1.1162280701754386
6011,233472,232104,1.1228070175438596,1.1162280701754386
6012,233472,232104,1.1228070175438596,1.1162280701754386
6013,233472,232104,1.1228070175438596,1.1162280701754386
6014,233472,232104,1.1228070175438596,1.1162280701754386
6015,233472,232104,1.1228070175438596,1.1162280701754386
6016,233472,232104,1.1228070175438596,1.1162280701754386
6017,233472,232104,1.1228070175438596,1.1162280701754386
6018,233472,232104,1.1228070175438596,1.1162280701754386
6019,233472,232104,1.1228070175438596,1.1162280701754386
6020,233472,232104,1.1228070175438596,1.1162280701754386
6021,233472,232104,1.1228070175438596,1.1162280701754386
6022,233472,232104,1.1228070175438596,1.1162280701754386
6023,233472,232104,1.1228070175438596,1.1162280701754386
6024,233472,232104,1.1228070175438596,1.1162280701754386
6025,233472,232104,1.1228070175438596,1.1162280701754386
6026,233472,232104,1.1228070175438596,1.1162280701754386
6027,233472,232104,1.1228070175438596,1.1162280701754386
6028,233472,232104,1.1228070175438596,1.1162280701754386
6029,233472,232104,1.1228070175438596,1.1162280701754386
6030,233472,232104,1.1228070175438596,1.1162280701754386
6031,233472,232104,1.1228070175438596,1.1162280701754386
6032,233472,232104,1.1228070175438596,1.1162280701754386
6033,233472,232104,1.1228070175438596,1.1162280701754386
6034,233472,232104,1.1228070175438596,1.1162280701754386
6035,233472,232104,1.1228070175438596,1.1162280701754386
6036,233472,232104,1.1228070175438596,1.1162280701754386
6037,233472,232104,1.1228070175438596,1.1162280701754386
6038,233472,232104,1.1228070175438596,1.1162280701754386
6039,233472,232104,1.1228070175438596,1.1162280701754386
6040,233472,232104,1.1228070175438596,1.1162280701754386
6041,233472,232104,1.1228070175438596,1.1162280701754386
6042,233472,232104,1.1228070175438596,1.1162280701754386
6043,233472,232104,1.1228070175438596,1.1162280701754386
6044,233472,232104,1.1228070175438596,1.1162280701754386
6045,233472,232104,1.1228070175438596,1.1162280701754386
6046,233472,232104,1.1228070175438596,1.1162280701754386
6047,233472,232104,1.1228070175438596,1.1162280701754386
6048,233472,232104,1.1228070175438596,1.1162280701754386
6049,233472,232104,1.1228070175438596,1.1162280701754386
6050,233472,232104,1.1228070175438596,1.1162280701754386
6051,233472,232104,1.1228070175438596,1.1162280701754386
6052,233472,232104,1.1228070175438596,1.1162280701754386
6053,233472,232104,1.1228070175438596,1.1162280701754386
6054,233472,232104,1.1228070175438596,1.1162280701754386
6055,233472,232104,1.1228070175438596,1.1162280701754386
6056,233472,232104,1.1228070175438596,1.1162280701754386
6057,233472,232104,1.1228070175438596,1.1162280701754386
6058,233472,232104,1.1228070175438596,1.1162280701754386
6059,233472,232104,1.1228070175438596,1.1162280701754386
6060,233472,232104,1.1228070175438596,1.1162280701754386
6061,233472,232104,1.1228070175438596,1.1162280701754386
6062,233472,232104,1.1228070175438596,1.1162280701754386
6063,233472,232104,1.1228070175438596,1.1162280701754386
6064,233472,232104,1.1228070175438596,1.1162280701754386
6065,233472,232104,1.1228070175438596,1.1162280701754386
6066,233472,232104,1.1228070175438596,1.1162280701754386
6067,233472,232104,1.1228070175438596,1.1162280701754386
6068,233472,232104,1.1228070175438596,1.1162280701754386
6069,233472,232104,1.1228070175438596,1.1162280701754386
6070,233472,232104,1.1228070175438596,1.1162280701754386
6071,233472,232104,1.1228070175438596,1.1162280701754386
6072,233472,232104,1.1228070175438596,1.1162280701754386
6073,233472,232104,1.1228070175438596,1.1162280701754386
6074,233472,232104,1.1228070175438596,1.1162280701754386
6075,233472,232104,1.1228070175438596,1.1162280701754386
6076,233472,232104,1.1228070175438596,1.1162280701754386
6077,233472,232104,1.1228070175438596,1.1162280701754386
6078,233472,232104,1.1228070175438596,1.1162280701754386
6079,233472,232104,1.1228070175438596,1.1162280701754386
6080,233472,232104,1.1228070175438596,1.1162280701754386
6081,233472,232104,1.1228070175438596,1.1162280701754386
6082,233472,232104,1.1228070175438596,1.1162280701754386
6083,233472,232104,1.1228070175438596,1.1162280701754386
6084,233472,232104,1.1228070175438596,1.1162280701754386
6085,233472,232104,1.1228070175438596,1.1162280701754386
6086,233472,232104,1.1228070175438596,1.1162280701754386
6087,233472,232104,1.1228070175438596,1.1162280701754386
6088,233472,232104,1.1228070175438596,1.1162280701754386
6089,233472,232104,1.1228070175438596,1.1162280701754386
6090,233472,232104,1.1228070175438596,1.1162280701754386
6091,233472,232104,1.1228070175438596,1.1162280701754386
6092,233472,232104,1.1228070175438596,1.1162280701754386
6093,233472,232104,1.1228070175438596,1.1162280701754386
6094,233472,232104,1.1228070175438596,1.1162280701754386
6095,233472,232104,1.1228070175438596,1.1162280701754386
6096,233472,232104,1.1228070175438596,1.1162280701754386
6097,233472,232104,1.1228070175438596,1.1162280701754386
6098,233472,232104,1.1228070175438596,1.1162280701754386
6099,233472,232104,1.1228070175438596,1.1162280701754386
6100,233472,232104,1.1228070175438596,1.1162280701754386
6101,233472,232104,1.1228070175438596,1.1162280701754386
6102,233472,232104,1.1228070175438596,1.1162280701754386
6103,233472,232104,1.1228070175438596,1.1162280701754386
6104,233472,232104,1.1228070175438596,1.1162280701754386
6105,233472,232104,1.1228070175438596,1.1162280701754386
6106,233472,232104,1.1228070175438596,1.1162280701754386
6107,233472,232104,1.1228070175438596,1.1162280701754386
6108,233472,232104,1.1228070175438596,1.1162280701754386
6109,233472,232104,1.1228070175438596,1.1162280701754386
6110,233472,232104,1.1228070175438596,1.1162280701754386
6111,233472,232104,1.1228070175438596,1.1162280701754386
6112,233472,232104,1.1228070175438596,1.1162280701754386
6113,233472,232104,1.1228070175438596,1.1162280701754386
6114,233472,232104,1.1228070175438596,1.1162280701754386
6115,233472,232104,1.1228070175438596,1.1162280701754386
6116,233472,232104,1.1228070175438596,1.1162280701754386
6117,233472,232104,1.1228070175438596,1.1162280701754386
6118,233472,232104,1.1228070175438596,1.1162280701754386
6119,233472,232104,1.1228070175438596,1.1162280701754386
6120,233472,232104,1.1228070175438596,1.1162280701754386
6121,233472,232104,1.1228070175438596,1.1162280701754386
6122,233472,232104,1.1228070175438596,1.1162280701754386
6123,233472,232104,1.1228070175438596,1.1162280701754386
6124,233472,232104,1.1228070175438596,1.1162280701754386
6125,233472,232104,1.1228070175438596,1.1162280701754386
6126,233472,232104,1.1228070175438596,1.1162280701754386
6127,233472,232104,1.1228070175438596,1.1162280701754386
6128,233472,232104,1.1228070175438596,1.1162280701754386
6129,233472,232104,1.1228070175438596,1.1162280701754386
6130,233472,232104,1.1228070175438596,1.1162280701754386
6131,233472,232104,1.1228070175438596,1.1162280701754386
6132,233472,232104,1.1228070175438596,1.1162280701754386
6133,233472,232104,1.1228070175438596,1.1162280701754386
6134,233472,232104,1.1228070175438596,1.1162280701754386
6135,233472,232104,1.1228070175438596,1.1162280701754386
6136,233472,232104,1.1228070175438596,1.1162280701754386
6137,233472,232104,1.1228070175438596,1.1162280701754386
6138,233472,232104,1.1228070175438596,1.1162280701754386
6139,233472,232104,1.1228070175438596,1.1162280701754386
6140,233472,232104,1.1228070175438596,1.1162280701754386
6141,233472,232104,1.1228070175438596,1.1162280701754386
6142,233472,232104,1.1228070175438596,1.1162280701754386
6143,233472,232104,1.1228070175438596,1.1162280701754386
6144,233472,232104,1.1228070175438596,1.1162280701754386
6145,233472,232104,1.1228070175438596,1.1162280701754386
6146,233472,232104,1.1228070175438596,1.1162280701754386
6147,233472,232104,1.1228070175438596,1.1162280701754386
6148,233472,232104,1.1228070175438596,1.1162280701754386
6149,233472,232104,1.1228070175438596,1.1162280701754386
6150,233472,232104,1.1228070175438596,1.1162280701754386
6151,233472,232104,1.1228070175438596,1.1162280701754386
6152,233472,232104,1.1228070175438596,1.1162280701754386
6153,233472,232104,1.1228070175438596,1.1162280701754386
6154,233472,232104,1.1228070175438596,1.1162280701754386
6155,233984,232104,1.1203501094091903,1.1162280701754386
6156,233984,232104,1.1203501094091903,1.1162280701754386
6157,233984,232104,1.1203501094091903,1.1162280701754386
6158,233984,232104,1.1203501094091903,1.1162280701754386
6159,233984,232104,1.1203501094091903,1.1162280701754386
6160,233984,232104,1.1203501094091903,1.1162280701754386
6161,233984,232104,1.1203501094091903,1.1162280701754386
6162,233984,232104,1.1203501094091903,1.1162280701754386
6163,233984,232104,1.1203501094091903,1.1162280701754386
6164,233984,232104,1.1203501094091903,1.1162280701754386
6165,233984,232104,1.1203501094091903,1.1162280701754386
6166,233984,232104,1.1203501094091903,1.1162280701754386
6167,233984,232104,1.1203501094091903,1.1162280701754386
6168,233984,232104,1.1203501094091903,1.1162280701754386
6169,233984,232104,1.1203501094091903,1.1162280701754386
6170,233984,232104,1.1203501094091903,1.1162280701754386
6171,233984,232104,1.1203501094091903,1.1162280701754386
6172,233984,232104,1.1203501094091903,1.1162280701754386
6173,233984,232104,1.1203501094091903,1.1162280701754386
6174,233984,232104,1.1203501094091903,1.1162280701754386
6175,233984,232104,1.1203501094091903,1.1162280701754386
6176,233984,232104,1.1203501094091903,1.1162280701754386
6177,233984,232104,1.1203501094091903,1.1162280701754386
6178,233984,232104,1.1203501094091903,1.1162280701754386
6179,233984,232104,1.1203501094091903,1.1162280701754386
6180,233984,232104,1.1203501094091903,1.1162280701754386
6181,233984,232104,1.1203501094091903,1.1162280701754386
6182,233984,232104,1.1203501094091903,1.1162280701754386
6183,233984,232104,1.1203501094091903,1.1162280701754386
6184,233984,232104,1.1203501094091903,1.1162280701754386
6185,233984,232104,1.1203501094091903,1.1162280701754386
6186,233984,232104,1.1203501094091903,1.1162280701754386
6187,233984,232104,1.1203501094091903,1.1162280701754386
6188,233984,232104,1.1203501094091903,1.1162280701754386
6189,233984,232104,1.1203501094091903,1.1162280701754386
6190,233984,232104,1.1203501094091903,1.1162280701754386
6191,233984,232104,1.1203501094091903,1.1162280701754386
6192,233984,232104,1.1203501094091903,1.1162280701754386
6193,233984,232104,1.1203501094091903,1.1162280701754386
6194,233984,232104,1.1203501094091903,1.1162280701754386
6195,233984,232104,1.1203501094091903,1.1162280701754386
6196,233984,232104,1.1203501094091903,1.1162280701754386
6197,233984,232104,1.1203501094091903,1.1162280701754386
6198,233984,232104,1.1203501094091903,1.1162280701754386
6199,233984,232104,1.1203501094091903,1.1162280701754386
6200,233984,232104,1.1203501094091903,1.1162280701754386
6201,233984,232104,1.1203501094091903,1.1162280701754386
6202,233984,232104,1.1203501094091903,1.1162280701754386
6203,233984,232104,1.1203501094091903,1.1162280701754386
6204,233984,232104,1.1203501094091903,1.1162280701754386
6205,233984,232104,1.1203501094091903,1.1162280701754386
6206,233984,232104,1.1203501094091903,1.1162280701754386
6207,233984,232104,1.1203501094091903,1.1162280701754386
6208,233984,232104,1.1203501094091903,1.1162280701754386
6209,233984,232104,1.1203501094091903,1.1162280701754386
6210,233984,232104,1.1203501094091903,1.1162280701754386
6211,233984,232104,1.1203501094091903,1.1162280701754386
6212,233984,232104,1.1203501094091903,1.1162280701754386
6213,233984,232104,1.1203501094091903,1.1162280701754386
6214,233984,232104,1.1203501094091903,1.1162280701754386
6215,233984,232104,1.1203501094091903,1.1162280701754386
6216,233984,232104,1.1203501094091903,1.1162280701754386
6217,233984,232104,1.1203501094091903,1.1162280701754386
6218,233984,232104,1.1203501094091903,1.1162280701754386
6219,233984,232104,1.1203501094091903,1.1162280701754386
6220,233984,232104,1.1203501094091903,1.1162280701754386
6221,233984,232104,1.1203501094091903,1.1162280701754386
6222,233984,232104,1.1203501094091903,1.1162280701754386
6223,233984,232104,1.1203501094091903,1.1162280701754386
6224,233984,232104,1.1203501094091903,1.1162280701754386
6225,233984,232104,1.1203501094091903,1.1162280701754386
6226,233984,232104,1.1203501094091903,1.1162280701754386
6227,233984,232104,1.1203501094091903,1.1162280701754386
6228,233984,232104,1.1203501094091903,1.1162280701754386
6229,233984,232104,1.1203501094091903,1.1162280701754386
6230,233984,232104,1.1203501094091903,1.1162280701754386
6231,233984,232104,1.1203501094091903,1.1162280701754386
6232,233984,232104,1.1203501094091903,1.1162280701754386
6233,233984,232104,1.1203501094091903,1.1162280701754386
6234,233984,232104,1.1203501094091903,1.1162280701754386
6235,233984,232104,1.1203501094091903,1.1162280701754386
6236,233984,232104,1.1203501094091903,1.1162280701754386
6237,233984,232104,1.1203501094091903,1.1162280701754386
6238,233984,232104,1.1203501094091903,1.1162280701754386
6239,233984,232104,1.1203501094091903,1.1162280701754386
6240,233984,232104,1.1203501094091903,1.1162280701754386
6241,233984,232104,1.1203501094091903,1.1162280701754386
6242,233984,232104,1.1203501094091903,1.1162280701754386
6243,233984,232104,1.1203501094091903,1.1162280701754386
6244,233984,232104,1.1203501094091903,1.1162280701754386
6245,233984,232104,1.1203501094091903,1.1162280701754386
6246,233984,232104,1.1203501094091903,1.1162280701754386
6247,233984,232104,1.1203501094091903,1.1162280701754386
6248,233984,232104,1.1203501094091903,1.1162280701754386
6249,233984,232104,1.1203501094091903,1.1162280701754386
6250,233984,232104,1.1203501094091903,1.1162280701754386
6251,233984,232104,1.1203501094091903,1.1162280701754386
6252,233984,232104,1.1203501094091903,1.1162280701754386
6253,233984,232104,1.1203501094091903,1.1162280701754386
6254,233984,232104,1.1203501094091903,1.1162280701754386
6255,233984,232104,1.1203501094091903,1.1162280701754386
6256,233984,232104,1.1203501094091903,1.1162280701754386
6257,233984,232104,1.1203501094091903,1.1162280701754386
6258,232104,232104,1.1162280701754386,1.1162280701754386
6259,232104,232104,1.1162280701754386,1.1162280701754386
6260,232104,232104,1.1162280701754386,1.1162280701754386
6261,232104,232104,1.1162280701754386,1.1162280701754386
6262,232104,232104,1.1162280701754386,1.1162280701754386
6263,232104,232104,1.1162280701754386,1.1162280701754386
6264,232104,232104,1.1162280701754386,1.1162280701754386
6265,232104,232104,1.1162280701754386,1.1162280701754386
6266,232104,232104,1.1162280701754386,1.1162280701754386
6267,232104,232104,1.1162280701754386,1.1162280701754386
6268,232104,232104,1.1162280701754386,1.1162280701754386
6269,232104,232104,1.1162280701754386,1.1162280701754386
6270,232104,232104,1.1162280701754386,1.1162280701754386
6271,232104,232104,1.1162280701754386,1.1162280701754386
6272,232104,232104,1.1162280701754386,1.1162280701754386
6273,232104,232104,1.1162280701754386,1.1162280701754386
6274,232104,232104,1.1162280701754386,1.1162280701754386
6275,232104,232104,1.1162280701754386,1.1162280701754386
6276,232104,232104,1.1162280701754386,1.1162280701754386
6277,232104,232104,1.1162280701754386,1.1162280701754386
6278,232104,232104,1.1162280701754386,1.1162280701754386
6279,232104,232104,1.1162280701754386,1.1162280701754386
6280,232104,232104,1.1162280701754386,1.1162280701754386
6281,232104,232104,1.1162280701754386,1.1162280701754386
6282,232104,232104,1.1162280701754386,1.1162280701754386
6283,232104,232104,1.1162280701754386,1.1162280701754386
6284,232104,232104,1.1162280701754386,1.1162280701754386
6285,232104,232104,1.1162280701754386,1.1162280701754386
6286,232104,232104,1.1162280701754386,1.1162280701754386
6287,232104,232104,1.1162280701754386,1.1162280701754386
6288,232104,232104,1.1162280701754386,1.1162280701754386
6289,232104,232104,1.1162280701754386,1.1162280701754386
6290,232104,232104,1.1162280701754386,1.1162280701754386
6291,232104,232104,1.1162280701754386,1.1162280701754386
6292,232104,232104,1.1162280701754386,1.1162280701754386
6293,232104,232104,1.1162280701754386,1.1162280701754386
6294,232104,232104,1.1162280701754386,1.1162280701754386
6295,232104,232104,1.1162280701754386,1.1162280701754386
6296,232104,232104,1.1162280701754386,1.1162280701754386
6297,232104,232104,1.1162280701754386,1.1162280701754386
6298,232104,232104,1.1162280701754386,1.1162280701754386
6299,232104,232104,1.1162280701754386,1.1162280701754386
6300,232104,232104,1.1162280701754386,1.1162280701754386
6301,232104,232104,1.1162280701754386,1.1162280701754386
6302,231086,231086,1.1211453744493391,1.1211453744493391
6303,231086,231086,1.1211453744493391,1.1211453744493391
6304,231086,231086,1.1211453744493391,1.1211453744493391
6305,231086,231086,1.1211453744493391,1.1211453744493391
6306,231086,231086,1.1211453744493391,1.1211453744493391
6307,231086,231086,1.1211453744493391,1.1211453744493391
6308,231086,231086,1.1211453744493391,1.1211453744493391
6309,231086,231086,1.1211453744493391,1.1211453744493391
6310,231086,231086,1.1211453744493391,1.1211453744493391
6311,231086,231086,1.1211453744493391,1.1211453744493391
6312,231086,231086,1.1211453744493391,1.1211453744493391
6313,231086,231086,1.1211453744493391,1.1211453744493391
6314,231086,231086,1.1211453744493391,1.1211453744493391
6315,231086,231086,1.1211453744493391,1.1211453744493391
6316,231086,231086,1.1211453744493391,1.1211453744493391
6317,231086,231086,1.1211453744493391,1.1211453744493391
6318,231086,231086,1.1211453744493391,1.1211453744493391
6319,231086,231086,1.1211453744493391,1.1211453744493391
6320,231086,231086,1.1211453744493391,1.1211453744493391
6321,231086,231086,1.1211453744493391,1.1211453744493391
6322,231086,231086,1.1211453744493391,1.1211453744493391
6323,231086,231086,1.1211453744493391,1.1211453744493391
6324,231086,231086,1.1211453744493391,1.1211453744493391
6325,231086,231086,1.1211453744493391,1.1211453744493391
6326,231086,231086,1.1211453744493391,1.1211453744493391
6327,231086,231086,1.1211453744493391,1.1211453744493391
6328,231086,231086,1.1211453744493391,1.1211453744493391
6329,231086,231086,1.1211453744493391,1.1211453744493391
6330,231086,231086,1.1211453744493391,1.1211453744493391
6331,231086,231086,1.1211453744493391,1.1211453744493391
6332,231086,231086,1.1211453744493391,1.1211453744493391
6333,231086,231086,1.1211453744493391,1.1211453744493391
6334,231086,231086,1.1211453744493391,1.1211453744493391
6335,231086,231086,1.1211453744493391,1.1211453744493391
6336,231086,231086,1.1211453744493391,1.1211453744493391
6337,231086,231086,1.1211453744493391,1.1211453744493391
6338,231086,231086,1.1211453744493391,1.1211453744493391
6339,231086,231086,1.1211453744493391,1.1211453744493391
6340,231086,231086,1.1211453744493391,1.1211453744493391
6341,231086,231086,1.1211453744493391,1.1211453744493391
6342,231086,231086,1.1211453744493391,1.1211453744493391
6343,231086,231086,1.1211453744493391,1.1211453744493391
6344,231086,231086,1.1211453744493391,1.1211453744493391
6345,231086,231086,1.1211453744493391,1.1211453744493391
6346,231086,231086,1.1211453744493391,1.1211453744493391
6347,231086,231086,1.1211453744493391,1.1211453744493391
6348,231086,231086,1.1211453744493391,1.1211453744493391
6349,231086,231086,1.1211453744493391,1.1211453744493391
6350,231086,231086,1.1211453744493391,1.1211453744493391
6351,231086,231086,1.1211453744493391,1.1211453744493391
6352,231086,231086,1.1211453744493391,1.1211453744493391
6353,231086,231086,1.1211453744493391,1.1211453744493391
6354,231086,231086,1.1211453744493391,1.1211453744493391
6355,231086,231086,1.1211453744493391,1.1211453744493391
6356,231086,231086,1.1211453744493391,1.1211453744493391
6357,231086,231086,1.1211453744493391,1.1211453744493391
6358,231086,231086,1.1211453744493391,1.1211453744493391
6359,231086,231086,1.1211453744493391,1.1211453744493391
6360,231086,231086,1.1211453744493391,1.1211453744493391
6361,231086,231086,1.1211453744493391,1.1211453744493391
6362,231086,231086,1.1211453744493391,1.1211453744493391
6363,231086,231086,1.1211453744493391,1.1211453744493391
6364,231086,231086,1.1211453744493391,1.1211453744493391
6365,231086,231086,1.1211453744493391,1.1211453744493391
6366,231086,231086,1.1211453744493391,1.1211453744493391
6367,231086,231086,1.1211453744493391,1.1211453744493391
6368,231086,231086,1.1211453744493391,1.1211453744493391
6369,231086,231086,1.1211453744493391,1.1211453744493391
6370,231086,231086,1.1211453744493391,1.1211453744493391
6371,231086,231086,1.1211453744493391,1.1211453744493391
6372,231086,231086,1.1211453744493391,1.1211453744493391
6373,231086,231086,1.1211453744493391,1.1211453744493391
6374,231086,231086,1.1211453744493391,1.1211453744493391
6375,231086,231086,1.1211453744493391,1.1211453744493391
6376,231086,231086,1.1211453744493391,1.1211453744493391
6377,231086,231086,1.1211453744493391,1.1211453744493391
6378,231086,231086,1.1211453744493391,1.1211453744493391
6379,231086,231086,1.1211453744493391,1.1211453744493391
6380,231086,231086,1.1211453744493391,1.1211453744493391
6381,231086,231086,1.1211453744493391,1.1211453744493391
6382,231086,231086,1.1211453744493391,1.1211453744493391
6383,231086,231086,1.1211453744493391,1.1211453744493391
6384,231086,231086,1.1211453744493391,1.1211453744493391
6385,231086,231086,1.1211453744493391,1.1211453744493391
6386,231086,231086,1.1211453744493391,1.1211453744493391
6387,231086,231086,1.1211453744493391,1.1211453744493391
6388,231086,231086,1.1211453744493391,1.1211453744493391
6389,231086,231086,1.1211453744493391,1.1211453744493391
6390,231086,231086,1.1211453744493391,1.1211453744493391
6391,231086,231086,1.1211453744493391,1.1211453744493391
6392,231086,231086,1.1211453744493391,1.1211453744493391
6393,231086,231086,1.1211453744493391,1.1211453744493391
6394,231086,231086,1.1211453744493391,1.1211453744493391
6395,231086,231086,1.1211453744493391,1.1211453744493391
6396,231086,231086,1.1211453744493391,1.1211453744493391
6397,231086,231086,1.1211453744493391,1.1211453744493391
6398,231086,231086,1.1211453744493391,1.1211453744493391
6399,231086,231086,1.1211453744493391,1.1211453744493391
6400,231086,231086,1.1211453744493391,1.1211453744493391
6401,231086,231086,1.1211453744493391,1.1211453744493391
6402,231086,231086,1.1211453744493391,1.1211453744493391
6403,231086,231086,1.1211453744493391,1.1211453744493391
6404,231086,231086,1.1211453744493391,1.1211453744493391
6405,231086,231086,1.1211453744493391,1.1211453744493391
6406,231086,231086,1.1211453744493391,1.1211453744493391
6407,231086,231086,1.1211453744493391,1.1211453744493391
6408,231086,231086,1.1211453744493391,1.1211453744493391
6409,231086,231086,1.1211453744493391,1.1211453744493391
6410,231086,231086,1.1211453744493391,1.1211453744493391
6411,231086,231086,1.1211453744493391,1.1211453744493391
6412,231086,231086,1.1211453744493391,1.1211453744493391
6413,231086,231086,1.1211453744493391,1.1211453744493391
6414,231086,231086,1.1211453744493391,1.1211453744493391
6415,231086,231086,1.1211453744493391,1.1211453744493391
6416,231086,231086,1.1211453744493391,1.1211453744493391
6417,231086,231086,1.1211453744493391,1.1211453744493391
6418,231086,231086,1.1211453744493391,1.1211453744493391
6419,231086,231086,1.1211453744493391,1.1211453744493391
6420,231086,231086,1.1211453744493391,1.1211453744493391
6421,231086,231086,1.1211453744493391,1.1211453744493391
6422,231086,231086,1.1211453744493391,1.1211453744493391
6423,231086,231086,1.1211453744493391,1.1211453744493391
6424,231086,231086,1.1211453744493391,1.1211453744493391
6425,231086,231086,1.1211453744493391,1.1211453744493391
6426,231086,231086,1.1211453744493391,1.1211453744493391
6427,231086,231086,1.1211453744493391,1.1211453744493391
6428,231086,231086,1.1211453744493391,1.1211453744493391
6429,231086,231086,1.1211453744493391,1.1211453744493391
6430,231086,231086,1.1211453744493391,1.1211453744493391
6431,231086,231086,1.1211453744493391,1.1211453744493391
6432,231086,231086,1.1211453744493391,1.1211453744493391
6433,231086,231086,1.1211453744493391,1.1211453744493391
6434,231086,231086,1.1211453744493391,1.1211453744493391
6435,231086,231086,1.1211453744493391,1.1211453744493391
6436,231086,231086,1.1211453744493391,1.1211453744493391
6437,231086,231086,1.1211453744493391,1.1211453744493391
6438,230632,230632,1.118942731277533,1.118942731277533
6439,230632,230632,1.118942731277533,1.118942731277533
6440,230632,230632,1.118942731277533,1.118942731277533
6441,230632,230632,1.118942731277533,1.118942731277533
6442,230632,230632,1.118942731277533,1.118942731277533
6443,230632,230632,1.118942731277533,1.118942731277533
6444,230632,230632,1.118942731277533,1.118942731277533
6445,230632,230632,1.118942731277533,1.118942731277533
6446,230632,230632,1.118942731277533,1.118942731277533
6447,230632,230632,1.118942731277533,1.118942731277533
6448,230632,230632,1.118942731277533,1.118942731277533
6449,230632,230632,1.118942731277533,1.118942731277533
6450,230632,230632,1.118942731277533,1.118942731277533
6451,230632,230632,1.118942731277533,1.118942731277533
6452,230632,230632,1.118942731277533,1.118942731277533
6453,230632,230632,1.118942731277533,1.118942731277533
6454,230632,230632,1.118942731277533,1.118942731277533
6455,230632,230632,1.118942731277533,1.118942731277533
6456,230632,230632,1.118942731277533,1.118942731277533
6457,230632,230632,1.118942731277533,1.118942731277533
6458,230632,230632,1.118942731277533,1.118942731277533
6459,230632,230632,1.118942731277533,1.118942731277533
6460,230632,230632,1.118942731277533,1.118942731277533
6461,230632,230632,1.118942731277533,1.118942731277533
6462,230632,230632,1.118942731277533,1.118942731277533
6463,230632,230632,1.118942731277533,1.118942731277533
6464,230632,230632,1.118942731277533,1.118942731277533
6465,230632,230632,1.118942731277533,1.118942731277533
6466,230632,230632,1.118942731277533,1.118942731277533
6467,230632,230632,1.118942731277533,1.118942731277533
6468,230632,230632,1.118942731277533,1.118942731277533
6469,230632,230632,1.118942731277533,1.118942731277533
6470,230632,230632,1.118942731277533,1.118942731277533
6471,230632,230632,1.118942731277533,1.118942731277533
6472,230632,230632,1.118942731277533,1.118942731277533
6473,230632,230632,1.118942731277533,1.118942731277533
6474,230632,230632,1.118942731277533,1.118942731277533
6475,230632,230632,1.118942731277533,1.118942731277533
6476,231086,230632,1.1211453744493391,1.118942731277533
6477,231086,230632,1.1211453744493391,1.118942731277533
6478,231086,230632,1.1211453744493391,1.118942731277533
6479,231086,230632,1.1211453744493391,1.118942731277533
6480,231086,230632,1.1211453744493391,1.118942731277533
6481,231086,230632,1.1211453744493391,1.118942731277533
6482,231086,230632,1.1211453744493391,1.118942731277533
6483,231086,230632,1.1211453744493391,1.118942731277533
6484,231086,230632,1.1211453744493391,1.118942731277533
6485,231086,230632,1.1211453744493391,1.118942731277533
6486,231086,230632,1.1211453744493391,1.118942731277533
6487,231086,230632,1.1211453744493391,1.118942731277533
6488,231086,230632,1.1211453744493391,1.118942731277533
6489,231086,230632,1.1211453744493391,1.118942731277533
6490,231086,230632,1.1211453744493391,1.118942731277533
6491,231086,230632,1.1211453744493391,1.118942731277533
6492,231086,230632,1.1211453744493391,1.118942731277533
6493,231086,230632,1.1211453744493391,1.118942731277533
6494,231086,230632,1.1211453744493391,1.118942731277533
6495,231086,230632,1.1211453744493391,1.118942731277533
6496,231086,230632,1.1211453744493391,1.118942731277533
6497,231086,230632,1.1211453744493391,1.118942731277533
6498,231086,230632,1.1211453744493391,1.118942731277533
6499,231086,230632,1.1211453744493391,1.118942731277533
6500,231086,230632,1.1211453744493391,1.118942731277533
6501,231086,230632,1.1211453744493391,1.118942731277533
6502,231086,230632,1.1211453744493391,1.118942731277533
6503,231086,230632,1.1211453744493391,1.118942731277533
6504,231086,230632,1.1211453744493391,1.118942731277533
6505,231086,230632,1.1211453744493391,1.118942731277533
6506,231086,230632,1.1211453744493391,1.118942731277533
6507,231086,230632,1.1211453744493391,1.118942731277533
6508,231086,230632,1.1211453744493391,1.118942731277533
6509,231086,230632,1.1211453744493391,1.118942731277533
6510,231086,230632,1.1211453744493391,1.118942731277533
6511,231086,230632,1.1211453744493391,1.118942731277533
6512,231086,230632,1.1211453744493391,1.118942731277533
6513,231086,230632,1.1211453744493391,1.118942731277533
6514,231086,230632,1.1211453744493391,1.118942731277533
6515,231086,230632,1.1211453744493391,1.118942731277533
6516,231086,230632,1.1211453744493391,1.118942731277533
6517,231086,230632,1.1211453744493391,1.118942731277533
6518,231086,230632,1.1211453744493391,1.118942731277533
6519,231086,230632,1.1211453744493391,1.118942731277533
6520,231086,230632,1.1211453744493391,1.118942731277533
6521,231086,230632,1.1211453744493391,1.118942731277533
6522,231086,230632,1.1211453744493391,1.118942731277533
6523,231086,230632,1.1211453744493391,1.118942731277533
6524,231086,230632,1.1211453744493391,1.118942731277533
6525,231086,230632,1.1211453744493391,1.118942731277533
6526,231086,230632,1.1211453744493391,1.118942731277533
6527,231086,230632,1.1211453744493391,1.118942731277533
6528,231086,230632,1.1211453744493391,1.118942731277533
6529,231086,230632,1.1211453744493391,1.118942731277533
6530,231086,230632,1.1211453744493391,1.118942731277533
6531,231086,230632,1.1211453744493391,1.118942731277533
6532,231086,230632,1.1211453744493391,1.118942731277533
6533,231086,230632,1.1211453744493391,1.118942731277533
6534,231086,230632,1.1211453744493391,1.118942731277533
6535,231086,230632,1.1211453744493391,1.118942731277533
6536,231086,230632,1.1211453744493391,1.118942731277533
6537,231086,230632,1.1211453744493391,1.118942731277533
6538,231086,230632,1.1211453744493391,1.118942731277533
6539,231086,230632,1.1211453744493391,1.118942731277533
6540,231086,230632,1.1211453744493391,1.118942731277533
6541,231086,230632,1.1211453744493391,1.118942731277533
6542,231086,230632,1.1211453744493391,1.118942731277533
6543,231086,230632,1.1211453744493391,1.118942731277533
6544,231086,230632,1.1211453744493391,1.118942731277533
6545,231086,230632,1.1211453744493391,1.118942731277533
6546,231086,230632,1.1211453744493391,1.118942731277533
6547,231086,230632,1.1211453744493391,1.118942731277533
6548,231086,230632,1.1211453744493391,1.118942731277533
6549,231086,230632,1.1211453744493391,1.118942731277533
6550,231086,230632,1.1211453744493391,1.118942731277533
6551,231086,230632,1.1211453744493391,1.118942731277533
6552,231086,230632,1.1211453744493391,1.118942731277533
6553,231086,230632,1.1211453744493391,1.118942731277533
6554,231086,230632,1.1211453744493391,1.118942731277533
6555,231086,230632,1.1211453744493391,1.118942731277533
6556,231086,230632,1.1211453744493391,1.118942731277533
6557,231086,230632,1.1211453744493391,1.118942731277533
6558,231086,230632,1.1211453744493391,1.118942731277533
6559,231086,230632,1.1211453744493391,1.118942731277533
6560,231086,230632,1.1211453744493391,1.118942731277533
6561,231086,230632,1.1211453744493391,1.118942731277533
6562,231086,230632,1.1211453744493391,1.118942731277533
6563,231086,230632,1.1211453744493391,1.118942731277533
6564,231086,230632,1.1211453744493391,1.118942731277533
6565,231086,230632,1.1211453744493391,1.118942731277533
6566,231086,230632,1.1211453744493391,1.118942731277533
6567,231086,230632,1.1211453744493391,1.118942731277533
6568,231086,230632,1.1211453744493391,1.118942731277533
6569,231086,230632,1.1211453744493391,1.118942731277533
6570,231086,230632,1.1211453744493391,1.118942731277533
6571,231086,230632,1.1211453744493391,1.118942731277533
6572,231086,230632,1.1211453744493391,1.118942731277533
6573,231086,230632,1.1211453744493391,1.118942731277533
6574,230632,230632,1.118942731277533,1.118942731277533
6575,230632,230632,1.118942731277533,1.118942731277533
6576,230632,230632,1.118942731277533,1.118942731277533
6577,230632,230632,1.118942731277533,1.118942731277533
6578,230632,230632,1.118942731277533,1.118942731277533
6579,230632,230632,1.118942731277533,1.118942731277533
6580,230632,230632,1.118942731277533,1.118942731277533
6581,230632,230632,1.118942731277533,1.118942731277533
6582,230632,230632,1.118942731277533,1.118942731277533
6583,230632,230632,1.118942731277533,1.118942731277533
6584,230632,230632,1.118942731277533,1.118942731277533
6585,230632,230632,1.118942731277533,1.118942731277533
6586,230632,230632,1.118942731277533,1.118942731277533
6587,230632,230632,1.118942731277533,1.118942731277533
6588,230632,230632,1.118942731277533,1.118942731277533
6589,230632,230632,1.118942731277533,1.118942731277533
6590,230632,230632,1.118942731277533,1.118942731277533
6591,230632,230632,1.118942731277533,1.118942731277533
6592,230632,230632,1.118942731277533,1.118942731277533
6593,230632,230632,1.118942731277533,1.118942731277533
6594,230632,230632,1.118942731277533,1.118942731277533
6595,230632,230632,1.118942731277533,1.118942731277533
6596,230632,230632,1.118942731277533,1.118942731277533
6597,230632,230632,1.118942731277533,1.118942731277533
6598,230632,230632,1.118942731277533,1.118942731277533
6599,230632,230632,1.118942731277533,1.118942731277533
6600,230632,230632,1.118942731277533,1.118942731277533
6601,230632,230632,1.118942731277533,1.118942731277533
6602,230632,230632,1.118942731277533,1.118942731277533
6603,230632,230632,1.118942731277533,1.118942731277533
6604,230632,230632,1.118942731277533,1.118942731277533
6605,230632,230632,1.118942731277533,1.118942731277533
6606,230632,230632,1.118942731277533,1.118942731277533
6607,230632,230632,1.118942731277533,1.118942731277533
6608,230632,230632,1.118942731277533,1.118942731277533
6609,230632,230632,1.118942731277533,1.118942731277533
6610,230632,230632,1.118942731277533,1.118942731277533
6611,230632,230632,1.118942731277533,1.118942731277533
6612,230632,230632,1.118942731277533,1.118942731277533
6613,230632,230632,1.118942731277533,1.118942731277533
6614,230632,230632,1.118942731277533,1.118942731277533
6615,230632,230632,1.118942731277533,1.118942731277533
6616,230632,230632,1.118942731277533,1.118942731277533
6617,230632,230632,1.118942731277533,1.118942731277533
6618,230632,230632,1.118942731277533,1.118942731277533
6619,230632,230632,1.118942731277533,1.118942731277533
6620,230632,230632,1.118942731277533,1.118942731277533
6621,230632,230632,1.118942731277533,1.118942731277533
6622,230632,230632,1.118942731277533,1.118942731277533
6623,230632,230632,1.118942731277533,1.118942731277533
6624,230632,230632,1.118942731277533,1.118942731277533
6625,230632,230632,1.118942731277533,1.118942731277533
6626,230632,230632,1.118942731277533,1.118942731277533
6627,230632,230632,1.118942731277533,1.118942731277533
6628,230632,230632,1.118942731277533,1.118942731277533
6629,230632,230632,1.118942731277533,1.118942731277533
6630,230632,230632,1.118942731277533,1.118942731277533
6631,230632,230632,1.118942731277533,1.118942731277533
6632,230632,230632,1.118942731277533,1.118942731277533
6633,230632,230632,1.118942731277533,1.118942731277533
6634,230632,230632,1.118942731277533,1.118942731277533
6635,230632,230632,1.118942731277533,1.118942731277533
6636,230632,230632,1.118942731277533,1.118942731277533
6637,230632,230632,1.118942731277533,1.118942731277533
6638,230632,230632,1.118942731277533,1.118942731277533
6639,230632,230632,1.118942731277533,1.118942731277533
6640,230632,230632,1.118942731277533,1.118942731277533
6641,230632,230632,1.118942731277533,1.118942731277533
6642,230632,230632,1.118942731277533,1.118942731277533
6643,230632,230632,1.118942731277533,1.118942731277533
6644,230632,230632,1.118942731277533,1.118942731277533
6645,230632,230632,1.118942731277533,1.118942731277533
6646,230632,230632,1.118942731277533,1.118942731277533
6647,230632,230632,1.118942731277533,1.118942731277533
6648,230632,230632,1.118942731277533,1.118942731277533
6649,230632,230632,1.118942731277533,1.118942731277533
6650,230632,230632,1.118942731277533,1.118942731277533
6651,230632,230632,1.118942731277533,1.118942731277533
6652,230632,230632,1.118942731277533,1.118942731277533
6653,230632,230632,1.118942731277533,1.118942731277533
6654,230632,230632,1.118942731277533,1.118942731277533
6655,230632,230632,1.118942731277533,1.118942731277533
6656,230632,230632,1.118942731277533,1.118942731277533
6657,230632,230632,1.118942731277533,1.118942731277533
6658,230632,230632,1.118942731277533,1.118942731277533
6659,230632,230632,1.118942731277533,1.118942731277533
6660,230632,230632,1.118942731277533,1.118942731277533
6661,230632,230632,1.118942731277533,1.118942731277533
6662,230632,230632,1.118942731277533,1.118942731277533
6663,230632,230632,1.118942731277533,1.118942731277533
6664,230632,230632,1.118942731277533,1.118942731277533
6665,230632,230632,1.118942731277533,1.118942731277533
6666,230632,230632,1.118942731277533,1.118942731277533
6667,230632,230632,1.118942731277533,1.118942731277533
6668,230632,230632,1.118942731277533,1.118942731277533
6669,230632,230632,1.118942731277533,1.118942731277533
6670,230632,230632,1.118942731277533,1.118942731277533
6671,230632,230632,1.118942731277533,1.118942731277533
6672,230632,230632,1.118942731277533,1.118942731277533
6673,230632,230632,1.118942731277533,1.118942731277533
6674,230632,230632,1.118942731277533,1.118942731277533
6675,230632,230632,1.118942731277533,1.118942731277533
6676,230632,230632,1.118942731277533,1.118942731277533
6677,230632,230632,1.118942731277533,1.118942731277533
6678,230632,230632,1.118942731277533,1.118942731277533
6679,230632,230632,1.118942731277533,1.118942731277533
6680,230632,230632,1.118942731277533,1.118942731277533
6681,230632,230632,1.118942731277533,1.118942731277533
6682,230632,230632,1.118942731277533,1.118942731277533
6683,230632,230632,1.118942731277533,1.118942731277533
6684,230632,230632,1.118942731277533,1.118942731277533
6685,230632,230632,1.118942731277533,1.118942731277533
6686,230632,230632,1.118942731277533,1.118942731277533
6687,230632,230632,1.118942731277533,1.118942731277533
6688,230632,230632,1.118942731277533,1.118942731277533
6689,230632,230632,1.118942731277533,1.118942731277533
6690,230632,230632,1.118942731277533,1.118942731277533
6691,230632,230632,1.118942731277533,1.118942731277533
6692,230632,230632,1.118942731277533,1.118942731277533
6693,230632,230632,1.118942731277533,1.118942731277533
6694,230632,230632,1.118942731277533,1.118942731277533
6695,230632,230632,1.118942731277533,1.118942731277533
6696,230632,230632,1.118942731277533,1.118942731277533
6697,230632,230632,1.118942731277533,1.118942731277533
6698,230632,230632,1.118942731277533,1.118942731277533
6699,230632,230632,1.118942731277533,1.118942731277533
6700,230632,230632,1.118942731277533,1.118942731277533
6701,230632,230632,1.118942731277533,1.118942731277533
6702,230632,230632,1.118942731277533,1.118942731277533
6703,230632,230632,1.118942731277533,1.118942731277533
6704,230632,230632,1.118942731277533,1.118942731277533
6705,230632,230632,1.118942731277533,1.118942731277533
6706,230632,230632,1.118942731277533,1.118942731277533
6707,230632,230632,1.118942731277533,1.118942731277533
6708,230632,230632,1.118942731277533,1.118942731277533
6709,230632,230632,1.118942731277533,1.118942731277533
6710,230632,230632,1.118942731277533,1.118942731277533
6711,230632,230632,1.118942731277533,1.118942731277533
6712,230632,230632,1.118942731277533,1.118942731277533
6713,230632,230632,1.118942731277533,1.118942731277533
6714,230632,230632,1.118942731277533,1.118942731277533
6715,230632,230632,1.118942731277533,1.118942731277533
6716,230632,230632,1.118942731277533,1.118942731277533
6717,230632,230632,1.118942731277533,1.118942731277533
6718,230632,230632,1.118942731277533,1.118942731277533
6719,230632,230632,1.118942731277533,1.118942731277533
6720,230632,230632,1.118942731277533,1.118942731277533
6721,230632,230632,1.118942731277533,1.118942731277533
6722,230632,230632,1.118942731277533,1.118942731277533
6723,230632,230632,1.118942731277533,1.118942731277533
6724,230632,230632,1.118942731277533,1.118942731277533
6725,230632,230632,1.118942731277533,1.118942731277533
6726,230632,230632,1.118942731277533,1.118942731277533
6727,230632,230632,1.118942731277533,1.118942731277533
6728,230632,230632,1.118942731277533,1.118942731277533
6729,230632,230632,1.118942731277533,1.118942731277533
6730,230632,230632,1.118942731277533,1.118942731277533
6731,230632,230632,1.118942731277533,1.118942731277533
6732,230632,230632,1.118942731277533,1.118942731277533
6733,230632,230632,1.118942731277533,1.118942731277533
6734,230632,230632,1.118942731277533,1.118942731277533
6735,230632,230632,1.118942731277533,1.118942731277533
6736,230632,230632,1.118942731277533,1.118942731277533
6737,230632,230632,1.118942731277533,1.118942731277533
6738,230632,230632,1.118942731277533,1.118942731277533
6739,230632,230632,1.118942731277533,1.118942731277533
6740,230632,230632,1.118942731277533,1.118942731277533
6741,230632,230632,1.118942731277533,1.118942731277533
6742,230632,230632,1.118942731277533,1.118942731277533
6743,230632,230632,1.118942731277533,1.118942731277533
6744,230632,230632,1.118942731277533,1.118942731277533
6745,230632,230632,1.118942731277533,1.118942731277533
6746,230632,230632,1.118942731277533,1.118942731277533
6747,230632,230632,1.118942731277533,1.118942731277533
6748,230632,230632,1.118942731277533,1.118942731277533
6749,230632,230632,1.118942731277533,1.118942731277533
6750,230632,230632,1.118942731277533,1.118942731277533
6751,230632,230632,1.118942731277533,1.118942731277533
6752,230632,230632,1.118942731277533,1.118942731277533
6753,230632,230632,1.118942731277533,1.118942731277533
6754,231086,230632,1.1211453744493391,1.118942731277533
6755,231086,230632,1.1211453744493391,1.118942731277533
6756,231086,230632,1.1211453744493391,1.118942731277533
6757,231086,230632,1.1211453744493391,1.118942731277533
6758,231086,230632,1.1211453744493391,1.118942731277533
6759,231086,230632,1.1211453744493391,1.118942731277533
6760,231086,230632,1.1211453744493391,1.118942731277533
6761,231086,230632,1.1211453744493391,1.118942731277533
6762,231086,230632,1.1211453744493391,1.118942731277533
6763,231086,230632,1.1211453744493391,1.118942731277533
6764,231086,230632,1.1211453744493391,1.118942731277533
6765,231086,230632,1.1211453744493391,1.118942731277533
6766,231086,230632,1.1211453744493391,1.118942731277533
6767,231086,230632,1.1211453744493391,1.118942731277533
6768,231086,230632,1.1211453744493391,1.118942731277533
6769,231086,230632,1.1211453744493391,1.118942731277533
6770,231086,230632,1.1211453744493391,1.118942731277533
6771,231086,230632,1.1211453744493391,1.118942731277533
6772,231086,230632,1.1211453744493391,1.118942731277533
6773,231086,230632,1.1211453744493391,1.118942731277533
6774,231086,230632,1.1211453744493391,1.118942731277533
6775,231086,230632,1.1211453744493391,1.118942731277533
6776,231086,230632,1.1211453744493391,1.118942731277533
6777,231086,230632,1.1211453744493391,1.118942731277533
6778,231086,230632,1.1211453744493391,1.118942731277533
6779,231086,230632,1.1211453744493391,1.118942731277533
6780,231086,230632,1.1211453744493391,1.118942731277533
6781,231086,230632,1.1211453744493391,1.118942731277533
6782,231086,230632,1.1211453744493391,1.118942731277533
6783,231086,230632,1.1211453744493391,1.118942731277533
6784,231086,230632,1.1211453744493391,1.118942731277533
6785,231086,230632,1.1211453744493391,1.118942731277533
6786,231086,230632,1.1211453744493391,1.118942731277533
6787,231086,230632,1.1211453744493391,1.118942731277533
6788,231086,230632,1.1211453744493391,1.118942731277533
6789,231086,230632,1.1211453744493391,1.118942731277533
6790,231086,230632,1.1211453744493391,1.118942731277533
6791,231086,230632,1.1211453744493391,1.118942731277533
6792,231086,230632,1.1211453744493391,1.118942731277533
6793,231086,230632,1.1211453744493391,1.118942731277533
6794,231086,230632,1.1211453744493391,1.118942731277533
6795,231086,230632,1.1211453744493391,1.118942731277533
6796,231086,230632,1.1211453744493391,1.118942731277533
6797,231086,230632,1.1211453744493391,1.118942731277533
6798,231086,230632,1.1211453744493391,1.118942731277533
6799,231086,230632,1.1211453744493391,1.118942731277533
6800,231086,230632,1.1211453744493391,1.118942731277533
6801,231086,230632,1.1211453744493391,1.118942731277533
6802,231086,230632,1.1211453744493391,1.118942731277533
6803,231086,230632,1.1211453744493391,1.118942731277533
6804,231086,230632,1.1211453744493391,1.118942731277533
6805,231086,230632,1.1211453744493391,1.118942731277533
6806,231086,230632,1.1211453744493391,1.118942731277533
6807,231086,230632,1.1211453744493391,1.118942731277533
6808,231086,230632,1.1211453744493391,1.118942731277533
6809,230632,230632,1.118942731277533,1.118942731277533
6810,230632,230632,1.118942731277533,1.118942731277533
6811,230632,230632,1.118942731277533,1.118942731277533
6812,230632,230632,1.118942731277533,1.118942731277533
6813,230632,230632,1.118942731277533,1.118942731277533
6814,230632,230632,1.118942731277533,1.118942731277533
6815,230632,230632,1.118942731277533,1.118942731277533
6816,230632,230632,1.118942731277533,1.118942731277533
6817,230632,230632,1.118942731277533,1.118942731277533
6818,230632,230632,1.118942731277533,1.118942731277533
6819,230632,230632,1.118942731277533,1.118942731277533
6820,230632,230632,1.118942731277533,1.118942731277533
6821,230632,230632,1.118942731277533,1.118942731277533
6822,230632,230632,1.118942731277533,1.118942731277533
6823,230632,230632,1.118942731277533,1.118942731277533
6824,230632,230632,1.118942731277533,1.118942731277533
6825,230632,230632,1.118942731277533,1.118942731277533
6826,230632,230632,1.118942731277533,1.118942731277533
6827,230632,230632,1.118942731277533,1.118942731277533
6828,230632,230632,1.118942731277533,1.118942731277533
6829,230632,230632,1.118942731277533,1.118942731277533
6830,230632,230632,1.118942731277533,1.118942731277533
6831,230632,230632,1.118942731277533,1.118942731277533
6832,230632,230632,1.118942731277533,1.118942731277533
6833,230632,230632,1.118942731277533,1.118942731277533
6834,230632,230632,1.118942731277533,1.118942731277533
6835,230632,230632,1.118942731277533,1.118942731277533
6836,230632,230632,1.118942731277533,1.118942731277533
6837,230632,230632,1.118942731277533,1.118942731277533
6838,230632,230632,1.118942731277533,1.118942731277533
6839,230632,230632,1.118942731277533,1.118942731277533
6840,230632,230632,1.118942731277533,1.118942731277533
6841,230632,230632,1.118942731277533,1.118942731277533
6842,230632,230632,1.118942731277533,1.118942731277533
6843,230632,230632,1.118942731277533,1.118942731277533
6844,230632,230632,1.118942731277533,1.118942731277533
6845,230632,230632,1.118942731277533,1.118942731277533
6846,229616,229616,1.1238938053097345,1.1238938053097345
6847,229616,229616,1.1238938053097345,1.1238938053097345
6848,229616,229616,1.1238938053097345,1.1238938053097345
6849,229616,229616,1.1238938053097345,1.1238938053097345
6850,229616,229616,1.1238938053097345,1.1238938053097345
6851,229616,229616,1.1238938053097345,1.1238938053097345
6852,229616,229616,1.1238938053097345,1.1238938053097345
6853,229616,229616,1.1238938053097345,1.1238938053097345
6854,229616,229616,1.1238938053097345,1.1238938053097345
6855,229616,229616,1.1238938053097345,1.1238938053097345
6856,229616,229616,1.1238938053097345,1.1238938053097345
6857,229616,229616,1.1238938053097345,1.1238938053097345
6858,229616,229616,1.1238938053097345,1.1238938053097345
6859,229616,229616,1.1238938053097345,1.1238938053097345
6860,229616,229616,1.1238938053097345,1.1238938053097345
6861,229616,229616,1.1238938053097345,1.1238938053097345
6862,229616,229616,1.1238938053097345,1.1238938053097345
6863,229616,229616,1.1238938053097345,1.1238938053097345
6864,229616,229616,1.1238938053097345,1.1238938053097345
6865,229616,229616,1.1238938053097345,1.1238938053097345
6866,229616,229616,1.1238938053097345,1.1238938053097345
6867,229616,229616,1.1238938053097345,1.1238938053097345
6868,229616,229616,1.1238938053097345,1.1238938053097345
6869,229616,229616,1.1238938053097345,1.1238938053097345
6870,229616,229616,1.1238938053097345,1.1238938053097345
6871,229616,229616,1.1238938053097345,1.1238938053097345
6872,229616,229616,1.1238938053097345,1.1238938053097345
6873,229616,229616,1.1238938053097345,1.1238938053097345
6874,229616,229616,1.1238938053097345,1.1238938053097345
6875,229616,229616,1.1238938053097345,1.1238938053097345
6876,229616,229616,1.1238938053097345,1.1238938053097345
6877,229616,229616,1.1238938053097345,1.1238938053097345
6878,229616,229616,1.1238938053097345,1.1238938053097345
6879,229616,229616,1.1238938053097345,1.1238938053097345
6880,229616,229616,1.1238938053097345,1.1238938053097345
6881,229616,229616,1.1238938053097345,1.1238938053097345
6882,229616,229616,1.1238938053097345,1.1238938053097345
6883,229616,229616,1.1238938053097345,1.1238938053097345
6884,229616,229616,1.1238938053097345,1.1238938053097345
6885,229616,229616,1.1238938053097345,1.1238938053097345
6886,229616,229616,1.1238938053097345,1.1238938053097345
6887,229616,229616,1.1238938053097345,1.1238938053097345
6888,229616,229616,1.1238938053097345,1.1238938053097345
6889,229616,229616,1.1238938053097345,1.1238938053097345
6890,229616,229616,1.1238938053097345,1.1238938053097345
6891,229616,229616,1.1238938053097345,1.1238938053097345
6892,229616,229616,1.1238938053097345,1.1238938053097345
6893,229616,229616,1.1238938053097345,1.1238938053097345
6894,229616,229616,1.1238938053097345,1.1238938053097345
6895,229616,229616,1.1238938053097345,1.1238938053097345
6896,229616,229616,1.1238938053097345,1.1238938053097345
6897,229616,229616,1.1238938053097345,1.1238938053097345
6898,229616,229616,1.1238938053097345,1.1238938053097345
6899,229616,229616,1.1238938053097345,1.1238938053097345
6900,229616,229616,1.1238938053097345,1.1238938053097345
6901,229616,229616,1.1238938053097345,1.1238938053097345
6902,229616,229616,1.1238938053097345,1.1238938053097345
6903,229616,229616,1.1238938053097345,1.1238938053097345
6904,229616,229616,1.1238938053097345,1.1238938053097345
6905,229616,229616,1.1238938053097345,1.1238938053097345
6906,229616,229616,1.1238938053097345,1.1238938053097345
6907,229616,229616,1.1238938053097345,1.1238938053097345
6908,229616,229616,1.1238938053097345,1.1238938053097345
6909,229616,229616,1.1238938053097345,1.1238938053097345
6910,229616,229616,1.1238938053097345,1.1238938053097345
6911,229724,229616,1.1145374449339207,1.1238938053097345
6912,229724,229616,1.1145374449339207,1.1238938053097345
6913,229724,229616,1.1145374449339207,1.1238938053097345
6914,229724,229616,1.1145374449339207,1.1238938053097345
6915,229724,229616,1.1145374449339207,1.1238938053097345
6916,229724,229616,1.1145374449339207,1.1238938053097345
6917,229724,229616,1.1145374449339207,1.1238938053097345
6918,229724,229616,1.1145374449339207,1.1238938053097345
6919,229724,229616,1.1145374449339207,1.1238938053097345
6920,229724,229616,1.1145374449339207,1.1238938053097345
6921,229724,229616,1.1145374449339207,1.1238938053097345
6922,229724,229616,1.1145374449339207,1.1238938053097345
6923,229724,229616,1.1145374449339207,1.1238938053097345
6924,229724,229616,1.1145374449339207,1.1238938053097345
6925,229724,229616,1.1145374449339207,1.1238938053097345
6926,229724,229616,1.1145374449339207,1.1238938053097345
6927,229724,229616,1.1145374449339207,1.1238938053097345
6928,229724,229616,1.1145374449339207,1.1238938053097345
6929,229724,229616,1.1145374449339207,1.1238938053097345
6930,229724,229616,1.1145374449339207,1.1238938053097345
6931,229724,229616,1.1145374449339207,1.1238938053097345
6932,229724,229616,1.1145374449339207,1.1238938053097345
6933,229724,229616,1.1145374449339207,1.1238938053097345
6934,229724,229616,1.1145374449339207,1.1238938053097345
6935,229724,229616,1.1145374449339207,1.1238938053097345
6936,229724,229616,1.1145374449339207,1.1238938053097345
6937,229724,229616,1.1145374449339207,1.1238938053097345
6938,229724,229616,1.1145374449339207,1.1238938053097345
6939,229724,229616,1.1145374449339207,1.1238938053097345
6940,229724,229616,1.1145374449339207,1.1238938053097345
6941,229724,229616,1.1145374449339207,1.1238938053097345
6942,229724,229616,1.1145374449339207,1.1238938053097345
6943,229724,229616,1.1145374449339207,1.1238938053097345
6944,229724,229616,1.1145374449339207,1.1238938053097345
6945,229724,229616,1.1145374449339207,1.1238938053097345
6946,229724,229616,1.1145374449339207,1.1238938053097345
6947,229724,229616,1.1145374449339207,1.1238938053097345
6948,229724,229616,1.1145374449339207,1.1238938053097345
6949,229724,229616,1.1145374449339207,1.1238938053097345
6950,229724,229616,1.1145374449339207,1.1238938053097345
6951,229724,229616,1.1145374449339207,1.1238938053097345
6952,229724,229616,1.1145374449339207,1.1238938053097345
6953,229724,229616,1.1145374449339207,1.1238938053097345
6954,229724,229616,1.1145374449339207,1.1238938053097345
6955,228816,228816,1.1101321585903083,1.1101321585903083
6956,228816,228816,1.1101321585903083,1.1101321585903083
6957,228816,228816,1.1101321585903083,1.1101321585903083
6958,228816,228816,1.1101321585903083,1.1101321585903083
6959,228816,228816,1.1101321585903083,1.1101321585903083
6960,228816,228816,1.1101321585903083,1.1101321585903083
6961,228816,228816,1.1101321585903083,1.1101321585903083
6962,228816,228816,1.1101321585903083,1.1101321585903083
6963,228816,228816,1.1101321585903083,1.1101321585903083
6964,228816,228816,1.1101321585903083,1.1101321585903083
6965,228816,228816,1.1101321585903083,1.1101321585903083
6966,228816,228816,1.1101321585903083,1.1101321585903083
6967,228816,228816,1.1101321585903083,1.1101321585903083
6968,228816,228816,1.1101321585903083,1.1101321585903083
6969,228816,228816,1.1101321585903083,1.1101321585903083
6970,228816,228816,1.1101321585903083,1.1101321585903083
6971,228816,228816,1.1101321585903083,1.1101321585903083
6972,228816,228816,1.1101321585903083,1.1101321585903083
6973,228816,228816,1.1101321585903083,1.1101321585903083
6974,228816,228816,1.1101321585903083,1.1101321585903083
6975,228816,228816,1.1101321585903083,1.1101321585903083
6976,228816,228816,1.1101321585903083,1.1101321585903083
6977,228816,228816,1.1101321585903083,1.1101321585903083
6978,228816,228816,1.1101321585903083,1.1101321585903083
6979,228816,228816,1.1101321585903083,1.1101321585903083
6980,228816,228816,1.1101321585903083,1.1101321585903083
6981,228816,228816,1.1101321585903083,1.1101321585903083
6982,228816,228816,1.1101321585903083,1.1101321585903083
6983,228816,228816,1.1101321585903083,1.1101321585903083
6984,228816,228816,1.1101321585903083,1.1101321585903083
6985,228816,228816,1.1101321585903083,1.1101321585903083
6986,228816,228816,1.1101321585903083,1.1101321585903083
6987,228816,228816,1.1101321585903083,1.1101321585903083
6988,228816,228816,1.1101321585903083,1.1101321585903083
6989,228816,228816,1.1101321585903083,1.1101321585903083
6990,228816,228816,1.1101321585903083,1.1101321585903083
6991,228816,228816,1.1101321585903083,1.1101321585903083
6992,228816,228816,1.1101321585903083,1.1101321585903083
6993,228816,228816,1.1101321585903083,1.1101321585903083
6994,228816,228816,1.1101321585903083,1.1101321585903083
6995,228816,228816,1.1101321585903083,1.1101321585903083
6996,228362,228362,1.1079295154185023,1.1079295154185023
6997,228362,228362,1.1079295154185023,1.1079295154185023
6998,228362,228362,1.1079295154185023,1.1079295154185023
6999,228362,228362,1.1079295154185023,1.1079295154185023
7000,228362,228362,1.1079295154185023,1.1079295154185023
7001,228362,228362,1.1079295154185023,1.1079295154185023
7002,228362,228362,1.1079295154185023,1.1079295154185023
7003,228362,228362,1.1079295154185023,1.1079295154185023
7004,228362,228362,1.1079295154185023,1.1079295154185023
7005,228362,228362,1.1079295154185023,1.1079295154185023
7006,228362,228362,1.1079295154185023,1.1079295154185023
7007,228362,228362,1.1079295154185023,1.1079295154185023
7008,228362,228362,1.1079295154185023,1.1079295154185023
7009,228362,228362,1.1079295154185023,1.1079295154185023
7010,228362,228362,1.1079295154185023,1.1079295154185023
7011,228362,228362,1.1079295154185023,1.1079295154185023
7012,228362,228362,1.1079295154185023,1.1079295154185023
7013,228362,228362,1.1079295154185023,1.1079295154185023
7014,228362,228362,1.1079295154185023,1.1079295154185023
7015,228362,228362,1.1079295154185023,1.1079295154185023
7016,228362,228362,1.1079295154185023,1.1079295154185023
7017,228362,228362,1.1079295154185023,1.1079295154185023
7018,228362,228362,1.1079295154185023,1.1079295154185023
7019,228362,228362,1.1079295154185023,1.1079295154185023
7020,228362,228362,1.1079295154185023,1.1079295154185023
7021,228362,228362,1.1079295154185023,1.1079295154185023
7022,228362,228362,1.1079295154185023,1.1079295154185023
7023,228362,228362,1.1079295154185023,1.1079295154185023
7024,228362,228362,1.1079295154185023,1.1079295154185023
7025,228362,228362,1.1079295154185023,1.1079295154185023
7026,228362,228362,1.1079295154185023,1.1079295154185023
7027,228362,228362,1.1079295154185023,1.1079295154185023
7028,228362,228362,1.1079295154185023,1.1079295154185023
7029,228362,228362,1.1079295154185023,1.1079295154185023
7030,228362,228362,1.1079295154185023,1.1079295154185023
7031,228362,228362,1.1079295154185023,1.1079295154185023
7032,228362,228362,1.1079295154185023,1.1079295154185023
7033,228362,228362,1.1079295154185023,1.1079295154185023
7034,228362,228362,1.1079295154185023,1.1079295154185023
7035,228362,228362,1.1079295154185023,1.1079295154185023
7036,228362,228362,1.1079295154185023,1.1079295154185023
7037,228362,228362,1.1079295154185023,1.1079295154185023
7038,228362,228362,1.1079295154185023,1.1079295154185023
7039,228362,228362,1.1079295154185023,1.1079295154185023
7040,228362,228362,1.1079295154185023,1.1079295154185023
7041,228362,228362,1.1079295154185023,1.1079295154185023
7042,228362,228362,1.1079295154185023,1.1079295154185023
7043,228362,228362,1.1079295154185023,1.1079295154185023
7044,228362,228362,1.1079295154185023,1.1079295154185023
7045,228362,228362,1.1079295154185023,1.1079295154185023
7046,228362,228362,1.1079295154185023,1.1079295154185023
7047,228362,228362,1.1079295154185023,1.1079295154185023
7048,228362,228362,1.1079295154185023,1.1079295154185023
7049,227454,227454,1.10352422907489,1.10352422907489
7050,227454,227454,1.10352422907489,1.10352422907489
7051,227454,227454,1.10352422907489,1.10352422907489
7052,227454,227454,1.10352422907489,1.10352422907489
7053,227454,227454,1.10352422907489,1.10352422907489
7054,227454,227454,1.10352422907489,1.10352422907489
7055,227454,227454,1.10352422907489,1.10352422907489
7056,227454,227454,1.10352422907489,1.10352422907489
7057,227454,227454,1.10352422907489,1.10352422907489
7058,227454,227454,1.10352422907489,1.10352422907489
7059,227454,227454,1.10352422907489,1.10352422907489
7060,227454,227454,1.10352422907489,1.10352422907489
7061,227454,227454,1.10352422907489,1.10352422907489
7062,227454,227454,1.10352422907489,1.10352422907489
7063,227454,227454,1.10352422907489,1.10352422907489
7064,227454,227454,1.10352422907489,1.10352422907489
7065,227454,227454,1.10352422907489,1.10352422907489
7066,227454,227454,1.10352422907489,1.10352422907489
7067,227454,227454,1.10352422907489,1.10352422907489
7068,227454,227454,1.10352422907489,1.10352422907489
7069,227454,227454,1.10352422907489,1.10352422907489
7070,227454,227454,1.10352422907489,1.10352422907489
7071,227454,227454,1.10352422907489,1.10352422907489
7072,227454,227454,1.10352422907489,1.10352422907489
7073,227454,227454,1.10352422907489,1.10352422907489
7074,226546,226546,1.0991189427312775,1.0991189427312775
7075,226546,226546,1.0991189427312775,1.0991189427312775
7076,226546,226546,1.0991189427312775,1.0991189427312775
7077,226546,226546,1.0991189427312775,1.0991189427312775
7078,226546,226546,1.0991189427312775,1.0991189427312775
7079,226546,226546,1.0991189427312775,1.0991189427312775
7080,226546,226546,1.0991189427312775,1.0991189427312775
7081,226546,226546,1.0991189427312775,1.0991189427312775
7082,226546,226546,1.0991189427312775,1.0991189427312775
7083,226546,226546,1.0991189427312775,1.0991189427312775
7084,226546,226546,1.0991189427312775,1.0991189427312775
7085,226546,226546,1.0991189427312775,1.0991189427312775
7086,226546,226546,1.0991189427312775,1.0991189427312775
7087,226546,226546,1.0991189427312775,1.0991189427312775
7088,226546,226546,1.0991189427312775,1.0991189427312775
7089,226546,226546,1.0991189427312775,1.0991189427312775
7090,226546,226546,1.0991189427312775,1.0991189427312775
7091,226546,226546,1.0991189427312775,1.0991189427312775
7092,226546,226546,1.0991189427312775,1.0991189427312775
7093,226546,226546,1.0991189427312775,1.0991189427312775
7094,226546,226546,1.0991189427312775,1.0991189427312775
7095,226546,226546,1.0991189427312775,1.0991189427312775
7096,226546,226546,1.0991189427312775,1.0991189427312775
7097,226546,226546,1.0991189427312775,1.0991189427312775
7098,226546,226546,1.0991189427312775,1.0991189427312775
7099,226546,226546,1.0991189427312775,1.0991189427312775
7100,226546,226546,1.0991189427312775,1.0991189427312775
7101,226546,226546,1.0991189427312775,1.0991189427312775
7102,226546,226546,1.0991189427312775,1.0991189427312775
7103,226546,226546,1.0991189427312775,1.0991189427312775
7104,226546,226546,1.0991189427312775,1.0991189427312775
7105,226546,226546,1.0991189427312775,1.0991189427312775
7106,226546,226546,1.0991189427312775,1.0991189427312775
7107,226546,226546,1.0991189427312775,1.0991189427312775
7108,226546,226546,1.0991189427312775,1.0991189427312775
7109,226546,226546,1.0991189427312775,1.0991189427312775
7110,226546,226546,1.0991189427312775,1.0991189427312775
7111,226546,226546,1.0991189427312775,1.0991189427312775
7112,226546,226546,1.0991189427312775,1.0991189427312775
7113,226546,226546,1.0991189427312775,1.0991189427312775
7114,226546,226546,1.0991189427312775,1.0991189427312775
7115,226546,226546,1.0991189427312775,1.0991189427312775
7116,226546,226546,1.0991189427312775,1.0991189427312775
7117,226546,226546,1.0991189427312775,1.0991189427312775
7118,226546,226546,1.0991189427312775,1.0991189427312775
7119,226546,226546,1.0991189427312775,1.0991189427312775
7120,226546,226546,1.0991189427312775,1.0991189427312775
7121,226546,226546,1.0991189427312775,1.0991189427312775
7122,226546,226546,1.0991189427312775,1.0991189427312775
7123,226546,226546,1.0991189427312775,1.0991189427312775
7124,226546,226546,1.0991189427312775,1.0991189427312775
7125,226546,226546,1.0991189427312775,1.0991189427312775
7126,226546,226546,1.0991189427312775,1.0991189427312775
7127,226546,226546,1.0991189427312775,1.0991189427312775
7128,226546,226546,1.0991189427312775,1.0991189427312775
7129,226546,226546,1.0991189427312775,1.0991189427312775
7130,226546,226546,1.0991189427312775,1.0991189427312775
7131,226546,226546,1.0991189427312775,1.0991189427312775
7132,226546,226546,1.0991189427312775,1.0991189427312775
7133,226546,226546,1.0991189427312775,1.0991189427312775
7134,226546,226546,1.0991189427312775,1.0991189427312775
7135,226546,226546,1.0991189427312775,1.0991189427312775
7136,226546,226546,1.0991189427312775,1.0991189427312775
7137,226546,226546,1.0991189427312775,1.0991189427312775
7138,226546,226546,1.0991189427312775,1.0991189427312775
7139,226546,226546,1.0991189427312775,1.0991189427312775
7140,226546,226546,1.0991189427312775,1.0991189427312775
7141,226546,226546,1.0991189427312775,1.0991189427312775
7142,226546,226546,1.0991189427312775,1.0991189427312775
7143,226546,226546,1.0991189427312775,1.0991189427312775
7144,226546,226546,1.0991189427312775,1.0991189427312775
7145,226546,226546,1.0991189427312775,1.0991189427312775
7146,226546,226546,1.0991189427312775,1.0991189427312775
7147,226546,226546,1.0991189427312775,1.0991189427312775
7148,226546,226546,1.0991189427312775,1.0991189427312775
7149,226546,226546,1.0991189427312775,1.0991189427312775
7150,226546,226546,1.0991189427312775,1.0991189427312775
7151,226546,226546,1.0991189427312775,1.0991189427312775
7152,226546,226546,1.0991189427312775,1.0991189427312775
7153,226546,226546,1.0991189427312775,1.0991189427312775
7154,226546,226546,1.0991189427312775,1.0991189427312775
7155,226546,226546,1.0991189427312775,1.0991189427312775
7156,226546,226546,1.0991189427312775,1.0991189427312775
7157,226546,226546,1.0991189427312775,1.0991189427312775
7158,226546,226546,1.0991189427312775,1.0991189427312775
7159,226546,226546,1.0991189427312775,1.0991189427312775
7160,226546,226546,1.0991189427312775,1.0991189427312775
7161,226546,226546,1.0991189427312775,1.0991189427312775
7162,226546,226546,1.0991189427312775,1.0991189427312775
7163,226546,226546,1.0991189427312775,1.0991189427312775
7164,226546,226546,1.0991189427312775,1.0991189427312775
7165,226546,226546,1.0991189427312775,1.0991189427312775
7166,226546,226546,1.0991189427312775,1.0991189427312775
7167,226546,226546,1.0991189427312775,1.0991189427312775
7168,226546,226546,1.0991189427312775,1.0991189427312775
7169,226546,226546,1.0991189427312775,1.0991189427312775
7170,226546,226546,1.0991189427312775,1.0991189427312775
7171,226546,226546,1.0991189427312775,1.0991189427312775
7172,226546,226546,1.0991189427312775,1.0991189427312775
7173,226546,226546,1.0991189427312775,1.0991189427312775
7174,226546,226546,1.0991189427312775,1.0991189427312775
7175,226546,226546,1.0991189427312775,1.0991189427312775
7176,226546,226546,1.0991189427312775,1.0991189427312775
7177,226546,226546,1.0991189427312775,1.0991189427312775
7178,226546,226546,1.0991189427312775,1.0991189427312775
7179,226546,226546,1.0991189427312775,1.0991189427312775
7180,226546,226546,1.0991189427312775,1.0991189427312775
7181,226546,226546,1.0991189427312775,1.0991189427312775
7182,226546,226546,1.0991189427312775,1.0991189427312775
7183,226546,226546,1.0991189427312775,1.0991189427312775
7184,226546,226546,1.0991189427312775,1.0991189427312775
7185,226546,226546,1.0991189427312775,1.0991189427312775
7186,226546,226546,1.0991189427312775,1.0991189427312775
7187,226546,226546,1.0991189427312775,1.0991189427312775
7188,226546,226546,1.0991189427312775,1.0991189427312775
7189,226546,226546,1.0991189427312775,1.0991189427312775
7190,226546,226546,1.0991189427312775,1.0991189427312775
7191,226546,226546,1.0991189427312775,1.0991189427312775
7192,226546,226546,1.0991189427312775,1.0991189427312775
7193,226546,226546,1.0991189427312775,1.0991189427312775
7194,226546,226546,1.0991189427312775,1.0991189427312775
7195,226546,226546,1.0991189427312775,1.0991189427312775
7196,226546,226546,1.0991189427312775,1.0991189427312775
7197,226546,226546,1.0991189427312775,1.0991189427312775
7198,226546,226546,1.0991189427312775,1.0991189427312775
7199,226546,226546,1.0991189427312775,1.0991189427312775
7200,226546,226546,1.0991189427312775,1.0991189427312775
7201,226546,226546,1.0991189427312775,1.0991189427312775
7202,226546,226546,1.0991189427312775,1.0991189427312775
7203,226546,226546,1.0991189427312775,1.0991189427312775
7204,226546,226546,1.0991189427312775,1.0991189427312775
7205,226546,226546,1.0991189427312775,1.0991189427312775
7206,226546,226546,1.0991189427312775,1.0991189427312775
7207,226546,226546,1.0991189427312775,1.0991189427312775
7208,226546,226546,1.0991189427312775,1.0991189427312775
7209,226546,226546,1.0991189427312775,1.0991189427312775
7210,226546,226546,1.0991189427312775,1.0991189427312775
7211,226546,226546,1.0991189427312775,1.0991189427312775
7212,226546,226546,1.0991189427312775,1.0991189427312775
7213,226546,226546,1.0991189427312775,1.0991189427312775
7214,226546,226546,1.0991189427312775,1.0991189427312775
7215,226546,226546,1.0991189427312775,1.0991189427312775
7216,226546,226546,1.0991189427312775,1.0991189427312775
7217,226546,226546,1.0991189427312775,1.0991189427312775
7218,226546,226546,1.0991189427312775,1.0991189427312775
7219,226546,226546,1.0991189427312775,1.0991189427312775
7220,226546,226546,1.0991189427312775,1.0991189427312775
7221,226546,226546,1.0991189427312775,1.0991189427312775
7222,226546,226546,1.0991189427312775,1.0991189427312775
7223,226546,226546,1.0991189427312775,1.0991189427312775
7224,226546,226546,1.0991189427312775,1.0991189427312775
7225,226546,226546,1.0991189427312775,1.0991189427312775
7226,226546,226546,1.0991189427312775,1.0991189427312775
7227,226546,226546,1.0991189427312775,1.0991189427312775
7228,226546,226546,1.0991189427312775,1.0991189427312775
7229,226546,226546,1.0991189427312775,1.0991189427312775
7230,226546,226546,1.0991189427312775,1.0991189427312775
7231,226546,226546,1.0991189427312775,1.0991189427312775
7232,226546,226546,1.0991189427312775,1.0991189427312775
7233,226546,226546,1.0991189427312775,1.0991189427312775
7234,226546,226546,1.0991189427312775,1.0991189427312775
7235,226546,226546,1.0991189427312775,1.0991189427312775
7236,226546,226546,1.0991189427312775,1.0991189427312775
7237,226546,226546,1.0991189427312775,1.0991189427312775
7238,226546,226546,1.0991189427312775,1.0991189427312775
7239,226546,226546,1.0991189427312775,1.0991189427312775
7240,226546,226546,1.0991189427312775,1.0991189427312775
7241,226546,226546,1.0991189427312775,1.0991189427312775
7242,226546,226546,1.0991189427312775,1.0991189427312775
7243,226546,226546,1.0991189427312775,1.0991189427312775
7244,226546,226546,1.0991189427312775,1.0991189427312775
7245,226546,226546,1.0991189427312775,1.0991189427312775
7246,226546,226546,1.0991189427312775,1.0991189427312775
7247,226546,226546,1.0991189427312775,1.0991189427312775
7248,226546,226546,1.0991189427312775,1.0991189427312775
7249,226546,226546,1.0991189427312775,1.0991189427312775
7250,226546,226546,1.0991189427312775,1.0991189427312775
7251,226546,226546,1.0991189427312775,1.0991189427312775
7252,226546,226546,1.0991189427312775,1.0991189427312775
7253,226546,226546,1.0991189427312775,1.0991189427312775
7254,226546,226546,1.0991189427312775,1.0991189427312775
7255,226546,226546,1.0991189427312775,1.0991189427312775
7256,226546,226546,1.0991189427312775,1.0991189427312775
7257,226546,226546,1.0991189427312775,1.0991189427312775
7258,226546,226546,1.0991189427312775,1.0991189427312775
7259,226546,226546,1.0991189427312775,1.0991189427312775
7260,226546,226546,1.0991189427312775,1.0991189427312775
7261,226546,226546,1.0991189427312775,1.0991189427312775
7262,226546,226546,1.0991189427312775,1.0991189427312775
7263,226546,226546,1.0991189427312775,1.0991189427312775
7264,226546,226546,1.0991189427312775,1.0991189427312775
7265,226546,226546,1.0991189427312775,1.0991189427312775
7266,226546,226546,1.0991189427312775,1.0991189427312775
7267,226546,226546,1.0991189427312775,1.0991189427312775
7268,226546,226546,1.0991189427312775,1.0991189427312775
7269,226546,226546,1.0991189427312775,1.0991189427312775
7270,226546,226546,1.0991189427312775,1.0991189427312775
7271,226546,226546,1.0991189427312775,1.0991189427312775
7272,226546,226546,1.0991189427312775,1.0991189427312775
7273,226546,226546,1.0991189427312775,1.0991189427312775
7274,226546,226546,1.0991189427312775,1.0991189427312775
7275,226546,226546,1.0991189427312775,1.0991189427312775
7276,226546,226546,1.0991189427312775,1.0991189427312775
7277,226546,226546,1.0991189427312775,1.0991189427312775
7278,226546,226546,1.0991189427312775,1.0991189427312775
7279,226546,226546,1.0991189427312775,1.0991189427312775
7280,226546,226546,1.0991189427312775,1.0991189427312775
7281,226546,226546,1.0991189427312775,1.0991189427312775
7282,226546,226546,1.0991189427312775,1.0991189427312775
7283,226546,226546,1.0991189427312775,1.0991189427312775
7284,226546,226546,1.0991189427312775,1.0991189427312775
7285,226546,226546,1.0991189427312775,1.0991189427312775
7286,226546,226546,1.0991189427312775,1.0991189427312775
7287,226546,226546,1.0991189427312775,1.0991189427312775
7288,226546,226546,1.0991189427312775,1.0991189427312775
7289,226546,226546,1.0991189427312775,1.0991189427312775
7290,226546,226546,1.0991189427312775,1.0991189427312775
7291,226546,226546,1.0991189427312775,1.0991189427312775
7292,226546,226546,1.0991189427312775,1.0991189427312775
7293,226546,226546,1.0991189427312775,1.0991189427312775
7294,226546,226546,1.0991189427312775,1.0991189427312775
7295,226546,226546,1.0991189427312775,1.0991189427312775
7296,226546,226546,1.0991189427312775,1.0991189427312775
7297,226546,226546,1.0991189427312775,1.0991189427312775
7298,226546,226546,1.0991189427312775,1.0991189427312775
7299,226546,226546,1.0991189427312775,1.0991189427312775
7300,226546,226546,1.0991189427312775,1.0991189427312775
7301,226546,226546,1.0991189427312775,1.0991189427312775
7302,226546,226546,1.0991189427312775,1.0991189427312775
7303,226546,226546,1.0991189427312775,1.0991189427312775
7304,226546,226546,1.0991189427312775,1.0991189427312775
7305,226546,226546,1.0991189427312775,1.0991189427312775
7306,226546,226546,1.0991189427312775,1.0991189427312775
7307,226546,226546,1.0991189427312775,1.0991189427312775
7308,226546,226546,1.0991189427312775,1.0991189427312775
7309,226546,226546,1.0991189427312775,1.0991189427312775
7310,226546,226546,1.0991189427312775,1.0991189427312775
7311,226546,226546,1.0991189427312775,1.0991189427312775
7312,226546,226546,1.0991189427312775,1.0991189427312775
7313,226546,226546,1.0991189427312775,1.0991189427312775
7314,226546,226546,1.0991189427312775,1.0991189427312775
7315,226546,226546,1.0991189427312775,1.0991189427312775
7316,226546,226546,1.0991189427312775,1.0991189427312775
7317,226546,226546,1.0991189427312775,1.0991189427312775
7318,226546,226546,1.0991189427312775,1.0991189427312775
7319,226546,226546,1.0991189427312775,1.0991189427312775
7320,226546,226546,1.0991189427312775,1.0991189427312775
7321,226546,226546,1.0991189427312775,1.0991189427312775
7322,226546,226546,1.0991189427312775,1.0991189427312775
7323,226546,226546,1.0991189427312775,1.0991189427312775
7324,226546,226546,1.0991189427312775,1.0991189427312775
7325,226546,226546,1.0991189427312775,1.0991189427312775
7326,226546,226546,1.0991189427312775,1.0991189427312775
7327,226546,226546,1.0991189427312775,1.0991189427312775
7328,226546,226546,1.0991189427312775,1.0991189427312775
7329,226546,226546,1.0991189427312775,1.0991189427312775
7330,226546,226546,1.0991189427312775,1.0991189427312775
7331,226546,226546,1.0991189427312775,1.0991189427312775
7332,226546,226546,1.0991189427312775,1.0991189427312775
7333,226546,226546,1.0991189427312775,1.0991189427312775
7334,226546,226546,1.0991189427312775,1.0991189427312775
7335,226546,226546,1.0991189427312775,1.0991189427312775
7336,226546,226546,1.0991189427312775,1.0991189427312775
7337,226546,226546,1.0991189427312775,1.0991189427312775
7338,226546,226546,1.0991189427312775,1.0991189427312775
7339,226546,226546,1.0991189427312775,1.0991189427312775
7340,226546,226546,1.0991189427312775,1.0991189427312775
7341,226546,226546,1.0991189427312775,1.0991189427312775
7342,226546,226546,1.0991189427312775,1.0991189427312775
7343,226546,226546,1.0991189427312775,1.0991189427312775
7344,226546,226546,1.0991189427312775,1.0991189427312775
7345,226546,226546,1.0991189427312775,1.0991189427312775
7346,226546,226546,1.0991189427312775,1.0991189427312775
7347,226546,226546,1.0991189427312775,1.0991189427312775
7348,226546,226546,1.0991189427312775,1.0991189427312775
7349,226546,226546,1.0991189427312775,1.0991189427312775
7350,226546,226546,1.0991189427312775,1.0991189427312775
7351,226546,226546,1.0991189427312775,1.0991189427312775
7352,226546,226546,1.0991189427312775,1.0991189427312775
7353,226546,226546,1.0991189427312775,1.0991189427312775
7354,226546,226546,1.0991189427312775,1.0991189427312775
7355,226546,226546,1.0991189427312775,1.0991189427312775
7356,226546,226546,1.0991189427312775,1.0991189427312775
7357,226546,226546,1.0991189427312775,1.0991189427312775
7358,226546,226546,1.0991189427312775,1.0991189427312775
7359,226546,226546,1.0991189427312775,1.0991189427312775
7360,226546,226546,1.0991189427312775,1.0991189427312775
7361,226546,226546,1.0991189427312775,1.0991189427312775
7362,226546,226546,1.0991189427312775,1.0991189427312775
7363,226546,226546,1.0991189427312775,1.0991189427312775
7364,226546,226546,1.0991189427312775,1.0991189427312775
7365,226546,226546,1.0991189427312775,1.0991189427312775
7366,226546,226546,1.0991189427312775,1.0991189427312775
7367,226546,226546,1.0991189427312775,1.0991189427312775
7368,226546,226546,1.0991189427312775,1.0991189427312775
7369,226546,226546,1.0991189427312775,1.0991189427312775
7370,226546,226546,1.0991189427312775,1.0991189427312775
7371,226546,226546,1.0991189427312775,1.0991189427312775
7372,226546,226546,1.0991189427312775,1.0991189427312775
7373,226546,226546,1.0991189427312775,1.0991189427312775
7374,226546,226546,1.0991189427312775,1.0991189427312775
7375,226546,226546,1.0991189427312775,1.0991189427312775
7376,226546,226546,1.0991189427312775,1.0991189427312775
7377,226546,226546,1.0991189427312775,1.0991189427312775
7378,226546,226546,1.0991189427312775,1.0991189427312775
7379,226546,226546,1.0991189427312775,1.0991189427312775
7380,226546,226546,1.0991189427312775,1.0991189427312775
7381,226546,226546,1.0991189427312775,1.0991189427312775
7382,226546,226546,1.0991189427312775,1.0991189427312775
7383,226546,226546,1.0991189427312775,1.0991189427312775
7384,226546,226546,1.0991189427312775,1.0991189427312775
7385,226546,226546,1.0991189427312775,1.0991189427312775
7386,226546,226546,1.0991189427312775,1.0991189427312775
7387,226546,226546,1.0991189427312775,1.0991189427312775
7388,226546,226546,1.0991189427312775,1.0991189427312775
7389,226546,226546,1.0991189427312775,1.0991189427312775
7390,226546,226546,1.0991189427312775,1.0991189427312775
7391,226546,226546,1.0991189427312775,1.0991189427312775
7392,226546,226546,1.0991189427312775,1.0991189427312775
7393,226546,226546,1.0991189427312775,1.0991189427312775
7394,226546,226546,1.0991189427312775,1.0991189427312775
7395,226546,226546,1.0991189427312775,1.0991189427312775
7396,226546,226546,1.0991189427312775,1.0991189427312775
7397,226546,226546,1.0991189427312775,1.0991189427312775
7398,226546,226546,1.0991189427312775,1.0991189427312775
7399,226546,226546,1.0991189427312775,1.0991189427312775
7400,226546,226546,1.0991189427312775,1.0991189427312775
7401,226546,226546,1.0991189427312775,1.0991189427312775
7402,226546,226546,1.0991189427312775,1.0991189427312775
7403,226546,226546,1.0991189427312775,1.0991189427312775
7404,226546,226546,1.0991189427312775,1.0991189427312775
7405,226546,226546,1.0991189427312775,1.0991189427312775
7406,226546,226546,1.0991189427312775,1.0991189427312775
7407,226546,226546,1.0991189427312775,1.0991189427312775
7408,226546,226546,1.0991189427312775,1.0991189427312775
7409,226546,226546,1.0991189427312775,1.0991189427312775
7410,226546,226546,1.0991189427312775,1.0991189427312775
7411,226546,226546,1.0991189427312775,1.0991189427312775
7412,226546,226546,1.0991189427312775,1.0991189427312775
7413,226546,226546,1.0991189427312775,1.0991189427312775
7414,226546,226546,1.0991189427312775,1.0991189427312775
7415,226546,226546,1.0991189427312775,1.0991189427312775
7416,226546,226546,1.0991189427312775,1.0991189427312775
7417,226546,226546,1.0991189427312775,1.0991189427312775
7418,226546,226546,1.0991189427312775,1.0991189427312775
7419,226546,226546,1.0991189427312775,1.0991189427312775
7420,226546,226546,1.0991189427312775,1.0991189427312775
7421,226546,226546,1.0991189427312775,1.0991189427312775
7422,226546,226546,1.0991189427312775,1.0991189427312775
7423,226546,226546,1.0991189427312775,1.0991189427312775
7424,226546,226546,1.0991189427312775,1.0991189427312775
7425,226546,226546,1.0991189427312775,1.0991189427312775
7426,226546,226546,1.0991189427312775,1.0991189427312775
7427,226546,226546,1.0991189427312775,1.0991189427312775
7428,226546,226546,1.0991189427312775,1.0991189427312775
7429,226546,226546,1.0991189427312775,1.0991189427312775
7430,226546,226546,1.0991189427312775,1.0991189427312775
7431,226546,226546,1.0991189427312775,1.0991189427312775
7432,226546,226546,1.0991189427312775,1.0991189427312775
7433,226546,226546,1.0991189427312775,1.0991189427312775
7434,226546,226546,1.0991189427312775,1.0991189427312775
7435,226546,226546,1.0991189427312775,1.0991189427312775
7436,226546,226546,1.0991189427312775,1.0991189427312775
7437,226546,226546,1.0991189427312775,1.0991189427312775
7438,226546,226546,1.0991189427312775,1.0991189427312775
7439,226546,226546,1.0991189427312775,1.0991189427312775
7440,226546,226546,1.0991189427312775,1.0991189427312775
7441,226546,226546,1.0991189427312775,1.0991189427312775
7442,226546,226546,1.0991189427312775,1.0991189427312775
7443,226546,226546,1.0991189427312775,1.0991189427312775
7444,226546,226546,1.0991189427312775,1.0991189427312775
7445,226546,226546,1.0991189427312775,1.0991189427312775
7446,226546,226546,1.0991189427312775,1.0991189427312775
7447,226546,226546,1.0991189427312775,1.0991189427312775
7448,226546,226546,1.0991189427312775,1.0991189427312775
7449,226546,226546,1.0991189427312775,1.0991189427312775
7450,226546,226546,1.0991189427312775,1.0991189427312775
7451,226546,226546,1.0991189427312775,1.0991189427312775
7452,226546,226546,1.0991189427312775,1.0991189427312775
7453,226546,226546,1.0991189427312775,1.0991189427312775
7454,226546,226546,1.0991189427312775,1.0991189427312775
7455,226546,226546,1.0991189427312775,1.0991189427312775
7456,226546,226546,1.0991189427312775,1.0991189427312775
7457,226546,226546,1.0991189427312775,1.0991189427312775
7458,226546,226546,1.0991189427312775,1.0991189427312775
7459,226546,226546,1.0991189427312775,1.0991189427312775
7460,226546,226546,1.0991189427312775,1.0991189427312775
7461,226546,226546,1.0991189427312775,1.0991189427312775
7462,226546,226546,1.0991189427312775,1.0991189427312775
7463,226546,226546,1.0991189427312775,1.0991189427312775
7464,226546,226546,1.0991189427312775,1.0991189427312775
7465,226546,226546,1.0991189427312775,1.0991189427312775
7466,226546,226546,1.0991189427312775,1.0991189427312775
7467,226546,226546,1.0991189427312775,1.0991189427312775
7468,226546,226546,1.0991189427312775,1.0991189427312775
7469,226546,226546,1.0991189427312775,1.0991189427312775
7470,226546,226546,1.0991189427312775,1.0991189427312775
7471,226546,226546,1.0991189427312775,1.0991189427312775
7472,226546,226546,1.0991189427312775,1.0991189427312775
7473,226546,226546,1.0991189427312775,1.0991189427312775
7474,226546,226546,1.0991189427312775,1.0991189427312775
7475,226546,226546,1.0991189427312775,1.0991189427312775
7476,226546,226546,1.0991189427312775,1.0991189427312775
7477,226546,226546,1.0991189427312775,1.0991189427312775
7478,226546,226546,1.0991189427312775,1.0991189427312775
7479,226546,226546,1.0991189427312775,1.0991189427312775
7480,226546,226546,1.0991189427312775,1.0991189427312775
7481,226546,226546,1.0991189427312775,1.0991189427312775
7482,226546,226546,1.0991189427312775,1.0991189427312775
7483,226546,226546,1.0991189427312775,1.0991189427312775
7484,226546,226546,1.0991189427312775,1.0991189427312775
7485,226546,226546,1.0991189427312775,1.0991189427312775
7486,226546,226546,1.0991189427312775,1.0991189427312775
7487,226546,226546,1.0991189427312775,1.0991189427312775
7488,226546,226546,1.0991189427312775,1.0991189427312775
7489,226546,226546,1.0991189427312775,1.0991189427312775
7490,226546,226546,1.0991189427312775,1.0991189427312775
7491,226546,226546,1.0991189427312775,1.0991189427312775
7492,226546,226546,1.0991189427312775,1.0991189427312775
7493,226546,226546,1.0991189427312775,1.0991189427312775
7494,226546,226546,1.0991189427312775,1.0991189427312775
7495,226546,226546,1.0991189427312775,1.0991189427312775
7496,226546,226546,1.0991189427312775,1.0991189427312775
7497,226546,226546,1.0991189427312775,1.0991189427312775
7498,226546,226546,1.0991189427312775,1.0991189427312775
7499,226546,226546,1.0991189427312775,1.0991189427312775
7500,226546,226546,1.0991189427312775,1.0991189427312775
7501,226546,226546,1.0991189427312775,1.0991189427312775
7502,226546,226546,1.0991189427312775,1.0991189427312775
7503,226546,226546,1.0991189427312775,1.0991189427312775
7504,226546,226546,1.0991189427312775,1.0991189427312775
7505,226546,226546,1.0991189427312775,1.0991189427312775
7506,226546,226546,1.0991189427312775,1.0991189427312775
7507,226546,226546,1.0991189427312775,1.0991189427312775
7508,226546,226546,1.0991189427312775,1.0991189427312775
7509,226546,226546,1.0991189427312775,1.0991189427312775
7510,226546,226546,1.0991189427312775,1.0991189427312775
7511,226546,226546,1.0991189427312775,1.0991189427312775
7512,226546,226546,1.0991189427312775,1.0991189427312775
7513,226546,226546,1.0991189427312775,1.0991189427312775
7514,226546,226546,1.0991189427312775,1.0991189427312775
7515,226546,226546,1.0991189427312775,1.0991189427312775
7516,226546,226546,1.0991189427312775,1.0991189427312775
7517,226546,226546,1.0991189427312775,1.0991189427312775
7518,226546,226546,1.0991189427312775,1.0991189427312775
7519,226546,226546,1.0991189427312775,1.0991189427312775
7520,226546,226546,1.0991189427312775,1.0991189427312775
7521,226546,226546,1.0991189427312775,1.0991189427312775
7522,226546,226546,1.0991189427312775,1.0991189427312775
7523,226546,226546,1.0991189427312775,1.0991189427312775
7524,226546,226546,1.0991189427312775,1.0991189427312775
7525,226546,226546,1.0991189427312775,1.0991189427312775
7526,226546,226546,1.0991189427312775,1.0991189427312775
7527,226546,226546,1.0991189427312775,1.0991189427312775
7528,226546,226546,1.0991189427312775,1.0991189427312775
7529,226546,226546,1.0991189427312775,1.0991189427312775
7530,226546,226546,1.0991189427312775,1.0991189427312775
7531,226546,226546,1.0991189427312775,1.0991189427312775
7532,226546,226546,1.0991189427312775,1.0991189427312775
7533,226546,226546,1.0991189427312775,1.0991189427312775
7534,226546,226546,1.0991189427312775,1.0991189427312775
7535,226546,226546,1.0991189427312775,1.0991189427312775
7536,226546,226546,1.0991189427312775,1.0991189427312775
7537,226546,226546,1.0991189427312775,1.0991189427312775
7538,226546,226546,1.0991189427312775,1.0991189427312775
7539,226546,226546,1.0991189427312775,1.0991189427312775
7540,226546,226546,1.0991189427312775,1.0991189427312775
7541,226546,226546,1.0991189427312775,1.0991189427312775
7542,226546,226546,1.0991189427312775,1.0991189427312775
7543,226546,226546,1.0991189427312775,1.0991189427312775
7544,226546,226546,1.0991189427312775,1.0991189427312775
7545,226546,226546,1.0991189427312775,1.0991189427312775
7546,226546,226546,1.0991189427312775,1.0991189427312775
7547,226546,226546,1.0991189427312775,1.0991189427312775
7548,226546,226546,1.0991189427312775,1.0991189427312775
7549,226546,226546,1.0991189427312775,1.0991189427312775
7550,225638,225638,1.0947136563876652,1.0947136563876652
7551,225638,225638,1.0947136563876652,1.0947136563876652
7552,225638,225638,1.0947136563876652,1.0947136563876652
7553,225638,225638,1.0947136563876652,1.0947136563876652
7554,225638,225638,1.0947136563876652,1.0947136563876652
7555,225638,225638,1.0947136563876652,1.0947136563876652
7556,225638,225638,1.0947136563876652,1.0947136563876652
7557,225638,225638,1.0947136563876652,1.0947136563876652
7558,225638,225638,1.0947136563876652,1.0947136563876652
7559,225638,225638,1.0947136563876652,1.0947136563876652
7560,225638,225638,1.0947136563876652,1.0947136563876652
7561,225638,225638,1.0947136563876652,1.0947136563876652
7562,225638,225638,1.0947136563876652,1.0947136563876652
7563,225638,225638,1.0947136563876652,1.0947136563876652
7564,225638,225638,1.0947136563876652,1.0947136563876652
7565,225638,225638,1.0947136563876652,1.0947136563876652
7566,225638,225638,1.0947136563876652,1.0947136563876652
7567,225184,225184,1.092511013215859,1.092511013215859
7568,225184,225184,1.092511013215859,1.092511013215859
7569,225184,225184,1.092511013215859,1.092511013215859
7570,225184,225184,1.092511013215859,1.092511013215859
7571,225184,225184,1.092511013215859,1.092511013215859
7572,225184,225184,1.092511013215859,1.092511013215859
7573,225184,225184,1.092511013215859,1.092511013215859
7574,225184,225184,1.092511013215859,1.092511013215859
7575,225184,225184,1.092511013215859,1.092511013215859
7576,225184,225184,1.092511013215859,1.092511013215859
7577,225184,225184,1.092511013215859,1.092511013215859
7578,225184,225184,1.092511013215859,1.092511013215859
7579,225184,225184,1.092511013215859,1.092511013215859
7580,225184,225184,1.092511013215859,1.092511013215859
7581,225184,225184,1.092511013215859,1.092511013215859
7582,225184,225184,1.092511013215859,1.092511013215859
7583,225184,225184,1.092511013215859,1.092511013215859
7584,225184,225184,1.092511013215859,1.092511013215859
7585,225184,225184,1.092511013215859,1.092511013215859
7586,225184,225184,1.092511013215859,1.092511013215859
7587,225184,225184,1.092511013215859,1.092511013215859
7588,225184,225184,1.092511013215859,1.092511013215859
7589,225184,225184,1.092511013215859,1.092511013215859
7590,225184,225184,1.092511013215859,1.092511013215859
7591,225184,225184,1.092511013215859,1.092511013215859
7592,225184,225184,1.092511013215859,1.092511013215859
7593,225184,225184,1.092511013215859,1.092511013215859
7594,225184,225184,1.092511013215859,1.092511013215859
7595,225184,225184,1.092511013215859,1.092511013215859
7596,225184,225184,1.092511013215859,1.092511013215859
7597,225184,225184,1.092511013215859,1.092511013215859
7598,225184,225184,1.092511013215859,1.092511013215859
7599,225184,225184,1.092511013215859,1.092511013215859
7600,225184,225184,1.092511013215859,1.092511013215859
7601,225184,225184,1.092511013215859,1.092511013215859
7602,225184,225184,1.092511013215859,1.092511013215859
7603,225184,225184,1.092511013215859,1.092511013215859
7604,225184,225184,1.092511013215859,1.092511013215859
7605,225184,225184,1.092511013215859,1.092511013215859
7606,225184,225184,1.092511013215859,1.092511013215859
7607,225184,225184,1.092511013215859,1.092511013215859
7608,225184,225184,1.092511013215859,1.092511013215859
7609,225184,225184,1.092511013215859,1.092511013215859
7610,225184,225184,1.092511013215859,1.092511013215859
7611,225184,225184,1.092511013215859,1.092511013215859
7612,225184,225184,1.092511013215859,1.092511013215859
7613,225184,225184,1.092511013215859,1.092511013215859
7614,225184,225184,1.092511013215859,1.092511013215859
7615,225184,225184,1.092511013215859,1.092511013215859
7616,225184,225184,1.092511013215859,1.092511013215859
7617,225184,225184,1.092511013215859,1.092511013215859
7618,225184,225184,1.092511013215859,1.092511013215859
7619,225184,225184,1.092511013215859,1.092511013215859
7620,225184,225184,1.092511013215859,1.092511013215859
7621,225184,225184,1.092511013215859,1.092511013215859
7622,225184,225184,1.092511013215859,1.092511013215859
7623,225184,225184,1.092511013215859,1.092511013215859
7624,225184,225184,1.092511013215859,1.092511013215859
7625,225184,225184,1.092511013215859,1.092511013215859
7626,225184,225184,1.092511013215859,1.092511013215859
7627,225184,225184,1.092511013215859,1.092511013215859
7628,225184,225184,1.092511013215859,1.092511013215859
7629,225184,225184,1.092511013215859,1.092511013215859
7630,225184,225184,1.092511013215859,1.092511013215859
7631,225184,225184,1.092511013215859,1.092511013215859
7632,225184,225184,1.092511013215859,1.092511013215859
7633,225184,225184,1.092511013215859,1.092511013215859
7634,225184,225184,1.092511013215859,1.092511013215859
7635,225184,225184,1.092511013215859,1.092511013215859
7636,225184,225184,1.092511013215859,1.092511013215859
7637,225184,225184,1.092511013215859,1.092511013215859
7638,225184,225184,1.092511013215859,1.092511013215859
7639,225184,225184,1.092511013215859,1.092511013215859
7640,225184,225184,1.092511013215859,1.092511013215859
7641,225184,225184,1.092511013215859,1.092511013215859
7642,225184,225184,1.092511013215859,1.092511013215859
7643,225184,225184,1.092511013215859,1.092511013215859
7644,225184,225184,1.092511013215859,1.092511013215859
7645,225184,225184,1.092511013215859,1.092511013215859
7646,225184,225184,1.092511013215859,1.092511013215859
7647,225184,225184,1.092511013215859,1.092511013215859
7648,225184,225184,1.092511013215859,1.092511013215859
7649,225184,225184,1.092511013215859,1.092511013215859
7650,225184,225184,1.092511013215859,1.092511013215859
7651,225184,225184,1.092511013215859,1.092511013215859
7652,225184,225184,1.092511013215859,1.092511013215859
7653,225184,225184,1.092511013215859,1.092511013215859
7654,225184,225184,1.092511013215859,1.092511013215859
7655,225184,225184,1.092511013215859,1.092511013215859
7656,225184,225184,1.092511013215859,1.092511013215859
7657,225184,225184,1.092511013215859,1.092511013215859
7658,225184,225184,1.092511013215859,1.092511013215859
7659,225184,225184,1.092511013215859,1.092511013215859
7660,225184,225184,1.092511013215859,1.092511013215859
7661,225184,225184,1.092511013215859,1.092511013215859
7662,225184,225184,1.092511013215859,1.092511013215859
7663,225184,225184,1.092511013215859,1.092511013215859
7664,225184,225184,1.092511013215859,1.092511013215859
7665,225184,225184,1.092511013215859,1.092511013215859
7666,225184,225184,1.092511013215859,1.092511013215859
7667,225184,225184,1.092511013215859,1.092511013215859
7668,225184,225184,1.092511013215859,1.092511013215859
7669,225184,225184,1.092511013215859,1.092511013215859
7670,225184,225184,1.092511013215859,1.092511013215859
7671,225184,225184,1.092511013215859,1.092511013215859
7672,225184,225184,1.092511013215859,1.092511013215859
7673,225184,225184,1.092511013215859,1.092511013215859
7674,225184,225184,1.092511013215859,1.092511013215859
7675,225184,225184,1.092511013215859,1.092511013215859
7676,225184,225184,1.092511013215859,1.092511013215859
7677,225184,225184,1.092511013215859,1.092511013215859
7678,225184,225184,1.092511013215859,1.092511013215859
7679,225184,225184,1.092511013215859,1.092511013215859
7680,225184,225184,1.092511013215859,1.092511013215859
7681,225184,225184,1.092511013215859,1.092511013215859
7682,225184,225184,1.092511013215859,1.092511013215859
7683,225184,225184,1.092511013215859,1.092511013215859
7684,225184,225184,1.092511013215859,1.092511013215859
7685,225184,225184,1.092511013215859,1.092511013215859
7686,225184,225184,1.092511013215859,1.092511013215859
7687,225184,225184,1.092511013215859,1.092511013215859
7688,225184,225184,1.092511013215859,1.092511013215859
7689,225184,225184,1.092511013215859,1.092511013215859
7690,225184,225184,1.092511013215859,1.092511013215859
7691,225184,225184,1.092511013215859,1.092511013215859
7692,225184,225184,1.092511013215859,1.092511013215859
7693,225184,225184,1.092511013215859,1.092511013215859
7694,225184,225184,1.092511013215859,1.092511013215859
7695,225184,225184,1.092511013215859,1.092511013215859
7696,225184,225184,1.092511013215859,1.092511013215859
7697,225184,225184,1.092511013215859,1.092511013215859
7698,225184,225184,1.092511013215859,1.092511013215859
7699,225184,225184,1.092511013215859,1.092511013215859
7700,225184,225184,1.092511013215859,1.092511013215859
7701,225184,225184,1.092511013215859,1.092511013215859
7702,225184,225184,1.092511013215859,1.092511013215859
7703,225184,225184,1.092511013215859,1.092511013215859
7704,225184,225184,1.092511013215859,1.092511013215859
7705,225184,225184,1.092511013215859,1.092511013215859
7706,225184,225184,1.092511013215859,1.092511013215859
7707,225184,225184,1.092511013215859,1.092511013215859
7708,225184,225184,1.092511013215859,1.092511013215859
7709,225184,225184,1.092511013215859,1.092511013215859
7710,225184,225184,1.092511013215859,1.092511013215859
7711,225184,225184,1.092511013215859,1.092511013215859
7712,225184,225184,1.092511013215859,1.092511013215859
7713,225184,225184,1.092511013215859,1.092511013215859
7714,225184,225184,1.092511013215859,1.092511013215859
7715,225184,225184,1.092511013215859,1.092511013215859
7716,225184,225184,1.092511013215859,1.092511013215859
7717,225184,225184,1.092511013215859,1.092511013215859
7718,225184,225184,1.092511013215859,1.092511013215859
7719,225184,225184,1.092511013215859,1.092511013215859
7720,225184,225184,1.092511013215859,1.092511013215859
7721,225184,225184,1.092511013215859,1.092511013215859
7722,225184,225184,1.092511013215859,1.092511013215859
7723,225184,225184,1.092511013215859,1.092511013215859
7724,225184,225184,1.092511013215859,1.092511013215859
7725,225184,225184,1.092511013215859,1.092511013215859
7726,225184,225184,1.092511013215859,1.092511013215859
7727,225184,225184,1.092511013215859,1.092511013215859
7728,225184,225184,1.092511013215859,1.092511013215859
7729,225184,225184,1.092511013215859,1.092511013215859
7730,225184,225184,1.092511013215859,1.092511013215859
7731,225184,225184,1.092511013215859,1.092511013215859
7732,225184,225184,1.092511013215859,1.092511013215859
7733,225184,225184,1.092511013215859,1.092511013215859
7734,225184,225184,1.092511013215859,1.092511013215859
7735,225184,225184,1.092511013215859,1.092511013215859
7736,225184,225184,1.092511013215859,1.092511013215859
7737,225184,225184,1.092511013215859,1.092511013215859
7738,225184,225184,1.092511013215859,1.092511013215859
7739,225184,225184,1.092511013215859,1.092511013215859
7740,225184,225184,1.092511013215859,1.092511013215859
7741,225184,225184,1.092511013215859,1.092511013215859
7742,225184,225184,1.092511013215859,1.092511013215859
7743,225184,225184,1.092511013215859,1.092511013215859
7744,225184,225184,1.092511013215859,1.092511013215859
7745,225184,225184,1.092511013215859,1.092511013215859
7746,225184,225184,1.092511013215859,1.092511013215859
7747,225184,225184,1.092511013215859,1.092511013215859
7748,225184,225184,1.092511013215859,1.092511013215859
7749,225184,225184,1.092511013215859,1.092511013215859
7750,225184,225184,1.092511013215859,1.092511013215859
7751,225184,225184,1.092511013215859,1.092511013215859
7752,225184,225184,1.092511013215859,1.092511013215859
7753,225184,225184,1.092511013215859,1.092511013215859
7754,225184,225184,1.092511013215859,1.092511013215859
7755,225184,225184,1.092511013215859,1.092511013215859
7756,225184,225184,1.092511013215859,1.092511013215859
7757,225184,225184,1.092511013215859,1.092511013215859
7758,225184,225184,1.092511013215859,1.092511013215859
7759,225184,225184,1.092511013215859,1.092511013215859
7760,225184,225184,1.092511013215859,1.092511013215859
7761,225184,225184,1.092511013215859,1.092511013215859
7762,225184,225184,1.092511013215859,1.092511013215859
7763,225184,225184,1.092511013215859,1.092511013215859
7764,225184,225184,1.092511013215859,1.092511013215859
7765,225184,225184,1.092511013215859,1.092511013215859
7766,225184,225184,1.092511013215859,1.092511013215859
7767,225184,225184,1.092511013215859,1.092511013215859
7768,225184,225184,1.092511013215859,1.092511013215859
7769,225184,225184,1.092511013215859,1.092511013215859
7770,225184,225184,1.092511013215859,1.092511013215859
7771,225184,225184,1.092511013215859,1.092511013215859
7772,225184,225184,1.092511013215859,1.092511013215859
7773,225184,225184,1.092511013215859,1.092511013215859
7774,225184,225184,1.092511013215859,1.092511013215859
7775,225184,225184,1.092511013215859,1.092511013215859
7776,225184,225184,1.092511013215859,1.092511013215859
7777,225184,225184,1.092511013215859,1.092511013215859
7778,225184,225184,1.092511013215859,1.092511013215859
7779,225184,225184,1.092511013215859,1.092511013215859
7780,225184,225184,1.092511013215859,1.092511013215859
7781,225184,225184,1.092511013215859,1.092511013215859
7782,225184,225184,1.092511013215859,1.092511013215859
7783,225184,225184,1.092511013215859,1.092511013215859
7784,225184,225184,1.092511013215859,1.092511013215859
7785,225184,225184,1.092511013215859,1.092511013215859
7786,225184,225184,1.092511013215859,1.092511013215859
7787,225184,225184,1.092511013215859,1.092511013215859
7788,225184,225184,1.092511013215859,1.092511013215859
7789,225184,225184,1.092511013215859,1.092511013215859
7790,225184,225184,1.092511013215859,1.092511013215859
7791,225184,225184,1.092511013215859,1.092511013215859
7792,225184,225184,1.092511013215859,1.092511013215859
7793,225184,225184,1.092511013215859,1.092511013215859
7794,225184,225184,1.092511013215859,1.092511013215859
7795,225184,225184,1.092511013215859,1.092511013215859
7796,225184,225184,1.092511013215859,1.092511013215859
7797,225184,225184,1.092511013215859,1.092511013215859
7798,225184,225184,1.092511013215859,1.092511013215859
7799,225184,225184,1.092511013215859,1.092511013215859
7800,225184,225184,1.092511013215859,1.092511013215859
7801,225184,225184,1.092511013215859,1.092511013215859
7802,225184,225184,1.092511013215859,1.092511013215859
7803,225184,225184,1.092511013215859,1.092511013215859
7804,225184,225184,1.092511013215859,1.092511013215859
7805,225184,225184,1.092511013215859,1.092511013215859
7806,225184,225184,1.092511013215859,1.092511013215859
7807,225184,225184,1.092511013215859,1.092511013215859
7808,225184,225184,1.092511013215859,1.092511013215859
7809,225184,225184,1.092511013215859,1.092511013215859
7810,225184,225184,1.092511013215859,1.092511013215859
7811,225184,225184,1.092511013215859,1.092511013215859
7812,225184,225184,1.092511013215859,1.092511013215859
7813,225184,225184,1.092511013215859,1.092511013215859
7814,225184,225184,1.092511013215859,1.092511013215859
7815,225184,225184,1.092511013215859,1.092511013215859
7816,225184,225184,1.092511013215859,1.092511013215859
7817,225184,225184,1.092511013215859,1.092511013215859
7818,225184,225184,1.092511013215859,1.092511013215859
7819,225184,225184,1.092511013215859,1.092511013215859
7820,225184,225184,1.092511013215859,1.092511013215859
7821,225184,225184,1.092511013215859,1.092511013215859
7822,225184,225184,1.092511013215859,1.092511013215859
7823,225184,225184,1.092511013215859,1.092511013215859
7824,225184,225184,1.092511013215859,1.092511013215859
7825,225184,225184,1.092511013215859,1.092511013215859
7826,225184,225184,1.092511013215859,1.092511013215859
7827,225184,225184,1.092511013215859,1.092511013215859
7828,225184,225184,1.092511013215859,1.092511013215859
7829,225184,225184,1.092511013215859,1.092511013215859
7830,225184,225184,1.092511013215859,1.092511013215859
7831,225184,225184,1.092511013215859,1.092511013215859
7832,225184,225184,1.092511013215859,1.092511013215859
7833,225184,225184,1.092511013215859,1.092511013215859
7834,225184,225184,1.092511013215859,1.092511013215859
7835,225184,225184,1.092511013215859,1.092511013215859
7836,225184,225184,1.092511013215859,1.092511013215859
7837,225184,225184,1.092511013215859,1.092511013215859
7838,225184,225184,1.092511013215859,1.092511013215859
7839,225184,225184,1.092511013215859,1.092511013215859
7840,225184,225184,1.092511013215859,1.092511013215859
7841,225184,225184,1.092511013215859,1.092511013215859
7842,225184,225184,1.092511013215859,1.092511013215859
7843,225184,225184,1.092511013215859,1.092511013215859
7844,225184,225184,1.092511013215859,1.092511013215859
7845,225184,225184,1.092511013215859,1.092511013215859
7846,225184,225184,1.092511013215859,1.092511013215859
7847,225184,225184,1.092511013215859,1.092511013215859
7848,225184,225184,1.092511013215859,1.092511013215859
7849,225184,225184,1.092511013215859,1.092511013215859
7850,225184,225184,1.092511013215859,1.092511013215859
7851,225184,225184,1.092511013215859,1.092511013215859
7852,225184,225184,1.092511013215859,1.092511013215859
7853,225184,225184,1.092511013215859,1.092511013215859
7854,225184,225184,1.092511013215859,1.092511013215859
7855,225184,225184,1.092511013215859,1.092511013215859
7856,225184,225184,1.092511013215859,1.092511013215859
7857,225184,225184,1.092511013215859,1.092511013215859
7858,225184,225184,1.092511013215859,1.092511013215859
7859,225184,225184,1.092511013215859,1.092511013215859
7860,225184,225184,1.092511013215859,1.092511013215859
7861,225184,225184,1.092511013215859,1.092511013215859
7862,225184,225184,1.092511013215859,1.092511013215859
7863,225184,225184,1.092511013215859,1.092511013215859
7864,225184,225184,1.092511013215859,1.092511013215859
7865,225184,225184,1.092511013215859,1.092511013215859
7866,225184,225184,1.092511013215859,1.092511013215859
7867,225184,225184,1.092511013215859,1.092511013215859
7868,225184,225184,1.092511013215859,1.092511013215859
7869,225184,225184,1.092511013215859,1.092511013215859
7870,225184,225184,1.092511013215859,1.092511013215859
7871,225184,225184,1.092511013215859,1.092511013215859
7872,225184,225184,1.092511013215859,1.092511013215859
7873,225184,225184,1.092511013215859,1.092511013215859
7874,225184,225184,1.092511013215859,1.092511013215859
7875,225184,225184,1.092511013215859,1.092511013215859
7876,225184,225184,1.092511013215859,1.092511013215859
7877,225184,225184,1.092511013215859,1.092511013215859
7878,225184,225184,1.092511013215859,1.092511013215859
7879,225184,225184,1.092511013215859,1.092511013215859
7880,225184,225184,1.092511013215859,1.092511013215859
7881,225184,225184,1.092511013215859,1.092511013215859
7882,225184,225184,1.092511013215859,1.092511013215859
7883,225184,225184,1.092511013215859,1.092511013215859
7884,225184,225184,1.092511013215859,1.092511013215859
7885,225184,225184,1.092511013215859,1.092511013215859
7886,225184,225184,1.092511013215859,1.092511013215859
7887,225184,225184,1.092511013215859,1.092511013215859
7888,225184,225184,1.092511013215859,1.092511013215859
7889,225184,225184,1.092511013215859,1.092511013215859
7890,225184,225184,1.092511013215859,1.092511013215859
7891,225184,225184,1.092511013215859,1.092511013215859
7892,225184,225184,1.092511013215859,1.092511013215859
7893,225184,225184,1.092511013215859,1.092511013215859
7894,225184,225184,1.092511013215859,1.092511013215859
7895,225184,225184,1.092511013215859,1.092511013215859
7896,225184,225184,1.092511013215859,1.092511013215859
7897,225184,225184,1.092511013215859,1.092511013215859
7898,225184,225184,1.092511013215859,1.092511013215859
7899,225184,225184,1.092511013215859,1.092511013215859
7900,225184,225184,1.092511013215859,1.092511013215859
7901,225184,225184,1.092511013215859,1.092511013215859
7902,225184,225184,1.092511013215859,1.092511013215859
7903,225184,225184,1.092511013215859,1.092511013215859
7904,225184,225184,1.092511013215859,1.092511013215859
7905,225184,225184,1.092511013215859,1.092511013215859
7906,225184,225184,1.092511013215859,1.092511013215859
7907,225184,225184,1.092511013215859,1.092511013215859
7908,225184,225184,1.092511013215859,1.092511013215859
7909,225184,225184,1.092511013215859,1.092511013215859
7910,225184,225184,1.092511013215859,1.092511013215859
7911,225184,225184,1.092511013215859,1.092511013215859
7912,225184,225184,1.092511013215859,1.092511013215859
7913,225184,225184,1.092511013215859,1.092511013215859
7914,225184,225184,1.092511013215859,1.092511013215859
7915,225184,225184,1.092511013215859,1.092511013215859
7916,225184,225184,1.092511013215859,1.092511013215859
7917,225184,225184,1.092511013215859,1.092511013215859
7918,225184,225184,1.092511013215859,1.092511013215859
7919,225184,225184,1.092511013215859,1.092511013215859
7920,225184,225184,1.092511013215859,1.092511013215859
7921,225184,225184,1.092511013215859,1.092511013215859
7922,225184,225184,1.092511013215859,1.092511013215859
7923,225184,225184,1.092511013215859,1.092511013215859
7924,225184,225184,1.092511013215859,1.092511013215859
7925,225184,225184,1.092511013215859,1.092511013215859
7926,225184,225184,1.092511013215859,1.092511013215859
7927,225184,225184,1.092511013215859,1.092511013215859
7928,225184,225184,1.092511013215859,1.092511013215859
7929,225184,225184,1.092511013215859,1.092511013215859
7930,225184,225184,1.092511013215859,1.092511013215859
7931,225184,225184,1.092511013215859,1.092511013215859
7932,225184,225184,1.092511013215859,1.092511013215859
7933,225184,225184,1.092511013215859,1.092511013215859
7934,225184,225184,1.092511013215859,1.092511013215859
7935,225184,225184,1.092511013215859,1.092511013215859
7936,225184,225184,1.092511013215859,1.092511013215859
7937,225184,225184,1.092511013215859,1.092511013215859
7938,225184,225184,1.092511013215859,1.092511013215859
7939,225184,225184,1.092511013215859,1.092511013215859
7940,225184,225184,1.092511013215859,1.092511013215859
7941,225184,225184,1.092511013215859,1.092511013215859
7942,225184,225184,1.092511013215859,1.092511013215859
7943,225184,225184,1.092511013215859,1.092511013215859
7944,225184,225184,1.092511013215859,1.092511013215859
7945,225184,225184,1.092511013215859,1.092511013215859
7946,225184,225184,1.092511013215859,1.092511013215859
7947,225184,225184,1.092511013215859,1.092511013215859
7948,225184,225184,1.092511013215859,1.092511013215859
7949,225184,225184,1.092511013215859,1.092511013215859
7950,225184,225184,1.092511013215859,1.092511013215859
7951,225184,225184,1.092511013215859,1.092511013215859
7952,225184,225184,1.092511013215859,1.092511013215859
7953,225184,225184,1.092511013215859,1.092511013215859
7954,225184,225184,1.092511013215859,1.092511013215859
7955,225184,225184,1.092511013215859,1.092511013215859
7956,225184,225184,1.092511013215859,1.092511013215859
7957,225184,225184,1.092511013215859,1.092511013215859
7958,225184,225184,1.092511013215859,1.092511013215859
7959,225184,225184,1.092511013215859,1.092511013215859
7960,225184,225184,1.092511013215859,1.092511013215859
7961,225184,225184,1.092511013215859,1.092511013215859
7962,225184,225184,1.092511013215859,1.092511013215859
7963,225184,225184,1.092511013215859,1.092511013215859
7964,225184,225184,1.092511013215859,1.092511013215859
7965,225184,225184,1.092511013215859,1.092511013215859
7966,225184,225184,1.092511013215859,1.092511013215859
7967,225184,225184,1.092511013215859,1.092511013215859
7968,225184,225184,1.092511013215859,1.092511013215859
7969,225184,225184,1.092511013215859,1.092511013215859
7970,225184,225184,1.092511013215859,1.092511013215859
7971,225184,225184,1.092511013215859,1.092511013215859
7972,225184,225184,1.092511013215859,1.092511013215859
7973,225184,225184,1.092511013215859,1.092511013215859
7974,225184,225184,1.092511013215859,1.092511013215859
7975,225184,225184,1.092511013215859,1.092511013215859
7976,225184,225184,1.092511013215859,1.092511013215859
7977,225184,225184,1.092511013215859,1.092511013215859
7978,225184,225184,1.092511013215859,1.092511013215859
7979,225184,225184,1.092511013215859,1.092511013215859
7980,225184,225184,1.092511013215859,1.092511013215859
7981,225184,225184,1.092511013215859,1.092511013215859
7982,225184,225184,1.092511013215859,1.092511013215859
7983,225184,225184,1.092511013215859,1.092511013215859
7984,225184,225184,1.092511013215859,1.092511013215859
7985,225184,225184,1.092511013215859,1.092511013215859
7986,225184,225184,1.092511013215859,1.092511013215859
7987,225184,225184,1.092511013215859,1.092511013215859
7988,225184,225184,1.092511013215859,1.092511013215859
7989,225184,225184,1.092511013215859,1.092511013215859
7990,225184,225184,1.092511013215859,1.092511013215859
7991,225184,225184,1.092511013215859,1.092511013215859
7992,225184,225184,1.092511013215859,1.092511013215859
7993,225184,225184,1.092511013215859,1.092511013215859
7994,225184,225184,1.092511013215859,1.092511013215859
7995,225184,225184,1.092511013215859,1.092511013215859
7996,225184,225184,1.092511013215859,1.092511013215859
7997,225184,225184,1.092511013215859,1.092511013215859
7998,225184,225184,1.092511013215859,1.092511013215859
7999,225184,225184,1.092511013215859,1.092511013215859
8000,225184,225184,1.092511013215859,1.092511013215859
8001,225184,225184,1.092511013215859,1.092511013215859
8002,225184,225184,1.092511013215859,1.092511013215859
8003,225184,225184,1.092511013215859,1.092511013215859
8004,225184,225184,1.092511013215859,1.092511013215859
8005,225184,225184,1.092511013215859,1.092511013215859
8006,225184,225184,1.092511013215859,1.092511013215859
8007,225184,225184,1.092511013215859,1.092511013215859
8008,225184,225184,1.092511013215859,1.092511013215859
8009,225184,225184,1.092511013215859,1.092511013215859
8010,225184,225184,1.092511013215859,1.092511013215859
8011,225184,225184,1.092511013215859,1.092511013215859
8012,225184,225184,1.092511013215859,1.092511013215859
8013,225184,225184,1.092511013215859,1.092511013215859
8014,225184,225184,1.092511013215859,1.092511013215859
8015,225184,225184,1.092511013215859,1.092511013215859
8016,225184,225184,1.092511013215859,1.092511013215859
8017,225184,225184,1.092511013215859,1.092511013215859
8018,225184,225184,1.092511013215859,1.092511013215859
8019,225184,225184,1.092511013215859,1.092511013215859
8020,225184,225184,1.092511013215859,1.092511013215859
8021,225184,225184,1.092511013215859,1.092511013215859
8022,225184,225184,1.092511013215859,1.092511013215859
8023,225184,225184,1.092511013215859,1.092511013215859
8024,225184,225184,1.092511013215859,1.092511013215859
8025,225184,225184,1.092511013215859,1.092511013215859
8026,225184,225184,1.092511013215859,1.092511013215859
8027,225184,225184,1.092511013215859,1.092511013215859
8028,225184,225184,1.092511013215859,1.092511013215859
8029,225184,225184,1.092511013215859,1.092511013215859
8030,225184,225184,1.092511013215859,1.092511013215859
8031,225184,225184,1.092511013215859,1.092511013215859
8032,225184,225184,1.092511013215859,1.092511013215859
8033,225184,225184,1.092511013215859,1.092511013215859
8034,225184,225184,1.092511013215859,1.092511013215859
8035,225184,225184,1.092511013215859,1.092511013215859
8036,225184,225184,1.092511013215859,1.092511013215859
8037,225184,225184,1.092511013215859,1.092511013215859
8038,225184,225184,1.092511013215859,1.092511013215859
8039,225184,225184,1.092511013215859,1.092511013215859
8040,225184,225184,1.092511013215859,1.092511013215859
8041,225184,225184,1.092511013215859,1.092511013215859
8042,225184,225184,1.092511013215859,1.092511013215859
8043,225184,225184,1.092511013215859,1.092511013215859
8044,225184,225184,1.092511013215859,1.092511013215859
8045,225184,225184,1.092511013215859,1.092511013215859
8046,225184,225184,1.092511013215859,1.092511013215859
8047,225184,225184,1.092511013215859,1.092511013215859
8048,225184,225184,1.092511013215859,1.092511013215859
8049,225184,225184,1.092511013215859,1.092511013215859
8050,225184,225184,1.092511013215859,1.092511013215859
8051,225184,225184,1.092511013215859,1.092511013215859
8052,225184,225184,1.092511013215859,1.092511013215859
8053,225184,225184,1.092511013215859,1.092511013215859
8054,225184,225184,1.092511013215859,1.092511013215859
8055,225184,225184,1.092511013215859,1.092511013215859
8056,225184,225184,1.092511013215859,1.092511013215859
8057,225184,225184,1.092511013215859,1.092511013215859
8058,225184,225184,1.092511013215859,1.092511013215859
8059,225184,225184,1.092511013215859,1.092511013215859
8060,225184,225184,1.092511013215859,1.092511013215859
8061,225184,225184,1.092511013215859,1.092511013215859
8062,225184,225184,1.092511013215859,1.092511013215859
8063,225184,225184,1.092511013215859,1.092511013215859
8064,225184,225184,1.092511013215859,1.092511013215859
8065,225184,225184,1.092511013215859,1.092511013215859
8066,225184,225184,1.092511013215859,1.092511013215859
8067,225184,225184,1.092511013215859,1.092511013215859
8068,225184,225184,1.092511013215859,1.092511013215859
8069,225184,225184,1.092511013215859,1.092511013215859
8070,225184,225184,1.092511013215859,1.092511013215859
8071,225184,225184,1.092511013215859,1.092511013215859
8072,225184,225184,1.092511013215859,1.092511013215859
8073,225184,225184,1.092511013215859,1.092511013215859
8074,225184,225184,1.092511013215859,1.092511013215859
8075,225184,225184,1.092511013215859,1.092511013215859
8076,225184,225184,1.092511013215859,1.092511013215859
8077,225184,225184,1.092511013215859,1.092511013215859
8078,225184,225184,1.092511013215859,1.092511013215859
8079,225184,225184,1.092511013215859,1.092511013215859
8080,225184,225184,1.092511013215859,1.092511013215859
8081,225184,225184,1.092511013215859,1.092511013215859
8082,225184,225184,1.092511013215859,1.092511013215859
8083,225184,225184,1.092511013215859,1.092511013215859
8084,225184,225184,1.092511013215859,1.092511013215859
8085,225184,225184,1.092511013215859,1.092511013215859
8086,225184,225184,1.092511013215859,1.092511013215859
8087,225184,225184,1.092511013215859,1.092511013215859
8088,225184,225184,1.092511013215859,1.092511013215859
8089,225184,225184,1.092511013215859,1.092511013215859
8090,225184,225184,1.092511013215859,1.092511013215859
8091,225184,225184,1.092511013215859,1.092511013215859
8092,225184,225184,1.092511013215859,1.092511013215859
8093,225184,225184,1.092511013215859,1.092511013215859
8094,225184,225184,1.092511013215859,1.092511013215859
8095,225184,225184,1.092511013215859,1.092511013215859
8096,225184,225184,1.092511013215859,1.092511013215859
8097,225184,225184,1.092511013215859,1.092511013215859
8098,225184,225184,1.092511013215859,1.092511013215859
8099,225184,225184,1.092511013215859,1.092511013215859
8100,225184,225184,1.092511013215859,1.092511013215859
8101,225184,225184,1.092511013215859,1.092511013215859
8102,225184,225184,1.092511013215859,1.092511013215859
8103,225184,225184,1.092511013215859,1.092511013215859
8104,225184,225184,1.092511013215859,1.092511013215859
8105,225184,225184,1.092511013215859,1.092511013215859
8106,225184,225184,1.092511013215859,1.092511013215859
8107,225184,225184,1.092511013215859,1.092511013215859
8108,225184,225184,1.092511013215859,1.092511013215859
8109,225184,225184,1.092511013215859,1.092511013215859
8110,225184,225184,1.092511013215859,1.092511013215859
8111,225184,225184,1.092511013215859,1.092511013215859
8112,225184,225184,1.092511013215859,1.092511013215859
8113,225184,225184,1.092511013215859,1.092511013215859
8114,225184,225184,1.092511013215859,1.092511013215859
8115,225184,225184,1.092511013215859,1.092511013215859
8116,225184,225184,1.092511013215859,1.092511013215859
8117,225184,225184,1.092511013215859,1.092511013215859
8118,225184,225184,1.092511013215859,1.092511013215859
8119,225184,225184,1.092511013215859,1.092511013215859
8120,225184,225184,1.092511013215859,1.092511013215859
8121,225184,225184,1.092511013215859,1.092511013215859
8122,225184,225184,1.092511013215859,1.092511013215859
8123,225184,225184,1.092511013215859,1.092511013215859
8124,225184,225184,1.092511013215859,1.092511013215859
8125,225184,225184,1.092511013215859,1.092511013215859
8126,225184,225184,1.092511013215859,1.092511013215859
8127,225184,225184,1.092511013215859,1.092511013215859
8128,225184,225184,1.092511013215859,1.092511013215859
8129,225184,225184,1.092511013215859,1.092511013215859
8130,225184,225184,1.092511013215859,1.092511013215859
8131,225184,225184,1.092511013215859,1.092511013215859
8132,225184,225184,1.092511013215859,1.092511013215859
8133,225184,225184,1.092511013215859,1.092511013215859
8134,225184,225184,1.092511013215859,1.092511013215859
8135,225184,225184,1.092511013215859,1.092511013215859
8136,225184,225184,1.092511013215859,1.092511013215859
8137,225184,225184,1.092511013215859,1.092511013215859
8138,225184,225184,1.092511013215859,1.092511013215859
8139,225184,225184,1.092511013215859,1.092511013215859
8140,225184,225184,1.092511013215859,1.092511013215859
8141,225184,225184,1.092511013215859,1.092511013215859
8142,225184,225184,1.092511013215859,1.092511013215859
8143,225184,225184,1.092511013215859,1.092511013215859
8144,225184,225184,1.092511013215859,1.092511013215859
8145,225184,225184,1.092511013215859,1.092511013215859
8146,225184,225184,1.092511013215859,1.092511013215859
8147,225184,225184,1.092511013215859,1.092511013215859
8148,225184,225184,1.092511013215859,1.092511013215859
8149,225184,225184,1.092511013215859,1.092511013215859
8150,225184,225184,1.092511013215859,1.092511013215859
8151,225184,225184,1.092511013215859,1.092511013215859
8152,225184,225184,1.092511013215859,1.092511013215859
8153,225184,225184,1.092511013215859,1.092511013215859
8154,225184,225184,1.092511013215859,1.092511013215859
8155,225184,225184,1.092511013215859,1.092511013215859
8156,225184,225184,1.092511013215859,1.092511013215859
8157,225184,225184,1.092511013215859,1.092511013215859
8158,225184,225184,1.092511013215859,1.092511013215859
8159,225184,225184,1.092511013215859,1.092511013215859
8160,225184,225184,1.092511013215859,1.092511013215859
8161,225184,225184,1.092511013215859,1.092511013215859
8162,225184,225184,1.092511013215859,1.092511013215859
8163,225184,225184,1.092511013215859,1.092511013215859
8164,225184,225184,1.092511013215859,1.092511013215859
8165,225184,225184,1.092511013215859,1.092511013215859
8166,225184,225184,1.092511013215859,1.092511013215859
8167,225184,225184,1.092511013215859,1.092511013215859
8168,225184,225184,1.092511013215859,1.092511013215859
8169,225184,225184,1.092511013215859,1.092511013215859
8170,225184,225184,1.092511013215859,1.092511013215859
8171,225184,225184,1.092511013215859,1.092511013215859
8172,225184,225184,1.092511013215859,1.092511013215859
8173,225184,225184,1.092511013215859,1.092511013215859
8174,225184,225184,1.092511013215859,1.092511013215859
8175,225184,225184,1.092511013215859,1.092511013215859
8176,225184,225184,1.092511013215859,1.092511013215859
8177,225184,225184,1.092511013215859,1.092511013215859
8178,225184,225184,1.092511013215859,1.092511013215859
8179,225184,225184,1.092511013215859,1.092511013215859
8180,225184,225184,1.092511013215859,1.092511013215859
8181,225184,225184,1.092511013215859,1.092511013215859
8182,225184,225184,1.092511013215859,1.092511013215859
8183,225184,225184,1.092511013215859,1.092511013215859
8184,225184,225184,1.092511013215859,1.092511013215859
8185,225184,225184,1.092511013215859,1.092511013215859
8186,225184,225184,1.092511013215859,1.092511013215859
8187,225184,225184,1.092511013215859,1.092511013215859
8188,225184,225184,1.092511013215859,1.092511013215859
8189,225184,225184,1.092511013215859,1.092511013215859
8190,225184,225184,1.092511013215859,1.092511013215859
8191,225184,225184,1.092511013215859,1.092511013215859
8192,225184,225184,1.092511013215859,1.092511013215859
8193,225184,225184,1.092511013215859,1.092511013215859
8194,225184,225184,1.092511013215859,1.092511013215859
8195,225184,225184,1.092511013215859,1.092511013215859
8196,225184,225184,1.092511013215859,1.092511013215859
8197,225184,225184,1.092511013215859,1.092511013215859
8198,225184,225184,1.092511013215859,1.092511013215859
8199,225184,225184,1.092511013215859,1.092511013215859
8200,225184,225184,1.092511013215859,1.092511013215859
8201,225184,225184,1.092511013215859,1.092511013215859
8202,225184,225184,1.092511013215859,1.092511013215859
8203,225184,225184,1.092511013215859,1.092511013215859
8204,225184,225184,1.092511013215859,1.092511013215859
8205,225184,225184,1.092511013215859,1.092511013215859
8206,225184,225184,1.092511013215859,1.092511013215859
8207,225184,225184,1.092511013215859,1.092511013215859
8208,225184,225184,1.092511013215859,1.092511013215859
8209,225184,225184,1.092511013215859,1.092511013215859
8210,225184,225184,1.092511013215859,1.092511013215859
8211,225184,225184,1.092511013215859,1.092511013215859
8212,225184,225184,1.092511013215859,1.092511013215859
8213,225184,225184,1.092511013215859,1.092511013215859
8214,225184,225184,1.092511013215859,1.092511013215859
8215,225184,225184,1.092511013215859,1.092511013215859
8216,225184,225184,1.092511013215859,1.092511013215859
8217,225184,225184,1.092511013215859,1.092511013215859
8218,225184,225184,1.092511013215859,1.092511013215859
8219,225184,225184,1.092511013215859,1.092511013215859
8220,225184,225184,1.092511013215859,1.092511013215859
8221,225184,225184,1.092511013215859,1.092511013215859
8222,225184,225184,1.092511013215859,1.092511013215859
8223,225184,225184,1.092511013215859,1.092511013215859
8224,225184,225184,1.092511013215859,1.092511013215859
8225,225184,225184,1.092511013215859,1.092511013215859
8226,225184,225184,1.092511013215859,1.092511013215859
8227,225184,225184,1.092511013215859,1.092511013215859
8228,225184,225184,1.092511013215859,1.092511013215859
8229,225184,225184,1.092511013215859,1.092511013215859
8230,225184,225184,1.092511013215859,1.092511013215859
8231,225184,225184,1.092511013215859,1.092511013215859
8232,225184,225184,1.092511013215859,1.092511013215859
8233,225184,225184,1.092511013215859,1.092511013215859
8234,225184,225184,1.092511013215859,1.092511013215859
8235,225184,225184,1.092511013215859,1.092511013215859
8236,225184,225184,1.092511013215859,1.092511013215859
8237,225184,225184,1.092511013215859,1.092511013215859
8238,225184,225184,1.092511013215859,1.092511013215859
8239,225184,225184,1.092511013215859,1.092511013215859
8240,225184,225184,1.092511013215859,1.092511013215859
8241,225184,225184,1.092511013215859,1.092511013215859
8242,225184,225184,1.092511013215859,1.092511013215859
8243,225184,225184,1.092511013215859,1.092511013215859
8244,225184,225184,1.092511013215859,1.092511013215859
8245,225184,225184,1.092511013215859,1.092511013215859
8246,225184,225184,1.092511013215859,1.092511013215859
8247,225184,225184,1.092511013215859,1.092511013215859
8248,225184,225184,1.092511013215859,1.092511013215859
8249,225184,225184,1.092511013215859,1.092511013215859
8250,225184,225184,1.092511013215859,1.092511013215859
8251,225184,225184,1.092511013215859,1.092511013215859
8252,225184,225184,1.092511013215859,1.092511013215859
8253,225184,225184,1.092511013215859,1.092511013215859
8254,225184,225184,1.092511013215859,1.092511013215859
8255,225184,225184,1.092511013215859,1.092511013215859
8256,225184,225184,1.092511013215859,1.092511013215859
8257,225184,225184,1.092511013215859,1.092511013215859
8258,225184,225184,1.092511013215859,1.092511013215859
8259,225184,225184,1.092511013215859,1.092511013215859
8260,225184,225184,1.092511013215859,1.092511013215859
8261,225184,225184,1.092511013215859,1.092511013215859
8262,225184,225184,1.092511013215859,1.092511013215859
8263,225184,225184,1.092511013215859,1.092511013215859
8264,225184,225184,1.092511013215859,1.092511013215859
8265,225184,225184,1.092511013215859,1.092511013215859
8266,225184,225184,1.092511013215859,1.092511013215859
8267,225184,225184,1.092511013215859,1.092511013215859
8268,225184,225184,1.092511013215859,1.092511013215859
8269,225184,225184,1.092511013215859,1.092511013215859
8270,225184,225184,1.092511013215859,1.092511013215859
8271,225184,225184,1.092511013215859,1.092511013215859
8272,225184,225184,1.092511013215859,1.092511013215859
8273,225184,225184,1.092511013215859,1.092511013215859
8274,225184,225184,1.092511013215859,1.092511013215859
8275,225184,225184,1.092511013215859,1.092511013215859
8276,225184,225184,1.092511013215859,1.092511013215859
8277,225184,225184,1.092511013215859,1.092511013215859
8278,225184,225184,1.092511013215859,1.092511013215859
8279,225184,225184,1.092511013215859,1.092511013215859
8280,225184,225184,1.092511013215859,1.092511013215859
8281,225184,225184,1.092511013215859,1.092511013215859
8282,225184,225184,1.092511013215859,1.092511013215859
8283,225184,225184,1.092511013215859,1.092511013215859
8284,225184,225184,1.092511013215859,1.092511013215859
8285,225184,225184,1.092511013215859,1.092511013215859
8286,225184,225184,1.092511013215859,1.092511013215859
8287,225184,225184,1.092511013215859,1.092511013215859
8288,225184,225184,1.092511013215859,1.092511013215859
8289,225184,225184,1.092511013215859,1.092511013215859
8290,225184,225184,1.092511013215859,1.092511013215859
8291,225184,225184,1.092511013215859,1.092511013215859
8292,225184,225184,1.092511013215859,1.092511013215859
8293,225184,225184,1.092511013215859,1.092511013215859
8294,225184,225184,1.092511013215859,1.092511013215859
8295,225184,225184,1.092511013215859,1.092511013215859
8296,225184,225184,1.092511013215859,1.092511013215859
8297,225184,225184,1.092511013215859,1.092511013215859
8298,225184,225184,1.092511013215859,1.092511013215859
8299,225184,225184,1.092511013215859,1.092511013215859
8300,225184,225184,1.092511013215859,1.092511013215859
8301,225184,225184,1.092511013215859,1.092511013215859
8302,225184,225184,1.092511013215859,1.092511013215859
8303,225184,225184,1.092511013215859,1.092511013215859
8304,225184,225184,1.092511013215859,1.092511013215859
8305,225184,225184,1.092511013215859,1.092511013215859
8306,225184,225184,1.092511013215859,1.092511013215859
8307,225184,225184,1.092511013215859,1.092511013215859
8308,225184,225184,1.092511013215859,1.092511013215859
8309,225184,225184,1.092511013215859,1.092511013215859
8310,225184,225184,1.092511013215859,1.092511013215859
8311,225184,225184,1.092511013215859,1.092511013215859
8312,225184,225184,1.092511013215859,1.092511013215859
8313,225184,225184,1.092511013215859,1.092511013215859
8314,225184,225184,1.092511013215859,1.092511013215859
8315,225184,225184,1.092511013215859,1.092511013215859
8316,225184,225184,1.092511013215859,1.092511013215859
8317,225184,225184,1.092511013215859,1.092511013215859
8318,225184,225184,1.092511013215859,1.092511013215859
8319,225184,225184,1.092511013215859,1.092511013215859
8320,225184,225184,1.092511013215859,1.092511013215859
8321,225184,225184,1.092511013215859,1.092511013215859
8322,225184,225184,1.092511013215859,1.092511013215859
8323,225184,225184,1.092511013215859,1.092511013215859
8324,225184,225184,1.092511013215859,1.092511013215859
8325,225184,225184,1.092511013215859,1.092511013215859
8326,225184,225184,1.092511013215859,1.092511013215859
8327,225184,225184,1.092511013215859,1.092511013215859
8328,225184,225184,1.092511013215859,1.092511013215859
8329,225184,225184,1.092511013215859,1.092511013215859
8330,225184,225184,1.092511013215859,1.092511013215859
8331,225184,225184,1.092511013215859,1.092511013215859
8332,225184,225184,1.092511013215859,1.092511013215859
8333,225184,225184,1.092511013215859,1.092511013215859
8334,225184,225184,1.092511013215859,1.092511013215859
8335,225184,225184,1.092511013215859,1.092511013215859
8336,225184,225184,1.092511013215859,1.092511013215859
8337,225184,225184,1.092511013215859,1.092511013215859
8338,225184,225184,1.092511013215859,1.092511013215859
8339,225184,225184,1.092511013215859,1.092511013215859
8340,225184,225184,1.092511013215859,1.092511013215859
8341,225184,225184,1.092511013215859,1.092511013215859
8342,225184,225184,1.092511013215859,1.092511013215859
8343,225184,225184,1.092511013215859,1.092511013215859
8344,225184,225184,1.092511013215859,1.092511013215859
8345,225184,225184,1.092511013215859,1.092511013215859
8346,225184,225184,1.092511013215859,1.092511013215859
8347,225184,225184,1.092511013215859,1.092511013215859
8348,225184,225184,1.092511013215859,1.092511013215859
8349,225184,225184,1.092511013215859,1.092511013215859
8350,225184,225184,1.092511013215859,1.092511013215859
8351,225184,225184,1.092511013215859,1.092511013215859
8352,225184,225184,1.092511013215859,1.092511013215859
8353,225184,225184,1.092511013215859,1.092511013215859
8354,225184,225184,1.092511013215859,1.092511013215859
8355,225184,225184,1.092511013215859,1.092511013215859
8356,225184,225184,1.092511013215859,1.092511013215859
8357,225184,225184,1.092511013215859,1.092511013215859
8358,225184,225184,1.092511013215859,1.092511013215859
8359,225184,225184,1.092511013215859,1.092511013215859
8360,225184,225184,1.092511013215859,1.092511013215859
8361,225184,225184,1.092511013215859,1.092511013215859
8362,225184,225184,1.092511013215859,1.092511013215859
8363,225184,225184,1.092511013215859,1.092511013215859
8364,225184,225184,1.092511013215859,1.092511013215859
8365,225184,225184,1.092511013215859,1.092511013215859
8366,225184,225184,1.092511013215859,1.092511013215859
8367,225184,225184,1.092511013215859,1.092511013215859
8368,225184,225184,1.092511013215859,1.092511013215859
8369,225184,225184,1.092511013215859,1.092511013215859
8370,225184,225184,1.092511013215859,1.092511013215859
8371,225184,225184,1.092511013215859,1.092511013215859
8372,225184,225184,1.092511013215859,1.092511013215859
8373,225184,225184,1.092511013215859,1.092511013215859
8374,225184,225184,1.092511013215859,1.092511013215859
8375,225184,225184,1.092511013215859,1.092511013215859
8376,225184,225184,1.092511013215859,1.092511013215859
8377,225184,225184,1.092511013215859,1.092511013215859
8378,225184,225184,1.092511013215859,1.092511013215859
8379,225184,225184,1.092511013215859,1.092511013215859
8380,225184,225184,1.092511013215859,1.092511013215859
8381,225184,225184,1.092511013215859,1.092511013215859
8382,225184,225184,1.092511013215859,1.092511013215859
8383,225184,225184,1.092511013215859,1.092511013215859
8384,225184,225184,1.092511013215859,1.092511013215859
8385,225184,225184,1.092511013215859,1.092511013215859
8386,225184,225184,1.092511013215859,1.092511013215859
8387,225184,225184,1.092511013215859,1.092511013215859
8388,225184,225184,1.092511013215859,1.092511013215859
8389,225184,225184,1.092511013215859,1.092511013215859
8390,225184,225184,1.092511013215859,1.092511013215859
8391,225184,225184,1.092511013215859,1.092511013215859
8392,225184,225184,1.092511013215859,1.092511013215859
8393,225184,225184,1.092511013215859,1.092511013215859
8394,225184,225184,1.092511013215859,1.092511013215859
8395,225184,225184,1.092511013215859,1.092511013215859
8396,225184,225184,1.092511013215859,1.092511013215859
8397,225184,225184,1.092511013215859,1.092511013215859
8398,225184,225184,1.092511013215859,1.092511013215859
8399,225184,225184,1.092511013215859,1.092511013215859
8400,225184,225184,1.092511013215859,1.092511013215859
8401,225184,225184,1.092511013215859,1.092511013215859
8402,225184,225184,1.092511013215859,1.092511013215859
8403,225184,225184,1.092511013215859,1.092511013215859
8404,225184,225184,1.092511013215859,1.092511013215859
8405,225184,225184,1.092511013215859,1.092511013215859
8406,225184,225184,1.092511013215859,1.092511013215859
8407,225184,225184,1.092511013215859,1.092511013215859
8408,225184,225184,1.092511013215859,1.092511013215859
8409,225184,225184,1.092511013215859,1.092511013215859
8410,225184,225184,1.092511013215859,1.092511013215859
8411,225184,225184,1.092511013215859,1.092511013215859
8412,225184,225184,1.092511013215859,1.092511013215859
8413,225184,225184,1.092511013215859,1.092511013215859
8414,225184,225184,1.092511013215859,1.092511013215859
8415,225184,225184,1.092511013215859,1.092511013215859
8416,225184,225184,1.092511013215859,1.092511013215859
8417,225184,225184,1.092511013215859,1.092511013215859
8418,225184,225184,1.092511013215859,1.092511013215859
8419,225184,225184,1.092511013215859,1.092511013215859
8420,225184,225184,1.092511013215859,1.092511013215859
8421,225184,225184,1.092511013215859,1.092511013215859
8422,225184,225184,1.092511013215859,1.092511013215859
8423,225184,225184,1.092511013215859,1.092511013215859
8424,225184,225184,1.092511013215859,1.092511013215859
8425,225184,225184,1.092511013215859,1.092511013215859
8426,225184,225184,1.092511013215859,1.092511013215859
8427,225184,225184,1.092511013215859,1.092511013215859
8428,225184,225184,1.092511013215859,1.092511013215859
8429,225184,225184,1.092511013215859,1.092511013215859
8430,225184,225184,1.092511013215859,1.092511013215859
8431,225184,225184,1.092511013215859,1.092511013215859
8432,225184,225184,1.092511013215859,1.092511013215859
8433,225184,225184,1.092511013215859,1.092511013215859
8434,225184,225184,1.092511013215859,1.092511013215859
8435,225184,225184,1.092511013215859,1.092511013215859
8436,225184,225184,1.092511013215859,1.092511013215859
8437,225184,225184,1.092511013215859,1.092511013215859
8438,225184,225184,1.092511013215859,1.092511013215859
8439,225184,225184,1.092511013215859,1.092511013215859
8440,225184,225184,1.092511013215859,1.092511013215859
8441,225184,225184,1.092511013215859,1.092511013215859
8442,225184,225184,1.092511013215859,1.092511013215859
8443,225184,225184,1.092511013215859,1.092511013215859
8444,225184,225184,1.092511013215859,1.092511013215859
8445,225184,225184,1.092511013215859,1.092511013215859
8446,225184,225184,1.092511013215859,1.092511013215859
8447,225184,225184,1.092511013215859,1.092511013215859
8448,225184,225184,1.092511013215859,1.092511013215859
8449,225184,225184,1.092511013215859,1.092511013215859
8450,225184,225184,1.092511013215859,1.092511013215859
8451,225184,225184,1.092511013215859,1.092511013215859
8452,225184,225184,1.092511013215859,1.092511013215859
8453,225184,225184,1.092511013215859,1.092511013215859
8454,225184,225184,1.092511013215859,1.092511013215859
8455,225184,225184,1.092511013215859,1.092511013215859
8456,225184,225184,1.092511013215859,1.092511013215859
8457,225184,225184,1.092511013215859,1.092511013215859
8458,225184,225184,1.092511013215859,1.092511013215859
8459,225184,225184,1.092511013215859,1.092511013215859
8460,225184,225184,1.092511013215859,1.092511013215859
8461,225184,225184,1.092511013215859,1.092511013215859
8462,225184,225184,1.092511013215859,1.092511013215859
8463,225184,225184,1.092511013215859,1.092511013215859
8464,225184,225184,1.092511013215859,1.092511013215859
8465,225184,225184,1.092511013215859,1.092511013215859
8466,225184,225184,1.092511013215859,1.092511013215859
8467,225184,225184,1.092511013215859,1.092511013215859
8468,225184,225184,1.092511013215859,1.092511013215859
8469,225184,225184,1.092511013215859,1.092511013215859
8470,225184,225184,1.092511013215859,1.092511013215859
8471,225184,225184,1.092511013215859,1.092511013215859
8472,225184,225184,1.092511013215859,1.092511013215859
8473,225184,225184,1.092511013215859,1.092511013215859
8474,225184,225184,1.092511013215859,1.092511013215859
8475,225184,225184,1.092511013215859,1.092511013215859
8476,225184,225184,1.092511013215859,1.092511013215859
8477,225184,225184,1.092511013215859,1.092511013215859
8478,225184,225184,1.092511013215859,1.092511013215859
8479,225184,225184,1.092511013215859,1.092511013215859
8480,225184,225184,1.092511013215859,1.092511013215859
8481,225184,225184,1.092511013215859,1.092511013215859
8482,225184,225184,1.092511013215859,1.092511013215859
8483,225184,225184,1.092511013215859,1.092511013215859
8484,225184,225184,1.092511013215859,1.092511013215859
8485,225184,225184,1.092511013215859,1.092511013215859
8486,225184,225184,1.092511013215859,1.092511013215859
8487,225184,225184,1.092511013215859,1.092511013215859
8488,225184,225184,1.092511013215859,1.092511013215859
8489,225184,225184,1.092511013215859,1.092511013215859
8490,225184,225184,1.092511013215859,1.092511013215859
8491,225184,225184,1.092511013215859,1.092511013215859
8492,225184,225184,1.092511013215859,1.092511013215859
8493,225184,225184,1.092511013215859,1.092511013215859
8494,225184,225184,1.092511013215859,1.092511013215859
8495,225184,225184,1.092511013215859,1.092511013215859
8496,225184,225184,1.092511013215859,1.092511013215859
8497,225184,225184,1.092511013215859,1.092511013215859
8498,225184,225184,1.092511013215859,1.092511013215859
8499,225184,225184,1.092511013215859,1.092511013215859
8500,225184,225184,1.092511013215859,1.092511013215859
8501,225184,225184,1.092511013215859,1.092511013215859
8502,225184,225184,1.092511013215859,1.092511013215859
8503,225184,225184,1.092511013215859,1.092511013215859
8504,225184,225184,1.092511013215859,1.092511013215859
8505,225184,225184,1.092511013215859,1.092511013215859
8506,225184,225184,1.092511013215859,1.092511013215859
8507,225184,225184,1.092511013215859,1.092511013215859
8508,225184,225184,1.092511013215859,1.092511013215859
8509,225184,225184,1.092511013215859,1.092511013215859
8510,225184,225184,1.092511013215859,1.092511013215859
8511,225184,225184,1.092511013215859,1.092511013215859
8512,225184,225184,1.092511013215859,1.092511013215859
8513,225184,225184,1.092511013215859,1.092511013215859
8514,225184,225184,1.092511013215859,1.092511013215859
8515,225184,225184,1.092511013215859,1.092511013215859
8516,225184,225184,1.092511013215859,1.092511013215859
8517,225184,225184,1.092511013215859,1.092511013215859
8518,225184,225184,1.092511013215859,1.092511013215859
8519,225184,225184,1.092511013215859,1.092511013215859
8520,225184,225184,1.092511013215859,1.092511013215859
8521,225184,225184,1.092511013215859,1.092511013215859
8522,225184,225184,1.092511013215859,1.092511013215859
8523,225184,225184,1.092511013215859,1.092511013215859
8524,225184,225184,1.092511013215859,1.092511013215859
8525,225184,225184,1.092511013215859,1.092511013215859
8526,225184,225184,1.092511013215859,1.092511013215859
8527,225184,225184,1.092511013215859,1.092511013215859
8528,225184,225184,1.092511013215859,1.092511013215859
8529,225184,225184,1.092511013215859,1.092511013215859
8530,225184,225184,1.092511013215859,1.092511013215859
8531,225184,225184,1.092511013215859,1.092511013215859
8532,225184,225184,1.092511013215859,1.092511013215859
8533,225184,225184,1.092511013215859,1.092511013215859
8534,225184,225184,1.092511013215859,1.092511013215859
8535,225184,225184,1.092511013215859,1.092511013215859
8536,225184,225184,1.092511013215859,1.092511013215859
8537,225184,225184,1.092511013215859,1.092511013215859
8538,225184,225184,1.092511013215859,1.092511013215859
8539,225184,225184,1.092511013215859,1.092511013215859
8540,225184,225184,1.092511013215859,1.092511013215859
8541,225184,225184,1.092511013215859,1.092511013215859
8542,225184,225184,1.092511013215859,1.092511013215859
8543,225184,225184,1.092511013215859,1.092511013215859
8544,225184,225184,1.092511013215859,1.092511013215859
8545,225184,225184,1.092511013215859,1.092511013215859
8546,225184,225184,1.092511013215859,1.092511013215859
8547,225184,225184,1.092511013215859,1.092511013215859
8548,225184,225184,1.092511013215859,1.092511013215859
8549,225184,225184,1.092511013215859,1.092511013215859
8550,225184,225184,1.092511013215859,1.092511013215859
8551,225184,225184,1.092511013215859,1.092511013215859
8552,225184,225184,1.092511013215859,1.092511013215859
8553,225184,225184,1.092511013215859,1.092511013215859
8554,225184,225184,1.092511013215859,1.092511013215859
8555,225184,225184,1.092511013215859,1.092511013215859
8556,225184,225184,1.092511013215859,1.092511013215859
8557,225184,225184,1.092511013215859,1.092511013215859
8558,225184,225184,1.092511013215859,1.092511013215859
8559,225184,225184,1.092511013215859,1.092511013215859
8560,225184,225184,1.092511013215859,1.092511013215859
8561,225184,225184,1.092511013215859,1.092511013215859
8562,225184,225184,1.092511013215859,1.092511013215859
8563,225184,225184,1.092511013215859,1.092511013215859
8564,225184,225184,1.092511013215859,1.092511013215859
8565,225184,225184,1.092511013215859,1.092511013215859
8566,225184,225184,1.092511013215859,1.092511013215859
8567,225184,225184,1.092511013215859,1.092511013215859
8568,225184,225184,1.092511013215859,1.092511013215859
8569,225184,225184,1.092511013215859,1.092511013215859
8570,225184,225184,1.092511013215859,1.092511013215859
8571,225184,225184,1.092511013215859,1.092511013215859
8572,225184,225184,1.092511013215859,1.092511013215859
8573,225184,225184,1.092511013215859,1.092511013215859
8574,225184,225184,1.092511013215859,1.092511013215859
8575,225184,225184,1.092511013215859,1.092511013215859
8576,225184,225184,1.092511013215859,1.092511013215859
8577,225184,225184,1.092511013215859,1.092511013215859
8578,225184,225184,1.092511013215859,1.092511013215859
8579,225184,225184,1.092511013215859,1.092511013215859
8580,225184,225184,1.092511013215859,1.092511013215859
8581,225184,225184,1.092511013215859,1.092511013215859
8582,225184,225184,1.092511013215859,1.092511013215859
8583,225184,225184,1.092511013215859,1.092511013215859
8584,225184,225184,1.092511013215859,1.092511013215859
8585,225184,225184,1.092511013215859,1.092511013215859
8586,225184,225184,1.092511013215859,1.092511013215859
8587,225184,225184,1.092511013215859,1.092511013215859
8588,225184,225184,1.092511013215859,1.092511013215859
8589,225184,225184,1.092511013215859,1.092511013215859
8590,225184,225184,1.092511013215859,1.092511013215859
8591,225184,225184,1.092511013215859,1.092511013215859
8592,225184,225184,1.092511013215859,1.092511013215859
8593,225184,225184,1.092511013215859,1.092511013215859
8594,225184,225184,1.092511013215859,1.092511013215859
8595,225184,225184,1.092511013215859,1.092511013215859
8596,225184,225184,1.092511013215859,1.092511013215859
8597,225184,225184,1.092511013215859,1.092511013215859
8598,225184,225184,1.092511013215859,1.092511013215859
8599,225184,225184,1.092511013215859,1.092511013215859
8600,225184,225184,1.092511013215859,1.092511013215859
8601,225184,225184,1.092511013215859,1.092511013215859
8602,225184,225184,1.092511013215859,1.092511013215859
8603,225184,225184,1.092511013215859,1.092511013215859
8604,225184,225184,1.092511013215859,1.092511013215859
8605,225184,225184,1.092511013215859,1.092511013215859
8606,225184,225184,1.092511013215859,1.092511013215859
8607,225184,225184,1.092511013215859,1.092511013215859
8608,225184,225184,1.092511013215859,1.092511013215859
8609,225184,225184,1.092511013215859,1.092511013215859
8610,225184,225184,1.092511013215859,1.092511013215859
8611,225184,225184,1.092511013215859,1.092511013215859
8612,225184,225184,1.092511013215859,1.092511013215859
8613,225184,225184,1.092511013215859,1.092511013215859
8614,225184,225184,1.092511013215859,1.092511013215859
8615,225184,225184,1.092511013215859,1.092511013215859
8616,225184,225184,1.092511013215859,1.092511013215859
8617,225184,225184,1.092511013215859,1.092511013215859
8618,225184,225184,1.092511013215859,1.092511013215859
8619,225184,225184,1.092511013215859,1.092511013215859
8620,225184,225184,1.092511013215859,1.092511013215859
8621,225184,225184,1.092511013215859,1.092511013215859
8622,225184,225184,1.092511013215859,1.092511013215859
8623,225184,225184,1.092511013215859,1.092511013215859
8624,225184,225184,1.092511013215859,1.092511013215859
8625,225184,225184,1.092511013215859,1.092511013215859
8626,225184,225184,1.092511013215859,1.092511013215859
8627,225184,225184,1.092511013215859,1.092511013215859
8628,225184,225184,1.092511013215859,1.092511013215859
8629,225184,225184,1.092511013215859,1.092511013215859
8630,225184,225184,1.092511013215859,1.092511013215859
8631,225184,225184,1.092511013215859,1.092511013215859
8632,225184,225184,1.092511013215859,1.092511013215859
8633,225184,225184,1.092511013215859,1.092511013215859
8634,225184,225184,1.092511013215859,1.092511013215859
8635,225184,225184,1.092511013215859,1.092511013215859
8636,225184,225184,1.092511013215859,1.092511013215859
8637,225184,225184,1.092511013215859,1.092511013215859
8638,225184,225184,1.092511013215859,1.092511013215859
8639,225184,225184,1.092511013215859,1.092511013215859
8640,225184,225184,1.092511013215859,1.092511013215859
8641,225184,225184,1.092511013215859,1.092511013215859
8642,225184,225184,1.092511013215859,1.092511013215859
8643,225184,225184,1.092511013215859,1.092511013215859
8644,225184,225184,1.092511013215859,1.092511013215859
8645,225184,225184,1.092511013215859,1.092511013215859
8646,225184,225184,1.092511013215859,1.092511013215859
8647,225184,225184,1.092511013215859,1.092511013215859
8648,225184,225184,1.092511013215859,1.092511013215859
8649,225184,225184,1.092511013215859,1.092511013215859
8650,225184,225184,1.092511013215859,1.092511013215859
8651,225184,225184,1.092511013215859,1.092511013215859
8652,225184,225184,1.092511013215859,1.092511013215859
8653,225184,225184,1.092511013215859,1.092511013215859
8654,225184,225184,1.092511013215859,1.092511013215859
8655,225184,225184,1.092511013215859,1.092511013215859
8656,225184,225184,1.092511013215859,1.092511013215859
8657,225184,225184,1.092511013215859,1.092511013215859
8658,225184,225184,1.092511013215859,1.092511013215859
8659,225184,225184,1.092511013215859,1.092511013215859
8660,225184,225184,1.092511013215859,1.092511013215859
8661,225184,225184,1.092511013215859,1.092511013215859
8662,225184,225184,1.092511013215859,1.092511013215859
8663,225184,225184,1.092511013215859,1.092511013215859
8664,225184,225184,1.092511013215859,1.092511013215859
8665,225184,225184,1.092511013215859,1.092511013215859
8666,225184,225184,1.092511013215859,1.092511013215859
8667,225184,225184,1.092511013215859,1.092511013215859
8668,225184,225184,1.092511013215859,1.092511013215859
8669,225184,225184,1.092511013215859,1.092511013215859
8670,225184,225184,1.092511013215859,1.092511013215859
8671,225184,225184,1.092511013215859,1.092511013215859
8672,225184,225184,1.092511013215859,1.092511013215859
8673,225184,225184,1.092511013215859,1.092511013215859
8674,225184,225184,1.092511013215859,1.092511013215859
8675,225184,225184,1.092511013215859,1.092511013215859
8676,225184,225184,1.092511013215859,1.092511013215859
8677,225184,225184,1.092511013215859,1.092511013215859
8678,225184,225184,1.092511013215859,1.092511013215859
8679,225184,225184,1.092511013215859,1.092511013215859
8680,225184,225184,1.092511013215859,1.092511013215859
8681,225184,225184,1.092511013215859,1.092511013215859
8682,225184,225184,1.092511013215859,1.092511013215859
8683,225184,225184,1.092511013215859,1.092511013215859
8684,225184,225184,1.092511013215859,1.092511013215859
8685,225184,225184,1.092511013215859,1.092511013215859
8686,225184,225184,1.092511013215859,1.092511013215859
8687,225184,225184,1.092511013215859,1.092511013215859
8688,225184,225184,1.092511013215859,1.092511013215859
8689,225184,225184,1.092511013215859,1.092511013215859
8690,225184,225184,1.092511013215859,1.092511013215859
8691,225184,225184,1.092511013215859,1.092511013215859
8692,225184,225184,1.092511013215859,1.092511013215859
8693,225184,225184,1.092511013215859,1.092511013215859
8694,225184,225184,1.092511013215859,1.092511013215859
8695,225184,225184,1.092511013215859,1.092511013215859
8696,225184,225184,1.092511013215859,1.092511013215859
8697,225184,225184,1.092511013215859,1.092511013215859
8698,225184,225184,1.092511013215859,1.092511013215859
8699,225184,225184,1.092511013215859,1.092511013215859
8700,225184,225184,1.092511013215859,1.092511013215859
8701,225184,225184,1.092511013215859,1.092511013215859
8702,225184,225184,1.092511013215859,1.092511013215859
8703,225184,225184,1.092511013215859,1.092511013215859
8704,225184,225184,1.092511013215859,1.092511013215859
8705,225184,225184,1.092511013215859,1.092511013215859
8706,225184,225184,1.092511013215859,1.092511013215859
8707,225184,225184,1.092511013215859,1.092511013215859
8708,225184,225184,1.092511013215859,1.092511013215859
8709,225184,225184,1.092511013215859,1.092511013215859
8710,225184,225184,1.092511013215859,1.092511013215859
8711,225184,225184,1.092511013215859,1.092511013215859
8712,225184,225184,1.092511013215859,1.092511013215859
8713,225184,225184,1.092511013215859,1.092511013215859
8714,225184,225184,1.092511013215859,1.092511013215859
8715,225184,225184,1.092511013215859,1.092511013215859
8716,225184,225184,1.092511013215859,1.092511013215859
8717,225184,225184,1.092511013215859,1.092511013215859
8718,225184,225184,1.092511013215859,1.092511013215859
8719,225184,225184,1.092511013215859,1.092511013215859
8720,225184,225184,1.092511013215859,1.092511013215859
8721,225184,225184,1.092511013215859,1.092511013215859
8722,225184,225184,1.092511013215859,1.092511013215859
8723,225184,225184,1.092511013215859,1.092511013215859
8724,225184,225184,1.092511013215859,1.092511013215859
8725,225184,225184,1.092511013215859,1.092511013215859
8726,225184,225184,1.092511013215859,1.092511013215859
8727,225184,225184,1.092511013215859,1.092511013215859
8728,225184,225184,1.092511013215859,1.092511013215859
8729,225184,225184,1.092511013215859,1.092511013215859
8730,225184,225184,1.092511013215859,1.092511013215859
8731,225184,225184,1.092511013215859,1.092511013215859
8732,225184,225184,1.092511013215859,1.092511013215859
8733,225184,225184,1.092511013215859,1.092511013215859
8734,225184,225184,1.092511013215859,1.092511013215859
8735,225184,225184,1.092511013215859,1.092511013215859
8736,225184,225184,1.092511013215859,1.092511013215859
8737,225184,225184,1.092511013215859,1.092511013215859
8738,225184,225184,1.092511013215859,1.092511013215859
8739,225184,225184,1.092511013215859,1.092511013215859
8740,225184,225184,1.092511013215859,1.092511013215859
8741,225184,225184,1.092511013215859,1.092511013215859
8742,225184,225184,1.092511013215859,1.092511013215859
8743,225184,225184,1.092511013215859,1.092511013215859
8744,225184,225184,1.092511013215859,1.092511013215859
8745,225184,225184,1.092511013215859,1.092511013215859
8746,225184,225184,1.092511013215859,1.092511013215859
8747,225184,225184,1.092511013215859,1.092511013215859
8748,225184,225184,1.092511013215859,1.092511013215859
8749,225184,225184,1.092511013215859,1.092511013215859
8750,225184,225184,1.092511013215859,1.092511013215859
8751,225184,225184,1.092511013215859,1.092511013215859
8752,225184,225184,1.092511013215859,1.092511013215859
8753,225184,225184,1.092511013215859,1.092511013215859
8754,225184,225184,1.092511013215859,1.092511013215859
8755,225184,225184,1.092511013215859,1.092511013215859
8756,225184,225184,1.092511013215859,1.092511013215859
8757,225184,225184,1.092511013215859,1.092511013215859
8758,225184,225184,1.092511013215859,1.092511013215859
8759,225184,225184,1.092511013215859,1.092511013215859
8760,225184,225184,1.092511013215859,1.092511013215859
8761,225184,225184,1.092511013215859,1.092511013215859
8762,225184,225184,1.092511013215859,1.092511013215859
8763,225184,225184,1.092511013215859,1.092511013215859
8764,225184,225184,1.092511013215859,1.092511013215859
8765,225184,225184,1.092511013215859,1.092511013215859
8766,225184,225184,1.092511013215859,1.092511013215859
8767,225184,225184,1.092511013215859,1.092511013215859
8768,225184,225184,1.092511013215859,1.092511013215859
8769,225184,225184,1.092511013215859,1.092511013215859
8770,225184,225184,1.092511013215859,1.092511013215859
8771,225184,225184,1.092511013215859,1.092511013215859
8772,225184,225184,1.092511013215859,1.092511013215859
8773,225184,225184,1.092511013215859,1.092511013215859
8774,225184,225184,1.092511013215859,1.092511013215859
8775,225184,225184,1.092511013215859,1.092511013215859
8776,225184,225184,1.092511013215859,1.092511013215859
8777,225184,225184,1.092511013215859,1.092511013215859
8778,225184,225184,1.092511013215859,1.092511013215859
8779,225184,225184,1.092511013215859,1.092511013215859
8780,225184,225184,1.092511013215859,1.092511013215859
8781,225184,225184,1.092511013215859,1.092511013215859
8782,225184,225184,1.092511013215859,1.092511013215859
8783,225184,225184,1.092511013215859,1.092511013215859
8784,225184,225184,1.092511013215859,1.092511013215859
8785,225184,225184,1.092511013215859,1.092511013215859
8786,225184,225184,1.092511013215859,1.092511013215859
8787,225184,225184,1.092511013215859,1.092511013215859
8788,225184,225184,1.092511013215859,1.092511013215859
8789,225184,225184,1.092511013215859,1.092511013215859
8790,225184,225184,1.092511013215859,1.092511013215859
8791,225184,225184,1.092511013215859,1.092511013215859
8792,225184,225184,1.092511013215859,1.092511013215859
8793,225184,225184,1.092511013215859,1.092511013215859
8794,225184,225184,1.092511013215859,1.092511013215859
8795,225184,225184,1.092511013215859,1.092511013215859
8796,225184,225184,1.092511013215859,1.092511013215859
8797,225184,225184,1.092511013215859,1.092511013215859
8798,225184,225184,1.092511013215859,1.092511013215859
8799,225184,225184,1.092511013215859,1.092511013215859
8800,225184,225184,1.092511013215859,1.092511013215859
8801,225184,225184,1.092511013215859,1.092511013215859
8802,225184,225184,1.092511013215859,1.092511013215859
8803,225184,225184,1.092511013215859,1.092511013215859
8804,225184,225184,1.092511013215859,1.092511013215859
8805,225184,225184,1.092511013215859,1.092511013215859
8806,225184,225184,1.092511013215859,1.092511013215859
8807,225184,225184,1.092511013215859,1.092511013215859
8808,225184,225184,1.092511013215859,1.092511013215859
8809,225184,225184,1.092511013215859,1.092511013215859
8810,225184,225184,1.092511013215859,1.092511013215859
8811,225184,225184,1.092511013215859,1.092511013215859
8812,225184,225184,1.092511013215859,1.092511013215859
8813,225184,225184,1.092511013215859,1.092511013215859
8814,225184,225184,1.092511013215859,1.092511013215859
8815,225184,225184,1.092511013215859,1.092511013215859
8816,225184,225184,1.092511013215859,1.092511013215859
8817,225184,225184,1.092511013215859,1.092511013215859
8818,225184,225184,1.092511013215859,1.092511013215859
8819,225184,225184,1.092511013215859,1.092511013215859
8820,225184,225184,1.092511013215859,1.092511013215859
8821,225184,225184,1.092511013215859,1.092511013215859
8822,225184,225184,1.092511013215859,1.092511013215859
8823,225184,225184,1.092511013215859,1.092511013215859
8824,225184,225184,1.092511013215859,1.092511013215859
8825,225184,225184,1.092511013215859,1.092511013215859
8826,225184,225184,1.092511013215859,1.092511013215859
8827,225184,225184,1.092511013215859,1.092511013215859
8828,225184,225184,1.092511013215859,1.092511013215859
8829,225184,225184,1.092511013215859,1.092511013215859
8830,225184,225184,1.092511013215859,1.092511013215859
8831,225184,225184,1.092511013215859,1.092511013215859
8832,225184,225184,1.092511013215859,1.092511013215859
8833,225184,225184,1.092511013215859,1.092511013215859
8834,225184,225184,1.092511013215859,1.092511013215859
8835,225184,225184,1.092511013215859,1.092511013215859
8836,225184,225184,1.092511013215859,1.092511013215859
8837,225184,225184,1.092511013215859,1.092511013215859
8838,225184,225184,1.092511013215859,1.092511013215859
8839,225184,225184,1.092511013215859,1.092511013215859
8840,225184,225184,1.092511013215859,1.092511013215859
8841,225184,225184,1.092511013215859,1.092511013215859
8842,225184,225184,1.092511013215859,1.092511013215859
8843,225184,225184,1.092511013215859,1.092511013215859
8844,225184,225184,1.092511013215859,1.092511013215859
8845,225184,225184,1.092511013215859,1.092511013215859
8846,225184,225184,1.092511013215859,1.092511013215859
8847,225184,225184,1.092511013215859,1.092511013215859
8848,225184,225184,1.092511013215859,1.092511013215859
8849,225184,225184,1.092511013215859,1.092511013215859
8850,225184,225184,1.092511013215859,1.092511013215859
8851,225184,225184,1.092511013215859,1.092511013215859
8852,225184,225184,1.092511013215859,1.092511013215859
8853,225184,225184,1.092511013215859,1.092511013215859
8854,225184,225184,1.092511013215859,1.092511013215859
8855,225184,225184,1.092511013215859,1.092511013215859
8856,225184,225184,1.092511013215859,1.092511013215859
8857,225184,225184,1.092511013215859,1.092511013215859
8858,225184,225184,1.092511013215859,1.092511013215859
8859,225184,225184,1.092511013215859,1.092511013215859
8860,225184,225184,1.092511013215859,1.092511013215859
8861,225184,225184,1.092511013215859,1.092511013215859
8862,225184,225184,1.092511013215859,1.092511013215859
8863,225184,225184,1.092511013215859,1.092511013215859
8864,225184,225184,1.092511013215859,1.092511013215859
8865,225184,225184,1.092511013215859,1.092511013215859
8866,225184,225184,1.092511013215859,1.092511013215859
8867,225184,225184,1.092511013215859,1.092511013215859
8868,225184,225184,1.092511013215859,1.092511013215859
8869,225184,225184,1.092511013215859,1.092511013215859
8870,225184,225184,1.092511013215859,1.092511013215859
8871,225184,225184,1.092511013215859,1.092511013215859
8872,225184,225184,1.092511013215859,1.092511013215859
8873,225184,225184,1.092511013215859,1.092511013215859
8874,225184,225184,1.092511013215859,1.092511013215859
8875,225184,225184,1.092511013215859,1.092511013215859
8876,225184,225184,1.092511013215859,1.092511013215859
8877,225184,225184,1.092511013215859,1.092511013215859
8878,225184,225184,1.092511013215859,1.092511013215859
8879,225184,225184,1.092511013215859,1.092511013215859
8880,225184,225184,1.092511013215859,1.092511013215859
8881,225184,225184,1.092511013215859,1.092511013215859
8882,225184,225184,1.092511013215859,1.092511013215859
8883,225184,225184,1.092511013215859,1.092511013215859
8884,225184,225184,1.092511013215859,1.092511013215859
8885,225184,225184,1.092511013215859,1.092511013215859
8886,225184,225184,1.092511013215859,1.092511013215859
8887,225184,225184,1.092511013215859,1.092511013215859
8888,225184,225184,1.092511013215859,1.092511013215859
8889,225184,225184,1.092511013215859,1.092511013215859
8890,225184,225184,1.092511013215859,1.092511013215859
8891,225184,225184,1.092511013215859,1.092511013215859
8892,225184,225184,1.092511013215859,1.092511013215859
8893,225184,225184,1.092511013215859,1.092511013215859
8894,225184,225184,1.092511013215859,1.092511013215859
8895,225184,225184,1.092511013215859,1.092511013215859
8896,225184,225184,1.092511013215859,1.092511013215859
8897,225184,225184,1.092511013215859,1.092511013215859
8898,225184,225184,1.092511013215859,1.092511013215859
8899,225184,225184,1.092511013215859,1.092511013215859
8900,225184,225184,1.092511013215859,1.092511013215859
8901,225184,225184,1.092511013215859,1.092511013215859
8902,225184,225184,1.092511013215859,1.092511013215859
8903,225184,225184,1.092511013215859,1.092511013215859
8904,225184,225184,1.092511013215859,1.092511013215859
8905,225184,225184,1.092511013215859,1.092511013215859
8906,225184,225184,1.092511013215859,1.092511013215859
8907,225184,225184,1.092511013215859,1.092511013215859
8908,225184,225184,1.092511013215859,1.092511013215859
8909,225184,225184,1.092511013215859,1.092511013215859
8910,225184,225184,1.092511013215859,1.092511013215859
8911,225184,225184,1.092511013215859,1.092511013215859
8912,225184,225184,1.092511013215859,1.092511013215859
8913,225184,225184,1.092511013215859,1.092511013215859
8914,225184,225184,1.092511013215859,1.092511013215859
8915,225184,225184,1.092511013215859,1.092511013215859
8916,225184,225184,1.092511013215859,1.092511013215859
8917,225184,225184,1.092511013215859,1.092511013215859
8918,225184,225184,1.092511013215859,1.092511013215859
8919,225184,225184,1.092511013215859,1.092511013215859
8920,225184,225184,1.092511013215859,1.092511013215859
8921,225184,225184,1.092511013215859,1.092511013215859
8922,225184,225184,1.092511013215859,1.092511013215859
8923,225184,225184,1.092511013215859,1.092511013215859
8924,225184,225184,1.092511013215859,1.092511013215859
8925,225184,225184,1.092511013215859,1.092511013215859
8926,225184,225184,1.092511013215859,1.092511013215859
8927,225184,225184,1.092511013215859,1.092511013215859
8928,225184,225184,1.092511013215859,1.092511013215859
8929,225184,225184,1.092511013215859,1.092511013215859
8930,225184,225184,1.092511013215859,1.092511013215859
8931,225184,225184,1.092511013215859,1.092511013215859
8932,225184,225184,1.092511013215859,1.092511013215859
8933,225184,225184,1.092511013215859,1.092511013215859
8934,225184,225184,1.092511013215859,1.092511013215859
8935,225184,225184,1.092511013215859,1.092511013215859
8936,225184,225184,1.092511013215859,1.092511013215859
8937,225184,225184,1.092511013215859,1.092511013215859
8938,225184,225184,1.092511013215859,1.092511013215859
8939,225184,225184,1.092511013215859,1.092511013215859
8940,225184,225184,1.092511013215859,1.092511013215859
8941,225184,225184,1.092511013215859,1.092511013215859
8942,225184,225184,1.092511013215859,1.092511013215859
8943,225184,225184,1.092511013215859,1.092511013215859
8944,225184,225184,1.092511013215859,1.092511013215859
8945,225184,225184,1.092511013215859,1.092511013215859
8946,225184,225184,1.092511013215859,1.092511013215859
8947,225184,225184,1.092511013215859,1.092511013215859
8948,225184,225184,1.092511013215859,1.092511013215859
8949,225184,225184,1.092511013215859,1.092511013215859
8950,225184,225184,1.092511013215859,1.092511013215859
8951,225184,225184,1.092511013215859,1.092511013215859
8952,225184,225184,1.092511013215859,1.092511013215859
8953,225184,225184,1.092511013215859,1.092511013215859
8954,225184,225184,1.092511013215859,1.092511013215859
8955,225184,225184,1.092511013215859,1.092511013215859
8956,225184,225184,1.092511013215859,1.092511013215859
8957,225184,225184,1.092511013215859,1.092511013215859
8958,225184,225184,1.092511013215859,1.092511013215859
8959,225184,225184,1.092511013215859,1.092511013215859
8960,225184,225184,1.092511013215859,1.092511013215859
8961,225184,225184,1.092511013215859,1.092511013215859
8962,225184,225184,1.092511013215859,1.092511013215859
8963,225184,225184,1.092511013215859,1.092511013215859
8964,225184,225184,1.092511013215859,1.092511013215859
8965,225184,225184,1.092511013215859,1.092511013215859
8966,225184,225184,1.092511013215859,1.092511013215859
8967,225184,225184,1.092511013215859,1.092511013215859
8968,225184,225184,1.092511013215859,1.092511013215859
8969,225184,225184,1.092511013215859,1.092511013215859
8970,225184,225184,1.092511013215859,1.092511013215859
8971,225184,225184,1.092511013215859,1.092511013215859
8972,225184,225184,1.092511013215859,1.092511013215859
8973,225184,225184,1.092511013215859,1.092511013215859
8974,225184,225184,1.092511013215859,1.092511013215859
8975,225184,225184,1.092511013215859,1.092511013215859
8976,225184,225184,1.092511013215859,1.092511013215859
8977,225184,225184,1.092511013215859,1.092511013215859
8978,225184,225184,1.092511013215859,1.092511013215859
8979,225184,225184,1.092511013215859,1.092511013215859
8980,225184,225184,1.092511013215859,1.092511013215859
8981,225184,225184,1.092511013215859,1.092511013215859
8982,225184,225184,1.092511013215859,1.092511013215859
8983,225184,225184,1.092511013215859,1.092511013215859
8984,225184,225184,1.092511013215859,1.092511013215859
8985,225184,225184,1.092511013215859,1.092511013215859
8986,225184,225184,1.092511013215859,1.092511013215859
8987,225184,225184,1.092511013215859,1.092511013215859
8988,225184,225184,1.092511013215859,1.092511013215859
8989,225184,225184,1.092511013215859,1.092511013215859
8990,225184,225184,1.092511013215859,1.092511013215859
8991,225184,225184,1.092511013215859,1.092511013215859
8992,225184,225184,1.092511013215859,1.092511013215859
8993,225184,225184,1.092511013215859,1.092511013215859
8994,225184,225184,1.092511013215859,1.092511013215859
8995,225184,225184,1.092511013215859,1.092511013215859
8996,225184,225184,1.092511013215859,1.092511013215859
8997,225184,225184,1.092511013215859,1.092511013215859
8998,225184,225184,1.092511013215859,1.092511013215859
8999,225184,225184,1.092511013215859,1.092511013215859
9000,225184,225184,1.092511013215859,1.092511013215859
9001,225184,225184,1.092511013215859,1.092511013215859
9002,225184,225184,1.092511013215859,1.092511013215859
9003,225184,225184,1.092511013215859,1.092511013215859
9004,225184,225184,1.092511013215859,1.092511013215859
9005,225184,225184,1.092511013215859,1.092511013215859
9006,225184,225184,1.092511013215859,1.092511013215859
9007,225184,225184,1.092511013215859,1.092511013215859
9008,225184,225184,1.092511013215859,1.092511013215859
9009,225184,225184,1.092511013215859,1.092511013215859
9010,225184,225184,1.092511013215859,1.092511013215859
9011,225184,225184,1.092511013215859,1.092511013215859
9012,225184,225184,1.092511013215859,1.092511013215859
9013,225184,225184,1.092511013215859,1.092511013215859
9014,225184,225184,1.092511013215859,1.092511013215859
9015,225184,225184,1.092511013215859,1.092511013215859
9016,225184,225184,1.092511013215859,1.092511013215859
9017,225184,225184,1.092511013215859,1.092511013215859
9018,225184,225184,1.092511013215859,1.092511013215859
9019,225184,225184,1.092511013215859,1.092511013215859
9020,225184,225184,1.092511013215859,1.092511013215859
9021,225184,225184,1.092511013215859,1.092511013215859
9022,225184,225184,1.092511013215859,1.092511013215859
9023,225184,225184,1.092511013215859,1.092511013215859
9024,225184,225184,1.092511013215859,1.092511013215859
9025,225184,225184,1.092511013215859,1.092511013215859
9026,225184,225184,1.092511013215859,1.092511013215859
9027,225184,225184,1.092511013215859,1.092511013215859
9028,225184,225184,1.092511013215859,1.092511013215859
9029,225184,225184,1.092511013215859,1.092511013215859
9030,225184,225184,1.092511013215859,1.092511013215859
9031,225184,225184,1.092511013215859,1.092511013215859
9032,225184,225184,1.092511013215859,1.092511013215859
9033,225184,225184,1.092511013215859,1.092511013215859
9034,225184,225184,1.092511013215859,1.092511013215859
9035,225184,225184,1.092511013215859,1.092511013215859
9036,225184,225184,1.092511013215859,1.092511013215859
9037,225184,225184,1.092511013215859,1.092511013215859
9038,225184,225184,1.092511013215859,1.092511013215859
9039,225184,225184,1.092511013215859,1.092511013215859
9040,225184,225184,1.092511013215859,1.092511013215859
9041,225184,225184,1.092511013215859,1.092511013215859
9042,225184,225184,1.092511013215859,1.092511013215859
9043,225184,225184,1.092511013215859,1.092511013215859
9044,225184,225184,1.092511013215859,1.092511013215859
9045,225184,225184,1.092511013215859,1.092511013215859
9046,225184,225184,1.092511013215859,1.092511013215859
9047,225184,225184,1.092511013215859,1.092511013215859
9048,225184,225184,1.092511013215859,1.092511013215859
9049,225184,225184,1.092511013215859,1.092511013215859
9050,225184,225184,1.092511013215859,1.092511013215859
9051,225184,225184,1.092511013215859,1.092511013215859
9052,225184,225184,1.092511013215859,1.092511013215859
9053,225184,225184,1.092511013215859,1.092511013215859
9054,225184,225184,1.092511013215859,1.092511013215859
9055,225184,225184,1.092511013215859,1.092511013215859
9056,225184,225184,1.092511013215859,1.092511013215859
9057,225184,225184,1.092511013215859,1.092511013215859
9058,225184,225184,1.092511013215859,1.092511013215859
9059,225184,225184,1.092511013215859,1.092511013215859
9060,225184,225184,1.092511013215859,1.092511013215859
9061,225184,225184,1.092511013215859,1.092511013215859
9062,225184,225184,1.092511013215859,1.092511013215859
9063,225184,225184,1.092511013215859,1.092511013215859
9064,225184,225184,1.092511013215859,1.092511013215859
9065,225184,225184,1.092511013215859,1.092511013215859
9066,225184,225184,1.092511013215859,1.092511013215859
9067,225184,225184,1.092511013215859,1.092511013215859
9068,225184,225184,1.092511013215859,1.092511013215859
9069,225184,225184,1.092511013215859,1.092511013215859
9070,225184,225184,1.092511013215859,1.092511013215859
9071,225184,225184,1.092511013215859,1.092511013215859
9072,225184,225184,1.092511013215859,1.092511013215859
9073,225184,225184,1.092511013215859,1.092511013215859
9074,225184,225184,1.092511013215859,1.092511013215859
9075,225184,225184,1.092511013215859,1.092511013215859
9076,225184,225184,1.092511013215859,1.092511013215859
9077,225184,225184,1.092511013215859,1.092511013215859
9078,225184,225184,1.092511013215859,1.092511013215859
9079,225184,225184,1.092511013215859,1.092511013215859
9080,225184,225184,1.092511013215859,1.092511013215859
9081,225184,225184,1.092511013215859,1.092511013215859
9082,225184,225184,1.092511013215859,1.092511013215859
9083,225184,225184,1.092511013215859,1.092511013215859
9084,225184,225184,1.092511013215859,1.092511013215859
9085,225184,225184,1.092511013215859,1.092511013215859
9086,225184,225184,1.092511013215859,1.092511013215859
9087,225184,225184,1.092511013215859,1.092511013215859
9088,225184,225184,1.092511013215859,1.092511013215859
9089,225184,225184,1.092511013215859,1.092511013215859
9090,225184,225184,1.092511013215859,1.092511013215859
9091,225184,225184,1.092511013215859,1.092511013215859
9092,225184,225184,1.092511013215859,1.092511013215859
9093,225184,225184,1.092511013215859,1.092511013215859
9094,225184,225184,1.092511013215859,1.092511013215859
9095,225184,225184,1.092511013215859,1.092511013215859
9096,225184,225184,1.092511013215859,1.092511013215859
9097,225184,225184,1.092511013215859,1.092511013215859
9098,225184,225184,1.092511013215859,1.092511013215859
9099,225184,225184,1.092511013215859,1.092511013215859
9100,225184,225184,1.092511013215859,1.092511013215859
9101,225184,225184,1.092511013215859,1.092511013215859
9102,225184,225184,1.092511013215859,1.092511013215859
9103,225184,225184,1.092511013215859,1.092511013215859
9104,225184,225184,1.092511013215859,1.092511013215859
9105,225184,225184,1.092511013215859,1.092511013215859
9106,225184,225184,1.092511013215859,1.092511013215859
9107,225184,225184,1.092511013215859,1.092511013215859
9108,225184,225184,1.092511013215859,1.092511013215859
9109,225184,225184,1.092511013215859,1.092511013215859
9110,225184,225184,1.092511013215859,1.092511013215859
9111,225184,225184,1.092511013215859,1.092511013215859
9112,225184,225184,1.092511013215859,1.092511013215859
9113,225184,225184,1.092511013215859,1.092511013215859
9114,225184,225184,1.092511013215859,1.092511013215859
9115,225184,225184,1.092511013215859,1.092511013215859
9116,225184,225184,1.092511013215859,1.092511013215859
9117,225184,225184,1.092511013215859,1.092511013215859
9118,225184,225184,1.092511013215859,1.092511013215859
9119,225184,225184,1.092511013215859,1.092511013215859
9120,225184,225184,1.092511013215859,1.092511013215859
9121,225184,225184,1.092511013215859,1.092511013215859
9122,225184,225184,1.092511013215859,1.092511013215859
9123,225184,225184,1.092511013215859,1.092511013215859
9124,225184,225184,1.092511013215859,1.092511013215859
9125,225184,225184,1.092511013215859,1.092511013215859
9126,225184,225184,1.092511013215859,1.092511013215859
9127,225184,225184,1.092511013215859,1.092511013215859
9128,225184,225184,1.092511013215859,1.092511013215859
9129,225184,225184,1.092511013215859,1.092511013215859
9130,225184,225184,1.092511013215859,1.092511013215859
9131,225184,225184,1.092511013215859,1.092511013215859
9132,225184,225184,1.092511013215859,1.092511013215859
9133,225184,225184,1.092511013215859,1.092511013215859
9134,225184,225184,1.092511013215859,1.092511013215859
9135,225184,225184,1.092511013215859,1.092511013215859
9136,225184,225184,1.092511013215859,1.092511013215859
9137,225184,225184,1.092511013215859,1.092511013215859
9138,225184,225184,1.092511013215859,1.092511013215859
9139,225184,225184,1.092511013215859,1.092511013215859
9140,225184,225184,1.092511013215859,1.092511013215859
9141,225184,225184,1.092511013215859,1.092511013215859
9142,225184,225184,1.092511013215859,1.092511013215859
9143,225184,225184,1.092511013215859,1.092511013215859
9144,225184,225184,1.092511013215859,1.092511013215859
9145,225184,225184,1.092511013215859,1.092511013215859
9146,225184,225184,1.092511013215859,1.092511013215859
9147,225184,225184,1.092511013215859,1.092511013215859
9148,225184,225184,1.092511013215859,1.092511013215859
9149,225184,225184,1.092511013215859,1.092511013215859
9150,225184,225184,1.092511013215859,1.092511013215859
9151,225184,225184,1.092511013215859,1.092511013215859
9152,225184,225184,1.092511013215859,1.092511013215859
9153,225184,225184,1.092511013215859,1.092511013215859
9154,225184,225184,1.092511013215859,1.092511013215859
9155,225184,225184,1.092511013215859,1.092511013215859
9156,225184,225184,1.092511013215859,1.092511013215859
9157,225184,225184,1.092511013215859,1.092511013215859
9158,225184,225184,1.092511013215859,1.092511013215859
9159,225184,225184,1.092511013215859,1.092511013215859
9160,225184,225184,1.092511013215859,1.092511013215859
9161,225184,225184,1.092511013215859,1.092511013215859
9162,225184,225184,1.092511013215859,1.092511013215859
9163,225184,225184,1.092511013215859,1.092511013215859
9164,225184,225184,1.092511013215859,1.092511013215859
9165,225184,225184,1.092511013215859,1.092511013215859
9166,225184,225184,1.092511013215859,1.092511013215859
9167,225184,225184,1.092511013215859,1.092511013215859
9168,225184,225184,1.092511013215859,1.092511013215859
9169,225184,225184,1.092511013215859,1.092511013215859
9170,225184,225184,1.092511013215859,1.092511013215859
9171,225184,225184,1.092511013215859,1.092511013215859
9172,225184,225184,1.092511013215859,1.092511013215859
9173,225184,225184,1.092511013215859,1.092511013215859
9174,225184,225184,1.092511013215859,1.092511013215859
9175,225184,225184,1.092511013215859,1.092511013215859
9176,225184,225184,1.092511013215859,1.092511013215859
9177,225184,225184,1.092511013215859,1.092511013215859
9178,225184,225184,1.092511013215859,1.092511013215859
9179,225184,225184,1.092511013215859,1.092511013215859
9180,225184,225184,1.092511013215859,1.092511013215859
9181,225184,225184,1.092511013215859,1.092511013215859
9182,225184,225184,1.092511013215859,1.092511013215859
9183,225184,225184,1.092511013215859,1.092511013215859
9184,225184,225184,1.092511013215859,1.092511013215859
9185,225184,225184,1.092511013215859,1.092511013215859
9186,225184,225184,1.092511013215859,1.092511013215859
9187,225184,225184,1.092511013215859,1.092511013215859
9188,225184,225184,1.092511013215859,1.092511013215859
9189,225184,225184,1.092511013215859,1.092511013215859
9190,225184,225184,1.092511013215859,1.092511013215859
9191,225184,225184,1.092511013215859,1.092511013215859
9192,225184,225184,1.092511013215859,1.092511013215859
9193,225184,225184,1.092511013215859,1.092511013215859
9194,225184,225184,1.092511013215859,1.092511013215859
9195,225184,225184,1.092511013215859,1.092511013215859
9196,225184,225184,1.092511013215859,1.092511013215859
9197,225184,225184,1.092511013215859,1.092511013215859
9198,225184,225184,1.092511013215859,1.092511013215859
9199,225184,225184,1.092511013215859,1.092511013215859
9200,225184,225184,1.092511013215859,1.092511013215859
9201,225184,225184,1.092511013215859,1.092511013215859
9202,225184,225184,1.092511013215859,1.092511013215859
9203,225184,225184,1.092511013215859,1.092511013215859
9204,225184,225184,1.092511013215859,1.092511013215859
9205,225184,225184,1.092511013215859,1.092511013215859
9206,225184,225184,1.092511013215859,1.092511013215859
9207,225184,225184,1.092511013215859,1.092511013215859
9208,225184,225184,1.092511013215859,1.092511013215859
9209,225184,225184,1.092511013215859,1.092511013215859
9210,225184,225184,1.092511013215859,1.092511013215859
9211,225184,225184,1.092511013215859,1.092511013215859
9212,225184,225184,1.092511013215859,1.092511013215859
9213,225184,225184,1.092511013215859,1.092511013215859
9214,225184,225184,1.092511013215859,1.092511013215859
9215,225184,225184,1.092511013215859,1.092511013215859
9216,225184,225184,1.092511013215859,1.092511013215859
9217,225184,225184,1.092511013215859,1.092511013215859
9218,225184,225184,1.092511013215859,1.092511013215859
9219,225184,225184,1.092511013215859,1.092511013215859
9220,225184,225184,1.092511013215859,1.092511013215859
9221,225184,225184,1.092511013215859,1.092511013215859
9222,225184,225184,1.092511013215859,1.092511013215859
9223,225184,225184,1.092511013215859,1.092511013215859
9224,225184,225184,1.092511013215859,1.092511013215859
9225,225184,225184,1.092511013215859,1.092511013215859
9226,225184,225184,1.092511013215859,1.092511013215859
9227,225184,225184,1.092511013215859,1.092511013215859
9228,225184,225184,1.092511013215859,1.092511013215859
9229,225184,225184,1.092511013215859,1.092511013215859
9230,225184,225184,1.092511013215859,1.092511013215859
9231,225184,225184,1.092511013215859,1.092511013215859
9232,225184,225184,1.092511013215859,1.092511013215859
9233,225184,225184,1.092511013215859,1.092511013215859
9234,225184,225184,1.092511013215859,1.092511013215859
9235,225184,225184,1.092511013215859,1.092511013215859
9236,225184,225184,1.092511013215859,1.092511013215859
9237,225184,225184,1.092511013215859,1.092511013215859
9238,225184,225184,1.092511013215859,1.092511013215859
9239,225184,225184,1.092511013215859,1.092511013215859
9240,225184,225184,1.092511013215859,1.092511013215859
9241,225184,225184,1.092511013215859,1.092511013215859
9242,225184,225184,1.092511013215859,1.092511013215859
9243,225184,225184,1.092511013215859,1.092511013215859
9244,225184,225184,1.092511013215859,1.092511013215859
9245,225184,225184,1.092511013215859,1.092511013215859
9246,225184,225184,1.092511013215859,1.092511013215859
9247,225184,225184,1.092511013215859,1.092511013215859
9248,225184,225184,1.092511013215859,1.092511013215859
9249,225184,225184,1.092511013215859,1.092511013215859
9250,225184,225184,1.092511013215859,1.092511013215859
9251,225184,225184,1.092511013215859,1.092511013215859
9252,225184,225184,1.092511013215859,1.092511013215859
9253,225184,225184,1.092511013215859,1.092511013215859
9254,225184,225184,1.092511013215859,1.092511013215859
9255,225184,225184,1.092511013215859,1.092511013215859
9256,224730,224730,1.0903083700440528,1.0903083700440528
9257,224730,224730,1.0903083700440528,1.0903083700440528
9258,224730,224730,1.0903083700440528,1.0903083700440528
9259,224730,224730,1.0903083700440528,1.0903083700440528
9260,224730,224730,1.0903083700440528,1.0903083700440528
9261,224730,224730,1.0903083700440528,1.0903083700440528
9262,224730,224730,1.0903083700440528,1.0903083700440528
9263,224730,224730,1.0903083700440528,1.0903083700440528
9264,224730,224730,1.0903083700440528,1.0903083700440528
9265,224730,224730,1.0903083700440528,1.0903083700440528
9266,224730,224730,1.0903083700440528,1.0903083700440528
9267,224730,224730,1.0903083700440528,1.0903083700440528
9268,224730,224730,1.0903083700440528,1.0903083700440528
9269,224730,224730,1.0903083700440528,1.0903083700440528
9270,224730,224730,1.0903083700440528,1.0903083700440528
9271,224730,224730,1.0903083700440528,1.0903083700440528
9272,224730,224730,1.0903083700440528,1.0903083700440528
9273,224730,224730,1.0903083700440528,1.0903083700440528
9274,224730,224730,1.0903083700440528,1.0903083700440528
9275,224730,224730,1.0903083700440528,1.0903083700440528
9276,224730,224730,1.0903083700440528,1.0903083700440528
9277,224730,224730,1.0903083700440528,1.0903083700440528
9278,224730,224730,1.0903083700440528,1.0903083700440528
9279,224730,224730,1.0903083700440528,1.0903083700440528
9280,224730,224730,1.0903083700440528,1.0903083700440528
9281,224730,224730,1.0903083700440528,1.0903083700440528
9282,224730,224730,1.0903083700440528,1.0903083700440528
9283,224730,224730,1.0903083700440528,1.0903083700440528
9284,224730,224730,1.0903083700440528,1.0903083700440528
9285,224730,224730,1.0903083700440528,1.0903083700440528
9286,224730,224730,1.0903083700440528,1.0903083700440528
9287,224730,224730,1.0903083700440528,1.0903083700440528
9288,224730,224730,1.0903083700440528,1.0903083700440528
9289,224730,224730,1.0903083700440528,1.0903083700440528
9290,224730,224730,1.0903083700440528,1.0903083700440528
9291,224730,224730,1.0903083700440528,1.0903083700440528
9292,224730,224730,1.0903083700440528,1.0903083700440528
9293,224730,224730,1.0903083700440528,1.0903083700440528
9294,224730,224730,1.0903083700440528,1.0903083700440528
9295,224730,224730,1.0903083700440528,1.0903083700440528
9296,224730,224730,1.0903083700440528,1.0903083700440528
9297,224730,224730,1.0903083700440528,1.0903083700440528
9298,224730,224730,1.0903083700440528,1.0903083700440528
9299,224730,224730,1.0903083700440528,1.0903083700440528
9300,224730,224730,1.0903083700440528,1.0903083700440528
9301,224730,224730,1.0903083700440528,1.0903083700440528
9302,224730,224730,1.0903083700440528,1.0903083700440528
9303,224730,224730,1.0903083700440528,1.0903083700440528
9304,224730,224730,1.0903083700440528,1.0903083700440528
9305,224730,224730,1.0903083700440528,1.0903083700440528
9306,224730,224730,1.0903083700440528,1.0903083700440528
9307,224730,224730,1.0903083700440528,1.0903083700440528
9308,224730,224730,1.0903083700440528,1.0903083700440528
9309,224730,224730,1.0903083700440528,1.0903083700440528
9310,224730,224730,1.0903083700440528,1.0903083700440528
9311,224730,224730,1.0903083700440528,1.0903083700440528
9312,224730,224730,1.0903083700440528,1.0903083700440528
9313,224730,224730,1.0903083700440528,1.0903083700440528
9314,224730,224730,1.0903083700440528,1.0903083700440528
9315,224730,224730,1.0903083700440528,1.0903083700440528
9316,224730,224730,1.0903083700440528,1.0903083700440528
9317,224730,224730,1.0903083700440528,1.0903083700440528
9318,224730,224730,1.0903083700440528,1.0903083700440528
9319,224730,224730,1.0903083700440528,1.0903083700440528
9320,224730,224730,1.0903083700440528,1.0903083700440528
9321,224730,224730,1.0903083700440528,1.0903083700440528
9322,224730,224730,1.0903083700440528,1.0903083700440528
9323,224730,224730,1.0903083700440528,1.0903083700440528
9324,224730,224730,1.0903083700440528,1.0903083700440528
9325,224730,224730,1.0903083700440528,1.0903083700440528
9326,224730,224730,1.0903083700440528,1.0903083700440528
9327,224730,224730,1.0903083700440528,1.0903083700440528
9328,224730,224730,1.0903083700440528,1.0903083700440528
9329,224730,224730,1.0903083700440528,1.0903083700440528
9330,224730,224730,1.0903083700440528,1.0903083700440528
9331,224730,224730,1.0903083700440528,1.0903083700440528
9332,224730,224730,1.0903083700440528,1.0903083700440528
9333,224730,224730,1.0903083700440528,1.0903083700440528
9334,224730,224730,1.0903083700440528,1.0903083700440528
9335,224730,224730,1.0903083700440528,1.0903083700440528
9336,224730,224730,1.0903083700440528,1.0903083700440528
9337,224730,224730,1.0903083700440528,1.0903083700440528
9338,224730,224730,1.0903083700440528,1.0903083700440528
9339,224730,224730,1.0903083700440528,1.0903083700440528
9340,224730,224730,1.0903083700440528,1.0903083700440528
9341,224730,224730,1.0903083700440528,1.0903083700440528
9342,224730,224730,1.0903083700440528,1.0903083700440528
9343,224730,224730,1.0903083700440528,1.0903083700440528
9344,224730,224730,1.0903083700440528,1.0903083700440528
9345,224730,224730,1.0903083700440528,1.0903083700440528
9346,224730,224730,1.0903083700440528,1.0903083700440528
9347,224730,224730,1.0903083700440528,1.0903083700440528
9348,224730,224730,1.0903083700440528,1.0903083700440528
9349,224730,224730,1.0903083700440528,1.0903083700440528
9350,224730,224730,1.0903083700440528,1.0903083700440528
9351,224730,224730,1.0903083700440528,1.0903083700440528
9352,224730,224730,1.0903083700440528,1.0903083700440528
9353,224730,224730,1.0903083700440528,1.0903083700440528
9354,224730,224730,1.0903083700440528,1.0903083700440528
9355,224730,224730,1.0903083700440528,1.0903083700440528
9356,224730,224730,1.0903083700440528,1.0903083700440528
9357,224730,224730,1.0903083700440528,1.0903083700440528
9358,224730,224730,1.0903083700440528,1.0903083700440528
9359,224730,224730,1.0903083700440528,1.0903083700440528
9360,224730,224730,1.0903083700440528,1.0903083700440528
9361,224730,224730,1.0903083700440528,1.0903083700440528
9362,224730,224730,1.0903083700440528,1.0903083700440528
9363,224730,224730,1.0903083700440528,1.0903083700440528
9364,224730,224730,1.0903083700440528,1.0903083700440528
9365,224730,224730,1.0903083700440528,1.0903083700440528
9366,224730,224730,1.0903083700440528,1.0903083700440528
9367,224730,224730,1.0903083700440528,1.0903083700440528
9368,224730,224730,1.0903083700440528,1.0903083700440528
9369,224730,224730,1.0903083700440528,1.0903083700440528
9370,224730,224730,1.0903083700440528,1.0903083700440528
9371,224730,224730,1.0903083700440528,1.0903083700440528
9372,224730,224730,1.0903083700440528,1.0903083700440528
9373,224730,224730,1.0903083700440528,1.0903083700440528
9374,224730,224730,1.0903083700440528,1.0903083700440528
9375,224730,224730,1.0903083700440528,1.0903083700440528
9376,224730,224730,1.0903083700440528,1.0903083700440528
9377,224730,224730,1.0903083700440528,1.0903083700440528
9378,224730,224730,1.0903083700440528,1.0903083700440528
9379,224730,224730,1.0903083700440528,1.0903083700440528
9380,224730,224730,1.0903083700440528,1.0903083700440528
9381,224730,224730,1.0903083700440528,1.0903083700440528
9382,224730,224730,1.0903083700440528,1.0903083700440528
9383,224730,224730,1.0903083700440528,1.0903083700440528
9384,224730,224730,1.0903083700440528,1.0903083700440528
9385,224730,224730,1.0903083700440528,1.0903083700440528
9386,224730,224730,1.0903083700440528,1.0903083700440528
9387,224730,224730,1.0903083700440528,1.0903083700440528
9388,224730,224730,1.0903083700440528,1.0903083700440528
9389,224730,224730,1.0903083700440528,1.0903083700440528
9390,224730,224730,1.0903083700440528,1.0903083700440528
9391,224730,224730,1.0903083700440528,1.0903083700440528
9392,224730,224730,1.0903083700440528,1.0903083700440528
9393,224730,224730,1.0903083700440528,1.0903083700440528
9394,224730,224730,1.0903083700440528,1.0903083700440528
9395,224730,224730,1.0903083700440528,1.0903083700440528
9396,224730,224730,1.0903083700440528,1.0903083700440528
9397,224730,224730,1.0903083700440528,1.0903083700440528
9398,224730,224730,1.0903083700440528,1.0903083700440528
9399,224730,224730,1.0903083700440528,1.0903083700440528
9400,224730,224730,1.0903083700440528,1.0903083700440528
9401,224730,224730,1.0903083700440528,1.0903083700440528
9402,224730,224730,1.0903083700440528,1.0903083700440528
9403,224730,224730,1.0903083700440528,1.0903083700440528
9404,224730,224730,1.0903083700440528,1.0903083700440528
9405,224730,224730,1.0903083700440528,1.0903083700440528
9406,224730,224730,1.0903083700440528,1.0903083700440528
9407,224730,224730,1.0903083700440528,1.0903083700440528
9408,224730,224730,1.0903083700440528,1.0903083700440528
9409,224730,224730,1.0903083700440528,1.0903083700440528
9410,224730,224730,1.0903083700440528,1.0903083700440528
9411,224730,224730,1.0903083700440528,1.0903083700440528
9412,224730,224730,1.0903083700440528,1.0903083700440528
9413,224730,224730,1.0903083700440528,1.0903083700440528
9414,224730,224730,1.0903083700440528,1.0903083700440528
9415,224730,224730,1.0903083700440528,1.0903083700440528
9416,224730,224730,1.0903083700440528,1.0903083700440528
9417,224730,224730,1.0903083700440528,1.0903083700440528
9418,224730,224730,1.0903083700440528,1.0903083700440528
9419,224730,224730,1.0903083700440528,1.0903083700440528
9420,224730,224730,1.0903083700440528,1.0903083700440528
9421,222460,222460,1.079295154185022,1.079295154185022
9422,222460,222460,1.079295154185022,1.079295154185022
9423,222460,222460,1.079295154185022,1.079295154185022
9424,222460,222460,1.079295154185022,1.079295154185022
9425,222460,222460,1.079295154185022,1.079295154185022
9426,222460,222460,1.079295154185022,1.079295154185022
9427,222460,222460,1.079295154185022,1.079295154185022
9428,222460,222460,1.079295154185022,1.079295154185022
9429,222460,222460,1.079295154185022,1.079295154185022
9430,222460,222460,1.079295154185022,1.079295154185022
9431,222460,222460,1.079295154185022,1.079295154185022
9432,222460,222460,1.079295154185022,1.079295154185022
9433,222460,222460,1.079295154185022,1.079295154185022
9434,222460,222460,1.079295154185022,1.079295154185022
9435,222460,222460,1.079295154185022,1.079295154185022
9436,222460,222460,1.079295154185022,1.079295154185022
9437,222460,222460,1.079295154185022,1.079295154185022
9438,222460,222460,1.079295154185022,1.079295154185022
9439,222460,222460,1.079295154185022,1.079295154185022
9440,222460,222460,1.079295154185022,1.079295154185022
9441,222460,222460,1.079295154185022,1.079295154185022
9442,222460,222460,1.079295154185022,1.079295154185022
9443,222460,222460,1.079295154185022,1.079295154185022
9444,222460,222460,1.079295154185022,1.079295154185022
9445,222460,222460,1.079295154185022,1.079295154185022
9446,222460,222460,1.079295154185022,1.079295154185022
9447,222460,222460,1.079295154185022,1.079295154185022
9448,222460,222460,1.079295154185022,1.079295154185022
9449,222460,222460,1.079295154185022,1.079295154185022
9450,222460,222460,1.079295154185022,1.079295154185022
9451,222460,222460,1.079295154185022,1.079295154185022
9452,222460,222460,1.079295154185022,1.079295154185022
9453,222460,222460,1.079295154185022,1.079295154185022
9454,222460,222460,1.079295154185022,1.079295154185022
9455,222460,222460,1.079295154185022,1.079295154185022
9456,222460,222460,1.079295154185022,1.079295154185022
9457,222460,222460,1.079295154185022,1.079295154185022
9458,222460,222460,1.079295154185022,1.079295154185022
9459,222460,222460,1.079295154185022,1.079295154185022
9460,222460,222460,1.079295154185022,1.079295154185022
9461,222460,222460,1.079295154185022,1.079295154185022
9462,222460,222460,1.079295154185022,1.079295154185022
9463,222460,222460,1.079295154185022,1.079295154185022
9464,222460,222460,1.079295154185022,1.079295154185022
9465,222460,222460,1.079295154185022,1.079295154185022
9466,222460,222460,1.079295154185022,1.079295154185022
9467,222460,222460,1.079295154185022,1.079295154185022
9468,222460,222460,1.079295154185022,1.079295154185022
9469,222460,222460,1.079295154185022,1.079295154185022
9470,222460,222460,1.079295154185022,1.079295154185022
9471,222460,222460,1.079295154185022,1.079295154185022
9472,222460,222460,1.079295154185022,1.079295154185022
9473,222460,222460,1.079295154185022,1.079295154185022
9474,222460,222460,1.079295154185022,1.079295154185022
9475,222460,222460,1.079295154185022,1.079295154185022
9476,222460,222460,1.079295154185022,1.079295154185022
9477,222460,222460,1.079295154185022,1.079295154185022
9478,222460,222460,1.079295154185022,1.079295154185022
9479,222460,222460,1.079295154185022,1.079295154185022
9480,222460,222460,1.079295154185022,1.079295154185022
9481,222460,222460,1.079295154185022,1.079295154185022
9482,222460,222460,1.079295154185022,1.079295154185022
9483,222460,222460,1.079295154185022,1.079295154185022
9484,222460,222460,1.079295154185022,1.079295154185022
9485,222460,222460,1.079295154185022,1.079295154185022
9486,222460,222460,1.079295154185022,1.079295154185022
9487,222460,222460,1.079295154185022,1.079295154185022
9488,222460,222460,1.079295154185022,1.079295154185022
9489,222460,222460,1.079295154185022,1.079295154185022
9490,222460,222460,1.079295154185022,1.079295154185022
9491,222460,222460,1.079295154185022,1.079295154185022
9492,222460,222460,1.079295154185022,1.079295154185022
9493,222460,222460,1.079295154185022,1.079295154185022
9494,222460,222460,1.079295154185022,1.079295154185022
9495,222460,222460,1.079295154185022,1.079295154185022
9496,222460,222460,1.079295154185022,1.079295154185022
9497,222460,222460,1.079295154185022,1.079295154185022
9498,222460,222460,1.079295154185022,1.079295154185022
9499,222460,222460,1.079295154185022,1.079295154185022
9500,222460,222460,1.079295154185022,1.079295154185022
9501,222460,222460,1.079295154185022,1.079295154185022
9502,222460,222460,1.079295154185022,1.079295154185022
9503,222460,222460,1.079295154185022,1.079295154185022
9504,222460,222460,1.079295154185022,1.079295154185022
9505,222460,222460,1.079295154185022,1.079295154185022
9506,222460,222460,1.079295154185022,1.079295154185022
9507,222460,222460,1.079295154185022,1.079295154185022
9508,222460,222460,1.079295154185022,1.079295154185022
9509,222460,222460,1.079295154185022,1.079295154185022
9510,222460,222460,1.079295154185022,1.079295154185022
9511,222460,222460,1.079295154185022,1.079295154185022
9512,222460,222460,1.079295154185022,1.079295154185022
9513,222460,222460,1.079295154185022,1.079295154185022
9514,222460,222460,1.079295154185022,1.079295154185022
9515,222460,222460,1.079295154185022,1.079295154185022
9516,222460,222460,1.079295154185022,1.079295154185022
9517,222460,222460,1.079295154185022,1.079295154185022
9518,222460,222460,1.079295154185022,1.079295154185022
9519,222460,222460,1.079295154185022,1.079295154185022
9520,222460,222460,1.079295154185022,1.079295154185022
9521,222460,222460,1.079295154185022,1.079295154185022
9522,222460,222460,1.079295154185022,1.079295154185022
9523,222460,222460,1.079295154185022,1.079295154185022
9524,222460,222460,1.079295154185022,1.079295154185022
9525,222460,222460,1.079295154185022,1.079295154185022
9526,222460,222460,1.079295154185022,1.079295154185022
9527,222460,222460,1.079295154185022,1.079295154185022
9528,222460,222460,1.079295154185022,1.079295154185022
9529,222460,222460,1.079295154185022,1.079295154185022
9530,222460,222460,1.079295154185022,1.079295154185022
9531,222460,222460,1.079295154185022,1.079295154185022
9532,222460,222460,1.079295154185022,1.079295154185022
9533,222460,222460,1.079295154185022,1.079295154185022
9534,222460,222460,1.079295154185022,1.079295154185022
9535,222460,222460,1.079295154185022,1.079295154185022
9536,222460,222460,1.079295154185022,1.079295154185022
9537,222460,222460,1.079295154185022,1.079295154185022
9538,222460,222460,1.079295154185022,1.079295154185022
9539,222460,222460,1.079295154185022,1.079295154185022
9540,222460,222460,1.079295154185022,1.079295154185022
9541,222460,222460,1.079295154185022,1.079295154185022
9542,222460,222460,1.079295154185022,1.079295154185022
9543,222460,222460,1.079295154185022,1.079295154185022
9544,222460,222460,1.079295154185022,1.079295154185022
9545,222460,222460,1.079295154185022,1.079295154185022
9546,222460,222460,1.079295154185022,1.079295154185022
9547,222460,222460,1.079295154185022,1.079295154185022
9548,222460,222460,1.079295154185022,1.079295154185022
9549,222460,222460,1.079295154185022,1.079295154185022
9550,222460,222460,1.079295154185022,1.079295154185022
9551,222460,222460,1.079295154185022,1.079295154185022
9552,222460,222460,1.079295154185022,1.079295154185022
9553,222460,222460,1.079295154185022,1.079295154185022
9554,222460,222460,1.079295154185022,1.079295154185022
9555,222460,222460,1.079295154185022,1.079295154185022
9556,222460,222460,1.079295154185022,1.079295154185022
9557,222460,222460,1.079295154185022,1.079295154185022
9558,222460,222460,1.079295154185022,1.079295154185022
9559,222460,222460,1.079295154185022,1.079295154185022
9560,222460,222460,1.079295154185022,1.079295154185022
9561,222460,222460,1.079295154185022,1.079295154185022
9562,222460,222460,1.079295154185022,1.079295154185022
9563,222460,222460,1.079295154185022,1.079295154185022
9564,222460,222460,1.079295154185022,1.079295154185022
9565,222460,222460,1.079295154185022,1.079295154185022
9566,222460,222460,1.079295154185022,1.079295154185022
9567,222460,222460,1.079295154185022,1.079295154185022
9568,222460,222460,1.079295154185022,1.079295154185022
9569,222460,222460,1.079295154185022,1.079295154185022
9570,222460,222460,1.079295154185022,1.079295154185022
9571,222460,222460,1.079295154185022,1.079295154185022
9572,222460,222460,1.079295154185022,1.079295154185022
9573,222460,222460,1.079295154185022,1.079295154185022
9574,222460,222460,1.079295154185022,1.079295154185022
9575,222460,222460,1.079295154185022,1.079295154185022
9576,222460,222460,1.079295154185022,1.079295154185022
9577,222460,222460,1.079295154185022,1.079295154185022
9578,222460,222460,1.079295154185022,1.079295154185022
9579,222460,222460,1.079295154185022,1.079295154185022
9580,222460,222460,1.079295154185022,1.079295154185022
9581,222460,222460,1.079295154185022,1.079295154185022
9582,222460,222460,1.079295154185022,1.079295154185022
9583,222460,222460,1.079295154185022,1.079295154185022
9584,222460,222460,1.079295154185022,1.079295154185022
9585,222460,222460,1.079295154185022,1.079295154185022
9586,222460,222460,1.079295154185022,1.079295154185022
9587,222460,222460,1.079295154185022,1.079295154185022
9588,222460,222460,1.079295154185022,1.079295154185022
9589,222460,222460,1.079295154185022,1.079295154185022
9590,222460,222460,1.079295154185022,1.079295154185022
9591,222460,222460,1.079295154185022,1.079295154185022
9592,222460,222460,1.079295154185022,1.079295154185022
9593,222460,222460,1.079295154185022,1.079295154185022
9594,222460,222460,1.079295154185022,1.079295154185022
9595,222460,222460,1.079295154185022,1.079295154185022
9596,222460,222460,1.079295154185022,1.079295154185022
9597,222460,222460,1.079295154185022,1.079295154185022
9598,222460,222460,1.079295154185022,1.079295154185022
9599,222460,222460,1.079295154185022,1.079295154185022
9600,222460,222460,1.079295154185022,1.079295154185022
9601,222460,222460,1.079295154185022,1.079295154185022
9602,222460,222460,1.079295154185022,1.079295154185022
9603,222460,222460,1.079295154185022,1.079295154185022
9604,222460,222460,1.079295154185022,1.079295154185022
9605,222460,222460,1.079295154185022,1.079295154185022
9606,222460,222460,1.079295154185022,1.079295154185022
9607,222460,222460,1.079295154185022,1.079295154185022
9608,222460,222460,1.079295154185022,1.079295154185022
9609,222460,222460,1.079295154185022,1.079295154185022
9610,222460,222460,1.079295154185022,1.079295154185022
9611,222460,222460,1.079295154185022,1.079295154185022
9612,222460,222460,1.079295154185022,1.079295154185022
9613,222460,222460,1.079295154185022,1.079295154185022
9614,222460,222460,1.079295154185022,1.079295154185022
9615,222460,222460,1.079295154185022,1.079295154185022
9616,222460,222460,1.079295154185022,1.079295154185022
9617,222460,222460,1.079295154185022,1.079295154185022
9618,222460,222460,1.079295154185022,1.079295154185022
9619,222460,222460,1.079295154185022,1.079295154185022
9620,222460,222460,1.079295154185022,1.079295154185022
9621,222460,222460,1.079295154185022,1.079295154185022
9622,222460,222460,1.079295154185022,1.079295154185022
9623,222460,222460,1.079295154185022,1.079295154185022
9624,222460,222460,1.079295154185022,1.079295154185022
9625,222460,222460,1.079295154185022,1.079295154185022
9626,222460,222460,1.079295154185022,1.079295154185022
9627,222460,222460,1.079295154185022,1.079295154185022
9628,222460,222460,1.079295154185022,1.079295154185022
9629,222460,222460,1.079295154185022,1.079295154185022
9630,222460,222460,1.079295154185022,1.079295154185022
9631,222460,222460,1.079295154185022,1.079295154185022
9632,222460,222460,1.079295154185022,1.079295154185022
9633,222460,222460,1.079295154185022,1.079295154185022
9634,222460,222460,1.079295154185022,1.079295154185022
9635,222460,222460,1.079295154185022,1.079295154185022
9636,222460,222460,1.079295154185022,1.079295154185022
9637,222460,222460,1.079295154185022,1.079295154185022
9638,222460,222460,1.079295154185022,1.079295154185022
9639,222460,222460,1.079295154185022,1.079295154185022
9640,222460,222460,1.079295154185022,1.079295154185022
9641,222460,222460,1.079295154185022,1.079295154185022
9642,222460,222460,1.079295154185022,1.079295154185022
9643,222460,222460,1.079295154185022,1.079295154185022
9644,222460,222460,1.079295154185022,1.079295154185022
9645,222460,222460,1.079295154185022,1.079295154185022
9646,222460,222460,1.079295154185022,1.079295154185022
9647,222460,222460,1.079295154185022,1.079295154185022
9648,222460,222460,1.079295154185022,1.079295154185022
9649,222460,222460,1.079295154185022,1.079295154185022
9650,222460,222460,1.079295154185022,1.079295154185022
9651,222460,222460,1.079295154185022,1.079295154185022
9652,222460,222460,1.079295154185022,1.079295154185022
9653,222460,222460,1.079295154185022,1.079295154185022
9654,222460,222460,1.079295154185022,1.079295154185022
9655,222460,222460,1.079295154185022,1.079295154185022
9656,222460,222460,1.079295154185022,1.079295154185022
9657,222460,222460,1.079295154185022,1.079295154185022
9658,222460,222460,1.079295154185022,1.079295154185022
9659,222460,222460,1.079295154185022,1.079295154185022
9660,222460,222460,1.079295154185022,1.079295154185022
9661,222460,222460,1.079295154185022,1.079295154185022
9662,222460,222460,1.079295154185022,1.079295154185022
9663,222460,222460,1.079295154185022,1.079295154185022
9664,222460,222460,1.079295154185022,1.079295154185022
9665,222460,222460,1.079295154185022,1.079295154185022
9666,222460,222460,1.079295154185022,1.079295154185022
9667,222460,222460,1.079295154185022,1.079295154185022
9668,222460,222460,1.079295154185022,1.079295154185022
9669,222460,222460,1.079295154185022,1.079295154185022
9670,222460,222460,1.079295154185022,1.079295154185022
9671,222460,222460,1.079295154185022,1.079295154185022
9672,222460,222460,1.079295154185022,1.079295154185022
9673,222460,222460,1.079295154185022,1.079295154185022
9674,222460,222460,1.079295154185022,1.079295154185022
9675,222460,222460,1.079295154185022,1.079295154185022
9676,222460,222460,1.079295154185022,1.079295154185022
9677,222460,222460,1.079295154185022,1.079295154185022
9678,222460,222460,1.079295154185022,1.079295154185022
9679,222460,222460,1.079295154185022,1.079295154185022
9680,222460,222460,1.079295154185022,1.079295154185022
9681,222460,222460,1.079295154185022,1.079295154185022
9682,222460,222460,1.079295154185022,1.079295154185022
9683,222460,222460,1.079295154185022,1.079295154185022
9684,222460,222460,1.079295154185022,1.079295154185022
9685,222460,222460,1.079295154185022,1.079295154185022
9686,222460,222460,1.079295154185022,1.079295154185022
9687,222460,222460,1.079295154185022,1.079295154185022
9688,222460,222460,1.079295154185022,1.079295154185022
9689,222460,222460,1.079295154185022,1.079295154185022
9690,222460,222460,1.079295154185022,1.079295154185022
9691,222460,222460,1.079295154185022,1.079295154185022
9692,222460,222460,1.079295154185022,1.079295154185022
9693,222460,222460,1.079295154185022,1.079295154185022
9694,222460,222460,1.079295154185022,1.079295154185022
9695,222460,222460,1.079295154185022,1.079295154185022
9696,222460,222460,1.079295154185022,1.079295154185022
9697,222460,222460,1.079295154185022,1.079295154185022
9698,222460,222460,1.079295154185022,1.079295154185022
9699,222460,222460,1.079295154185022,1.079295154185022
9700,222460,222460,1.079295154185022,1.079295154185022
9701,222460,222460,1.079295154185022,1.079295154185022
9702,222460,222460,1.079295154185022,1.079295154185022
9703,222460,222460,1.079295154185022,1.079295154185022
9704,222460,222460,1.079295154185022,1.079295154185022
9705,222460,222460,1.079295154185022,1.079295154185022
9706,222460,222460,1.079295154185022,1.079295154185022
9707,222460,222460,1.079295154185022,1.079295154185022
9708,222460,222460,1.079295154185022,1.079295154185022
9709,222460,222460,1.079295154185022,1.079295154185022
9710,222460,222460,1.079295154185022,1.079295154185022
9711,222460,222460,1.079295154185022,1.079295154185022
9712,222460,222460,1.079295154185022,1.079295154185022
9713,222460,222460,1.079295154185022,1.079295154185022
9714,222460,222460,1.079295154185022,1.079295154185022
9715,222460,222460,1.079295154185022,1.079295154185022
9716,222460,222460,1.079295154185022,1.079295154185022
9717,222460,222460,1.079295154185022,1.079295154185022
9718,222460,222460,1.079295154185022,1.079295154185022
9719,222460,222460,1.079295154185022,1.079295154185022
9720,222460,222460,1.079295154185022,1.079295154185022
9721,222460,222460,1.079295154185022,1.079295154185022
9722,222460,222460,1.079295154185022,1.079295154185022
9723,222460,222460,1.079295154185022,1.079295154185022
9724,222460,222460,1.079295154185022,1.079295154185022
9725,222460,222460,1.079295154185022,1.079295154185022
9726,222460,222460,1.079295154185022,1.079295154185022
9727,222460,222460,1.079295154185022,1.079295154185022
9728,222460,222460,1.079295154185022,1.079295154185022
9729,222460,222460,1.079295154185022,1.079295154185022
9730,222460,222460,1.079295154185022,1.079295154185022
9731,222460,222460,1.079295154185022,1.079295154185022
9732,222460,222460,1.079295154185022,1.079295154185022
9733,222460,222460,1.079295154185022,1.079295154185022
9734,222460,222460,1.079295154185022,1.079295154185022
9735,222460,222460,1.079295154185022,1.079295154185022
9736,222460,222460,1.079295154185022,1.079295154185022
9737,222460,222460,1.079295154185022,1.079295154185022
9738,222460,222460,1.079295154185022,1.079295154185022
9739,222460,222460,1.079295154185022,1.079295154185022
9740,222460,222460,1.079295154185022,1.079295154185022
9741,222460,222460,1.079295154185022,1.079295154185022
9742,222460,222460,1.079295154185022,1.079295154185022
9743,222460,222460,1.079295154185022,1.079295154185022
9744,222460,222460,1.079295154185022,1.079295154185022
9745,222460,222460,1.079295154185022,1.079295154185022
9746,222460,222460,1.079295154185022,1.079295154185022
9747,222460,222460,1.079295154185022,1.079295154185022
9748,222460,222460,1.079295154185022,1.079295154185022
9749,222460,222460,1.079295154185022,1.079295154185022
9750,222460,222460,1.079295154185022,1.079295154185022
9751,222460,222460,1.079295154185022,1.079295154185022
9752,222460,222460,1.079295154185022,1.079295154185022
9753,222460,222460,1.079295154185022,1.079295154185022
9754,222460,222460,1.079295154185022,1.079295154185022
9755,222460,222460,1.079295154185022,1.079295154185022
9756,222460,222460,1.079295154185022,1.079295154185022
9757,222460,222460,1.079295154185022,1.079295154185022
9758,222460,222460,1.079295154185022,1.079295154185022
9759,222460,222460,1.079295154185022,1.079295154185022
9760,222460,222460,1.079295154185022,1.079295154185022
9761,222460,222460,1.079295154185022,1.079295154185022
9762,222460,222460,1.079295154185022,1.079295154185022
9763,222460,222460,1.079295154185022,1.079295154185022
9764,222460,222460,1.079295154185022,1.079295154185022
9765,222460,222460,1.079295154185022,1.079295154185022
9766,222460,222460,1.079295154185022,1.079295154185022
9767,222460,222460,1.079295154185022,1.079295154185022
9768,222460,222460,1.079295154185022,1.079295154185022
9769,222460,222460,1.079295154185022,1.079295154185022
9770,222460,222460,1.079295154185022,1.079295154185022
9771,222460,222460,1.079295154185022,1.079295154185022
9772,222460,222460,1.079295154185022,1.079295154185022
9773,222460,222460,1.079295154185022,1.079295154185022
9774,222460,222460,1.079295154185022,1.079295154185022
9775,222460,222460,1.079295154185022,1.079295154185022
9776,222460,222460,1.079295154185022,1.079295154185022
9777,222460,222460,1.079295154185022,1.079295154185022
9778,222460,222460,1.079295154185022,1.079295154185022
9779,222460,222460,1.079295154185022,1.079295154185022
9780,222460,222460,1.079295154185022,1.079295154185022
9781,222460,222460,1.079295154185022,1.079295154185022
9782,222460,222460,1.079295154185022,1.079295154185022
9783,222460,222460,1.079295154185022,1.079295154185022
9784,222460,222460,1.079295154185022,1.079295154185022
9785,222460,222460,1.079295154185022,1.079295154185022
9786,222460,222460,1.079295154185022,1.079295154185022
9787,222460,222460,1.079295154185022,1.079295154185022
9788,222460,222460,1.079295154185022,1.079295154185022
9789,222460,222460,1.079295154185022,1.079295154185022
9790,222460,222460,1.079295154185022,1.079295154185022
9791,222460,222460,1.079295154185022,1.079295154185022
9792,222460,222460,1.079295154185022,1.079295154185022
9793,222460,222460,1.079295154185022,1.079295154185022
9794,222460,222460,1.079295154185022,1.079295154185022
9795,222460,222460,1.079295154185022,1.079295154185022
9796,222460,222460,1.079295154185022,1.079295154185022
9797,222460,222460,1.079295154185022,1.079295154185022
9798,222460,222460,1.079295154185022,1.079295154185022
9799,222460,222460,1.079295154185022,1.079295154185022
9800,222460,222460,1.079295154185022,1.079295154185022
9801,222460,222460,1.079295154185022,1.079295154185022
9802,222460,222460,1.079295154185022,1.079295154185022
9803,222460,222460,1.079295154185022,1.079295154185022
9804,222460,222460,1.079295154185022,1.079295154185022
9805,222460,222460,1.079295154185022,1.079295154185022
9806,222460,222460,1.079295154185022,1.079295154185022
9807,222460,222460,1.079295154185022,1.079295154185022
9808,222460,222460,1.079295154185022,1.079295154185022
9809,222460,222460,1.079295154185022,1.079295154185022
9810,222460,222460,1.079295154185022,1.079295154185022
9811,222460,222460,1.079295154185022,1.079295154185022
9812,222460,222460,1.079295154185022,1.079295154185022
9813,222460,222460,1.079295154185022,1.079295154185022
9814,222460,222460,1.079295154185022,1.079295154185022
9815,222460,222460,1.079295154185022,1.079295154185022
9816,222460,222460,1.079295154185022,1.079295154185022
9817,222460,222460,1.079295154185022,1.079295154185022
9818,222460,222460,1.079295154185022,1.079295154185022
9819,222460,222460,1.079295154185022,1.079295154185022
9820,222460,222460,1.079295154185022,1.079295154185022
9821,222460,222460,1.079295154185022,1.079295154185022
9822,222460,222460,1.079295154185022,1.079295154185022
9823,222460,222460,1.079295154185022,1.079295154185022
9824,222460,222460,1.079295154185022,1.079295154185022
9825,222460,222460,1.079295154185022,1.079295154185022
9826,222460,222460,1.079295154185022,1.079295154185022
9827,222460,222460,1.079295154185022,1.079295154185022
9828,222460,222460,1.079295154185022,1.079295154185022
9829,222460,222460,1.079295154185022,1.079295154185022
9830,222460,222460,1.079295154185022,1.079295154185022
9831,222460,222460,1.079295154185022,1.079295154185022
9832,222460,222460,1.079295154185022,1.079295154185022
9833,222460,222460,1.079295154185022,1.079295154185022
9834,222460,222460,1.079295154185022,1.079295154185022
9835,222460,222460,1.079295154185022,1.079295154185022
9836,222460,222460,1.079295154185022,1.079295154185022
9837,222460,222460,1.079295154185022,1.079295154185022
9838,222460,222460,1.079295154185022,1.079295154185022
9839,222460,222460,1.079295154185022,1.079295154185022
9840,222460,222460,1.079295154185022,1.079295154185022
9841,222460,222460,1.079295154185022,1.079295154185022
9842,222460,222460,1.079295154185022,1.079295154185022
9843,222460,222460,1.079295154185022,1.079295154185022
9844,222460,222460,1.079295154185022,1.079295154185022
9845,222460,222460,1.079295154185022,1.079295154185022
9846,222460,222460,1.079295154185022,1.079295154185022
9847,222460,222460,1.079295154185022,1.079295154185022
9848,222460,222460,1.079295154185022,1.079295154185022
9849,222460,222460,1.079295154185022,1.079295154185022
9850,222460,222460,1.079295154185022,1.079295154185022
9851,222460,222460,1.079295154185022,1.079295154185022
9852,222460,222460,1.079295154185022,1.079295154185022
9853,222460,222460,1.079295154185022,1.079295154185022
9854,222460,222460,1.079295154185022,1.079295154185022
9855,222460,222460,1.079295154185022,1.079295154185022
9856,222460,222460,1.079295154185022,1.079295154185022
9857,222460,222460,1.079295154185022,1.079295154185022
9858,222460,222460,1.079295154185022,1.079295154185022
9859,222460,222460,1.079295154185022,1.079295154185022
9860,222460,222460,1.079295154185022,1.079295154185022
9861,222460,222460,1.079295154185022,1.079295154185022
9862,222460,222460,1.079295154185022,1.079295154185022
9863,222460,222460,1.079295154185022,1.079295154185022
9864,222460,222460,1.079295154185022,1.079295154185022
9865,222460,222460,1.079295154185022,1.079295154185022
9866,222460,222460,1.079295154185022,1.079295154185022
9867,222460,222460,1.079295154185022,1.079295154185022
9868,222460,222460,1.079295154185022,1.079295154185022
9869,222460,222460,1.079295154185022,1.079295154185022
9870,222460,222460,1.079295154185022,1.079295154185022
9871,222460,222460,1.079295154185022,1.079295154185022
9872,222460,222460,1.079295154185022,1.079295154185022
9873,222460,222460,1.079295154185022,1.079295154185022
9874,222460,222460,1.079295154185022,1.079295154185022
9875,222460,222460,1.079295154185022,1.079295154185022
9876,222460,222460,1.079295154185022,1.079295154185022
9877,222460,222460,1.079295154185022,1.079295154185022
9878,222460,222460,1.079295154185022,1.079295154185022
9879,222460,222460,1.079295154185022,1.079295154185022
9880,222460,222460,1.079295154185022,1.079295154185022
9881,222460,222460,1.079295154185022,1.079295154185022
9882,222460,222460,1.079295154185022,1.079295154185022
9883,222460,222460,1.079295154185022,1.079295154185022
9884,222460,222460,1.079295154185022,1.079295154185022
9885,222460,222460,1.079295154185022,1.079295154185022
9886,222460,222460,1.079295154185022,1.079295154185022
9887,222460,222460,1.079295154185022,1.079295154185022
9888,222460,222460,1.079295154185022,1.079295154185022
9889,222460,222460,1.079295154185022,1.079295154185022
9890,222460,222460,1.079295154185022,1.079295154185022
9891,222460,222460,1.079295154185022,1.079295154185022
9892,222460,222460,1.079295154185022,1.079295154185022
9893,222460,222460,1.079295154185022,1.079295154185022
9894,222460,222460,1.079295154185022,1.079295154185022
9895,222460,222460,1.079295154185022,1.079295154185022
9896,222460,222460,1.079295154185022,1.079295154185022
9897,222460,222460,1.079295154185022,1.079295154185022
9898,222460,222460,1.079295154185022,1.079295154185022
9899,222460,222460,1.079295154185022,1.079295154185022
9900,222460,222460,1.079295154185022,1.079295154185022
9901,222460,222460,1.079295154185022,1.079295154185022
9902,222460,222460,1.079295154185022,1.079295154185022
9903,222460,222460,1.079295154185022,1.079295154185022
9904,222460,222460,1.079295154185022,1.079295154185022
9905,222460,222460,1.079295154185022,1.079295154185022
9906,222460,222460,1.079295154185022,1.079295154185022
9907,222460,222460,1.079295154185022,1.079295154185022
9908,222460,222460,1.079295154185022,1.079295154185022
9909,222460,222460,1.079295154185022,1.079295154185022
9910,222460,222460,1.079295154185022,1.079295154185022
9911,222460,222460,1.079295154185022,1.079295154185022
9912,222460,222460,1.079295154185022,1.079295154185022
9913,222460,222460,1.079295154185022,1.079295154185022
9914,222460,222460,1.079295154185022,1.079295154185022
9915,222460,222460,1.079295154185022,1.079295154185022
9916,222460,222460,1.079295154185022,1.079295154185022
9917,222460,222460,1.079295154185022,1.079295154185022
9918,222460,222460,1.079295154185022,1.079295154185022
9919,222460,222460,1.079295154185022,1.079295154185022
9920,222460,222460,1.079295154185022,1.079295154185022
9921,222460,222460,1.079295154185022,1.079295154185022
9922,222460,222460,1.079295154185022,1.079295154185022
9923,222460,222460,1.079295154185022,1.079295154185022
9924,222460,222460,1.079295154185022,1.079295154185022
9925,222460,222460,1.079295154185022,1.079295154185022
9926,222460,222460,1.079295154185022,1.079295154185022
9927,222460,222460,1.079295154185022,1.079295154185022
9928,222460,222460,1.079295154185022,1.079295154185022
9929,222460,222460,1.079295154185022,1.079295154185022
9930,222460,222460,1.079295154185022,1.079295154185022
9931,222460,222460,1.079295154185022,1.079295154185022
9932,222460,222460,1.079295154185022,1.079295154185022
9933,222460,222460,1.079295154185022,1.079295154185022
9934,222460,222460,1.079295154185022,1.079295154185022
9935,222460,222460,1.079295154185022,1.079295154185022
9936,222460,222460,1.079295154185022,1.079295154185022
9937,222460,222460,1.079295154185022,1.079295154185022
9938,222460,222460,1.079295154185022,1.079295154185022
9939,222460,222460,1.079295154185022,1.079295154185022
9940,222460,222460,1.079295154185022,1.079295154185022
9941,222460,222460,1.079295154185022,1.079295154185022
9942,222460,222460,1.079295154185022,1.079295154185022
9943,222460,222460,1.079295154185022,1.079295154185022
9944,222460,222460,1.079295154185022,1.079295154185022
9945,222460,222460,1.079295154185022,1.079295154185022
9946,222460,222460,1.079295154185022,1.079295154185022
9947,222460,222460,1.079295154185022,1.079295154185022
9948,222460,222460,1.079295154185022,1.079295154185022
9949,222460,222460,1.079295154185022,1.079295154185022
9950,222460,222460,1.079295154185022,1.079295154185022
9951,222460,222460,1.079295154185022,1.079295154185022
9952,222460,222460,1.079295154185022,1.079295154185022
9953,222460,222460,1.079295154185022,1.079295154185022
9954,222460,222460,1.079295154185022,1.079295154185022
9955,222460,222460,1.079295154185022,1.079295154185022
9956,222460,222460,1.079295154185022,1.079295154185022
9957,222460,222460,1.079295154185022,1.079295154185022
9958,222006,222006,1.077092511013216,1.077092511013216
9959,222006,222006,1.077092511013216,1.077092511013216
9960,222006,222006,1.077092511013216,1.077092511013216
9961,222006,222006,1.077092511013216,1.077092511013216
9962,222006,222006,1.077092511013216,1.077092511013216
9963,222006,222006,1.077092511013216,1.077092511013216
9964,222006,222006,1.077092511013216,1.077092511013216
9965,222006,222006,1.077092511013216,1.077092511013216
9966,222006,222006,1.077092511013216,1.077092511013216
9967,222006,222006,1.077092511013216,1.077092511013216
9968,222006,222006,1.077092511013216,1.077092511013216
9969,222006,222006,1.077092511013216,1.077092511013216
9970,222006,222006,1.077092511013216,1.077092511013216
9971,222006,222006,1.077092511013216,1.077092511013216
9972,222006,222006,1.077092511013216,1.077092511013216
9973,222006,222006,1.077092511013216,1.077092511013216
9974,222006,222006,1.077092511013216,1.077092511013216
9975,222006,222006,1.077092511013216,1.077092511013216
9976,222006,222006,1.077092511013216,1.077092511013216
9977,222006,222006,1.077092511013216,1.077092511013216
9978,222006,222006,1.077092511013216,1.077092511013216
9979,222006,222006,1.077092511013216,1.077092511013216
9980,222006,222006,1.077092511013216,1.077092511013216
9981,222006,222006,1.077092511013216,1.077092511013216
9982,222006,222006,1.077092511013216,1.077092511013216
9983,222006,222006,1.077092511013216,1.077092511013216
9984,222006,222006,1.077092511013216,1.077092511013216
9985,222006,222006,1.077092511013216,1.077092511013216
9986,222006,222006,1.077092511013216,1.077092511013216
9987,222006,222006,1.077092511013216,1.077092511013216
9988,222006,222006,1.077092511013216,1.077092511013216
9989,222006,222006,1.077092511013216,1.077092511013216
9990,222006,222006,1.077092511013216,1.077092511013216
9991,222006,222006,1.077092511013216,1.077092511013216
9992,222006,222006,1.077092511013216,1.077092511013216
9993,222006,222006,1.077092511013216,1.077092511013216
9994,222006,222006,1.077092511013216,1.077092511013216
9995,222006,222006,1.077092511013216,1.077092511013216
9996,222006,222006,1.077092511013216,1.077092511013216
9997,222006,222006,1.077092511013216,1.077092511013216
9998,222006,222006,1.077092511013216,1.077092511013216
9999,222006,222006,1.077092511013216,1.077092511013216
10000,222006,222006,1.077092511013216,1.077092511013216
10001,222006,222006,1.077092511013216,1.077092511013216
10002,222006,222006,1.077092511013216,1.077092511013216
10003,222006,222006,1.077092511013216,1.077092511013216
10004,222006,222006,1.077092511013216,1.077092511013216
10005,222006,222006,1.077092511013216,1.077092511013216
10006,222006,222006,1.077092511013216,1.077092511013216
10007,222006,222006,1.077092511013216,1.077092511013216
10008,222006,222006,1.077092511013216,1.077092511013216
10009,222006,222006,1.077092511013216,1.077092511013216
10010,222006,222006,1.077092511013216,1.077092511013216
10011,222006,222006,1.077092511013216,1.077092511013216
10012,222006,222006,1.077092511013216,1.077092511013216
10013,222006,222006,1.077092511013216,1.077092511013216
10014,222006,222006,1.077092511013216,1.077092511013216
10015,222006,222006,1.077092511013216,1.077092511013216
10016,222006,222006,1.077092511013216,1.077092511013216
10017,222006,222006,1.077092511013216,1.077092511013216
10018,222006,222006,1.077092511013216,1.077092511013216
10019,222006,222006,1.077092511013216,1.077092511013216
10020,222006,222006,1.077092511013216,1.077092511013216
10021,222006,222006,1.077092511013216,1.077092511013216
10022,222006,222006,1.077092511013216,1.077092511013216
10023,222006,222006,1.077092511013216,1.077092511013216
10024,222006,222006,1.077092511013216,1.077092511013216
10025,222006,222006,1.077092511013216,1.077092511013216
10026,222006,222006,1.077092511013216,1.077092511013216
10027,222006,222006,1.077092511013216,1.077092511013216
10028,222006,222006,1.077092511013216,1.077092511013216
10029,222006,222006,1.077092511013216,1.077092511013216
10030,222006,222006,1.077092511013216,1.077092511013216
10031,222006,222006,1.077092511013216,1.077092511013216
10032,222006,222006,1.077092511013216,1.077092511013216
10033,222006,222006,1.077092511013216,1.077092511013216
10034,222006,222006,1.077092511013216,1.077092511013216
10035,222006,222006,1.077092511013216,1.077092511013216
10036,222006,222006,1.077092511013216,1.077092511013216
10037,222006,222006,1.077092511013216,1.077092511013216
10038,222006,222006,1.077092511013216,1.077092511013216
10039,222006,222006,1.077092511013216,1.077092511013216
10040,222006,222006,1.077092511013216,1.077092511013216
10041,222006,222006,1.077092511013216,1.077092511013216
10042,222006,222006,1.077092511013216,1.077092511013216
10043,222006,222006,1.077092511013216,1.077092511013216
10044,222006,222006,1.077092511013216,1.077092511013216
10045,221552,221552,1.0748898678414096,1.0748898678414096
10046,221552,221552,1.0748898678414096,1.0748898678414096
10047,221552,221552,1.0748898678414096,1.0748898678414096
10048,221552,221552,1.0748898678414096,1.0748898678414096
10049,221552,221552,1.0748898678414096,1.0748898678414096
10050,221552,221552,1.0748898678414096,1.0748898678414096
10051,221552,221552,1.0748898678414096,1.0748898678414096
10052,221552,221552,1.0748898678414096,1.0748898678414096
10053,221552,221552,1.0748898678414096,1.0748898678414096
10054,221552,221552,1.0748898678414096,1.0748898678414096
10055,221552,221552,1.0748898678414096,1.0748898678414096
10056,221552,221552,1.0748898678414096,1.0748898678414096
10057,221552,221552,1.0748898678414096,1.0748898678414096
10058,221552,221552,1.0748898678414096,1.0748898678414096
10059,221552,221552,1.0748898678414096,1.0748898678414096
10060,221552,221552,1.0748898678414096,1.0748898678414096
10061,221552,221552,1.0748898678414096,1.0748898678414096
10062,221552,221552,1.0748898678414096,1.0748898678414096
10063,221552,221552,1.0748898678414096,1.0748898678414096
10064,221552,221552,1.0748898678414096,1.0748898678414096
10065,221552,221552,1.0748898678414096,1.0748898678414096
10066,221552,221552,1.0748898678414096,1.0748898678414096
10067,221552,221552,1.0748898678414096,1.0748898678414096
10068,221552,221552,1.0748898678414096,1.0748898678414096
10069,221552,221552,1.0748898678414096,1.0748898678414096
10070,221552,221552,1.0748898678414096,1.0748898678414096
10071,221552,221552,1.0748898678414096,1.0748898678414096
10072,221552,221552,1.0748898678414096,1.0748898678414096
10073,221552,221552,1.0748898678414096,1.0748898678414096
10074,221552,221552,1.0748898678414096,1.0748898678414096
10075,221552,221552,1.0748898678414096,1.0748898678414096
10076,221552,221552,1.0748898678414096,1.0748898678414096
10077,221552,221552,1.0748898678414096,1.0748898678414096
10078,221552,221552,1.0748898678414096,1.0748898678414096
10079,221552,221552,1.0748898678414096,1.0748898678414096
10080,221552,221552,1.0748898678414096,1.0748898678414096
10081,221552,221552,1.0748898678414096,1.0748898678414096
10082,221552,221552,1.0748898678414096,1.0748898678414096
10083,221552,221552,1.0748898678414096,1.0748898678414096
10084,221552,221552,1.0748898678414096,1.0748898678414096
10085,221552,221552,1.0748898678414096,1.0748898678414096
10086,221552,221552,1.0748898678414096,1.0748898678414096
10087,221552,221552,1.0748898678414096,1.0748898678414096
10088,221552,221552,1.0748898678414096,1.0748898678414096
10089,221552,221552,1.0748898678414096,1.0748898678414096
10090,221552,221552,1.0748898678414096,1.0748898678414096
10091,221552,221552,1.0748898678414096,1.0748898678414096
10092,221552,221552,1.0748898678414096,1.0748898678414096
10093,221552,221552,1.0748898678414096,1.0748898678414096
10094,221552,221552,1.0748898678414096,1.0748898678414096
10095,221552,221552,1.0748898678414096,1.0748898678414096
10096,221552,221552,1.0748898678414096,1.0748898678414096
10097,221552,221552,1.0748898678414096,1.0748898678414096
10098,221552,221552,1.0748898678414096,1.0748898678414096
10099,221552,221552,1.0748898678414096,1.0748898678414096
10100,221552,221552,1.0748898678414096,1.0748898678414096
10101,221552,221552,1.0748898678414096,1.0748898678414096
10102,221552,221552,1.0748898678414096,1.0748898678414096
10103,221552,221552,1.0748898678414096,1.0748898678414096
10104,221552,221552,1.0748898678414096,1.0748898678414096
10105,221552,221552,1.0748898678414096,1.0748898678414096
10106,221552,221552,1.0748898678414096,1.0748898678414096
10107,221552,221552,1.0748898678414096,1.0748898678414096
10108,221552,221552,1.0748898678414096,1.0748898678414096
10109,221552,221552,1.0748898678414096,1.0748898678414096
10110,221552,221552,1.0748898678414096,1.0748898678414096
10111,221552,221552,1.0748898678414096,1.0748898678414096
10112,221552,221552,1.0748898678414096,1.0748898678414096
10113,221552,221552,1.0748898678414096,1.0748898678414096
10114,221552,221552,1.0748898678414096,1.0748898678414096
10115,221552,221552,1.0748898678414096,1.0748898678414096
10116,221552,221552,1.0748898678414096,1.0748898678414096
10117,221552,221552,1.0748898678414096,1.0748898678414096
10118,221552,221552,1.0748898678414096,1.0748898678414096
10119,221552,221552,1.0748898678414096,1.0748898678414096
10120,221552,221552,1.0748898678414096,1.0748898678414096
10121,221552,221552,1.0748898678414096,1.0748898678414096
10122,221552,221552,1.0748898678414096,1.0748898678414096
10123,221552,221552,1.0748898678414096,1.0748898678414096
10124,221552,221552,1.0748898678414096,1.0748898678414096
10125,221552,221552,1.0748898678414096,1.0748898678414096
10126,221552,221552,1.0748898678414096,1.0748898678414096
10127,221552,221552,1.0748898678414096,1.0748898678414096
10128,221552,221552,1.0748898678414096,1.0748898678414096
10129,221552,221552,1.0748898678414096,1.0748898678414096
10130,221552,221552,1.0748898678414096,1.0748898678414096
10131,221552,221552,1.0748898678414096,1.0748898678414096
10132,221552,221552,1.0748898678414096,1.0748898678414096
10133,221552,221552,1.0748898678414096,1.0748898678414096
10134,221552,221552,1.0748898678414096,1.0748898678414096
10135,221552,221552,1.0748898678414096,1.0748898678414096
10136,221552,221552,1.0748898678414096,1.0748898678414096
10137,221552,221552,1.0748898678414096,1.0748898678414096
10138,221552,221552,1.0748898678414096,1.0748898678414096
10139,221552,221552,1.0748898678414096,1.0748898678414096
10140,221552,221552,1.0748898678414096,1.0748898678414096
10141,221552,221552,1.0748898678414096,1.0748898678414096
10142,221552,221552,1.0748898678414096,1.0748898678414096
10143,221552,221552,1.0748898678414096,1.0748898678414096
10144,221552,221552,1.0748898678414096,1.0748898678414096
10145,221552,221552,1.0748898678414096,1.0748898678414096
10146,221552,221552,1.0748898678414096,1.0748898678414096
10147,221552,221552,1.0748898678414096,1.0748898678414096
10148,221552,221552,1.0748898678414096,1.0748898678414096
10149,221552,221552,1.0748898678414096,1.0748898678414096
10150,221552,221552,1.0748898678414096,1.0748898678414096
10151,221552,221552,1.0748898678414096,1.0748898678414096
10152,221552,221552,1.0748898678414096,1.0748898678414096
10153,221552,221552,1.0748898678414096,1.0748898678414096
10154,221552,221552,1.0748898678414096,1.0748898678414096
10155,221552,221552,1.0748898678414096,1.0748898678414096
10156,221552,221552,1.0748898678414096,1.0748898678414096
10157,221552,221552,1.0748898678414096,1.0748898678414096
10158,221552,221552,1.0748898678414096,1.0748898678414096
10159,221552,221552,1.0748898678414096,1.0748898678414096
10160,221552,221552,1.0748898678414096,1.0748898678414096
10161,221552,221552,1.0748898678414096,1.0748898678414096
10162,221552,221552,1.0748898678414096,1.0748898678414096
10163,221552,221552,1.0748898678414096,1.0748898678414096
10164,221552,221552,1.0748898678414096,1.0748898678414096
10165,221552,221552,1.0748898678414096,1.0748898678414096
10166,221552,221552,1.0748898678414096,1.0748898678414096
10167,221552,221552,1.0748898678414096,1.0748898678414096
10168,221552,221552,1.0748898678414096,1.0748898678414096
10169,221552,221552,1.0748898678414096,1.0748898678414096
10170,221552,221552,1.0748898678414096,1.0748898678414096
10171,221552,221552,1.0748898678414096,1.0748898678414096
10172,221552,221552,1.0748898678414096,1.0748898678414096
10173,221552,221552,1.0748898678414096,1.0748898678414096
10174,221552,221552,1.0748898678414096,1.0748898678414096
10175,221552,221552,1.0748898678414096,1.0748898678414096
10176,221552,221552,1.0748898678414096,1.0748898678414096
10177,220611,220611,1.075055187637969,1.075055187637969
10178,220611,220611,1.075055187637969,1.075055187637969
10179,220611,220611,1.075055187637969,1.075055187637969
10180,220611,220611,1.075055187637969,1.075055187637969
10181,220611,220611,1.075055187637969,1.075055187637969
10182,220611,220611,1.075055187637969,1.075055187637969
10183,220611,220611,1.075055187637969,1.075055187637969
10184,220611,220611,1.075055187637969,1.075055187637969
10185,220611,220611,1.075055187637969,1.075055187637969
10186,220611,220611,1.075055187637969,1.075055187637969
10187,220611,220611,1.075055187637969,1.075055187637969
10188,220611,220611,1.075055187637969,1.075055187637969
10189,220611,220611,1.075055187637969,1.075055187637969
10190,220611,220611,1.075055187637969,1.075055187637969
10191,220611,220611,1.075055187637969,1.075055187637969
10192,220611,220611,1.075055187637969,1.075055187637969
10193,220611,220611,1.075055187637969,1.075055187637969
10194,220611,220611,1.075055187637969,1.075055187637969
10195,220611,220611,1.075055187637969,1.075055187637969
10196,220611,220611,1.075055187637969,1.075055187637969
10197,220611,220611,1.075055187637969,1.075055187637969
10198,220611,220611,1.075055187637969,1.075055187637969
10199,220611,220611,1.075055187637969,1.075055187637969
10200,220611,220611,1.075055187637969,1.075055187637969
10201,220611,220611,1.075055187637969,1.075055187637969
10202,220611,220611,1.075055187637969,1.075055187637969
10203,220611,220611,1.075055187637969,1.075055187637969
10204,220611,220611,1.075055187637969,1.075055187637969
10205,220611,220611,1.075055187637969,1.075055187637969
10206,220611,220611,1.075055187637969,1.075055187637969
10207,220611,220611,1.075055187637969,1.075055187637969
10208,220611,220611,1.075055187637969,1.075055187637969
10209,220611,220611,1.075055187637969,1.075055187637969
10210,220611,220611,1.075055187637969,1.075055187637969
10211,220611,220611,1.075055187637969,1.075055187637969
10212,220611,220611,1.075055187637969,1.075055187637969
10213,220611,220611,1.075055187637969,1.075055187637969
10214,220611,220611,1.075055187637969,1.075055187637969
10215,220611,220611,1.075055187637969,1.075055187637969
10216,220611,220611,1.075055187637969,1.075055187637969
10217,220611,220611,1.075055187637969,1.075055187637969
10218,220611,220611,1.075055187637969,1.075055187637969
10219,220611,220611,1.075055187637969,1.075055187637969
10220,220611,220611,1.075055187637969,1.075055187637969
10221,220611,220611,1.075055187637969,1.075055187637969
10222,220611,220611,1.075055187637969,1.075055187637969
10223,220611,220611,1.075055187637969,1.075055187637969
10224,220611,220611,1.075055187637969,1.075055187637969
10225,220611,220611,1.075055187637969,1.075055187637969
10226,220611,220611,1.075055187637969,1.075055187637969
10227,220611,220611,1.075055187637969,1.075055187637969
10228,220611,220611,1.075055187637969,1.075055187637969
10229,220611,220611,1.075055187637969,1.075055187637969
10230,220611,220611,1.075055187637969,1.075055187637969
10231,220611,220611,1.075055187637969,1.075055187637969
10232,220611,220611,1.075055187637969,1.075055187637969
10233,220611,220611,1.075055187637969,1.075055187637969
10234,220611,220611,1.075055187637969,1.075055187637969
10235,220611,220611,1.075055187637969,1.075055187637969
10236,220611,220611,1.075055187637969,1.075055187637969
10237,220611,220611,1.075055187637969,1.075055187637969
10238,220611,220611,1.075055187637969,1.075055187637969
10239,220611,220611,1.075055187637969,1.075055187637969
10240,220611,220611,1.075055187637969,1.075055187637969
10241,220611,220611,1.075055187637969,1.075055187637969
10242,220611,220611,1.075055187637969,1.075055187637969
10243,220611,220611,1.075055187637969,1.075055187637969
10244,220611,220611,1.075055187637969,1.075055187637969
10245,220611,220611,1.075055187637969,1.075055187637969
10246,220611,220611,1.075055187637969,1.075055187637969
10247,220611,220611,1.075055187637969,1.075055187637969
10248,220611,220611,1.075055187637969,1.075055187637969
10249,220611,220611,1.075055187637969,1.075055187637969
10250,220611,220611,1.075055187637969,1.075055187637969
10251,220611,220611,1.075055187637969,1.075055187637969
10252,220611,220611,1.075055187637969,1.075055187637969
10253,220611,220611,1.075055187637969,1.075055187637969
10254,220611,220611,1.075055187637969,1.075055187637969
10255,220611,220611,1.075055187637969,1.075055187637969
10256,220611,220611,1.075055187637969,1.075055187637969
10257,220611,220611,1.075055187637969,1.075055187637969
10258,220611,220611,1.075055187637969,1.075055187637969
10259,220611,220611,1.075055187637969,1.075055187637969
10260,220611,220611,1.075055187637969,1.075055187637969
10261,220611,220611,1.075055187637969,1.075055187637969
10262,220611,220611,1.075055187637969,1.075055187637969
10263,220611,220611,1.075055187637969,1.075055187637969
10264,220611,220611,1.075055187637969,1.075055187637969
10265,220611,220611,1.075055187637969,1.075055187637969
10266,220611,220611,1.075055187637969,1.075055187637969
10267,220611,220611,1.075055187637969,1.075055187637969
10268,220611,220611,1.075055187637969,1.075055187637969
10269,220611,220611,1.075055187637969,1.075055187637969
10270,220611,220611,1.075055187637969,1.075055187637969
10271,220611,220611,1.075055187637969,1.075055187637969
10272,220611,220611,1.075055187637969,1.075055187637969
10273,220611,220611,1.075055187637969,1.075055187637969
10274,220611,220611,1.075055187637969,1.075055187637969
10275,220611,220611,1.075055187637969,1.075055187637969
10276,220611,220611,1.075055187637969,1.075055187637969
10277,220611,220611,1.075055187637969,1.075055187637969
10278,220611,220611,1.075055187637969,1.075055187637969
10279,220611,220611,1.075055187637969,1.075055187637969
10280,220611,220611,1.075055187637969,1.075055187637969
10281,220611,220611,1.075055187637969,1.075055187637969
10282,220611,220611,1.075055187637969,1.075055187637969
10283,220611,220611,1.075055187637969,1.075055187637969
10284,220611,220611,1.075055187637969,1.075055187637969
10285,220611,220611,1.075055187637969,1.075055187637969
10286,220611,220611,1.075055187637969,1.075055187637969
10287,220611,220611,1.075055187637969,1.075055187637969
10288,220611,220611,1.075055187637969,1.075055187637969
10289,220611,220611,1.075055187637969,1.075055187637969
10290,220611,220611,1.075055187637969,1.075055187637969
10291,220611,220611,1.075055187637969,1.075055187637969
10292,220611,220611,1.075055187637969,1.075055187637969
10293,220611,220611,1.075055187637969,1.075055187637969
10294,220611,220611,1.075055187637969,1.075055187637969
10295,220611,220611,1.075055187637969,1.075055187637969
10296,220611,220611,1.075055187637969,1.075055187637969
10297,220611,220611,1.075055187637969,1.075055187637969
10298,220611,220611,1.075055187637969,1.075055187637969
10299,220611,220611,1.075055187637969,1.075055187637969
10300,220611,220611,1.075055187637969,1.075055187637969
10301,220611,220611,1.075055187637969,1.075055187637969
10302,220611,220611,1.075055187637969,1.075055187637969
10303,220611,220611,1.075055187637969,1.075055187637969
10304,220611,220611,1.075055187637969,1.075055187637969
10305,220611,220611,1.075055187637969,1.075055187637969
10306,220611,220611,1.075055187637969,1.075055187637969
10307,220611,220611,1.075055187637969,1.075055187637969
10308,220611,220611,1.075055187637969,1.075055187637969
10309,220611,220611,1.075055187637969,1.075055187637969
10310,220611,220611,1.075055187637969,1.075055187637969
10311,220611,220611,1.075055187637969,1.075055187637969
10312,220611,220611,1.075055187637969,1.075055187637969
10313,220611,220611,1.075055187637969,1.075055187637969
10314,220611,220611,1.075055187637969,1.075055187637969
10315,220611,220611,1.075055187637969,1.075055187637969
10316,220611,220611,1.075055187637969,1.075055187637969
10317,220611,220611,1.075055187637969,1.075055187637969
10318,220611,220611,1.075055187637969,1.075055187637969
10319,220611,220611,1.075055187637969,1.075055187637969
10320,220611,220611,1.075055187637969,1.075055187637969
10321,220611,220611,1.075055187637969,1.075055187637969
10322,220611,220611,1.075055187637969,1.075055187637969
10323,220611,220611,1.075055187637969,1.075055187637969
10324,220611,220611,1.075055187637969,1.075055187637969
10325,220611,220611,1.075055187637969,1.075055187637969
10326,220611,220611,1.075055187637969,1.075055187637969
10327,220611,220611,1.075055187637969,1.075055187637969
10328,220611,220611,1.075055187637969,1.075055187637969
10329,220611,220611,1.075055187637969,1.075055187637969
10330,220611,220611,1.075055187637969,1.075055187637969
10331,220611,220611,1.075055187637969,1.075055187637969
10332,220611,220611,1.075055187637969,1.075055187637969
10333,220611,220611,1.075055187637969,1.075055187637969
10334,220611,220611,1.075055187637969,1.075055187637969
10335,220611,220611,1.075055187637969,1.075055187637969
10336,220611,220611,1.075055187637969,1.075055187637969
10337,220611,220611,1.075055187637969,1.075055187637969
10338,220611,220611,1.075055187637969,1.075055187637969
10339,220611,220611,1.075055187637969,1.075055187637969
10340,220611,220611,1.075055187637969,1.075055187637969
10341,220611,220611,1.075055187637969,1.075055187637969
10342,220611,220611,1.075055187637969,1.075055187637969
10343,220611,220611,1.075055187637969,1.075055187637969
10344,220611,220611,1.075055187637969,1.075055187637969
10345,220611,220611,1.075055187637969,1.075055187637969
10346,220611,220611,1.075055187637969,1.075055187637969
10347,220611,220611,1.075055187637969,1.075055187637969
10348,220611,220611,1.075055187637969,1.075055187637969
10349,220611,220611,1.075055187637969,1.075055187637969
10350,220611,220611,1.075055187637969,1.075055187637969
10351,220611,220611,1.075055187637969,1.075055187637969
10352,220611,220611,1.075055187637969,1.075055187637969
10353,220611,220611,1.075055187637969,1.075055187637969
10354,220611,220611,1.075055187637969,1.075055187637969
10355,220611,220611,1.075055187637969,1.075055187637969
10356,220611,220611,1.075055187637969,1.075055187637969
10357,220611,220611,1.075055187637969,1.075055187637969
10358,220611,220611,1.075055187637969,1.075055187637969
10359,220611,220611,1.075055187637969,1.075055187637969
10360,220611,220611,1.075055187637969,1.075055187637969
10361,220611,220611,1.075055187637969,1.075055187637969
10362,220611,220611,1.075055187637969,1.075055187637969
10363,220611,220611,1.075055187637969,1.075055187637969
10364,220611,220611,1.075055187637969,1.075055187637969
10365,220611,220611,1.075055187637969,1.075055187637969
10366,220611,220611,1.075055187637969,1.075055187637969
10367,220611,220611,1.075055187637969,1.075055187637969
10368,220611,220611,1.075055187637969,1.075055187637969
10369,220611,220611,1.075055187637969,1.075055187637969
10370,220611,220611,1.075055187637969,1.075055187637969
10371,220611,220611,1.075055187637969,1.075055187637969
10372,220611,220611,1.075055187637969,1.075055187637969
10373,220611,220611,1.075055187637969,1.075055187637969
10374,220611,220611,1.075055187637969,1.075055187637969
10375,220611,220611,1.075055187637969,1.075055187637969
10376,220611,220611,1.075055187637969,1.075055187637969
10377,220611,220611,1.075055187637969,1.075055187637969
10378,220611,220611,1.075055187637969,1.075055187637969
10379,220611,220611,1.075055187637969,1.075055187637969
10380,220611,220611,1.075055187637969,1.075055187637969
10381,220611,220611,1.075055187637969,1.075055187637969
10382,220611,220611,1.075055187637969,1.075055187637969
10383,220611,220611,1.075055187637969,1.075055187637969
10384,220611,220611,1.075055187637969,1.075055187637969
10385,220611,220611,1.075055187637969,1.075055187637969
10386,220611,220611,1.075055187637969,1.075055187637969
10387,220611,220611,1.075055187637969,1.075055187637969
10388,220611,220611,1.075055187637969,1.075055187637969
10389,220611,220611,1.075055187637969,1.075055187637969
10390,220611,220611,1.075055187637969,1.075055187637969
10391,220611,220611,1.075055187637969,1.075055187637969
10392,220611,220611,1.075055187637969,1.075055187637969
10393,220611,220611,1.075055187637969,1.075055187637969
10394,220611,220611,1.075055187637969,1.075055187637969
10395,220611,220611,1.075055187637969,1.075055187637969
10396,220611,220611,1.075055187637969,1.075055187637969
10397,220611,220611,1.075055187637969,1.075055187637969
10398,220611,220611,1.075055187637969,1.075055187637969
10399,220611,220611,1.075055187637969,1.075055187637969
10400,220611,220611,1.075055187637969,1.075055187637969
10401,220611,220611,1.075055187637969,1.075055187637969
10402,220611,220611,1.075055187637969,1.075055187637969
10403,220611,220611,1.075055187637969,1.075055187637969
10404,220611,220611,1.075055187637969,1.075055187637969
10405,220611,220611,1.075055187637969,1.075055187637969
10406,220611,220611,1.075055187637969,1.075055187637969
10407,220611,220611,1.075055187637969,1.075055187637969
10408,220611,220611,1.075055187637969,1.075055187637969
10409,220611,220611,1.075055187637969,1.075055187637969
10410,220611,220611,1.075055187637969,1.075055187637969
10411,220611,220611,1.075055187637969,1.075055187637969
10412,220611,220611,1.075055187637969,1.075055187637969
10413,220611,220611,1.075055187637969,1.075055187637969
10414,220611,220611,1.075055187637969,1.075055187637969
10415,220611,220611,1.075055187637969,1.075055187637969
10416,220611,220611,1.075055187637969,1.075055187637969
10417,220611,220611,1.075055187637969,1.075055187637969
10418,220611,220611,1.075055187637969,1.075055187637969
10419,220611,220611,1.075055187637969,1.075055187637969
10420,220611,220611,1.075055187637969,1.075055187637969
10421,220611,220611,1.075055187637969,1.075055187637969
10422,220611,220611,1.075055187637969,1.075055187637969
10423,220611,220611,1.075055187637969,1.075055187637969
10424,220611,220611,1.075055187637969,1.075055187637969
10425,220611,220611,1.075055187637969,1.075055187637969
10426,220611,220611,1.075055187637969,1.075055187637969
10427,220611,220611,1.075055187637969,1.075055187637969
10428,220611,220611,1.075055187637969,1.075055187637969
10429,220611,220611,1.075055187637969,1.075055187637969
10430,220611,220611,1.075055187637969,1.075055187637969
10431,220611,220611,1.075055187637969,1.075055187637969
10432,220611,220611,1.075055187637969,1.075055187637969
10433,220611,220611,1.075055187637969,1.075055187637969
10434,220611,220611,1.075055187637969,1.075055187637969
10435,220611,220611,1.075055187637969,1.075055187637969
10436,220611,220611,1.075055187637969,1.075055187637969
10437,220611,220611,1.075055187637969,1.075055187637969
10438,220611,220611,1.075055187637969,1.075055187637969
10439,220611,220611,1.075055187637969,1.075055187637969
10440,220611,220611,1.075055187637969,1.075055187637969
10441,220611,220611,1.075055187637969,1.075055187637969
10442,220611,220611,1.075055187637969,1.075055187637969
10443,220611,220611,1.075055187637969,1.075055187637969
10444,220611,220611,1.075055187637969,1.075055187637969
10445,220611,220611,1.075055187637969,1.075055187637969
10446,220611,220611,1.075055187637969,1.075055187637969
10447,220611,220611,1.075055187637969,1.075055187637969
10448,220611,220611,1.075055187637969,1.075055187637969
10449,220611,220611,1.075055187637969,1.075055187637969
10450,220611,220611,1.075055187637969,1.075055187637969
10451,220611,220611,1.075055187637969,1.075055187637969
10452,220611,220611,1.075055187637969,1.075055187637969
10453,220611,220611,1.075055187637969,1.075055187637969
10454,220611,220611,1.075055187637969,1.075055187637969
10455,220611,220611,1.075055187637969,1.075055187637969
10456,220611,220611,1.075055187637969,1.075055187637969
10457,220611,220611,1.075055187637969,1.075055187637969
10458,220611,220611,1.075055187637969,1.075055187637969
10459,220611,220611,1.075055187637969,1.075055187637969
10460,220611,220611,1.075055187637969,1.075055187637969
10461,220611,220611,1.075055187637969,1.075055187637969
10462,220611,220611,1.075055187637969,1.075055187637969
10463,220611,220611,1.075055187637969,1.075055187637969
10464,220611,220611,1.075055187637969,1.075055187637969
10465,220611,220611,1.075055187637969,1.075055187637969
10466,220611,220611,1.075055187637969,1.075055187637969
10467,220611,220611,1.075055187637969,1.075055187637969
10468,220611,220611,1.075055187637969,1.075055187637969
10469,220611,220611,1.075055187637969,1.075055187637969
10470,220611,220611,1.075055187637969,1.075055187637969
10471,220611,220611,1.075055187637969,1.075055187637969
10472,220611,220611,1.075055187637969,1.075055187637969
10473,220611,220611,1.075055187637969,1.075055187637969
10474,220611,220611,1.075055187637969,1.075055187637969
10475,220611,220611,1.075055187637969,1.075055187637969
10476,220611,220611,1.075055187637969,1.075055187637969
10477,220611,220611,1.075055187637969,1.075055187637969
10478,220611,220611,1.075055187637969,1.075055187637969
10479,220611,220611,1.075055187637969,1.075055187637969
10480,220611,220611,1.075055187637969,1.075055187637969
10481,220611,220611,1.075055187637969,1.075055187637969
10482,220611,220611,1.075055187637969,1.075055187637969
10483,220611,220611,1.075055187637969,1.075055187637969
10484,220611,220611,1.075055187637969,1.075055187637969
10485,220611,220611,1.075055187637969,1.075055187637969
10486,220611,220611,1.075055187637969,1.075055187637969
10487,220611,220611,1.075055187637969,1.075055187637969
10488,220611,220611,1.075055187637969,1.075055187637969
10489,220611,220611,1.075055187637969,1.075055187637969
10490,220611,220611,1.075055187637969,1.075055187637969
10491,220611,220611,1.075055187637969,1.075055187637969
10492,220611,220611,1.075055187637969,1.075055187637969
10493,220611,220611,1.075055187637969,1.075055187637969
10494,220611,220611,1.075055187637969,1.075055187637969
10495,220611,220611,1.075055187637969,1.075055187637969
10496,220611,220611,1.075055187637969,1.075055187637969
10497,220611,220611,1.075055187637969,1.075055187637969
10498,220611,220611,1.075055187637969,1.075055187637969
10499,220611,220611,1.075055187637969,1.075055187637969
10500,220611,220611,1.075055187637969,1.075055187637969
10501,220611,220611,1.075055187637969,1.075055187637969
10502,220611,220611,1.075055187637969,1.075055187637969
10503,220611,220611,1.075055187637969,1.075055187637969
10504,220611,220611,1.075055187637969,1.075055187637969
10505,220611,220611,1.075055187637969,1.075055187637969
10506,220611,220611,1.075055187637969,1.075055187637969
10507,220611,220611,1.075055187637969,1.075055187637969
10508,220611,220611,1.075055187637969,1.075055187637969
10509,220611,220611,1.075055187637969,1.075055187637969
10510,220611,220611,1.075055187637969,1.075055187637969
10511,220611,220611,1.075055187637969,1.075055187637969
10512,220611,220611,1.075055187637969,1.075055187637969
10513,220611,220611,1.075055187637969,1.075055187637969
10514,220611,220611,1.075055187637969,1.075055187637969
10515,220611,220611,1.075055187637969,1.075055187637969
10516,220611,220611,1.075055187637969,1.075055187637969
10517,220611,220611,1.075055187637969,1.075055187637969
10518,220611,220611,1.075055187637969,1.075055187637969
10519,220611,220611,1.075055187637969,1.075055187637969
10520,220611,220611,1.075055187637969,1.075055187637969
10521,220611,220611,1.075055187637969,1.075055187637969
10522,220611,220611,1.075055187637969,1.075055187637969
10523,220611,220611,1.075055187637969,1.075055187637969
10524,220611,220611,1.075055187637969,1.075055187637969
10525,220611,220611,1.075055187637969,1.075055187637969
10526,220611,220611,1.075055187637969,1.075055187637969
10527,220611,220611,1.075055187637969,1.075055187637969
10528,220611,220611,1.075055187637969,1.075055187637969
10529,220611,220611,1.075055187637969,1.075055187637969
10530,220611,220611,1.075055187637969,1.075055187637969
10531,220611,220611,1.075055187637969,1.075055187637969
10532,220611,220611,1.075055187637969,1.075055187637969
10533,220611,220611,1.075055187637969,1.075055187637969
10534,220611,220611,1.075055187637969,1.075055187637969
10535,220611,220611,1.075055187637969,1.075055187637969
10536,220611,220611,1.075055187637969,1.075055187637969
10537,220611,220611,1.075055187637969,1.075055187637969
10538,220611,220611,1.075055187637969,1.075055187637969
10539,220611,220611,1.075055187637969,1.075055187637969
10540,220611,220611,1.075055187637969,1.075055187637969
10541,220611,220611,1.075055187637969,1.075055187637969
10542,220611,220611,1.075055187637969,1.075055187637969
10543,220611,220611,1.075055187637969,1.075055187637969
10544,220611,220611,1.075055187637969,1.075055187637969
10545,220611,220611,1.075055187637969,1.075055187637969
10546,220611,220611,1.075055187637969,1.075055187637969
10547,220611,220611,1.075055187637969,1.075055187637969
10548,220611,220611,1.075055187637969,1.075055187637969
10549,220611,220611,1.075055187637969,1.075055187637969
10550,220611,220611,1.075055187637969,1.075055187637969
10551,220611,220611,1.075055187637969,1.075055187637969
10552,220611,220611,1.075055187637969,1.075055187637969
10553,220611,220611,1.075055187637969,1.075055187637969
10554,220611,220611,1.075055187637969,1.075055187637969
10555,220611,220611,1.075055187637969,1.075055187637969
10556,220611,220611,1.075055187637969,1.075055187637969
10557,220611,220611,1.075055187637969,1.075055187637969
10558,220611,220611,1.075055187637969,1.075055187637969
10559,220611,220611,1.075055187637969,1.075055187637969
10560,220611,220611,1.075055187637969,1.075055187637969
10561,220611,220611,1.075055187637969,1.075055187637969
10562,220611,220611,1.075055187637969,1.075055187637969
10563,220611,220611,1.075055187637969,1.075055187637969
10564,220611,220611,1.075055187637969,1.075055187637969
10565,220611,220611,1.075055187637969,1.075055187637969
10566,220611,220611,1.075055187637969,1.075055187637969
10567,220611,220611,1.075055187637969,1.075055187637969
10568,220611,220611,1.075055187637969,1.075055187637969
10569,220611,220611,1.075055187637969,1.075055187637969
10570,220611,220611,1.075055187637969,1.075055187637969
10571,220611,220611,1.075055187637969,1.075055187637969
10572,220611,220611,1.075055187637969,1.075055187637969
10573,220611,220611,1.075055187637969,1.075055187637969
10574,220611,220611,1.075055187637969,1.075055187637969
10575,220611,220611,1.075055187637969,1.075055187637969
10576,220611,220611,1.075055187637969,1.075055187637969
10577,220611,220611,1.075055187637969,1.075055187637969
10578,220611,220611,1.075055187637969,1.075055187637969
10579,220611,220611,1.075055187637969,1.075055187637969
10580,220611,220611,1.075055187637969,1.075055187637969
10581,220611,220611,1.075055187637969,1.075055187637969
10582,220611,220611,1.075055187637969,1.075055187637969
10583,220611,220611,1.075055187637969,1.075055187637969
10584,220611,220611,1.075055187637969,1.075055187637969
10585,220611,220611,1.075055187637969,1.075055187637969
10586,220611,220611,1.075055187637969,1.075055187637969
10587,220611,220611,1.075055187637969,1.075055187637969
10588,220611,220611,1.075055187637969,1.075055187637969
10589,220611,220611,1.075055187637969,1.075055187637969
10590,220611,220611,1.075055187637969,1.075055187637969
10591,220611,220611,1.075055187637969,1.075055187637969
10592,220611,220611,1.075055187637969,1.075055187637969
10593,220611,220611,1.075055187637969,1.075055187637969
10594,220611,220611,1.075055187637969,1.075055187637969
10595,220611,220611,1.075055187637969,1.075055187637969
10596,220611,220611,1.075055187637969,1.075055187637969
10597,220611,220611,1.075055187637969,1.075055187637969
10598,220611,220611,1.075055187637969,1.075055187637969
10599,220611,220611,1.075055187637969,1.075055187637969
10600,220611,220611,1.075055187637969,1.075055187637969
10601,220611,220611,1.075055187637969,1.075055187637969
10602,220611,220611,1.075055187637969,1.075055187637969
10603,220611,220611,1.075055187637969,1.075055187637969
10604,220611,220611,1.075055187637969,1.075055187637969
10605,220611,220611,1.075055187637969,1.075055187637969
10606,220611,220611,1.075055187637969,1.075055187637969
10607,220611,220611,1.075055187637969,1.075055187637969
10608,220611,220611,1.075055187637969,1.075055187637969
10609,220611,220611,1.075055187637969,1.075055187637969
10610,220611,220611,1.075055187637969,1.075055187637969
10611,220611,220611,1.075055187637969,1.075055187637969
10612,220611,220611,1.075055187637969,1.075055187637969
10613,220611,220611,1.075055187637969,1.075055187637969
10614,220611,220611,1.075055187637969,1.075055187637969
10615,220611,220611,1.075055187637969,1.075055187637969
10616,220611,220611,1.075055187637969,1.075055187637969
10617,220611,220611,1.075055187637969,1.075055187637969
10618,220611,220611,1.075055187637969,1.075055187637969
10619,220611,220611,1.075055187637969,1.075055187637969
10620,220611,220611,1.075055187637969,1.075055187637969
10621,220611,220611,1.075055187637969,1.075055187637969
10622,220611,220611,1.075055187637969,1.075055187637969
10623,220611,220611,1.075055187637969,1.075055187637969
10624,220611,220611,1.075055187637969,1.075055187637969
10625,220611,220611,1.075055187637969,1.075055187637969
10626,220611,220611,1.075055187637969,1.075055187637969
10627,220611,220611,1.075055187637969,1.075055187637969
10628,220611,220611,1.075055187637969,1.075055187637969
10629,220611,220611,1.075055187637969,1.075055187637969
10630,220611,220611,1.075055187637969,1.075055187637969
10631,220611,220611,1.075055187637969,1.075055187637969
10632,220611,220611,1.075055187637969,1.075055187637969
10633,220611,220611,1.075055187637969,1.075055187637969
10634,220611,220611,1.075055187637969,1.075055187637969
10635,220611,220611,1.075055187637969,1.075055187637969
10636,220611,220611,1.075055187637969,1.075055187637969
10637,220611,220611,1.075055187637969,1.075055187637969
10638,220611,220611,1.075055187637969,1.075055187637969
10639,220611,220611,1.075055187637969,1.075055187637969
10640,220611,220611,1.075055187637969,1.075055187637969
10641,220611,220611,1.075055187637969,1.075055187637969
10642,220611,220611,1.075055187637969,1.075055187637969
10643,220611,220611,1.075055187637969,1.075055187637969
10644,220611,220611,1.075055187637969,1.075055187637969
10645,220611,220611,1.075055187637969,1.075055187637969
10646,220611,220611,1.075055187637969,1.075055187637969
10647,220611,220611,1.075055187637969,1.075055187637969
10648,220611,220611,1.075055187637969,1.075055187637969
10649,220611,220611,1.075055187637969,1.075055187637969
10650,220611,220611,1.075055187637969,1.075055187637969
10651,220611,220611,1.075055187637969,1.075055187637969
10652,220611,220611,1.075055187637969,1.075055187637969
10653,220611,220611,1.075055187637969,1.075055187637969
10654,220611,220611,1.075055187637969,1.075055187637969
10655,220611,220611,1.075055187637969,1.075055187637969
10656,220611,220611,1.075055187637969,1.075055187637969
10657,220611,220611,1.075055187637969,1.075055187637969
10658,220611,220611,1.075055187637969,1.075055187637969
10659,220611,220611,1.075055187637969,1.075055187637969
10660,220611,220611,1.075055187637969,1.075055187637969
10661,220611,220611,1.075055187637969,1.075055187637969
10662,220611,220611,1.075055187637969,1.075055187637969
10663,220611,220611,1.075055187637969,1.075055187637969
10664,220611,220611,1.075055187637969,1.075055187637969
10665,220611,220611,1.075055187637969,1.075055187637969
10666,220611,220611,1.075055187637969,1.075055187637969
10667,220611,220611,1.075055187637969,1.075055187637969
10668,220611,220611,1.075055187637969,1.075055187637969
10669,220611,220611,1.075055187637969,1.075055187637969
10670,220611,220611,1.075055187637969,1.075055187637969
10671,220611,220611,1.075055187637969,1.075055187637969
10672,220611,220611,1.075055187637969,1.075055187637969
10673,220611,220611,1.075055187637969,1.075055187637969
10674,220611,220611,1.075055187637969,1.075055187637969
10675,220611,220611,1.075055187637969,1.075055187637969
10676,220611,220611,1.075055187637969,1.075055187637969
10677,220611,220611,1.075055187637969,1.075055187637969
10678,220611,220611,1.075055187637969,1.075055187637969
10679,220611,220611,1.075055187637969,1.075055187637969
10680,220611,220611,1.075055187637969,1.075055187637969
10681,220611,220611,1.075055187637969,1.075055187637969
10682,220611,220611,1.075055187637969,1.075055187637969
10683,220611,220611,1.075055187637969,1.075055187637969
10684,220611,220611,1.075055187637969,1.075055187637969
10685,220611,220611,1.075055187637969,1.075055187637969
10686,220611,220611,1.075055187637969,1.075055187637969
10687,220611,220611,1.075055187637969,1.075055187637969
10688,220611,220611,1.075055187637969,1.075055187637969
10689,220611,220611,1.075055187637969,1.075055187637969
10690,220611,220611,1.075055187637969,1.075055187637969
10691,220611,220611,1.075055187637969,1.075055187637969
10692,220611,220611,1.075055187637969,1.075055187637969
10693,220611,220611,1.075055187637969,1.075055187637969
10694,220611,220611,1.075055187637969,1.075055187637969
10695,220611,220611,1.075055187637969,1.075055187637969
10696,220611,220611,1.075055187637969,1.075055187637969
10697,220611,220611,1.075055187637969,1.075055187637969
10698,220611,220611,1.075055187637969,1.075055187637969
10699,220611,220611,1.075055187637969,1.075055187637969
10700,220611,220611,1.075055187637969,1.075055187637969
10701,220611,220611,1.075055187637969,1.075055187637969
10702,220611,220611,1.075055187637969,1.075055187637969
10703,220611,220611,1.075055187637969,1.075055187637969
10704,220611,220611,1.075055187637969,1.075055187637969
10705,220611,220611,1.075055187637969,1.075055187637969
10706,220611,220611,1.075055187637969,1.075055187637969
10707,220611,220611,1.075055187637969,1.075055187637969
10708,220611,220611,1.075055187637969,1.075055187637969
10709,220611,220611,1.075055187637969,1.075055187637969
10710,220611,220611,1.075055187637969,1.075055187637969
10711,220611,220611,1.075055187637969,1.075055187637969
10712,220611,220611,1.075055187637969,1.075055187637969
10713,220611,220611,1.075055187637969,1.075055187637969
10714,220611,220611,1.075055187637969,1.075055187637969
10715,220611,220611,1.075055187637969,1.075055187637969
10716,220611,220611,1.075055187637969,1.075055187637969
10717,220611,220611,1.075055187637969,1.075055187637969
10718,220611,220611,1.075055187637969,1.075055187637969
10719,220611,220611,1.075055187637969,1.075055187637969
10720,220611,220611,1.075055187637969,1.075055187637969
10721,220611,220611,1.075055187637969,1.075055187637969
10722,220611,220611,1.075055187637969,1.075055187637969
10723,220611,220611,1.075055187637969,1.075055187637969
10724,220611,220611,1.075055187637969,1.075055187637969
10725,220611,220611,1.075055187637969,1.075055187637969
10726,220611,220611,1.075055187637969,1.075055187637969
10727,220611,220611,1.075055187637969,1.075055187637969
10728,220611,220611,1.075055187637969,1.075055187637969
10729,220611,220611,1.075055187637969,1.075055187637969
10730,220611,220611,1.075055187637969,1.075055187637969
10731,220611,220611,1.075055187637969,1.075055187637969
10732,220611,220611,1.075055187637969,1.075055187637969
10733,220611,220611,1.075055187637969,1.075055187637969
10734,220611,220611,1.075055187637969,1.075055187637969
10735,220611,220611,1.075055187637969,1.075055187637969
10736,220611,220611,1.075055187637969,1.075055187637969
10737,220611,220611,1.075055187637969,1.075055187637969
10738,220611,220611,1.075055187637969,1.075055187637969
10739,220611,220611,1.075055187637969,1.075055187637969
10740,220611,220611,1.075055187637969,1.075055187637969
10741,220611,220611,1.075055187637969,1.075055187637969
10742,220611,220611,1.075055187637969,1.075055187637969
10743,220611,220611,1.075055187637969,1.075055187637969
10744,220611,220611,1.075055187637969,1.075055187637969
10745,220611,220611,1.075055187637969,1.075055187637969
10746,220611,220611,1.075055187637969,1.075055187637969
10747,220611,220611,1.075055187637969,1.075055187637969
10748,220611,220611,1.075055187637969,1.075055187637969
10749,220611,220611,1.075055187637969,1.075055187637969
10750,220611,220611,1.075055187637969,1.075055187637969
10751,220611,220611,1.075055187637969,1.075055187637969
10752,220611,220611,1.075055187637969,1.075055187637969
10753,220611,220611,1.075055187637969,1.075055187637969
10754,220611,220611,1.075055187637969,1.075055187637969
10755,220611,220611,1.075055187637969,1.075055187637969
10756,220611,220611,1.075055187637969,1.075055187637969
10757,220611,220611,1.075055187637969,1.075055187637969
10758,220611,220611,1.075055187637969,1.075055187637969
10759,220611,220611,1.075055187637969,1.075055187637969
10760,220611,220611,1.075055187637969,1.075055187637969
10761,220611,220611,1.075055187637969,1.075055187637969
10762,220611,220611,1.075055187637969,1.075055187637969
10763,220611,220611,1.075055187637969,1.075055187637969
10764,220611,220611,1.075055187637969,1.075055187637969
10765,220611,220611,1.075055187637969,1.075055187637969
10766,220611,220611,1.075055187637969,1.075055187637969
10767,220611,220611,1.075055187637969,1.075055187637969
10768,220611,220611,1.075055187637969,1.075055187637969
10769,220611,220611,1.075055187637969,1.075055187637969
10770,220611,220611,1.075055187637969,1.075055187637969
10771,220611,220611,1.075055187637969,1.075055187637969
10772,220611,220611,1.075055187637969,1.075055187637969
10773,220611,220611,1.075055187637969,1.075055187637969
10774,220611,220611,1.075055187637969,1.075055187637969
10775,220611,220611,1.075055187637969,1.075055187637969
10776,220611,220611,1.075055187637969,1.075055187637969
10777,220611,220611,1.075055187637969,1.075055187637969
10778,220611,220611,1.075055187637969,1.075055187637969
10779,220611,220611,1.075055187637969,1.075055187637969
10780,220611,220611,1.075055187637969,1.075055187637969
10781,220611,220611,1.075055187637969,1.075055187637969
10782,220611,220611,1.075055187637969,1.075055187637969
10783,220611,220611,1.075055187637969,1.075055187637969
10784,220611,220611,1.075055187637969,1.075055187637969
10785,220611,220611,1.075055187637969,1.075055187637969
10786,220611,220611,1.075055187637969,1.075055187637969
10787,220611,220611,1.075055187637969,1.075055187637969
10788,220611,220611,1.075055187637969,1.075055187637969
10789,220611,220611,1.075055187637969,1.075055187637969
10790,220611,220611,1.075055187637969,1.075055187637969
10791,220611,220611,1.075055187637969,1.075055187637969
10792,220611,220611,1.075055187637969,1.075055187637969
10793,220611,220611,1.075055187637969,1.075055187637969
10794,220611,220611,1.075055187637969,1.075055187637969
10795,220611,220611,1.075055187637969,1.075055187637969
10796,220611,220611,1.075055187637969,1.075055187637969
10797,220611,220611,1.075055187637969,1.075055187637969
10798,220611,220611,1.075055187637969,1.075055187637969
10799,220611,220611,1.075055187637969,1.075055187637969
10800,220611,220611,1.075055187637969,1.075055187637969
10801,220611,220611,1.075055187637969,1.075055187637969
10802,220611,220611,1.075055187637969,1.075055187637969
10803,220611,220611,1.075055187637969,1.075055187637969
10804,220611,220611,1.075055187637969,1.075055187637969
10805,220611,220611,1.075055187637969,1.075055187637969
10806,220611,220611,1.075055187637969,1.075055187637969
10807,220611,220611,1.075055187637969,1.075055187637969
10808,220611,220611,1.075055187637969,1.075055187637969
10809,220611,220611,1.075055187637969,1.075055187637969
10810,220611,220611,1.075055187637969,1.075055187637969
10811,220611,220611,1.075055187637969,1.075055187637969
10812,220611,220611,1.075055187637969,1.075055187637969
10813,220611,220611,1.075055187637969,1.075055187637969
10814,220611,220611,1.075055187637969,1.075055187637969
10815,220611,220611,1.075055187637969,1.075055187637969
10816,220611,220611,1.075055187637969,1.075055187637969
10817,220611,220611,1.075055187637969,1.075055187637969
10818,220611,220611,1.075055187637969,1.075055187637969
10819,220611,220611,1.075055187637969,1.075055187637969
10820,220611,220611,1.075055187637969,1.075055187637969
10821,220611,220611,1.075055187637969,1.075055187637969
10822,220611,220611,1.075055187637969,1.075055187637969
10823,220611,220611,1.075055187637969,1.075055187637969
10824,220611,220611,1.075055187637969,1.075055187637969
10825,220611,220611,1.075055187637969,1.075055187637969
10826,220611,220611,1.075055187637969,1.075055187637969
10827,220611,220611,1.075055187637969,1.075055187637969
10828,220611,220611,1.075055187637969,1.075055187637969
10829,220611,220611,1.075055187637969,1.075055187637969
10830,220611,220611,1.075055187637969,1.075055187637969
10831,220611,220611,1.075055187637969,1.075055187637969
10832,220611,220611,1.075055187637969,1.075055187637969
10833,220611,220611,1.075055187637969,1.075055187637969
10834,220611,220611,1.075055187637969,1.075055187637969
10835,220611,220611,1.075055187637969,1.075055187637969
10836,220611,220611,1.075055187637969,1.075055187637969
10837,220611,220611,1.075055187637969,1.075055187637969
10838,220611,220611,1.075055187637969,1.075055187637969
10839,220611,220611,1.075055187637969,1.075055187637969
10840,220611,220611,1.075055187637969,1.075055187637969
10841,220611,220611,1.075055187637969,1.075055187637969
10842,220611,220611,1.075055187637969,1.075055187637969
10843,220611,220611,1.075055187637969,1.075055187637969
10844,220611,220611,1.075055187637969,1.075055187637969
10845,220611,220611,1.075055187637969,1.075055187637969
10846,220611,220611,1.075055187637969,1.075055187637969
10847,220611,220611,1.075055187637969,1.075055187637969
10848,220611,220611,1.075055187637969,1.075055187637969
10849,220611,220611,1.075055187637969,1.075055187637969
10850,220611,220611,1.075055187637969,1.075055187637969
10851,220611,220611,1.075055187637969,1.075055187637969
10852,220611,220611,1.075055187637969,1.075055187637969
10853,220611,220611,1.075055187637969,1.075055187637969
10854,220611,220611,1.075055187637969,1.075055187637969
10855,220611,220611,1.075055187637969,1.075055187637969
10856,220611,220611,1.075055187637969,1.075055187637969
10857,220611,220611,1.075055187637969,1.075055187637969
10858,220611,220611,1.075055187637969,1.075055187637969
10859,220611,220611,1.075055187637969,1.075055187637969
10860,220611,220611,1.075055187637969,1.075055187637969
10861,220611,220611,1.075055187637969,1.075055187637969
10862,220611,220611,1.075055187637969,1.075055187637969
10863,220611,220611,1.075055187637969,1.075055187637969
10864,220611,220611,1.075055187637969,1.075055187637969
10865,220611,220611,1.075055187637969,1.075055187637969
10866,220611,220611,1.075055187637969,1.075055187637969
10867,220611,220611,1.075055187637969,1.075055187637969
10868,220611,220611,1.075055187637969,1.075055187637969
10869,220611,220611,1.075055187637969,1.075055187637969
10870,220611,220611,1.075055187637969,1.075055187637969
10871,220611,220611,1.075055187637969,1.075055187637969
10872,220611,220611,1.075055187637969,1.075055187637969
10873,220611,220611,1.075055187637969,1.075055187637969
10874,220611,220611,1.075055187637969,1.075055187637969
10875,220611,220611,1.075055187637969,1.075055187637969
10876,220611,220611,1.075055187637969,1.075055187637969
10877,220611,220611,1.075055187637969,1.075055187637969
10878,220611,220611,1.075055187637969,1.075055187637969
10879,220611,220611,1.075055187637969,1.075055187637969
10880,220611,220611,1.075055187637969,1.075055187637969
10881,220611,220611,1.075055187637969,1.075055187637969
10882,220611,220611,1.075055187637969,1.075055187637969
10883,220611,220611,1.075055187637969,1.075055187637969
10884,220611,220611,1.075055187637969,1.075055187637969
10885,220611,220611,1.075055187637969,1.075055187637969
10886,220611,220611,1.075055187637969,1.075055187637969
10887,220611,220611,1.075055187637969,1.075055187637969
10888,220611,220611,1.075055187637969,1.075055187637969
10889,220611,220611,1.075055187637969,1.075055187637969
10890,220611,220611,1.075055187637969,1.075055187637969
10891,220611,220611,1.075055187637969,1.075055187637969
10892,220611,220611,1.075055187637969,1.075055187637969
10893,220611,220611,1.075055187637969,1.075055187637969
10894,220611,220611,1.075055187637969,1.075055187637969
10895,220611,220611,1.075055187637969,1.075055187637969
10896,220611,220611,1.075055187637969,1.075055187637969
10897,220611,220611,1.075055187637969,1.075055187637969
10898,220611,220611,1.075055187637969,1.075055187637969
10899,220611,220611,1.075055187637969,1.075055187637969
10900,220611,220611,1.075055187637969,1.075055187637969
10901,220611,220611,1.075055187637969,1.075055187637969
10902,220611,220611,1.075055187637969,1.075055187637969
10903,220611,220611,1.075055187637969,1.075055187637969
10904,220611,220611,1.075055187637969,1.075055187637969
10905,220611,220611,1.075055187637969,1.075055187637969
10906,220611,220611,1.075055187637969,1.075055187637969
10907,220611,220611,1.075055187637969,1.075055187637969
10908,220611,220611,1.075055187637969,1.075055187637969
10909,220611,220611,1.075055187637969,1.075055187637969
10910,220611,220611,1.075055187637969,1.075055187637969
10911,220158,220158,1.0728476821192052,1.0728476821192052
10912,220158,220158,1.0728476821192052,1.0728476821192052
10913,220158,220158,1.0728476821192052,1.0728476821192052
10914,220158,220158,1.0728476821192052,1.0728476821192052
10915,220158,220158,1.0728476821192052,1.0728476821192052
10916,220158,220158,1.0728476821192052,1.0728476821192052
10917,220158,220158,1.0728476821192052,1.0728476821192052
10918,220158,220158,1.0728476821192052,1.0728476821192052
10919,220158,220158,1.0728476821192052,1.0728476821192052
10920,220158,220158,1.0728476821192052,1.0728476821192052
10921,220158,220158,1.0728476821192052,1.0728476821192052
10922,220158,220158,1.0728476821192052,1.0728476821192052
10923,220158,220158,1.0728476821192052,1.0728476821192052
10924,220158,220158,1.0728476821192052,1.0728476821192052
10925,220158,220158,1.0728476821192052,1.0728476821192052
10926,220158,220158,1.0728476821192052,1.0728476821192052
10927,220158,220158,1.0728476821192052,1.0728476821192052
10928,220158,220158,1.0728476821192052,1.0728476821192052
10929,220158,220158,1.0728476821192052,1.0728476821192052
10930,220158,220158,1.0728476821192052,1.0728476821192052
10931,220158,220158,1.0728476821192052,1.0728476821192052
10932,220158,220158,1.0728476821192052,1.0728476821192052
10933,220158,220158,1.0728476821192052,1.0728476821192052
10934,220158,220158,1.0728476821192052,1.0728476821192052
10935,220158,220158,1.0728476821192052,1.0728476821192052
10936,220158,220158,1.0728476821192052,1.0728476821192052
10937,220158,220158,1.0728476821192052,1.0728476821192052
10938,220158,220158,1.0728476821192052,1.0728476821192052
10939,220158,220158,1.0728476821192052,1.0728476821192052
10940,220158,220158,1.0728476821192052,1.0728476821192052
10941,220158,220158,1.0728476821192052,1.0728476821192052
10942,220158,220158,1.0728476821192052,1.0728476821192052
10943,220158,220158,1.0728476821192052,1.0728476821192052
10944,220158,220158,1.0728476821192052,1.0728476821192052
10945,220158,220158,1.0728476821192052,1.0728476821192052
10946,220158,220158,1.0728476821192052,1.0728476821192052
10947,220158,220158,1.0728476821192052,1.0728476821192052
10948,220158,220158,1.0728476821192052,1.0728476821192052
10949,220158,220158,1.0728476821192052,1.0728476821192052
10950,220158,220158,1.0728476821192052,1.0728476821192052
10951,220158,220158,1.0728476821192052,1.0728476821192052
10952,220158,220158,1.0728476821192052,1.0728476821192052
10953,220158,220158,1.0728476821192052,1.0728476821192052
10954,220158,220158,1.0728476821192052,1.0728476821192052
10955,220158,220158,1.0728476821192052,1.0728476821192052
10956,220158,220158,1.0728476821192052,1.0728476821192052
10957,220158,220158,1.0728476821192052,1.0728476821192052
10958,220158,220158,1.0728476821192052,1.0728476821192052
10959,220158,220158,1.0728476821192052,1.0728476821192052
10960,220158,220158,1.0728476821192052,1.0728476821192052
10961,220158,220158,1.0728476821192052,1.0728476821192052
10962,220158,220158,1.0728476821192052,1.0728476821192052
10963,220158,220158,1.0728476821192052,1.0728476821192052
10964,220158,220158,1.0728476821192052,1.0728476821192052
10965,220158,220158,1.0728476821192052,1.0728476821192052
10966,220158,220158,1.0728476821192052,1.0728476821192052
10967,220158,220158,1.0728476821192052,1.0728476821192052
10968,220158,220158,1.0728476821192052,1.0728476821192052
10969,220158,220158,1.0728476821192052,1.0728476821192052
10970,220158,220158,1.0728476821192052,1.0728476821192052
10971,220158,220158,1.0728476821192052,1.0728476821192052
10972,220158,220158,1.0728476821192052,1.0728476821192052
10973,220158,220158,1.0728476821192052,1.0728476821192052
10974,220158,220158,1.0728476821192052,1.0728476821192052
10975,220158,220158,1.0728476821192052,1.0728476821192052
10976,220158,220158,1.0728476821192052,1.0728476821192052
10977,220158,220158,1.0728476821192052,1.0728476821192052
10978,220158,220158,1.0728476821192052,1.0728476821192052
10979,220158,220158,1.0728476821192052,1.0728476821192052
10980,220158,220158,1.0728476821192052,1.0728476821192052
10981,220158,220158,1.0728476821192052,1.0728476821192052
10982,220158,220158,1.0728476821192052,1.0728476821192052
10983,220158,220158,1.0728476821192052,1.0728476821192052
10984,220158,220158,1.0728476821192052,1.0728476821192052
10985,220158,220158,1.0728476821192052,1.0728476821192052
10986,220158,220158,1.0728476821192052,1.0728476821192052
10987,220158,220158,1.0728476821192052,1.0728476821192052
10988,220158,220158,1.0728476821192052,1.0728476821192052
10989,220158,220158,1.0728476821192052,1.0728476821192052
10990,220158,220158,1.0728476821192052,1.0728476821192052
10991,220158,220158,1.0728476821192052,1.0728476821192052
10992,220158,220158,1.0728476821192052,1.0728476821192052
10993,220158,220158,1.0728476821192052,1.0728476821192052
10994,220158,220158,1.0728476821192052,1.0728476821192052
10995,220158,220158,1.0728476821192052,1.0728476821192052
10996,220158,220158,1.0728476821192052,1.0728476821192052
10997,220158,220158,1.0728476821192052,1.0728476821192052
10998,220158,220158,1.0728476821192052,1.0728476821192052
10999,220158,220158,1.0728476821192052,1.0728476821192052
11000,220158,220158,1.0728476821192052,1.0728476821192052
11001,220158,220158,1.0728476821192052,1.0728476821192052
11002,220158,220158,1.0728476821192052,1.0728476821192052
11003,220158,220158,1.0728476821192052,1.0728476821192052
11004,220158,220158,1.0728476821192052,1.0728476821192052
11005,220158,220158,1.0728476821192052,1.0728476821192052
11006,220158,220158,1.0728476821192052,1.0728476821192052
11007,220158,220158,1.0728476821192052,1.0728476821192052
11008,220158,220158,1.0728476821192052,1.0728476821192052
11009,220158,220158,1.0728476821192052,1.0728476821192052
11010,220158,220158,1.0728476821192052,1.0728476821192052
11011,220158,220158,1.0728476821192052,1.0728476821192052
11012,220158,220158,1.0728476821192052,1.0728476821192052
11013,220158,220158,1.0728476821192052,1.0728476821192052
11014,220158,220158,1.0728476821192052,1.0728476821192052
11015,220158,220158,1.0728476821192052,1.0728476821192052
11016,220158,220158,1.0728476821192052,1.0728476821192052
11017,220158,220158,1.0728476821192052,1.0728476821192052
11018,220158,220158,1.0728476821192052,1.0728476821192052
11019,220158,220158,1.0728476821192052,1.0728476821192052
11020,220158,220158,1.0728476821192052,1.0728476821192052
11021,220158,220158,1.0728476821192052,1.0728476821192052
11022,220158,220158,1.0728476821192052,1.0728476821192052
11023,220158,220158,1.0728476821192052,1.0728476821192052
11024,220158,220158,1.0728476821192052,1.0728476821192052
11025,220158,220158,1.0728476821192052,1.0728476821192052
11026,220158,220158,1.0728476821192052,1.0728476821192052
11027,220158,220158,1.0728476821192052,1.0728476821192052
11028,220158,220158,1.0728476821192052,1.0728476821192052
11029,220158,220158,1.0728476821192052,1.0728476821192052
11030,220158,220158,1.0728476821192052,1.0728476821192052
11031,220158,220158,1.0728476821192052,1.0728476821192052
11032,220158,220158,1.0728476821192052,1.0728476821192052
11033,220158,220158,1.0728476821192052,1.0728476821192052
11034,220158,220158,1.0728476821192052,1.0728476821192052
11035,220158,220158,1.0728476821192052,1.0728476821192052
11036,220158,220158,1.0728476821192052,1.0728476821192052
11037,220158,220158,1.0728476821192052,1.0728476821192052
11038,220158,220158,1.0728476821192052,1.0728476821192052
11039,220158,220158,1.0728476821192052,1.0728476821192052
11040,220158,220158,1.0728476821192052,1.0728476821192052
11041,220158,220158,1.0728476821192052,1.0728476821192052
11042,220158,220158,1.0728476821192052,1.0728476821192052
11043,220158,220158,1.0728476821192052,1.0728476821192052
11044,220158,220158,1.0728476821192052,1.0728476821192052
11045,220158,220158,1.0728476821192052,1.0728476821192052
11046,220158,220158,1.0728476821192052,1.0728476821192052
11047,220158,220158,1.0728476821192052,1.0728476821192052
11048,220158,220158,1.0728476821192052,1.0728476821192052
11049,220158,220158,1.0728476821192052,1.0728476821192052
11050,220158,220158,1.0728476821192052,1.0728476821192052
11051,220158,220158,1.0728476821192052,1.0728476821192052
11052,220158,220158,1.0728476821192052,1.0728476821192052
11053,220158,220158,1.0728476821192052,1.0728476821192052
11054,220158,220158,1.0728476821192052,1.0728476821192052
11055,220158,220158,1.0728476821192052,1.0728476821192052
11056,220158,220158,1.0728476821192052,1.0728476821192052
11057,220158,220158,1.0728476821192052,1.0728476821192052
11058,220158,220158,1.0728476821192052,1.0728476821192052
11059,220158,220158,1.0728476821192052,1.0728476821192052
11060,220158,220158,1.0728476821192052,1.0728476821192052
11061,220158,220158,1.0728476821192052,1.0728476821192052
11062,220158,220158,1.0728476821192052,1.0728476821192052
11063,220158,220158,1.0728476821192052,1.0728476821192052
11064,220158,220158,1.0728476821192052,1.0728476821192052
11065,220158,220158,1.0728476821192052,1.0728476821192052
11066,220158,220158,1.0728476821192052,1.0728476821192052
11067,220158,220158,1.0728476821192052,1.0728476821192052
11068,220158,220158,1.0728476821192052,1.0728476821192052
11069,220158,220158,1.0728476821192052,1.0728476821192052
11070,220158,220158,1.0728476821192052,1.0728476821192052
11071,220158,220158,1.0728476821192052,1.0728476821192052
11072,220158,220158,1.0728476821192052,1.0728476821192052
11073,220158,220158,1.0728476821192052,1.0728476821192052
11074,220158,220158,1.0728476821192052,1.0728476821192052
11075,220158,220158,1.0728476821192052,1.0728476821192052
11076,220158,220158,1.0728476821192052,1.0728476821192052
11077,220158,220158,1.0728476821192052,1.0728476821192052
11078,220158,220158,1.0728476821192052,1.0728476821192052
11079,220158,220158,1.0728476821192052,1.0728476821192052
11080,220158,220158,1.0728476821192052,1.0728476821192052
11081,220158,220158,1.0728476821192052,1.0728476821192052
11082,220158,220158,1.0728476821192052,1.0728476821192052
11083,220158,220158,1.0728476821192052,1.0728476821192052
11084,220158,220158,1.0728476821192052,1.0728476821192052
11085,220158,220158,1.0728476821192052,1.0728476821192052
11086,220158,220158,1.0728476821192052,1.0728476821192052
11087,220158,220158,1.0728476821192052,1.0728476821192052
11088,220158,220158,1.0728476821192052,1.0728476821192052
11089,220158,220158,1.0728476821192052,1.0728476821192052
11090,220158,220158,1.0728476821192052,1.0728476821192052
11091,220158,220158,1.0728476821192052,1.0728476821192052
11092,220158,220158,1.0728476821192052,1.0728476821192052
11093,220158,220158,1.0728476821192052,1.0728476821192052
11094,220158,220158,1.0728476821192052,1.0728476821192052
11095,220158,220158,1.0728476821192052,1.0728476821192052
11096,220158,220158,1.0728476821192052,1.0728476821192052
11097,220158,220158,1.0728476821192052,1.0728476821192052
11098,220158,220158,1.0728476821192052,1.0728476821192052
11099,220158,220158,1.0728476821192052,1.0728476821192052
11100,220158,220158,1.0728476821192052,1.0728476821192052
11101,220158,220158,1.0728476821192052,1.0728476821192052
11102,220158,220158,1.0728476821192052,1.0728476821192052
11103,220158,220158,1.0728476821192052,1.0728476821192052
11104,220158,220158,1.0728476821192052,1.0728476821192052
11105,220158,220158,1.0728476821192052,1.0728476821192052
11106,220158,220158,1.0728476821192052,1.0728476821192052
11107,220158,220158,1.0728476821192052,1.0728476821192052
11108,220158,220158,1.0728476821192052,1.0728476821192052
11109,220158,220158,1.0728476821192052,1.0728476821192052
11110,220158,220158,1.0728476821192052,1.0728476821192052
11111,220158,220158,1.0728476821192052,1.0728476821192052
11112,220158,220158,1.0728476821192052,1.0728476821192052
11113,220158,220158,1.0728476821192052,1.0728476821192052
11114,220158,220158,1.0728476821192052,1.0728476821192052
11115,220158,220158,1.0728476821192052,1.0728476821192052
11116,220158,220158,1.0728476821192052,1.0728476821192052
11117,220158,220158,1.0728476821192052,1.0728476821192052
11118,220158,220158,1.0728476821192052,1.0728476821192052
11119,220158,220158,1.0728476821192052,1.0728476821192052
11120,220158,220158,1.0728476821192052,1.0728476821192052
11121,220158,220158,1.0728476821192052,1.0728476821192052
11122,220158,220158,1.0728476821192052,1.0728476821192052
11123,220158,220158,1.0728476821192052,1.0728476821192052
11124,220158,220158,1.0728476821192052,1.0728476821192052
11125,220158,220158,1.0728476821192052,1.0728476821192052
11126,220158,220158,1.0728476821192052,1.0728476821192052
11127,220158,220158,1.0728476821192052,1.0728476821192052
11128,220158,220158,1.0728476821192052,1.0728476821192052
11129,220158,220158,1.0728476821192052,1.0728476821192052
11130,220158,220158,1.0728476821192052,1.0728476821192052
11131,220158,220158,1.0728476821192052,1.0728476821192052
11132,220158,220158,1.0728476821192052,1.0728476821192052
11133,220158,220158,1.0728476821192052,1.0728476821192052
11134,220158,220158,1.0728476821192052,1.0728476821192052
11135,220158,220158,1.0728476821192052,1.0728476821192052
11136,220158,220158,1.0728476821192052,1.0728476821192052
11137,220158,220158,1.0728476821192052,1.0728476821192052
11138,220158,220158,1.0728476821192052,1.0728476821192052
11139,220158,220158,1.0728476821192052,1.0728476821192052
11140,220158,220158,1.0728476821192052,1.0728476821192052
11141,220158,220158,1.0728476821192052,1.0728476821192052
11142,220158,220158,1.0728476821192052,1.0728476821192052
11143,220158,220158,1.0728476821192052,1.0728476821192052
11144,220158,220158,1.0728476821192052,1.0728476821192052
11145,220158,220158,1.0728476821192052,1.0728476821192052
11146,220158,220158,1.0728476821192052,1.0728476821192052
11147,220158,220158,1.0728476821192052,1.0728476821192052
11148,220158,220158,1.0728476821192052,1.0728476821192052
11149,220158,220158,1.0728476821192052,1.0728476821192052
11150,220158,220158,1.0728476821192052,1.0728476821192052
11151,220158,220158,1.0728476821192052,1.0728476821192052
11152,220158,220158,1.0728476821192052,1.0728476821192052
11153,220158,220158,1.0728476821192052,1.0728476821192052
11154,220158,220158,1.0728476821192052,1.0728476821192052
11155,220158,220158,1.0728476821192052,1.0728476821192052
11156,220158,220158,1.0728476821192052,1.0728476821192052
11157,220158,220158,1.0728476821192052,1.0728476821192052
11158,220158,220158,1.0728476821192052,1.0728476821192052
11159,220158,220158,1.0728476821192052,1.0728476821192052
11160,220158,220158,1.0728476821192052,1.0728476821192052
11161,220158,220158,1.0728476821192052,1.0728476821192052
11162,220158,220158,1.0728476821192052,1.0728476821192052
11163,220158,220158,1.0728476821192052,1.0728476821192052
11164,220158,220158,1.0728476821192052,1.0728476821192052
11165,220158,220158,1.0728476821192052,1.0728476821192052
11166,220158,220158,1.0728476821192052,1.0728476821192052
11167,220158,220158,1.0728476821192052,1.0728476821192052
11168,220158,220158,1.0728476821192052,1.0728476821192052
11169,220158,220158,1.0728476821192052,1.0728476821192052
11170,220158,220158,1.0728476821192052,1.0728476821192052
11171,220158,220158,1.0728476821192052,1.0728476821192052
11172,220158,220158,1.0728476821192052,1.0728476821192052
11173,220158,220158,1.0728476821192052,1.0728476821192052
11174,220158,220158,1.0728476821192052,1.0728476821192052
11175,220158,220158,1.0728476821192052,1.0728476821192052
11176,220158,220158,1.0728476821192052,1.0728476821192052
11177,220158,220158,1.0728476821192052,1.0728476821192052
11178,220158,220158,1.0728476821192052,1.0728476821192052
11179,220158,220158,1.0728476821192052,1.0728476821192052
11180,220158,220158,1.0728476821192052,1.0728476821192052
11181,220158,220158,1.0728476821192052,1.0728476821192052
11182,220158,220158,1.0728476821192052,1.0728476821192052
11183,220158,220158,1.0728476821192052,1.0728476821192052
11184,220158,220158,1.0728476821192052,1.0728476821192052
11185,220158,220158,1.0728476821192052,1.0728476821192052
11186,220158,220158,1.0728476821192052,1.0728476821192052
11187,220158,220158,1.0728476821192052,1.0728476821192052
11188,220158,220158,1.0728476821192052,1.0728476821192052
11189,220158,220158,1.0728476821192052,1.0728476821192052
11190,220158,220158,1.0728476821192052,1.0728476821192052
11191,220158,220158,1.0728476821192052,1.0728476821192052
11192,220158,220158,1.0728476821192052,1.0728476821192052
11193,220158,220158,1.0728476821192052,1.0728476821192052
11194,220158,220158,1.0728476821192052,1.0728476821192052
11195,220158,220158,1.0728476821192052,1.0728476821192052
11196,220158,220158,1.0728476821192052,1.0728476821192052
11197,220158,220158,1.0728476821192052,1.0728476821192052
11198,220158,220158,1.0728476821192052,1.0728476821192052
11199,220158,220158,1.0728476821192052,1.0728476821192052
11200,220158,220158,1.0728476821192052,1.0728476821192052
11201,220158,220158,1.0728476821192052,1.0728476821192052
11202,220158,220158,1.0728476821192052,1.0728476821192052
11203,220158,220158,1.0728476821192052,1.0728476821192052
11204,220158,220158,1.0728476821192052,1.0728476821192052
11205,220158,220158,1.0728476821192052,1.0728476821192052
11206,220158,220158,1.0728476821192052,1.0728476821192052
11207,220158,220158,1.0728476821192052,1.0728476821192052
11208,220158,220158,1.0728476821192052,1.0728476821192052
11209,220158,220158,1.0728476821192052,1.0728476821192052
11210,220158,220158,1.0728476821192052,1.0728476821192052
11211,220158,220158,1.0728476821192052,1.0728476821192052
11212,220158,220158,1.0728476821192052,1.0728476821192052
11213,220158,220158,1.0728476821192052,1.0728476821192052
11214,220158,220158,1.0728476821192052,1.0728476821192052
11215,220158,220158,1.0728476821192052,1.0728476821192052
11216,220158,220158,1.0728476821192052,1.0728476821192052
11217,220158,220158,1.0728476821192052,1.0728476821192052
11218,220158,220158,1.0728476821192052,1.0728476821192052
11219,220158,220158,1.0728476821192052,1.0728476821192052
11220,220158,220158,1.0728476821192052,1.0728476821192052
11221,220158,220158,1.0728476821192052,1.0728476821192052
11222,220158,220158,1.0728476821192052,1.0728476821192052
11223,220158,220158,1.0728476821192052,1.0728476821192052
11224,220158,220158,1.0728476821192052,1.0728476821192052
11225,220158,220158,1.0728476821192052,1.0728476821192052
11226,220158,220158,1.0728476821192052,1.0728476821192052
11227,220158,220158,1.0728476821192052,1.0728476821192052
11228,220158,220158,1.0728476821192052,1.0728476821192052
11229,220158,220158,1.0728476821192052,1.0728476821192052
11230,220158,220158,1.0728476821192052,1.0728476821192052
11231,220158,220158,1.0728476821192052,1.0728476821192052
11232,220158,220158,1.0728476821192052,1.0728476821192052
11233,220158,220158,1.0728476821192052,1.0728476821192052
11234,220158,220158,1.0728476821192052,1.0728476821192052
11235,220158,220158,1.0728476821192052,1.0728476821192052
11236,220158,220158,1.0728476821192052,1.0728476821192052
11237,220158,220158,1.0728476821192052,1.0728476821192052
11238,220158,220158,1.0728476821192052,1.0728476821192052
11239,220158,220158,1.0728476821192052,1.0728476821192052
11240,220158,220158,1.0728476821192052,1.0728476821192052
11241,220158,220158,1.0728476821192052,1.0728476821192052
11242,220158,220158,1.0728476821192052,1.0728476821192052
11243,220158,220158,1.0728476821192052,1.0728476821192052
11244,220158,220158,1.0728476821192052,1.0728476821192052
11245,220158,220158,1.0728476821192052,1.0728476821192052
11246,220158,220158,1.0728476821192052,1.0728476821192052
11247,220158,220158,1.0728476821192052,1.0728476821192052
11248,220158,220158,1.0728476821192052,1.0728476821192052
11249,220158,220158,1.0728476821192052,1.0728476821192052
11250,220158,220158,1.0728476821192052,1.0728476821192052
11251,220158,220158,1.0728476821192052,1.0728476821192052
11252,220158,220158,1.0728476821192052,1.0728476821192052
11253,220158,220158,1.0728476821192052,1.0728476821192052
11254,220158,220158,1.0728476821192052,1.0728476821192052
11255,220158,220158,1.0728476821192052,1.0728476821192052
11256,220158,220158,1.0728476821192052,1.0728476821192052
11257,220158,220158,1.0728476821192052,1.0728476821192052
11258,220158,220158,1.0728476821192052,1.0728476821192052
11259,220158,220158,1.0728476821192052,1.0728476821192052
11260,220158,220158,1.0728476821192052,1.0728476821192052
11261,220158,220158,1.0728476821192052,1.0728476821192052
11262,220158,220158,1.0728476821192052,1.0728476821192052
11263,220158,220158,1.0728476821192052,1.0728476821192052
11264,220158,220158,1.0728476821192052,1.0728476821192052
11265,220158,220158,1.0728476821192052,1.0728476821192052
11266,220158,220158,1.0728476821192052,1.0728476821192052
11267,220158,220158,1.0728476821192052,1.0728476821192052
11268,220158,220158,1.0728476821192052,1.0728476821192052
11269,220158,220158,1.0728476821192052,1.0728476821192052
11270,220158,220158,1.0728476821192052,1.0728476821192052
11271,220158,220158,1.0728476821192052,1.0728476821192052
11272,220158,220158,1.0728476821192052,1.0728476821192052
11273,220158,220158,1.0728476821192052,1.0728476821192052
11274,220158,220158,1.0728476821192052,1.0728476821192052
11275,220158,220158,1.0728476821192052,1.0728476821192052
11276,220158,220158,1.0728476821192052,1.0728476821192052
11277,220158,220158,1.0728476821192052,1.0728476821192052
11278,220158,220158,1.0728476821192052,1.0728476821192052
11279,220158,220158,1.0728476821192052,1.0728476821192052
11280,220158,220158,1.0728476821192052,1.0728476821192052
11281,220158,220158,1.0728476821192052,1.0728476821192052
11282,220158,220158,1.0728476821192052,1.0728476821192052
11283,220158,220158,1.0728476821192052,1.0728476821192052
11284,220158,220158,1.0728476821192052,1.0728476821192052
11285,220158,220158,1.0728476821192052,1.0728476821192052
11286,220158,220158,1.0728476821192052,1.0728476821192052
11287,220158,220158,1.0728476821192052,1.0728476821192052
11288,220158,220158,1.0728476821192052,1.0728476821192052
11289,220158,220158,1.0728476821192052,1.0728476821192052
11290,220158,220158,1.0728476821192052,1.0728476821192052
11291,220158,220158,1.0728476821192052,1.0728476821192052
11292,220158,220158,1.0728476821192052,1.0728476821192052
11293,220158,220158,1.0728476821192052,1.0728476821192052
11294,220158,220158,1.0728476821192052,1.0728476821192052
11295,220158,220158,1.0728476821192052,1.0728476821192052
11296,220158,220158,1.0728476821192052,1.0728476821192052
11297,220158,220158,1.0728476821192052,1.0728476821192052
11298,220158,220158,1.0728476821192052,1.0728476821192052
11299,220158,220158,1.0728476821192052,1.0728476821192052
11300,220158,220158,1.0728476821192052,1.0728476821192052
11301,220158,220158,1.0728476821192052,1.0728476821192052
11302,220158,220158,1.0728476821192052,1.0728476821192052
11303,220158,220158,1.0728476821192052,1.0728476821192052
11304,220158,220158,1.0728476821192052,1.0728476821192052
11305,220158,220158,1.0728476821192052,1.0728476821192052
11306,220158,220158,1.0728476821192052,1.0728476821192052
11307,220158,220158,1.0728476821192052,1.0728476821192052
11308,220158,220158,1.0728476821192052,1.0728476821192052
11309,220158,220158,1.0728476821192052,1.0728476821192052
11310,220158,220158,1.0728476821192052,1.0728476821192052
11311,220158,220158,1.0728476821192052,1.0728476821192052
11312,220158,220158,1.0728476821192052,1.0728476821192052
11313,220158,220158,1.0728476821192052,1.0728476821192052
11314,220158,220158,1.0728476821192052,1.0728476821192052
11315,220158,220158,1.0728476821192052,1.0728476821192052
11316,220158,220158,1.0728476821192052,1.0728476821192052
11317,220158,220158,1.0728476821192052,1.0728476821192052
11318,220158,220158,1.0728476821192052,1.0728476821192052
11319,220158,220158,1.0728476821192052,1.0728476821192052
11320,220158,220158,1.0728476821192052,1.0728476821192052
11321,220158,220158,1.0728476821192052,1.0728476821192052
11322,220158,220158,1.0728476821192052,1.0728476821192052
11323,220158,220158,1.0728476821192052,1.0728476821192052
11324,220158,220158,1.0728476821192052,1.0728476821192052
11325,220158,220158,1.0728476821192052,1.0728476821192052
11326,220158,220158,1.0728476821192052,1.0728476821192052
11327,220158,220158,1.0728476821192052,1.0728476821192052
11328,220158,220158,1.0728476821192052,1.0728476821192052
11329,220158,220158,1.0728476821192052,1.0728476821192052
11330,220158,220158,1.0728476821192052,1.0728476821192052
11331,220158,220158,1.0728476821192052,1.0728476821192052
11332,220158,220158,1.0728476821192052,1.0728476821192052
11333,220158,220158,1.0728476821192052,1.0728476821192052
11334,220158,220158,1.0728476821192052,1.0728476821192052
11335,220158,220158,1.0728476821192052,1.0728476821192052
11336,220158,220158,1.0728476821192052,1.0728476821192052
11337,220158,220158,1.0728476821192052,1.0728476821192052
11338,220158,220158,1.0728476821192052,1.0728476821192052
11339,220158,220158,1.0728476821192052,1.0728476821192052
11340,220158,220158,1.0728476821192052,1.0728476821192052
11341,220158,220158,1.0728476821192052,1.0728476821192052
11342,220158,220158,1.0728476821192052,1.0728476821192052
11343,220158,220158,1.0728476821192052,1.0728476821192052
11344,220158,220158,1.0728476821192052,1.0728476821192052
11345,220158,220158,1.0728476821192052,1.0728476821192052
11346,220158,220158,1.0728476821192052,1.0728476821192052
11347,220158,220158,1.0728476821192052,1.0728476821192052
11348,220158,220158,1.0728476821192052,1.0728476821192052
11349,220158,220158,1.0728476821192052,1.0728476821192052
11350,220158,220158,1.0728476821192052,1.0728476821192052
11351,220158,220158,1.0728476821192052,1.0728476821192052
11352,220158,220158,1.0728476821192052,1.0728476821192052
11353,220158,220158,1.0728476821192052,1.0728476821192052
11354,220158,220158,1.0728476821192052,1.0728476821192052
11355,220158,220158,1.0728476821192052,1.0728476821192052
11356,220158,220158,1.0728476821192052,1.0728476821192052
11357,220158,220158,1.0728476821192052,1.0728476821192052
11358,220158,220158,1.0728476821192052,1.0728476821192052
11359,220158,220158,1.0728476821192052,1.0728476821192052
11360,220158,220158,1.0728476821192052,1.0728476821192052
11361,220158,220158,1.0728476821192052,1.0728476821192052
11362,220158,220158,1.0728476821192052,1.0728476821192052
11363,220158,220158,1.0728476821192052,1.0728476821192052
11364,220158,220158,1.0728476821192052,1.0728476821192052
11365,220158,220158,1.0728476821192052,1.0728476821192052
11366,220158,220158,1.0728476821192052,1.0728476821192052
11367,220158,220158,1.0728476821192052,1.0728476821192052
11368,220158,220158,1.0728476821192052,1.0728476821192052
11369,220158,220158,1.0728476821192052,1.0728476821192052
11370,220158,220158,1.0728476821192052,1.0728476821192052
11371,220158,220158,1.0728476821192052,1.0728476821192052
11372,220158,220158,1.0728476821192052,1.0728476821192052
11373,220158,220158,1.0728476821192052,1.0728476821192052
11374,220158,220158,1.0728476821192052,1.0728476821192052
11375,220158,220158,1.0728476821192052,1.0728476821192052
11376,220158,220158,1.0728476821192052,1.0728476821192052
11377,220158,220158,1.0728476821192052,1.0728476821192052
11378,220158,220158,1.0728476821192052,1.0728476821192052
11379,220158,220158,1.0728476821192052,1.0728476821192052
11380,220158,220158,1.0728476821192052,1.0728476821192052
11381,220158,220158,1.0728476821192052,1.0728476821192052
11382,220158,220158,1.0728476821192052,1.0728476821192052
11383,220158,220158,1.0728476821192052,1.0728476821192052
11384,220158,220158,1.0728476821192052,1.0728476821192052
11385,220158,220158,1.0728476821192052,1.0728476821192052
11386,220158,220158,1.0728476821192052,1.0728476821192052
11387,220158,220158,1.0728476821192052,1.0728476821192052
11388,220158,220158,1.0728476821192052,1.0728476821192052
11389,220158,220158,1.0728476821192052,1.0728476821192052
11390,220158,220158,1.0728476821192052,1.0728476821192052
11391,220158,220158,1.0728476821192052,1.0728476821192052
11392,220158,220158,1.0728476821192052,1.0728476821192052
11393,220158,220158,1.0728476821192052,1.0728476821192052
11394,220158,220158,1.0728476821192052,1.0728476821192052
11395,220158,220158,1.0728476821192052,1.0728476821192052
11396,220158,220158,1.0728476821192052,1.0728476821192052
11397,220158,220158,1.0728476821192052,1.0728476821192052
11398,220158,220158,1.0728476821192052,1.0728476821192052
11399,220158,220158,1.0728476821192052,1.0728476821192052
11400,220158,220158,1.0728476821192052,1.0728476821192052
11401,220158,220158,1.0728476821192052,1.0728476821192052
11402,220158,220158,1.0728476821192052,1.0728476821192052
11403,220158,220158,1.0728476821192052,1.0728476821192052
11404,220158,220158,1.0728476821192052,1.0728476821192052
11405,220158,220158,1.0728476821192052,1.0728476821192052
11406,220158,220158,1.0728476821192052,1.0728476821192052
11407,220158,220158,1.0728476821192052,1.0728476821192052
11408,220158,220158,1.0728476821192052,1.0728476821192052
11409,220158,220158,1.0728476821192052,1.0728476821192052
11410,220158,220158,1.0728476821192052,1.0728476821192052
11411,220158,220158,1.0728476821192052,1.0728476821192052
11412,220158,220158,1.0728476821192052,1.0728476821192052
11413,220158,220158,1.0728476821192052,1.0728476821192052
11414,220158,220158,1.0728476821192052,1.0728476821192052
11415,220158,220158,1.0728476821192052,1.0728476821192052
11416,220158,220158,1.0728476821192052,1.0728476821192052
11417,220158,220158,1.0728476821192052,1.0728476821192052
11418,220158,220158,1.0728476821192052,1.0728476821192052
11419,220158,220158,1.0728476821192052,1.0728476821192052
11420,220158,220158,1.0728476821192052,1.0728476821192052
11421,220158,220158,1.0728476821192052,1.0728476821192052
11422,220158,220158,1.0728476821192052,1.0728476821192052
11423,220158,220158,1.0728476821192052,1.0728476821192052
11424,220158,220158,1.0728476821192052,1.0728476821192052
11425,220158,220158,1.0728476821192052,1.0728476821192052
11426,220158,220158,1.0728476821192052,1.0728476821192052
11427,220158,220158,1.0728476821192052,1.0728476821192052
11428,220158,220158,1.0728476821192052,1.0728476821192052
11429,220158,220158,1.0728476821192052,1.0728476821192052
11430,220158,220158,1.0728476821192052,1.0728476821192052
11431,220158,220158,1.0728476821192052,1.0728476821192052
11432,220158,220158,1.0728476821192052,1.0728476821192052
11433,220158,220158,1.0728476821192052,1.0728476821192052
11434,220158,220158,1.0728476821192052,1.0728476821192052
11435,220158,220158,1.0728476821192052,1.0728476821192052
11436,220158,220158,1.0728476821192052,1.0728476821192052
11437,220158,220158,1.0728476821192052,1.0728476821192052
11438,220158,220158,1.0728476821192052,1.0728476821192052
11439,220158,220158,1.0728476821192052,1.0728476821192052
11440,220158,220158,1.0728476821192052,1.0728476821192052
11441,220158,220158,1.0728476821192052,1.0728476821192052
11442,220158,220158,1.0728476821192052,1.0728476821192052
11443,220158,220158,1.0728476821192052,1.0728476821192052
11444,220158,220158,1.0728476821192052,1.0728476821192052
11445,220158,220158,1.0728476821192052,1.0728476821192052
11446,220158,220158,1.0728476821192052,1.0728476821192052
11447,220158,220158,1.0728476821192052,1.0728476821192052
11448,220158,220158,1.0728476821192052,1.0728476821192052
11449,220158,220158,1.0728476821192052,1.0728476821192052
11450,220158,220158,1.0728476821192052,1.0728476821192052
11451,220158,220158,1.0728476821192052,1.0728476821192052
11452,220158,220158,1.0728476821192052,1.0728476821192052
11453,220158,220158,1.0728476821192052,1.0728476821192052
11454,220158,220158,1.0728476821192052,1.0728476821192052
11455,220158,220158,1.0728476821192052,1.0728476821192052
11456,220158,220158,1.0728476821192052,1.0728476821192052
11457,220158,220158,1.0728476821192052,1.0728476821192052
11458,220158,220158,1.0728476821192052,1.0728476821192052
11459,220158,220158,1.0728476821192052,1.0728476821192052
11460,220158,220158,1.0728476821192052,1.0728476821192052
11461,220158,220158,1.0728476821192052,1.0728476821192052
11462,220158,220158,1.0728476821192052,1.0728476821192052
11463,220158,220158,1.0728476821192052,1.0728476821192052
11464,220158,220158,1.0728476821192052,1.0728476821192052
11465,220158,220158,1.0728476821192052,1.0728476821192052
11466,220158,220158,1.0728476821192052,1.0728476821192052
11467,220158,220158,1.0728476821192052,1.0728476821192052
11468,220158,220158,1.0728476821192052,1.0728476821192052
11469,220158,220158,1.0728476821192052,1.0728476821192052
11470,220158,220158,1.0728476821192052,1.0728476821192052
11471,220158,220158,1.0728476821192052,1.0728476821192052
11472,220158,220158,1.0728476821192052,1.0728476821192052
11473,220158,220158,1.0728476821192052,1.0728476821192052
11474,220158,220158,1.0728476821192052,1.0728476821192052
11475,220158,220158,1.0728476821192052,1.0728476821192052
11476,220158,220158,1.0728476821192052,1.0728476821192052
11477,220158,220158,1.0728476821192052,1.0728476821192052
11478,220158,220158,1.0728476821192052,1.0728476821192052
11479,220158,220158,1.0728476821192052,1.0728476821192052
11480,220158,220158,1.0728476821192052,1.0728476821192052
11481,220158,220158,1.0728476821192052,1.0728476821192052
11482,220158,220158,1.0728476821192052,1.0728476821192052
11483,220158,220158,1.0728476821192052,1.0728476821192052
11484,220158,220158,1.0728476821192052,1.0728476821192052
11485,220158,220158,1.0728476821192052,1.0728476821192052
11486,220158,220158,1.0728476821192052,1.0728476821192052
11487,220158,220158,1.0728476821192052,1.0728476821192052
11488,220158,220158,1.0728476821192052,1.0728476821192052
11489,220158,220158,1.0728476821192052,1.0728476821192052
11490,220158,220158,1.0728476821192052,1.0728476821192052
11491,220158,220158,1.0728476821192052,1.0728476821192052
11492,220158,220158,1.0728476821192052,1.0728476821192052
11493,220158,220158,1.0728476821192052,1.0728476821192052
11494,220158,220158,1.0728476821192052,1.0728476821192052
11495,220158,220158,1.0728476821192052,1.0728476821192052
11496,220158,220158,1.0728476821192052,1.0728476821192052
11497,220158,220158,1.0728476821192052,1.0728476821192052
11498,220158,220158,1.0728476821192052,1.0728476821192052
11499,220158,220158,1.0728476821192052,1.0728476821192052
11500,220158,220158,1.0728476821192052,1.0728476821192052
11501,220158,220158,1.0728476821192052,1.0728476821192052
11502,220158,220158,1.0728476821192052,1.0728476821192052
11503,220158,220158,1.0728476821192052,1.0728476821192052
11504,220158,220158,1.0728476821192052,1.0728476821192052
11505,219186,219186,1.0776053215077606,1.0776053215077606
11506,219186,219186,1.0776053215077606,1.0776053215077606
11507,219186,219186,1.0776053215077606,1.0776053215077606
11508,219186,219186,1.0776053215077606,1.0776053215077606
11509,219186,219186,1.0776053215077606,1.0776053215077606
11510,219186,219186,1.0776053215077606,1.0776053215077606
11511,219186,219186,1.0776053215077606,1.0776053215077606
11512,219186,219186,1.0776053215077606,1.0776053215077606
11513,219186,219186,1.0776053215077606,1.0776053215077606
11514,219186,219186,1.0776053215077606,1.0776053215077606
11515,219186,219186,1.0776053215077606,1.0776053215077606
11516,219186,219186,1.0776053215077606,1.0776053215077606
11517,219186,219186,1.0776053215077606,1.0776053215077606
11518,219186,219186,1.0776053215077606,1.0776053215077606
11519,219186,219186,1.0776053215077606,1.0776053215077606
11520,219186,219186,1.0776053215077606,1.0776053215077606
11521,219186,219186,1.0776053215077606,1.0776053215077606
11522,219186,219186,1.0776053215077606,1.0776053215077606
11523,219186,219186,1.0776053215077606,1.0776053215077606
11524,219186,219186,1.0776053215077606,1.0776053215077606
11525,219186,219186,1.0776053215077606,1.0776053215077606
11526,219186,219186,1.0776053215077606,1.0776053215077606
11527,219186,219186,1.0776053215077606,1.0776053215077606
11528,219186,219186,1.0776053215077606,1.0776053215077606
11529,219186,219186,1.0776053215077606,1.0776053215077606
11530,219186,219186,1.0776053215077606,1.0776053215077606
11531,219186,219186,1.0776053215077606,1.0776053215077606
11532,219186,219186,1.0776053215077606,1.0776053215077606
11533,219186,219186,1.0776053215077606,1.0776053215077606
11534,219186,219186,1.0776053215077606,1.0776053215077606
11535,219186,219186,1.0776053215077606,1.0776053215077606
11536,219186,219186,1.0776053215077606,1.0776053215077606
11537,219186,219186,1.0776053215077606,1.0776053215077606
11538,219186,219186,1.0776053215077606,1.0776053215077606
11539,219186,219186,1.0776053215077606,1.0776053215077606
11540,219186,219186,1.0776053215077606,1.0776053215077606
11541,219186,219186,1.0776053215077606,1.0776053215077606
11542,219186,219186,1.0776053215077606,1.0776053215077606
11543,219186,219186,1.0776053215077606,1.0776053215077606
11544,219186,219186,1.0776053215077606,1.0776053215077606
11545,219186,219186,1.0776053215077606,1.0776053215077606
11546,219186,219186,1.0776053215077606,1.0776053215077606
11547,219186,219186,1.0776053215077606,1.0776053215077606
11548,219186,219186,1.0776053215077606,1.0776053215077606
11549,219186,219186,1.0776053215077606,1.0776053215077606
11550,219186,219186,1.0776053215077606,1.0776053215077606
11551,219186,219186,1.0776053215077606,1.0776053215077606
11552,219186,219186,1.0776053215077606,1.0776053215077606
11553,219186,219186,1.0776053215077606,1.0776053215077606
11554,219186,219186,1.0776053215077606,1.0776053215077606
11555,219186,219186,1.0776053215077606,1.0776053215077606
11556,218735,218735,1.0753880266075388,1.0753880266075388
11557,218735,218735,1.0753880266075388,1.0753880266075388
11558,218735,218735,1.0753880266075388,1.0753880266075388
11559,218735,218735,1.0753880266075388,1.0753880266075388
11560,218735,218735,1.0753880266075388,1.0753880266075388
11561,218735,218735,1.0753880266075388,1.0753880266075388
11562,218735,218735,1.0753880266075388,1.0753880266075388
11563,218735,218735,1.0753880266075388,1.0753880266075388
11564,218735,218735,1.0753880266075388,1.0753880266075388
11565,218735,218735,1.0753880266075388,1.0753880266075388
11566,218735,218735,1.0753880266075388,1.0753880266075388
11567,218735,218735,1.0753880266075388,1.0753880266075388
11568,218735,218735,1.0753880266075388,1.0753880266075388
11569,218735,218735,1.0753880266075388,1.0753880266075388
11570,218735,218735,1.0753880266075388,1.0753880266075388
11571,218735,218735,1.0753880266075388,1.0753880266075388
11572,218735,218735,1.0753880266075388,1.0753880266075388
11573,218735,218735,1.0753880266075388,1.0753880266075388
11574,218735,218735,1.0753880266075388,1.0753880266075388
11575,218735,218735,1.0753880266075388,1.0753880266075388
11576,218735,218735,1.0753880266075388,1.0753880266075388
11577,218735,218735,1.0753880266075388,1.0753880266075388
11578,218735,218735,1.0753880266075388,1.0753880266075388
11579,218735,218735,1.0753880266075388,1.0753880266075388
11580,218735,218735,1.0753880266075388,1.0753880266075388
11581,218735,218735,1.0753880266075388,1.0753880266075388
11582,218735,218735,1.0753880266075388,1.0753880266075388
11583,218735,218735,1.0753880266075388,1.0753880266075388
11584,218735,218735,1.0753880266075388,1.0753880266075388
11585,218735,218735,1.0753880266075388,1.0753880266075388
11586,218735,218735,1.0753880266075388,1.0753880266075388
11587,218735,218735,1.0753880266075388,1.0753880266075388
11588,218735,218735,1.0753880266075388,1.0753880266075388
11589,218735,218735,1.0753880266075388,1.0753880266075388
11590,218735,218735,1.0753880266075388,1.0753880266075388
11591,218735,218735,1.0753880266075388,1.0753880266075388
11592,218735,218735,1.0753880266075388,1.0753880266075388
11593,218735,218735,1.0753880266075388,1.0753880266075388
11594,218735,218735,1.0753880266075388,1.0753880266075388
11595,218735,218735,1.0753880266075388,1.0753880266075388
11596,218735,218735,1.0753880266075388,1.0753880266075388
11597,218735,218735,1.0753880266075388,1.0753880266075388
11598,218735,218735,1.0753880266075388,1.0753880266075388
11599,218735,218735,1.0753880266075388,1.0753880266075388
11600,218735,218735,1.0753880266075388,1.0753880266075388
11601,218735,218735,1.0753880266075388,1.0753880266075388
11602,218735,218735,1.0753880266075388,1.0753880266075388
11603,218735,218735,1.0753880266075388,1.0753880266075388
11604,218735,218735,1.0753880266075388,1.0753880266075388
11605,218735,218735,1.0753880266075388,1.0753880266075388
11606,218735,218735,1.0753880266075388,1.0753880266075388
11607,218735,218735,1.0753880266075388,1.0753880266075388
11608,218735,218735,1.0753880266075388,1.0753880266075388
11609,218735,218735,1.0753880266075388,1.0753880266075388
11610,218735,218735,1.0753880266075388,1.0753880266075388
11611,218735,218735,1.0753880266075388,1.0753880266075388
11612,218735,218735,1.0753880266075388,1.0753880266075388
11613,218735,218735,1.0753880266075388,1.0753880266075388
11614,218735,218735,1.0753880266075388,1.0753880266075388
11615,218735,218735,1.0753880266075388,1.0753880266075388
11616,218735,218735,1.0753880266075388,1.0753880266075388
11617,218735,218735,1.0753880266075388,1.0753880266075388
11618,218735,218735,1.0753880266075388,1.0753880266075388
11619,218735,218735,1.0753880266075388,1.0753880266075388
11620,218735,218735,1.0753880266075388,1.0753880266075388
11621,218735,218735,1.0753880266075388,1.0753880266075388
11622,218735,218735,1.0753880266075388,1.0753880266075388
11623,218735,218735,1.0753880266075388,1.0753880266075388
11624,218735,218735,1.0753880266075388,1.0753880266075388
11625,218735,218735,1.0753880266075388,1.0753880266075388
11626,218735,218735,1.0753880266075388,1.0753880266075388
11627,218735,218735,1.0753880266075388,1.0753880266075388
11628,218735,218735,1.0753880266075388,1.0753880266075388
11629,218735,218735,1.0753880266075388,1.0753880266075388
11630,218735,218735,1.0753880266075388,1.0753880266075388
11631,218735,218735,1.0753880266075388,1.0753880266075388
11632,218735,218735,1.0753880266075388,1.0753880266075388
11633,218735,218735,1.0753880266075388,1.0753880266075388
11634,218735,218735,1.0753880266075388,1.0753880266075388
11635,218735,218735,1.0753880266075388,1.0753880266075388
11636,218735,218735,1.0753880266075388,1.0753880266075388
11637,218735,218735,1.0753880266075388,1.0753880266075388
11638,218735,218735,1.0753880266075388,1.0753880266075388
11639,218735,218735,1.0753880266075388,1.0753880266075388
11640,218735,218735,1.0753880266075388,1.0753880266075388
11641,218735,218735,1.0753880266075388,1.0753880266075388
11642,218735,218735,1.0753880266075388,1.0753880266075388
11643,218735,218735,1.0753880266075388,1.0753880266075388
11644,218735,218735,1.0753880266075388,1.0753880266075388
11645,218735,218735,1.0753880266075388,1.0753880266075388
11646,218735,218735,1.0753880266075388,1.0753880266075388
11647,218735,218735,1.0753880266075388,1.0753880266075388
11648,218735,218735,1.0753880266075388,1.0753880266075388
11649,218735,218735,1.0753880266075388,1.0753880266075388
11650,218735,218735,1.0753880266075388,1.0753880266075388
11651,218735,218735,1.0753880266075388,1.0753880266075388
11652,218735,218735,1.0753880266075388,1.0753880266075388
11653,218735,218735,1.0753880266075388,1.0753880266075388
11654,218735,218735,1.0753880266075388,1.0753880266075388
11655,218735,218735,1.0753880266075388,1.0753880266075388
11656,218735,218735,1.0753880266075388,1.0753880266075388
11657,218735,218735,1.0753880266075388,1.0753880266075388
11658,218735,218735,1.0753880266075388,1.0753880266075388
11659,218735,218735,1.0753880266075388,1.0753880266075388
11660,218735,218735,1.0753880266075388,1.0753880266075388
11661,218735,218735,1.0753880266075388,1.0753880266075388
11662,218735,218735,1.0753880266075388,1.0753880266075388
11663,218735,218735,1.0753880266075388,1.0753880266075388
11664,218735,218735,1.0753880266075388,1.0753880266075388
11665,218735,218735,1.0753880266075388,1.0753880266075388
11666,218735,218735,1.0753880266075388,1.0753880266075388
11667,218735,218735,1.0753880266075388,1.0753880266075388
11668,218735,218735,1.0753880266075388,1.0753880266075388
11669,218735,218735,1.0753880266075388,1.0753880266075388
11670,218735,218735,1.0753880266075388,1.0753880266075388
11671,218735,218735,1.0753880266075388,1.0753880266075388
11672,218735,218735,1.0753880266075388,1.0753880266075388
11673,218735,218735,1.0753880266075388,1.0753880266075388
11674,218735,218735,1.0753880266075388,1.0753880266075388
11675,218735,218735,1.0753880266075388,1.0753880266075388
11676,218735,218735,1.0753880266075388,1.0753880266075388
11677,218735,218735,1.0753880266075388,1.0753880266075388
11678,218735,218735,1.0753880266075388,1.0753880266075388
11679,218735,218735,1.0753880266075388,1.0753880266075388
11680,218735,218735,1.0753880266075388,1.0753880266075388
11681,218735,218735,1.0753880266075388,1.0753880266075388
11682,218735,218735,1.0753880266075388,1.0753880266075388
11683,218735,218735,1.0753880266075388,1.0753880266075388
11684,218735,218735,1.0753880266075388,1.0753880266075388
11685,218735,218735,1.0753880266075388,1.0753880266075388
11686,218735,218735,1.0753880266075388,1.0753880266075388
11687,218735,218735,1.0753880266075388,1.0753880266075388
11688,218735,218735,1.0753880266075388,1.0753880266075388
11689,218735,218735,1.0753880266075388,1.0753880266075388
11690,218735,218735,1.0753880266075388,1.0753880266075388
11691,218735,218735,1.0753880266075388,1.0753880266075388
11692,218735,218735,1.0753880266075388,1.0753880266075388
11693,218735,218735,1.0753880266075388,1.0753880266075388
11694,218735,218735,1.0753880266075388,1.0753880266075388
11695,218735,218735,1.0753880266075388,1.0753880266075388
11696,218735,218735,1.0753880266075388,1.0753880266075388
11697,218735,218735,1.0753880266075388,1.0753880266075388
11698,218735,218735,1.0753880266075388,1.0753880266075388
11699,218735,218735,1.0753880266075388,1.0753880266075388
11700,218735,218735,1.0753880266075388,1.0753880266075388
11701,218735,218735,1.0753880266075388,1.0753880266075388
11702,218735,218735,1.0753880266075388,1.0753880266075388
11703,218735,218735,1.0753880266075388,1.0753880266075388
11704,218735,218735,1.0753880266075388,1.0753880266075388
11705,218735,218735,1.0753880266075388,1.0753880266075388
11706,218735,218735,1.0753880266075388,1.0753880266075388
11707,218735,218735,1.0753880266075388,1.0753880266075388
11708,218735,218735,1.0753880266075388,1.0753880266075388
11709,218735,218735,1.0753880266075388,1.0753880266075388
11710,218735,218735,1.0753880266075388,1.0753880266075388
11711,218735,218735,1.0753880266075388,1.0753880266075388
11712,218735,218735,1.0753880266075388,1.0753880266075388
11713,218735,218735,1.0753880266075388,1.0753880266075388
11714,218735,218735,1.0753880266075388,1.0753880266075388
11715,218735,218735,1.0753880266075388,1.0753880266075388
11716,218735,218735,1.0753880266075388,1.0753880266075388
11717,218735,218735,1.0753880266075388,1.0753880266075388
11718,218735,218735,1.0753880266075388,1.0753880266075388
11719,218735,218735,1.0753880266075388,1.0753880266075388
11720,218735,218735,1.0753880266075388,1.0753880266075388
11721,218735,218735,1.0753880266075388,1.0753880266075388
11722,218735,218735,1.0753880266075388,1.0753880266075388
11723,218735,218735,1.0753880266075388,1.0753880266075388
11724,218735,218735,1.0753880266075388,1.0753880266075388
11725,218735,218735,1.0753880266075388,1.0753880266075388
11726,218735,218735,1.0753880266075388,1.0753880266075388
11727,218735,218735,1.0753880266075388,1.0753880266075388
11728,218735,218735,1.0753880266075388,1.0753880266075388
11729,218735,218735,1.0753880266075388,1.0753880266075388
11730,218735,218735,1.0753880266075388,1.0753880266075388
11731,218735,218735,1.0753880266075388,1.0753880266075388
11732,218735,218735,1.0753880266075388,1.0753880266075388
11733,218735,218735,1.0753880266075388,1.0753880266075388
11734,218735,218735,1.0753880266075388,1.0753880266075388
11735,218735,218735,1.0753880266075388,1.0753880266075388
11736,218735,218735,1.0753880266075388,1.0753880266075388
11737,218735,218735,1.0753880266075388,1.0753880266075388
11738,218735,218735,1.0753880266075388,1.0753880266075388
11739,218735,218735,1.0753880266075388,1.0753880266075388
11740,218735,218735,1.0753880266075388,1.0753880266075388
11741,218735,218735,1.0753880266075388,1.0753880266075388
11742,218735,218735,1.0753880266075388,1.0753880266075388
11743,218735,218735,1.0753880266075388,1.0753880266075388
11744,218735,218735,1.0753880266075388,1.0753880266075388
11745,218735,218735,1.0753880266075388,1.0753880266075388
11746,218735,218735,1.0753880266075388,1.0753880266075388
11747,218735,218735,1.0753880266075388,1.0753880266075388
11748,218735,218735,1.0753880266075388,1.0753880266075388
11749,218735,218735,1.0753880266075388,1.0753880266075388
11750,218735,218735,1.0753880266075388,1.0753880266075388
11751,218735,218735,1.0753880266075388,1.0753880266075388
11752,218735,218735,1.0753880266075388,1.0753880266075388
11753,218735,218735,1.0753880266075388,1.0753880266075388
11754,218735,218735,1.0753880266075388,1.0753880266075388
11755,218735,218735,1.0753880266075388,1.0753880266075388
11756,218735,218735,1.0753880266075388,1.0753880266075388
11757,218735,218735,1.0753880266075388,1.0753880266075388
11758,218735,218735,1.0753880266075388,1.0753880266075388
11759,218735,218735,1.0753880266075388,1.0753880266075388
11760,218735,218735,1.0753880266075388,1.0753880266075388
11761,218735,218735,1.0753880266075388,1.0753880266075388
11762,218735,218735,1.0753880266075388,1.0753880266075388
11763,218735,218735,1.0753880266075388,1.0753880266075388
11764,218735,218735,1.0753880266075388,1.0753880266075388
11765,218735,218735,1.0753880266075388,1.0753880266075388
11766,218735,218735,1.0753880266075388,1.0753880266075388
11767,218735,218735,1.0753880266075388,1.0753880266075388
11768,218735,218735,1.0753880266075388,1.0753880266075388
11769,218735,218735,1.0753880266075388,1.0753880266075388
11770,218735,218735,1.0753880266075388,1.0753880266075388
11771,218735,218735,1.0753880266075388,1.0753880266075388
11772,218735,218735,1.0753880266075388,1.0753880266075388
11773,218735,218735,1.0753880266075388,1.0753880266075388
11774,218735,218735,1.0753880266075388,1.0753880266075388
11775,218735,218735,1.0753880266075388,1.0753880266075388
11776,218735,218735,1.0753880266075388,1.0753880266075388
11777,218735,218735,1.0753880266075388,1.0753880266075388
11778,218735,218735,1.0753880266075388,1.0753880266075388
11779,218735,218735,1.0753880266075388,1.0753880266075388
11780,218735,218735,1.0753880266075388,1.0753880266075388
11781,218735,218735,1.0753880266075388,1.0753880266075388
11782,218735,218735,1.0753880266075388,1.0753880266075388
11783,218735,218735,1.0753880266075388,1.0753880266075388
11784,218735,218735,1.0753880266075388,1.0753880266075388
11785,218735,218735,1.0753880266075388,1.0753880266075388
11786,218735,218735,1.0753880266075388,1.0753880266075388
11787,218735,218735,1.0753880266075388,1.0753880266075388
11788,218735,218735,1.0753880266075388,1.0753880266075388
11789,218735,218735,1.0753880266075388,1.0753880266075388
11790,218735,218735,1.0753880266075388,1.0753880266075388
11791,218735,218735,1.0753880266075388,1.0753880266075388
11792,218735,218735,1.0753880266075388,1.0753880266075388
11793,218735,218735,1.0753880266075388,1.0753880266075388
11794,218735,218735,1.0753880266075388,1.0753880266075388
11795,218735,218735,1.0753880266075388,1.0753880266075388
11796,218735,218735,1.0753880266075388,1.0753880266075388
11797,218735,218735,1.0753880266075388,1.0753880266075388
11798,218735,218735,1.0753880266075388,1.0753880266075388
11799,218735,218735,1.0753880266075388,1.0753880266075388
11800,218735,218735,1.0753880266075388,1.0753880266075388
11801,218735,218735,1.0753880266075388,1.0753880266075388
11802,218735,218735,1.0753880266075388,1.0753880266075388
11803,218735,218735,1.0753880266075388,1.0753880266075388
11804,218735,218735,1.0753880266075388,1.0753880266075388
11805,218735,218735,1.0753880266075388,1.0753880266075388
11806,218735,218735,1.0753880266075388,1.0753880266075388
11807,218735,218735,1.0753880266075388,1.0753880266075388
11808,218735,218735,1.0753880266075388,1.0753880266075388
11809,218735,218735,1.0753880266075388,1.0753880266075388
11810,218735,218735,1.0753880266075388,1.0753880266075388
11811,218735,218735,1.0753880266075388,1.0753880266075388
11812,218735,218735,1.0753880266075388,1.0753880266075388
11813,218735,218735,1.0753880266075388,1.0753880266075388
11814,218735,218735,1.0753880266075388,1.0753880266075388
11815,218735,218735,1.0753880266075388,1.0753880266075388
11816,218735,218735,1.0753880266075388,1.0753880266075388
11817,218735,218735,1.0753880266075388,1.0753880266075388
11818,218735,218735,1.0753880266075388,1.0753880266075388
11819,218735,218735,1.0753880266075388,1.0753880266075388
11820,218735,218735,1.0753880266075388,1.0753880266075388
11821,218735,218735,1.0753880266075388,1.0753880266075388
11822,218735,218735,1.0753880266075388,1.0753880266075388
11823,218735,218735,1.0753880266075388,1.0753880266075388
11824,218735,218735,1.0753880266075388,1.0753880266075388
11825,218735,218735,1.0753880266075388,1.0753880266075388
11826,218735,218735,1.0753880266075388,1.0753880266075388
11827,218735,218735,1.0753880266075388,1.0753880266075388
11828,218735,218735,1.0753880266075388,1.0753880266075388
11829,218735,218735,1.0753880266075388,1.0753880266075388
11830,218735,218735,1.0753880266075388,1.0753880266075388
11831,218735,218735,1.0753880266075388,1.0753880266075388
11832,218735,218735,1.0753880266075388,1.0753880266075388
11833,218735,218735,1.0753880266075388,1.0753880266075388
11834,218735,218735,1.0753880266075388,1.0753880266075388
11835,218735,218735,1.0753880266075388,1.0753880266075388
11836,218735,218735,1.0753880266075388,1.0753880266075388
11837,218735,218735,1.0753880266075388,1.0753880266075388
11838,218735,218735,1.0753880266075388,1.0753880266075388
11839,218735,218735,1.0753880266075388,1.0753880266075388
11840,218735,218735,1.0753880266075388,1.0753880266075388
11841,218735,218735,1.0753880266075388,1.0753880266075388
11842,218735,218735,1.0753880266075388,1.0753880266075388
11843,218735,218735,1.0753880266075388,1.0753880266075388
11844,218735,218735,1.0753880266075388,1.0753880266075388
11845,218735,218735,1.0753880266075388,1.0753880266075388
11846,218735,218735,1.0753880266075388,1.0753880266075388
11847,218735,218735,1.0753880266075388,1.0753880266075388
11848,218735,218735,1.0753880266075388,1.0753880266075388
11849,218735,218735,1.0753880266075388,1.0753880266075388
11850,218284,218284,1.0731707317073171,1.0731707317073171
11851,218284,218284,1.0731707317073171,1.0731707317073171
11852,218284,218284,1.0731707317073171,1.0731707317073171
11853,218284,218284,1.0731707317073171,1.0731707317073171
11854,218284,218284,1.0731707317073171,1.0731707317073171
11855,218284,218284,1.0731707317073171,1.0731707317073171
11856,218284,218284,1.0731707317073171,1.0731707317073171
11857,218284,218284,1.0731707317073171,1.0731707317073171
11858,218284,218284,1.0731707317073171,1.0731707317073171
11859,218284,218284,1.0731707317073171,1.0731707317073171
11860,218284,218284,1.0731707317073171,1.0731707317073171
11861,218284,218284,1.0731707317073171,1.0731707317073171
11862,218284,218284,1.0731707317073171,1.0731707317073171
11863,218284,218284,1.0731707317073171,1.0731707317073171
11864,218284,218284,1.0731707317073171,1.0731707317073171
11865,218284,218284,1.0731707317073171,1.0731707317073171
11866,218284,218284,1.0731707317073171,1.0731707317073171
11867,218284,218284,1.0731707317073171,1.0731707317073171
11868,218284,218284,1.0731707317073171,1.0731707317073171
11869,218284,218284,1.0731707317073171,1.0731707317073171
11870,218284,218284,1.0731707317073171,1.0731707317073171
11871,218284,218284,1.0731707317073171,1.0731707317073171
11872,218284,218284,1.0731707317073171,1.0731707317073171
11873,218284,218284,1.0731707317073171,1.0731707317073171
11874,218284,218284,1.0731707317073171,1.0731707317073171
11875,218284,218284,1.0731707317073171,1.0731707317073171
11876,218284,218284,1.0731707317073171,1.0731707317073171
11877,218284,218284,1.0731707317073171,1.0731707317073171
11878,218284,218284,1.0731707317073171,1.0731707317073171
11879,218284,218284,1.0731707317073171,1.0731707317073171
11880,218284,218284,1.0731707317073171,1.0731707317073171
11881,218284,218284,1.0731707317073171,1.0731707317073171
11882,218284,218284,1.0731707317073171,1.0731707317073171
11883,218284,218284,1.0731707317073171,1.0731707317073171
11884,218284,218284,1.0731707317073171,1.0731707317073171
11885,218284,218284,1.0731707317073171,1.0731707317073171
11886,218284,218284,1.0731707317073171,1.0731707317073171
11887,218284,218284,1.0731707317073171,1.0731707317073171
11888,218284,218284,1.0731707317073171,1.0731707317073171
11889,218284,218284,1.0731707317073171,1.0731707317073171
11890,218284,218284,1.0731707317073171,1.0731707317073171
11891,218284,218284,1.0731707317073171,1.0731707317073171
11892,218284,218284,1.0731707317073171,1.0731707317073171
11893,218284,218284,1.0731707317073171,1.0731707317073171
11894,218284,218284,1.0731707317073171,1.0731707317073171
11895,218284,218284,1.0731707317073171,1.0731707317073171
11896,218284,218284,1.0731707317073171,1.0731707317073171
11897,218284,218284,1.0731707317073171,1.0731707317073171
11898,218284,218284,1.0731707317073171,1.0731707317073171
11899,218284,218284,1.0731707317073171,1.0731707317073171
11900,218284,218284,1.0731707317073171,1.0731707317073171
11901,218284,218284,1.0731707317073171,1.0731707317073171
11902,218284,218284,1.0731707317073171,1.0731707317073171
11903,218284,218284,1.0731707317073171,1.0731707317073171
11904,218284,218284,1.0731707317073171,1.0731707317073171
11905,218284,218284,1.0731707317073171,1.0731707317073171
11906,218284,218284,1.0731707317073171,1.0731707317073171
11907,218284,218284,1.0731707317073171,1.0731707317073171
11908,218284,218284,1.0731707317073171,1.0731707317073171
11909,218284,218284,1.0731707317073171,1.0731707317073171
11910,218284,218284,1.0731707317073171,1.0731707317073171
11911,218284,218284,1.0731707317073171,1.0731707317073171
11912,218284,218284,1.0731707317073171,1.0731707317073171
11913,218284,218284,1.0731707317073171,1.0731707317073171
11914,218284,218284,1.0731707317073171,1.0731707317073171
11915,218284,218284,1.0731707317073171,1.0731707317073171
11916,217833,217833,1.0709534368070954,1.0709534368070954
11917,217833,217833,1.0709534368070954,1.0709534368070954
11918,217833,217833,1.0709534368070954,1.0709534368070954
11919,217833,217833,1.0709534368070954,1.0709534368070954
11920,217833,217833,1.0709534368070954,1.0709534368070954
11921,217833,217833,1.0709534368070954,1.0709534368070954
11922,217833,217833,1.0709534368070954,1.0709534368070954
11923,217833,217833,1.0709534368070954,1.0709534368070954
11924,217833,217833,1.0709534368070954,1.0709534368070954
11925,217833,217833,1.0709534368070954,1.0709534368070954
11926,217833,217833,1.0709534368070954,1.0709534368070954
11927,217833,217833,1.0709534368070954,1.0709534368070954
11928,217833,217833,1.0709534368070954,1.0709534368070954
11929,217833,217833,1.0709534368070954,1.0709534368070954
11930,217833,217833,1.0709534368070954,1.0709534368070954
11931,217833,217833,1.0709534368070954,1.0709534368070954
11932,217833,217833,1.0709534368070954,1.0709534368070954
11933,217833,217833,1.0709534368070954,1.0709534368070954
11934,217833,217833,1.0709534368070954,1.0709534368070954
11935,217833,217833,1.0709534368070954,1.0709534368070954
11936,217833,217833,1.0709534368070954,1.0709534368070954
11937,217833,217833,1.0709534368070954,1.0709534368070954
11938,217833,217833,1.0709534368070954,1.0709534368070954
11939,217833,217833,1.0709534368070954,1.0709534368070954
11940,217833,217833,1.0709534368070954,1.0709534368070954
11941,217833,217833,1.0709534368070954,1.0709534368070954
11942,217833,217833,1.0709534368070954,1.0709534368070954
11943,217833,217833,1.0709534368070954,1.0709534368070954
11944,217833,217833,1.0709534368070954,1.0709534368070954
11945,217833,217833,1.0709534368070954,1.0709534368070954
11946,217833,217833,1.0709534368070954,1.0709534368070954
11947,217833,217833,1.0709534368070954,1.0709534368070954
11948,217833,217833,1.0709534368070954,1.0709534368070954
11949,217833,217833,1.0709534368070954,1.0709534368070954
11950,217833,217833,1.0709534368070954,1.0709534368070954
11951,217833,217833,1.0709534368070954,1.0709534368070954
11952,217833,217833,1.0709534368070954,1.0709534368070954
11953,217833,217833,1.0709534368070954,1.0709534368070954
11954,217833,217833,1.0709534368070954,1.0709534368070954
11955,217833,217833,1.0709534368070954,1.0709534368070954
11956,217833,217833,1.0709534368070954,1.0709534368070954
11957,217833,217833,1.0709534368070954,1.0709534368070954
11958,217833,217833,1.0709534368070954,1.0709534368070954
11959,217833,217833,1.0709534368070954,1.0709534368070954
11960,217833,217833,1.0709534368070954,1.0709534368070954
11961,217833,217833,1.0709534368070954,1.0709534368070954
11962,217833,217833,1.0709534368070954,1.0709534368070954
11963,217833,217833,1.0709534368070954,1.0709534368070954
11964,217833,217833,1.0709534368070954,1.0709534368070954
11965,217833,217833,1.0709534368070954,1.0709534368070954
11966,217833,217833,1.0709534368070954,1.0709534368070954
11967,217833,217833,1.0709534368070954,1.0709534368070954
11968,217833,217833,1.0709534368070954,1.0709534368070954
11969,217833,217833,1.0709534368070954,1.0709534368070954
11970,217833,217833,1.0709534368070954,1.0709534368070954
11971,217833,217833,1.0709534368070954,1.0709534368070954
11972,217833,217833,1.0709534368070954,1.0709534368070954
11973,217833,217833,1.0709534368070954,1.0709534368070954
11974,217833,217833,1.0709534368070954,1.0709534368070954
11975,217833,217833,1.0709534368070954,1.0709534368070954
11976,217833,217833,1.0709534368070954,1.0709534368070954
11977,217833,217833,1.0709534368070954,1.0709534368070954
11978,217833,217833,1.0709534368070954,1.0709534368070954
11979,217833,217833,1.0709534368070954,1.0709534368070954
11980,217833,217833,1.0709534368070954,1.0709534368070954
11981,217833,217833,1.0709534368070954,1.0709534368070954
11982,217833,217833,1.0709534368070954,1.0709534368070954
11983,217833,217833,1.0709534368070954,1.0709534368070954
11984,217833,217833,1.0709534368070954,1.0709534368070954
11985,217833,217833,1.0709534368070954,1.0709534368070954
11986,217833,217833,1.0709534368070954,1.0709534368070954
11987,217833,217833,1.0709534368070954,1.0709534368070954
11988,217833,217833,1.0709534368070954,1.0709534368070954
11989,217833,217833,1.0709534368070954,1.0709534368070954
11990,217833,217833,1.0709534368070954,1.0709534368070954
11991,217833,217833,1.0709534368070954,1.0709534368070954
11992,217833,217833,1.0709534368070954,1.0709534368070954
11993,217833,217833,1.0709534368070954,1.0709534368070954
11994,217833,217833,1.0709534368070954,1.0709534368070954
11995,217833,217833,1.0709534368070954,1.0709534368070954
11996,217833,217833,1.0709534368070954,1.0709534368070954
11997,217833,217833,1.0709534368070954,1.0709534368070954
11998,217833,217833,1.0709534368070954,1.0709534368070954
11999,217833,217833,1.0709534368070954,1.0709534368070954
12000,217833,217833,1.0709534368070954,1.0709534368070954
12001,217833,217833,1.0709534368070954,1.0709534368070954
12002,217833,217833,1.0709534368070954,1.0709534368070954
12003,217833,217833,1.0709534368070954,1.0709534368070954
12004,217833,217833,1.0709534368070954,1.0709534368070954
12005,217833,217833,1.0709534368070954,1.0709534368070954
12006,217833,217833,1.0709534368070954,1.0709534368070954
12007,217833,217833,1.0709534368070954,1.0709534368070954
12008,217833,217833,1.0709534368070954,1.0709534368070954
12009,217833,217833,1.0709534368070954,1.0709534368070954
12010,217833,217833,1.0709534368070954,1.0709534368070954
12011,217833,217833,1.0709534368070954,1.0709534368070954
12012,217833,217833,1.0709534368070954,1.0709534368070954
12013,217833,217833,1.0709534368070954,1.0709534368070954
12014,217833,217833,1.0709534368070954,1.0709534368070954
12015,217833,217833,1.0709534368070954,1.0709534368070954
12016,217833,217833,1.0709534368070954,1.0709534368070954
12017,217382,217382,1.0687361419068737,1.0687361419068737
12018,217382,217382,1.0687361419068737,1.0687361419068737
12019,217382,217382,1.0687361419068737,1.0687361419068737
12020,217382,217382,1.0687361419068737,1.0687361419068737
12021,217382,217382,1.0687361419068737,1.0687361419068737
12022,217382,217382,1.0687361419068737,1.0687361419068737
12023,217382,217382,1.0687361419068737,1.0687361419068737
12024,217382,217382,1.0687361419068737,1.0687361419068737
12025,217382,217382,1.0687361419068737,1.0687361419068737
12026,217382,217382,1.0687361419068737,1.0687361419068737
12027,217382,217382,1.0687361419068737,1.0687361419068737
12028,217382,217382,1.0687361419068737,1.0687361419068737
12029,217382,217382,1.0687361419068737,1.0687361419068737
12030,217382,217382,1.0687361419068737,1.0687361419068737
12031,217382,217382,1.0687361419068737,1.0687361419068737
12032,217382,217382,1.0687361419068737,1.0687361419068737
12033,217382,217382,1.0687361419068737,1.0687361419068737
12034,217382,217382,1.0687361419068737,1.0687361419068737
12035,217382,217382,1.0687361419068737,1.0687361419068737
12036,217382,217382,1.0687361419068737,1.0687361419068737
12037,217382,217382,1.0687361419068737,1.0687361419068737
12038,217382,217382,1.0687361419068737,1.0687361419068737
12039,217382,217382,1.0687361419068737,1.0687361419068737
12040,217382,217382,1.0687361419068737,1.0687361419068737
12041,217382,217382,1.0687361419068737,1.0687361419068737
12042,217382,217382,1.0687361419068737,1.0687361419068737
12043,217382,217382,1.0687361419068737,1.0687361419068737
12044,217382,217382,1.0687361419068737,1.0687361419068737
12045,217382,217382,1.0687361419068737,1.0687361419068737
12046,217382,217382,1.0687361419068737,1.0687361419068737
12047,217382,217382,1.0687361419068737,1.0687361419068737
12048,217382,217382,1.0687361419068737,1.0687361419068737
12049,217382,217382,1.0687361419068737,1.0687361419068737
12050,217382,217382,1.0687361419068737,1.0687361419068737
12051,217382,217382,1.0687361419068737,1.0687361419068737
12052,217382,217382,1.0687361419068737,1.0687361419068737
12053,217382,217382,1.0687361419068737,1.0687361419068737
12054,217382,217382,1.0687361419068737,1.0687361419068737
12055,217382,217382,1.0687361419068737,1.0687361419068737
12056,217382,217382,1.0687361419068737,1.0687361419068737
12057,217382,217382,1.0687361419068737,1.0687361419068737
12058,217382,217382,1.0687361419068737,1.0687361419068737
12059,217382,217382,1.0687361419068737,1.0687361419068737
12060,217382,217382,1.0687361419068737,1.0687361419068737
12061,217382,217382,1.0687361419068737,1.0687361419068737
12062,217382,217382,1.0687361419068737,1.0687361419068737
12063,217382,217382,1.0687361419068737,1.0687361419068737
12064,217382,217382,1.0687361419068737,1.0687361419068737
12065,217382,217382,1.0687361419068737,1.0687361419068737
12066,217382,217382,1.0687361419068737,1.0687361419068737
12067,217382,217382,1.0687361419068737,1.0687361419068737
12068,217382,217382,1.0687361419068737,1.0687361419068737
12069,217382,217382,1.0687361419068737,1.0687361419068737
12070,217382,217382,1.0687361419068737,1.0687361419068737
12071,217382,217382,1.0687361419068737,1.0687361419068737
12072,217382,217382,1.0687361419068737,1.0687361419068737
12073,217382,217382,1.0687361419068737,1.0687361419068737
12074,217382,217382,1.0687361419068737,1.0687361419068737
12075,217382,217382,1.0687361419068737,1.0687361419068737
12076,217382,217382,1.0687361419068737,1.0687361419068737
12077,217382,217382,1.0687361419068737,1.0687361419068737
12078,217382,217382,1.0687361419068737,1.0687361419068737
12079,217382,217382,1.0687361419068737,1.0687361419068737
12080,217382,217382,1.0687361419068737,1.0687361419068737
12081,217382,217382,1.0687361419068737,1.0687361419068737
12082,217382,217382,1.0687361419068737,1.0687361419068737
12083,217382,217382,1.0687361419068737,1.0687361419068737
12084,217382,217382,1.0687361419068737,1.0687361419068737
12085,217382,217382,1.0687361419068737,1.0687361419068737
12086,217382,217382,1.0687361419068737,1.0687361419068737
12087,217382,217382,1.0687361419068737,1.0687361419068737
12088,217382,217382,1.0687361419068737,1.0687361419068737
12089,217382,217382,1.0687361419068737,1.0687361419068737
12090,217382,217382,1.0687361419068737,1.0687361419068737
12091,217382,217382,1.0687361419068737,1.0687361419068737
12092,217382,217382,1.0687361419068737,1.0687361419068737
12093,217382,217382,1.0687361419068737,1.0687361419068737
12094,217382,217382,1.0687361419068737,1.0687361419068737
12095,217382,217382,1.0687361419068737,1.0687361419068737
12096,217382,217382,1.0687361419068737,1.0687361419068737
12097,217382,217382,1.0687361419068737,1.0687361419068737
12098,217382,217382,1.0687361419068737,1.0687361419068737
12099,217382,217382,1.0687361419068737,1.0687361419068737
12100,217382,217382,1.0687361419068737,1.0687361419068737
12101,217382,217382,1.0687361419068737,1.0687361419068737
12102,217382,217382,1.0687361419068737,1.0687361419068737
12103,217382,217382,1.0687361419068737,1.0687361419068737
12104,217382,217382,1.0687361419068737,1.0687361419068737
12105,217382,217382,1.0687361419068737,1.0687361419068737
12106,217382,217382,1.0687361419068737,1.0687361419068737
12107,217382,217382,1.0687361419068737,1.0687361419068737
12108,217382,217382,1.0687361419068737,1.0687361419068737
12109,217382,217382,1.0687361419068737,1.0687361419068737
12110,217382,217382,1.0687361419068737,1.0687361419068737
12111,217382,217382,1.0687361419068737,1.0687361419068737
12112,217382,217382,1.0687361419068737,1.0687361419068737
12113,217382,217382,1.0687361419068737,1.0687361419068737
12114,217382,217382,1.0687361419068737,1.0687361419068737
12115,217382,217382,1.0687361419068737,1.0687361419068737
12116,217382,217382,1.0687361419068737,1.0687361419068737
12117,217382,217382,1.0687361419068737,1.0687361419068737
12118,217382,217382,1.0687361419068737,1.0687361419068737
12119,217382,217382,1.0687361419068737,1.0687361419068737
12120,217382,217382,1.0687361419068737,1.0687361419068737
12121,217382,217382,1.0687361419068737,1.0687361419068737
12122,217382,217382,1.0687361419068737,1.0687361419068737
12123,217382,217382,1.0687361419068737,1.0687361419068737
12124,217382,217382,1.0687361419068737,1.0687361419068737
12125,217382,217382,1.0687361419068737,1.0687361419068737
12126,217382,217382,1.0687361419068737,1.0687361419068737
12127,217382,217382,1.0687361419068737,1.0687361419068737
12128,217382,217382,1.0687361419068737,1.0687361419068737
12129,217382,217382,1.0687361419068737,1.0687361419068737
12130,217382,217382,1.0687361419068737,1.0687361419068737
12131,217382,217382,1.0687361419068737,1.0687361419068737
12132,217382,217382,1.0687361419068737,1.0687361419068737
12133,217382,217382,1.0687361419068737,1.0687361419068737
12134,217382,217382,1.0687361419068737,1.0687361419068737
12135,217382,217382,1.0687361419068737,1.0687361419068737
12136,217382,217382,1.0687361419068737,1.0687361419068737
12137,217382,217382,1.0687361419068737,1.0687361419068737
12138,217382,217382,1.0687361419068737,1.0687361419068737
12139,217382,217382,1.0687361419068737,1.0687361419068737
12140,217382,217382,1.0687361419068737,1.0687361419068737
12141,217382,217382,1.0687361419068737,1.0687361419068737
12142,217382,217382,1.0687361419068737,1.0687361419068737
12143,217382,217382,1.0687361419068737,1.0687361419068737
12144,217382,217382,1.0687361419068737,1.0687361419068737
12145,217382,217382,1.0687361419068737,1.0687361419068737
12146,217382,217382,1.0687361419068737,1.0687361419068737
12147,217382,217382,1.0687361419068737,1.0687361419068737
12148,217382,217382,1.0687361419068737,1.0687361419068737
12149,217382,217382,1.0687361419068737,1.0687361419068737
12150,217382,217382,1.0687361419068737,1.0687361419068737
12151,217382,217382,1.0687361419068737,1.0687361419068737
12152,217382,217382,1.0687361419068737,1.0687361419068737
12153,217382,217382,1.0687361419068737,1.0687361419068737
12154,217382,217382,1.0687361419068737,1.0687361419068737
12155,217382,217382,1.0687361419068737,1.0687361419068737
12156,217382,217382,1.0687361419068737,1.0687361419068737
12157,217382,217382,1.0687361419068737,1.0687361419068737
12158,217382,217382,1.0687361419068737,1.0687361419068737
12159,217382,217382,1.0687361419068737,1.0687361419068737
12160,217382,217382,1.0687361419068737,1.0687361419068737
12161,217382,217382,1.0687361419068737,1.0687361419068737
12162,217382,217382,1.0687361419068737,1.0687361419068737
12163,217382,217382,1.0687361419068737,1.0687361419068737
12164,217382,217382,1.0687361419068737,1.0687361419068737
12165,217382,217382,1.0687361419068737,1.0687361419068737
12166,217382,217382,1.0687361419068737,1.0687361419068737
12167,217382,217382,1.0687361419068737,1.0687361419068737
12168,217382,217382,1.0687361419068737,1.0687361419068737
12169,217382,217382,1.0687361419068737,1.0687361419068737
12170,217382,217382,1.0687361419068737,1.0687361419068737
12171,217382,217382,1.0687361419068737,1.0687361419068737
12172,217382,217382,1.0687361419068737,1.0687361419068737
12173,217382,217382,1.0687361419068737,1.0687361419068737
12174,217382,217382,1.0687361419068737,1.0687361419068737
12175,217382,217382,1.0687361419068737,1.0687361419068737
12176,217382,217382,1.0687361419068737,1.0687361419068737
12177,217382,217382,1.0687361419068737,1.0687361419068737
12178,217382,217382,1.0687361419068737,1.0687361419068737
12179,217382,217382,1.0687361419068737,1.0687361419068737
12180,217382,217382,1.0687361419068737,1.0687361419068737
12181,217382,217382,1.0687361419068737,1.0687361419068737
12182,217382,217382,1.0687361419068737,1.0687361419068737
12183,217382,217382,1.0687361419068737,1.0687361419068737
12184,217382,217382,1.0687361419068737,1.0687361419068737
12185,217382,217382,1.0687361419068737,1.0687361419068737
12186,217382,217382,1.0687361419068737,1.0687361419068737
12187,217382,217382,1.0687361419068737,1.0687361419068737
12188,217382,217382,1.0687361419068737,1.0687361419068737
12189,217382,217382,1.0687361419068737,1.0687361419068737
12190,217382,217382,1.0687361419068737,1.0687361419068737
12191,217382,217382,1.0687361419068737,1.0687361419068737
12192,217382,217382,1.0687361419068737,1.0687361419068737
12193,217382,217382,1.0687361419068737,1.0687361419068737
12194,217382,217382,1.0687361419068737,1.0687361419068737
12195,217382,217382,1.0687361419068737,1.0687361419068737
12196,217382,217382,1.0687361419068737,1.0687361419068737
12197,217382,217382,1.0687361419068737,1.0687361419068737
12198,217382,217382,1.0687361419068737,1.0687361419068737
12199,217382,217382,1.0687361419068737,1.0687361419068737
12200,217382,217382,1.0687361419068737,1.0687361419068737
12201,217382,217382,1.0687361419068737,1.0687361419068737
12202,217382,217382,1.0687361419068737,1.0687361419068737
12203,217382,217382,1.0687361419068737,1.0687361419068737
12204,217382,217382,1.0687361419068737,1.0687361419068737
12205,217382,217382,1.0687361419068737,1.0687361419068737
12206,217382,217382,1.0687361419068737,1.0687361419068737
12207,217382,217382,1.0687361419068737,1.0687361419068737
12208,217382,217382,1.0687361419068737,1.0687361419068737
12209,217382,217382,1.0687361419068737,1.0687361419068737
12210,217382,217382,1.0687361419068737,1.0687361419068737
12211,217382,217382,1.0687361419068737,1.0687361419068737
12212,217382,217382,1.0687361419068737,1.0687361419068737
12213,217382,217382,1.0687361419068737,1.0687361419068737
12214,217382,217382,1.0687361419068737,1.0687361419068737
12215,217382,217382,1.0687361419068737,1.0687361419068737
12216,217382,217382,1.0687361419068737,1.0687361419068737
12217,217382,217382,1.0687361419068737,1.0687361419068737
12218,217382,217382,1.0687361419068737,1.0687361419068737
12219,217382,217382,1.0687361419068737,1.0687361419068737
12220,217382,217382,1.0687361419068737,1.0687361419068737
12221,217382,217382,1.0687361419068737,1.0687361419068737
12222,217382,217382,1.0687361419068737,1.0687361419068737
12223,217382,217382,1.0687361419068737,1.0687361419068737
12224,217382,217382,1.0687361419068737,1.0687361419068737
12225,217382,217382,1.0687361419068737,1.0687361419068737
12226,217382,217382,1.0687361419068737,1.0687361419068737
12227,217382,217382,1.0687361419068737,1.0687361419068737
12228,217382,217382,1.0687361419068737,1.0687361419068737
12229,217382,217382,1.0687361419068737,1.0687361419068737
12230,217382,217382,1.0687361419068737,1.0687361419068737
12231,217382,217382,1.0687361419068737,1.0687361419068737
12232,217382,217382,1.0687361419068737,1.0687361419068737
12233,217382,217382,1.0687361419068737,1.0687361419068737
12234,217382,217382,1.0687361419068737,1.0687361419068737
12235,217382,217382,1.0687361419068737,1.0687361419068737
12236,217382,217382,1.0687361419068737,1.0687361419068737
12237,217382,217382,1.0687361419068737,1.0687361419068737
12238,217382,217382,1.0687361419068737,1.0687361419068737
12239,217382,217382,1.0687361419068737,1.0687361419068737
12240,217382,217382,1.0687361419068737,1.0687361419068737
12241,217382,217382,1.0687361419068737,1.0687361419068737
12242,217382,217382,1.0687361419068737,1.0687361419068737
12243,217382,217382,1.0687361419068737,1.0687361419068737
12244,217382,217382,1.0687361419068737,1.0687361419068737
12245,217382,217382,1.0687361419068737,1.0687361419068737
12246,217382,217382,1.0687361419068737,1.0687361419068737
12247,217382,217382,1.0687361419068737,1.0687361419068737
12248,217382,217382,1.0687361419068737,1.0687361419068737
12249,217382,217382,1.0687361419068737,1.0687361419068737
12250,217382,217382,1.0687361419068737,1.0687361419068737
12251,217382,217382,1.0687361419068737,1.0687361419068737
12252,217382,217382,1.0687361419068737,1.0687361419068737
12253,217382,217382,1.0687361419068737,1.0687361419068737
12254,217382,217382,1.0687361419068737,1.0687361419068737
12255,217382,217382,1.0687361419068737,1.0687361419068737
12256,217382,217382,1.0687361419068737,1.0687361419068737
12257,217382,217382,1.0687361419068737,1.0687361419068737
12258,217382,217382,1.0687361419068737,1.0687361419068737
12259,217382,217382,1.0687361419068737,1.0687361419068737
12260,217382,217382,1.0687361419068737,1.0687361419068737
12261,217382,217382,1.0687361419068737,1.0687361419068737
12262,217382,217382,1.0687361419068737,1.0687361419068737
12263,217382,217382,1.0687361419068737,1.0687361419068737
12264,217382,217382,1.0687361419068737,1.0687361419068737
12265,217382,217382,1.0687361419068737,1.0687361419068737
12266,217382,217382,1.0687361419068737,1.0687361419068737
12267,217382,217382,1.0687361419068737,1.0687361419068737
12268,217382,217382,1.0687361419068737,1.0687361419068737
12269,217382,217382,1.0687361419068737,1.0687361419068737
12270,217382,217382,1.0687361419068737,1.0687361419068737
12271,217382,217382,1.0687361419068737,1.0687361419068737
12272,217382,217382,1.0687361419068737,1.0687361419068737
12273,217382,217382,1.0687361419068737,1.0687361419068737
12274,217382,217382,1.0687361419068737,1.0687361419068737
12275,217382,217382,1.0687361419068737,1.0687361419068737
12276,217382,217382,1.0687361419068737,1.0687361419068737
12277,217382,217382,1.0687361419068737,1.0687361419068737
12278,217382,217382,1.0687361419068737,1.0687361419068737
12279,217382,217382,1.0687361419068737,1.0687361419068737
12280,217382,217382,1.0687361419068737,1.0687361419068737
12281,217382,217382,1.0687361419068737,1.0687361419068737
12282,217382,217382,1.0687361419068737,1.0687361419068737
12283,217382,217382,1.0687361419068737,1.0687361419068737
12284,217382,217382,1.0687361419068737,1.0687361419068737
12285,217382,217382,1.0687361419068737,1.0687361419068737
12286,217382,217382,1.0687361419068737,1.0687361419068737
12287,217382,217382,1.0687361419068737,1.0687361419068737
12288,217382,217382,1.0687361419068737,1.0687361419068737
12289,217382,217382,1.0687361419068737,1.0687361419068737
12290,217382,217382,1.0687361419068737,1.0687361419068737
12291,217382,217382,1.0687361419068737,1.0687361419068737
12292,217382,217382,1.0687361419068737,1.0687361419068737
12293,217382,217382,1.0687361419068737,1.0687361419068737
12294,217382,217382,1.0687361419068737,1.0687361419068737
12295,217382,217382,1.0687361419068737,1.0687361419068737
12296,217382,217382,1.0687361419068737,1.0687361419068737
12297,217382,217382,1.0687361419068737,1.0687361419068737
12298,217382,217382,1.0687361419068737,1.0687361419068737
12299,217382,217382,1.0687361419068737,1.0687361419068737
12300,217382,217382,1.0687361419068737,1.0687361419068737
12301,217382,217382,1.0687361419068737,1.0687361419068737
12302,217382,217382,1.0687361419068737,1.0687361419068737
12303,217382,217382,1.0687361419068737,1.0687361419068737
12304,217382,217382,1.0687361419068737,1.0687361419068737
12305,217382,217382,1.0687361419068737,1.0687361419068737
12306,217382,217382,1.0687361419068737,1.0687361419068737
12307,217382,217382,1.0687361419068737,1.0687361419068737
12308,217382,217382,1.0687361419068737,1.0687361419068737
12309,217382,217382,1.0687361419068737,1.0687361419068737
12310,217382,217382,1.0687361419068737,1.0687361419068737
12311,217382,217382,1.0687361419068737,1.0687361419068737
12312,217382,217382,1.0687361419068737,1.0687361419068737
12313,217382,217382,1.0687361419068737,1.0687361419068737
12314,217382,217382,1.0687361419068737,1.0687361419068737
12315,217382,217382,1.0687361419068737,1.0687361419068737
12316,217382,217382,1.0687361419068737,1.0687361419068737
12317,217382,217382,1.0687361419068737,1.0687361419068737
12318,217382,217382,1.0687361419068737,1.0687361419068737
12319,217382,217382,1.0687361419068737,1.0687361419068737
12320,217382,217382,1.0687361419068737,1.0687361419068737
12321,217382,217382,1.0687361419068737,1.0687361419068737
12322,217382,217382,1.0687361419068737,1.0687361419068737
12323,217382,217382,1.0687361419068737,1.0687361419068737
12324,217382,217382,1.0687361419068737,1.0687361419068737
12325,217382,217382,1.0687361419068737,1.0687361419068737
12326,217382,217382,1.0687361419068737,1.0687361419068737
12327,217382,217382,1.0687361419068737,1.0687361419068737
12328,217382,217382,1.0687361419068737,1.0687361419068737
12329,217382,217382,1.0687361419068737,1.0687361419068737
12330,217382,217382,1.0687361419068737,1.0687361419068737
12331,217382,217382,1.0687361419068737,1.0687361419068737
12332,217382,217382,1.0687361419068737,1.0687361419068737
12333,217382,217382,1.0687361419068737,1.0687361419068737
12334,217382,217382,1.0687361419068737,1.0687361419068737
12335,217382,217382,1.0687361419068737,1.0687361419068737
12336,217382,217382,1.0687361419068737,1.0687361419068737
12337,217382,217382,1.0687361419068737,1.0687361419068737
12338,217382,217382,1.0687361419068737,1.0687361419068737
12339,217382,217382,1.0687361419068737,1.0687361419068737
12340,217382,217382,1.0687361419068737,1.0687361419068737
12341,217382,217382,1.0687361419068737,1.0687361419068737
12342,217382,217382,1.0687361419068737,1.0687361419068737
12343,217382,217382,1.0687361419068737,1.0687361419068737
12344,217382,217382,1.0687361419068737,1.0687361419068737
12345,217382,217382,1.0687361419068737,1.0687361419068737
12346,217382,217382,1.0687361419068737,1.0687361419068737
12347,217382,217382,1.0687361419068737,1.0687361419068737
12348,217382,217382,1.0687361419068737,1.0687361419068737
12349,217382,217382,1.0687361419068737,1.0687361419068737
12350,217382,217382,1.0687361419068737,1.0687361419068737
12351,217382,217382,1.0687361419068737,1.0687361419068737
12352,217382,217382,1.0687361419068737,1.0687361419068737
12353,217382,217382,1.0687361419068737,1.0687361419068737
12354,217382,217382,1.0687361419068737,1.0687361419068737
12355,217382,217382,1.0687361419068737,1.0687361419068737
12356,217382,217382,1.0687361419068737,1.0687361419068737
12357,217382,217382,1.0687361419068737,1.0687361419068737
12358,217382,217382,1.0687361419068737,1.0687361419068737
12359,217382,217382,1.0687361419068737,1.0687361419068737
12360,215936,215936,1.0758928571428572,1.0758928571428572
12361,215936,215936,1.0758928571428572,1.0758928571428572
12362,215936,215936,1.0758928571428572,1.0758928571428572
12363,215936,215936,1.0758928571428572,1.0758928571428572
12364,215936,215936,1.0758928571428572,1.0758928571428572
12365,215936,215936,1.0758928571428572,1.0758928571428572
12366,215936,215936,1.0758928571428572,1.0758928571428572
12367,215936,215936,1.0758928571428572,1.0758928571428572
12368,215936,215936,1.0758928571428572,1.0758928571428572
12369,215936,215936,1.0758928571428572,1.0758928571428572
12370,215936,215936,1.0758928571428572,1.0758928571428572
12371,215936,215936,1.0758928571428572,1.0758928571428572
12372,215936,215936,1.0758928571428572,1.0758928571428572
12373,215936,215936,1.0758928571428572,1.0758928571428572
12374,215936,215936,1.0758928571428572,1.0758928571428572
12375,215936,215936,1.0758928571428572,1.0758928571428572
12376,215936,215936,1.0758928571428572,1.0758928571428572
12377,215936,215936,1.0758928571428572,1.0758928571428572
12378,215936,215936,1.0758928571428572,1.0758928571428572
12379,215936,215936,1.0758928571428572,1.0758928571428572
12380,215936,215936,1.0758928571428572,1.0758928571428572
12381,215936,215936,1.0758928571428572,1.0758928571428572
12382,215936,215936,1.0758928571428572,1.0758928571428572
12383,215936,215936,1.0758928571428572,1.0758928571428572
12384,215936,215936,1.0758928571428572,1.0758928571428572
12385,215936,215936,1.0758928571428572,1.0758928571428572
12386,215936,215936,1.0758928571428572,1.0758928571428572
12387,215936,215936,1.0758928571428572,1.0758928571428572
12388,215936,215936,1.0758928571428572,1.0758928571428572
12389,215936,215936,1.0758928571428572,1.0758928571428572
12390,215936,215936,1.0758928571428572,1.0758928571428572
12391,215936,215936,1.0758928571428572,1.0758928571428572
12392,215936,215936,1.0758928571428572,1.0758928571428572
12393,215936,215936,1.0758928571428572,1.0758928571428572
12394,215936,215936,1.0758928571428572,1.0758928571428572
12395,215936,215936,1.0758928571428572,1.0758928571428572
12396,215936,215936,1.0758928571428572,1.0758928571428572
12397,215936,215936,1.0758928571428572,1.0758928571428572
12398,215936,215936,1.0758928571428572,1.0758928571428572
12399,215936,215936,1.0758928571428572,1.0758928571428572
12400,215936,215936,1.0758928571428572,1.0758928571428572
12401,215936,215936,1.0758928571428572,1.0758928571428572
12402,215936,215936,1.0758928571428572,1.0758928571428572
12403,215936,215936,1.0758928571428572,1.0758928571428572
12404,215936,215936,1.0758928571428572,1.0758928571428572
12405,215936,215936,1.0758928571428572,1.0758928571428572
12406,215936,215936,1.0758928571428572,1.0758928571428572
12407,215936,215936,1.0758928571428572,1.0758928571428572
12408,215936,215936,1.0758928571428572,1.0758928571428572
12409,215936,215936,1.0758928571428572,1.0758928571428572
12410,215936,215936,1.0758928571428572,1.0758928571428572
12411,215936,215936,1.0758928571428572,1.0758928571428572
12412,215936,215936,1.0758928571428572,1.0758928571428572
12413,215936,215936,1.0758928571428572,1.0758928571428572
12414,215936,215936,1.0758928571428572,1.0758928571428572
12415,215936,215936,1.0758928571428572,1.0758928571428572
12416,215936,215936,1.0758928571428572,1.0758928571428572
12417,215936,215936,1.0758928571428572,1.0758928571428572
12418,215936,215936,1.0758928571428572,1.0758928571428572
12419,215936,215936,1.0758928571428572,1.0758928571428572
12420,215936,215936,1.0758928571428572,1.0758928571428572
12421,215936,215936,1.0758928571428572,1.0758928571428572
12422,215936,215936,1.0758928571428572,1.0758928571428572
12423,215936,215936,1.0758928571428572,1.0758928571428572
12424,215936,215936,1.0758928571428572,1.0758928571428572
12425,215936,215936,1.0758928571428572,1.0758928571428572
12426,215936,215936,1.0758928571428572,1.0758928571428572
12427,215936,215936,1.0758928571428572,1.0758928571428572
12428,215936,215936,1.0758928571428572,1.0758928571428572
12429,215936,215936,1.0758928571428572,1.0758928571428572
12430,215936,215936,1.0758928571428572,1.0758928571428572
12431,215936,215936,1.0758928571428572,1.0758928571428572
12432,215936,215936,1.0758928571428572,1.0758928571428572
12433,215936,215936,1.0758928571428572,1.0758928571428572
12434,215936,215936,1.0758928571428572,1.0758928571428572
12435,215936,215936,1.0758928571428572,1.0758928571428572
12436,215936,215936,1.0758928571428572,1.0758928571428572
12437,215936,215936,1.0758928571428572,1.0758928571428572
12438,215936,215936,1.0758928571428572,1.0758928571428572
12439,215936,215936,1.0758928571428572,1.0758928571428572
12440,215936,215936,1.0758928571428572,1.0758928571428572
12441,215936,215936,1.0758928571428572,1.0758928571428572
12442,215936,215936,1.0758928571428572,1.0758928571428572
12443,215936,215936,1.0758928571428572,1.0758928571428572
12444,215936,215936,1.0758928571428572,1.0758928571428572
12445,215936,215936,1.0758928571428572,1.0758928571428572
12446,215936,215936,1.0758928571428572,1.0758928571428572
12447,215936,215936,1.0758928571428572,1.0758928571428572
12448,215936,215936,1.0758928571428572,1.0758928571428572
12449,215936,215936,1.0758928571428572,1.0758928571428572
12450,215936,215936,1.0758928571428572,1.0758928571428572
12451,215936,215936,1.0758928571428572,1.0758928571428572
12452,215936,215936,1.0758928571428572,1.0758928571428572
12453,215936,215936,1.0758928571428572,1.0758928571428572
12454,215936,215936,1.0758928571428572,1.0758928571428572
12455,215936,215936,1.0758928571428572,1.0758928571428572
12456,215936,215936,1.0758928571428572,1.0758928571428572
12457,215936,215936,1.0758928571428572,1.0758928571428572
12458,215936,215936,1.0758928571428572,1.0758928571428572
12459,215936,215936,1.0758928571428572,1.0758928571428572
12460,215936,215936,1.0758928571428572,1.0758928571428572
12461,215936,215936,1.0758928571428572,1.0758928571428572
12462,215936,215936,1.0758928571428572,1.0758928571428572
12463,215936,215936,1.0758928571428572,1.0758928571428572
12464,215936,215936,1.0758928571428572,1.0758928571428572
12465,215936,215936,1.0758928571428572,1.0758928571428572
12466,215936,215936,1.0758928571428572,1.0758928571428572
12467,215936,215936,1.0758928571428572,1.0758928571428572
12468,215936,215936,1.0758928571428572,1.0758928571428572
12469,215936,215936,1.0758928571428572,1.0758928571428572
12470,215936,215936,1.0758928571428572,1.0758928571428572
12471,215936,215936,1.0758928571428572,1.0758928571428572
12472,215936,215936,1.0758928571428572,1.0758928571428572
12473,215936,215936,1.0758928571428572,1.0758928571428572
12474,215936,215936,1.0758928571428572,1.0758928571428572
12475,215936,215936,1.0758928571428572,1.0758928571428572
12476,215936,215936,1.0758928571428572,1.0758928571428572
12477,215936,215936,1.0758928571428572,1.0758928571428572
12478,215936,215936,1.0758928571428572,1.0758928571428572
12479,215936,215936,1.0758928571428572,1.0758928571428572
12480,215936,215936,1.0758928571428572,1.0758928571428572
12481,215936,215936,1.0758928571428572,1.0758928571428572
12482,215936,215936,1.0758928571428572,1.0758928571428572
12483,215936,215936,1.0758928571428572,1.0758928571428572
12484,215936,215936,1.0758928571428572,1.0758928571428572
12485,215936,215936,1.0758928571428572,1.0758928571428572
12486,215936,215936,1.0758928571428572,1.0758928571428572
12487,215936,215936,1.0758928571428572,1.0758928571428572
12488,215936,215936,1.0758928571428572,1.0758928571428572
12489,215936,215936,1.0758928571428572,1.0758928571428572
12490,215936,215936,1.0758928571428572,1.0758928571428572
12491,215936,215936,1.0758928571428572,1.0758928571428572
12492,215936,215936,1.0758928571428572,1.0758928571428572
12493,215936,215936,1.0758928571428572,1.0758928571428572
12494,215936,215936,1.0758928571428572,1.0758928571428572
12495,215936,215936,1.0758928571428572,1.0758928571428572
12496,215936,215936,1.0758928571428572,1.0758928571428572
12497,215936,215936,1.0758928571428572,1.0758928571428572
12498,215936,215936,1.0758928571428572,1.0758928571428572
12499,215936,215936,1.0758928571428572,1.0758928571428572
12500,215936,215936,1.0758928571428572,1.0758928571428572
12501,215936,215936,1.0758928571428572,1.0758928571428572
12502,215936,215936,1.0758928571428572,1.0758928571428572
12503,215936,215936,1.0758928571428572,1.0758928571428572
12504,215936,215936,1.0758928571428572,1.0758928571428572
12505,215936,215936,1.0758928571428572,1.0758928571428572
12506,215936,215936,1.0758928571428572,1.0758928571428572
12507,215936,215936,1.0758928571428572,1.0758928571428572
12508,215936,215936,1.0758928571428572,1.0758928571428572
12509,215936,215936,1.0758928571428572,1.0758928571428572
12510,215936,215936,1.0758928571428572,1.0758928571428572
12511,215936,215936,1.0758928571428572,1.0758928571428572
12512,215936,215936,1.0758928571428572,1.0758928571428572
12513,215936,215936,1.0758928571428572,1.0758928571428572
12514,215936,215936,1.0758928571428572,1.0758928571428572
12515,215936,215936,1.0758928571428572,1.0758928571428572
12516,215936,215936,1.0758928571428572,1.0758928571428572
12517,215936,215936,1.0758928571428572,1.0758928571428572
12518,215936,215936,1.0758928571428572,1.0758928571428572
12519,215936,215936,1.0758928571428572,1.0758928571428572
12520,215936,215936,1.0758928571428572,1.0758928571428572
12521,215936,215936,1.0758928571428572,1.0758928571428572
12522,215936,215936,1.0758928571428572,1.0758928571428572
12523,215936,215936,1.0758928571428572,1.0758928571428572
12524,215936,215936,1.0758928571428572,1.0758928571428572
12525,215936,215936,1.0758928571428572,1.0758928571428572
12526,215936,215936,1.0758928571428572,1.0758928571428572
12527,215936,215936,1.0758928571428572,1.0758928571428572
12528,215936,215936,1.0758928571428572,1.0758928571428572
12529,215936,215936,1.0758928571428572,1.0758928571428572
12530,215936,215936,1.0758928571428572,1.0758928571428572
12531,215936,215936,1.0758928571428572,1.0758928571428572
12532,215936,215936,1.0758928571428572,1.0758928571428572
12533,215936,215936,1.0758928571428572,1.0758928571428572
12534,215936,215936,1.0758928571428572,1.0758928571428572
12535,215936,215936,1.0758928571428572,1.0758928571428572
12536,215936,215936,1.0758928571428572,1.0758928571428572
12537,215936,215936,1.0758928571428572,1.0758928571428572
12538,215936,215936,1.0758928571428572,1.0758928571428572
12539,215936,215936,1.0758928571428572,1.0758928571428572
12540,215936,215936,1.0758928571428572,1.0758928571428572
12541,215936,215936,1.0758928571428572,1.0758928571428572
12542,215936,215936,1.0758928571428572,1.0758928571428572
12543,215936,215936,1.0758928571428572,1.0758928571428572
12544,215936,215936,1.0758928571428572,1.0758928571428572
12545,215936,215936,1.0758928571428572,1.0758928571428572
12546,215936,215936,1.0758928571428572,1.0758928571428572
12547,215936,215936,1.0758928571428572,1.0758928571428572
12548,215936,215936,1.0758928571428572,1.0758928571428572
12549,215936,215936,1.0758928571428572,1.0758928571428572
12550,215936,215936,1.0758928571428572,1.0758928571428572
12551,215936,215936,1.0758928571428572,1.0758928571428572
12552,215936,215936,1.0758928571428572,1.0758928571428572
12553,215936,215936,1.0758928571428572,1.0758928571428572
12554,215936,215936,1.0758928571428572,1.0758928571428572
12555,215936,215936,1.0758928571428572,1.0758928571428572
12556,215936,215936,1.0758928571428572,1.0758928571428572
12557,215936,215936,1.0758928571428572,1.0758928571428572
12558,215936,215936,1.0758928571428572,1.0758928571428572
12559,215936,215936,1.0758928571428572,1.0758928571428572
12560,215936,215936,1.0758928571428572,1.0758928571428572
12561,215936,215936,1.0758928571428572,1.0758928571428572
12562,215936,215936,1.0758928571428572,1.0758928571428572
12563,215936,215936,1.0758928571428572,1.0758928571428572
12564,215936,215936,1.0758928571428572,1.0758928571428572
12565,215936,215936,1.0758928571428572,1.0758928571428572
12566,215936,215936,1.0758928571428572,1.0758928571428572
12567,215936,215936,1.0758928571428572,1.0758928571428572
12568,215936,215936,1.0758928571428572,1.0758928571428572
12569,215936,215936,1.0758928571428572,1.0758928571428572
12570,215936,215936,1.0758928571428572,1.0758928571428572
12571,215936,215936,1.0758928571428572,1.0758928571428572
12572,215936,215936,1.0758928571428572,1.0758928571428572
12573,215936,215936,1.0758928571428572,1.0758928571428572
12574,215936,215936,1.0758928571428572,1.0758928571428572
12575,215936,215936,1.0758928571428572,1.0758928571428572
12576,215936,215936,1.0758928571428572,1.0758928571428572
12577,215936,215936,1.0758928571428572,1.0758928571428572
12578,215936,215936,1.0758928571428572,1.0758928571428572
12579,215936,215936,1.0758928571428572,1.0758928571428572
12580,215936,215936,1.0758928571428572,1.0758928571428572
12581,215936,215936,1.0758928571428572,1.0758928571428572
12582,215936,215936,1.0758928571428572,1.0758928571428572
12583,215936,215936,1.0758928571428572,1.0758928571428572
12584,215936,215936,1.0758928571428572,1.0758928571428572
12585,215936,215936,1.0758928571428572,1.0758928571428572
12586,215936,215936,1.0758928571428572,1.0758928571428572
12587,215936,215936,1.0758928571428572,1.0758928571428572
12588,215936,215936,1.0758928571428572,1.0758928571428572
12589,215936,215936,1.0758928571428572,1.0758928571428572
12590,215936,215936,1.0758928571428572,1.0758928571428572
12591,215936,215936,1.0758928571428572,1.0758928571428572
12592,215936,215936,1.0758928571428572,1.0758928571428572
12593,215936,215936,1.0758928571428572,1.0758928571428572
12594,215936,215936,1.0758928571428572,1.0758928571428572
12595,215936,215936,1.0758928571428572,1.0758928571428572
12596,215936,215936,1.0758928571428572,1.0758928571428572
12597,215936,215936,1.0758928571428572,1.0758928571428572
12598,215936,215936,1.0758928571428572,1.0758928571428572
12599,215936,215936,1.0758928571428572,1.0758928571428572
12600,215936,215936,1.0758928571428572,1.0758928571428572
12601,215936,215936,1.0758928571428572,1.0758928571428572
12602,215936,215936,1.0758928571428572,1.0758928571428572
12603,215936,215936,1.0758928571428572,1.0758928571428572
12604,215936,215936,1.0758928571428572,1.0758928571428572
12605,215936,215936,1.0758928571428572,1.0758928571428572
12606,215936,215936,1.0758928571428572,1.0758928571428572
12607,215936,215936,1.0758928571428572,1.0758928571428572
12608,215936,215936,1.0758928571428572,1.0758928571428572
12609,215936,215936,1.0758928571428572,1.0758928571428572
12610,215936,215936,1.0758928571428572,1.0758928571428572
12611,215936,215936,1.0758928571428572,1.0758928571428572
12612,215936,215936,1.0758928571428572,1.0758928571428572
12613,215936,215936,1.0758928571428572,1.0758928571428572
12614,215936,215936,1.0758928571428572,1.0758928571428572
12615,215936,215936,1.0758928571428572,1.0758928571428572
12616,215936,215936,1.0758928571428572,1.0758928571428572
12617,215936,215936,1.0758928571428572,1.0758928571428572
12618,215936,215936,1.0758928571428572,1.0758928571428572
12619,215936,215936,1.0758928571428572,1.0758928571428572
12620,215936,215936,1.0758928571428572,1.0758928571428572
12621,215936,215936,1.0758928571428572,1.0758928571428572
12622,215936,215936,1.0758928571428572,1.0758928571428572
12623,215936,215936,1.0758928571428572,1.0758928571428572
12624,215936,215936,1.0758928571428572,1.0758928571428572
12625,215936,215936,1.0758928571428572,1.0758928571428572
12626,215936,215936,1.0758928571428572,1.0758928571428572
12627,215936,215936,1.0758928571428572,1.0758928571428572
12628,215936,215936,1.0758928571428572,1.0758928571428572
12629,215936,215936,1.0758928571428572,1.0758928571428572
12630,215936,215936,1.0758928571428572,1.0758928571428572
12631,215936,215936,1.0758928571428572,1.0758928571428572
12632,215936,215936,1.0758928571428572,1.0758928571428572
12633,215936,215936,1.0758928571428572,1.0758928571428572
12634,215936,215936,1.0758928571428572,1.0758928571428572
12635,215936,215936,1.0758928571428572,1.0758928571428572
12636,215936,215936,1.0758928571428572,1.0758928571428572
12637,215936,215936,1.0758928571428572,1.0758928571428572
12638,215936,215936,1.0758928571428572,1.0758928571428572
12639,215936,215936,1.0758928571428572,1.0758928571428572
12640,215936,215936,1.0758928571428572,1.0758928571428572
12641,215936,215936,1.0758928571428572,1.0758928571428572
12642,215936,215936,1.0758928571428572,1.0758928571428572
12643,215936,215936,1.0758928571428572,1.0758928571428572
12644,215936,215936,1.0758928571428572,1.0758928571428572
12645,215936,215936,1.0758928571428572,1.0758928571428572
12646,215936,215936,1.0758928571428572,1.0758928571428572
12647,215936,215936,1.0758928571428572,1.0758928571428572
12648,215936,215936,1.0758928571428572,1.0758928571428572
12649,215936,215936,1.0758928571428572,1.0758928571428572
12650,215936,215936,1.0758928571428572,1.0758928571428572
12651,215936,215936,1.0758928571428572,1.0758928571428572
12652,215936,215936,1.0758928571428572,1.0758928571428572
12653,215936,215936,1.0758928571428572,1.0758928571428572
12654,215936,215936,1.0758928571428572,1.0758928571428572
12655,215936,215936,1.0758928571428572,1.0758928571428572
12656,215936,215936,1.0758928571428572,1.0758928571428572
12657,215936,215936,1.0758928571428572,1.0758928571428572
12658,215936,215936,1.0758928571428572,1.0758928571428572
12659,215936,215936,1.0758928571428572,1.0758928571428572
12660,215936,215936,1.0758928571428572,1.0758928571428572
12661,215936,215936,1.0758928571428572,1.0758928571428572
12662,215936,215936,1.0758928571428572,1.0758928571428572
12663,215936,215936,1.0758928571428572,1.0758928571428572
12664,215936,215936,1.0758928571428572,1.0758928571428572
12665,215936,215936,1.0758928571428572,1.0758928571428572
12666,215936,215936,1.0758928571428572,1.0758928571428572
12667,215936,215936,1.0758928571428572,1.0758928571428572
12668,215936,215936,1.0758928571428572,1.0758928571428572
12669,215936,215936,1.0758928571428572,1.0758928571428572
12670,215936,215936,1.0758928571428572,1.0758928571428572
12671,215936,215936,1.0758928571428572,1.0758928571428572
12672,215936,215936,1.0758928571428572,1.0758928571428572
12673,215936,215936,1.0758928571428572,1.0758928571428572
12674,215936,215936,1.0758928571428572,1.0758928571428572
12675,215936,215936,1.0758928571428572,1.0758928571428572
12676,215936,215936,1.0758928571428572,1.0758928571428572
12677,215936,215936,1.0758928571428572,1.0758928571428572
12678,215936,215936,1.0758928571428572,1.0758928571428572
12679,215936,215936,1.0758928571428572,1.0758928571428572
12680,215936,215936,1.0758928571428572,1.0758928571428572
12681,215936,215936,1.0758928571428572,1.0758928571428572
12682,215936,215936,1.0758928571428572,1.0758928571428572
12683,215936,215936,1.0758928571428572,1.0758928571428572
12684,215936,215936,1.0758928571428572,1.0758928571428572
12685,215936,215936,1.0758928571428572,1.0758928571428572
12686,215936,215936,1.0758928571428572,1.0758928571428572
12687,215936,215936,1.0758928571428572,1.0758928571428572
12688,215936,215936,1.0758928571428572,1.0758928571428572
12689,215936,215936,1.0758928571428572,1.0758928571428572
12690,215936,215936,1.0758928571428572,1.0758928571428572
12691,215936,215936,1.0758928571428572,1.0758928571428572
12692,215936,215936,1.0758928571428572,1.0758928571428572
12693,215936,215936,1.0758928571428572,1.0758928571428572
12694,215936,215936,1.0758928571428572,1.0758928571428572
12695,215936,215936,1.0758928571428572,1.0758928571428572
12696,215936,215936,1.0758928571428572,1.0758928571428572
12697,215936,215936,1.0758928571428572,1.0758928571428572
12698,215936,215936,1.0758928571428572,1.0758928571428572
12699,215936,215936,1.0758928571428572,1.0758928571428572
12700,215936,215936,1.0758928571428572,1.0758928571428572
12701,215936,215936,1.0758928571428572,1.0758928571428572
12702,215936,215936,1.0758928571428572,1.0758928571428572
12703,215936,215936,1.0758928571428572,1.0758928571428572
12704,215936,215936,1.0758928571428572,1.0758928571428572
12705,215936,215936,1.0758928571428572,1.0758928571428572
12706,215936,215936,1.0758928571428572,1.0758928571428572
12707,215936,215936,1.0758928571428572,1.0758928571428572
12708,215936,215936,1.0758928571428572,1.0758928571428572
12709,215936,215936,1.0758928571428572,1.0758928571428572
12710,215936,215936,1.0758928571428572,1.0758928571428572
12711,215936,215936,1.0758928571428572,1.0758928571428572
12712,215936,215936,1.0758928571428572,1.0758928571428572
12713,215936,215936,1.0758928571428572,1.0758928571428572
12714,215936,215936,1.0758928571428572,1.0758928571428572
12715,215936,215936,1.0758928571428572,1.0758928571428572
12716,215936,215936,1.0758928571428572,1.0758928571428572
12717,215936,215936,1.0758928571428572,1.0758928571428572
12718,215936,215936,1.0758928571428572,1.0758928571428572
12719,215936,215936,1.0758928571428572,1.0758928571428572
12720,215936,215936,1.0758928571428572,1.0758928571428572
12721,215936,215936,1.0758928571428572,1.0758928571428572
12722,215936,215936,1.0758928571428572,1.0758928571428572
12723,215936,215936,1.0758928571428572,1.0758928571428572
12724,215936,215936,1.0758928571428572,1.0758928571428572
12725,215936,215936,1.0758928571428572,1.0758928571428572
12726,215936,215936,1.0758928571428572,1.0758928571428572
12727,215936,215936,1.0758928571428572,1.0758928571428572
12728,215936,215936,1.0758928571428572,1.0758928571428572
12729,215936,215936,1.0758928571428572,1.0758928571428572
12730,215936,215936,1.0758928571428572,1.0758928571428572
12731,215936,215936,1.0758928571428572,1.0758928571428572
12732,215936,215936,1.0758928571428572,1.0758928571428572
12733,215936,215936,1.0758928571428572,1.0758928571428572
12734,215936,215936,1.0758928571428572,1.0758928571428572
12735,215936,215936,1.0758928571428572,1.0758928571428572
12736,215936,215936,1.0758928571428572,1.0758928571428572
12737,215936,215936,1.0758928571428572,1.0758928571428572
12738,215936,215936,1.0758928571428572,1.0758928571428572
12739,215936,215936,1.0758928571428572,1.0758928571428572
12740,215936,215936,1.0758928571428572,1.0758928571428572
12741,215936,215936,1.0758928571428572,1.0758928571428572
12742,215936,215936,1.0758928571428572,1.0758928571428572
12743,215936,215936,1.0758928571428572,1.0758928571428572
12744,215936,215936,1.0758928571428572,1.0758928571428572
12745,215936,215936,1.0758928571428572,1.0758928571428572
12746,215936,215936,1.0758928571428572,1.0758928571428572
12747,215936,215936,1.0758928571428572,1.0758928571428572
12748,215936,215936,1.0758928571428572,1.0758928571428572
12749,215936,215936,1.0758928571428572,1.0758928571428572
12750,215936,215936,1.0758928571428572,1.0758928571428572
12751,215936,215936,1.0758928571428572,1.0758928571428572
12752,215936,215936,1.0758928571428572,1.0758928571428572
12753,215936,215936,1.0758928571428572,1.0758928571428572
12754,215936,215936,1.0758928571428572,1.0758928571428572
12755,215936,215936,1.0758928571428572,1.0758928571428572
12756,215936,215936,1.0758928571428572,1.0758928571428572
12757,215936,215936,1.0758928571428572,1.0758928571428572
12758,215936,215936,1.0758928571428572,1.0758928571428572
12759,215936,215936,1.0758928571428572,1.0758928571428572
12760,215936,215936,1.0758928571428572,1.0758928571428572
12761,215936,215936,1.0758928571428572,1.0758928571428572
12762,215936,215936,1.0758928571428572,1.0758928571428572
12763,215936,215936,1.0758928571428572,1.0758928571428572
12764,215936,215936,1.0758928571428572,1.0758928571428572
12765,215936,215936,1.0758928571428572,1.0758928571428572
12766,215936,215936,1.0758928571428572,1.0758928571428572
12767,215936,215936,1.0758928571428572,1.0758928571428572
12768,215936,215936,1.0758928571428572,1.0758928571428572
12769,215936,215936,1.0758928571428572,1.0758928571428572
12770,215936,215936,1.0758928571428572,1.0758928571428572
12771,215936,215936,1.0758928571428572,1.0758928571428572
12772,215936,215936,1.0758928571428572,1.0758928571428572
12773,215936,215936,1.0758928571428572,1.0758928571428572
12774,215936,215936,1.0758928571428572,1.0758928571428572
12775,215936,215936,1.0758928571428572,1.0758928571428572
12776,215936,215936,1.0758928571428572,1.0758928571428572
12777,215936,215936,1.0758928571428572,1.0758928571428572
12778,215936,215936,1.0758928571428572,1.0758928571428572
12779,215936,215936,1.0758928571428572,1.0758928571428572
12780,215936,215936,1.0758928571428572,1.0758928571428572
12781,215936,215936,1.0758928571428572,1.0758928571428572
12782,215936,215936,1.0758928571428572,1.0758928571428572
12783,215936,215936,1.0758928571428572,1.0758928571428572
12784,215936,215936,1.0758928571428572,1.0758928571428572
12785,215936,215936,1.0758928571428572,1.0758928571428572
12786,215936,215936,1.0758928571428572,1.0758928571428572
12787,215936,215936,1.0758928571428572,1.0758928571428572
12788,215936,215936,1.0758928571428572,1.0758928571428572
12789,215936,215936,1.0758928571428572,1.0758928571428572
12790,215936,215936,1.0758928571428572,1.0758928571428572
12791,215936,215936,1.0758928571428572,1.0758928571428572
12792,215936,215936,1.0758928571428572,1.0758928571428572
12793,215936,215936,1.0758928571428572,1.0758928571428572
12794,215936,215936,1.0758928571428572,1.0758928571428572
12795,215936,215936,1.0758928571428572,1.0758928571428572
12796,215936,215936,1.0758928571428572,1.0758928571428572
12797,215936,215936,1.0758928571428572,1.0758928571428572
12798,215936,215936,1.0758928571428572,1.0758928571428572
12799,215936,215936,1.0758928571428572,1.0758928571428572
12800,215936,215936,1.0758928571428572,1.0758928571428572
12801,215936,215936,1.0758928571428572,1.0758928571428572
12802,215936,215936,1.0758928571428572,1.0758928571428572
12803,215936,215936,1.0758928571428572,1.0758928571428572
12804,215936,215936,1.0758928571428572,1.0758928571428572
12805,215936,215936,1.0758928571428572,1.0758928571428572
12806,215936,215936,1.0758928571428572,1.0758928571428572
12807,215936,215936,1.0758928571428572,1.0758928571428572
12808,215936,215936,1.0758928571428572,1.0758928571428572
12809,215936,215936,1.0758928571428572,1.0758928571428572
12810,215936,215936,1.0758928571428572,1.0758928571428572
12811,215936,215936,1.0758928571428572,1.0758928571428572
12812,215936,215936,1.0758928571428572,1.0758928571428572
12813,215936,215936,1.0758928571428572,1.0758928571428572
12814,215936,215936,1.0758928571428572,1.0758928571428572
12815,215936,215936,1.0758928571428572,1.0758928571428572
12816,215936,215936,1.0758928571428572,1.0758928571428572
12817,215936,215936,1.0758928571428572,1.0758928571428572
12818,215936,215936,1.0758928571428572,1.0758928571428572
12819,215936,215936,1.0758928571428572,1.0758928571428572
12820,215936,215936,1.0758928571428572,1.0758928571428572
12821,215936,215936,1.0758928571428572,1.0758928571428572
12822,215936,215936,1.0758928571428572,1.0758928571428572
12823,215936,215936,1.0758928571428572,1.0758928571428572
12824,215936,215936,1.0758928571428572,1.0758928571428572
12825,215936,215936,1.0758928571428572,1.0758928571428572
12826,215936,215936,1.0758928571428572,1.0758928571428572
12827,215936,215936,1.0758928571428572,1.0758928571428572
12828,215936,215936,1.0758928571428572,1.0758928571428572
12829,215936,215936,1.0758928571428572,1.0758928571428572
12830,215936,215936,1.0758928571428572,1.0758928571428572
12831,215936,215936,1.0758928571428572,1.0758928571428572
12832,215936,215936,1.0758928571428572,1.0758928571428572
12833,215936,215936,1.0758928571428572,1.0758928571428572
12834,215936,215936,1.0758928571428572,1.0758928571428572
12835,215936,215936,1.0758928571428572,1.0758928571428572
12836,215936,215936,1.0758928571428572,1.0758928571428572
12837,215936,215936,1.0758928571428572,1.0758928571428572
12838,215936,215936,1.0758928571428572,1.0758928571428572
12839,215936,215936,1.0758928571428572,1.0758928571428572
12840,215936,215936,1.0758928571428572,1.0758928571428572
12841,215936,215936,1.0758928571428572,1.0758928571428572
12842,215936,215936,1.0758928571428572,1.0758928571428572
12843,215936,215936,1.0758928571428572,1.0758928571428572
12844,215936,215936,1.0758928571428572,1.0758928571428572
12845,215936,215936,1.0758928571428572,1.0758928571428572
12846,215936,215936,1.0758928571428572,1.0758928571428572
12847,215936,215936,1.0758928571428572,1.0758928571428572
12848,215936,215936,1.0758928571428572,1.0758928571428572
12849,215936,215936,1.0758928571428572,1.0758928571428572
12850,215936,215936,1.0758928571428572,1.0758928571428572
12851,215936,215936,1.0758928571428572,1.0758928571428572
12852,215936,215936,1.0758928571428572,1.0758928571428572
12853,215936,215936,1.0758928571428572,1.0758928571428572
12854,215936,215936,1.0758928571428572,1.0758928571428572
12855,215936,215936,1.0758928571428572,1.0758928571428572
12856,215936,215936,1.0758928571428572,1.0758928571428572
12857,215936,215936,1.0758928571428572,1.0758928571428572
12858,215936,215936,1.0758928571428572,1.0758928571428572
12859,215936,215936,1.0758928571428572,1.0758928571428572
12860,215936,215936,1.0758928571428572,1.0758928571428572
12861,215936,215936,1.0758928571428572,1.0758928571428572
12862,215936,215936,1.0758928571428572,1.0758928571428572
12863,215936,215936,1.0758928571428572,1.0758928571428572
12864,215936,215936,1.0758928571428572,1.0758928571428572
12865,215936,215936,1.0758928571428572,1.0758928571428572
12866,215936,215936,1.0758928571428572,1.0758928571428572
12867,215936,215936,1.0758928571428572,1.0758928571428572
12868,215936,215936,1.0758928571428572,1.0758928571428572
12869,215936,215936,1.0758928571428572,1.0758928571428572
12870,215936,215936,1.0758928571428572,1.0758928571428572
12871,215936,215936,1.0758928571428572,1.0758928571428572
12872,215936,215936,1.0758928571428572,1.0758928571428572
12873,215936,215936,1.0758928571428572,1.0758928571428572
12874,215936,215936,1.0758928571428572,1.0758928571428572
12875,215936,215936,1.0758928571428572,1.0758928571428572
12876,215936,215936,1.0758928571428572,1.0758928571428572
12877,215936,215936,1.0758928571428572,1.0758928571428572
12878,215936,215936,1.0758928571428572,1.0758928571428572
12879,215936,215936,1.0758928571428572,1.0758928571428572
12880,215936,215936,1.0758928571428572,1.0758928571428572
12881,215936,215936,1.0758928571428572,1.0758928571428572
12882,215936,215936,1.0758928571428572,1.0758928571428572
12883,215936,215936,1.0758928571428572,1.0758928571428572
12884,215936,215936,1.0758928571428572,1.0758928571428572
12885,215936,215936,1.0758928571428572,1.0758928571428572
12886,215936,215936,1.0758928571428572,1.0758928571428572
12887,215936,215936,1.0758928571428572,1.0758928571428572
12888,215936,215936,1.0758928571428572,1.0758928571428572
12889,215936,215936,1.0758928571428572,1.0758928571428572
12890,215936,215936,1.0758928571428572,1.0758928571428572
12891,215936,215936,1.0758928571428572,1.0758928571428572
12892,215936,215936,1.0758928571428572,1.0758928571428572
12893,215936,215936,1.0758928571428572,1.0758928571428572
12894,215936,215936,1.0758928571428572,1.0758928571428572
12895,215936,215936,1.0758928571428572,1.0758928571428572
12896,215936,215936,1.0758928571428572,1.0758928571428572
12897,215936,215936,1.0758928571428572,1.0758928571428572
12898,215936,215936,1.0758928571428572,1.0758928571428572
12899,215936,215936,1.0758928571428572,1.0758928571428572
12900,215936,215936,1.0758928571428572,1.0758928571428572
12901,215936,215936,1.0758928571428572,1.0758928571428572
12902,215936,215936,1.0758928571428572,1.0758928571428572
12903,215550,215550,1.0644444444444445,1.0644444444444445
12904,215550,215550,1.0644444444444445,1.0644444444444445
12905,215550,215550,1.0644444444444445,1.0644444444444445
12906,215550,215550,1.0644444444444445,1.0644444444444445
12907,215550,215550,1.0644444444444445,1.0644444444444445
12908,215550,215550,1.0644444444444445,1.0644444444444445
12909,215550,215550,1.0644444444444445,1.0644444444444445
12910,215550,215550,1.0644444444444445,1.0644444444444445
12911,215550,215550,1.0644444444444445,1.0644444444444445
12912,215550,215550,1.0644444444444445,1.0644444444444445
12913,215550,215550,1.0644444444444445,1.0644444444444445
12914,215550,215550,1.0644444444444445,1.0644444444444445
12915,215550,215550,1.0644444444444445,1.0644444444444445
12916,215550,215550,1.0644444444444445,1.0644444444444445
12917,215550,215550,1.0644444444444445,1.0644444444444445
12918,215550,215550,1.0644444444444445,1.0644444444444445
12919,215550,215550,1.0644444444444445,1.0644444444444445
12920,215550,215550,1.0644444444444445,1.0644444444444445
12921,215550,215550,1.0644444444444445,1.0644444444444445
12922,215550,215550,1.0644444444444445,1.0644444444444445
12923,215550,215550,1.0644444444444445,1.0644444444444445
12924,215550,215550,1.0644444444444445,1.0644444444444445
12925,215550,215550,1.0644444444444445,1.0644444444444445
12926,215550,215550,1.0644444444444445,1.0644444444444445
12927,215550,215550,1.0644444444444445,1.0644444444444445
12928,215550,215550,1.0644444444444445,1.0644444444444445
12929,215550,215550,1.0644444444444445,1.0644444444444445
12930,215550,215550,1.0644444444444445,1.0644444444444445
12931,215550,215550,1.0644444444444445,1.0644444444444445
12932,215550,215550,1.0644444444444445,1.0644444444444445
12933,215550,215550,1.0644444444444445,1.0644444444444445
12934,215550,215550,1.0644444444444445,1.0644444444444445
12935,215550,215550,1.0644444444444445,1.0644444444444445
12936,215550,215550,1.0644444444444445,1.0644444444444445
12937,215550,215550,1.0644444444444445,1.0644444444444445
12938,215550,215550,1.0644444444444445,1.0644444444444445
12939,215550,215550,1.0644444444444445,1.0644444444444445
12940,215550,215550,1.0644444444444445,1.0644444444444445
12941,215550,215550,1.0644444444444445,1.0644444444444445
12942,215550,215550,1.0644444444444445,1.0644444444444445
12943,215550,215550,1.0644444444444445,1.0644444444444445
12944,215550,215550,1.0644444444444445,1.0644444444444445
12945,215550,215550,1.0644444444444445,1.0644444444444445
12946,215550,215550,1.0644444444444445,1.0644444444444445
12947,215550,215550,1.0644444444444445,1.0644444444444445
12948,215550,215550,1.0644444444444445,1.0644444444444445
12949,215550,215550,1.0644444444444445,1.0644444444444445
12950,215550,215550,1.0644444444444445,1.0644444444444445
12951,215550,215550,1.0644444444444445,1.0644444444444445
12952,215550,215550,1.0644444444444445,1.0644444444444445
12953,215550,215550,1.0644444444444445,1.0644444444444445
12954,215550,215550,1.0644444444444445,1.0644444444444445
12955,215550,215550,1.0644444444444445,1.0644444444444445
12956,215550,215550,1.0644444444444445,1.0644444444444445
12957,215550,215550,1.0644444444444445,1.0644444444444445
12958,215550,215550,1.0644444444444445,1.0644444444444445
12959,215550,215550,1.0644444444444445,1.0644444444444445
12960,215550,215550,1.0644444444444445,1.0644444444444445
12961,215550,215550,1.0644444444444445,1.0644444444444445
12962,215550,215550,1.0644444444444445,1.0644444444444445
12963,215550,215550,1.0644444444444445,1.0644444444444445
12964,215550,215550,1.0644444444444445,1.0644444444444445
12965,215550,215550,1.0644444444444445,1.0644444444444445
12966,215550,215550,1.0644444444444445,1.0644444444444445
12967,215550,215550,1.0644444444444445,1.0644444444444445
12968,215550,215550,1.0644444444444445,1.0644444444444445
12969,215550,215550,1.0644444444444445,1.0644444444444445
12970,215550,215550,1.0644444444444445,1.0644444444444445
12971,215550,215550,1.0644444444444445,1.0644444444444445
12972,215550,215550,1.0644444444444445,1.0644444444444445
12973,215550,215550,1.0644444444444445,1.0644444444444445
12974,215550,215550,1.0644444444444445,1.0644444444444445
12975,215550,215550,1.0644444444444445,1.0644444444444445
12976,215550,215550,1.0644444444444445,1.0644444444444445
12977,215550,215550,1.0644444444444445,1.0644444444444445
12978,215550,215550,1.0644444444444445,1.0644444444444445
12979,215550,215550,1.0644444444444445,1.0644444444444445
12980,215550,215550,1.0644444444444445,1.0644444444444445
12981,215550,215550,1.0644444444444445,1.0644444444444445
12982,215550,215550,1.0644444444444445,1.0644444444444445
12983,215550,215550,1.0644444444444445,1.0644444444444445
12984,215550,215550,1.0644444444444445,1.0644444444444445
12985,215550,215550,1.0644444444444445,1.0644444444444445
12986,215550,215550,1.0644444444444445,1.0644444444444445
12987,215550,215550,1.0644444444444445,1.0644444444444445
12988,215550,215550,1.0644444444444445,1.0644444444444445
12989,215550,215550,1.0644444444444445,1.0644444444444445
12990,215550,215550,1.0644444444444445,1.0644444444444445
12991,215550,215550,1.0644444444444445,1.0644444444444445
12992,215550,215550,1.0644444444444445,1.0644444444444445
12993,215550,215550,1.0644444444444445,1.0644444444444445
12994,215550,215550,1.0644444444444445,1.0644444444444445
12995,215550,215550,1.0644444444444445,1.0644444444444445
12996,215550,215550,1.0644444444444445,1.0644444444444445
12997,215550,215550,1.0644444444444445,1.0644444444444445
12998,215550,215550,1.0644444444444445,1.0644444444444445
12999,215550,215550,1.0644444444444445,1.0644444444444445
13000,215550,215550,1.0644444444444445,1.0644444444444445
13001,215550,215550,1.0644444444444445,1.0644444444444445
13002,215550,215550,1.0644444444444445,1.0644444444444445
13003,215550,215550,1.0644444444444445,1.0644444444444445
13004,215550,215550,1.0644444444444445,1.0644444444444445
13005,215550,215550,1.0644444444444445,1.0644444444444445
13006,215550,215550,1.0644444444444445,1.0644444444444445
13007,215550,215550,1.0644444444444445,1.0644444444444445
13008,215550,215550,1.0644444444444445,1.0644444444444445
13009,215550,215550,1.0644444444444445,1.0644444444444445
13010,215550,215550,1.0644444444444445,1.0644444444444445
13011,215550,215550,1.0644444444444445,1.0644444444444445
13012,215550,215550,1.0644444444444445,1.0644444444444445
13013,215550,215550,1.0644444444444445,1.0644444444444445
13014,215550,215550,1.0644444444444445,1.0644444444444445
13015,215550,215550,1.0644444444444445,1.0644444444444445
13016,215550,215550,1.0644444444444445,1.0644444444444445
13017,215550,215550,1.0644444444444445,1.0644444444444445
13018,215550,215550,1.0644444444444445,1.0644444444444445
13019,215550,215550,1.0644444444444445,1.0644444444444445
13020,215550,215550,1.0644444444444445,1.0644444444444445
13021,215550,215550,1.0644444444444445,1.0644444444444445
13022,215550,215550,1.0644444444444445,1.0644444444444445
13023,215550,215550,1.0644444444444445,1.0644444444444445
13024,215550,215550,1.0644444444444445,1.0644444444444445
13025,215550,215550,1.0644444444444445,1.0644444444444445
13026,215550,215550,1.0644444444444445,1.0644444444444445
13027,215550,215550,1.0644444444444445,1.0644444444444445
13028,215550,215550,1.0644444444444445,1.0644444444444445
13029,215550,215550,1.0644444444444445,1.0644444444444445
13030,215550,215550,1.0644444444444445,1.0644444444444445
13031,215550,215550,1.0644444444444445,1.0644444444444445
13032,215550,215550,1.0644444444444445,1.0644444444444445
13033,215550,215550,1.0644444444444445,1.0644444444444445
13034,215550,215550,1.0644444444444445,1.0644444444444445
13035,215550,215550,1.0644444444444445,1.0644444444444445
13036,215550,215550,1.0644444444444445,1.0644444444444445
13037,215550,215550,1.0644444444444445,1.0644444444444445
13038,215550,215550,1.0644444444444445,1.0644444444444445
13039,215550,215550,1.0644444444444445,1.0644444444444445
13040,215550,215550,1.0644444444444445,1.0644444444444445
13041,215550,215550,1.0644444444444445,1.0644444444444445
13042,215550,215550,1.0644444444444445,1.0644444444444445
13043,215550,215550,1.0644444444444445,1.0644444444444445
13044,215550,215550,1.0644444444444445,1.0644444444444445
13045,215550,215550,1.0644444444444445,1.0644444444444445
13046,215550,215550,1.0644444444444445,1.0644444444444445
13047,215550,215550,1.0644444444444445,1.0644444444444445
13048,215550,215550,1.0644444444444445,1.0644444444444445
13049,215550,215550,1.0644444444444445,1.0644444444444445
13050,215550,215550,1.0644444444444445,1.0644444444444445
13051,215550,215550,1.0644444444444445,1.0644444444444445
13052,215550,215550,1.0644444444444445,1.0644444444444445
13053,215550,215550,1.0644444444444445,1.0644444444444445
13054,215550,215550,1.0644444444444445,1.0644444444444445
13055,215550,215550,1.0644444444444445,1.0644444444444445
13056,215550,215550,1.0644444444444445,1.0644444444444445
13057,215550,215550,1.0644444444444445,1.0644444444444445
13058,215550,215550,1.0644444444444445,1.0644444444444445
13059,215550,215550,1.0644444444444445,1.0644444444444445
13060,215550,215550,1.0644444444444445,1.0644444444444445
13061,215550,215550,1.0644444444444445,1.0644444444444445
13062,215550,215550,1.0644444444444445,1.0644444444444445
13063,215550,215550,1.0644444444444445,1.0644444444444445
13064,215550,215550,1.0644444444444445,1.0644444444444445
13065,215550,215550,1.0644444444444445,1.0644444444444445
13066,215550,215550,1.0644444444444445,1.0644444444444445
13067,215550,215550,1.0644444444444445,1.0644444444444445
13068,215550,215550,1.0644444444444445,1.0644444444444445
13069,215550,215550,1.0644444444444445,1.0644444444444445
13070,215550,215550,1.0644444444444445,1.0644444444444445
13071,215550,215550,1.0644444444444445,1.0644444444444445
13072,215550,215550,1.0644444444444445,1.0644444444444445
13073,215550,215550,1.0644444444444445,1.0644444444444445
13074,215550,215550,1.0644444444444445,1.0644444444444445
13075,215550,215550,1.0644444444444445,1.0644444444444445
13076,215550,215550,1.0644444444444445,1.0644444444444445
13077,215550,215550,1.0644444444444445,1.0644444444444445
13078,215550,215550,1.0644444444444445,1.0644444444444445
13079,215550,215550,1.0644444444444445,1.0644444444444445
13080,215550,215550,1.0644444444444445,1.0644444444444445
13081,215550,215550,1.0644444444444445,1.0644444444444445
13082,215550,215550,1.0644444444444445,1.0644444444444445
13083,214144,214144,1.0669642857142858,1.0669642857142858
13084,214144,214144,1.0669642857142858,1.0669642857142858
13085,214144,214144,1.0669642857142858,1.0669642857142858
13086,214144,214144,1.0669642857142858,1.0669642857142858
13087,214144,214144,1.0669642857142858,1.0669642857142858
13088,214144,214144,1.0669642857142858,1.0669642857142858
13089,214144,214144,1.0669642857142858,1.0669642857142858
13090,214144,214144,1.0669642857142858,1.0669642857142858
13091,214144,214144,1.0669642857142858,1.0669642857142858
13092,214144,214144,1.0669642857142858,1.0669642857142858
13093,214144,214144,1.0669642857142858,1.0669642857142858
13094,214144,214144,1.0669642857142858,1.0669642857142858
13095,214144,214144,1.0669642857142858,1.0669642857142858
13096,214144,214144,1.0669642857142858,1.0669642857142858
13097,214144,214144,1.0669642857142858,1.0669642857142858
13098,214144,214144,1.0669642857142858,1.0669642857142858
13099,214144,214144,1.0669642857142858,1.0669642857142858
13100,214144,214144,1.0669642857142858,1.0669642857142858
13101,214144,214144,1.0669642857142858,1.0669642857142858
13102,214144,214144,1.0669642857142858,1.0669642857142858
13103,214144,214144,1.0669642857142858,1.0669642857142858
13104,214144,214144,1.0669642857142858,1.0669642857142858
13105,214144,214144,1.0669642857142858,1.0669642857142858
13106,214144,214144,1.0669642857142858,1.0669642857142858
13107,214144,214144,1.0669642857142858,1.0669642857142858
13108,214144,214144,1.0669642857142858,1.0669642857142858
13109,214144,214144,1.0669642857142858,1.0669642857142858
13110,214144,214144,1.0669642857142858,1.0669642857142858
13111,214144,214144,1.0669642857142858,1.0669642857142858
13112,214144,214144,1.0669642857142858,1.0669642857142858
13113,214144,214144,1.0669642857142858,1.0669642857142858
13114,214144,214144,1.0669642857142858,1.0669642857142858
13115,214144,214144,1.0669642857142858,1.0669642857142858
13116,214144,214144,1.0669642857142858,1.0669642857142858
13117,214144,214144,1.0669642857142858,1.0669642857142858
13118,214144,214144,1.0669642857142858,1.0669642857142858
13119,214144,214144,1.0669642857142858,1.0669642857142858
13120,214144,214144,1.0669642857142858,1.0669642857142858
13121,214144,214144,1.0669642857142858,1.0669642857142858
13122,214144,214144,1.0669642857142858,1.0669642857142858
13123,214144,214144,1.0669642857142858,1.0669642857142858
13124,214144,214144,1.0669642857142858,1.0669642857142858
13125,214144,214144,1.0669642857142858,1.0669642857142858
13126,214144,214144,1.0669642857142858,1.0669642857142858
13127,214144,214144,1.0669642857142858,1.0669642857142858
13128,214144,214144,1.0669642857142858,1.0669642857142858
13129,214144,214144,1.0669642857142858,1.0669642857142858
13130,214144,214144,1.0669642857142858,1.0669642857142858
13131,214144,214144,1.0669642857142858,1.0669642857142858
13132,214144,214144,1.0669642857142858,1.0669642857142858
13133,214144,214144,1.0669642857142858,1.0669642857142858
13134,214144,214144,1.0669642857142858,1.0669642857142858
13135,214144,214144,1.0669642857142858,1.0669642857142858
13136,214144,214144,1.0669642857142858,1.0669642857142858
13137,214144,214144,1.0669642857142858,1.0669642857142858
13138,214144,214144,1.0669642857142858,1.0669642857142858
13139,214144,214144,1.0669642857142858,1.0669642857142858
13140,214144,214144,1.0669642857142858,1.0669642857142858
13141,214144,214144,1.0669642857142858,1.0669642857142858
13142,214144,214144,1.0669642857142858,1.0669642857142858
13143,214144,214144,1.0669642857142858,1.0669642857142858
13144,214144,214144,1.0669642857142858,1.0669642857142858
13145,214144,214144,1.0669642857142858,1.0669642857142858
13146,214144,214144,1.0669642857142858,1.0669642857142858
13147,214144,214144,1.0669642857142858,1.0669642857142858
13148,214144,214144,1.0669642857142858,1.0669642857142858
13149,214144,214144,1.0669642857142858,1.0669642857142858
13150,214144,214144,1.0669642857142858,1.0669642857142858
13151,214144,214144,1.0669642857142858,1.0669642857142858
13152,214144,214144,1.0669642857142858,1.0669642857142858
13153,214144,214144,1.0669642857142858,1.0669642857142858
13154,214144,214144,1.0669642857142858,1.0669642857142858
13155,214144,214144,1.0669642857142858,1.0669642857142858
13156,214144,214144,1.0669642857142858,1.0669642857142858
13157,214144,214144,1.0669642857142858,1.0669642857142858
13158,214144,214144,1.0669642857142858,1.0669642857142858
13159,214144,214144,1.0669642857142858,1.0669642857142858
13160,214144,214144,1.0669642857142858,1.0669642857142858
13161,214144,214144,1.0669642857142858,1.0669642857142858
13162,214144,214144,1.0669642857142858,1.0669642857142858
13163,214144,214144,1.0669642857142858,1.0669642857142858
13164,214144,214144,1.0669642857142858,1.0669642857142858
13165,214144,214144,1.0669642857142858,1.0669642857142858
13166,214144,214144,1.0669642857142858,1.0669642857142858
13167,214144,214144,1.0669642857142858,1.0669642857142858
13168,214144,214144,1.0669642857142858,1.0669642857142858
13169,214144,214144,1.0669642857142858,1.0669642857142858
13170,214144,214144,1.0669642857142858,1.0669642857142858
13171,214144,214144,1.0669642857142858,1.0669642857142858
13172,214144,214144,1.0669642857142858,1.0669642857142858
13173,214144,214144,1.0669642857142858,1.0669642857142858
13174,214144,214144,1.0669642857142858,1.0669642857142858
13175,214144,214144,1.0669642857142858,1.0669642857142858
13176,214144,214144,1.0669642857142858,1.0669642857142858
13177,214144,214144,1.0669642857142858,1.0669642857142858
13178,214144,214144,1.0669642857142858,1.0669642857142858
13179,214144,214144,1.0669642857142858,1.0669642857142858
13180,214144,214144,1.0669642857142858,1.0669642857142858
13181,214144,214144,1.0669642857142858,1.0669642857142858
13182,214144,214144,1.0669642857142858,1.0669642857142858
13183,214144,214144,1.0669642857142858,1.0669642857142858
13184,214144,214144,1.0669642857142858,1.0669642857142858
13185,214144,214144,1.0669642857142858,1.0669642857142858
13186,214144,214144,1.0669642857142858,1.0669642857142858
13187,214144,214144,1.0669642857142858,1.0669642857142858
13188,214144,214144,1.0669642857142858,1.0669642857142858
13189,214144,214144,1.0669642857142858,1.0669642857142858
13190,214144,214144,1.0669642857142858,1.0669642857142858
13191,214144,214144,1.0669642857142858,1.0669642857142858
13192,214144,214144,1.0669642857142858,1.0669642857142858
13193,214144,214144,1.0669642857142858,1.0669642857142858
13194,214144,214144,1.0669642857142858,1.0669642857142858
13195,214144,214144,1.0669642857142858,1.0669642857142858
13196,214144,214144,1.0669642857142858,1.0669642857142858
13197,214144,214144,1.0669642857142858,1.0669642857142858
13198,214144,214144,1.0669642857142858,1.0669642857142858
13199,214144,214144,1.0669642857142858,1.0669642857142858
13200,214144,214144,1.0669642857142858,1.0669642857142858
