iteration,current_hpwl,best_hpwl,current_overflow,best_overflow,current_feasible,best_feasible
1,253539.0,253539.0,0.0,0.0,1,1
2,253539.0,253539.0,0.0,0.0,1,1
3,253539.0,253539.0,0.0,0.0,1,1
4,253539.0,253539.0,0.0,0.0,1,1
5,253539.0,253539.0,0.0,0.0,1,1
6,253539.0,253539.0,0.0,0.0,1,1
7,253539.0,253539.0,0.0,0.0,1,1
8,253539.0,253539.0,0.0,0.0,1,1
9,253539.0,253539.0,0.0,0.0,1,1
10,252849.5,252849.5,0.0,0.0,1,1
11,252849.5,252849.5,0.0,0.0,1,1
12,252849.5,252849.5,0.0,0.0,1,1
13,252849.5,252849.5,0.0,0.0,1,1
14,252849.5,252849.5,0.0,0.0,1,1
15,252849.5,252849.5,0.0,0.0,1,1
16,252849.5,252849.5,0.0,0.0,1,1
17,252849.5,252849.5,0.0,0.0,1,1
18,252849.5,252849.5,0.0,0.0,1,1
19,252849.5,252849.5,0.0,0.0,1,1
20,252849.5,252849.5,0.0,0.0,1,1
21,252849.5,252849.5,0.0,0.0,1,1
22,252849.5,252849.5,0.0,0.0,1,1
23,252849.5,252849.5,0.0,0.0,1,1
24,252849.5,252849.5,0.0,0.0,1,1
25,252849.5,252849.5,0.0,0.0,1,1
26,252849.5,252849.5,0.0,0.0,1,1
27,253737.5,252849.5,0.0,0.0,1,1
28,253582.0,252849.5,0.0,0.0,1,1
29,253582.0,252849.5,0.0,0.0,1,1
30,253582.0,252849.5,0.0,0.0,1,1
31,253582.0,252849.5,0.0,0.0,1,1
32,253582.0,252849.5,0.0,0.0,1,1
33,253582.0,252849.5,0.0,0.0,1,1
34,253582.0,252849.5,0.0,0.0,1,1
35,253582.0,252849.5,0.0,0.0,1,1
36,253582.0,252849.5,0.0,0.0,1,1
37,253582.0,252849.5,0.0,0.0,1,1
38,253582.0,252849.5,0.0,0.0,1,1
39,253582.0,252849.5,0.0,0.0,1,1
40,253582.0,252849.5,0.0,0.0,1,1
41,253582.0,252849.5,0.0,0.0,1,1
42,253582.0,252849.5,0.0,0.0,1,1
43,253582.0,252849.5,0.0,0.0,1,1
44,253582.0,252849.5,0.0,0.0,1,1
45,253582.0,252849.5,0.0,0.0,1,1
46,253582.0,252849.5,0.0,0.0,1,1
47,253582.0,252849.5,0.0,0.0,1,1
48,253582.0,252849.5,0.0,0.0,1,1
49,253582.0,252849.5,0.0,0.0,1,1
50,253582.0,252849.5,0.0,0.0,1,1
51,253582.0,252849.5,0.0,0.0,1,1
52,253319.5,252849.5,0.0,0.0,1,1
53,253532.5,252849.5,0.0,0.0,1,1
54,253532.5,252849.5,0.0,0.0,1,1
55,253532.5,252849.5,0.0,0.0,1,1
56,253532.5,252849.5,0.0,0.0,1,1
57,253532.5,252849.5,0.0,0.0,1,1
58,253532.5,252849.5,0.0,0.0,1,1
59,253532.5,252849.5,0.0,0.0,1,1
60,253218.5,252849.5,0.0,0.0,1,1
61,253218.5,252849.5,0.0,0.0,1,1
62,253225.5,252849.5,0.0,0.0,1,1
63,253225.5,252849.5,0.0,0.0,1,1
64,253225.5,252849.5,0.0,0.0,1,1
65,253225.5,252849.5,0.0,0.0,1,1
66,253225.5,252849.5,0.0,0.0,1,1
67,253225.5,252849.5,0.0,0.0,1,1
68,253225.5,252849.5,0.0,0.0,1,1
69,253225.5,252849.5,0.0,0.0,1,1
70,253225.5,252849.5,0.0,0.0,1,1
71,253225.5,252849.5,0.0,0.0,1,1
72,253225.5,252849.5,0.0,0.0,1,1
73,253349.5,252849.5,0.0,0.0,1,1
74,253349.5,252849.5,0.0,0.0,1,1
75,253349.5,252849.5,0.0,0.0,1,1
76,253349.5,252849.5,0.0,0.0,1,1
77,253349.5,252849.5,0.0,0.0,1,1
78,253349.5,252849.5,0.0,0.0,1,1
79,253349.5,252849.5,0.0,0.0,1,1
80,253349.5,252849.5,0.0,0.0,1,1
81,253349.5,252849.5,0.0,0.0,1,1
82,253349.5,252849.5,0.0,0.0,1,1
83,253349.5,252849.5,0.0,0.0,1,1
84,253349.5,252849.5,0.0,0.0,1,1
85,253349.5,252849.5,0.0,0.0,1,1
86,253349.5,252849.5,0.0,0.0,1,1
87,253349.5,252849.5,0.0,0.0,1,1
88,253349.5,252849.5,0.0,0.0,1,1
89,253349.5,252849.5,0.0,0.0,1,1
90,253349.5,252849.5,0.0,0.0,1,1
91,253349.5,252849.5,0.0,0.0,1,1
92,253349.5,252849.5,0.0,0.0,1,1
93,253104.0,252849.5,0.0,0.0,1,1
94,253104.0,252849.5,0.0,0.0,1,1
95,253104.0,252849.5,0.0,0.0,1,1
96,253104.0,252849.5,0.0,0.0,1,1
97,253104.0,252849.5,0.0,0.0,1,1
98,253104.0,252849.5,0.0,0.0,1,1
99,253104.0,252849.5,0.0,0.0,1,1
100,253104.0,252849.5,0.0,0.0,1,1
101,253104.0,252849.5,0.0,0.0,1,1
102,253104.0,252849.5,0.0,0.0,1,1
103,253104.0,252849.5,0.0,0.0,1,1
104,253104.0,252849.5,0.0,0.0,1,1
105,253104.0,252849.5,0.0,0.0,1,1
106,253104.0,252849.5,0.0,0.0,1,1
107,253104.0,252849.5,0.0,0.0,1,1
108,253104.0,252849.5,0.0,0.0,1,1
109,253104.0,252849.5,0.0,0.0,1,1
110,253104.0,252849.5,0.0,0.0,1,1
111,253140.0,252849.5,0.0,0.0,1,1
112,253140.0,252849.5,0.0,0.0,1,1
113,253140.0,252849.5,0.0,0.0,1,1
114,253140.0,252849.5,0.0,0.0,1,1
115,253140.0,252849.5,0.0,0.0,1,1
116,253140.0,252849.5,0.0,0.0,1,1
117,253140.0,252849.5,0.0,0.0,1,1
118,253140.0,252849.5,0.0,0.0,1,1
119,253140.0,252849.5,0.0,0.0,1,1
120,253140.0,252849.5,0.0,0.0,1,1
121,253140.0,252849.5,0.0,0.0,1,1
122,253140.0,252849.5,0.0,0.0,1,1
123,253140.0,252849.5,0.0,0.0,1,1
124,253140.0,252849.5,0.0,0.0,1,1
125,253140.0,252849.5,0.0,0.0,1,1
126,253140.0,252849.5,0.0,0.0,1,1
127,253140.0,252849.5,0.0,0.0,1,1
128,253140.0,252849.5,0.0,0.0,1,1
129,253140.0,252849.5,0.0,0.0,1,1
130,253140.0,252849.5,0.0,0.0,1,1
131,253140.0,252849.5,0.0,0.0,1,1
132,253140.0,252849.5,0.0,0.0,1,1
133,253140.0,252849.5,0.0,0.0,1,1
134,253140.0,252849.5,0.0,0.0,1,1
135,253140.0,252849.5,0.0,0.0,1,1
136,253140.0,252849.5,0.0,0.0,1,1
137,253140.0,252849.5,0.0,0.0,1,1
138,253140.0,252849.5,0.0,0.0,1,1
139,253140.0,252849.5,0.0,0.0,1,1
140,253142.5,252849.5,0.0,0.0,1,1
141,253142.5,252849.5,0.0,0.0,1,1
142,253142.5,252849.5,0.0,0.0,1,1
143,253142.5,252849.5,0.0,0.0,1,1
144,253142.5,252849.5,0.0,0.0,1,1
145,252796.0,252796.0,0.0,0.0,1,1
146,253368.5,252796.0,0.0,0.0,1,1
147,253368.5,252796.0,0.0,0.0,1,1
148,253368.5,252796.0,0.0,0.0,1,1
149,253368.5,252796.0,0.0,0.0,1,1
150,253368.5,252796.0,0.0,0.0,1,1
151,253368.5,252796.0,0.0,0.0,1,1
152,253368.5,252796.0,0.0,0.0,1,1
153,253368.5,252796.0,0.0,0.0,1,1
154,253368.5,252796.0,0.0,0.0,1,1
155,258729.0,252796.0,0.0,0.0,1,1
156,258729.0,252796.0,0.0,0.0,1,1
157,258729.0,252796.0,0.0,0.0,1,1
158,258729.0,252796.0,0.0,0.0,1,1
159,258729.0,252796.0,0.0,0.0,1,1
160,258729.0,252796.0,0.0,0.0,1,1
161,258729.0,252796.0,0.0,0.0,1,1
162,258795.0,252796.0,0.0,0.0,1,1
163,258795.0,252796.0,0.0,0.0,1,1
164,258795.0,252796.0,0.0,0.0,1,1
165,258795.0,252796.0,0.0,0.0,1,1
166,258795.0,252796.0,0.0,0.0,1,1
167,258795.0,252796.0,0.0,0.0,1,1
168,258795.0,252796.0,0.0,0.0,1,1
169,258795.0,252796.0,0.0,0.0,1,1
170,258795.0,252796.0,0.0,0.0,1,1
171,258795.0,252796.0,0.0,0.0,1,1
172,258795.0,252796.0,0.0,0.0,1,1
173,258795.0,252796.0,0.0,0.0,1,1
174,258795.0,252796.0,0.0,0.0,1,1
175,258795.0,252796.0,0.0,0.0,1,1
176,258795.0,252796.0,0.0,0.0,1,1
177,258795.0,252796.0,0.0,0.0,1,1
178,258795.0,252796.0,0.0,0.0,1,1
179,258795.0,252796.0,0.0,0.0,1,1
180,258795.0,252796.0,0.0,0.0,1,1
181,258795.0,252796.0,0.0,0.0,1,1
182,258795.0,252796.0,0.0,0.0,1,1
183,258795.0,252796.0,0.0,0.0,1,1
184,258795.0,252796.0,0.0,0.0,1,1
185,258795.0,252796.0,0.0,0.0,1,1
186,258795.0,252796.0,0.0,0.0,1,1
187,258795.0,252796.0,0.0,0.0,1,1
188,258795.0,252796.0,0.0,0.0,1,1
189,258795.0,252796.0,0.0,0.0,1,1
190,258767.0,252796.0,0.0,0.0,1,1
191,258767.0,252796.0,0.0,0.0,1,1
192,258767.0,252796.0,0.0,0.0,1,1
193,258767.0,252796.0,0.0,0.0,1,1
194,258767.0,252796.0,0.0,0.0,1,1
195,258767.0,252796.0,0.0,0.0,1,1
196,258767.0,252796.0,0.0,0.0,1,1
197,258767.0,252796.0,0.0,0.0,1,1
198,257942.5,252796.0,0.0,0.0,1,1
199,257942.5,252796.0,0.0,0.0,1,1
200,257942.5,252796.0,0.0,0.0,1,1
201,257608.5,252796.0,0.0,0.0,1,1
202,257608.5,252796.0,0.0,0.0,1,1
203,257608.5,252796.0,0.0,0.0,1,1
204,257608.5,252796.0,0.0,0.0,1,1
205,257608.5,252796.0,0.0,0.0,1,1
206,257608.5,252796.0,0.0,0.0,1,1
207,257608.5,252796.0,0.0,0.0,1,1
208,258528.5,252796.0,0.0,0.0,1,1
209,258528.5,252796.0,0.0,0.0,1,1
210,258528.5,252796.0,0.0,0.0,1,1
211,258528.5,252796.0,0.0,0.0,1,1
212,258528.5,252796.0,0.0,0.0,1,1
213,258528.5,252796.0,0.0,0.0,1,1
214,258528.5,252796.0,0.0,0.0,1,1
215,258528.5,252796.0,0.0,0.0,1,1
216,258528.5,252796.0,0.0,0.0,1,1
217,258528.5,252796.0,0.0,0.0,1,1
218,258528.5,252796.0,0.0,0.0,1,1
219,258528.5,252796.0,0.0,0.0,1,1
220,258528.5,252796.0,0.0,0.0,1,1
221,258528.5,252796.0,0.0,0.0,1,1
222,258799.5,252796.0,0.0,0.0,1,1
223,258799.5,252796.0,0.0,0.0,1,1
224,258799.5,252796.0,0.0,0.0,1,1
225,258799.5,252796.0,0.0,0.0,1,1
226,258799.5,252796.0,0.0,0.0,1,1
227,258799.5,252796.0,0.0,0.0,1,1
228,258799.5,252796.0,0.0,0.0,1,1
229,258799.5,252796.0,0.0,0.0,1,1
230,258799.5,252796.0,0.0,0.0,1,1
231,258799.5,252796.0,0.0,0.0,1,1
232,259777.5,252796.0,0.0,0.0,1,1
233,259777.5,252796.0,0.0,0.0,1,1
234,259777.5,252796.0,0.0,0.0,1,1
235,259777.5,252796.0,0.0,0.0,1,1
236,259777.5,252796.0,0.0,0.0,1,1
237,259777.5,252796.0,0.0,0.0,1,1
238,261582.0,252796.0,0.0,0.0,1,1
239,261582.0,252796.0,0.0,0.0,1,1
240,261582.0,252796.0,0.0,0.0,1,1
241,261582.0,252796.0,0.0,0.0,1,1
242,261582.0,252796.0,0.0,0.0,1,1
243,261582.0,252796.0,0.0,0.0,1,1
244,261582.0,252796.0,0.0,0.0,1,1
245,261582.0,252796.0,0.0,0.0,1,1
246,261582.0,252796.0,0.0,0.0,1,1
247,261582.0,252796.0,0.0,0.0,1,1
248,261582.0,252796.0,0.0,0.0,1,1
249,261582.0,252796.0,0.0,0.0,1,1
250,266702.5,252796.0,0.0,0.0,1,1
251,266702.5,252796.0,0.0,0.0,1,1
252,266702.5,252796.0,0.0,0.0,1,1
253,266702.5,252796.0,0.0,0.0,1,1
254,266702.5,252796.0,0.0,0.0,1,1
255,266702.5,252796.0,0.0,0.0,1,1
256,266702.5,252796.0,0.0,0.0,1,1
257,266702.5,252796.0,0.0,0.0,1,1
258,266702.5,252796.0,0.0,0.0,1,1
259,266702.5,252796.0,0.0,0.0,1,1
260,266702.5,252796.0,0.0,0.0,1,1
261,266702.5,252796.0,0.0,0.0,1,1
262,266702.5,252796.0,0.0,0.0,1,1
263,266702.5,252796.0,0.0,0.0,1,1
264,266868.5,252796.0,0.0,0.0,1,1
265,266868.5,252796.0,0.0,0.0,1,1
266,266868.5,252796.0,0.0,0.0,1,1
267,266868.5,252796.0,0.0,0.0,1,1
268,266921.0,252796.0,0.0,0.0,1,1
269,267274.0,252796.0,0.0,0.0,1,1
270,267274.0,252796.0,0.0,0.0,1,1
271,267274.0,252796.0,0.0,0.0,1,1
272,267274.0,252796.0,0.0,0.0,1,1
273,267274.0,252796.0,0.0,0.0,1,1
274,267274.0,252796.0,0.0,0.0,1,1
275,267274.0,252796.0,0.0,0.0,1,1
276,267274.0,252796.0,0.0,0.0,1,1
277,267274.0,252796.0,0.0,0.0,1,1
278,267274.0,252796.0,0.0,0.0,1,1
279,267274.0,252796.0,0.0,0.0,1,1
280,267274.0,252796.0,0.0,0.0,1,1
281,267274.0,252796.0,0.0,0.0,1,1
282,267274.0,252796.0,0.0,0.0,1,1
283,267785.0,252796.0,0.0,0.0,1,1
284,267785.0,252796.0,0.0,0.0,1,1
285,267785.0,252796.0,0.0,0.0,1,1
286,267785.0,252796.0,0.0,0.0,1,1
287,267785.0,252796.0,0.0,0.0,1,1
288,267785.0,252796.0,0.0,0.0,1,1
289,267785.0,252796.0,0.0,0.0,1,1
290,267785.0,252796.0,0.0,0.0,1,1
291,267785.0,252796.0,0.0,0.0,1,1
292,267785.0,252796.0,0.0,0.0,1,1
293,267785.0,252796.0,0.0,0.0,1,1
294,267785.0,252796.0,0.0,0.0,1,1
295,267785.0,252796.0,0.0,0.0,1,1
296,273449.5,252796.0,0.0,0.0,1,1
297,273449.5,252796.0,0.0,0.0,1,1
298,273449.5,252796.0,0.0,0.0,1,1
299,273449.5,252796.0,0.0,0.0,1,1
300,274546.0,252796.0,0.0,0.0,1,1
301,274546.0,252796.0,0.0,0.0,1,1
302,274546.0,252796.0,0.0,0.0,1,1
303,274444.0,252796.0,0.0,0.0,1,1
304,274444.0,252796.0,0.0,0.0,1,1
305,274444.0,252796.0,0.0,0.0,1,1
306,274444.0,252796.0,0.0,0.0,1,1
307,274444.0,252796.0,0.0,0.0,1,1
308,274444.0,252796.0,0.0,0.0,1,1
309,274444.0,252796.0,0.0,0.0,1,1
310,274444.0,252796.0,0.0,0.0,1,1
311,274444.0,252796.0,0.0,0.0,1,1
312,274444.0,252796.0,0.0,0.0,1,1
313,274444.0,252796.0,0.0,0.0,1,1
314,274444.0,252796.0,0.0,0.0,1,1
315,274444.0,252796.0,0.0,0.0,1,1
316,274444.0,252796.0,0.0,0.0,1,1
317,274444.0,252796.0,0.0,0.0,1,1
318,274444.0,252796.0,0.0,0.0,1,1
319,274444.0,252796.0,0.0,0.0,1,1
320,274444.0,252796.0,0.0,0.0,1,1
321,274444.0,252796.0,0.0,0.0,1,1
322,274444.0,252796.0,0.0,0.0,1,1
323,274212.0,252796.0,0.0,0.0,1,1
324,274212.0,252796.0,0.0,0.0,1,1
325,274212.0,252796.0,0.0,0.0,1,1
326,274845.5,252796.0,0.0,0.0,1,1
327,274845.5,252796.0,0.0,0.0,1,1
328,274845.5,252796.0,0.0,0.0,1,1
329,274938.0,252796.0,0.0,0.0,1,1
330,274938.0,252796.0,0.0,0.0,1,1
331,274938.0,252796.0,0.0,0.0,1,1
332,274938.0,252796.0,0.0,0.0,1,1
333,274938.0,252796.0,0.0,0.0,1,1
334,274938.0,252796.0,0.0,0.0,1,1
335,274938.0,252796.0,0.0,0.0,1,1
336,274938.0,252796.0,0.0,0.0,1,1
337,274938.0,252796.0,0.0,0.0,1,1
338,274938.0,252796.0,0.0,0.0,1,1
339,274938.0,252796.0,0.0,0.0,1,1
340,274938.0,252796.0,0.0,0.0,1,1
341,274938.0,252796.0,0.0,0.0,1,1
342,274938.0,252796.0,0.0,0.0,1,1
343,274679.0,252796.0,0.0,0.0,1,1
344,274679.0,252796.0,0.0,0.0,1,1
345,274911.5,252796.0,0.0,0.0,1,1
346,274911.5,252796.0,0.0,0.0,1,1
347,274911.5,252796.0,0.0,0.0,1,1
348,274759.5,252796.0,0.0,0.0,1,1
349,274759.5,252796.0,0.0,0.0,1,1
350,274759.5,252796.0,0.0,0.0,1,1
351,274759.5,252796.0,0.0,0.0,1,1
352,274759.5,252796.0,0.0,0.0,1,1
353,274759.5,252796.0,0.0,0.0,1,1
354,274759.5,252796.0,0.0,0.0,1,1
355,274915.0,252796.0,0.0,0.0,1,1
356,274915.0,252796.0,0.0,0.0,1,1
357,274915.0,252796.0,0.0,0.0,1,1
358,274915.0,252796.0,0.0,0.0,1,1
359,274915.0,252796.0,0.0,0.0,1,1
360,274915.0,252796.0,0.0,0.0,1,1
361,274915.0,252796.0,0.0,0.0,1,1
362,274915.0,252796.0,0.0,0.0,1,1
363,274915.0,252796.0,0.0,0.0,1,1
364,274915.0,252796.0,0.0,0.0,1,1
365,274915.0,252796.0,0.0,0.0,1,1
366,274915.0,252796.0,0.0,0.0,1,1
367,274915.0,252796.0,0.0,0.0,1,1
368,274915.0,252796.0,0.0,0.0,1,1
369,274957.0,252796.0,0.0,0.0,1,1
370,274957.0,252796.0,0.0,0.0,1,1
371,274957.0,252796.0,0.0,0.0,1,1
372,274957.0,252796.0,0.0,0.0,1,1
373,274957.0,252796.0,0.0,0.0,1,1
374,274957.0,252796.0,0.0,0.0,1,1
375,274957.0,252796.0,0.0,0.0,1,1
376,274957.0,252796.0,0.0,0.0,1,1
377,274957.0,252796.0,0.0,0.0,1,1
378,274957.0,252796.0,0.0,0.0,1,1
379,274957.0,252796.0,0.0,0.0,1,1
380,274957.0,252796.0,0.0,0.0,1,1
381,274957.0,252796.0,0.0,0.0,1,1
382,274957.0,252796.0,0.0,0.0,1,1
383,274957.0,252796.0,0.0,0.0,1,1
384,274957.0,252796.0,0.0,0.0,1,1
385,274922.5,252796.0,0.0,0.0,1,1
386,274922.5,252796.0,0.0,0.0,1,1
387,274922.5,252796.0,0.0,0.0,1,1
388,274922.5,252796.0,0.0,0.0,1,1
389,274922.5,252796.0,0.0,0.0,1,1
390,274984.5,252796.0,0.0,0.0,1,1
391,274855.0,252796.0,0.0,0.0,1,1
392,274855.0,252796.0,0.0,0.0,1,1
393,274596.5,252796.0,0.0,0.0,1,1
394,274596.5,252796.0,0.0,0.0,1,1
395,274596.5,252796.0,0.0,0.0,1,1
396,274265.5,252796.0,0.0,0.0,1,1
397,274265.5,252796.0,0.0,0.0,1,1
398,274265.5,252796.0,0.0,0.0,1,1
399,274265.5,252796.0,0.0,0.0,1,1
400,274265.5,252796.0,0.0,0.0,1,1
401,274265.5,252796.0,0.0,0.0,1,1
402,274265.5,252796.0,0.0,0.0,1,1
403,274265.5,252796.0,0.0,0.0,1,1
404,274265.5,252796.0,0.0,0.0,1,1
405,274265.5,252796.0,0.0,0.0,1,1
406,274265.5,252796.0,0.0,0.0,1,1
407,274265.5,252796.0,0.0,0.0,1,1
408,274265.5,252796.0,0.0,0.0,1,1
409,274265.5,252796.0,0.0,0.0,1,1
410,274265.5,252796.0,0.0,0.0,1,1
411,274265.5,252796.0,0.0,0.0,1,1
412,274203.5,252796.0,0.0,0.0,1,1
413,274203.5,252796.0,0.0,0.0,1,1
414,274203.5,252796.0,0.0,0.0,1,1
415,274203.5,252796.0,0.0,0.0,1,1
416,274203.5,252796.0,0.0,0.0,1,1
417,274203.5,252796.0,0.0,0.0,1,1
418,274203.5,252796.0,0.0,0.0,1,1
419,274203.5,252796.0,0.0,0.0,1,1
420,274203.5,252796.0,0.0,0.0,1,1
421,274203.5,252796.0,0.0,0.0,1,1
422,274203.5,252796.0,0.0,0.0,1,1
423,274203.5,252796.0,0.0,0.0,1,1
424,274203.5,252796.0,0.0,0.0,1,1
425,274203.5,252796.0,0.0,0.0,1,1
426,274203.5,252796.0,0.0,0.0,1,1
427,274203.5,252796.0,0.0,0.0,1,1
428,274203.5,252796.0,0.0,0.0,1,1
429,274203.5,252796.0,0.0,0.0,1,1
430,274203.5,252796.0,0.0,0.0,1,1
431,274203.5,252796.0,0.0,0.0,1,1
432,274203.5,252796.0,0.0,0.0,1,1
433,274203.5,252796.0,0.0,0.0,1,1
434,274203.5,252796.0,0.0,0.0,1,1
435,274203.5,252796.0,0.0,0.0,1,1
436,274203.5,252796.0,0.0,0.0,1,1
437,274203.5,252796.0,0.0,0.0,1,1
438,274203.5,252796.0,0.0,0.0,1,1
439,274203.5,252796.0,0.0,0.0,1,1
440,274203.5,252796.0,0.0,0.0,1,1
441,274203.5,252796.0,0.0,0.0,1,1
442,274203.5,252796.0,0.0,0.0,1,1
443,274203.5,252796.0,0.0,0.0,1,1
444,274203.5,252796.0,0.0,0.0,1,1
445,274203.5,252796.0,0.0,0.0,1,1
446,274203.5,252796.0,0.0,0.0,1,1
447,274203.5,252796.0,0.0,0.0,1,1
448,274203.5,252796.0,0.0,0.0,1,1
449,274203.5,252796.0,0.0,0.0,1,1
450,274203.5,252796.0,0.0,0.0,1,1
451,274203.5,252796.0,0.0,0.0,1,1
452,274203.5,252796.0,0.0,0.0,1,1
453,274203.5,252796.0,0.0,0.0,1,1
454,274203.5,252796.0,0.0,0.0,1,1
455,274203.5,252796.0,0.0,0.0,1,1
456,274203.5,252796.0,0.0,0.0,1,1
457,274203.5,252796.0,0.0,0.0,1,1
458,274203.5,252796.0,0.0,0.0,1,1
459,274354.5,252796.0,0.0,0.0,1,1
460,274219.5,252796.0,0.0,0.0,1,1
461,274219.5,252796.0,0.0,0.0,1,1
462,274219.5,252796.0,0.0,0.0,1,1
463,274219.5,252796.0,0.0,0.0,1,1
464,274219.5,252796.0,0.0,0.0,1,1
465,274219.5,252796.0,0.0,0.0,1,1
466,274219.5,252796.0,0.0,0.0,1,1
467,274219.5,252796.0,0.0,0.0,1,1
468,274219.5,252796.0,0.0,0.0,1,1
469,274219.5,252796.0,0.0,0.0,1,1
470,274219.5,252796.0,0.0,0.0,1,1
471,274219.5,252796.0,0.0,0.0,1,1
472,274219.5,252796.0,0.0,0.0,1,1
473,274219.5,252796.0,0.0,0.0,1,1
474,274219.5,252796.0,0.0,0.0,1,1
475,274219.5,252796.0,0.0,0.0,1,1
476,274219.5,252796.0,0.0,0.0,1,1
477,274219.5,252796.0,0.0,0.0,1,1
478,274219.5,252796.0,0.0,0.0,1,1
479,274219.5,252796.0,0.0,0.0,1,1
480,274219.5,252796.0,0.0,0.0,1,1
481,274219.5,252796.0,0.0,0.0,1,1
482,274219.5,252796.0,0.0,0.0,1,1
483,274219.5,252796.0,0.0,0.0,1,1
484,274219.5,252796.0,0.0,0.0,1,1
485,274219.5,252796.0,0.0,0.0,1,1
486,274219.5,252796.0,0.0,0.0,1,1
487,274219.5,252796.0,0.0,0.0,1,1
488,274219.5,252796.0,0.0,0.0,1,1
489,274219.5,252796.0,0.0,0.0,1,1
490,274219.5,252796.0,0.0,0.0,1,1
491,274219.5,252796.0,0.0,0.0,1,1
492,274219.5,252796.0,0.0,0.0,1,1
493,274219.5,252796.0,0.0,0.0,1,1
494,274219.5,252796.0,0.0,0.0,1,1
495,274450.5,252796.0,0.0,0.0,1,1
496,274450.5,252796.0,0.0,0.0,1,1
497,274450.5,252796.0,0.0,0.0,1,1
498,274450.5,252796.0,0.0,0.0,1,1
499,274450.5,252796.0,0.0,0.0,1,1
500,274450.5,252796.0,0.0,0.0,1,1
501,274450.5,252796.0,0.0,0.0,1,1
502,274450.5,252796.0,0.0,0.0,1,1
503,274540.5,252796.0,0.0,0.0,1,1
504,274540.5,252796.0,0.0,0.0,1,1
505,274540.5,252796.0,0.0,0.0,1,1
506,274540.5,252796.0,0.0,0.0,1,1
507,274540.5,252796.0,0.0,0.0,1,1
508,274540.5,252796.0,0.0,0.0,1,1
509,274540.5,252796.0,0.0,0.0,1,1
510,274540.5,252796.0,0.0,0.0,1,1
511,275579.5,252796.0,0.0,0.0,1,1
512,275579.5,252796.0,0.0,0.0,1,1
513,274540.5,252796.0,0.0,0.0,1,1
514,274675.5,252796.0,0.0,0.0,1,1
515,274675.5,252796.0,0.0,0.0,1,1
516,274675.5,252796.0,0.0,0.0,1,1
517,274675.5,252796.0,0.0,0.0,1,1
518,274675.5,252796.0,0.0,0.0,1,1
519,274675.5,252796.0,0.0,0.0,1,1
520,274675.5,252796.0,0.0,0.0,1,1
521,274675.5,252796.0,0.0,0.0,1,1
522,274675.5,252796.0,0.0,0.0,1,1
523,274675.5,252796.0,0.0,0.0,1,1
524,274675.5,252796.0,0.0,0.0,1,1
525,274675.5,252796.0,0.0,0.0,1,1
526,274675.5,252796.0,0.0,0.0,1,1
527,274675.5,252796.0,0.0,0.0,1,1
528,274675.5,252796.0,0.0,0.0,1,1
529,274675.5,252796.0,0.0,0.0,1,1
530,278399.0,252796.0,0.0,0.0,1,1
531,278399.0,252796.0,0.0,0.0,1,1
532,278399.0,252796.0,0.0,0.0,1,1
533,278399.0,252796.0,0.0,0.0,1,1
534,278399.0,252796.0,0.0,0.0,1,1
535,278399.0,252796.0,0.0,0.0,1,1
536,278399.0,252796.0,0.0,0.0,1,1
537,278399.0,252796.0,0.0,0.0,1,1
538,278399.0,252796.0,0.0,0.0,1,1
539,278399.0,252796.0,0.0,0.0,1,1
540,278399.0,252796.0,0.0,0.0,1,1
541,278399.0,252796.0,0.0,0.0,1,1
542,278399.0,252796.0,0.0,0.0,1,1
543,278630.5,252796.0,0.0,0.0,1,1
544,278630.5,252796.0,0.0,0.0,1,1
545,278630.5,252796.0,0.0,0.0,1,1
546,278630.5,252796.0,0.0,0.0,1,1
547,278630.5,252796.0,0.0,0.0,1,1
548,278630.5,252796.0,0.0,0.0,1,1
549,278630.5,252796.0,0.0,0.0,1,1
550,278630.5,252796.0,0.0,0.0,1,1
551,278630.5,252796.0,0.0,0.0,1,1
552,278630.5,252796.0,0.0,0.0,1,1
553,278630.5,252796.0,0.0,0.0,1,1
554,278630.5,252796.0,0.0,0.0,1,1
555,278630.5,252796.0,0.0,0.0,1,1
556,278630.5,252796.0,0.0,0.0,1,1
557,278630.5,252796.0,0.0,0.0,1,1
558,278630.5,252796.0,0.0,0.0,1,1
559,278630.5,252796.0,0.0,0.0,1,1
560,278630.5,252796.0,0.0,0.0,1,1
561,278630.5,252796.0,0.0,0.0,1,1
562,278630.5,252796.0,0.0,0.0,1,1
563,278630.5,252796.0,0.0,0.0,1,1
564,278630.5,252796.0,0.0,0.0,1,1
565,278630.5,252796.0,0.0,0.0,1,1
566,278630.5,252796.0,0.0,0.0,1,1
567,278630.5,252796.0,0.0,0.0,1,1
568,278630.5,252796.0,0.0,0.0,1,1
569,278630.5,252796.0,0.0,0.0,1,1
570,278630.5,252796.0,0.0,0.0,1,1
571,278630.5,252796.0,0.0,0.0,1,1
572,278630.5,252796.0,0.0,0.0,1,1
573,278630.5,252796.0,0.0,0.0,1,1
574,278630.5,252796.0,0.0,0.0,1,1
575,278630.5,252796.0,0.0,0.0,1,1
576,278630.5,252796.0,0.0,0.0,1,1
577,278630.5,252796.0,0.0,0.0,1,1
578,278630.5,252796.0,0.0,0.0,1,1
579,278630.5,252796.0,0.0,0.0,1,1
580,278630.5,252796.0,0.0,0.0,1,1
581,278630.5,252796.0,0.0,0.0,1,1
582,278630.5,252796.0,0.0,0.0,1,1
583,278630.5,252796.0,0.0,0.0,1,1
584,278630.5,252796.0,0.0,0.0,1,1
585,278630.5,252796.0,0.0,0.0,1,1
586,278630.5,252796.0,0.0,0.0,1,1
587,278630.5,252796.0,0.0,0.0,1,1
588,278630.5,252796.0,0.0,0.0,1,1
589,278630.5,252796.0,0.0,0.0,1,1
590,278630.5,252796.0,0.0,0.0,1,1
591,278465.5,252796.0,0.0,0.0,1,1
592,278465.5,252796.0,0.0,0.0,1,1
593,278465.5,252796.0,0.0,0.0,1,1
594,278465.5,252796.0,0.0,0.0,1,1
595,278465.5,252796.0,0.0,0.0,1,1
596,278465.5,252796.0,0.0,0.0,1,1
597,278465.5,252796.0,0.0,0.0,1,1
598,278465.5,252796.0,0.0,0.0,1,1
599,278465.5,252796.0,0.0,0.0,1,1
600,278465.5,252796.0,0.0,0.0,1,1
601,278465.5,252796.0,0.0,0.0,1,1
602,278465.5,252796.0,0.0,0.0,1,1
603,278465.5,252796.0,0.0,0.0,1,1
604,278465.5,252796.0,0.0,0.0,1,1
605,278465.5,252796.0,0.0,0.0,1,1
606,278465.5,252796.0,0.0,0.0,1,1
607,278465.5,252796.0,0.0,0.0,1,1
608,278465.5,252796.0,0.0,0.0,1,1
609,278465.5,252796.0,0.0,0.0,1,1
610,278465.5,252796.0,0.0,0.0,1,1
611,278465.5,252796.0,0.0,0.0,1,1
612,278465.5,252796.0,0.0,0.0,1,1
613,278465.5,252796.0,0.0,0.0,1,1
614,278465.5,252796.0,0.0,0.0,1,1
615,278465.5,252796.0,0.0,0.0,1,1
616,278465.5,252796.0,0.0,0.0,1,1
617,278465.5,252796.0,0.0,0.0,1,1
618,278465.5,252796.0,0.0,0.0,1,1
619,278465.5,252796.0,0.0,0.0,1,1
620,278465.5,252796.0,0.0,0.0,1,1
621,278465.5,252796.0,0.0,0.0,1,1
622,278465.5,252796.0,0.0,0.0,1,1
623,278465.5,252796.0,0.0,0.0,1,1
624,278465.5,252796.0,0.0,0.0,1,1
625,278465.5,252796.0,0.0,0.0,1,1
626,278465.5,252796.0,0.0,0.0,1,1
627,278465.5,252796.0,0.0,0.0,1,1
628,277894.5,252796.0,0.0,0.0,1,1
629,277894.5,252796.0,0.0,0.0,1,1
630,277894.5,252796.0,0.0,0.0,1,1
631,277894.5,252796.0,0.0,0.0,1,1
632,277894.5,252796.0,0.0,0.0,1,1
633,277894.5,252796.0,0.0,0.0,1,1
634,277894.5,252796.0,0.0,0.0,1,1
635,276020.5,252796.0,0.0,0.0,1,1
636,276020.5,252796.0,0.0,0.0,1,1
637,276020.5,252796.0,0.0,0.0,1,1
638,276020.5,252796.0,0.0,0.0,1,1
639,276020.5,252796.0,0.0,0.0,1,1
640,276020.5,252796.0,0.0,0.0,1,1
641,276020.5,252796.0,0.0,0.0,1,1
642,276020.5,252796.0,0.0,0.0,1,1
643,276020.5,252796.0,0.0,0.0,1,1
644,276020.5,252796.0,0.0,0.0,1,1
645,276020.5,252796.0,0.0,0.0,1,1
646,276020.5,252796.0,0.0,0.0,1,1
647,276020.5,252796.0,0.0,0.0,1,1
648,276020.5,252796.0,0.0,0.0,1,1
649,276020.5,252796.0,0.0,0.0,1,1
650,276020.5,252796.0,0.0,0.0,1,1
651,276020.5,252796.0,0.0,0.0,1,1
652,276020.5,252796.0,0.0,0.0,1,1
653,276020.5,252796.0,0.0,0.0,1,1
654,276020.5,252796.0,0.0,0.0,1,1
655,276020.5,252796.0,0.0,0.0,1,1
656,276020.5,252796.0,0.0,0.0,1,1
657,276020.5,252796.0,0.0,0.0,1,1
658,276020.5,252796.0,0.0,0.0,1,1
659,276020.5,252796.0,0.0,0.0,1,1
660,276020.5,252796.0,0.0,0.0,1,1
661,276020.5,252796.0,0.0,0.0,1,1
662,276020.5,252796.0,0.0,0.0,1,1
663,276020.5,252796.0,0.0,0.0,1,1
664,276020.5,252796.0,0.0,0.0,1,1
665,276020.5,252796.0,0.0,0.0,1,1
666,276020.5,252796.0,0.0,0.0,1,1
667,276020.5,252796.0,0.0,0.0,1,1
668,276020.5,252796.0,0.0,0.0,1,1
669,276020.5,252796.0,0.0,0.0,1,1
670,276020.5,252796.0,0.0,0.0,1,1
671,276020.5,252796.0,0.0,0.0,1,1
672,276020.5,252796.0,0.0,0.0,1,1
673,276020.5,252796.0,0.0,0.0,1,1
674,276020.5,252796.0,0.0,0.0,1,1
675,276020.5,252796.0,0.0,0.0,1,1
676,276020.5,252796.0,0.0,0.0,1,1
677,276020.5,252796.0,0.0,0.0,1,1
678,276020.5,252796.0,0.0,0.0,1,1
679,276020.5,252796.0,0.0,0.0,1,1
680,276020.5,252796.0,0.0,0.0,1,1
681,276020.5,252796.0,0.0,0.0,1,1
682,276020.5,252796.0,0.0,0.0,1,1
683,276020.5,252796.0,0.0,0.0,1,1
684,276020.5,252796.0,0.0,0.0,1,1
685,276020.5,252796.0,0.0,0.0,1,1
686,276020.5,252796.0,0.0,0.0,1,1
687,276020.5,252796.0,0.0,0.0,1,1
688,276020.5,252796.0,0.0,0.0,1,1
689,276128.5,252796.0,0.0,0.0,1,1
690,276128.5,252796.0,0.0,0.0,1,1
691,275528.0,252796.0,0.0,0.0,1,1
692,275528.0,252796.0,0.0,0.0,1,1
693,275528.0,252796.0,0.0,0.0,1,1
694,275528.0,252796.0,0.0,0.0,1,1
695,275528.0,252796.0,0.0,0.0,1,1
696,275523.0,252796.0,0.0,0.0,1,1
697,275523.0,252796.0,0.0,0.0,1,1
698,275523.0,252796.0,0.0,0.0,1,1
699,275523.0,252796.0,0.0,0.0,1,1
700,275523.0,252796.0,0.0,0.0,1,1
701,275523.0,252796.0,0.0,0.0,1,1
702,275523.0,252796.0,0.0,0.0,1,1
703,275523.0,252796.0,0.0,0.0,1,1
704,275523.0,252796.0,0.0,0.0,1,1
705,275523.0,252796.0,0.0,0.0,1,1
706,275523.0,252796.0,0.0,0.0,1,1
707,275523.0,252796.0,0.0,0.0,1,1
708,275523.0,252796.0,0.0,0.0,1,1
709,275523.0,252796.0,0.0,0.0,1,1
710,275523.0,252796.0,0.0,0.0,1,1
711,276293.5,252796.0,0.0,0.0,1,1
712,276293.5,252796.0,0.0,0.0,1,1
713,276293.5,252796.0,0.0,0.0,1,1
714,276293.5,252796.0,0.0,0.0,1,1
715,276293.5,252796.0,0.0,0.0,1,1
716,276293.5,252796.0,0.0,0.0,1,1
717,276293.5,252796.0,0.0,0.0,1,1
718,276293.5,252796.0,0.0,0.0,1,1
719,276293.5,252796.0,0.0,0.0,1,1
720,276293.5,252796.0,0.0,0.0,1,1
721,276293.5,252796.0,0.0,0.0,1,1
722,276293.5,252796.0,0.0,0.0,1,1
723,276293.5,252796.0,0.0,0.0,1,1
724,276580.0,252796.0,0.0,0.0,1,1
725,276580.0,252796.0,0.0,0.0,1,1
726,276580.0,252796.0,0.0,0.0,1,1
727,276580.0,252796.0,0.0,0.0,1,1
728,276580.0,252796.0,0.0,0.0,1,1
729,276580.0,252796.0,0.0,0.0,1,1
730,276580.0,252796.0,0.0,0.0,1,1
731,276580.0,252796.0,0.0,0.0,1,1
732,276580.0,252796.0,0.0,0.0,1,1
733,276580.0,252796.0,0.0,0.0,1,1
734,276580.0,252796.0,0.0,0.0,1,1
735,276580.0,252796.0,0.0,0.0,1,1
736,276580.0,252796.0,0.0,0.0,1,1
737,276580.0,252796.0,0.0,0.0,1,1
738,274553.0,252796.0,0.0,0.0,1,1
739,274553.0,252796.0,0.0,0.0,1,1
740,274553.0,252796.0,0.0,0.0,1,1
741,274553.0,252796.0,0.0,0.0,1,1
742,274553.0,252796.0,0.0,0.0,1,1
743,274553.0,252796.0,0.0,0.0,1,1
744,274553.0,252796.0,0.0,0.0,1,1
745,274553.0,252796.0,0.0,0.0,1,1
746,274553.0,252796.0,0.0,0.0,1,1
747,274553.0,252796.0,0.0,0.0,1,1
748,274553.0,252796.0,0.0,0.0,1,1
749,274553.0,252796.0,0.0,0.0,1,1
750,274553.0,252796.0,0.0,0.0,1,1
751,274553.0,252796.0,0.0,0.0,1,1
752,274553.0,252796.0,0.0,0.0,1,1
753,274553.0,252796.0,0.0,0.0,1,1
754,275053.0,252796.0,0.0,0.0,1,1
755,275053.0,252796.0,0.0,0.0,1,1
756,275053.0,252796.0,0.0,0.0,1,1
757,275053.0,252796.0,0.0,0.0,1,1
758,275053.0,252796.0,0.0,0.0,1,1
759,275053.0,252796.0,0.0,0.0,1,1
760,275053.0,252796.0,0.0,0.0,1,1
761,275053.0,252796.0,0.0,0.0,1,1
762,275053.0,252796.0,0.0,0.0,1,1
763,275053.0,252796.0,0.0,0.0,1,1
764,275053.0,252796.0,0.0,0.0,1,1
765,275053.0,252796.0,0.0,0.0,1,1
766,275053.0,252796.0,0.0,0.0,1,1
767,275053.0,252796.0,0.0,0.0,1,1
768,275053.0,252796.0,0.0,0.0,1,1
769,275494.0,252796.0,0.0,0.0,1,1
770,275494.0,252796.0,0.0,0.0,1,1
771,275494.0,252796.0,0.0,0.0,1,1
772,275494.0,252796.0,0.0,0.0,1,1
773,275494.0,252796.0,0.0,0.0,1,1
774,275494.0,252796.0,0.0,0.0,1,1
775,275494.0,252796.0,0.0,0.0,1,1
776,275494.0,252796.0,0.0,0.0,1,1
777,275494.0,252796.0,0.0,0.0,1,1
778,274726.0,252796.0,0.0,0.0,1,1
779,274726.0,252796.0,0.0,0.0,1,1
780,274726.0,252796.0,0.0,0.0,1,1
781,274726.0,252796.0,0.0,0.0,1,1
782,274726.0,252796.0,0.0,0.0,1,1
783,274726.0,252796.0,0.0,0.0,1,1
784,274726.0,252796.0,0.0,0.0,1,1
785,274726.0,252796.0,0.0,0.0,1,1
786,274726.0,252796.0,0.0,0.0,1,1
787,274726.0,252796.0,0.0,0.0,1,1
788,274726.0,252796.0,0.0,0.0,1,1
789,274726.0,252796.0,0.0,0.0,1,1
790,274726.0,252796.0,0.0,0.0,1,1
791,274726.0,252796.0,0.0,0.0,1,1
792,274726.0,252796.0,0.0,0.0,1,1
793,274726.0,252796.0,0.0,0.0,1,1
794,274726.0,252796.0,0.0,0.0,1,1
795,274726.0,252796.0,0.0,0.0,1,1
796,274726.0,252796.0,0.0,0.0,1,1
797,274726.0,252796.0,0.0,0.0,1,1
798,274726.0,252796.0,0.0,0.0,1,1
799,274726.0,252796.0,0.0,0.0,1,1
800,274726.0,252796.0,0.0,0.0,1,1
801,274726.0,252796.0,0.0,0.0,1,1
802,274726.0,252796.0,0.0,0.0,1,1
803,274726.0,252796.0,0.0,0.0,1,1
804,274726.0,252796.0,0.0,0.0,1,1
805,274726.0,252796.0,0.0,0.0,1,1
806,274733.5,252796.0,0.0,0.0,1,1
807,274733.5,252796.0,0.0,0.0,1,1
808,274733.5,252796.0,0.0,0.0,1,1
809,274733.5,252796.0,0.0,0.0,1,1
810,274733.5,252796.0,0.0,0.0,1,1
811,274733.5,252796.0,0.0,0.0,1,1
812,274733.5,252796.0,0.0,0.0,1,1
813,274733.5,252796.0,0.0,0.0,1,1
814,274733.5,252796.0,0.0,0.0,1,1
815,274733.5,252796.0,0.0,0.0,1,1
816,274733.5,252796.0,0.0,0.0,1,1
817,275397.5,252796.0,0.0,0.0,1,1
818,275397.5,252796.0,0.0,0.0,1,1
819,275397.5,252796.0,0.0,0.0,1,1
820,275397.5,252796.0,0.0,0.0,1,1
821,275397.5,252796.0,0.0,0.0,1,1
822,275397.5,252796.0,0.0,0.0,1,1
823,275397.5,252796.0,0.0,0.0,1,1
824,275397.5,252796.0,0.0,0.0,1,1
825,275397.5,252796.0,0.0,0.0,1,1
826,275397.5,252796.0,0.0,0.0,1,1
827,275397.5,252796.0,0.0,0.0,1,1
828,275397.5,252796.0,0.0,0.0,1,1
829,273968.0,252796.0,0.0,0.0,1,1
830,273968.0,252796.0,0.0,0.0,1,1
831,273968.0,252796.0,0.0,0.0,1,1
832,273968.0,252796.0,0.0,0.0,1,1
833,273968.0,252796.0,0.0,0.0,1,1
834,273968.0,252796.0,0.0,0.0,1,1
835,273968.0,252796.0,0.0,0.0,1,1
836,273968.0,252796.0,0.0,0.0,1,1
837,274037.0,252796.0,0.0,0.0,1,1
838,274037.0,252796.0,0.0,0.0,1,1
839,274037.0,252796.0,0.0,0.0,1,1
840,274037.0,252796.0,0.0,0.0,1,1
841,273963.5,252796.0,0.0,0.0,1,1
842,273963.5,252796.0,0.0,0.0,1,1
843,273963.5,252796.0,0.0,0.0,1,1
844,273963.5,252796.0,0.0,0.0,1,1
845,273963.5,252796.0,0.0,0.0,1,1
846,273963.5,252796.0,0.0,0.0,1,1
847,273963.5,252796.0,0.0,0.0,1,1
848,273963.5,252796.0,0.0,0.0,1,1
849,273963.5,252796.0,0.0,0.0,1,1
850,273963.5,252796.0,0.0,0.0,1,1
851,273963.5,252796.0,0.0,0.0,1,1
852,273963.5,252796.0,0.0,0.0,1,1
853,273963.5,252796.0,0.0,0.0,1,1
854,273963.5,252796.0,0.0,0.0,1,1
855,273963.5,252796.0,0.0,0.0,1,1
856,273963.5,252796.0,0.0,0.0,1,1
857,273963.5,252796.0,0.0,0.0,1,1
858,273963.5,252796.0,0.0,0.0,1,1
859,273963.5,252796.0,0.0,0.0,1,1
860,273963.5,252796.0,0.0,0.0,1,1
861,273963.5,252796.0,0.0,0.0,1,1
862,273963.5,252796.0,0.0,0.0,1,1
863,273963.5,252796.0,0.0,0.0,1,1
864,273963.5,252796.0,0.0,0.0,1,1
865,273963.5,252796.0,0.0,0.0,1,1
866,273963.5,252796.0,0.0,0.0,1,1
867,273793.5,252796.0,0.0,0.0,1,1
868,273793.5,252796.0,0.0,0.0,1,1
869,273793.5,252796.0,0.0,0.0,1,1
870,273793.5,252796.0,0.0,0.0,1,1
871,273793.5,252796.0,0.0,0.0,1,1
872,273793.5,252796.0,0.0,0.0,1,1
873,273793.5,252796.0,0.0,0.0,1,1
874,273793.5,252796.0,0.0,0.0,1,1
875,273793.5,252796.0,0.0,0.0,1,1
876,273793.5,252796.0,0.0,0.0,1,1
877,273793.5,252796.0,0.0,0.0,1,1
878,273793.5,252796.0,0.0,0.0,1,1
879,273793.5,252796.0,0.0,0.0,1,1
880,273793.5,252796.0,0.0,0.0,1,1
881,273793.5,252796.0,0.0,0.0,1,1
882,273793.5,252796.0,0.0,0.0,1,1
883,273793.5,252796.0,0.0,0.0,1,1
884,273793.5,252796.0,0.0,0.0,1,1
885,273793.5,252796.0,0.0,0.0,1,1
886,273793.5,252796.0,0.0,0.0,1,1
887,273793.5,252796.0,0.0,0.0,1,1
888,273793.5,252796.0,0.0,0.0,1,1
889,273793.5,252796.0,0.0,0.0,1,1
890,273793.5,252796.0,0.0,0.0,1,1
891,273793.5,252796.0,0.0,0.0,1,1
892,273793.5,252796.0,0.0,0.0,1,1
893,273793.5,252796.0,0.0,0.0,1,1
894,273793.5,252796.0,0.0,0.0,1,1
895,273793.5,252796.0,0.0,0.0,1,1
896,273793.5,252796.0,0.0,0.0,1,1
897,273793.5,252796.0,0.0,0.0,1,1
898,273793.5,252796.0,0.0,0.0,1,1
899,274185.0,252796.0,0.0,0.0,1,1
900,274185.0,252796.0,0.0,0.0,1,1
901,274185.0,252796.0,0.0,0.0,1,1
902,274185.0,252796.0,0.0,0.0,1,1
903,274185.0,252796.0,0.0,0.0,1,1
904,274185.0,252796.0,0.0,0.0,1,1
905,274185.0,252796.0,0.0,0.0,1,1
906,274185.0,252796.0,0.0,0.0,1,1
907,274185.0,252796.0,0.0,0.0,1,1
908,274185.0,252796.0,0.0,0.0,1,1
909,274256.5,252796.0,0.0,0.0,1,1
910,274256.5,252796.0,0.0,0.0,1,1
911,274256.5,252796.0,0.0,0.0,1,1
912,274256.5,252796.0,0.0,0.0,1,1
913,274256.5,252796.0,0.0,0.0,1,1
914,274256.5,252796.0,0.0,0.0,1,1
915,274256.5,252796.0,0.0,0.0,1,1
916,274256.5,252796.0,0.0,0.0,1,1
917,274256.5,252796.0,0.0,0.0,1,1
918,274256.5,252796.0,0.0,0.0,1,1
919,274256.5,252796.0,0.0,0.0,1,1
920,274256.5,252796.0,0.0,0.0,1,1
921,274256.5,252796.0,0.0,0.0,1,1
922,274256.5,252796.0,0.0,0.0,1,1
923,274256.5,252796.0,0.0,0.0,1,1
924,274256.5,252796.0,0.0,0.0,1,1
925,274287.5,252796.0,0.0,0.0,1,1
926,274287.5,252796.0,0.0,0.0,1,1
927,274287.5,252796.0,0.0,0.0,1,1
928,274287.5,252796.0,0.0,0.0,1,1
929,274287.5,252796.0,0.0,0.0,1,1
930,274287.5,252796.0,0.0,0.0,1,1
931,274287.5,252796.0,0.0,0.0,1,1
932,274287.5,252796.0,0.0,0.0,1,1
933,274287.5,252796.0,0.0,0.0,1,1
934,274287.5,252796.0,0.0,0.0,1,1
935,274287.5,252796.0,0.0,0.0,1,1
936,274287.5,252796.0,0.0,0.0,1,1
937,274287.5,252796.0,0.0,0.0,1,1
938,274287.5,252796.0,0.0,0.0,1,1
939,274287.5,252796.0,0.0,0.0,1,1
940,274287.5,252796.0,0.0,0.0,1,1
941,274287.5,252796.0,0.0,0.0,1,1
942,274287.5,252796.0,0.0,0.0,1,1
943,274287.5,252796.0,0.0,0.0,1,1
944,274287.5,252796.0,0.0,0.0,1,1
945,274287.5,252796.0,0.0,0.0,1,1
946,274287.5,252796.0,0.0,0.0,1,1
947,274287.5,252796.0,0.0,0.0,1,1
948,274287.5,252796.0,0.0,0.0,1,1
949,274287.5,252796.0,0.0,0.0,1,1
950,274287.5,252796.0,0.0,0.0,1,1
951,274287.5,252796.0,0.0,0.0,1,1
952,274287.5,252796.0,0.0,0.0,1,1
953,274287.5,252796.0,0.0,0.0,1,1
954,274287.5,252796.0,0.0,0.0,1,1
955,274287.5,252796.0,0.0,0.0,1,1
956,274287.5,252796.0,0.0,0.0,1,1
957,274287.5,252796.0,0.0,0.0,1,1
958,274287.5,252796.0,0.0,0.0,1,1
959,274287.5,252796.0,0.0,0.0,1,1
960,274287.5,252796.0,0.0,0.0,1,1
961,274287.5,252796.0,0.0,0.0,1,1
962,274287.5,252796.0,0.0,0.0,1,1
963,274287.5,252796.0,0.0,0.0,1,1
964,274287.5,252796.0,0.0,0.0,1,1
965,274287.5,252796.0,0.0,0.0,1,1
966,274287.5,252796.0,0.0,0.0,1,1
967,274287.5,252796.0,0.0,0.0,1,1
968,274287.5,252796.0,0.0,0.0,1,1
969,274287.5,252796.0,0.0,0.0,1,1
970,274287.5,252796.0,0.0,0.0,1,1
971,274287.5,252796.0,0.0,0.0,1,1
972,274479.0,252796.0,0.0,0.0,1,1
973,274479.0,252796.0,0.0,0.0,1,1
974,274479.0,252796.0,0.0,0.0,1,1
975,274479.0,252796.0,0.0,0.0,1,1
976,274479.0,252796.0,0.0,0.0,1,1
977,274479.0,252796.0,0.0,0.0,1,1
978,274479.0,252796.0,0.0,0.0,1,1
979,274479.0,252796.0,0.0,0.0,1,1
980,274479.0,252796.0,0.0,0.0,1,1
981,274450.0,252796.0,0.0,0.0,1,1
982,274450.0,252796.0,0.0,0.0,1,1
983,274450.0,252796.0,0.0,0.0,1,1
984,274450.0,252796.0,0.0,0.0,1,1
985,274450.0,252796.0,0.0,0.0,1,1
986,274450.0,252796.0,0.0,0.0,1,1
987,274450.0,252796.0,0.0,0.0,1,1
988,274450.0,252796.0,0.0,0.0,1,1
989,274450.0,252796.0,0.0,0.0,1,1
990,274450.0,252796.0,0.0,0.0,1,1
991,274450.0,252796.0,0.0,0.0,1,1
992,274450.0,252796.0,0.0,0.0,1,1
993,274450.0,252796.0,0.0,0.0,1,1
994,274450.0,252796.0,0.0,0.0,1,1
995,274450.0,252796.0,0.0,0.0,1,1
996,274450.0,252796.0,0.0,0.0,1,1
997,274450.0,252796.0,0.0,0.0,1,1
998,274450.0,252796.0,0.0,0.0,1,1
999,274450.0,252796.0,0.0,0.0,1,1
1000,274450.0,252796.0,0.0,0.0,1,1
1001,274450.0,252796.0,0.0,0.0,1,1
1002,274450.0,252796.0,0.0,0.0,1,1
1003,274450.0,252796.0,0.0,0.0,1,1
1004,274450.0,252796.0,0.0,0.0,1,1
1005,274450.0,252796.0,0.0,0.0,1,1
1006,274450.0,252796.0,0.0,0.0,1,1
1007,274450.0,252796.0,0.0,0.0,1,1
1008,274450.0,252796.0,0.0,0.0,1,1
1009,274450.0,252796.0,0.0,0.0,1,1
1010,274450.0,252796.0,0.0,0.0,1,1
1011,274450.0,252796.0,0.0,0.0,1,1
1012,274450.0,252796.0,0.0,0.0,1,1
1013,274450.0,252796.0,0.0,0.0,1,1
1014,274450.0,252796.0,0.0,0.0,1,1
1015,274450.0,252796.0,0.0,0.0,1,1
1016,274450.0,252796.0,0.0,0.0,1,1
1017,274450.0,252796.0,0.0,0.0,1,1
1018,274450.0,252796.0,0.0,0.0,1,1
1019,274450.0,252796.0,0.0,0.0,1,1
1020,274450.0,252796.0,0.0,0.0,1,1
1021,274450.0,252796.0,0.0,0.0,1,1
1022,274450.0,252796.0,0.0,0.0,1,1
1023,274450.0,252796.0,0.0,0.0,1,1
1024,274450.0,252796.0,0.0,0.0,1,1
1025,274450.0,252796.0,0.0,0.0,1,1
1026,274450.0,252796.0,0.0,0.0,1,1
1027,274450.0,252796.0,0.0,0.0,1,1
1028,274450.0,252796.0,0.0,0.0,1,1
1029,274450.0,252796.0,0.0,0.0,1,1
1030,274450.0,252796.0,0.0,0.0,1,1
1031,275200.0,252796.0,0.0,0.0,1,1
1032,275200.0,252796.0,0.0,0.0,1,1
1033,275200.0,252796.0,0.0,0.0,1,1
1034,275200.0,252796.0,0.0,0.0,1,1
1035,275200.0,252796.0,0.0,0.0,1,1
1036,275200.0,252796.0,0.0,0.0,1,1
1037,275200.0,252796.0,0.0,0.0,1,1
1038,275200.0,252796.0,0.0,0.0,1,1
1039,275200.0,252796.0,0.0,0.0,1,1
1040,275200.0,252796.0,0.0,0.0,1,1
1041,275200.0,252796.0,0.0,0.0,1,1
1042,275200.0,252796.0,0.0,0.0,1,1
1043,275200.0,252796.0,0.0,0.0,1,1
1044,275200.0,252796.0,0.0,0.0,1,1
1045,275200.0,252796.0,0.0,0.0,1,1
1046,275483.0,252796.0,0.0,0.0,1,1
1047,275483.0,252796.0,0.0,0.0,1,1
1048,275483.0,252796.0,0.0,0.0,1,1
1049,276529.5,252796.0,0.0,0.0,1,1
1050,276529.5,252796.0,0.0,0.0,1,1
1051,276529.5,252796.0,0.0,0.0,1,1
1052,276529.5,252796.0,0.0,0.0,1,1
1053,276529.5,252796.0,0.0,0.0,1,1
1054,276529.5,252796.0,0.0,0.0,1,1
1055,276529.5,252796.0,0.0,0.0,1,1
1056,276529.5,252796.0,0.0,0.0,1,1
1057,276529.5,252796.0,0.0,0.0,1,1
1058,276529.5,252796.0,0.0,0.0,1,1
1059,276529.5,252796.0,0.0,0.0,1,1
1060,276657.0,252796.0,0.0,0.0,1,1
1061,276657.0,252796.0,0.0,0.0,1,1
1062,276781.0,252796.0,0.0,0.0,1,1
1063,276781.0,252796.0,0.0,0.0,1,1
1064,276781.0,252796.0,0.0,0.0,1,1
1065,276781.0,252796.0,0.0,0.0,1,1
1066,276781.0,252796.0,0.0,0.0,1,1
1067,276781.0,252796.0,0.0,0.0,1,1
1068,276781.0,252796.0,0.0,0.0,1,1
1069,276781.0,252796.0,0.0,0.0,1,1
1070,276781.0,252796.0,0.0,0.0,1,1
1071,276781.0,252796.0,0.0,0.0,1,1
1072,276781.0,252796.0,0.0,0.0,1,1
1073,276781.0,252796.0,0.0,0.0,1,1
1074,276781.0,252796.0,0.0,0.0,1,1
1075,276781.0,252796.0,0.0,0.0,1,1
1076,276781.0,252796.0,0.0,0.0,1,1
1077,276781.0,252796.0,0.0,0.0,1,1
1078,276781.0,252796.0,0.0,0.0,1,1
1079,276781.0,252796.0,0.0,0.0,1,1
1080,276781.0,252796.0,0.0,0.0,1,1
1081,276781.0,252796.0,0.0,0.0,1,1
1082,276781.0,252796.0,0.0,0.0,1,1
1083,276781.0,252796.0,0.0,0.0,1,1
1084,276781.0,252796.0,0.0,0.0,1,1
1085,276781.0,252796.0,0.0,0.0,1,1
1086,276781.0,252796.0,0.0,0.0,1,1
1087,276781.0,252796.0,0.0,0.0,1,1
1088,276781.0,252796.0,0.0,0.0,1,1
1089,276781.0,252796.0,0.0,0.0,1,1
1090,276781.0,252796.0,0.0,0.0,1,1
1091,276781.0,252796.0,0.0,0.0,1,1
1092,276781.0,252796.0,0.0,0.0,1,1
1093,276835.0,252796.0,0.0,0.0,1,1
1094,276835.0,252796.0,0.0,0.0,1,1
1095,276835.0,252796.0,0.0,0.0,1,1
1096,276835.0,252796.0,0.0,0.0,1,1
1097,276835.0,252796.0,0.0,0.0,1,1
1098,276835.0,252796.0,0.0,0.0,1,1
1099,276835.0,252796.0,0.0,0.0,1,1
1100,276835.0,252796.0,0.0,0.0,1,1
1101,276835.0,252796.0,0.0,0.0,1,1
1102,276835.0,252796.0,0.0,0.0,1,1
1103,276835.0,252796.0,0.0,0.0,1,1
1104,276835.0,252796.0,0.0,0.0,1,1
1105,276835.0,252796.0,0.0,0.0,1,1
1106,276835.0,252796.0,0.0,0.0,1,1
1107,276835.0,252796.0,0.0,0.0,1,1
1108,276835.0,252796.0,0.0,0.0,1,1
1109,276835.0,252796.0,0.0,0.0,1,1
1110,280452.5,252796.0,0.0,0.0,1,1
1111,280452.5,252796.0,0.0,0.0,1,1
1112,280452.5,252796.0,0.0,0.0,1,1
1113,280452.5,252796.0,0.0,0.0,1,1
1114,280452.5,252796.0,0.0,0.0,1,1
1115,280452.5,252796.0,0.0,0.0,1,1
1116,280452.5,252796.0,0.0,0.0,1,1
1117,280452.5,252796.0,0.0,0.0,1,1
1118,280452.5,252796.0,0.0,0.0,1,1
1119,280452.5,252796.0,0.0,0.0,1,1
1120,280452.5,252796.0,0.0,0.0,1,1
1121,280452.5,252796.0,0.0,0.0,1,1
1122,280452.5,252796.0,0.0,0.0,1,1
1123,280452.5,252796.0,0.0,0.0,1,1
1124,280452.5,252796.0,0.0,0.0,1,1
1125,280452.5,252796.0,0.0,0.0,1,1
1126,280452.5,252796.0,0.0,0.0,1,1
1127,280452.5,252796.0,0.0,0.0,1,1
1128,280452.5,252796.0,0.0,0.0,1,1
1129,280452.5,252796.0,0.0,0.0,1,1
1130,280452.5,252796.0,0.0,0.0,1,1
1131,280452.5,252796.0,0.0,0.0,1,1
1132,280452.5,252796.0,0.0,0.0,1,1
1133,280452.5,252796.0,0.0,0.0,1,1
1134,280278.0,252796.0,0.0,0.0,1,1
1135,280278.0,252796.0,0.0,0.0,1,1
1136,280278.0,252796.0,0.0,0.0,1,1
1137,280278.0,252796.0,0.0,0.0,1,1
1138,280278.0,252796.0,0.0,0.0,1,1
1139,280278.0,252796.0,0.0,0.0,1,1
1140,280278.0,252796.0,0.0,0.0,1,1
1141,280278.0,252796.0,0.0,0.0,1,1
1142,280278.0,252796.0,0.0,0.0,1,1
1143,280278.0,252796.0,0.0,0.0,1,1
1144,280278.0,252796.0,0.0,0.0,1,1
1145,280278.0,252796.0,0.0,0.0,1,1
1146,280709.0,252796.0,0.0,0.0,1,1
1147,280709.0,252796.0,0.0,0.0,1,1
1148,280709.0,252796.0,0.0,0.0,1,1
1149,280709.0,252796.0,0.0,0.0,1,1
1150,280709.0,252796.0,0.0,0.0,1,1
1151,280709.0,252796.0,0.0,0.0,1,1
1152,280709.0,252796.0,0.0,0.0,1,1
1153,280709.0,252796.0,0.0,0.0,1,1
1154,280709.0,252796.0,0.0,0.0,1,1
1155,280709.0,252796.0,0.0,0.0,1,1
1156,280709.0,252796.0,0.0,0.0,1,1
1157,280709.0,252796.0,0.0,0.0,1,1
1158,280709.0,252796.0,0.0,0.0,1,1
1159,280709.0,252796.0,0.0,0.0,1,1
1160,280709.0,252796.0,0.0,0.0,1,1
1161,280709.0,252796.0,0.0,0.0,1,1
1162,280709.0,252796.0,0.0,0.0,1,1
1163,280709.0,252796.0,0.0,0.0,1,1
1164,280709.0,252796.0,0.0,0.0,1,1
1165,280709.0,252796.0,0.0,0.0,1,1
1166,280721.0,252796.0,0.0,0.0,1,1
1167,280925.5,252796.0,0.0,0.0,1,1
1168,280925.5,252796.0,0.0,0.0,1,1
1169,280925.5,252796.0,0.0,0.0,1,1
1170,280925.5,252796.0,0.0,0.0,1,1
1171,280925.5,252796.0,0.0,0.0,1,1
1172,280925.5,252796.0,0.0,0.0,1,1
1173,280925.5,252796.0,0.0,0.0,1,1
1174,280925.5,252796.0,0.0,0.0,1,1
1175,280925.5,252796.0,0.0,0.0,1,1
1176,280925.5,252796.0,0.0,0.0,1,1
1177,280925.5,252796.0,0.0,0.0,1,1
1178,280925.5,252796.0,0.0,0.0,1,1
1179,280925.5,252796.0,0.0,0.0,1,1
1180,280805.0,252796.0,0.0,0.0,1,1
1181,280805.0,252796.0,0.0,0.0,1,1
1182,280805.0,252796.0,0.0,0.0,1,1
1183,280805.0,252796.0,0.0,0.0,1,1
1184,280805.0,252796.0,0.0,0.0,1,1
1185,280805.0,252796.0,0.0,0.0,1,1
1186,280805.0,252796.0,0.0,0.0,1,1
1187,280805.0,252796.0,0.0,0.0,1,1
1188,280805.0,252796.0,0.0,0.0,1,1
1189,280805.0,252796.0,0.0,0.0,1,1
1190,280805.0,252796.0,0.0,0.0,1,1
1191,280805.0,252796.0,0.0,0.0,1,1
1192,280805.0,252796.0,0.0,0.0,1,1
1193,280805.0,252796.0,0.0,0.0,1,1
1194,280805.0,252796.0,0.0,0.0,1,1
1195,280805.0,252796.0,0.0,0.0,1,1
1196,280805.0,252796.0,0.0,0.0,1,1
1197,280805.0,252796.0,0.0,0.0,1,1
1198,281278.0,252796.0,0.0,0.0,1,1
1199,281278.0,252796.0,0.0,0.0,1,1
1200,280937.0,252796.0,0.0,0.0,1,1
1201,280937.0,252796.0,0.0,0.0,1,1
1202,280937.0,252796.0,0.0,0.0,1,1
1203,280937.0,252796.0,0.0,0.0,1,1
1204,280937.0,252796.0,0.0,0.0,1,1
1205,280937.0,252796.0,0.0,0.0,1,1
1206,280937.0,252796.0,0.0,0.0,1,1
1207,280937.0,252796.0,0.0,0.0,1,1
1208,280937.0,252796.0,0.0,0.0,1,1
1209,280937.0,252796.0,0.0,0.0,1,1
1210,280937.0,252796.0,0.0,0.0,1,1
1211,280937.0,252796.0,0.0,0.0,1,1
1212,280937.0,252796.0,0.0,0.0,1,1
1213,280937.0,252796.0,0.0,0.0,1,1
1214,280937.0,252796.0,0.0,0.0,1,1
1215,280937.0,252796.0,0.0,0.0,1,1
1216,280937.0,252796.0,0.0,0.0,1,1
1217,280937.0,252796.0,0.0,0.0,1,1
1218,280937.0,252796.0,0.0,0.0,1,1
1219,280937.0,252796.0,0.0,0.0,1,1
1220,280937.0,252796.0,0.0,0.0,1,1
1221,280937.0,252796.0,0.0,0.0,1,1
1222,280937.0,252796.0,0.0,0.0,1,1
1223,280937.0,252796.0,0.0,0.0,1,1
1224,281000.0,252796.0,0.0,0.0,1,1
1225,281000.0,252796.0,0.0,0.0,1,1
1226,281000.0,252796.0,0.0,0.0,1,1
1227,281000.0,252796.0,0.0,0.0,1,1
1228,281000.0,252796.0,0.0,0.0,1,1
1229,281000.0,252796.0,0.0,0.0,1,1
1230,281000.0,252796.0,0.0,0.0,1,1
1231,281000.0,252796.0,0.0,0.0,1,1
1232,281000.0,252796.0,0.0,0.0,1,1
1233,281000.0,252796.0,0.0,0.0,1,1
1234,281000.0,252796.0,0.0,0.0,1,1
1235,281000.0,252796.0,0.0,0.0,1,1
1236,281000.0,252796.0,0.0,0.0,1,1
1237,281000.0,252796.0,0.0,0.0,1,1
1238,281000.0,252796.0,0.0,0.0,1,1
1239,281000.0,252796.0,0.0,0.0,1,1
1240,281000.0,252796.0,0.0,0.0,1,1
1241,281000.0,252796.0,0.0,0.0,1,1
1242,281000.0,252796.0,0.0,0.0,1,1
1243,281000.0,252796.0,0.0,0.0,1,1
1244,281000.0,252796.0,0.0,0.0,1,1
1245,281000.0,252796.0,0.0,0.0,1,1
1246,281000.0,252796.0,0.0,0.0,1,1
1247,281000.0,252796.0,0.0,0.0,1,1
1248,280871.0,252796.0,0.0,0.0,1,1
1249,280871.0,252796.0,0.0,0.0,1,1
1250,280871.0,252796.0,0.0,0.0,1,1
1251,280871.0,252796.0,0.0,0.0,1,1
1252,280871.0,252796.0,0.0,0.0,1,1
1253,280871.0,252796.0,0.0,0.0,1,1
1254,280871.0,252796.0,0.0,0.0,1,1
1255,280871.0,252796.0,0.0,0.0,1,1
1256,280871.0,252796.0,0.0,0.0,1,1
1257,280871.0,252796.0,0.0,0.0,1,1
1258,280871.0,252796.0,0.0,0.0,1,1
1259,280871.0,252796.0,0.0,0.0,1,1
1260,280871.0,252796.0,0.0,0.0,1,1
1261,280871.0,252796.0,0.0,0.0,1,1
1262,280871.0,252796.0,0.0,0.0,1,1
1263,280871.0,252796.0,0.0,0.0,1,1
1264,280261.5,252796.0,0.0,0.0,1,1
1265,280261.5,252796.0,0.0,0.0,1,1
1266,280261.5,252796.0,0.0,0.0,1,1
1267,280261.5,252796.0,0.0,0.0,1,1
1268,280261.5,252796.0,0.0,0.0,1,1
1269,280507.5,252796.0,0.0,0.0,1,1
1270,280507.5,252796.0,0.0,0.0,1,1
1271,280507.5,252796.0,0.0,0.0,1,1
1272,280507.5,252796.0,0.0,0.0,1,1
1273,280507.5,252796.0,0.0,0.0,1,1
1274,280507.5,252796.0,0.0,0.0,1,1
1275,280507.5,252796.0,0.0,0.0,1,1
1276,280507.5,252796.0,0.0,0.0,1,1
1277,280507.5,252796.0,0.0,0.0,1,1
1278,280507.5,252796.0,0.0,0.0,1,1
1279,280457.0,252796.0,0.0,0.0,1,1
1280,280457.0,252796.0,0.0,0.0,1,1
1281,280457.0,252796.0,0.0,0.0,1,1
1282,280457.0,252796.0,0.0,0.0,1,1
1283,280457.0,252796.0,0.0,0.0,1,1
1284,280457.0,252796.0,0.0,0.0,1,1
1285,280457.0,252796.0,0.0,0.0,1,1
1286,280457.0,252796.0,0.0,0.0,1,1
1287,280457.0,252796.0,0.0,0.0,1,1
1288,280457.0,252796.0,0.0,0.0,1,1
1289,280457.0,252796.0,0.0,0.0,1,1
1290,280457.0,252796.0,0.0,0.0,1,1
1291,280457.0,252796.0,0.0,0.0,1,1
1292,280457.0,252796.0,0.0,0.0,1,1
1293,280457.0,252796.0,0.0,0.0,1,1
1294,280702.5,252796.0,0.0,0.0,1,1
1295,280702.5,252796.0,0.0,0.0,1,1
1296,280702.5,252796.0,0.0,0.0,1,1
1297,280655.5,252796.0,0.0,0.0,1,1
1298,280655.5,252796.0,0.0,0.0,1,1
1299,280655.5,252796.0,0.0,0.0,1,1
1300,280655.5,252796.0,0.0,0.0,1,1
1301,280655.5,252796.0,0.0,0.0,1,1
1302,280655.5,252796.0,0.0,0.0,1,1
1303,280655.5,252796.0,0.0,0.0,1,1
1304,280655.5,252796.0,0.0,0.0,1,1
1305,280655.5,252796.0,0.0,0.0,1,1
1306,280655.5,252796.0,0.0,0.0,1,1
1307,280655.5,252796.0,0.0,0.0,1,1
1308,280655.5,252796.0,0.0,0.0,1,1
1309,280655.5,252796.0,0.0,0.0,1,1
1310,280655.5,252796.0,0.0,0.0,1,1
1311,280655.5,252796.0,0.0,0.0,1,1
1312,280655.5,252796.0,0.0,0.0,1,1
1313,280655.5,252796.0,0.0,0.0,1,1
1314,280655.5,252796.0,0.0,0.0,1,1
1315,280655.5,252796.0,0.0,0.0,1,1
1316,280655.5,252796.0,0.0,0.0,1,1
1317,280655.5,252796.0,0.0,0.0,1,1
1318,280564.5,252796.0,0.0,0.0,1,1
1319,280564.5,252796.0,0.0,0.0,1,1
1320,280564.5,252796.0,0.0,0.0,1,1
1321,280564.5,252796.0,0.0,0.0,1,1
1322,280564.5,252796.0,0.0,0.0,1,1
1323,280564.5,252796.0,0.0,0.0,1,1
1324,280564.5,252796.0,0.0,0.0,1,1
1325,280510.5,252796.0,0.0,0.0,1,1
1326,280510.5,252796.0,0.0,0.0,1,1
1327,280510.5,252796.0,0.0,0.0,1,1
1328,280510.5,252796.0,0.0,0.0,1,1
1329,280509.5,252796.0,0.0,0.0,1,1
1330,280509.5,252796.0,0.0,0.0,1,1
1331,280509.5,252796.0,0.0,0.0,1,1
1332,278591.0,252796.0,0.0,0.0,1,1
1333,278591.0,252796.0,0.0,0.0,1,1
1334,278591.0,252796.0,0.0,0.0,1,1
1335,278591.0,252796.0,0.0,0.0,1,1
1336,278591.0,252796.0,0.0,0.0,1,1
1337,278591.0,252796.0,0.0,0.0,1,1
1338,278591.0,252796.0,0.0,0.0,1,1
1339,278591.0,252796.0,0.0,0.0,1,1
1340,278591.0,252796.0,0.0,0.0,1,1
1341,278591.0,252796.0,0.0,0.0,1,1
1342,278591.0,252796.0,0.0,0.0,1,1
1343,278591.0,252796.0,0.0,0.0,1,1
1344,278591.0,252796.0,0.0,0.0,1,1
1345,278591.0,252796.0,0.0,0.0,1,1
1346,278591.0,252796.0,0.0,0.0,1,1
1347,278591.0,252796.0,0.0,0.0,1,1
1348,278591.0,252796.0,0.0,0.0,1,1
1349,278591.0,252796.0,0.0,0.0,1,1
1350,278591.0,252796.0,0.0,0.0,1,1
1351,278591.0,252796.0,0.0,0.0,1,1
1352,278591.0,252796.0,0.0,0.0,1,1
1353,278591.0,252796.0,0.0,0.0,1,1
1354,278591.0,252796.0,0.0,0.0,1,1
1355,278591.0,252796.0,0.0,0.0,1,1
1356,278591.0,252796.0,0.0,0.0,1,1
1357,278591.0,252796.0,0.0,0.0,1,1
1358,278591.0,252796.0,0.0,0.0,1,1
1359,278591.0,252796.0,0.0,0.0,1,1
1360,278591.0,252796.0,0.0,0.0,1,1
1361,278591.0,252796.0,0.0,0.0,1,1
1362,278591.0,252796.0,0.0,0.0,1,1
1363,278591.0,252796.0,0.0,0.0,1,1
1364,278591.0,252796.0,0.0,0.0,1,1
1365,278591.0,252796.0,0.0,0.0,1,1
1366,278591.0,252796.0,0.0,0.0,1,1
1367,278591.0,252796.0,0.0,0.0,1,1
1368,278591.0,252796.0,0.0,0.0,1,1
1369,278591.0,252796.0,0.0,0.0,1,1
1370,278591.0,252796.0,0.0,0.0,1,1
1371,278591.0,252796.0,0.0,0.0,1,1
1372,277120.5,252796.0,0.0,0.0,1,1
1373,277120.5,252796.0,0.0,0.0,1,1
1374,277120.5,252796.0,0.0,0.0,1,1
1375,277120.5,252796.0,0.0,0.0,1,1
1376,277120.5,252796.0,0.0,0.0,1,1
1377,277120.5,252796.0,0.0,0.0,1,1
1378,277120.5,252796.0,0.0,0.0,1,1
1379,277120.5,252796.0,0.0,0.0,1,1
1380,277120.5,252796.0,0.0,0.0,1,1
1381,277120.5,252796.0,0.0,0.0,1,1
1382,277120.5,252796.0,0.0,0.0,1,1
1383,277120.5,252796.0,0.0,0.0,1,1
1384,277120.5,252796.0,0.0,0.0,1,1
1385,277120.5,252796.0,0.0,0.0,1,1
1386,277120.5,252796.0,0.0,0.0,1,1
1387,277120.5,252796.0,0.0,0.0,1,1
1388,277120.5,252796.0,0.0,0.0,1,1
1389,277120.5,252796.0,0.0,0.0,1,1
1390,277120.5,252796.0,0.0,0.0,1,1
1391,277120.5,252796.0,0.0,0.0,1,1
1392,277120.5,252796.0,0.0,0.0,1,1
1393,277120.5,252796.0,0.0,0.0,1,1
1394,277120.5,252796.0,0.0,0.0,1,1
1395,277120.5,252796.0,0.0,0.0,1,1
1396,277120.5,252796.0,0.0,0.0,1,1
1397,277120.5,252796.0,0.0,0.0,1,1
1398,277120.5,252796.0,0.0,0.0,1,1
1399,277120.5,252796.0,0.0,0.0,1,1
1400,277120.5,252796.0,0.0,0.0,1,1
1401,277120.5,252796.0,0.0,0.0,1,1
1402,277120.5,252796.0,0.0,0.0,1,1
1403,277120.5,252796.0,0.0,0.0,1,1
1404,277120.5,252796.0,0.0,0.0,1,1
1405,277120.5,252796.0,0.0,0.0,1,1
1406,277120.5,252796.0,0.0,0.0,1,1
1407,277120.5,252796.0,0.0,0.0,1,1
1408,277120.5,252796.0,0.0,0.0,1,1
1409,277120.5,252796.0,0.0,0.0,1,1
1410,277120.5,252796.0,0.0,0.0,1,1
1411,277120.5,252796.0,0.0,0.0,1,1
1412,277120.5,252796.0,0.0,0.0,1,1
1413,277120.5,252796.0,0.0,0.0,1,1
1414,277120.5,252796.0,0.0,0.0,1,1
1415,277120.5,252796.0,0.0,0.0,1,1
1416,277164.5,252796.0,0.0,0.0,1,1
1417,277164.5,252796.0,0.0,0.0,1,1
1418,277164.5,252796.0,0.0,0.0,1,1
1419,277164.5,252796.0,0.0,0.0,1,1
1420,277164.5,252796.0,0.0,0.0,1,1
1421,277164.5,252796.0,0.0,0.0,1,1
1422,277164.5,252796.0,0.0,0.0,1,1
1423,277164.5,252796.0,0.0,0.0,1,1
1424,277164.5,252796.0,0.0,0.0,1,1
1425,277164.5,252796.0,0.0,0.0,1,1
1426,277164.5,252796.0,0.0,0.0,1,1
1427,277164.5,252796.0,0.0,0.0,1,1
1428,277164.5,252796.0,0.0,0.0,1,1
1429,277164.5,252796.0,0.0,0.0,1,1
1430,277164.5,252796.0,0.0,0.0,1,1
1431,277164.5,252796.0,0.0,0.0,1,1
1432,277164.5,252796.0,0.0,0.0,1,1
1433,277164.5,252796.0,0.0,0.0,1,1
1434,277164.5,252796.0,0.0,0.0,1,1
1435,277164.5,252796.0,0.0,0.0,1,1
1436,277164.5,252796.0,0.0,0.0,1,1
1437,277164.5,252796.0,0.0,0.0,1,1
1438,277164.5,252796.0,0.0,0.0,1,1
1439,277164.5,252796.0,0.0,0.0,1,1
1440,277164.5,252796.0,0.0,0.0,1,1
1441,277164.5,252796.0,0.0,0.0,1,1
1442,277164.5,252796.0,0.0,0.0,1,1
1443,277164.5,252796.0,0.0,0.0,1,1
1444,277164.5,252796.0,0.0,0.0,1,1
1445,277164.5,252796.0,0.0,0.0,1,1
1446,277164.5,252796.0,0.0,0.0,1,1
1447,277164.5,252796.0,0.0,0.0,1,1
1448,277084.5,252796.0,0.0,0.0,1,1
1449,277084.5,252796.0,0.0,0.0,1,1
1450,277084.5,252796.0,0.0,0.0,1,1
1451,277084.5,252796.0,0.0,0.0,1,1
1452,277084.5,252796.0,0.0,0.0,1,1
1453,277084.5,252796.0,0.0,0.0,1,1
1454,277084.5,252796.0,0.0,0.0,1,1
1455,277084.5,252796.0,0.0,0.0,1,1
1456,276417.0,252796.0,0.0,0.0,1,1
1457,276417.0,252796.0,0.0,0.0,1,1
1458,276417.0,252796.0,0.0,0.0,1,1
1459,276417.0,252796.0,0.0,0.0,1,1
1460,276417.0,252796.0,0.0,0.0,1,1
1461,276417.0,252796.0,0.0,0.0,1,1
1462,276417.0,252796.0,0.0,0.0,1,1
1463,276417.0,252796.0,0.0,0.0,1,1
1464,276417.0,252796.0,0.0,0.0,1,1
1465,276417.0,252796.0,0.0,0.0,1,1
1466,276417.0,252796.0,0.0,0.0,1,1
1467,276417.0,252796.0,0.0,0.0,1,1
1468,276417.0,252796.0,0.0,0.0,1,1
1469,276417.0,252796.0,0.0,0.0,1,1
1470,276426.0,252796.0,0.0,0.0,1,1
1471,276426.0,252796.0,0.0,0.0,1,1
1472,276426.0,252796.0,0.0,0.0,1,1
1473,276426.0,252796.0,0.0,0.0,1,1
1474,276426.0,252796.0,0.0,0.0,1,1
1475,276426.0,252796.0,0.0,0.0,1,1
1476,276426.0,252796.0,0.0,0.0,1,1
1477,276426.0,252796.0,0.0,0.0,1,1
1478,276426.0,252796.0,0.0,0.0,1,1
1479,276426.0,252796.0,0.0,0.0,1,1
1480,276426.0,252796.0,0.0,0.0,1,1
1481,276426.0,252796.0,0.0,0.0,1,1
1482,276426.0,252796.0,0.0,0.0,1,1
1483,276426.0,252796.0,0.0,0.0,1,1
1484,276426.0,252796.0,0.0,0.0,1,1
1485,276426.0,252796.0,0.0,0.0,1,1
1486,276426.0,252796.0,0.0,0.0,1,1
1487,276426.0,252796.0,0.0,0.0,1,1
1488,276426.0,252796.0,0.0,0.0,1,1
1489,276426.0,252796.0,0.0,0.0,1,1
1490,276426.0,252796.0,0.0,0.0,1,1
1491,276426.0,252796.0,0.0,0.0,1,1
1492,276426.0,252796.0,0.0,0.0,1,1
1493,276426.0,252796.0,0.0,0.0,1,1
1494,276426.0,252796.0,0.0,0.0,1,1
1495,276426.0,252796.0,0.0,0.0,1,1
1496,276426.0,252796.0,0.0,0.0,1,1
1497,276426.0,252796.0,0.0,0.0,1,1
1498,276426.0,252796.0,0.0,0.0,1,1
1499,276426.0,252796.0,0.0,0.0,1,1
1500,276426.0,252796.0,0.0,0.0,1,1
1501,276426.0,252796.0,0.0,0.0,1,1
1502,276426.0,252796.0,0.0,0.0,1,1
1503,276426.0,252796.0,0.0,0.0,1,1
1504,276426.0,252796.0,0.0,0.0,1,1
1505,276426.0,252796.0,0.0,0.0,1,1
1506,276426.0,252796.0,0.0,0.0,1,1
1507,276426.0,252796.0,0.0,0.0,1,1
1508,276426.0,252796.0,0.0,0.0,1,1
1509,276426.0,252796.0,0.0,0.0,1,1
1510,276426.0,252796.0,0.0,0.0,1,1
1511,276426.0,252796.0,0.0,0.0,1,1
1512,276426.0,252796.0,0.0,0.0,1,1
1513,276426.0,252796.0,0.0,0.0,1,1
1514,276426.0,252796.0,0.0,0.0,1,1
1515,276426.0,252796.0,0.0,0.0,1,1
1516,276426.0,252796.0,0.0,0.0,1,1
1517,276426.0,252796.0,0.0,0.0,1,1
1518,276426.0,252796.0,0.0,0.0,1,1
1519,276426.0,252796.0,0.0,0.0,1,1
1520,276426.0,252796.0,0.0,0.0,1,1
1521,276426.0,252796.0,0.0,0.0,1,1
1522,276426.0,252796.0,0.0,0.0,1,1
1523,276426.0,252796.0,0.0,0.0,1,1
1524,276426.0,252796.0,0.0,0.0,1,1
1525,276426.0,252796.0,0.0,0.0,1,1
1526,276426.0,252796.0,0.0,0.0,1,1
1527,276426.0,252796.0,0.0,0.0,1,1
1528,276426.0,252796.0,0.0,0.0,1,1
1529,276426.0,252796.0,0.0,0.0,1,1
1530,276426.0,252796.0,0.0,0.0,1,1
1531,276902.0,252796.0,0.0,0.0,1,1
1532,276902.0,252796.0,0.0,0.0,1,1
1533,276902.0,252796.0,0.0,0.0,1,1
1534,276902.0,252796.0,0.0,0.0,1,1
1535,276902.0,252796.0,0.0,0.0,1,1
1536,276902.0,252796.0,0.0,0.0,1,1
1537,276902.0,252796.0,0.0,0.0,1,1
1538,276902.0,252796.0,0.0,0.0,1,1
1539,276902.0,252796.0,0.0,0.0,1,1
1540,276902.0,252796.0,0.0,0.0,1,1
1541,276902.0,252796.0,0.0,0.0,1,1
1542,276902.0,252796.0,0.0,0.0,1,1
1543,276902.0,252796.0,0.0,0.0,1,1
1544,276902.0,252796.0,0.0,0.0,1,1
1545,276902.0,252796.0,0.0,0.0,1,1
1546,277139.0,252796.0,0.0,0.0,1,1
1547,277139.0,252796.0,0.0,0.0,1,1
1548,277139.0,252796.0,0.0,0.0,1,1
1549,277139.0,252796.0,0.0,0.0,1,1
1550,277139.0,252796.0,0.0,0.0,1,1
1551,277139.0,252796.0,0.0,0.0,1,1
1552,277162.0,252796.0,0.0,0.0,1,1
1553,277162.0,252796.0,0.0,0.0,1,1
1554,277162.0,252796.0,0.0,0.0,1,1
1555,277162.0,252796.0,0.0,0.0,1,1
1556,277162.0,252796.0,0.0,0.0,1,1
1557,277162.0,252796.0,0.0,0.0,1,1
1558,277162.0,252796.0,0.0,0.0,1,1
1559,277162.0,252796.0,0.0,0.0,1,1
1560,277162.0,252796.0,0.0,0.0,1,1
1561,277386.5,252796.0,0.0,0.0,1,1
1562,277386.5,252796.0,0.0,0.0,1,1
1563,280476.5,252796.0,0.0,0.0,1,1
1564,280360.0,252796.0,0.0,0.0,1,1
1565,280360.0,252796.0,0.0,0.0,1,1
1566,280360.0,252796.0,0.0,0.0,1,1
1567,280360.0,252796.0,0.0,0.0,1,1
1568,280360.0,252796.0,0.0,0.0,1,1
1569,281768.5,252796.0,0.0,0.0,1,1
1570,281768.5,252796.0,0.0,0.0,1,1
1571,281768.5,252796.0,0.0,0.0,1,1
1572,281768.5,252796.0,0.0,0.0,1,1
1573,281768.5,252796.0,0.0,0.0,1,1
1574,281768.5,252796.0,0.0,0.0,1,1
1575,281768.5,252796.0,0.0,0.0,1,1
1576,281768.5,252796.0,0.0,0.0,1,1
1577,281768.5,252796.0,0.0,0.0,1,1
1578,281768.5,252796.0,0.0,0.0,1,1
1579,281768.5,252796.0,0.0,0.0,1,1
1580,281768.5,252796.0,0.0,0.0,1,1
1581,281768.5,252796.0,0.0,0.0,1,1
1582,281768.5,252796.0,0.0,0.0,1,1
1583,281768.5,252796.0,0.0,0.0,1,1
1584,281768.5,252796.0,0.0,0.0,1,1
1585,281768.5,252796.0,0.0,0.0,1,1
1586,281768.5,252796.0,0.0,0.0,1,1
1587,281768.5,252796.0,0.0,0.0,1,1
1588,281768.5,252796.0,0.0,0.0,1,1
1589,281768.5,252796.0,0.0,0.0,1,1
1590,281768.5,252796.0,0.0,0.0,1,1
1591,281768.5,252796.0,0.0,0.0,1,1
1592,281768.5,252796.0,0.0,0.0,1,1
1593,281768.5,252796.0,0.0,0.0,1,1
1594,281768.5,252796.0,0.0,0.0,1,1
1595,281768.5,252796.0,0.0,0.0,1,1
1596,280360.0,252796.0,0.0,0.0,1,1
1597,280360.0,252796.0,0.0,0.0,1,1
1598,280360.0,252796.0,0.0,0.0,1,1
1599,279723.0,252796.0,0.0,0.0,1,1
1600,279723.0,252796.0,0.0,0.0,1,1
1601,279723.0,252796.0,0.0,0.0,1,1
1602,279723.0,252796.0,0.0,0.0,1,1
1603,279667.0,252796.0,0.0,0.0,1,1
1604,279667.0,252796.0,0.0,0.0,1,1
1605,279667.0,252796.0,0.0,0.0,1,1
1606,279667.0,252796.0,0.0,0.0,1,1
1607,279667.0,252796.0,0.0,0.0,1,1
1608,279667.0,252796.0,0.0,0.0,1,1
1609,279112.5,252796.0,0.0,0.0,1,1
1610,279112.5,252796.0,0.0,0.0,1,1
1611,279112.5,252796.0,0.0,0.0,1,1
1612,279112.5,252796.0,0.0,0.0,1,1
1613,279112.5,252796.0,0.0,0.0,1,1
1614,279112.5,252796.0,0.0,0.0,1,1
1615,279112.5,252796.0,0.0,0.0,1,1
1616,279112.5,252796.0,0.0,0.0,1,1
1617,279078.0,252796.0,0.0,0.0,1,1
1618,279078.0,252796.0,0.0,0.0,1,1
1619,279078.0,252796.0,0.0,0.0,1,1
1620,279078.0,252796.0,0.0,0.0,1,1
1621,279078.0,252796.0,0.0,0.0,1,1
1622,279078.0,252796.0,0.0,0.0,1,1
1623,279078.0,252796.0,0.0,0.0,1,1
1624,279078.0,252796.0,0.0,0.0,1,1
1625,279078.0,252796.0,0.0,0.0,1,1
1626,279078.0,252796.0,0.0,0.0,1,1
1627,278502.0,252796.0,0.0,0.0,1,1
1628,278502.0,252796.0,0.0,0.0,1,1
1629,278502.0,252796.0,0.0,0.0,1,1
1630,278502.0,252796.0,0.0,0.0,1,1
1631,278502.0,252796.0,0.0,0.0,1,1
1632,278502.0,252796.0,0.0,0.0,1,1
1633,278502.0,252796.0,0.0,0.0,1,1
1634,278502.0,252796.0,0.0,0.0,1,1
1635,278502.0,252796.0,0.0,0.0,1,1
1636,278502.0,252796.0,0.0,0.0,1,1
1637,278502.0,252796.0,0.0,0.0,1,1
1638,278502.0,252796.0,0.0,0.0,1,1
1639,278502.0,252796.0,0.0,0.0,1,1
1640,278502.0,252796.0,0.0,0.0,1,1
1641,278502.0,252796.0,0.0,0.0,1,1
1642,278502.0,252796.0,0.0,0.0,1,1
1643,278502.0,252796.0,0.0,0.0,1,1
1644,278502.0,252796.0,0.0,0.0,1,1
1645,278502.0,252796.0,0.0,0.0,1,1
1646,278502.0,252796.0,0.0,0.0,1,1
1647,278502.0,252796.0,0.0,0.0,1,1
1648,278502.0,252796.0,0.0,0.0,1,1
1649,278502.0,252796.0,0.0,0.0,1,1
1650,277846.0,252796.0,0.0,0.0,1,1
1651,277846.0,252796.0,0.0,0.0,1,1
1652,277846.0,252796.0,0.0,0.0,1,1
1653,277846.0,252796.0,0.0,0.0,1,1
1654,277846.0,252796.0,0.0,0.0,1,1
1655,279510.5,252796.0,0.0,0.0,1,1
1656,279510.5,252796.0,0.0,0.0,1,1
1657,279510.5,252796.0,0.0,0.0,1,1
1658,279510.5,252796.0,0.0,0.0,1,1
1659,279510.5,252796.0,0.0,0.0,1,1
1660,279510.5,252796.0,0.0,0.0,1,1
1661,279510.5,252796.0,0.0,0.0,1,1
1662,279510.5,252796.0,0.0,0.0,1,1
1663,279510.5,252796.0,0.0,0.0,1,1
1664,279510.5,252796.0,0.0,0.0,1,1
1665,279510.5,252796.0,0.0,0.0,1,1
1666,279510.5,252796.0,0.0,0.0,1,1
1667,279510.5,252796.0,0.0,0.0,1,1
1668,279510.5,252796.0,0.0,0.0,1,1
1669,278317.5,252796.0,0.0,0.0,1,1
1670,278128.0,252796.0,0.0,0.0,1,1
1671,278128.0,252796.0,0.0,0.0,1,1
1672,278128.0,252796.0,0.0,0.0,1,1
1673,278128.0,252796.0,0.0,0.0,1,1
1674,278128.0,252796.0,0.0,0.0,1,1
1675,278128.0,252796.0,0.0,0.0,1,1
1676,278128.0,252796.0,0.0,0.0,1,1
1677,278128.0,252796.0,0.0,0.0,1,1
1678,278128.0,252796.0,0.0,0.0,1,1
1679,278128.0,252796.0,0.0,0.0,1,1
1680,278128.0,252796.0,0.0,0.0,1,1
1681,278128.0,252796.0,0.0,0.0,1,1
1682,278128.0,252796.0,0.0,0.0,1,1
1683,278128.0,252796.0,0.0,0.0,1,1
1684,278128.0,252796.0,0.0,0.0,1,1
1685,278128.0,252796.0,0.0,0.0,1,1
1686,278128.0,252796.0,0.0,0.0,1,1
1687,278128.0,252796.0,0.0,0.0,1,1
1688,278128.0,252796.0,0.0,0.0,1,1
1689,278128.0,252796.0,0.0,0.0,1,1
1690,278128.0,252796.0,0.0,0.0,1,1
1691,278128.0,252796.0,0.0,0.0,1,1
1692,278128.0,252796.0,0.0,0.0,1,1
1693,278128.0,252796.0,0.0,0.0,1,1
1694,278128.0,252796.0,0.0,0.0,1,1
1695,278128.0,252796.0,0.0,0.0,1,1
1696,278128.0,252796.0,0.0,0.0,1,1
1697,278128.0,252796.0,0.0,0.0,1,1
1698,278128.0,252796.0,0.0,0.0,1,1
1699,278128.0,252796.0,0.0,0.0,1,1
1700,278128.0,252796.0,0.0,0.0,1,1
1701,278128.0,252796.0,0.0,0.0,1,1
1702,278128.0,252796.0,0.0,0.0,1,1
1703,278128.0,252796.0,0.0,0.0,1,1
1704,278128.0,252796.0,0.0,0.0,1,1
1705,278128.0,252796.0,0.0,0.0,1,1
1706,278128.0,252796.0,0.0,0.0,1,1
1707,278921.5,252796.0,0.0,0.0,1,1
1708,278921.5,252796.0,0.0,0.0,1,1
1709,278479.5,252796.0,0.0,0.0,1,1
1710,278479.5,252796.0,0.0,0.0,1,1
1711,278479.5,252796.0,0.0,0.0,1,1
1712,278479.5,252796.0,0.0,0.0,1,1
1713,278479.5,252796.0,0.0,0.0,1,1
1714,278479.5,252796.0,0.0,0.0,1,1
1715,278479.5,252796.0,0.0,0.0,1,1
1716,276984.0,252796.0,0.0,0.0,1,1
1717,276984.0,252796.0,0.0,0.0,1,1
1718,276984.0,252796.0,0.0,0.0,1,1
1719,276992.5,252796.0,0.0,0.0,1,1
1720,276992.5,252796.0,0.0,0.0,1,1
1721,276992.5,252796.0,0.0,0.0,1,1
1722,276992.5,252796.0,0.0,0.0,1,1
1723,276998.0,252796.0,0.0,0.0,1,1
1724,276998.0,252796.0,0.0,0.0,1,1
1725,276998.0,252796.0,0.0,0.0,1,1
1726,276998.0,252796.0,0.0,0.0,1,1
1727,276998.0,252796.0,0.0,0.0,1,1
1728,276998.0,252796.0,0.0,0.0,1,1
1729,276998.0,252796.0,0.0,0.0,1,1
1730,276998.0,252796.0,0.0,0.0,1,1
1731,276998.0,252796.0,0.0,0.0,1,1
1732,276998.0,252796.0,0.0,0.0,1,1
1733,276998.0,252796.0,0.0,0.0,1,1
1734,276998.0,252796.0,0.0,0.0,1,1
1735,276992.0,252796.0,0.0,0.0,1,1
1736,276979.0,252796.0,0.0,0.0,1,1
1737,276979.0,252796.0,0.0,0.0,1,1
1738,276979.0,252796.0,0.0,0.0,1,1
1739,276979.0,252796.0,0.0,0.0,1,1
1740,276979.0,252796.0,0.0,0.0,1,1
1741,276914.5,252796.0,0.0,0.0,1,1
1742,276914.5,252796.0,0.0,0.0,1,1
1743,276914.5,252796.0,0.0,0.0,1,1
1744,276914.5,252796.0,0.0,0.0,1,1
1745,276914.5,252796.0,0.0,0.0,1,1
1746,276914.5,252796.0,0.0,0.0,1,1
1747,276914.5,252796.0,0.0,0.0,1,1
1748,276914.5,252796.0,0.0,0.0,1,1
1749,276914.5,252796.0,0.0,0.0,1,1
1750,276914.5,252796.0,0.0,0.0,1,1
1751,276914.5,252796.0,0.0,0.0,1,1
1752,276914.5,252796.0,0.0,0.0,1,1
1753,276914.5,252796.0,0.0,0.0,1,1
1754,276979.0,252796.0,0.0,0.0,1,1
1755,276979.0,252796.0,0.0,0.0,1,1
1756,276979.0,252796.0,0.0,0.0,1,1
1757,276979.0,252796.0,0.0,0.0,1,1
1758,276979.0,252796.0,0.0,0.0,1,1
1759,276979.0,252796.0,0.0,0.0,1,1
1760,276979.0,252796.0,0.0,0.0,1,1
1761,276979.0,252796.0,0.0,0.0,1,1
1762,276979.0,252796.0,0.0,0.0,1,1
1763,276979.0,252796.0,0.0,0.0,1,1
1764,276979.0,252796.0,0.0,0.0,1,1
1765,276979.0,252796.0,0.0,0.0,1,1
1766,276979.0,252796.0,0.0,0.0,1,1
1767,276979.0,252796.0,0.0,0.0,1,1
1768,276979.0,252796.0,0.0,0.0,1,1
1769,276979.0,252796.0,0.0,0.0,1,1
1770,276979.0,252796.0,0.0,0.0,1,1
1771,276979.0,252796.0,0.0,0.0,1,1
1772,276979.0,252796.0,0.0,0.0,1,1
1773,276979.0,252796.0,0.0,0.0,1,1
1774,276979.0,252796.0,0.0,0.0,1,1
1775,276979.0,252796.0,0.0,0.0,1,1
1776,276979.0,252796.0,0.0,0.0,1,1
1777,276979.0,252796.0,0.0,0.0,1,1
1778,276979.0,252796.0,0.0,0.0,1,1
1779,276979.0,252796.0,0.0,0.0,1,1
1780,276979.0,252796.0,0.0,0.0,1,1
1781,276979.0,252796.0,0.0,0.0,1,1
1782,276979.0,252796.0,0.0,0.0,1,1
1783,276979.0,252796.0,0.0,0.0,1,1
1784,276979.0,252796.0,0.0,0.0,1,1
1785,276979.0,252796.0,0.0,0.0,1,1
1786,276979.0,252796.0,0.0,0.0,1,1
1787,276979.0,252796.0,0.0,0.0,1,1
1788,276979.0,252796.0,0.0,0.0,1,1
1789,276979.0,252796.0,0.0,0.0,1,1
1790,276979.0,252796.0,0.0,0.0,1,1
1791,276973.5,252796.0,0.0,0.0,1,1
1792,276973.5,252796.0,0.0,0.0,1,1
1793,276973.5,252796.0,0.0,0.0,1,1
1794,276973.5,252796.0,0.0,0.0,1,1
1795,276973.5,252796.0,0.0,0.0,1,1
1796,276973.5,252796.0,0.0,0.0,1,1
1797,276973.5,252796.0,0.0,0.0,1,1
1798,276973.5,252796.0,0.0,0.0,1,1
1799,276551.0,252796.0,0.0,0.0,1,1
1800,276551.0,252796.0,0.0,0.0,1,1
1801,276551.0,252796.0,0.0,0.0,1,1
1802,276551.0,252796.0,0.0,0.0,1,1
1803,276551.0,252796.0,0.0,0.0,1,1
1804,276551.0,252796.0,0.0,0.0,1,1
1805,276551.0,252796.0,0.0,0.0,1,1
1806,276551.0,252796.0,0.0,0.0,1,1
1807,276551.0,252796.0,0.0,0.0,1,1
1808,276551.0,252796.0,0.0,0.0,1,1
1809,276551.0,252796.0,0.0,0.0,1,1
1810,276551.0,252796.0,0.0,0.0,1,1
1811,276551.0,252796.0,0.0,0.0,1,1
1812,276551.0,252796.0,0.0,0.0,1,1
1813,276551.0,252796.0,0.0,0.0,1,1
1814,276551.0,252796.0,0.0,0.0,1,1
1815,276551.0,252796.0,0.0,0.0,1,1
1816,276551.0,252796.0,0.0,0.0,1,1
1817,276551.0,252796.0,0.0,0.0,1,1
1818,276551.0,252796.0,0.0,0.0,1,1
1819,276551.0,252796.0,0.0,0.0,1,1
1820,276551.0,252796.0,0.0,0.0,1,1
1821,276738.5,252796.0,0.0,0.0,1,1
1822,276738.5,252796.0,0.0,0.0,1,1
1823,276738.5,252796.0,0.0,0.0,1,1
1824,276738.5,252796.0,0.0,0.0,1,1
1825,276738.5,252796.0,0.0,0.0,1,1
1826,276738.5,252796.0,0.0,0.0,1,1
1827,276738.5,252796.0,0.0,0.0,1,1
1828,276738.5,252796.0,0.0,0.0,1,1
1829,276230.5,252796.0,0.0,0.0,1,1
1830,276230.5,252796.0,0.0,0.0,1,1
1831,276230.5,252796.0,0.0,0.0,1,1
1832,276230.5,252796.0,0.0,0.0,1,1
1833,276230.5,252796.0,0.0,0.0,1,1
1834,276230.5,252796.0,0.0,0.0,1,1
1835,276230.5,252796.0,0.0,0.0,1,1
1836,276230.5,252796.0,0.0,0.0,1,1
1837,276230.5,252796.0,0.0,0.0,1,1
1838,276230.5,252796.0,0.0,0.0,1,1
1839,276230.5,252796.0,0.0,0.0,1,1
1840,276230.5,252796.0,0.0,0.0,1,1
1841,276230.5,252796.0,0.0,0.0,1,1
1842,276230.5,252796.0,0.0,0.0,1,1
1843,276230.5,252796.0,0.0,0.0,1,1
1844,276230.5,252796.0,0.0,0.0,1,1
1845,276230.5,252796.0,0.0,0.0,1,1
1846,276230.5,252796.0,0.0,0.0,1,1
1847,276230.5,252796.0,0.0,0.0,1,1
1848,276292.5,252796.0,0.0,0.0,1,1
1849,276292.5,252796.0,0.0,0.0,1,1
1850,276292.5,252796.0,0.0,0.0,1,1
1851,276292.5,252796.0,0.0,0.0,1,1
1852,276292.5,252796.0,0.0,0.0,1,1
1853,276292.5,252796.0,0.0,0.0,1,1
1854,276292.5,252796.0,0.0,0.0,1,1
1855,276292.5,252796.0,0.0,0.0,1,1
1856,276292.5,252796.0,0.0,0.0,1,1
1857,276494.0,252796.0,0.0,0.0,1,1
1858,276494.0,252796.0,0.0,0.0,1,1
1859,276494.0,252796.0,0.0,0.0,1,1
1860,276494.0,252796.0,0.0,0.0,1,1
1861,276357.0,252796.0,0.0,0.0,1,1
1862,276357.0,252796.0,0.0,0.0,1,1
1863,276357.0,252796.0,0.0,0.0,1,1
1864,276357.0,252796.0,0.0,0.0,1,1
1865,276357.0,252796.0,0.0,0.0,1,1
1866,276357.0,252796.0,0.0,0.0,1,1
1867,276357.0,252796.0,0.0,0.0,1,1
1868,276357.0,252796.0,0.0,0.0,1,1
1869,276357.0,252796.0,0.0,0.0,1,1
1870,276357.0,252796.0,0.0,0.0,1,1
1871,276357.0,252796.0,0.0,0.0,1,1
1872,276357.0,252796.0,0.0,0.0,1,1
1873,276357.0,252796.0,0.0,0.0,1,1
1874,276357.0,252796.0,0.0,0.0,1,1
1875,276357.0,252796.0,0.0,0.0,1,1
1876,276357.0,252796.0,0.0,0.0,1,1
1877,276357.0,252796.0,0.0,0.0,1,1
1878,276357.0,252796.0,0.0,0.0,1,1
1879,276357.0,252796.0,0.0,0.0,1,1
1880,276357.0,252796.0,0.0,0.0,1,1
1881,276357.0,252796.0,0.0,0.0,1,1
1882,276357.0,252796.0,0.0,0.0,1,1
1883,276157.5,252796.0,0.0,0.0,1,1
1884,276157.5,252796.0,0.0,0.0,1,1
1885,276157.5,252796.0,0.0,0.0,1,1
1886,276157.5,252796.0,0.0,0.0,1,1
1887,276157.5,252796.0,0.0,0.0,1,1
1888,276157.5,252796.0,0.0,0.0,1,1
1889,276157.5,252796.0,0.0,0.0,1,1
1890,276157.5,252796.0,0.0,0.0,1,1
1891,276157.5,252796.0,0.0,0.0,1,1
1892,276157.5,252796.0,0.0,0.0,1,1
1893,276157.5,252796.0,0.0,0.0,1,1
1894,276157.5,252796.0,0.0,0.0,1,1
1895,276157.5,252796.0,0.0,0.0,1,1
1896,276157.5,252796.0,0.0,0.0,1,1
1897,276157.5,252796.0,0.0,0.0,1,1
1898,276157.5,252796.0,0.0,0.0,1,1
1899,276157.5,252796.0,0.0,0.0,1,1
1900,276157.5,252796.0,0.0,0.0,1,1
1901,276157.5,252796.0,0.0,0.0,1,1
1902,276286.0,252796.0,0.0,0.0,1,1
1903,276286.0,252796.0,0.0,0.0,1,1
1904,276286.0,252796.0,0.0,0.0,1,1
1905,276286.0,252796.0,0.0,0.0,1,1
1906,276156.5,252796.0,0.0,0.0,1,1
1907,276156.5,252796.0,0.0,0.0,1,1
1908,274081.0,252796.0,0.0,0.0,1,1
1909,274081.0,252796.0,0.0,0.0,1,1
1910,274081.0,252796.0,0.0,0.0,1,1
1911,274081.0,252796.0,0.0,0.0,1,1
1912,274081.0,252796.0,0.0,0.0,1,1
1913,274081.0,252796.0,0.0,0.0,1,1
1914,274081.0,252796.0,0.0,0.0,1,1
1915,274081.0,252796.0,0.0,0.0,1,1
1916,274081.0,252796.0,0.0,0.0,1,1
1917,274081.0,252796.0,0.0,0.0,1,1
1918,274081.0,252796.0,0.0,0.0,1,1
1919,274081.0,252796.0,0.0,0.0,1,1
1920,274081.0,252796.0,0.0,0.0,1,1
1921,274081.0,252796.0,0.0,0.0,1,1
1922,274081.0,252796.0,0.0,0.0,1,1
1923,274081.0,252796.0,0.0,0.0,1,1
1924,274081.0,252796.0,0.0,0.0,1,1
1925,274081.0,252796.0,0.0,0.0,1,1
1926,274081.0,252796.0,0.0,0.0,1,1
1927,274081.0,252796.0,0.0,0.0,1,1
1928,274081.0,252796.0,0.0,0.0,1,1
1929,274081.0,252796.0,0.0,0.0,1,1
1930,274081.0,252796.0,0.0,0.0,1,1
1931,274081.0,252796.0,0.0,0.0,1,1
1932,274081.0,252796.0,0.0,0.0,1,1
1933,274081.0,252796.0,0.0,0.0,1,1
1934,274081.0,252796.0,0.0,0.0,1,1
1935,274081.0,252796.0,0.0,0.0,1,1
1936,274081.0,252796.0,0.0,0.0,1,1
1937,274081.0,252796.0,0.0,0.0,1,1
1938,274081.0,252796.0,0.0,0.0,1,1
1939,274081.0,252796.0,0.0,0.0,1,1
1940,274081.0,252796.0,0.0,0.0,1,1
1941,274081.0,252796.0,0.0,0.0,1,1
1942,274081.0,252796.0,0.0,0.0,1,1
1943,274081.0,252796.0,0.0,0.0,1,1
1944,274081.0,252796.0,0.0,0.0,1,1
1945,274081.0,252796.0,0.0,0.0,1,1
1946,274081.0,252796.0,0.0,0.0,1,1
1947,274081.0,252796.0,0.0,0.0,1,1
1948,274081.0,252796.0,0.0,0.0,1,1
1949,274081.0,252796.0,0.0,0.0,1,1
1950,274081.0,252796.0,0.0,0.0,1,1
1951,274081.0,252796.0,0.0,0.0,1,1
1952,274023.0,252796.0,0.0,0.0,1,1
1953,274023.0,252796.0,0.0,0.0,1,1
1954,274023.0,252796.0,0.0,0.0,1,1
1955,274023.0,252796.0,0.0,0.0,1,1
1956,269352.5,252796.0,0.0,0.0,1,1
1957,269352.5,252796.0,0.0,0.0,1,1
1958,269352.5,252796.0,0.0,0.0,1,1
1959,269352.5,252796.0,0.0,0.0,1,1
1960,269352.5,252796.0,0.0,0.0,1,1
1961,269352.5,252796.0,0.0,0.0,1,1
1962,269352.5,252796.0,0.0,0.0,1,1
1963,269352.5,252796.0,0.0,0.0,1,1
1964,269352.5,252796.0,0.0,0.0,1,1
1965,269352.5,252796.0,0.0,0.0,1,1
1966,269352.5,252796.0,0.0,0.0,1,1
1967,269352.5,252796.0,0.0,0.0,1,1
1968,269352.5,252796.0,0.0,0.0,1,1
1969,269352.5,252796.0,0.0,0.0,1,1
1970,269352.5,252796.0,0.0,0.0,1,1
1971,269352.5,252796.0,0.0,0.0,1,1
1972,269352.5,252796.0,0.0,0.0,1,1
1973,269352.5,252796.0,0.0,0.0,1,1
1974,269352.5,252796.0,0.0,0.0,1,1
1975,269352.5,252796.0,0.0,0.0,1,1
1976,269352.5,252796.0,0.0,0.0,1,1
1977,269352.5,252796.0,0.0,0.0,1,1
1978,269572.5,252796.0,0.0,0.0,1,1
1979,269572.5,252796.0,0.0,0.0,1,1
1980,269572.5,252796.0,0.0,0.0,1,1
1981,269572.5,252796.0,0.0,0.0,1,1
1982,269572.5,252796.0,0.0,0.0,1,1
1983,269572.5,252796.0,0.0,0.0,1,1
1984,269572.5,252796.0,0.0,0.0,1,1
1985,269572.5,252796.0,0.0,0.0,1,1
1986,269572.5,252796.0,0.0,0.0,1,1
1987,269572.5,252796.0,0.0,0.0,1,1
1988,269572.5,252796.0,0.0,0.0,1,1
1989,269572.5,252796.0,0.0,0.0,1,1
1990,269572.5,252796.0,0.0,0.0,1,1
1991,269572.5,252796.0,0.0,0.0,1,1
1992,269572.5,252796.0,0.0,0.0,1,1
1993,269572.5,252796.0,0.0,0.0,1,1
1994,269572.5,252796.0,0.0,0.0,1,1
1995,269572.5,252796.0,0.0,0.0,1,1
1996,269572.5,252796.0,0.0,0.0,1,1
1997,269572.5,252796.0,0.0,0.0,1,1
1998,269572.5,252796.0,0.0,0.0,1,1
1999,269572.5,252796.0,0.0,0.0,1,1
2000,269572.5,252796.0,0.0,0.0,1,1
2001,269572.5,252796.0,0.0,0.0,1,1
2002,269572.5,252796.0,0.0,0.0,1,1
2003,269572.5,252796.0,0.0,0.0,1,1
2004,269572.5,252796.0,0.0,0.0,1,1
2005,269572.5,252796.0,0.0,0.0,1,1
2006,269572.5,252796.0,0.0,0.0,1,1
2007,269572.5,252796.0,0.0,0.0,1,1
2008,269572.5,252796.0,0.0,0.0,1,1
2009,269572.5,252796.0,0.0,0.0,1,1
2010,269572.5,252796.0,0.0,0.0,1,1
2011,269572.5,252796.0,0.0,0.0,1,1
2012,269572.5,252796.0,0.0,0.0,1,1
2013,269572.5,252796.0,0.0,0.0,1,1
2014,269572.5,252796.0,0.0,0.0,1,1
2015,269572.5,252796.0,0.0,0.0,1,1
2016,269572.5,252796.0,0.0,0.0,1,1
2017,269572.5,252796.0,0.0,0.0,1,1
2018,269572.5,252796.0,0.0,0.0,1,1
2019,269572.5,252796.0,0.0,0.0,1,1
2020,269572.5,252796.0,0.0,0.0,1,1
2021,269572.5,252796.0,0.0,0.0,1,1
2022,269572.5,252796.0,0.0,0.0,1,1
2023,269572.5,252796.0,0.0,0.0,1,1
2024,269572.5,252796.0,0.0,0.0,1,1
2025,269572.5,252796.0,0.0,0.0,1,1
2026,269572.5,252796.0,0.0,0.0,1,1
2027,269572.5,252796.0,0.0,0.0,1,1
2028,269572.5,252796.0,0.0,0.0,1,1
2029,269572.5,252796.0,0.0,0.0,1,1
2030,269572.5,252796.0,0.0,0.0,1,1
2031,269572.5,252796.0,0.0,0.0,1,1
2032,269572.5,252796.0,0.0,0.0,1,1
2033,269572.5,252796.0,0.0,0.0,1,1
2034,269572.5,252796.0,0.0,0.0,1,1
2035,269572.5,252796.0,0.0,0.0,1,1
2036,269572.5,252796.0,0.0,0.0,1,1
2037,269572.5,252796.0,0.0,0.0,1,1
2038,269572.5,252796.0,0.0,0.0,1,1
2039,269572.5,252796.0,0.0,0.0,1,1
2040,270013.5,252796.0,0.0,0.0,1,1
2041,270013.5,252796.0,0.0,0.0,1,1
2042,270013.5,252796.0,0.0,0.0,1,1
2043,270013.5,252796.0,0.0,0.0,1,1
2044,270013.5,252796.0,0.0,0.0,1,1
2045,270013.5,252796.0,0.0,0.0,1,1
2046,270013.5,252796.0,0.0,0.0,1,1
2047,270013.5,252796.0,0.0,0.0,1,1
2048,270013.5,252796.0,0.0,0.0,1,1
2049,270013.5,252796.0,0.0,0.0,1,1
2050,270013.5,252796.0,0.0,0.0,1,1
2051,270013.5,252796.0,0.0,0.0,1,1
2052,270013.5,252796.0,0.0,0.0,1,1
2053,270013.5,252796.0,0.0,0.0,1,1
2054,270013.5,252796.0,0.0,0.0,1,1
2055,270013.5,252796.0,0.0,0.0,1,1
2056,270013.5,252796.0,0.0,0.0,1,1
2057,270013.5,252796.0,0.0,0.0,1,1
2058,270013.5,252796.0,0.0,0.0,1,1
2059,270013.5,252796.0,0.0,0.0,1,1
2060,270013.5,252796.0,0.0,0.0,1,1
2061,270013.5,252796.0,0.0,0.0,1,1
2062,270013.5,252796.0,0.0,0.0,1,1
2063,270013.5,252796.0,0.0,0.0,1,1
2064,270013.5,252796.0,0.0,0.0,1,1
2065,270013.5,252796.0,0.0,0.0,1,1
2066,270013.5,252796.0,0.0,0.0,1,1
2067,270013.5,252796.0,0.0,0.0,1,1
2068,270013.5,252796.0,0.0,0.0,1,1
2069,270013.5,252796.0,0.0,0.0,1,1
2070,270013.5,252796.0,0.0,0.0,1,1
2071,270013.5,252796.0,0.0,0.0,1,1
2072,270013.5,252796.0,0.0,0.0,1,1
2073,270013.5,252796.0,0.0,0.0,1,1
2074,270013.5,252796.0,0.0,0.0,1,1
2075,270013.5,252796.0,0.0,0.0,1,1
2076,270013.5,252796.0,0.0,0.0,1,1
2077,270013.5,252796.0,0.0,0.0,1,1
2078,270042.0,252796.0,0.0,0.0,1,1
2079,270042.0,252796.0,0.0,0.0,1,1
2080,270042.0,252796.0,0.0,0.0,1,1
2081,270042.0,252796.0,0.0,0.0,1,1
2082,270042.0,252796.0,0.0,0.0,1,1
2083,270042.0,252796.0,0.0,0.0,1,1
2084,270042.0,252796.0,0.0,0.0,1,1
2085,270042.0,252796.0,0.0,0.0,1,1
2086,270042.0,252796.0,0.0,0.0,1,1
2087,270042.0,252796.0,0.0,0.0,1,1
2088,270042.0,252796.0,0.0,0.0,1,1
2089,270042.0,252796.0,0.0,0.0,1,1
2090,270042.0,252796.0,0.0,0.0,1,1
2091,270042.0,252796.0,0.0,0.0,1,1
2092,270042.0,252796.0,0.0,0.0,1,1
2093,270042.0,252796.0,0.0,0.0,1,1
2094,270042.0,252796.0,0.0,0.0,1,1
2095,270042.0,252796.0,0.0,0.0,1,1
2096,270042.0,252796.0,0.0,0.0,1,1
2097,270042.0,252796.0,0.0,0.0,1,1
2098,270042.0,252796.0,0.0,0.0,1,1
2099,270042.0,252796.0,0.0,0.0,1,1
2100,270042.0,252796.0,0.0,0.0,1,1
2101,270042.0,252796.0,0.0,0.0,1,1
2102,270042.0,252796.0,0.0,0.0,1,1
2103,270042.0,252796.0,0.0,0.0,1,1
2104,270042.0,252796.0,0.0,0.0,1,1
2105,270042.0,252796.0,0.0,0.0,1,1
2106,270042.0,252796.0,0.0,0.0,1,1
2107,270042.0,252796.0,0.0,0.0,1,1
2108,269822.0,252796.0,0.0,0.0,1,1
2109,269822.0,252796.0,0.0,0.0,1,1
2110,269822.0,252796.0,0.0,0.0,1,1
2111,269822.0,252796.0,0.0,0.0,1,1
2112,269822.0,252796.0,0.0,0.0,1,1
2113,269822.0,252796.0,0.0,0.0,1,1
2114,269822.0,252796.0,0.0,0.0,1,1
2115,269822.0,252796.0,0.0,0.0,1,1
2116,269822.0,252796.0,0.0,0.0,1,1
2117,269822.0,252796.0,0.0,0.0,1,1
2118,269822.0,252796.0,0.0,0.0,1,1
2119,269822.0,252796.0,0.0,0.0,1,1
2120,269822.0,252796.0,0.0,0.0,1,1
2121,269822.0,252796.0,0.0,0.0,1,1
2122,269822.0,252796.0,0.0,0.0,1,1
2123,269822.0,252796.0,0.0,0.0,1,1
2124,269822.0,252796.0,0.0,0.0,1,1
2125,269822.0,252796.0,0.0,0.0,1,1
2126,269822.0,252796.0,0.0,0.0,1,1
2127,269822.0,252796.0,0.0,0.0,1,1
2128,269822.0,252796.0,0.0,0.0,1,1
2129,269822.0,252796.0,0.0,0.0,1,1
2130,269822.0,252796.0,0.0,0.0,1,1
2131,269822.0,252796.0,0.0,0.0,1,1
2132,269822.0,252796.0,0.0,0.0,1,1
2133,269822.0,252796.0,0.0,0.0,1,1
2134,269822.0,252796.0,0.0,0.0,1,1
2135,269822.0,252796.0,0.0,0.0,1,1
2136,269822.0,252796.0,0.0,0.0,1,1
2137,269822.0,252796.0,0.0,0.0,1,1
2138,269822.0,252796.0,0.0,0.0,1,1
2139,269822.0,252796.0,0.0,0.0,1,1
2140,269822.0,252796.0,0.0,0.0,1,1
2141,269822.0,252796.0,0.0,0.0,1,1
2142,269822.0,252796.0,0.0,0.0,1,1
2143,269822.0,252796.0,0.0,0.0,1,1
2144,269822.0,252796.0,0.0,0.0,1,1
2145,269822.0,252796.0,0.0,0.0,1,1
2146,269822.0,252796.0,0.0,0.0,1,1
2147,269822.0,252796.0,0.0,0.0,1,1
2148,269822.0,252796.0,0.0,0.0,1,1
2149,269822.0,252796.0,0.0,0.0,1,1
2150,269822.0,252796.0,0.0,0.0,1,1
2151,269822.0,252796.0,0.0,0.0,1,1
2152,269822.0,252796.0,0.0,0.0,1,1
2153,269822.0,252796.0,0.0,0.0,1,1
2154,269822.0,252796.0,0.0,0.0,1,1
2155,269822.0,252796.0,0.0,0.0,1,1
2156,269822.0,252796.0,0.0,0.0,1,1
2157,269822.0,252796.0,0.0,0.0,1,1
2158,269822.0,252796.0,0.0,0.0,1,1
2159,269822.0,252796.0,0.0,0.0,1,1
2160,269822.0,252796.0,0.0,0.0,1,1
2161,269822.0,252796.0,0.0,0.0,1,1
2162,269822.0,252796.0,0.0,0.0,1,1
2163,269822.0,252796.0,0.0,0.0,1,1
2164,269822.0,252796.0,0.0,0.0,1,1
2165,269822.0,252796.0,0.0,0.0,1,1
2166,270278.5,252796.0,0.0,0.0,1,1
2167,270278.5,252796.0,0.0,0.0,1,1
2168,270278.5,252796.0,0.0,0.0,1,1
2169,270278.5,252796.0,0.0,0.0,1,1
2170,270278.5,252796.0,0.0,0.0,1,1
2171,270278.5,252796.0,0.0,0.0,1,1
2172,270278.5,252796.0,0.0,0.0,1,1
2173,270278.5,252796.0,0.0,0.0,1,1
2174,270278.5,252796.0,0.0,0.0,1,1
2175,270278.5,252796.0,0.0,0.0,1,1
2176,270278.5,252796.0,0.0,0.0,1,1
2177,270278.5,252796.0,0.0,0.0,1,1
2178,270278.5,252796.0,0.0,0.0,1,1
2179,270278.5,252796.0,0.0,0.0,1,1
2180,270278.5,252796.0,0.0,0.0,1,1
2181,270278.5,252796.0,0.0,0.0,1,1
2182,270278.5,252796.0,0.0,0.0,1,1
2183,270278.5,252796.0,0.0,0.0,1,1
2184,270278.5,252796.0,0.0,0.0,1,1
2185,270278.5,252796.0,0.0,0.0,1,1
2186,270278.5,252796.0,0.0,0.0,1,1
2187,270278.5,252796.0,0.0,0.0,1,1
2188,270278.5,252796.0,0.0,0.0,1,1
2189,270278.5,252796.0,0.0,0.0,1,1
2190,270278.5,252796.0,0.0,0.0,1,1
2191,270278.5,252796.0,0.0,0.0,1,1
2192,270278.5,252796.0,0.0,0.0,1,1
2193,270278.5,252796.0,0.0,0.0,1,1
2194,270278.5,252796.0,0.0,0.0,1,1
2195,270278.5,252796.0,0.0,0.0,1,1
2196,270278.5,252796.0,0.0,0.0,1,1
2197,270278.5,252796.0,0.0,0.0,1,1
2198,270278.5,252796.0,0.0,0.0,1,1
2199,270278.5,252796.0,0.0,0.0,1,1
2200,270278.5,252796.0,0.0,0.0,1,1
2201,270278.5,252796.0,0.0,0.0,1,1
2202,270278.5,252796.0,0.0,0.0,1,1
2203,270278.5,252796.0,0.0,0.0,1,1
2204,270278.5,252796.0,0.0,0.0,1,1
2205,270278.5,252796.0,0.0,0.0,1,1
2206,270278.5,252796.0,0.0,0.0,1,1
2207,270278.5,252796.0,0.0,0.0,1,1
2208,270278.5,252796.0,0.0,0.0,1,1
2209,270278.5,252796.0,0.0,0.0,1,1
2210,270278.5,252796.0,0.0,0.0,1,1
2211,270278.5,252796.0,0.0,0.0,1,1
2212,270278.5,252796.0,0.0,0.0,1,1
2213,270278.5,252796.0,0.0,0.0,1,1
2214,270278.5,252796.0,0.0,0.0,1,1
2215,270278.5,252796.0,0.0,0.0,1,1
2216,270278.5,252796.0,0.0,0.0,1,1
2217,270278.5,252796.0,0.0,0.0,1,1
2218,270278.5,252796.0,0.0,0.0,1,1
2219,270278.5,252796.0,0.0,0.0,1,1
2220,270278.5,252796.0,0.0,0.0,1,1
2221,270278.5,252796.0,0.0,0.0,1,1
2222,270278.5,252796.0,0.0,0.0,1,1
2223,270278.5,252796.0,0.0,0.0,1,1
2224,270278.5,252796.0,0.0,0.0,1,1
2225,270278.5,252796.0,0.0,0.0,1,1
2226,270278.5,252796.0,0.0,0.0,1,1
2227,270278.5,252796.0,0.0,0.0,1,1
2228,270278.5,252796.0,0.0,0.0,1,1
2229,270278.5,252796.0,0.0,0.0,1,1
2230,270278.5,252796.0,0.0,0.0,1,1
2231,270278.5,252796.0,0.0,0.0,1,1
2232,270278.5,252796.0,0.0,0.0,1,1
2233,270278.5,252796.0,0.0,0.0,1,1
2234,270278.5,252796.0,0.0,0.0,1,1
2235,270278.5,252796.0,0.0,0.0,1,1
2236,270278.5,252796.0,0.0,0.0,1,1
2237,270278.5,252796.0,0.0,0.0,1,1
2238,270278.5,252796.0,0.0,0.0,1,1
2239,270278.5,252796.0,0.0,0.0,1,1
2240,270278.5,252796.0,0.0,0.0,1,1
2241,270278.5,252796.0,0.0,0.0,1,1
2242,270278.5,252796.0,0.0,0.0,1,1
2243,270278.5,252796.0,0.0,0.0,1,1
2244,270278.5,252796.0,0.0,0.0,1,1
2245,270278.5,252796.0,0.0,0.0,1,1
2246,270278.5,252796.0,0.0,0.0,1,1
2247,270278.5,252796.0,0.0,0.0,1,1
2248,270278.5,252796.0,0.0,0.0,1,1
2249,270278.5,252796.0,0.0,0.0,1,1
2250,270278.5,252796.0,0.0,0.0,1,1
2251,270278.5,252796.0,0.0,0.0,1,1
2252,270278.5,252796.0,0.0,0.0,1,1
2253,270487.5,252796.0,0.0,0.0,1,1
2254,270487.5,252796.0,0.0,0.0,1,1
2255,270487.5,252796.0,0.0,0.0,1,1
2256,270487.5,252796.0,0.0,0.0,1,1
2257,270487.5,252796.0,0.0,0.0,1,1
2258,270487.5,252796.0,0.0,0.0,1,1
2259,270487.5,252796.0,0.0,0.0,1,1
2260,270487.5,252796.0,0.0,0.0,1,1
2261,270487.5,252796.0,0.0,0.0,1,1
2262,270487.5,252796.0,0.0,0.0,1,1
2263,270487.5,252796.0,0.0,0.0,1,1
2264,270487.5,252796.0,0.0,0.0,1,1
2265,270487.5,252796.0,0.0,0.0,1,1
2266,270487.5,252796.0,0.0,0.0,1,1
2267,270487.5,252796.0,0.0,0.0,1,1
2268,270487.5,252796.0,0.0,0.0,1,1
2269,270487.5,252796.0,0.0,0.0,1,1
2270,270487.5,252796.0,0.0,0.0,1,1
2271,270487.5,252796.0,0.0,0.0,1,1
2272,270487.5,252796.0,0.0,0.0,1,1
2273,270487.5,252796.0,0.0,0.0,1,1
2274,270487.5,252796.0,0.0,0.0,1,1
2275,270487.5,252796.0,0.0,0.0,1,1
2276,270487.5,252796.0,0.0,0.0,1,1
2277,270487.5,252796.0,0.0,0.0,1,1
2278,270487.5,252796.0,0.0,0.0,1,1
2279,271328.5,252796.0,0.0,0.0,1,1
2280,271328.5,252796.0,0.0,0.0,1,1
2281,271328.5,252796.0,0.0,0.0,1,1
2282,271328.5,252796.0,0.0,0.0,1,1
2283,271328.5,252796.0,0.0,0.0,1,1
2284,271328.5,252796.0,0.0,0.0,1,1
2285,271328.5,252796.0,0.0,0.0,1,1
2286,271328.5,252796.0,0.0,0.0,1,1
2287,271328.5,252796.0,0.0,0.0,1,1
2288,271328.5,252796.0,0.0,0.0,1,1
2289,271328.5,252796.0,0.0,0.0,1,1
2290,271328.5,252796.0,0.0,0.0,1,1
2291,271328.5,252796.0,0.0,0.0,1,1
2292,271328.5,252796.0,0.0,0.0,1,1
2293,271328.5,252796.0,0.0,0.0,1,1
2294,271328.5,252796.0,0.0,0.0,1,1
2295,271328.5,252796.0,0.0,0.0,1,1
2296,271328.5,252796.0,0.0,0.0,1,1
2297,271328.5,252796.0,0.0,0.0,1,1
2298,271328.5,252796.0,0.0,0.0,1,1
2299,271328.5,252796.0,0.0,0.0,1,1
2300,271328.5,252796.0,0.0,0.0,1,1
2301,271328.5,252796.0,0.0,0.0,1,1
2302,271328.5,252796.0,0.0,0.0,1,1
2303,271328.5,252796.0,0.0,0.0,1,1
2304,271328.5,252796.0,0.0,0.0,1,1
2305,271328.5,252796.0,0.0,0.0,1,1
2306,271328.5,252796.0,0.0,0.0,1,1
2307,271328.5,252796.0,0.0,0.0,1,1
2308,271328.5,252796.0,0.0,0.0,1,1
2309,271328.5,252796.0,0.0,0.0,1,1
2310,271328.5,252796.0,0.0,0.0,1,1
2311,271328.5,252796.0,0.0,0.0,1,1
2312,271328.5,252796.0,0.0,0.0,1,1
2313,271328.5,252796.0,0.0,0.0,1,1
2314,271328.5,252796.0,0.0,0.0,1,1
2315,271328.5,252796.0,0.0,0.0,1,1
2316,271328.5,252796.0,0.0,0.0,1,1
2317,271328.5,252796.0,0.0,0.0,1,1
2318,271328.5,252796.0,0.0,0.0,1,1
2319,271328.5,252796.0,0.0,0.0,1,1
2320,271328.5,252796.0,0.0,0.0,1,1
2321,271328.5,252796.0,0.0,0.0,1,1
2322,271328.5,252796.0,0.0,0.0,1,1
2323,271328.5,252796.0,0.0,0.0,1,1
2324,271104.0,252796.0,0.0,0.0,1,1
2325,271397.5,252796.0,0.0,0.0,1,1
2326,271397.5,252796.0,0.0,0.0,1,1
2327,271397.5,252796.0,0.0,0.0,1,1
2328,271397.5,252796.0,0.0,0.0,1,1
2329,271397.5,252796.0,0.0,0.0,1,1
2330,271397.5,252796.0,0.0,0.0,1,1
2331,271397.5,252796.0,0.0,0.0,1,1
2332,271397.5,252796.0,0.0,0.0,1,1
2333,271397.5,252796.0,0.0,0.0,1,1
2334,271397.5,252796.0,0.0,0.0,1,1
2335,271397.5,252796.0,0.0,0.0,1,1
2336,271397.5,252796.0,0.0,0.0,1,1
2337,271397.5,252796.0,0.0,0.0,1,1
2338,271397.5,252796.0,0.0,0.0,1,1
2339,271397.5,252796.0,0.0,0.0,1,1
2340,271397.5,252796.0,0.0,0.0,1,1
2341,271397.5,252796.0,0.0,0.0,1,1
2342,271397.5,252796.0,0.0,0.0,1,1
2343,271397.5,252796.0,0.0,0.0,1,1
2344,271397.5,252796.0,0.0,0.0,1,1
2345,271397.5,252796.0,0.0,0.0,1,1
2346,271397.5,252796.0,0.0,0.0,1,1
2347,271397.5,252796.0,0.0,0.0,1,1
2348,271397.5,252796.0,0.0,0.0,1,1
2349,271397.5,252796.0,0.0,0.0,1,1
2350,271397.5,252796.0,0.0,0.0,1,1
2351,271397.5,252796.0,0.0,0.0,1,1
2352,271397.5,252796.0,0.0,0.0,1,1
2353,271397.5,252796.0,0.0,0.0,1,1
2354,271080.5,252796.0,0.0,0.0,1,1
2355,271080.5,252796.0,0.0,0.0,1,1
2356,271080.5,252796.0,0.0,0.0,1,1
2357,271080.5,252796.0,0.0,0.0,1,1
2358,271080.5,252796.0,0.0,0.0,1,1
2359,271008.5,252796.0,0.0,0.0,1,1
2360,271008.5,252796.0,0.0,0.0,1,1
2361,271008.5,252796.0,0.0,0.0,1,1
2362,271512.0,252796.0,0.0,0.0,1,1
2363,271512.0,252796.0,0.0,0.0,1,1
2364,271512.0,252796.0,0.0,0.0,1,1
2365,271512.0,252796.0,0.0,0.0,1,1
2366,271839.0,252796.0,0.0,0.0,1,1
2367,271512.0,252796.0,0.0,0.0,1,1
2368,271512.0,252796.0,0.0,0.0,1,1
2369,271512.0,252796.0,0.0,0.0,1,1
2370,271512.0,252796.0,0.0,0.0,1,1
2371,271512.0,252796.0,0.0,0.0,1,1
2372,271512.0,252796.0,0.0,0.0,1,1
2373,271512.0,252796.0,0.0,0.0,1,1
2374,271512.0,252796.0,0.0,0.0,1,1
2375,271847.5,252796.0,0.0,0.0,1,1
2376,271847.5,252796.0,0.0,0.0,1,1
2377,269495.0,252796.0,0.0,0.0,1,1
2378,269495.0,252796.0,0.0,0.0,1,1
2379,269495.0,252796.0,0.0,0.0,1,1
2380,269495.0,252796.0,0.0,0.0,1,1
2381,269495.0,252796.0,0.0,0.0,1,1
2382,269495.0,252796.0,0.0,0.0,1,1
2383,269495.0,252796.0,0.0,0.0,1,1
2384,269495.0,252796.0,0.0,0.0,1,1
2385,269495.0,252796.0,0.0,0.0,1,1
2386,269495.0,252796.0,0.0,0.0,1,1
2387,269495.0,252796.0,0.0,0.0,1,1
2388,269495.0,252796.0,0.0,0.0,1,1
2389,269495.0,252796.0,0.0,0.0,1,1
2390,269495.0,252796.0,0.0,0.0,1,1
2391,269495.0,252796.0,0.0,0.0,1,1
2392,269495.0,252796.0,0.0,0.0,1,1
2393,269495.0,252796.0,0.0,0.0,1,1
2394,269495.0,252796.0,0.0,0.0,1,1
2395,269495.0,252796.0,0.0,0.0,1,1
2396,269495.0,252796.0,0.0,0.0,1,1
2397,269495.0,252796.0,0.0,0.0,1,1
2398,269495.0,252796.0,0.0,0.0,1,1
2399,269495.0,252796.0,0.0,0.0,1,1
2400,269495.0,252796.0,0.0,0.0,1,1
2401,269495.0,252796.0,0.0,0.0,1,1
2402,269495.0,252796.0,0.0,0.0,1,1
2403,269495.0,252796.0,0.0,0.0,1,1
2404,269495.0,252796.0,0.0,0.0,1,1
2405,268190.0,252796.0,0.0,0.0,1,1
2406,268190.0,252796.0,0.0,0.0,1,1
2407,268190.0,252796.0,0.0,0.0,1,1
2408,268190.0,252796.0,0.0,0.0,1,1
2409,268190.0,252796.0,0.0,0.0,1,1
2410,268190.0,252796.0,0.0,0.0,1,1
2411,268190.0,252796.0,0.0,0.0,1,1
2412,268190.0,252796.0,0.0,0.0,1,1
2413,268190.0,252796.0,0.0,0.0,1,1
2414,268190.0,252796.0,0.0,0.0,1,1
2415,268190.0,252796.0,0.0,0.0,1,1
2416,268190.0,252796.0,0.0,0.0,1,1
2417,268190.0,252796.0,0.0,0.0,1,1
2418,268190.0,252796.0,0.0,0.0,1,1
2419,268190.0,252796.0,0.0,0.0,1,1
2420,268190.0,252796.0,0.0,0.0,1,1
2421,268190.0,252796.0,0.0,0.0,1,1
2422,268190.0,252796.0,0.0,0.0,1,1
2423,268190.0,252796.0,0.0,0.0,1,1
2424,268190.0,252796.0,0.0,0.0,1,1
2425,268190.0,252796.0,0.0,0.0,1,1
2426,268190.0,252796.0,0.0,0.0,1,1
2427,268190.0,252796.0,0.0,0.0,1,1
2428,268190.0,252796.0,0.0,0.0,1,1
2429,268190.0,252796.0,0.0,0.0,1,1
2430,268190.0,252796.0,0.0,0.0,1,1
2431,268190.0,252796.0,0.0,0.0,1,1
2432,268190.0,252796.0,0.0,0.0,1,1
2433,268190.0,252796.0,0.0,0.0,1,1
2434,268190.0,252796.0,0.0,0.0,1,1
2435,268190.0,252796.0,0.0,0.0,1,1
2436,268190.0,252796.0,0.0,0.0,1,1
2437,268190.0,252796.0,0.0,0.0,1,1
2438,268190.0,252796.0,0.0,0.0,1,1
2439,268190.0,252796.0,0.0,0.0,1,1
2440,268190.0,252796.0,0.0,0.0,1,1
2441,268190.0,252796.0,0.0,0.0,1,1
2442,268190.0,252796.0,0.0,0.0,1,1
2443,268190.0,252796.0,0.0,0.0,1,1
2444,268190.0,252796.0,0.0,0.0,1,1
2445,268190.0,252796.0,0.0,0.0,1,1
2446,268190.0,252796.0,0.0,0.0,1,1
2447,268190.0,252796.0,0.0,0.0,1,1
2448,268190.0,252796.0,0.0,0.0,1,1
2449,268190.0,252796.0,0.0,0.0,1,1
2450,268190.0,252796.0,0.0,0.0,1,1
2451,268190.0,252796.0,0.0,0.0,1,1
2452,268190.0,252796.0,0.0,0.0,1,1
2453,268190.0,252796.0,0.0,0.0,1,1
2454,268190.0,252796.0,0.0,0.0,1,1
2455,268190.0,252796.0,0.0,0.0,1,1
2456,268190.0,252796.0,0.0,0.0,1,1
2457,268190.0,252796.0,0.0,0.0,1,1
2458,268190.0,252796.0,0.0,0.0,1,1
2459,268190.0,252796.0,0.0,0.0,1,1
2460,268190.0,252796.0,0.0,0.0,1,1
2461,268190.0,252796.0,0.0,0.0,1,1
2462,268190.0,252796.0,0.0,0.0,1,1
2463,268190.0,252796.0,0.0,0.0,1,1
2464,268190.0,252796.0,0.0,0.0,1,1
2465,268190.0,252796.0,0.0,0.0,1,1
2466,268190.0,252796.0,0.0,0.0,1,1
2467,268190.0,252796.0,0.0,0.0,1,1
2468,268190.0,252796.0,0.0,0.0,1,1
2469,268190.0,252796.0,0.0,0.0,1,1
2470,268190.0,252796.0,0.0,0.0,1,1
2471,268190.0,252796.0,0.0,0.0,1,1
2472,268190.0,252796.0,0.0,0.0,1,1
2473,268190.0,252796.0,0.0,0.0,1,1
2474,268190.0,252796.0,0.0,0.0,1,1
2475,268190.0,252796.0,0.0,0.0,1,1
2476,268190.0,252796.0,0.0,0.0,1,1
2477,268210.0,252796.0,0.0,0.0,1,1
2478,268210.0,252796.0,0.0,0.0,1,1
2479,268210.0,252796.0,0.0,0.0,1,1
2480,268210.0,252796.0,0.0,0.0,1,1
2481,268210.0,252796.0,0.0,0.0,1,1
2482,268210.0,252796.0,0.0,0.0,1,1
2483,268210.0,252796.0,0.0,0.0,1,1
2484,268210.0,252796.0,0.0,0.0,1,1
2485,268210.0,252796.0,0.0,0.0,1,1
2486,268210.0,252796.0,0.0,0.0,1,1
2487,268210.0,252796.0,0.0,0.0,1,1
2488,267799.0,252796.0,0.0,0.0,1,1
2489,267799.0,252796.0,0.0,0.0,1,1
2490,267799.0,252796.0,0.0,0.0,1,1
2491,267799.0,252796.0,0.0,0.0,1,1
2492,267799.0,252796.0,0.0,0.0,1,1
2493,267799.0,252796.0,0.0,0.0,1,1
2494,267799.0,252796.0,0.0,0.0,1,1
2495,267799.0,252796.0,0.0,0.0,1,1
2496,267799.0,252796.0,0.0,0.0,1,1
2497,267802.0,252796.0,0.0,0.0,1,1
2498,267802.0,252796.0,0.0,0.0,1,1
2499,267802.0,252796.0,0.0,0.0,1,1
2500,267802.0,252796.0,0.0,0.0,1,1
2501,267802.0,252796.0,0.0,0.0,1,1
2502,267802.0,252796.0,0.0,0.0,1,1
2503,267802.0,252796.0,0.0,0.0,1,1
2504,267802.0,252796.0,0.0,0.0,1,1
2505,267802.0,252796.0,0.0,0.0,1,1
2506,267802.0,252796.0,0.0,0.0,1,1
2507,267802.0,252796.0,0.0,0.0,1,1
2508,267802.0,252796.0,0.0,0.0,1,1
2509,267802.0,252796.0,0.0,0.0,1,1
2510,267802.0,252796.0,0.0,0.0,1,1
2511,267802.0,252796.0,0.0,0.0,1,1
2512,267802.0,252796.0,0.0,0.0,1,1
2513,267802.0,252796.0,0.0,0.0,1,1
2514,267802.0,252796.0,0.0,0.0,1,1
2515,267802.0,252796.0,0.0,0.0,1,1
2516,267802.0,252796.0,0.0,0.0,1,1
2517,267802.0,252796.0,0.0,0.0,1,1
2518,267802.0,252796.0,0.0,0.0,1,1
2519,267802.0,252796.0,0.0,0.0,1,1
2520,267802.0,252796.0,0.0,0.0,1,1
2521,267802.0,252796.0,0.0,0.0,1,1
2522,267802.0,252796.0,0.0,0.0,1,1
2523,267802.0,252796.0,0.0,0.0,1,1
2524,267802.0,252796.0,0.0,0.0,1,1
2525,267802.0,252796.0,0.0,0.0,1,1
2526,267802.0,252796.0,0.0,0.0,1,1
2527,267802.0,252796.0,0.0,0.0,1,1
2528,267802.0,252796.0,0.0,0.0,1,1
2529,267802.0,252796.0,0.0,0.0,1,1
2530,267802.0,252796.0,0.0,0.0,1,1
2531,267802.0,252796.0,0.0,0.0,1,1
2532,267802.0,252796.0,0.0,0.0,1,1
2533,267802.0,252796.0,0.0,0.0,1,1
2534,267802.0,252796.0,0.0,0.0,1,1
2535,267802.0,252796.0,0.0,0.0,1,1
2536,268213.0,252796.0,0.0,0.0,1,1
2537,268213.0,252796.0,0.0,0.0,1,1
2538,268213.0,252796.0,0.0,0.0,1,1
2539,268213.0,252796.0,0.0,0.0,1,1
2540,268213.0,252796.0,0.0,0.0,1,1
2541,268213.0,252796.0,0.0,0.0,1,1
2542,268213.0,252796.0,0.0,0.0,1,1
2543,268045.5,252796.0,0.0,0.0,1,1
2544,268045.5,252796.0,0.0,0.0,1,1
2545,268045.5,252796.0,0.0,0.0,1,1
2546,268045.5,252796.0,0.0,0.0,1,1
2547,268045.5,252796.0,0.0,0.0,1,1
2548,268045.5,252796.0,0.0,0.0,1,1
2549,268045.5,252796.0,0.0,0.0,1,1
2550,268045.5,252796.0,0.0,0.0,1,1
2551,268045.5,252796.0,0.0,0.0,1,1
2552,268045.5,252796.0,0.0,0.0,1,1
2553,268045.5,252796.0,0.0,0.0,1,1
2554,268045.5,252796.0,0.0,0.0,1,1
2555,267928.0,252796.0,0.0,0.0,1,1
2556,267928.0,252796.0,0.0,0.0,1,1
2557,267928.0,252796.0,0.0,0.0,1,1
2558,267928.0,252796.0,0.0,0.0,1,1
2559,267928.0,252796.0,0.0,0.0,1,1
2560,267928.0,252796.0,0.0,0.0,1,1
2561,267928.0,252796.0,0.0,0.0,1,1
2562,267928.0,252796.0,0.0,0.0,1,1
2563,267928.0,252796.0,0.0,0.0,1,1
2564,267928.0,252796.0,0.0,0.0,1,1
2565,267928.0,252796.0,0.0,0.0,1,1
2566,267928.0,252796.0,0.0,0.0,1,1
2567,267928.0,252796.0,0.0,0.0,1,1
2568,267928.0,252796.0,0.0,0.0,1,1
2569,267928.0,252796.0,0.0,0.0,1,1
2570,267928.0,252796.0,0.0,0.0,1,1
2571,267928.0,252796.0,0.0,0.0,1,1
2572,267928.0,252796.0,0.0,0.0,1,1
2573,267928.0,252796.0,0.0,0.0,1,1
2574,267928.0,252796.0,0.0,0.0,1,1
2575,267928.0,252796.0,0.0,0.0,1,1
2576,267928.0,252796.0,0.0,0.0,1,1
2577,267928.0,252796.0,0.0,0.0,1,1
2578,267928.0,252796.0,0.0,0.0,1,1
2579,267928.0,252796.0,0.0,0.0,1,1
2580,267928.0,252796.0,0.0,0.0,1,1
2581,267928.0,252796.0,0.0,0.0,1,1
2582,267928.0,252796.0,0.0,0.0,1,1
2583,267928.0,252796.0,0.0,0.0,1,1
2584,267928.0,252796.0,0.0,0.0,1,1
2585,267928.0,252796.0,0.0,0.0,1,1
2586,267928.0,252796.0,0.0,0.0,1,1
2587,267928.0,252796.0,0.0,0.0,1,1
2588,267928.0,252796.0,0.0,0.0,1,1
2589,267928.0,252796.0,0.0,0.0,1,1
2590,267928.0,252796.0,0.0,0.0,1,1
2591,267928.0,252796.0,0.0,0.0,1,1
2592,267928.0,252796.0,0.0,0.0,1,1
2593,267928.0,252796.0,0.0,0.0,1,1
2594,267928.0,252796.0,0.0,0.0,1,1
2595,267928.0,252796.0,0.0,0.0,1,1
2596,267928.0,252796.0,0.0,0.0,1,1
2597,267928.0,252796.0,0.0,0.0,1,1
2598,267928.0,252796.0,0.0,0.0,1,1
2599,267928.0,252796.0,0.0,0.0,1,1
2600,267928.0,252796.0,0.0,0.0,1,1
2601,267928.0,252796.0,0.0,0.0,1,1
2602,267928.0,252796.0,0.0,0.0,1,1
2603,267928.0,252796.0,0.0,0.0,1,1
2604,267928.0,252796.0,0.0,0.0,1,1
2605,268006.0,252796.0,0.0,0.0,1,1
2606,268006.0,252796.0,0.0,0.0,1,1
2607,268006.0,252796.0,0.0,0.0,1,1
2608,268006.0,252796.0,0.0,0.0,1,1
2609,268006.0,252796.0,0.0,0.0,1,1
2610,268006.0,252796.0,0.0,0.0,1,1
2611,268006.0,252796.0,0.0,0.0,1,1
2612,268006.0,252796.0,0.0,0.0,1,1
2613,268006.0,252796.0,0.0,0.0,1,1
2614,268006.0,252796.0,0.0,0.0,1,1
2615,268006.0,252796.0,0.0,0.0,1,1
2616,268006.0,252796.0,0.0,0.0,1,1
2617,267999.0,252796.0,0.0,0.0,1,1
2618,267999.0,252796.0,0.0,0.0,1,1
2619,267999.0,252796.0,0.0,0.0,1,1
2620,267999.0,252796.0,0.0,0.0,1,1
2621,267999.0,252796.0,0.0,0.0,1,1
2622,267999.0,252796.0,0.0,0.0,1,1
2623,267999.0,252796.0,0.0,0.0,1,1
2624,267999.0,252796.0,0.0,0.0,1,1
2625,267999.0,252796.0,0.0,0.0,1,1
2626,267999.0,252796.0,0.0,0.0,1,1
2627,267999.0,252796.0,0.0,0.0,1,1
2628,267999.0,252796.0,0.0,0.0,1,1
2629,267999.0,252796.0,0.0,0.0,1,1
2630,267999.0,252796.0,0.0,0.0,1,1
2631,267999.0,252796.0,0.0,0.0,1,1
2632,267999.0,252796.0,0.0,0.0,1,1
2633,268055.0,252796.0,0.0,0.0,1,1
2634,268055.0,252796.0,0.0,0.0,1,1
2635,268055.0,252796.0,0.0,0.0,1,1
2636,268055.0,252796.0,0.0,0.0,1,1
2637,268055.0,252796.0,0.0,0.0,1,1
2638,268055.0,252796.0,0.0,0.0,1,1
2639,268055.0,252796.0,0.0,0.0,1,1
2640,268055.0,252796.0,0.0,0.0,1,1
2641,268055.0,252796.0,0.0,0.0,1,1
2642,268055.0,252796.0,0.0,0.0,1,1
2643,268055.0,252796.0,0.0,0.0,1,1
2644,268055.0,252796.0,0.0,0.0,1,1
2645,268055.0,252796.0,0.0,0.0,1,1
2646,268055.0,252796.0,0.0,0.0,1,1
2647,268055.0,252796.0,0.0,0.0,1,1
2648,268055.0,252796.0,0.0,0.0,1,1
2649,268055.0,252796.0,0.0,0.0,1,1
2650,268055.0,252796.0,0.0,0.0,1,1
2651,268055.0,252796.0,0.0,0.0,1,1
2652,268055.0,252796.0,0.0,0.0,1,1
2653,268055.0,252796.0,0.0,0.0,1,1
2654,268055.0,252796.0,0.0,0.0,1,1
2655,268055.0,252796.0,0.0,0.0,1,1
2656,268055.0,252796.0,0.0,0.0,1,1
2657,268055.0,252796.0,0.0,0.0,1,1
2658,268055.0,252796.0,0.0,0.0,1,1
2659,268055.0,252796.0,0.0,0.0,1,1
2660,268055.0,252796.0,0.0,0.0,1,1
2661,268055.0,252796.0,0.0,0.0,1,1
2662,268055.0,252796.0,0.0,0.0,1,1
2663,268055.0,252796.0,0.0,0.0,1,1
2664,268055.0,252796.0,0.0,0.0,1,1
2665,268055.0,252796.0,0.0,0.0,1,1
2666,268055.0,252796.0,0.0,0.0,1,1
2667,268055.0,252796.0,0.0,0.0,1,1
2668,268055.0,252796.0,0.0,0.0,1,1
2669,268055.0,252796.0,0.0,0.0,1,1
2670,268055.0,252796.0,0.0,0.0,1,1
2671,268055.0,252796.0,0.0,0.0,1,1
2672,268055.0,252796.0,0.0,0.0,1,1
2673,268055.0,252796.0,0.0,0.0,1,1
2674,268055.0,252796.0,0.0,0.0,1,1
2675,268055.0,252796.0,0.0,0.0,1,1
2676,268055.0,252796.0,0.0,0.0,1,1
2677,268055.0,252796.0,0.0,0.0,1,1
2678,268055.0,252796.0,0.0,0.0,1,1
2679,268055.0,252796.0,0.0,0.0,1,1
2680,268055.0,252796.0,0.0,0.0,1,1
2681,268055.0,252796.0,0.0,0.0,1,1
2682,268055.0,252796.0,0.0,0.0,1,1
2683,268055.0,252796.0,0.0,0.0,1,1
2684,268055.0,252796.0,0.0,0.0,1,1
2685,268127.5,252796.0,0.0,0.0,1,1
2686,268127.5,252796.0,0.0,0.0,1,1
2687,268127.5,252796.0,0.0,0.0,1,1
2688,268127.5,252796.0,0.0,0.0,1,1
2689,268127.5,252796.0,0.0,0.0,1,1
2690,268127.5,252796.0,0.0,0.0,1,1
2691,268127.5,252796.0,0.0,0.0,1,1
2692,268127.5,252796.0,0.0,0.0,1,1
2693,268127.5,252796.0,0.0,0.0,1,1
2694,268127.5,252796.0,0.0,0.0,1,1
2695,268127.5,252796.0,0.0,0.0,1,1
2696,268127.5,252796.0,0.0,0.0,1,1
2697,268127.5,252796.0,0.0,0.0,1,1
2698,268127.5,252796.0,0.0,0.0,1,1
2699,268127.5,252796.0,0.0,0.0,1,1
2700,268127.5,252796.0,0.0,0.0,1,1
2701,268127.5,252796.0,0.0,0.0,1,1
2702,268127.5,252796.0,0.0,0.0,1,1
2703,268127.5,252796.0,0.0,0.0,1,1
2704,268127.5,252796.0,0.0,0.0,1,1
2705,268127.5,252796.0,0.0,0.0,1,1
2706,268127.5,252796.0,0.0,0.0,1,1
2707,268127.5,252796.0,0.0,0.0,1,1
2708,268127.5,252796.0,0.0,0.0,1,1
2709,268127.5,252796.0,0.0,0.0,1,1
2710,268127.5,252796.0,0.0,0.0,1,1
2711,268127.5,252796.0,0.0,0.0,1,1
2712,268127.5,252796.0,0.0,0.0,1,1
2713,268127.5,252796.0,0.0,0.0,1,1
2714,268127.5,252796.0,0.0,0.0,1,1
2715,268127.5,252796.0,0.0,0.0,1,1
2716,268127.5,252796.0,0.0,0.0,1,1
2717,268127.5,252796.0,0.0,0.0,1,1
2718,268127.5,252796.0,0.0,0.0,1,1
2719,268127.5,252796.0,0.0,0.0,1,1
2720,268127.5,252796.0,0.0,0.0,1,1
2721,268127.5,252796.0,0.0,0.0,1,1
2722,268127.5,252796.0,0.0,0.0,1,1
2723,268127.5,252796.0,0.0,0.0,1,1
2724,268127.5,252796.0,0.0,0.0,1,1
2725,268127.5,252796.0,0.0,0.0,1,1
2726,268127.5,252796.0,0.0,0.0,1,1
2727,268127.5,252796.0,0.0,0.0,1,1
2728,268127.5,252796.0,0.0,0.0,1,1
2729,268127.5,252796.0,0.0,0.0,1,1
2730,268127.5,252796.0,0.0,0.0,1,1
2731,268127.5,252796.0,0.0,0.0,1,1
2732,268127.5,252796.0,0.0,0.0,1,1
2733,267712.5,252796.0,0.0,0.0,1,1
2734,267712.5,252796.0,0.0,0.0,1,1
2735,267712.5,252796.0,0.0,0.0,1,1
2736,267712.5,252796.0,0.0,0.0,1,1
2737,267712.5,252796.0,0.0,0.0,1,1
2738,267712.5,252796.0,0.0,0.0,1,1
2739,267712.5,252796.0,0.0,0.0,1,1
2740,267712.5,252796.0,0.0,0.0,1,1
2741,267712.5,252796.0,0.0,0.0,1,1
2742,267712.5,252796.0,0.0,0.0,1,1
2743,267712.5,252796.0,0.0,0.0,1,1
2744,267712.5,252796.0,0.0,0.0,1,1
2745,267712.5,252796.0,0.0,0.0,1,1
2746,267712.5,252796.0,0.0,0.0,1,1
2747,267712.5,252796.0,0.0,0.0,1,1
2748,267712.5,252796.0,0.0,0.0,1,1
2749,267712.5,252796.0,0.0,0.0,1,1
2750,267712.5,252796.0,0.0,0.0,1,1
2751,267712.5,252796.0,0.0,0.0,1,1
2752,267712.5,252796.0,0.0,0.0,1,1
2753,267712.5,252796.0,0.0,0.0,1,1
2754,267712.5,252796.0,0.0,0.0,1,1
2755,267867.5,252796.0,0.0,0.0,1,1
2756,267867.5,252796.0,0.0,0.0,1,1
2757,267867.5,252796.0,0.0,0.0,1,1
2758,267867.5,252796.0,0.0,0.0,1,1
2759,267867.5,252796.0,0.0,0.0,1,1
2760,267867.5,252796.0,0.0,0.0,1,1
2761,267867.5,252796.0,0.0,0.0,1,1
2762,267867.5,252796.0,0.0,0.0,1,1
2763,267867.5,252796.0,0.0,0.0,1,1
2764,267867.5,252796.0,0.0,0.0,1,1
2765,267867.5,252796.0,0.0,0.0,1,1
2766,267867.5,252796.0,0.0,0.0,1,1
2767,267867.5,252796.0,0.0,0.0,1,1
2768,267867.5,252796.0,0.0,0.0,1,1
2769,269329.5,252796.0,0.0,0.0,1,1
2770,269329.5,252796.0,0.0,0.0,1,1
2771,269329.5,252796.0,0.0,0.0,1,1
2772,269329.5,252796.0,0.0,0.0,1,1
2773,269329.5,252796.0,0.0,0.0,1,1
2774,269329.5,252796.0,0.0,0.0,1,1
2775,269329.5,252796.0,0.0,0.0,1,1
2776,269329.5,252796.0,0.0,0.0,1,1
2777,269329.5,252796.0,0.0,0.0,1,1
2778,269329.5,252796.0,0.0,0.0,1,1
2779,269329.5,252796.0,0.0,0.0,1,1
2780,269340.5,252796.0,0.0,0.0,1,1
2781,269340.5,252796.0,0.0,0.0,1,1
2782,269340.5,252796.0,0.0,0.0,1,1
2783,269340.5,252796.0,0.0,0.0,1,1
2784,269340.5,252796.0,0.0,0.0,1,1
2785,269340.5,252796.0,0.0,0.0,1,1
2786,269340.5,252796.0,0.0,0.0,1,1
2787,269340.5,252796.0,0.0,0.0,1,1
2788,269340.5,252796.0,0.0,0.0,1,1
2789,269340.5,252796.0,0.0,0.0,1,1
2790,269340.5,252796.0,0.0,0.0,1,1
2791,269340.5,252796.0,0.0,0.0,1,1
2792,269340.5,252796.0,0.0,0.0,1,1
2793,269340.5,252796.0,0.0,0.0,1,1
2794,269340.5,252796.0,0.0,0.0,1,1
2795,269340.5,252796.0,0.0,0.0,1,1
2796,269728.0,252796.0,0.0,0.0,1,1
2797,269728.0,252796.0,0.0,0.0,1,1
2798,269728.0,252796.0,0.0,0.0,1,1
2799,269728.0,252796.0,0.0,0.0,1,1
2800,269728.0,252796.0,0.0,0.0,1,1
2801,269728.0,252796.0,0.0,0.0,1,1
2802,269728.0,252796.0,0.0,0.0,1,1
2803,269728.0,252796.0,0.0,0.0,1,1
2804,269728.0,252796.0,0.0,0.0,1,1
2805,269728.0,252796.0,0.0,0.0,1,1
2806,269728.0,252796.0,0.0,0.0,1,1
2807,269728.0,252796.0,0.0,0.0,1,1
2808,269728.0,252796.0,0.0,0.0,1,1
2809,269728.0,252796.0,0.0,0.0,1,1
2810,269728.0,252796.0,0.0,0.0,1,1
2811,269728.0,252796.0,0.0,0.0,1,1
2812,269728.0,252796.0,0.0,0.0,1,1
2813,269728.0,252796.0,0.0,0.0,1,1
2814,269728.0,252796.0,0.0,0.0,1,1
2815,269728.0,252796.0,0.0,0.0,1,1
2816,269728.0,252796.0,0.0,0.0,1,1
2817,269728.0,252796.0,0.0,0.0,1,1
2818,269728.0,252796.0,0.0,0.0,1,1
2819,269728.0,252796.0,0.0,0.0,1,1
2820,269491.0,252796.0,0.0,0.0,1,1
2821,269491.0,252796.0,0.0,0.0,1,1
2822,269491.0,252796.0,0.0,0.0,1,1
2823,269491.0,252796.0,0.0,0.0,1,1
2824,269491.0,252796.0,0.0,0.0,1,1
2825,269491.0,252796.0,0.0,0.0,1,1
2826,269491.0,252796.0,0.0,0.0,1,1
2827,269491.0,252796.0,0.0,0.0,1,1
2828,269491.0,252796.0,0.0,0.0,1,1
2829,269491.0,252796.0,0.0,0.0,1,1
2830,269491.0,252796.0,0.0,0.0,1,1
2831,269491.0,252796.0,0.0,0.0,1,1
2832,269594.5,252796.0,0.0,0.0,1,1
2833,269594.5,252796.0,0.0,0.0,1,1
2834,269594.5,252796.0,0.0,0.0,1,1
2835,269594.5,252796.0,0.0,0.0,1,1
2836,269594.5,252796.0,0.0,0.0,1,1
2837,269594.5,252796.0,0.0,0.0,1,1
2838,269594.5,252796.0,0.0,0.0,1,1
2839,269594.5,252796.0,0.0,0.0,1,1
2840,269594.5,252796.0,0.0,0.0,1,1
2841,269594.5,252796.0,0.0,0.0,1,1
2842,269594.5,252796.0,0.0,0.0,1,1
2843,269594.5,252796.0,0.0,0.0,1,1
2844,269594.5,252796.0,0.0,0.0,1,1
2845,269594.5,252796.0,0.0,0.0,1,1
2846,269594.5,252796.0,0.0,0.0,1,1
2847,269594.5,252796.0,0.0,0.0,1,1
2848,269594.5,252796.0,0.0,0.0,1,1
2849,269832.0,252796.0,0.0,0.0,1,1
2850,269832.0,252796.0,0.0,0.0,1,1
2851,269594.5,252796.0,0.0,0.0,1,1
2852,269594.5,252796.0,0.0,0.0,1,1
2853,269594.5,252796.0,0.0,0.0,1,1
2854,269594.5,252796.0,0.0,0.0,1,1
2855,269594.5,252796.0,0.0,0.0,1,1
2856,269594.5,252796.0,0.0,0.0,1,1
2857,269594.5,252796.0,0.0,0.0,1,1
2858,269594.5,252796.0,0.0,0.0,1,1
2859,269594.5,252796.0,0.0,0.0,1,1
2860,269594.5,252796.0,0.0,0.0,1,1
2861,269594.5,252796.0,0.0,0.0,1,1
2862,269594.5,252796.0,0.0,0.0,1,1
2863,269594.5,252796.0,0.0,0.0,1,1
2864,269594.5,252796.0,0.0,0.0,1,1
2865,269594.5,252796.0,0.0,0.0,1,1
2866,269594.5,252796.0,0.0,0.0,1,1
2867,269594.5,252796.0,0.0,0.0,1,1
2868,269594.5,252796.0,0.0,0.0,1,1
2869,269594.5,252796.0,0.0,0.0,1,1
2870,269594.5,252796.0,0.0,0.0,1,1
2871,269594.5,252796.0,0.0,0.0,1,1
2872,269594.5,252796.0,0.0,0.0,1,1
2873,269594.5,252796.0,0.0,0.0,1,1
2874,269594.5,252796.0,0.0,0.0,1,1
2875,269594.5,252796.0,0.0,0.0,1,1
2876,269594.5,252796.0,0.0,0.0,1,1
2877,269594.5,252796.0,0.0,0.0,1,1
2878,269594.5,252796.0,0.0,0.0,1,1
2879,269594.5,252796.0,0.0,0.0,1,1
2880,269594.5,252796.0,0.0,0.0,1,1
2881,269594.5,252796.0,0.0,0.0,1,1
2882,269594.5,252796.0,0.0,0.0,1,1
2883,268503.5,252796.0,0.0,0.0,1,1
2884,268503.5,252796.0,0.0,0.0,1,1
2885,268503.5,252796.0,0.0,0.0,1,1
2886,268503.5,252796.0,0.0,0.0,1,1
2887,268503.5,252796.0,0.0,0.0,1,1
2888,268503.5,252796.0,0.0,0.0,1,1
2889,268503.5,252796.0,0.0,0.0,1,1
2890,268503.5,252796.0,0.0,0.0,1,1
2891,268503.5,252796.0,0.0,0.0,1,1
2892,268503.5,252796.0,0.0,0.0,1,1
2893,274043.0,252796.0,0.0,0.0,1,1
2894,273949.0,252796.0,0.0,0.0,1,1
2895,273949.0,252796.0,0.0,0.0,1,1
2896,273949.0,252796.0,0.0,0.0,1,1
2897,273949.0,252796.0,0.0,0.0,1,1
2898,273949.0,252796.0,0.0,0.0,1,1
2899,273949.0,252796.0,0.0,0.0,1,1
2900,273949.0,252796.0,0.0,0.0,1,1
2901,273949.0,252796.0,0.0,0.0,1,1
2902,273949.0,252796.0,0.0,0.0,1,1
2903,273949.0,252796.0,0.0,0.0,1,1
2904,273949.0,252796.0,0.0,0.0,1,1
2905,273949.0,252796.0,0.0,0.0,1,1
2906,273949.0,252796.0,0.0,0.0,1,1
2907,273949.0,252796.0,0.0,0.0,1,1
2908,273949.0,252796.0,0.0,0.0,1,1
2909,273949.0,252796.0,0.0,0.0,1,1
2910,273190.0,252796.0,0.0,0.0,1,1
2911,273190.0,252796.0,0.0,0.0,1,1
2912,273190.0,252796.0,0.0,0.0,1,1
2913,273190.0,252796.0,0.0,0.0,1,1
2914,273190.0,252796.0,0.0,0.0,1,1
2915,273190.0,252796.0,0.0,0.0,1,1
2916,273190.0,252796.0,0.0,0.0,1,1
2917,273190.0,252796.0,0.0,0.0,1,1
2918,273190.0,252796.0,0.0,0.0,1,1
2919,273190.0,252796.0,0.0,0.0,1,1
2920,273190.0,252796.0,0.0,0.0,1,1
2921,273190.0,252796.0,0.0,0.0,1,1
2922,274763.0,252796.0,0.0,0.0,1,1
2923,274763.0,252796.0,0.0,0.0,1,1
2924,274763.0,252796.0,0.0,0.0,1,1
2925,274763.0,252796.0,0.0,0.0,1,1
2926,274604.0,252796.0,0.0,0.0,1,1
2927,274703.0,252796.0,0.0,0.0,1,1
2928,274703.0,252796.0,0.0,0.0,1,1
2929,274703.0,252796.0,0.0,0.0,1,1
2930,274703.0,252796.0,0.0,0.0,1,1
2931,274703.0,252796.0,0.0,0.0,1,1
2932,274703.0,252796.0,0.0,0.0,1,1
2933,274703.0,252796.0,0.0,0.0,1,1
2934,274703.0,252796.0,0.0,0.0,1,1
2935,274703.0,252796.0,0.0,0.0,1,1
2936,274703.0,252796.0,0.0,0.0,1,1
2937,274703.0,252796.0,0.0,0.0,1,1
2938,274703.0,252796.0,0.0,0.0,1,1
2939,274703.0,252796.0,0.0,0.0,1,1
2940,274703.0,252796.0,0.0,0.0,1,1
2941,274703.0,252796.0,0.0,0.0,1,1
2942,274703.0,252796.0,0.0,0.0,1,1
2943,274703.0,252796.0,0.0,0.0,1,1
2944,274703.0,252796.0,0.0,0.0,1,1
2945,274703.0,252796.0,0.0,0.0,1,1
2946,274703.0,252796.0,0.0,0.0,1,1
2947,274703.0,252796.0,0.0,0.0,1,1
2948,274703.0,252796.0,0.0,0.0,1,1
2949,274703.0,252796.0,0.0,0.0,1,1
2950,274703.0,252796.0,0.0,0.0,1,1
2951,274703.0,252796.0,0.0,0.0,1,1
2952,274703.0,252796.0,0.0,0.0,1,1
2953,274703.0,252796.0,0.0,0.0,1,1
2954,274703.0,252796.0,0.0,0.0,1,1
2955,274703.0,252796.0,0.0,0.0,1,1
2956,274703.0,252796.0,0.0,0.0,1,1
2957,274703.0,252796.0,0.0,0.0,1,1
2958,274703.0,252796.0,0.0,0.0,1,1
2959,274703.0,252796.0,0.0,0.0,1,1
2960,274703.0,252796.0,0.0,0.0,1,1
2961,274703.0,252796.0,0.0,0.0,1,1
2962,274703.0,252796.0,0.0,0.0,1,1
2963,274703.0,252796.0,0.0,0.0,1,1
2964,274703.0,252796.0,0.0,0.0,1,1
2965,274703.0,252796.0,0.0,0.0,1,1
2966,274703.0,252796.0,0.0,0.0,1,1
2967,274685.0,252796.0,0.0,0.0,1,1
2968,274685.0,252796.0,0.0,0.0,1,1
2969,274685.0,252796.0,0.0,0.0,1,1
2970,274685.0,252796.0,0.0,0.0,1,1
2971,274685.0,252796.0,0.0,0.0,1,1
2972,274844.0,252796.0,0.0,0.0,1,1
2973,274844.0,252796.0,0.0,0.0,1,1
2974,274844.0,252796.0,0.0,0.0,1,1
2975,274844.0,252796.0,0.0,0.0,1,1
2976,274844.0,252796.0,0.0,0.0,1,1
2977,274844.0,252796.0,0.0,0.0,1,1
2978,274886.0,252796.0,0.0,0.0,1,1
2979,274886.0,252796.0,0.0,0.0,1,1
2980,274886.0,252796.0,0.0,0.0,1,1
2981,274886.0,252796.0,0.0,0.0,1,1
2982,274886.0,252796.0,0.0,0.0,1,1
2983,274886.0,252796.0,0.0,0.0,1,1
2984,274886.0,252796.0,0.0,0.0,1,1
2985,274886.0,252796.0,0.0,0.0,1,1
2986,274886.0,252796.0,0.0,0.0,1,1
2987,274886.0,252796.0,0.0,0.0,1,1
2988,274886.0,252796.0,0.0,0.0,1,1
2989,274886.0,252796.0,0.0,0.0,1,1
2990,274886.0,252796.0,0.0,0.0,1,1
2991,274886.0,252796.0,0.0,0.0,1,1
2992,274886.0,252796.0,0.0,0.0,1,1
2993,273723.0,252796.0,0.0,0.0,1,1
2994,273723.0,252796.0,0.0,0.0,1,1
2995,273723.0,252796.0,0.0,0.0,1,1
2996,273723.0,252796.0,0.0,0.0,1,1
2997,273723.0,252796.0,0.0,0.0,1,1
2998,273723.0,252796.0,0.0,0.0,1,1
2999,273723.0,252796.0,0.0,0.0,1,1
3000,273723.0,252796.0,0.0,0.0,1,1
3001,273723.0,252796.0,0.0,0.0,1,1
3002,273723.0,252796.0,0.0,0.0,1,1
3003,273723.0,252796.0,0.0,0.0,1,1
3004,273723.0,252796.0,0.0,0.0,1,1
3005,273723.0,252796.0,0.0,0.0,1,1
3006,273723.0,252796.0,0.0,0.0,1,1
3007,273723.0,252796.0,0.0,0.0,1,1
3008,273524.5,252796.0,0.0,0.0,1,1
3009,273524.5,252796.0,0.0,0.0,1,1
3010,273524.5,252796.0,0.0,0.0,1,1
3011,273524.5,252796.0,0.0,0.0,1,1
3012,273524.5,252796.0,0.0,0.0,1,1
3013,273524.5,252796.0,0.0,0.0,1,1
3014,273524.5,252796.0,0.0,0.0,1,1
3015,273524.5,252796.0,0.0,0.0,1,1
3016,273524.5,252796.0,0.0,0.0,1,1
3017,273524.5,252796.0,0.0,0.0,1,1
3018,273524.5,252796.0,0.0,0.0,1,1
3019,273524.5,252796.0,0.0,0.0,1,1
3020,273756.0,252796.0,0.0,0.0,1,1
3021,273753.0,252796.0,0.0,0.0,1,1
3022,273753.0,252796.0,0.0,0.0,1,1
3023,273753.0,252796.0,0.0,0.0,1,1
3024,273753.0,252796.0,0.0,0.0,1,1
3025,273753.0,252796.0,0.0,0.0,1,1
3026,273753.0,252796.0,0.0,0.0,1,1
3027,273753.0,252796.0,0.0,0.0,1,1
3028,273753.0,252796.0,0.0,0.0,1,1
3029,273957.0,252796.0,0.0,0.0,1,1
3030,273957.0,252796.0,0.0,0.0,1,1
3031,273957.0,252796.0,0.0,0.0,1,1
3032,273957.0,252796.0,0.0,0.0,1,1
3033,273922.0,252796.0,0.0,0.0,1,1
3034,273922.0,252796.0,0.0,0.0,1,1
3035,273922.0,252796.0,0.0,0.0,1,1
3036,273922.0,252796.0,0.0,0.0,1,1
3037,273922.0,252796.0,0.0,0.0,1,1
3038,273922.0,252796.0,0.0,0.0,1,1
3039,273922.0,252796.0,0.0,0.0,1,1
3040,273922.0,252796.0,0.0,0.0,1,1
3041,273922.0,252796.0,0.0,0.0,1,1
3042,273922.0,252796.0,0.0,0.0,1,1
3043,273922.0,252796.0,0.0,0.0,1,1
3044,273922.0,252796.0,0.0,0.0,1,1
3045,273922.0,252796.0,0.0,0.0,1,1
3046,273922.0,252796.0,0.0,0.0,1,1
3047,273922.0,252796.0,0.0,0.0,1,1
3048,273922.0,252796.0,0.0,0.0,1,1
3049,273922.0,252796.0,0.0,0.0,1,1
3050,273922.0,252796.0,0.0,0.0,1,1
3051,273922.0,252796.0,0.0,0.0,1,1
3052,273922.0,252796.0,0.0,0.0,1,1
3053,273922.0,252796.0,0.0,0.0,1,1
3054,273922.0,252796.0,0.0,0.0,1,1
3055,273922.0,252796.0,0.0,0.0,1,1
3056,273922.0,252796.0,0.0,0.0,1,1
3057,273922.0,252796.0,0.0,0.0,1,1
3058,273922.0,252796.0,0.0,0.0,1,1
3059,273922.0,252796.0,0.0,0.0,1,1
3060,273922.0,252796.0,0.0,0.0,1,1
3061,273922.0,252796.0,0.0,0.0,1,1
3062,273922.0,252796.0,0.0,0.0,1,1
3063,273922.0,252796.0,0.0,0.0,1,1
3064,274805.0,252796.0,0.0,0.0,1,1
3065,274805.0,252796.0,0.0,0.0,1,1
3066,274805.0,252796.0,0.0,0.0,1,1
3067,274805.0,252796.0,0.0,0.0,1,1
3068,274805.0,252796.0,0.0,0.0,1,1
3069,274805.0,252796.0,0.0,0.0,1,1
3070,274805.0,252796.0,0.0,0.0,1,1
3071,274805.0,252796.0,0.0,0.0,1,1
3072,274805.0,252796.0,0.0,0.0,1,1
3073,274805.0,252796.0,0.0,0.0,1,1
3074,274805.0,252796.0,0.0,0.0,1,1
3075,274805.0,252796.0,0.0,0.0,1,1
3076,274805.0,252796.0,0.0,0.0,1,1
3077,274805.0,252796.0,0.0,0.0,1,1
3078,274805.0,252796.0,0.0,0.0,1,1
3079,274805.0,252796.0,0.0,0.0,1,1
3080,274805.0,252796.0,0.0,0.0,1,1
3081,274805.0,252796.0,0.0,0.0,1,1
3082,274805.0,252796.0,0.0,0.0,1,1
3083,274805.0,252796.0,0.0,0.0,1,1
3084,274826.0,252796.0,0.0,0.0,1,1
3085,274826.0,252796.0,0.0,0.0,1,1
3086,274826.0,252796.0,0.0,0.0,1,1
3087,274826.0,252796.0,0.0,0.0,1,1
3088,274826.0,252796.0,0.0,0.0,1,1
3089,274826.0,252796.0,0.0,0.0,1,1
3090,274826.0,252796.0,0.0,0.0,1,1
3091,274826.0,252796.0,0.0,0.0,1,1
3092,274826.0,252796.0,0.0,0.0,1,1
3093,274826.0,252796.0,0.0,0.0,1,1
3094,274826.0,252796.0,0.0,0.0,1,1
3095,274826.0,252796.0,0.0,0.0,1,1
3096,274826.0,252796.0,0.0,0.0,1,1
3097,274826.0,252796.0,0.0,0.0,1,1
3098,274826.0,252796.0,0.0,0.0,1,1
3099,274826.0,252796.0,0.0,0.0,1,1
3100,274826.0,252796.0,0.0,0.0,1,1
3101,274826.0,252796.0,0.0,0.0,1,1
3102,274826.0,252796.0,0.0,0.0,1,1
3103,274826.0,252796.0,0.0,0.0,1,1
3104,274787.0,252796.0,0.0,0.0,1,1
3105,274787.0,252796.0,0.0,0.0,1,1
3106,274787.0,252796.0,0.0,0.0,1,1
3107,274787.0,252796.0,0.0,0.0,1,1
3108,274787.0,252796.0,0.0,0.0,1,1
3109,274787.0,252796.0,0.0,0.0,1,1
3110,274787.0,252796.0,0.0,0.0,1,1
3111,274787.0,252796.0,0.0,0.0,1,1
3112,274787.0,252796.0,0.0,0.0,1,1
3113,281157.5,252796.0,0.0,0.0,1,1
3114,281157.5,252796.0,0.0,0.0,1,1
3115,281157.5,252796.0,0.0,0.0,1,1
3116,281157.5,252796.0,0.0,0.0,1,1
3117,281157.5,252796.0,0.0,0.0,1,1
3118,281157.5,252796.0,0.0,0.0,1,1
3119,281157.5,252796.0,0.0,0.0,1,1
3120,281157.5,252796.0,0.0,0.0,1,1
3121,281157.5,252796.0,0.0,0.0,1,1
3122,281157.5,252796.0,0.0,0.0,1,1
3123,281157.5,252796.0,0.0,0.0,1,1
3124,281157.5,252796.0,0.0,0.0,1,1
3125,281157.5,252796.0,0.0,0.0,1,1
3126,281157.5,252796.0,0.0,0.0,1,1
3127,281157.5,252796.0,0.0,0.0,1,1
3128,281157.5,252796.0,0.0,0.0,1,1
3129,281157.5,252796.0,0.0,0.0,1,1
3130,281157.5,252796.0,0.0,0.0,1,1
3131,281157.5,252796.0,0.0,0.0,1,1
3132,281157.5,252796.0,0.0,0.0,1,1
3133,281157.5,252796.0,0.0,0.0,1,1
3134,281157.5,252796.0,0.0,0.0,1,1
3135,281157.5,252796.0,0.0,0.0,1,1
3136,281157.5,252796.0,0.0,0.0,1,1
3137,281157.5,252796.0,0.0,0.0,1,1
3138,281157.5,252796.0,0.0,0.0,1,1
3139,281157.5,252796.0,0.0,0.0,1,1
3140,281157.5,252796.0,0.0,0.0,1,1
3141,281157.5,252796.0,0.0,0.0,1,1
3142,281157.5,252796.0,0.0,0.0,1,1
3143,281157.5,252796.0,0.0,0.0,1,1
3144,281157.5,252796.0,0.0,0.0,1,1
3145,281157.5,252796.0,0.0,0.0,1,1
3146,281157.5,252796.0,0.0,0.0,1,1
3147,281157.5,252796.0,0.0,0.0,1,1
3148,281157.5,252796.0,0.0,0.0,1,1
3149,281157.5,252796.0,0.0,0.0,1,1
3150,281177.5,252796.0,0.0,0.0,1,1
3151,281177.5,252796.0,0.0,0.0,1,1
3152,281177.5,252796.0,0.0,0.0,1,1
3153,281177.5,252796.0,0.0,0.0,1,1
3154,281177.5,252796.0,0.0,0.0,1,1
3155,281177.5,252796.0,0.0,0.0,1,1
3156,281177.5,252796.0,0.0,0.0,1,1
3157,281177.5,252796.0,0.0,0.0,1,1
3158,281177.5,252796.0,0.0,0.0,1,1
3159,281177.5,252796.0,0.0,0.0,1,1
3160,281177.5,252796.0,0.0,0.0,1,1
3161,281177.5,252796.0,0.0,0.0,1,1
3162,281177.5,252796.0,0.0,0.0,1,1
3163,281177.5,252796.0,0.0,0.0,1,1
3164,281177.5,252796.0,0.0,0.0,1,1
3165,281150.5,252796.0,0.0,0.0,1,1
3166,281150.5,252796.0,0.0,0.0,1,1
3167,281150.5,252796.0,0.0,0.0,1,1
3168,281150.5,252796.0,0.0,0.0,1,1
3169,281150.5,252796.0,0.0,0.0,1,1
3170,281150.5,252796.0,0.0,0.0,1,1
3171,281150.5,252796.0,0.0,0.0,1,1
3172,281150.5,252796.0,0.0,0.0,1,1
3173,281150.5,252796.0,0.0,0.0,1,1
3174,281150.5,252796.0,0.0,0.0,1,1
3175,281150.5,252796.0,0.0,0.0,1,1
3176,281150.5,252796.0,0.0,0.0,1,1
3177,281200.5,252796.0,0.0,0.0,1,1
3178,281200.5,252796.0,0.0,0.0,1,1
3179,281200.5,252796.0,0.0,0.0,1,1
3180,281200.5,252796.0,0.0,0.0,1,1
3181,281200.5,252796.0,0.0,0.0,1,1
3182,281200.5,252796.0,0.0,0.0,1,1
3183,281200.5,252796.0,0.0,0.0,1,1
3184,281200.5,252796.0,0.0,0.0,1,1
3185,281200.5,252796.0,0.0,0.0,1,1
3186,281200.5,252796.0,0.0,0.0,1,1
3187,281200.5,252796.0,0.0,0.0,1,1
3188,281200.5,252796.0,0.0,0.0,1,1
3189,281200.5,252796.0,0.0,0.0,1,1
3190,281200.5,252796.0,0.0,0.0,1,1
3191,281200.5,252796.0,0.0,0.0,1,1
3192,281200.5,252796.0,0.0,0.0,1,1
3193,281200.5,252796.0,0.0,0.0,1,1
3194,281200.5,252796.0,0.0,0.0,1,1
3195,281200.5,252796.0,0.0,0.0,1,1
3196,281200.5,252796.0,0.0,0.0,1,1
3197,281200.5,252796.0,0.0,0.0,1,1
3198,281200.5,252796.0,0.0,0.0,1,1
3199,281200.5,252796.0,0.0,0.0,1,1
3200,281200.5,252796.0,0.0,0.0,1,1
3201,281200.5,252796.0,0.0,0.0,1,1
3202,281200.5,252796.0,0.0,0.0,1,1
3203,281200.5,252796.0,0.0,0.0,1,1
3204,281200.5,252796.0,0.0,0.0,1,1
3205,281200.5,252796.0,0.0,0.0,1,1
3206,281200.5,252796.0,0.0,0.0,1,1
3207,281200.5,252796.0,0.0,0.0,1,1
3208,281200.5,252796.0,0.0,0.0,1,1
3209,281200.5,252796.0,0.0,0.0,1,1
3210,281200.5,252796.0,0.0,0.0,1,1
3211,281200.5,252796.0,0.0,0.0,1,1
3212,281200.5,252796.0,0.0,0.0,1,1
3213,281200.5,252796.0,0.0,0.0,1,1
3214,281200.5,252796.0,0.0,0.0,1,1
3215,281200.5,252796.0,0.0,0.0,1,1
3216,281200.5,252796.0,0.0,0.0,1,1
3217,281200.5,252796.0,0.0,0.0,1,1
3218,281200.5,252796.0,0.0,0.0,1,1
3219,281200.5,252796.0,0.0,0.0,1,1
3220,281200.5,252796.0,0.0,0.0,1,1
3221,281200.5,252796.0,0.0,0.0,1,1
3222,281200.5,252796.0,0.0,0.0,1,1
3223,281200.5,252796.0,0.0,0.0,1,1
3224,281200.5,252796.0,0.0,0.0,1,1
3225,281200.5,252796.0,0.0,0.0,1,1
3226,281200.5,252796.0,0.0,0.0,1,1
3227,281200.5,252796.0,0.0,0.0,1,1
3228,282177.5,252796.0,0.0,0.0,1,1
3229,282177.5,252796.0,0.0,0.0,1,1
3230,282177.5,252796.0,0.0,0.0,1,1
3231,282177.5,252796.0,0.0,0.0,1,1
3232,282177.5,252796.0,0.0,0.0,1,1
3233,282177.5,252796.0,0.0,0.0,1,1
3234,282177.5,252796.0,0.0,0.0,1,1
3235,282177.5,252796.0,0.0,0.0,1,1
3236,282177.5,252796.0,0.0,0.0,1,1
3237,282177.5,252796.0,0.0,0.0,1,1
3238,282177.5,252796.0,0.0,0.0,1,1
3239,282177.5,252796.0,0.0,0.0,1,1
3240,282177.5,252796.0,0.0,0.0,1,1
3241,282177.5,252796.0,0.0,0.0,1,1
3242,282177.5,252796.0,0.0,0.0,1,1
3243,282177.5,252796.0,0.0,0.0,1,1
3244,281652.5,252796.0,0.0,0.0,1,1
3245,281652.5,252796.0,0.0,0.0,1,1
3246,281652.5,252796.0,0.0,0.0,1,1
3247,281652.5,252796.0,0.0,0.0,1,1
3248,281652.5,252796.0,0.0,0.0,1,1
3249,281652.5,252796.0,0.0,0.0,1,1
3250,281652.5,252796.0,0.0,0.0,1,1
3251,281652.5,252796.0,0.0,0.0,1,1
3252,281652.5,252796.0,0.0,0.0,1,1
3253,281652.5,252796.0,0.0,0.0,1,1
3254,281652.5,252796.0,0.0,0.0,1,1
3255,281652.5,252796.0,0.0,0.0,1,1
3256,281652.5,252796.0,0.0,0.0,1,1
3257,281652.5,252796.0,0.0,0.0,1,1
3258,281652.5,252796.0,0.0,0.0,1,1
3259,281652.5,252796.0,0.0,0.0,1,1
3260,281652.5,252796.0,0.0,0.0,1,1
3261,281652.5,252796.0,0.0,0.0,1,1
3262,281652.5,252796.0,0.0,0.0,1,1
3263,281652.5,252796.0,0.0,0.0,1,1
3264,281652.5,252796.0,0.0,0.0,1,1
3265,281652.5,252796.0,0.0,0.0,1,1
3266,281652.5,252796.0,0.0,0.0,1,1
3267,281652.5,252796.0,0.0,0.0,1,1
3268,281652.5,252796.0,0.0,0.0,1,1
3269,281652.5,252796.0,0.0,0.0,1,1
3270,281652.5,252796.0,0.0,0.0,1,1
3271,281652.5,252796.0,0.0,0.0,1,1
3272,281652.5,252796.0,0.0,0.0,1,1
3273,281652.5,252796.0,0.0,0.0,1,1
3274,281553.0,252796.0,0.0,0.0,1,1
3275,281553.0,252796.0,0.0,0.0,1,1
3276,281553.0,252796.0,0.0,0.0,1,1
3277,281553.0,252796.0,0.0,0.0,1,1
3278,281553.0,252796.0,0.0,0.0,1,1
3279,281553.0,252796.0,0.0,0.0,1,1
3280,281553.0,252796.0,0.0,0.0,1,1
3281,281553.0,252796.0,0.0,0.0,1,1
3282,281553.0,252796.0,0.0,0.0,1,1
3283,281553.0,252796.0,0.0,0.0,1,1
3284,281553.0,252796.0,0.0,0.0,1,1
3285,281553.0,252796.0,0.0,0.0,1,1
3286,281553.0,252796.0,0.0,0.0,1,1
3287,281553.0,252796.0,0.0,0.0,1,1
3288,281553.0,252796.0,0.0,0.0,1,1
3289,281553.0,252796.0,0.0,0.0,1,1
3290,281553.0,252796.0,0.0,0.0,1,1
3291,281553.0,252796.0,0.0,0.0,1,1
3292,281553.0,252796.0,0.0,0.0,1,1
3293,281553.0,252796.0,0.0,0.0,1,1
3294,281553.0,252796.0,0.0,0.0,1,1
3295,281553.0,252796.0,0.0,0.0,1,1
3296,281553.0,252796.0,0.0,0.0,1,1
3297,281553.0,252796.0,0.0,0.0,1,1
3298,281553.0,252796.0,0.0,0.0,1,1
3299,281553.0,252796.0,0.0,0.0,1,1
3300,281553.0,252796.0,0.0,0.0,1,1
3301,281553.0,252796.0,0.0,0.0,1,1
3302,281553.0,252796.0,0.0,0.0,1,1
3303,281553.0,252796.0,0.0,0.0,1,1
3304,281553.0,252796.0,0.0,0.0,1,1
3305,281553.0,252796.0,0.0,0.0,1,1
3306,281553.0,252796.0,0.0,0.0,1,1
3307,281553.0,252796.0,0.0,0.0,1,1
3308,281553.0,252796.0,0.0,0.0,1,1
3309,281553.0,252796.0,0.0,0.0,1,1
3310,281553.0,252796.0,0.0,0.0,1,1
3311,281553.0,252796.0,0.0,0.0,1,1
3312,281553.0,252796.0,0.0,0.0,1,1
3313,281553.0,252796.0,0.0,0.0,1,1
3314,281553.0,252796.0,0.0,0.0,1,1
3315,281553.0,252796.0,0.0,0.0,1,1
3316,281553.0,252796.0,0.0,0.0,1,1
3317,281553.0,252796.0,0.0,0.0,1,1
3318,281553.0,252796.0,0.0,0.0,1,1
3319,281553.0,252796.0,0.0,0.0,1,1
3320,281553.0,252796.0,0.0,0.0,1,1
3321,281553.0,252796.0,0.0,0.0,1,1
3322,281553.0,252796.0,0.0,0.0,1,1
3323,281553.0,252796.0,0.0,0.0,1,1
3324,281553.0,252796.0,0.0,0.0,1,1
3325,281553.0,252796.0,0.0,0.0,1,1
3326,281553.0,252796.0,0.0,0.0,1,1
3327,281553.0,252796.0,0.0,0.0,1,1
3328,281553.0,252796.0,0.0,0.0,1,1
3329,281553.0,252796.0,0.0,0.0,1,1
3330,281553.0,252796.0,0.0,0.0,1,1
3331,281553.0,252796.0,0.0,0.0,1,1
3332,281553.0,252796.0,0.0,0.0,1,1
3333,281553.0,252796.0,0.0,0.0,1,1
3334,281553.0,252796.0,0.0,0.0,1,1
3335,281553.0,252796.0,0.0,0.0,1,1
3336,281553.0,252796.0,0.0,0.0,1,1
3337,281553.0,252796.0,0.0,0.0,1,1
3338,281553.0,252796.0,0.0,0.0,1,1
3339,281553.0,252796.0,0.0,0.0,1,1
3340,281553.0,252796.0,0.0,0.0,1,1
3341,281553.0,252796.0,0.0,0.0,1,1
3342,281553.0,252796.0,0.0,0.0,1,1
3343,281553.0,252796.0,0.0,0.0,1,1
3344,281553.0,252796.0,0.0,0.0,1,1
3345,281553.0,252796.0,0.0,0.0,1,1
3346,281553.0,252796.0,0.0,0.0,1,1
3347,281553.0,252796.0,0.0,0.0,1,1
3348,281553.0,252796.0,0.0,0.0,1,1
3349,281553.0,252796.0,0.0,0.0,1,1
3350,281553.0,252796.0,0.0,0.0,1,1
3351,281553.0,252796.0,0.0,0.0,1,1
3352,281553.0,252796.0,0.0,0.0,1,1
3353,281553.0,252796.0,0.0,0.0,1,1
3354,281553.0,252796.0,0.0,0.0,1,1
3355,281553.0,252796.0,0.0,0.0,1,1
3356,281553.0,252796.0,0.0,0.0,1,1
3357,281553.0,252796.0,0.0,0.0,1,1
3358,281553.0,252796.0,0.0,0.0,1,1
3359,281553.0,252796.0,0.0,0.0,1,1
3360,281553.0,252796.0,0.0,0.0,1,1
3361,281553.0,252796.0,0.0,0.0,1,1
3362,281553.0,252796.0,0.0,0.0,1,1
3363,281553.0,252796.0,0.0,0.0,1,1
3364,281553.0,252796.0,0.0,0.0,1,1
3365,281553.0,252796.0,0.0,0.0,1,1
3366,281553.0,252796.0,0.0,0.0,1,1
3367,281553.0,252796.0,0.0,0.0,1,1
3368,281553.0,252796.0,0.0,0.0,1,1
3369,281553.0,252796.0,0.0,0.0,1,1
3370,281553.0,252796.0,0.0,0.0,1,1
3371,281553.0,252796.0,0.0,0.0,1,1
3372,281553.0,252796.0,0.0,0.0,1,1
3373,281553.0,252796.0,0.0,0.0,1,1
3374,281553.0,252796.0,0.0,0.0,1,1
3375,281553.0,252796.0,0.0,0.0,1,1
3376,281553.0,252796.0,0.0,0.0,1,1
3377,281553.0,252796.0,0.0,0.0,1,1
3378,281553.0,252796.0,0.0,0.0,1,1
3379,281553.0,252796.0,0.0,0.0,1,1
3380,281553.0,252796.0,0.0,0.0,1,1
3381,281891.0,252796.0,0.0,0.0,1,1
3382,281891.0,252796.0,0.0,0.0,1,1
3383,281891.0,252796.0,0.0,0.0,1,1
3384,281891.0,252796.0,0.0,0.0,1,1
3385,281891.0,252796.0,0.0,0.0,1,1
3386,281891.0,252796.0,0.0,0.0,1,1
3387,281891.0,252796.0,0.0,0.0,1,1
3388,281891.0,252796.0,0.0,0.0,1,1
3389,281891.0,252796.0,0.0,0.0,1,1
3390,281891.0,252796.0,0.0,0.0,1,1
3391,281891.0,252796.0,0.0,0.0,1,1
3392,281891.0,252796.0,0.0,0.0,1,1
3393,282107.0,252796.0,0.0,0.0,1,1
3394,282107.0,252796.0,0.0,0.0,1,1
3395,282107.0,252796.0,0.0,0.0,1,1
3396,282107.0,252796.0,0.0,0.0,1,1
3397,282107.0,252796.0,0.0,0.0,1,1
3398,282107.0,252796.0,0.0,0.0,1,1
3399,282107.0,252796.0,0.0,0.0,1,1
3400,282107.0,252796.0,0.0,0.0,1,1
3401,282107.0,252796.0,0.0,0.0,1,1
3402,282107.0,252796.0,0.0,0.0,1,1
3403,282107.0,252796.0,0.0,0.0,1,1
3404,282107.0,252796.0,0.0,0.0,1,1
3405,282107.0,252796.0,0.0,0.0,1,1
3406,282107.0,252796.0,0.0,0.0,1,1
3407,282107.0,252796.0,0.0,0.0,1,1
3408,282107.0,252796.0,0.0,0.0,1,1
3409,282107.0,252796.0,0.0,0.0,1,1
3410,282107.0,252796.0,0.0,0.0,1,1
3411,282107.0,252796.0,0.0,0.0,1,1
3412,282107.0,252796.0,0.0,0.0,1,1
3413,282107.0,252796.0,0.0,0.0,1,1
3414,282107.0,252796.0,0.0,0.0,1,1
3415,282107.0,252796.0,0.0,0.0,1,1
3416,282107.0,252796.0,0.0,0.0,1,1
3417,282107.0,252796.0,0.0,0.0,1,1
3418,282107.0,252796.0,0.0,0.0,1,1
3419,282107.0,252796.0,0.0,0.0,1,1
3420,282107.0,252796.0,0.0,0.0,1,1
3421,282107.0,252796.0,0.0,0.0,1,1
3422,282107.0,252796.0,0.0,0.0,1,1
3423,282107.0,252796.0,0.0,0.0,1,1
3424,282107.0,252796.0,0.0,0.0,1,1
3425,282107.0,252796.0,0.0,0.0,1,1
3426,282107.0,252796.0,0.0,0.0,1,1
3427,282107.0,252796.0,0.0,0.0,1,1
3428,282107.0,252796.0,0.0,0.0,1,1
3429,282357.0,252796.0,0.0,0.0,1,1
3430,282357.0,252796.0,0.0,0.0,1,1
3431,282357.0,252796.0,0.0,0.0,1,1
3432,282357.0,252796.0,0.0,0.0,1,1
3433,282357.0,252796.0,0.0,0.0,1,1
3434,282357.0,252796.0,0.0,0.0,1,1
3435,282357.0,252796.0,0.0,0.0,1,1
3436,282357.0,252796.0,0.0,0.0,1,1
3437,282357.0,252796.0,0.0,0.0,1,1
3438,282357.0,252796.0,0.0,0.0,1,1
3439,282357.0,252796.0,0.0,0.0,1,1
3440,282357.0,252796.0,0.0,0.0,1,1
3441,282357.0,252796.0,0.0,0.0,1,1
3442,282357.0,252796.0,0.0,0.0,1,1
3443,282357.0,252796.0,0.0,0.0,1,1
3444,282357.0,252796.0,0.0,0.0,1,1
3445,282357.0,252796.0,0.0,0.0,1,1
3446,282357.0,252796.0,0.0,0.0,1,1
3447,282357.0,252796.0,0.0,0.0,1,1
3448,282357.0,252796.0,0.0,0.0,1,1
3449,282357.0,252796.0,0.0,0.0,1,1
3450,282357.0,252796.0,0.0,0.0,1,1
3451,282357.0,252796.0,0.0,0.0,1,1
3452,282357.0,252796.0,0.0,0.0,1,1
3453,282357.0,252796.0,0.0,0.0,1,1
3454,282357.0,252796.0,0.0,0.0,1,1
3455,282357.0,252796.0,0.0,0.0,1,1
3456,282357.0,252796.0,0.0,0.0,1,1
3457,282107.0,252796.0,0.0,0.0,1,1
3458,282107.0,252796.0,0.0,0.0,1,1
3459,282107.0,252796.0,0.0,0.0,1,1
3460,282107.0,252796.0,0.0,0.0,1,1
3461,282107.0,252796.0,0.0,0.0,1,1
3462,282107.0,252796.0,0.0,0.0,1,1
3463,282107.0,252796.0,0.0,0.0,1,1
3464,282107.0,252796.0,0.0,0.0,1,1
3465,282107.0,252796.0,0.0,0.0,1,1
3466,282107.0,252796.0,0.0,0.0,1,1
3467,282107.0,252796.0,0.0,0.0,1,1
3468,282107.0,252796.0,0.0,0.0,1,1
3469,282107.0,252796.0,0.0,0.0,1,1
3470,282107.0,252796.0,0.0,0.0,1,1
3471,282107.0,252796.0,0.0,0.0,1,1
3472,282107.0,252796.0,0.0,0.0,1,1
3473,282107.0,252796.0,0.0,0.0,1,1
3474,282107.0,252796.0,0.0,0.0,1,1
3475,282107.0,252796.0,0.0,0.0,1,1
3476,282107.0,252796.0,0.0,0.0,1,1
3477,282107.0,252796.0,0.0,0.0,1,1
3478,282107.0,252796.0,0.0,0.0,1,1
3479,282107.0,252796.0,0.0,0.0,1,1
3480,282107.0,252796.0,0.0,0.0,1,1
3481,282107.0,252796.0,0.0,0.0,1,1
3482,282107.0,252796.0,0.0,0.0,1,1
3483,282107.0,252796.0,0.0,0.0,1,1
3484,282107.0,252796.0,0.0,0.0,1,1
3485,282107.0,252796.0,0.0,0.0,1,1
3486,282107.0,252796.0,0.0,0.0,1,1
3487,282107.0,252796.0,0.0,0.0,1,1
3488,282107.0,252796.0,0.0,0.0,1,1
3489,282107.0,252796.0,0.0,0.0,1,1
3490,282107.0,252796.0,0.0,0.0,1,1
3491,282107.0,252796.0,0.0,0.0,1,1
3492,282107.0,252796.0,0.0,0.0,1,1
3493,282107.0,252796.0,0.0,0.0,1,1
3494,282107.0,252796.0,0.0,0.0,1,1
3495,282107.0,252796.0,0.0,0.0,1,1
3496,282107.0,252796.0,0.0,0.0,1,1
3497,282107.0,252796.0,0.0,0.0,1,1
3498,282107.0,252796.0,0.0,0.0,1,1
3499,282107.0,252796.0,0.0,0.0,1,1
3500,282107.0,252796.0,0.0,0.0,1,1
3501,282107.0,252796.0,0.0,0.0,1,1
3502,282107.0,252796.0,0.0,0.0,1,1
3503,282107.0,252796.0,0.0,0.0,1,1
3504,282107.0,252796.0,0.0,0.0,1,1
3505,282107.0,252796.0,0.0,0.0,1,1
3506,282107.0,252796.0,0.0,0.0,1,1
3507,282107.0,252796.0,0.0,0.0,1,1
3508,282107.0,252796.0,0.0,0.0,1,1
3509,282107.0,252796.0,0.0,0.0,1,1
3510,282107.0,252796.0,0.0,0.0,1,1
3511,282107.0,252796.0,0.0,0.0,1,1
3512,281624.0,252796.0,0.0,0.0,1,1
3513,281624.0,252796.0,0.0,0.0,1,1
3514,281624.0,252796.0,0.0,0.0,1,1
3515,281624.0,252796.0,0.0,0.0,1,1
3516,281650.0,252796.0,0.0,0.0,1,1
3517,281650.0,252796.0,0.0,0.0,1,1
3518,281650.0,252796.0,0.0,0.0,1,1
3519,281650.0,252796.0,0.0,0.0,1,1
3520,281650.0,252796.0,0.0,0.0,1,1
3521,281650.0,252796.0,0.0,0.0,1,1
3522,281363.5,252796.0,0.0,0.0,1,1
3523,281363.5,252796.0,0.0,0.0,1,1
3524,281363.5,252796.0,0.0,0.0,1,1
3525,281363.5,252796.0,0.0,0.0,1,1
3526,281363.5,252796.0,0.0,0.0,1,1
3527,281363.5,252796.0,0.0,0.0,1,1
3528,281363.5,252796.0,0.0,0.0,1,1
3529,281363.5,252796.0,0.0,0.0,1,1
3530,281363.5,252796.0,0.0,0.0,1,1
3531,281363.5,252796.0,0.0,0.0,1,1
3532,281363.5,252796.0,0.0,0.0,1,1
3533,281363.5,252796.0,0.0,0.0,1,1
3534,281363.5,252796.0,0.0,0.0,1,1
3535,281363.5,252796.0,0.0,0.0,1,1
3536,281363.5,252796.0,0.0,0.0,1,1
3537,281363.5,252796.0,0.0,0.0,1,1
3538,281363.5,252796.0,0.0,0.0,1,1
3539,281363.5,252796.0,0.0,0.0,1,1
3540,281363.5,252796.0,0.0,0.0,1,1
3541,281363.5,252796.0,0.0,0.0,1,1
3542,281363.5,252796.0,0.0,0.0,1,1
3543,281363.5,252796.0,0.0,0.0,1,1
3544,281363.5,252796.0,0.0,0.0,1,1
3545,281363.5,252796.0,0.0,0.0,1,1
3546,281363.5,252796.0,0.0,0.0,1,1
3547,281363.5,252796.0,0.0,0.0,1,1
3548,281363.5,252796.0,0.0,0.0,1,1
3549,281363.5,252796.0,0.0,0.0,1,1
3550,281363.5,252796.0,0.0,0.0,1,1
3551,281363.5,252796.0,0.0,0.0,1,1
3552,281363.5,252796.0,0.0,0.0,1,1
3553,281363.5,252796.0,0.0,0.0,1,1
3554,281350.5,252796.0,0.0,0.0,1,1
3555,281350.5,252796.0,0.0,0.0,1,1
3556,281350.5,252796.0,0.0,0.0,1,1
3557,281350.5,252796.0,0.0,0.0,1,1
3558,281350.5,252796.0,0.0,0.0,1,1
3559,281462.5,252796.0,0.0,0.0,1,1
3560,281462.5,252796.0,0.0,0.0,1,1
3561,281462.5,252796.0,0.0,0.0,1,1
3562,281462.5,252796.0,0.0,0.0,1,1
3563,281462.5,252796.0,0.0,0.0,1,1
3564,281462.5,252796.0,0.0,0.0,1,1
3565,281462.5,252796.0,0.0,0.0,1,1
3566,281462.5,252796.0,0.0,0.0,1,1
3567,281462.5,252796.0,0.0,0.0,1,1
3568,281462.5,252796.0,0.0,0.0,1,1
3569,281462.5,252796.0,0.0,0.0,1,1
3570,281462.5,252796.0,0.0,0.0,1,1
3571,281462.5,252796.0,0.0,0.0,1,1
3572,281462.5,252796.0,0.0,0.0,1,1
3573,281462.5,252796.0,0.0,0.0,1,1
3574,281462.5,252796.0,0.0,0.0,1,1
3575,281462.5,252796.0,0.0,0.0,1,1
3576,281462.5,252796.0,0.0,0.0,1,1
3577,281462.5,252796.0,0.0,0.0,1,1
3578,281462.5,252796.0,0.0,0.0,1,1
3579,281462.5,252796.0,0.0,0.0,1,1
3580,281462.5,252796.0,0.0,0.0,1,1
3581,281462.5,252796.0,0.0,0.0,1,1
3582,281462.5,252796.0,0.0,0.0,1,1
3583,281462.5,252796.0,0.0,0.0,1,1
3584,281462.5,252796.0,0.0,0.0,1,1
3585,281462.5,252796.0,0.0,0.0,1,1
3586,281462.5,252796.0,0.0,0.0,1,1
3587,281462.5,252796.0,0.0,0.0,1,1
3588,281462.5,252796.0,0.0,0.0,1,1
3589,281462.5,252796.0,0.0,0.0,1,1
3590,281462.5,252796.0,0.0,0.0,1,1
3591,281462.5,252796.0,0.0,0.0,1,1
3592,281462.5,252796.0,0.0,0.0,1,1
3593,281462.5,252796.0,0.0,0.0,1,1
3594,281462.5,252796.0,0.0,0.0,1,1
3595,281462.5,252796.0,0.0,0.0,1,1
3596,281462.5,252796.0,0.0,0.0,1,1
3597,281462.5,252796.0,0.0,0.0,1,1
3598,281462.5,252796.0,0.0,0.0,1,1
3599,281462.5,252796.0,0.0,0.0,1,1
3600,281462.5,252796.0,0.0,0.0,1,1
3601,281462.5,252796.0,0.0,0.0,1,1
3602,281462.5,252796.0,0.0,0.0,1,1
3603,281462.5,252796.0,0.0,0.0,1,1
3604,281462.5,252796.0,0.0,0.0,1,1
3605,281462.5,252796.0,0.0,0.0,1,1
3606,281462.5,252796.0,0.0,0.0,1,1
3607,281462.5,252796.0,0.0,0.0,1,1
3608,281462.5,252796.0,0.0,0.0,1,1
3609,281462.5,252796.0,0.0,0.0,1,1
3610,281462.5,252796.0,0.0,0.0,1,1
3611,281462.5,252796.0,0.0,0.0,1,1
3612,281462.5,252796.0,0.0,0.0,1,1
3613,281462.5,252796.0,0.0,0.0,1,1
3614,281462.5,252796.0,0.0,0.0,1,1
3615,281462.5,252796.0,0.0,0.0,1,1
3616,281462.5,252796.0,0.0,0.0,1,1
3617,281462.5,252796.0,0.0,0.0,1,1
3618,281462.5,252796.0,0.0,0.0,1,1
3619,281462.5,252796.0,0.0,0.0,1,1
3620,281462.5,252796.0,0.0,0.0,1,1
3621,281462.5,252796.0,0.0,0.0,1,1
3622,281462.5,252796.0,0.0,0.0,1,1
3623,281462.5,252796.0,0.0,0.0,1,1
3624,281462.5,252796.0,0.0,0.0,1,1
3625,281462.5,252796.0,0.0,0.0,1,1
3626,281462.5,252796.0,0.0,0.0,1,1
3627,281462.5,252796.0,0.0,0.0,1,1
3628,281462.5,252796.0,0.0,0.0,1,1
3629,281462.5,252796.0,0.0,0.0,1,1
3630,281462.5,252796.0,0.0,0.0,1,1
3631,281462.5,252796.0,0.0,0.0,1,1
3632,281462.5,252796.0,0.0,0.0,1,1
3633,281462.5,252796.0,0.0,0.0,1,1
3634,281462.5,252796.0,0.0,0.0,1,1
3635,281462.5,252796.0,0.0,0.0,1,1
3636,281462.5,252796.0,0.0,0.0,1,1
3637,281462.5,252796.0,0.0,0.0,1,1
3638,281462.5,252796.0,0.0,0.0,1,1
3639,281462.5,252796.0,0.0,0.0,1,1
3640,281462.5,252796.0,0.0,0.0,1,1
3641,281462.5,252796.0,0.0,0.0,1,1
3642,283112.5,252796.0,0.0,0.0,1,1
3643,283112.5,252796.0,0.0,0.0,1,1
3644,283112.5,252796.0,0.0,0.0,1,1
3645,283112.5,252796.0,0.0,0.0,1,1
3646,283112.5,252796.0,0.0,0.0,1,1
3647,283112.5,252796.0,0.0,0.0,1,1
3648,283112.5,252796.0,0.0,0.0,1,1
3649,283112.5,252796.0,0.0,0.0,1,1
3650,283112.5,252796.0,0.0,0.0,1,1
3651,283112.5,252796.0,0.0,0.0,1,1
3652,283112.5,252796.0,0.0,0.0,1,1
3653,283112.5,252796.0,0.0,0.0,1,1
3654,283112.5,252796.0,0.0,0.0,1,1
3655,283112.5,252796.0,0.0,0.0,1,1
3656,283112.5,252796.0,0.0,0.0,1,1
3657,283112.5,252796.0,0.0,0.0,1,1
3658,283112.5,252796.0,0.0,0.0,1,1
3659,283112.5,252796.0,0.0,0.0,1,1
3660,283112.5,252796.0,0.0,0.0,1,1
3661,283112.5,252796.0,0.0,0.0,1,1
3662,283112.5,252796.0,0.0,0.0,1,1
3663,283112.5,252796.0,0.0,0.0,1,1
3664,283112.5,252796.0,0.0,0.0,1,1
3665,283112.5,252796.0,0.0,0.0,1,1
3666,283112.5,252796.0,0.0,0.0,1,1
3667,283112.5,252796.0,0.0,0.0,1,1
3668,283112.5,252796.0,0.0,0.0,1,1
3669,283112.5,252796.0,0.0,0.0,1,1
3670,283112.5,252796.0,0.0,0.0,1,1
3671,283112.5,252796.0,0.0,0.0,1,1
3672,283112.5,252796.0,0.0,0.0,1,1
3673,283112.5,252796.0,0.0,0.0,1,1
3674,283112.5,252796.0,0.0,0.0,1,1
3675,283112.5,252796.0,0.0,0.0,1,1
3676,283112.5,252796.0,0.0,0.0,1,1
3677,283112.5,252796.0,0.0,0.0,1,1
3678,283112.5,252796.0,0.0,0.0,1,1
3679,283112.5,252796.0,0.0,0.0,1,1
3680,283112.5,252796.0,0.0,0.0,1,1
3681,283112.5,252796.0,0.0,0.0,1,1
3682,283112.5,252796.0,0.0,0.0,1,1
3683,283112.5,252796.0,0.0,0.0,1,1
3684,283112.5,252796.0,0.0,0.0,1,1
3685,283112.5,252796.0,0.0,0.0,1,1
3686,283112.5,252796.0,0.0,0.0,1,1
3687,283112.5,252796.0,0.0,0.0,1,1
3688,283112.5,252796.0,0.0,0.0,1,1
3689,282904.5,252796.0,0.0,0.0,1,1
3690,282904.5,252796.0,0.0,0.0,1,1
3691,282904.5,252796.0,0.0,0.0,1,1
3692,282904.5,252796.0,0.0,0.0,1,1
3693,282904.5,252796.0,0.0,0.0,1,1
3694,282904.5,252796.0,0.0,0.0,1,1
3695,282904.5,252796.0,0.0,0.0,1,1
3696,282904.5,252796.0,0.0,0.0,1,1
3697,282904.5,252796.0,0.0,0.0,1,1
3698,282904.5,252796.0,0.0,0.0,1,1
3699,282904.5,252796.0,0.0,0.0,1,1
3700,282904.5,252796.0,0.0,0.0,1,1
3701,282904.5,252796.0,0.0,0.0,1,1
3702,282904.5,252796.0,0.0,0.0,1,1
3703,282904.5,252796.0,0.0,0.0,1,1
3704,282904.5,252796.0,0.0,0.0,1,1
3705,282904.5,252796.0,0.0,0.0,1,1
3706,282904.5,252796.0,0.0,0.0,1,1
3707,282904.5,252796.0,0.0,0.0,1,1
3708,282904.5,252796.0,0.0,0.0,1,1
3709,282904.5,252796.0,0.0,0.0,1,1
3710,282904.5,252796.0,0.0,0.0,1,1
3711,282904.5,252796.0,0.0,0.0,1,1
3712,282904.5,252796.0,0.0,0.0,1,1
3713,282904.5,252796.0,0.0,0.0,1,1
3714,282904.5,252796.0,0.0,0.0,1,1
3715,282904.5,252796.0,0.0,0.0,1,1
3716,282904.5,252796.0,0.0,0.0,1,1
3717,282904.5,252796.0,0.0,0.0,1,1
3718,282904.5,252796.0,0.0,0.0,1,1
3719,282904.5,252796.0,0.0,0.0,1,1
3720,282904.5,252796.0,0.0,0.0,1,1
3721,282904.5,252796.0,0.0,0.0,1,1
3722,282871.5,252796.0,0.0,0.0,1,1
3723,282871.5,252796.0,0.0,0.0,1,1
3724,282871.5,252796.0,0.0,0.0,1,1
3725,282871.5,252796.0,0.0,0.0,1,1
3726,283121.5,252796.0,0.0,0.0,1,1
3727,283121.5,252796.0,0.0,0.0,1,1
3728,283121.5,252796.0,0.0,0.0,1,1
3729,283121.5,252796.0,0.0,0.0,1,1
3730,283121.5,252796.0,0.0,0.0,1,1
3731,283121.5,252796.0,0.0,0.0,1,1
3732,283121.5,252796.0,0.0,0.0,1,1
3733,283121.5,252796.0,0.0,0.0,1,1
3734,283121.5,252796.0,0.0,0.0,1,1
3735,283121.5,252796.0,0.0,0.0,1,1
3736,283121.5,252796.0,0.0,0.0,1,1
3737,283121.5,252796.0,0.0,0.0,1,1
3738,283121.5,252796.0,0.0,0.0,1,1
3739,283121.5,252796.0,0.0,0.0,1,1
3740,283121.5,252796.0,0.0,0.0,1,1
3741,283121.5,252796.0,0.0,0.0,1,1
3742,283121.5,252796.0,0.0,0.0,1,1
3743,283121.5,252796.0,0.0,0.0,1,1
3744,283121.5,252796.0,0.0,0.0,1,1
3745,283121.5,252796.0,0.0,0.0,1,1
3746,283121.5,252796.0,0.0,0.0,1,1
3747,283121.5,252796.0,0.0,0.0,1,1
3748,283121.5,252796.0,0.0,0.0,1,1
3749,283121.5,252796.0,0.0,0.0,1,1
3750,282917.0,252796.0,0.0,0.0,1,1
3751,282917.0,252796.0,0.0,0.0,1,1
3752,282917.0,252796.0,0.0,0.0,1,1
3753,282917.0,252796.0,0.0,0.0,1,1
3754,282917.0,252796.0,0.0,0.0,1,1
3755,282917.0,252796.0,0.0,0.0,1,1
3756,282917.0,252796.0,0.0,0.0,1,1
3757,282917.0,252796.0,0.0,0.0,1,1
3758,282917.0,252796.0,0.0,0.0,1,1
3759,282917.0,252796.0,0.0,0.0,1,1
3760,282917.0,252796.0,0.0,0.0,1,1
3761,282917.0,252796.0,0.0,0.0,1,1
3762,282917.0,252796.0,0.0,0.0,1,1
3763,282309.0,252796.0,0.0,0.0,1,1
3764,282309.0,252796.0,0.0,0.0,1,1
3765,282309.0,252796.0,0.0,0.0,1,1
3766,282309.0,252796.0,0.0,0.0,1,1
3767,281961.5,252796.0,0.0,0.0,1,1
3768,281961.5,252796.0,0.0,0.0,1,1
3769,281961.5,252796.0,0.0,0.0,1,1
3770,281961.5,252796.0,0.0,0.0,1,1
3771,281961.5,252796.0,0.0,0.0,1,1
3772,281961.5,252796.0,0.0,0.0,1,1
3773,281961.5,252796.0,0.0,0.0,1,1
3774,281961.5,252796.0,0.0,0.0,1,1
3775,281961.5,252796.0,0.0,0.0,1,1
3776,281961.5,252796.0,0.0,0.0,1,1
3777,281961.5,252796.0,0.0,0.0,1,1
3778,281961.5,252796.0,0.0,0.0,1,1
3779,281961.5,252796.0,0.0,0.0,1,1
3780,281961.5,252796.0,0.0,0.0,1,1
3781,281961.5,252796.0,0.0,0.0,1,1
3782,281961.5,252796.0,0.0,0.0,1,1
3783,281961.5,252796.0,0.0,0.0,1,1
3784,281961.5,252796.0,0.0,0.0,1,1
3785,281961.5,252796.0,0.0,0.0,1,1
3786,281961.5,252796.0,0.0,0.0,1,1
3787,281961.5,252796.0,0.0,0.0,1,1
3788,281961.5,252796.0,0.0,0.0,1,1
3789,281961.5,252796.0,0.0,0.0,1,1
3790,281974.0,252796.0,0.0,0.0,1,1
3791,281974.0,252796.0,0.0,0.0,1,1
3792,281974.0,252796.0,0.0,0.0,1,1
3793,281974.0,252796.0,0.0,0.0,1,1
3794,281974.0,252796.0,0.0,0.0,1,1
3795,281974.0,252796.0,0.0,0.0,1,1
3796,281974.0,252796.0,0.0,0.0,1,1
3797,281974.0,252796.0,0.0,0.0,1,1
3798,281974.0,252796.0,0.0,0.0,1,1
3799,281974.0,252796.0,0.0,0.0,1,1
3800,281974.0,252796.0,0.0,0.0,1,1
3801,281974.0,252796.0,0.0,0.0,1,1
3802,281974.0,252796.0,0.0,0.0,1,1
3803,281974.0,252796.0,0.0,0.0,1,1
3804,281974.0,252796.0,0.0,0.0,1,1
3805,281974.0,252796.0,0.0,0.0,1,1
3806,281974.0,252796.0,0.0,0.0,1,1
3807,281974.0,252796.0,0.0,0.0,1,1
3808,281974.0,252796.0,0.0,0.0,1,1
3809,281974.0,252796.0,0.0,0.0,1,1
3810,281974.0,252796.0,0.0,0.0,1,1
3811,281974.0,252796.0,0.0,0.0,1,1
3812,281974.0,252796.0,0.0,0.0,1,1
3813,281974.0,252796.0,0.0,0.0,1,1
3814,281974.0,252796.0,0.0,0.0,1,1
3815,281974.0,252796.0,0.0,0.0,1,1
3816,281974.0,252796.0,0.0,0.0,1,1
3817,281974.0,252796.0,0.0,0.0,1,1
3818,281974.0,252796.0,0.0,0.0,1,1
3819,281974.0,252796.0,0.0,0.0,1,1
3820,281974.0,252796.0,0.0,0.0,1,1
3821,281974.0,252796.0,0.0,0.0,1,1
3822,281974.0,252796.0,0.0,0.0,1,1
3823,281974.0,252796.0,0.0,0.0,1,1
3824,281974.0,252796.0,0.0,0.0,1,1
3825,281974.0,252796.0,0.0,0.0,1,1
3826,281974.0,252796.0,0.0,0.0,1,1
3827,281974.0,252796.0,0.0,0.0,1,1
3828,281974.0,252796.0,0.0,0.0,1,1
3829,281974.0,252796.0,0.0,0.0,1,1
3830,281974.0,252796.0,0.0,0.0,1,1
3831,281974.0,252796.0,0.0,0.0,1,1
3832,281974.0,252796.0,0.0,0.0,1,1
3833,281974.0,252796.0,0.0,0.0,1,1
3834,281974.0,252796.0,0.0,0.0,1,1
3835,281974.0,252796.0,0.0,0.0,1,1
3836,281974.0,252796.0,0.0,0.0,1,1
3837,281974.0,252796.0,0.0,0.0,1,1
3838,281974.0,252796.0,0.0,0.0,1,1
3839,281974.0,252796.0,0.0,0.0,1,1
3840,281974.0,252796.0,0.0,0.0,1,1
3841,281974.0,252796.0,0.0,0.0,1,1
3842,281974.0,252796.0,0.0,0.0,1,1
3843,281974.0,252796.0,0.0,0.0,1,1
3844,282887.0,252796.0,0.0,0.0,1,1
3845,282887.0,252796.0,0.0,0.0,1,1
3846,282887.0,252796.0,0.0,0.0,1,1
3847,282887.0,252796.0,0.0,0.0,1,1
3848,282887.0,252796.0,0.0,0.0,1,1
3849,282887.0,252796.0,0.0,0.0,1,1
3850,282887.0,252796.0,0.0,0.0,1,1
3851,282887.0,252796.0,0.0,0.0,1,1
3852,282887.0,252796.0,0.0,0.0,1,1
3853,282887.0,252796.0,0.0,0.0,1,1
3854,282887.0,252796.0,0.0,0.0,1,1
3855,282887.0,252796.0,0.0,0.0,1,1
3856,282887.0,252796.0,0.0,0.0,1,1
3857,282887.0,252796.0,0.0,0.0,1,1
3858,282887.0,252796.0,0.0,0.0,1,1
3859,282887.0,252796.0,0.0,0.0,1,1
3860,282887.0,252796.0,0.0,0.0,1,1
3861,282887.0,252796.0,0.0,0.0,1,1
3862,282887.0,252796.0,0.0,0.0,1,1
3863,282887.0,252796.0,0.0,0.0,1,1
3864,282887.0,252796.0,0.0,0.0,1,1
3865,282887.0,252796.0,0.0,0.0,1,1
3866,282887.0,252796.0,0.0,0.0,1,1
3867,282887.0,252796.0,0.0,0.0,1,1
3868,282887.0,252796.0,0.0,0.0,1,1
3869,282887.0,252796.0,0.0,0.0,1,1
3870,282887.0,252796.0,0.0,0.0,1,1
3871,282887.0,252796.0,0.0,0.0,1,1
3872,282887.0,252796.0,0.0,0.0,1,1
3873,282887.0,252796.0,0.0,0.0,1,1
3874,282662.0,252796.0,0.0,0.0,1,1
3875,282662.0,252796.0,0.0,0.0,1,1
3876,282662.0,252796.0,0.0,0.0,1,1
3877,282662.0,252796.0,0.0,0.0,1,1
3878,282662.0,252796.0,0.0,0.0,1,1
3879,282662.0,252796.0,0.0,0.0,1,1
3880,282662.0,252796.0,0.0,0.0,1,1
3881,282662.0,252796.0,0.0,0.0,1,1
3882,282662.0,252796.0,0.0,0.0,1,1
3883,282662.0,252796.0,0.0,0.0,1,1
3884,282662.0,252796.0,0.0,0.0,1,1
3885,282662.0,252796.0,0.0,0.0,1,1
3886,282662.0,252796.0,0.0,0.0,1,1
3887,282662.0,252796.0,0.0,0.0,1,1
3888,282662.0,252796.0,0.0,0.0,1,1
3889,282662.0,252796.0,0.0,0.0,1,1
3890,282662.0,252796.0,0.0,0.0,1,1
3891,282662.0,252796.0,0.0,0.0,1,1
3892,282662.0,252796.0,0.0,0.0,1,1
3893,282662.0,252796.0,0.0,0.0,1,1
3894,282662.0,252796.0,0.0,0.0,1,1
3895,282662.0,252796.0,0.0,0.0,1,1
3896,282662.0,252796.0,0.0,0.0,1,1
3897,282662.0,252796.0,0.0,0.0,1,1
3898,282662.0,252796.0,0.0,0.0,1,1
3899,282662.0,252796.0,0.0,0.0,1,1
3900,282662.0,252796.0,0.0,0.0,1,1
3901,282662.0,252796.0,0.0,0.0,1,1
3902,282662.0,252796.0,0.0,0.0,1,1
3903,282662.0,252796.0,0.0,0.0,1,1
3904,282662.0,252796.0,0.0,0.0,1,1
3905,282662.0,252796.0,0.0,0.0,1,1
3906,282662.0,252796.0,0.0,0.0,1,1
3907,282662.0,252796.0,0.0,0.0,1,1
3908,282662.0,252796.0,0.0,0.0,1,1
3909,282662.0,252796.0,0.0,0.0,1,1
3910,282716.0,252796.0,0.0,0.0,1,1
3911,282716.0,252796.0,0.0,0.0,1,1
3912,282716.0,252796.0,0.0,0.0,1,1
3913,282716.0,252796.0,0.0,0.0,1,1
3914,282716.0,252796.0,0.0,0.0,1,1
3915,282716.0,252796.0,0.0,0.0,1,1
3916,282716.0,252796.0,0.0,0.0,1,1
3917,282716.0,252796.0,0.0,0.0,1,1
3918,282716.0,252796.0,0.0,0.0,1,1
3919,282716.0,252796.0,0.0,0.0,1,1
3920,282716.0,252796.0,0.0,0.0,1,1
3921,282716.0,252796.0,0.0,0.0,1,1
3922,282716.0,252796.0,0.0,0.0,1,1
3923,282716.0,252796.0,0.0,0.0,1,1
3924,282716.0,252796.0,0.0,0.0,1,1
3925,282716.0,252796.0,0.0,0.0,1,1
3926,282716.0,252796.0,0.0,0.0,1,1
3927,282716.0,252796.0,0.0,0.0,1,1
3928,282716.0,252796.0,0.0,0.0,1,1
3929,282716.0,252796.0,0.0,0.0,1,1
3930,282716.0,252796.0,0.0,0.0,1,1
3931,282716.0,252796.0,0.0,0.0,1,1
3932,282716.0,252796.0,0.0,0.0,1,1
3933,282716.0,252796.0,0.0,0.0,1,1
3934,282716.0,252796.0,0.0,0.0,1,1
3935,282716.0,252796.0,0.0,0.0,1,1
3936,282716.0,252796.0,0.0,0.0,1,1
3937,282716.0,252796.0,0.0,0.0,1,1
3938,282716.0,252796.0,0.0,0.0,1,1
3939,282716.0,252796.0,0.0,0.0,1,1
3940,282716.0,252796.0,0.0,0.0,1,1
3941,282716.0,252796.0,0.0,0.0,1,1
3942,282716.0,252796.0,0.0,0.0,1,1
3943,282716.0,252796.0,0.0,0.0,1,1
3944,282716.0,252796.0,0.0,0.0,1,1
3945,282716.0,252796.0,0.0,0.0,1,1
3946,282716.0,252796.0,0.0,0.0,1,1
3947,282716.0,252796.0,0.0,0.0,1,1
3948,282716.0,252796.0,0.0,0.0,1,1
3949,282716.0,252796.0,0.0,0.0,1,1
3950,282716.0,252796.0,0.0,0.0,1,1
3951,282716.0,252796.0,0.0,0.0,1,1
3952,282716.0,252796.0,0.0,0.0,1,1
3953,282716.0,252796.0,0.0,0.0,1,1
3954,282716.0,252796.0,0.0,0.0,1,1
3955,282716.0,252796.0,0.0,0.0,1,1
3956,282716.0,252796.0,0.0,0.0,1,1
3957,282716.0,252796.0,0.0,0.0,1,1
3958,282716.0,252796.0,0.0,0.0,1,1
3959,282716.0,252796.0,0.0,0.0,1,1
3960,282716.0,252796.0,0.0,0.0,1,1
3961,282716.0,252796.0,0.0,0.0,1,1
3962,282716.0,252796.0,0.0,0.0,1,1
3963,282716.0,252796.0,0.0,0.0,1,1
3964,282716.0,252796.0,0.0,0.0,1,1
3965,282716.0,252796.0,0.0,0.0,1,1
3966,282716.0,252796.0,0.0,0.0,1,1
3967,282716.0,252796.0,0.0,0.0,1,1
3968,282716.0,252796.0,0.0,0.0,1,1
3969,282569.0,252796.0,0.0,0.0,1,1
3970,282569.0,252796.0,0.0,0.0,1,1
3971,282569.0,252796.0,0.0,0.0,1,1
3972,282569.0,252796.0,0.0,0.0,1,1
3973,282569.0,252796.0,0.0,0.0,1,1
3974,282569.0,252796.0,0.0,0.0,1,1
3975,282569.0,252796.0,0.0,0.0,1,1
3976,282569.0,252796.0,0.0,0.0,1,1
3977,282569.0,252796.0,0.0,0.0,1,1
3978,282569.0,252796.0,0.0,0.0,1,1
3979,282569.0,252796.0,0.0,0.0,1,1
3980,282569.0,252796.0,0.0,0.0,1,1
3981,282569.0,252796.0,0.0,0.0,1,1
3982,282569.0,252796.0,0.0,0.0,1,1
3983,282569.0,252796.0,0.0,0.0,1,1
3984,282569.0,252796.0,0.0,0.0,1,1
3985,282569.0,252796.0,0.0,0.0,1,1
3986,282569.0,252796.0,0.0,0.0,1,1
3987,282569.0,252796.0,0.0,0.0,1,1
3988,282665.0,252796.0,0.0,0.0,1,1
3989,282665.0,252796.0,0.0,0.0,1,1
3990,282665.0,252796.0,0.0,0.0,1,1
3991,282665.0,252796.0,0.0,0.0,1,1
3992,282665.0,252796.0,0.0,0.0,1,1
3993,282665.0,252796.0,0.0,0.0,1,1
3994,282665.0,252796.0,0.0,0.0,1,1
3995,282665.0,252796.0,0.0,0.0,1,1
3996,282665.0,252796.0,0.0,0.0,1,1
3997,282665.0,252796.0,0.0,0.0,1,1
3998,282769.5,252796.0,0.0,0.0,1,1
3999,282769.5,252796.0,0.0,0.0,1,1
4000,282769.5,252796.0,0.0,0.0,1,1
4001,282769.5,252796.0,0.0,0.0,1,1
4002,282769.5,252796.0,0.0,0.0,1,1
4003,282769.5,252796.0,0.0,0.0,1,1
4004,282769.5,252796.0,0.0,0.0,1,1
4005,282769.5,252796.0,0.0,0.0,1,1
4006,282769.5,252796.0,0.0,0.0,1,1
4007,282769.5,252796.0,0.0,0.0,1,1
4008,282769.5,252796.0,0.0,0.0,1,1
4009,282769.5,252796.0,0.0,0.0,1,1
4010,282918.0,252796.0,0.0,0.0,1,1
4011,282918.0,252796.0,0.0,0.0,1,1
4012,282918.0,252796.0,0.0,0.0,1,1
4013,282918.0,252796.0,0.0,0.0,1,1
4014,282918.0,252796.0,0.0,0.0,1,1
4015,282918.0,252796.0,0.0,0.0,1,1
4016,282918.0,252796.0,0.0,0.0,1,1
4017,282918.0,252796.0,0.0,0.0,1,1
4018,282918.0,252796.0,0.0,0.0,1,1
4019,282918.0,252796.0,0.0,0.0,1,1
4020,282918.0,252796.0,0.0,0.0,1,1
4021,282918.0,252796.0,0.0,0.0,1,1
4022,282918.0,252796.0,0.0,0.0,1,1
4023,282918.0,252796.0,0.0,0.0,1,1
4024,282918.0,252796.0,0.0,0.0,1,1
4025,282918.0,252796.0,0.0,0.0,1,1
4026,282918.0,252796.0,0.0,0.0,1,1
4027,282918.0,252796.0,0.0,0.0,1,1
4028,282918.0,252796.0,0.0,0.0,1,1
4029,282918.0,252796.0,0.0,0.0,1,1
4030,282918.0,252796.0,0.0,0.0,1,1
4031,282918.0,252796.0,0.0,0.0,1,1
4032,282918.0,252796.0,0.0,0.0,1,1
4033,283809.0,252796.0,0.0,0.0,1,1
4034,283809.0,252796.0,0.0,0.0,1,1
4035,283809.0,252796.0,0.0,0.0,1,1
4036,283809.0,252796.0,0.0,0.0,1,1
4037,283809.0,252796.0,0.0,0.0,1,1
4038,283809.0,252796.0,0.0,0.0,1,1
4039,284749.5,252796.0,0.0,0.0,1,1
4040,284749.5,252796.0,0.0,0.0,1,1
4041,284749.5,252796.0,0.0,0.0,1,1
4042,284749.5,252796.0,0.0,0.0,1,1
4043,284749.5,252796.0,0.0,0.0,1,1
4044,284749.5,252796.0,0.0,0.0,1,1
4045,284749.5,252796.0,0.0,0.0,1,1
4046,284970.5,252796.0,0.0,0.0,1,1
4047,284970.5,252796.0,0.0,0.0,1,1
4048,284970.5,252796.0,0.0,0.0,1,1
4049,284970.5,252796.0,0.0,0.0,1,1
4050,284970.5,252796.0,0.0,0.0,1,1
4051,284970.5,252796.0,0.0,0.0,1,1
4052,284970.5,252796.0,0.0,0.0,1,1
4053,284970.5,252796.0,0.0,0.0,1,1
4054,284926.5,252796.0,0.0,0.0,1,1
4055,284926.5,252796.0,0.0,0.0,1,1
4056,284926.5,252796.0,0.0,0.0,1,1
4057,284926.5,252796.0,0.0,0.0,1,1
4058,284926.5,252796.0,0.0,0.0,1,1
4059,284926.5,252796.0,0.0,0.0,1,1
4060,284926.5,252796.0,0.0,0.0,1,1
4061,284926.5,252796.0,0.0,0.0,1,1
4062,284926.5,252796.0,0.0,0.0,1,1
4063,284926.5,252796.0,0.0,0.0,1,1
4064,284926.5,252796.0,0.0,0.0,1,1
4065,284782.0,252796.0,0.0,0.0,1,1
4066,284782.0,252796.0,0.0,0.0,1,1
4067,284782.0,252796.0,0.0,0.0,1,1
4068,284782.0,252796.0,0.0,0.0,1,1
4069,284740.0,252796.0,0.0,0.0,1,1
4070,284740.0,252796.0,0.0,0.0,1,1
4071,284740.0,252796.0,0.0,0.0,1,1
4072,284740.0,252796.0,0.0,0.0,1,1
4073,284740.0,252796.0,0.0,0.0,1,1
4074,284740.0,252796.0,0.0,0.0,1,1
4075,284740.0,252796.0,0.0,0.0,1,1
4076,284740.0,252796.0,0.0,0.0,1,1
4077,284740.0,252796.0,0.0,0.0,1,1
4078,284740.0,252796.0,0.0,0.0,1,1
4079,284740.0,252796.0,0.0,0.0,1,1
4080,284740.0,252796.0,0.0,0.0,1,1
4081,284740.0,252796.0,0.0,0.0,1,1
4082,284740.0,252796.0,0.0,0.0,1,1
4083,284740.0,252796.0,0.0,0.0,1,1
4084,284740.0,252796.0,0.0,0.0,1,1
4085,284957.5,252796.0,0.0,0.0,1,1
4086,284957.5,252796.0,0.0,0.0,1,1
4087,284957.5,252796.0,0.0,0.0,1,1
4088,284957.5,252796.0,0.0,0.0,1,1
4089,284957.5,252796.0,0.0,0.0,1,1
4090,284957.5,252796.0,0.0,0.0,1,1
4091,284957.5,252796.0,0.0,0.0,1,1
4092,284957.5,252796.0,0.0,0.0,1,1
4093,284957.5,252796.0,0.0,0.0,1,1
4094,284957.5,252796.0,0.0,0.0,1,1
4095,284957.5,252796.0,0.0,0.0,1,1
4096,284957.5,252796.0,0.0,0.0,1,1
4097,284692.5,252796.0,0.0,0.0,1,1
4098,284692.5,252796.0,0.0,0.0,1,1
4099,284692.5,252796.0,0.0,0.0,1,1
4100,284692.5,252796.0,0.0,0.0,1,1
4101,284692.5,252796.0,0.0,0.0,1,1
4102,284692.5,252796.0,0.0,0.0,1,1
4103,284692.5,252796.0,0.0,0.0,1,1
4104,284692.5,252796.0,0.0,0.0,1,1
4105,284112.5,252796.0,0.0,0.0,1,1
4106,284112.5,252796.0,0.0,0.0,1,1
4107,284112.5,252796.0,0.0,0.0,1,1
4108,284112.5,252796.0,0.0,0.0,1,1
4109,284112.5,252796.0,0.0,0.0,1,1
4110,284112.5,252796.0,0.0,0.0,1,1
4111,284112.5,252796.0,0.0,0.0,1,1
4112,284112.5,252796.0,0.0,0.0,1,1
4113,284112.5,252796.0,0.0,0.0,1,1
4114,284112.5,252796.0,0.0,0.0,1,1
4115,284112.5,252796.0,0.0,0.0,1,1
4116,284112.5,252796.0,0.0,0.0,1,1
4117,284112.5,252796.0,0.0,0.0,1,1
4118,284112.5,252796.0,0.0,0.0,1,1
4119,284112.5,252796.0,0.0,0.0,1,1
4120,284112.5,252796.0,0.0,0.0,1,1
4121,284112.5,252796.0,0.0,0.0,1,1
4122,284112.5,252796.0,0.0,0.0,1,1
4123,284112.5,252796.0,0.0,0.0,1,1
4124,284112.5,252796.0,0.0,0.0,1,1
4125,284112.5,252796.0,0.0,0.0,1,1
4126,284112.5,252796.0,0.0,0.0,1,1
4127,284112.5,252796.0,0.0,0.0,1,1
4128,284112.5,252796.0,0.0,0.0,1,1
4129,284112.5,252796.0,0.0,0.0,1,1
4130,284112.5,252796.0,0.0,0.0,1,1
4131,284112.5,252796.0,0.0,0.0,1,1
4132,284112.5,252796.0,0.0,0.0,1,1
4133,284112.5,252796.0,0.0,0.0,1,1
4134,284112.5,252796.0,0.0,0.0,1,1
4135,284112.5,252796.0,0.0,0.0,1,1
4136,284112.5,252796.0,0.0,0.0,1,1
4137,284112.5,252796.0,0.0,0.0,1,1
4138,284112.5,252796.0,0.0,0.0,1,1
4139,284112.5,252796.0,0.0,0.0,1,1
4140,284112.5,252796.0,0.0,0.0,1,1
4141,284112.5,252796.0,0.0,0.0,1,1
4142,284112.5,252796.0,0.0,0.0,1,1
4143,284112.5,252796.0,0.0,0.0,1,1
4144,284112.5,252796.0,0.0,0.0,1,1
4145,284112.5,252796.0,0.0,0.0,1,1
4146,284112.5,252796.0,0.0,0.0,1,1
4147,284112.5,252796.0,0.0,0.0,1,1
4148,284112.5,252796.0,0.0,0.0,1,1
4149,284112.5,252796.0,0.0,0.0,1,1
4150,284112.5,252796.0,0.0,0.0,1,1
4151,284112.5,252796.0,0.0,0.0,1,1
4152,284112.5,252796.0,0.0,0.0,1,1
4153,284112.5,252796.0,0.0,0.0,1,1
4154,284112.5,252796.0,0.0,0.0,1,1
4155,284112.5,252796.0,0.0,0.0,1,1
4156,284112.5,252796.0,0.0,0.0,1,1
4157,284112.5,252796.0,0.0,0.0,1,1
4158,284112.5,252796.0,0.0,0.0,1,1
4159,284112.5,252796.0,0.0,0.0,1,1
4160,284112.5,252796.0,0.0,0.0,1,1
4161,284112.5,252796.0,0.0,0.0,1,1
4162,284112.5,252796.0,0.0,0.0,1,1
4163,284112.5,252796.0,0.0,0.0,1,1
4164,284112.5,252796.0,0.0,0.0,1,1
4165,284112.5,252796.0,0.0,0.0,1,1
4166,284112.5,252796.0,0.0,0.0,1,1
4167,284112.5,252796.0,0.0,0.0,1,1
4168,284112.5,252796.0,0.0,0.0,1,1
4169,284899.5,252796.0,0.0,0.0,1,1
4170,284899.5,252796.0,0.0,0.0,1,1
4171,284899.5,252796.0,0.0,0.0,1,1
4172,284899.5,252796.0,0.0,0.0,1,1
4173,284899.5,252796.0,0.0,0.0,1,1
4174,284899.5,252796.0,0.0,0.0,1,1
4175,284899.5,252796.0,0.0,0.0,1,1
4176,284899.5,252796.0,0.0,0.0,1,1
4177,284875.0,252796.0,0.0,0.0,1,1
4178,284875.0,252796.0,0.0,0.0,1,1
4179,284875.0,252796.0,0.0,0.0,1,1
4180,284875.0,252796.0,0.0,0.0,1,1
4181,284875.0,252796.0,0.0,0.0,1,1
4182,284875.0,252796.0,0.0,0.0,1,1
4183,284875.0,252796.0,0.0,0.0,1,1
4184,284875.0,252796.0,0.0,0.0,1,1
4185,284875.0,252796.0,0.0,0.0,1,1
4186,284875.0,252796.0,0.0,0.0,1,1
4187,284875.0,252796.0,0.0,0.0,1,1
4188,284875.0,252796.0,0.0,0.0,1,1
4189,284875.0,252796.0,0.0,0.0,1,1
4190,284875.0,252796.0,0.0,0.0,1,1
4191,284875.0,252796.0,0.0,0.0,1,1
4192,284875.0,252796.0,0.0,0.0,1,1
4193,284875.0,252796.0,0.0,0.0,1,1
4194,284875.0,252796.0,0.0,0.0,1,1
4195,284875.0,252796.0,0.0,0.0,1,1
4196,284875.0,252796.0,0.0,0.0,1,1
4197,284875.0,252796.0,0.0,0.0,1,1
4198,284875.0,252796.0,0.0,0.0,1,1
4199,284875.0,252796.0,0.0,0.0,1,1
4200,284875.0,252796.0,0.0,0.0,1,1
4201,284875.0,252796.0,0.0,0.0,1,1
4202,284875.0,252796.0,0.0,0.0,1,1
4203,284875.0,252796.0,0.0,0.0,1,1
4204,284875.0,252796.0,0.0,0.0,1,1
4205,284875.0,252796.0,0.0,0.0,1,1
4206,284875.0,252796.0,0.0,0.0,1,1
4207,284875.0,252796.0,0.0,0.0,1,1
4208,284875.0,252796.0,0.0,0.0,1,1
4209,284875.0,252796.0,0.0,0.0,1,1
4210,284875.0,252796.0,0.0,0.0,1,1
4211,284875.0,252796.0,0.0,0.0,1,1
4212,284875.0,252796.0,0.0,0.0,1,1
4213,284875.0,252796.0,0.0,0.0,1,1
4214,284875.0,252796.0,0.0,0.0,1,1
4215,284875.0,252796.0,0.0,0.0,1,1
4216,284875.0,252796.0,0.0,0.0,1,1
4217,284875.0,252796.0,0.0,0.0,1,1
4218,284875.0,252796.0,0.0,0.0,1,1
4219,284875.0,252796.0,0.0,0.0,1,1
4220,284875.0,252796.0,0.0,0.0,1,1
4221,284875.0,252796.0,0.0,0.0,1,1
4222,284875.0,252796.0,0.0,0.0,1,1
4223,284875.0,252796.0,0.0,0.0,1,1
4224,284875.0,252796.0,0.0,0.0,1,1
4225,284875.0,252796.0,0.0,0.0,1,1
4226,284899.5,252796.0,0.0,0.0,1,1
4227,284899.5,252796.0,0.0,0.0,1,1
4228,284899.5,252796.0,0.0,0.0,1,1
4229,284899.5,252796.0,0.0,0.0,1,1
4230,284899.5,252796.0,0.0,0.0,1,1
4231,284899.5,252796.0,0.0,0.0,1,1
4232,284899.5,252796.0,0.0,0.0,1,1
4233,287668.5,252796.0,0.0,0.0,1,1
4234,287668.5,252796.0,0.0,0.0,1,1
4235,287668.5,252796.0,0.0,0.0,1,1
4236,287668.5,252796.0,0.0,0.0,1,1
4237,287668.5,252796.0,0.0,0.0,1,1
4238,287668.5,252796.0,0.0,0.0,1,1
4239,287668.5,252796.0,0.0,0.0,1,1
4240,287668.5,252796.0,0.0,0.0,1,1
4241,288212.0,252796.0,0.0,0.0,1,1
4242,288212.0,252796.0,0.0,0.0,1,1
4243,288212.0,252796.0,0.0,0.0,1,1
4244,288212.0,252796.0,0.0,0.0,1,1
4245,288212.0,252796.0,0.0,0.0,1,1
4246,288187.5,252796.0,0.0,0.0,1,1
4247,288187.5,252796.0,0.0,0.0,1,1
4248,288187.5,252796.0,0.0,0.0,1,1
4249,288187.5,252796.0,0.0,0.0,1,1
4250,288187.5,252796.0,0.0,0.0,1,1
4251,288187.5,252796.0,0.0,0.0,1,1
4252,288187.5,252796.0,0.0,0.0,1,1
4253,288187.5,252796.0,0.0,0.0,1,1
4254,288187.5,252796.0,0.0,0.0,1,1
4255,288187.5,252796.0,0.0,0.0,1,1
4256,288187.5,252796.0,0.0,0.0,1,1
4257,288187.5,252796.0,0.0,0.0,1,1
4258,288187.5,252796.0,0.0,0.0,1,1
4259,288187.5,252796.0,0.0,0.0,1,1
4260,288187.5,252796.0,0.0,0.0,1,1
4261,288187.5,252796.0,0.0,0.0,1,1
4262,288187.5,252796.0,0.0,0.0,1,1
4263,288187.5,252796.0,0.0,0.0,1,1
4264,288187.5,252796.0,0.0,0.0,1,1
4265,288187.5,252796.0,0.0,0.0,1,1
4266,288187.5,252796.0,0.0,0.0,1,1
4267,288187.5,252796.0,0.0,0.0,1,1
4268,288187.5,252796.0,0.0,0.0,1,1
4269,288187.5,252796.0,0.0,0.0,1,1
4270,288187.5,252796.0,0.0,0.0,1,1
4271,288187.5,252796.0,0.0,0.0,1,1
4272,288187.5,252796.0,0.0,0.0,1,1
4273,288187.5,252796.0,0.0,0.0,1,1
4274,287799.0,252796.0,0.0,0.0,1,1
4275,287799.0,252796.0,0.0,0.0,1,1
4276,287799.0,252796.0,0.0,0.0,1,1
4277,287799.0,252796.0,0.0,0.0,1,1
4278,287799.0,252796.0,0.0,0.0,1,1
4279,287799.0,252796.0,0.0,0.0,1,1
4280,287799.0,252796.0,0.0,0.0,1,1
4281,287799.0,252796.0,0.0,0.0,1,1
4282,287799.0,252796.0,0.0,0.0,1,1
4283,287799.0,252796.0,0.0,0.0,1,1
4284,287799.0,252796.0,0.0,0.0,1,1
4285,287799.0,252796.0,0.0,0.0,1,1
4286,287799.0,252796.0,0.0,0.0,1,1
4287,287799.0,252796.0,0.0,0.0,1,1
4288,287799.0,252796.0,0.0,0.0,1,1
4289,287799.0,252796.0,0.0,0.0,1,1
4290,287823.5,252796.0,0.0,0.0,1,1
4291,287823.5,252796.0,0.0,0.0,1,1
4292,287823.5,252796.0,0.0,0.0,1,1
4293,288145.5,252796.0,0.0,0.0,1,1
4294,288145.5,252796.0,0.0,0.0,1,1
4295,288145.5,252796.0,0.0,0.0,1,1
4296,288145.5,252796.0,0.0,0.0,1,1
4297,288145.5,252796.0,0.0,0.0,1,1
4298,288145.5,252796.0,0.0,0.0,1,1
4299,288145.5,252796.0,0.0,0.0,1,1
4300,288145.5,252796.0,0.0,0.0,1,1
4301,288145.5,252796.0,0.0,0.0,1,1
4302,288145.5,252796.0,0.0,0.0,1,1
4303,288145.5,252796.0,0.0,0.0,1,1
4304,288145.5,252796.0,0.0,0.0,1,1
4305,288145.5,252796.0,0.0,0.0,1,1
4306,288145.5,252796.0,0.0,0.0,1,1
4307,288472.0,252796.0,0.0,0.0,1,1
4308,288472.0,252796.0,0.0,0.0,1,1
4309,288472.0,252796.0,0.0,0.0,1,1
4310,288472.0,252796.0,0.0,0.0,1,1
4311,288472.0,252796.0,0.0,0.0,1,1
4312,288472.0,252796.0,0.0,0.0,1,1
4313,288472.0,252796.0,0.0,0.0,1,1
4314,288472.0,252796.0,0.0,0.0,1,1
4315,288472.0,252796.0,0.0,0.0,1,1
4316,288472.0,252796.0,0.0,0.0,1,1
4317,288472.0,252796.0,0.0,0.0,1,1
4318,288472.0,252796.0,0.0,0.0,1,1
4319,288472.0,252796.0,0.0,0.0,1,1
4320,288472.0,252796.0,0.0,0.0,1,1
4321,288472.0,252796.0,0.0,0.0,1,1
4322,288472.0,252796.0,0.0,0.0,1,1
4323,288472.0,252796.0,0.0,0.0,1,1
4324,288472.0,252796.0,0.0,0.0,1,1
4325,288472.0,252796.0,0.0,0.0,1,1
4326,288472.0,252796.0,0.0,0.0,1,1
4327,288472.0,252796.0,0.0,0.0,1,1
4328,288472.0,252796.0,0.0,0.0,1,1
4329,288472.0,252796.0,0.0,0.0,1,1
4330,288472.0,252796.0,0.0,0.0,1,1
4331,288472.0,252796.0,0.0,0.0,1,1
4332,288472.0,252796.0,0.0,0.0,1,1
4333,288472.0,252796.0,0.0,0.0,1,1
4334,288472.0,252796.0,0.0,0.0,1,1
4335,288472.0,252796.0,0.0,0.0,1,1
4336,288472.0,252796.0,0.0,0.0,1,1
4337,288472.0,252796.0,0.0,0.0,1,1
4338,288472.0,252796.0,0.0,0.0,1,1
4339,288472.0,252796.0,0.0,0.0,1,1
4340,288472.0,252796.0,0.0,0.0,1,1
4341,288472.0,252796.0,0.0,0.0,1,1
4342,288472.0,252796.0,0.0,0.0,1,1
4343,288472.0,252796.0,0.0,0.0,1,1
4344,288472.0,252796.0,0.0,0.0,1,1
4345,288472.0,252796.0,0.0,0.0,1,1
4346,288472.0,252796.0,0.0,0.0,1,1
4347,288472.0,252796.0,0.0,0.0,1,1
4348,288472.0,252796.0,0.0,0.0,1,1
4349,288472.0,252796.0,0.0,0.0,1,1
4350,288472.0,252796.0,0.0,0.0,1,1
4351,288472.0,252796.0,0.0,0.0,1,1
4352,288472.0,252796.0,0.0,0.0,1,1
4353,288472.0,252796.0,0.0,0.0,1,1
4354,288472.0,252796.0,0.0,0.0,1,1
4355,288472.0,252796.0,0.0,0.0,1,1
4356,288472.0,252796.0,0.0,0.0,1,1
4357,288472.0,252796.0,0.0,0.0,1,1
4358,288472.0,252796.0,0.0,0.0,1,1
4359,288472.0,252796.0,0.0,0.0,1,1
4360,288472.0,252796.0,0.0,0.0,1,1
4361,288472.0,252796.0,0.0,0.0,1,1
4362,288472.0,252796.0,0.0,0.0,1,1
4363,288472.0,252796.0,0.0,0.0,1,1
4364,288472.0,252796.0,0.0,0.0,1,1
4365,288472.0,252796.0,0.0,0.0,1,1
4366,288472.0,252796.0,0.0,0.0,1,1
4367,288472.0,252796.0,0.0,0.0,1,1
4368,288472.0,252796.0,0.0,0.0,1,1
4369,288472.0,252796.0,0.0,0.0,1,1
4370,288472.0,252796.0,0.0,0.0,1,1
4371,288472.0,252796.0,0.0,0.0,1,1
4372,288472.0,252796.0,0.0,0.0,1,1
4373,288472.0,252796.0,0.0,0.0,1,1
4374,288472.0,252796.0,0.0,0.0,1,1
4375,288472.0,252796.0,0.0,0.0,1,1
4376,288472.0,252796.0,0.0,0.0,1,1
4377,288472.0,252796.0,0.0,0.0,1,1
4378,288472.0,252796.0,0.0,0.0,1,1
4379,288472.0,252796.0,0.0,0.0,1,1
4380,288472.0,252796.0,0.0,0.0,1,1
4381,288472.0,252796.0,0.0,0.0,1,1
4382,288472.0,252796.0,0.0,0.0,1,1
4383,288472.0,252796.0,0.0,0.0,1,1
4384,288472.0,252796.0,0.0,0.0,1,1
4385,288472.0,252796.0,0.0,0.0,1,1
4386,288472.0,252796.0,0.0,0.0,1,1
4387,288472.0,252796.0,0.0,0.0,1,1
4388,288472.0,252796.0,0.0,0.0,1,1
4389,288472.0,252796.0,0.0,0.0,1,1
4390,288472.0,252796.0,0.0,0.0,1,1
4391,288472.0,252796.0,0.0,0.0,1,1
4392,288472.0,252796.0,0.0,0.0,1,1
4393,288472.0,252796.0,0.0,0.0,1,1
4394,288472.0,252796.0,0.0,0.0,1,1
4395,288472.0,252796.0,0.0,0.0,1,1
4396,288472.0,252796.0,0.0,0.0,1,1
4397,288472.0,252796.0,0.0,0.0,1,1
4398,288472.0,252796.0,0.0,0.0,1,1
4399,288472.0,252796.0,0.0,0.0,1,1
4400,288472.0,252796.0,0.0,0.0,1,1
4401,288472.0,252796.0,0.0,0.0,1,1
4402,288343.0,252796.0,0.0,0.0,1,1
4403,288343.0,252796.0,0.0,0.0,1,1
4404,288343.0,252796.0,0.0,0.0,1,1
4405,288343.0,252796.0,0.0,0.0,1,1
4406,288343.0,252796.0,0.0,0.0,1,1
4407,288343.0,252796.0,0.0,0.0,1,1
4408,288343.0,252796.0,0.0,0.0,1,1
4409,288343.0,252796.0,0.0,0.0,1,1
4410,290533.5,252796.0,0.0,0.0,1,1
4411,290533.5,252796.0,0.0,0.0,1,1
4412,290474.5,252796.0,0.0,0.0,1,1
4413,290474.5,252796.0,0.0,0.0,1,1
4414,290474.5,252796.0,0.0,0.0,1,1
4415,290474.5,252796.0,0.0,0.0,1,1
4416,290474.5,252796.0,0.0,0.0,1,1
4417,290474.5,252796.0,0.0,0.0,1,1
4418,290474.5,252796.0,0.0,0.0,1,1
4419,290474.5,252796.0,0.0,0.0,1,1
4420,290474.5,252796.0,0.0,0.0,1,1
4421,290474.5,252796.0,0.0,0.0,1,1
4422,290474.5,252796.0,0.0,0.0,1,1
4423,290474.5,252796.0,0.0,0.0,1,1
4424,290654.5,252796.0,0.0,0.0,1,1
4425,290654.5,252796.0,0.0,0.0,1,1
4426,291112.5,252796.0,0.0,0.0,1,1
4427,291112.5,252796.0,0.0,0.0,1,1
4428,291112.5,252796.0,0.0,0.0,1,1
4429,291112.5,252796.0,0.0,0.0,1,1
4430,291112.5,252796.0,0.0,0.0,1,1
4431,291112.5,252796.0,0.0,0.0,1,1
4432,291112.5,252796.0,0.0,0.0,1,1
4433,291112.5,252796.0,0.0,0.0,1,1
4434,291112.5,252796.0,0.0,0.0,1,1
4435,291112.5,252796.0,0.0,0.0,1,1
4436,291112.5,252796.0,0.0,0.0,1,1
4437,291112.5,252796.0,0.0,0.0,1,1
4438,291112.5,252796.0,0.0,0.0,1,1
4439,291120.5,252796.0,0.0,0.0,1,1
4440,291120.5,252796.0,0.0,0.0,1,1
4441,291120.5,252796.0,0.0,0.0,1,1
4442,291120.5,252796.0,0.0,0.0,1,1
4443,291120.5,252796.0,0.0,0.0,1,1
4444,291120.5,252796.0,0.0,0.0,1,1
4445,291120.5,252796.0,0.0,0.0,1,1
4446,291120.5,252796.0,0.0,0.0,1,1
4447,291120.5,252796.0,0.0,0.0,1,1
4448,291120.5,252796.0,0.0,0.0,1,1
4449,291120.5,252796.0,0.0,0.0,1,1
4450,291120.5,252796.0,0.0,0.0,1,1
4451,291120.5,252796.0,0.0,0.0,1,1
4452,291120.5,252796.0,0.0,0.0,1,1
4453,291120.5,252796.0,0.0,0.0,1,1
4454,291305.0,252796.0,0.0,0.0,1,1
4455,291305.0,252796.0,0.0,0.0,1,1
4456,291305.0,252796.0,0.0,0.0,1,1
4457,291305.0,252796.0,0.0,0.0,1,1
4458,291305.0,252796.0,0.0,0.0,1,1
4459,291305.0,252796.0,0.0,0.0,1,1
4460,291305.0,252796.0,0.0,0.0,1,1
4461,291305.0,252796.0,0.0,0.0,1,1
4462,291305.0,252796.0,0.0,0.0,1,1
4463,291305.0,252796.0,0.0,0.0,1,1
4464,291305.0,252796.0,0.0,0.0,1,1
4465,291171.5,252796.0,0.0,0.0,1,1
4466,291171.5,252796.0,0.0,0.0,1,1
4467,291171.5,252796.0,0.0,0.0,1,1
4468,291171.5,252796.0,0.0,0.0,1,1
4469,291171.5,252796.0,0.0,0.0,1,1
4470,291171.5,252796.0,0.0,0.0,1,1
4471,291171.5,252796.0,0.0,0.0,1,1
4472,291171.5,252796.0,0.0,0.0,1,1
4473,291171.5,252796.0,0.0,0.0,1,1
4474,291171.5,252796.0,0.0,0.0,1,1
4475,291171.5,252796.0,0.0,0.0,1,1
4476,291171.5,252796.0,0.0,0.0,1,1
4477,291171.5,252796.0,0.0,0.0,1,1
4478,291171.5,252796.0,0.0,0.0,1,1
4479,291171.5,252796.0,0.0,0.0,1,1
4480,291171.5,252796.0,0.0,0.0,1,1
4481,291171.5,252796.0,0.0,0.0,1,1
4482,291171.5,252796.0,0.0,0.0,1,1
4483,291171.5,252796.0,0.0,0.0,1,1
4484,291171.5,252796.0,0.0,0.0,1,1
4485,291171.5,252796.0,0.0,0.0,1,1
4486,291171.5,252796.0,0.0,0.0,1,1
4487,291171.5,252796.0,0.0,0.0,1,1
4488,291171.5,252796.0,0.0,0.0,1,1
4489,291171.5,252796.0,0.0,0.0,1,1
4490,291171.5,252796.0,0.0,0.0,1,1
4491,291171.5,252796.0,0.0,0.0,1,1
4492,291171.5,252796.0,0.0,0.0,1,1
4493,291171.5,252796.0,0.0,0.0,1,1
4494,291171.5,252796.0,0.0,0.0,1,1
4495,291171.5,252796.0,0.0,0.0,1,1
4496,291171.5,252796.0,0.0,0.0,1,1
4497,291171.5,252796.0,0.0,0.0,1,1
4498,291171.5,252796.0,0.0,0.0,1,1
4499,291171.5,252796.0,0.0,0.0,1,1
4500,291171.5,252796.0,0.0,0.0,1,1
4501,291171.5,252796.0,0.0,0.0,1,1
4502,291171.5,252796.0,0.0,0.0,1,1
4503,291171.5,252796.0,0.0,0.0,1,1
4504,291171.5,252796.0,0.0,0.0,1,1
4505,291171.5,252796.0,0.0,0.0,1,1
4506,291171.5,252796.0,0.0,0.0,1,1
4507,291171.5,252796.0,0.0,0.0,1,1
4508,291171.5,252796.0,0.0,0.0,1,1
4509,291171.5,252796.0,0.0,0.0,1,1
4510,291171.5,252796.0,0.0,0.0,1,1
4511,291171.5,252796.0,0.0,0.0,1,1
4512,291171.5,252796.0,0.0,0.0,1,1
4513,291171.5,252796.0,0.0,0.0,1,1
4514,291171.5,252796.0,0.0,0.0,1,1
4515,291171.5,252796.0,0.0,0.0,1,1
4516,291171.5,252796.0,0.0,0.0,1,1
4517,291171.5,252796.0,0.0,0.0,1,1
4518,291171.5,252796.0,0.0,0.0,1,1
4519,291171.5,252796.0,0.0,0.0,1,1
4520,291171.5,252796.0,0.0,0.0,1,1
4521,291171.5,252796.0,0.0,0.0,1,1
4522,291171.5,252796.0,0.0,0.0,1,1
4523,291171.5,252796.0,0.0,0.0,1,1
4524,291171.5,252796.0,0.0,0.0,1,1
4525,291171.5,252796.0,0.0,0.0,1,1
4526,291171.5,252796.0,0.0,0.0,1,1
4527,291171.5,252796.0,0.0,0.0,1,1
4528,291171.5,252796.0,0.0,0.0,1,1
4529,291171.5,252796.0,0.0,0.0,1,1
4530,291171.5,252796.0,0.0,0.0,1,1
4531,291171.5,252796.0,0.0,0.0,1,1
4532,291171.5,252796.0,0.0,0.0,1,1
4533,291171.5,252796.0,0.0,0.0,1,1
4534,291171.5,252796.0,0.0,0.0,1,1
4535,291171.5,252796.0,0.0,0.0,1,1
4536,291171.5,252796.0,0.0,0.0,1,1
4537,291171.5,252796.0,0.0,0.0,1,1
4538,291171.5,252796.0,0.0,0.0,1,1
4539,291171.5,252796.0,0.0,0.0,1,1
4540,291171.5,252796.0,0.0,0.0,1,1
4541,291171.5,252796.0,0.0,0.0,1,1
4542,291171.5,252796.0,0.0,0.0,1,1
4543,291171.5,252796.0,0.0,0.0,1,1
4544,291171.5,252796.0,0.0,0.0,1,1
4545,291171.5,252796.0,0.0,0.0,1,1
4546,291171.5,252796.0,0.0,0.0,1,1
4547,291171.5,252796.0,0.0,0.0,1,1
4548,291171.5,252796.0,0.0,0.0,1,1
4549,291171.5,252796.0,0.0,0.0,1,1
4550,291171.5,252796.0,0.0,0.0,1,1
4551,291171.5,252796.0,0.0,0.0,1,1
4552,291129.0,252796.0,0.0,0.0,1,1
4553,291129.0,252796.0,0.0,0.0,1,1
4554,291129.0,252796.0,0.0,0.0,1,1
4555,291129.0,252796.0,0.0,0.0,1,1
4556,291129.0,252796.0,0.0,0.0,1,1
4557,291129.0,252796.0,0.0,0.0,1,1
4558,291129.0,252796.0,0.0,0.0,1,1
4559,291129.0,252796.0,0.0,0.0,1,1
4560,291129.0,252796.0,0.0,0.0,1,1
4561,291129.0,252796.0,0.0,0.0,1,1
4562,291129.0,252796.0,0.0,0.0,1,1
4563,291129.0,252796.0,0.0,0.0,1,1
4564,291129.0,252796.0,0.0,0.0,1,1
4565,291129.0,252796.0,0.0,0.0,1,1
4566,291129.0,252796.0,0.0,0.0,1,1
4567,291129.0,252796.0,0.0,0.0,1,1
4568,291129.0,252796.0,0.0,0.0,1,1
4569,291129.0,252796.0,0.0,0.0,1,1
4570,291129.0,252796.0,0.0,0.0,1,1
4571,291129.0,252796.0,0.0,0.0,1,1
4572,291129.0,252796.0,0.0,0.0,1,1
4573,291129.0,252796.0,0.0,0.0,1,1
4574,291129.0,252796.0,0.0,0.0,1,1
4575,291129.0,252796.0,0.0,0.0,1,1
4576,291129.0,252796.0,0.0,0.0,1,1
4577,291550.5,252796.0,0.0,0.0,1,1
4578,291550.5,252796.0,0.0,0.0,1,1
4579,291550.5,252796.0,0.0,0.0,1,1
4580,291550.5,252796.0,0.0,0.0,1,1
4581,291550.5,252796.0,0.0,0.0,1,1
4582,291550.5,252796.0,0.0,0.0,1,1
4583,291653.0,252796.0,0.0,0.0,1,1
4584,291653.0,252796.0,0.0,0.0,1,1
4585,291653.0,252796.0,0.0,0.0,1,1
4586,291653.0,252796.0,0.0,0.0,1,1
4587,291653.0,252796.0,0.0,0.0,1,1
4588,291653.0,252796.0,0.0,0.0,1,1
4589,291653.0,252796.0,0.0,0.0,1,1
4590,291653.0,252796.0,0.0,0.0,1,1
4591,291653.0,252796.0,0.0,0.0,1,1
4592,291653.0,252796.0,0.0,0.0,1,1
4593,291653.0,252796.0,0.0,0.0,1,1
4594,291653.0,252796.0,0.0,0.0,1,1
4595,290326.5,252796.0,0.0,0.0,1,1
4596,290326.5,252796.0,0.0,0.0,1,1
4597,290326.5,252796.0,0.0,0.0,1,1
4598,290326.5,252796.0,0.0,0.0,1,1
4599,290326.5,252796.0,0.0,0.0,1,1
4600,290326.5,252796.0,0.0,0.0,1,1
4601,290326.5,252796.0,0.0,0.0,1,1
4602,290326.5,252796.0,0.0,0.0,1,1
4603,290326.5,252796.0,0.0,0.0,1,1
4604,290326.5,252796.0,0.0,0.0,1,1
4605,290326.5,252796.0,0.0,0.0,1,1
4606,290326.5,252796.0,0.0,0.0,1,1
4607,290326.5,252796.0,0.0,0.0,1,1
4608,290326.5,252796.0,0.0,0.0,1,1
4609,290326.5,252796.0,0.0,0.0,1,1
4610,290326.5,252796.0,0.0,0.0,1,1
4611,290326.5,252796.0,0.0,0.0,1,1
4612,290326.5,252796.0,0.0,0.0,1,1
4613,290326.5,252796.0,0.0,0.0,1,1
4614,290326.5,252796.0,0.0,0.0,1,1
4615,290326.5,252796.0,0.0,0.0,1,1
4616,290326.5,252796.0,0.0,0.0,1,1
4617,290326.5,252796.0,0.0,0.0,1,1
4618,290326.5,252796.0,0.0,0.0,1,1
4619,290326.5,252796.0,0.0,0.0,1,1
4620,290326.5,252796.0,0.0,0.0,1,1
4621,290326.5,252796.0,0.0,0.0,1,1
4622,290326.5,252796.0,0.0,0.0,1,1
4623,290326.5,252796.0,0.0,0.0,1,1
4624,290326.5,252796.0,0.0,0.0,1,1
4625,290326.5,252796.0,0.0,0.0,1,1
4626,290326.5,252796.0,0.0,0.0,1,1
4627,290326.5,252796.0,0.0,0.0,1,1
4628,290326.5,252796.0,0.0,0.0,1,1
4629,290326.5,252796.0,0.0,0.0,1,1
4630,290326.5,252796.0,0.0,0.0,1,1
4631,290326.5,252796.0,0.0,0.0,1,1
4632,290326.5,252796.0,0.0,0.0,1,1
4633,290326.5,252796.0,0.0,0.0,1,1
4634,290326.5,252796.0,0.0,0.0,1,1
4635,290326.5,252796.0,0.0,0.0,1,1
4636,290326.5,252796.0,0.0,0.0,1,1
4637,290326.5,252796.0,0.0,0.0,1,1
4638,290326.5,252796.0,0.0,0.0,1,1
4639,290326.5,252796.0,0.0,0.0,1,1
4640,290679.5,252796.0,0.0,0.0,1,1
4641,290679.5,252796.0,0.0,0.0,1,1
4642,290679.5,252796.0,0.0,0.0,1,1
4643,290679.5,252796.0,0.0,0.0,1,1
4644,290679.5,252796.0,0.0,0.0,1,1
4645,290679.5,252796.0,0.0,0.0,1,1
4646,290679.5,252796.0,0.0,0.0,1,1
4647,290679.5,252796.0,0.0,0.0,1,1
4648,290679.5,252796.0,0.0,0.0,1,1
4649,290679.5,252796.0,0.0,0.0,1,1
4650,290679.5,252796.0,0.0,0.0,1,1
4651,290679.5,252796.0,0.0,0.0,1,1
4652,290679.5,252796.0,0.0,0.0,1,1
4653,290679.5,252796.0,0.0,0.0,1,1
4654,290679.5,252796.0,0.0,0.0,1,1
4655,290679.5,252796.0,0.0,0.0,1,1
4656,290679.5,252796.0,0.0,0.0,1,1
4657,290679.5,252796.0,0.0,0.0,1,1
4658,290679.5,252796.0,0.0,0.0,1,1
4659,290679.5,252796.0,0.0,0.0,1,1
4660,290679.5,252796.0,0.0,0.0,1,1
4661,290679.5,252796.0,0.0,0.0,1,1
4662,290679.5,252796.0,0.0,0.0,1,1
4663,290679.5,252796.0,0.0,0.0,1,1
4664,290679.5,252796.0,0.0,0.0,1,1
4665,290679.5,252796.0,0.0,0.0,1,1
4666,290679.5,252796.0,0.0,0.0,1,1
4667,290679.5,252796.0,0.0,0.0,1,1
4668,290679.5,252796.0,0.0,0.0,1,1
4669,290679.5,252796.0,0.0,0.0,1,1
4670,290679.5,252796.0,0.0,0.0,1,1
4671,290679.5,252796.0,0.0,0.0,1,1
4672,290679.5,252796.0,0.0,0.0,1,1
4673,290679.5,252796.0,0.0,0.0,1,1
4674,290679.5,252796.0,0.0,0.0,1,1
4675,290679.5,252796.0,0.0,0.0,1,1
4676,290679.5,252796.0,0.0,0.0,1,1
4677,290679.5,252796.0,0.0,0.0,1,1
4678,290679.5,252796.0,0.0,0.0,1,1
4679,290679.5,252796.0,0.0,0.0,1,1
4680,290679.5,252796.0,0.0,0.0,1,1
4681,290679.5,252796.0,0.0,0.0,1,1
4682,290679.5,252796.0,0.0,0.0,1,1
4683,290679.5,252796.0,0.0,0.0,1,1
4684,290679.5,252796.0,0.0,0.0,1,1
4685,290679.5,252796.0,0.0,0.0,1,1
4686,290679.5,252796.0,0.0,0.0,1,1
4687,290679.5,252796.0,0.0,0.0,1,1
4688,290679.5,252796.0,0.0,0.0,1,1
4689,290679.5,252796.0,0.0,0.0,1,1
4690,290679.5,252796.0,0.0,0.0,1,1
4691,290679.5,252796.0,0.0,0.0,1,1
4692,290679.5,252796.0,0.0,0.0,1,1
4693,290679.5,252796.0,0.0,0.0,1,1
4694,290679.5,252796.0,0.0,0.0,1,1
4695,290679.5,252796.0,0.0,0.0,1,1
4696,290679.5,252796.0,0.0,0.0,1,1
4697,290679.5,252796.0,0.0,0.0,1,1
4698,290679.5,252796.0,0.0,0.0,1,1
4699,290679.5,252796.0,0.0,0.0,1,1
4700,290679.5,252796.0,0.0,0.0,1,1
4701,290679.5,252796.0,0.0,0.0,1,1
4702,290679.5,252796.0,0.0,0.0,1,1
4703,290712.0,252796.0,0.0,0.0,1,1
4704,290712.0,252796.0,0.0,0.0,1,1
4705,290712.0,252796.0,0.0,0.0,1,1
4706,290712.0,252796.0,0.0,0.0,1,1
4707,290712.0,252796.0,0.0,0.0,1,1
4708,290712.0,252796.0,0.0,0.0,1,1
4709,290712.0,252796.0,0.0,0.0,1,1
4710,290712.0,252796.0,0.0,0.0,1,1
4711,290712.0,252796.0,0.0,0.0,1,1
4712,290712.0,252796.0,0.0,0.0,1,1
4713,290712.0,252796.0,0.0,0.0,1,1
4714,290712.0,252796.0,0.0,0.0,1,1
4715,290712.0,252796.0,0.0,0.0,1,1
4716,290712.0,252796.0,0.0,0.0,1,1
4717,290712.0,252796.0,0.0,0.0,1,1
4718,290712.0,252796.0,0.0,0.0,1,1
4719,290712.0,252796.0,0.0,0.0,1,1
4720,290712.0,252796.0,0.0,0.0,1,1
4721,290712.0,252796.0,0.0,0.0,1,1
4722,290362.0,252796.0,0.0,0.0,1,1
4723,290362.0,252796.0,0.0,0.0,1,1
4724,290362.0,252796.0,0.0,0.0,1,1
4725,290362.0,252796.0,0.0,0.0,1,1
4726,290362.0,252796.0,0.0,0.0,1,1
4727,290362.0,252796.0,0.0,0.0,1,1
4728,290362.0,252796.0,0.0,0.0,1,1
4729,290362.0,252796.0,0.0,0.0,1,1
4730,290362.0,252796.0,0.0,0.0,1,1
4731,290362.0,252796.0,0.0,0.0,1,1
4732,290362.0,252796.0,0.0,0.0,1,1
4733,290362.0,252796.0,0.0,0.0,1,1
4734,290259.5,252796.0,0.0,0.0,1,1
4735,290259.5,252796.0,0.0,0.0,1,1
4736,290259.5,252796.0,0.0,0.0,1,1
4737,290259.5,252796.0,0.0,0.0,1,1
4738,290259.5,252796.0,0.0,0.0,1,1
4739,290259.5,252796.0,0.0,0.0,1,1
4740,290259.5,252796.0,0.0,0.0,1,1
4741,290259.5,252796.0,0.0,0.0,1,1
4742,290259.5,252796.0,0.0,0.0,1,1
4743,290259.5,252796.0,0.0,0.0,1,1
4744,290259.5,252796.0,0.0,0.0,1,1
4745,290259.5,252796.0,0.0,0.0,1,1
4746,290259.5,252796.0,0.0,0.0,1,1
4747,290259.5,252796.0,0.0,0.0,1,1
4748,290259.5,252796.0,0.0,0.0,1,1
4749,290259.5,252796.0,0.0,0.0,1,1
4750,290259.5,252796.0,0.0,0.0,1,1
4751,290259.5,252796.0,0.0,0.0,1,1
4752,290259.5,252796.0,0.0,0.0,1,1
4753,290259.5,252796.0,0.0,0.0,1,1
4754,290259.5,252796.0,0.0,0.0,1,1
4755,290259.5,252796.0,0.0,0.0,1,1
4756,290259.5,252796.0,0.0,0.0,1,1
4757,290259.5,252796.0,0.0,0.0,1,1
4758,290259.5,252796.0,0.0,0.0,1,1
4759,290142.5,252796.0,0.0,0.0,1,1
4760,290142.5,252796.0,0.0,0.0,1,1
4761,290142.5,252796.0,0.0,0.0,1,1
4762,290142.5,252796.0,0.0,0.0,1,1
4763,290142.5,252796.0,0.0,0.0,1,1
4764,290142.5,252796.0,0.0,0.0,1,1
4765,290142.5,252796.0,0.0,0.0,1,1
4766,290142.5,252796.0,0.0,0.0,1,1
4767,290142.5,252796.0,0.0,0.0,1,1
4768,290142.5,252796.0,0.0,0.0,1,1
4769,290142.5,252796.0,0.0,0.0,1,1
4770,290142.5,252796.0,0.0,0.0,1,1
4771,290142.5,252796.0,0.0,0.0,1,1
4772,290142.5,252796.0,0.0,0.0,1,1
4773,290142.5,252796.0,0.0,0.0,1,1
4774,290142.5,252796.0,0.0,0.0,1,1
4775,290142.5,252796.0,0.0,0.0,1,1
4776,290142.5,252796.0,0.0,0.0,1,1
4777,290142.5,252796.0,0.0,0.0,1,1
4778,290142.5,252796.0,0.0,0.0,1,1
4779,290142.5,252796.0,0.0,0.0,1,1
4780,290142.5,252796.0,0.0,0.0,1,1
4781,290142.5,252796.0,0.0,0.0,1,1
4782,290142.5,252796.0,0.0,0.0,1,1
4783,290142.5,252796.0,0.0,0.0,1,1
4784,290142.5,252796.0,0.0,0.0,1,1
4785,290142.5,252796.0,0.0,0.0,1,1
4786,290142.5,252796.0,0.0,0.0,1,1
4787,290142.5,252796.0,0.0,0.0,1,1
4788,290142.5,252796.0,0.0,0.0,1,1
4789,290142.5,252796.0,0.0,0.0,1,1
4790,290142.5,252796.0,0.0,0.0,1,1
4791,290142.5,252796.0,0.0,0.0,1,1
4792,290142.5,252796.0,0.0,0.0,1,1
4793,290142.5,252796.0,0.0,0.0,1,1
4794,290142.5,252796.0,0.0,0.0,1,1
4795,290142.5,252796.0,0.0,0.0,1,1
4796,290142.5,252796.0,0.0,0.0,1,1
4797,290142.5,252796.0,0.0,0.0,1,1
4798,290142.5,252796.0,0.0,0.0,1,1
4799,290142.5,252796.0,0.0,0.0,1,1
4800,290142.5,252796.0,0.0,0.0,1,1
4801,290142.5,252796.0,0.0,0.0,1,1
4802,290142.5,252796.0,0.0,0.0,1,1
4803,290142.5,252796.0,0.0,0.0,1,1
4804,290142.5,252796.0,0.0,0.0,1,1
4805,290142.5,252796.0,0.0,0.0,1,1
4806,290142.5,252796.0,0.0,0.0,1,1
4807,290142.5,252796.0,0.0,0.0,1,1
4808,290142.5,252796.0,0.0,0.0,1,1
4809,290142.5,252796.0,0.0,0.0,1,1
4810,290142.5,252796.0,0.0,0.0,1,1
4811,290142.5,252796.0,0.0,0.0,1,1
4812,290142.5,252796.0,0.0,0.0,1,1
4813,290142.5,252796.0,0.0,0.0,1,1
4814,290134.5,252796.0,0.0,0.0,1,1
4815,290134.5,252796.0,0.0,0.0,1,1
4816,290134.5,252796.0,0.0,0.0,1,1
4817,290134.5,252796.0,0.0,0.0,1,1
4818,290134.5,252796.0,0.0,0.0,1,1
4819,290134.5,252796.0,0.0,0.0,1,1
4820,290134.5,252796.0,0.0,0.0,1,1
4821,290134.5,252796.0,0.0,0.0,1,1
4822,290134.5,252796.0,0.0,0.0,1,1
4823,289784.5,252796.0,0.0,0.0,1,1
4824,289784.5,252796.0,0.0,0.0,1,1
4825,289784.5,252796.0,0.0,0.0,1,1
4826,289673.5,252796.0,0.0,0.0,1,1
4827,289673.5,252796.0,0.0,0.0,1,1
4828,289673.5,252796.0,0.0,0.0,1,1
4829,289673.5,252796.0,0.0,0.0,1,1
4830,289450.5,252796.0,0.0,0.0,1,1
4831,289450.5,252796.0,0.0,0.0,1,1
4832,289450.5,252796.0,0.0,0.0,1,1
4833,289450.5,252796.0,0.0,0.0,1,1
4834,289450.5,252796.0,0.0,0.0,1,1
4835,289450.5,252796.0,0.0,0.0,1,1
4836,289450.5,252796.0,0.0,0.0,1,1
4837,289450.5,252796.0,0.0,0.0,1,1
4838,289450.5,252796.0,0.0,0.0,1,1
4839,289450.5,252796.0,0.0,0.0,1,1
4840,289450.5,252796.0,0.0,0.0,1,1
4841,289450.5,252796.0,0.0,0.0,1,1
4842,289450.5,252796.0,0.0,0.0,1,1
4843,292315.5,252796.0,0.0,0.0,1,1
4844,292315.5,252796.0,0.0,0.0,1,1
4845,292315.5,252796.0,0.0,0.0,1,1
4846,292315.5,252796.0,0.0,0.0,1,1
4847,292315.5,252796.0,0.0,0.0,1,1
4848,292315.5,252796.0,0.0,0.0,1,1
4849,292315.5,252796.0,0.0,0.0,1,1
4850,292315.5,252796.0,0.0,0.0,1,1
4851,292315.5,252796.0,0.0,0.0,1,1
4852,292315.5,252796.0,0.0,0.0,1,1
4853,292315.5,252796.0,0.0,0.0,1,1
4854,292315.5,252796.0,0.0,0.0,1,1
4855,292315.5,252796.0,0.0,0.0,1,1
4856,292315.5,252796.0,0.0,0.0,1,1
4857,292315.5,252796.0,0.0,0.0,1,1
4858,292315.5,252796.0,0.0,0.0,1,1
4859,292315.5,252796.0,0.0,0.0,1,1
4860,292315.5,252796.0,0.0,0.0,1,1
4861,292315.5,252796.0,0.0,0.0,1,1
4862,292315.5,252796.0,0.0,0.0,1,1
4863,292315.5,252796.0,0.0,0.0,1,1
4864,292315.5,252796.0,0.0,0.0,1,1
4865,292315.5,252796.0,0.0,0.0,1,1
4866,292315.5,252796.0,0.0,0.0,1,1
4867,292315.5,252796.0,0.0,0.0,1,1
4868,292315.5,252796.0,0.0,0.0,1,1
4869,292315.5,252796.0,0.0,0.0,1,1
4870,292315.5,252796.0,0.0,0.0,1,1
4871,292315.5,252796.0,0.0,0.0,1,1
4872,292315.5,252796.0,0.0,0.0,1,1
4873,292315.5,252796.0,0.0,0.0,1,1
4874,292315.5,252796.0,0.0,0.0,1,1
4875,292315.5,252796.0,0.0,0.0,1,1
4876,292315.5,252796.0,0.0,0.0,1,1
4877,292315.5,252796.0,0.0,0.0,1,1
4878,292315.5,252796.0,0.0,0.0,1,1
4879,292315.5,252796.0,0.0,0.0,1,1
4880,292315.5,252796.0,0.0,0.0,1,1
4881,292315.5,252796.0,0.0,0.0,1,1
4882,292315.5,252796.0,0.0,0.0,1,1
4883,292315.5,252796.0,0.0,0.0,1,1
4884,292315.5,252796.0,0.0,0.0,1,1
4885,292315.5,252796.0,0.0,0.0,1,1
4886,292315.5,252796.0,0.0,0.0,1,1
4887,292315.5,252796.0,0.0,0.0,1,1
4888,292315.5,252796.0,0.0,0.0,1,1
4889,292315.5,252796.0,0.0,0.0,1,1
4890,292315.5,252796.0,0.0,0.0,1,1
4891,292315.5,252796.0,0.0,0.0,1,1
4892,292315.5,252796.0,0.0,0.0,1,1
4893,292315.5,252796.0,0.0,0.0,1,1
4894,292315.5,252796.0,0.0,0.0,1,1
4895,292315.5,252796.0,0.0,0.0,1,1
4896,292315.5,252796.0,0.0,0.0,1,1
4897,292315.5,252796.0,0.0,0.0,1,1
4898,292315.5,252796.0,0.0,0.0,1,1
4899,292357.0,252796.0,0.0,0.0,1,1
4900,292357.0,252796.0,0.0,0.0,1,1
4901,292357.0,252796.0,0.0,0.0,1,1
4902,292357.0,252796.0,0.0,0.0,1,1
4903,292357.0,252796.0,0.0,0.0,1,1
4904,292357.0,252796.0,0.0,0.0,1,1
4905,292357.0,252796.0,0.0,0.0,1,1
4906,292357.0,252796.0,0.0,0.0,1,1
4907,292357.0,252796.0,0.0,0.0,1,1
4908,292357.0,252796.0,0.0,0.0,1,1
4909,292357.0,252796.0,0.0,0.0,1,1
4910,292357.0,252796.0,0.0,0.0,1,1
4911,292357.0,252796.0,0.0,0.0,1,1
4912,292357.0,252796.0,0.0,0.0,1,1
4913,292357.0,252796.0,0.0,0.0,1,1
4914,292357.0,252796.0,0.0,0.0,1,1
4915,292357.0,252796.0,0.0,0.0,1,1
4916,292357.0,252796.0,0.0,0.0,1,1
4917,292357.0,252796.0,0.0,0.0,1,1
4918,292357.0,252796.0,0.0,0.0,1,1
4919,292357.0,252796.0,0.0,0.0,1,1
4920,292357.0,252796.0,0.0,0.0,1,1
4921,292357.0,252796.0,0.0,0.0,1,1
4922,292357.0,252796.0,0.0,0.0,1,1
4923,292357.0,252796.0,0.0,0.0,1,1
4924,292357.0,252796.0,0.0,0.0,1,1
4925,292357.0,252796.0,0.0,0.0,1,1
4926,292357.0,252796.0,0.0,0.0,1,1
4927,292357.0,252796.0,0.0,0.0,1,1
4928,292357.0,252796.0,0.0,0.0,1,1
4929,292357.0,252796.0,0.0,0.0,1,1
4930,292357.0,252796.0,0.0,0.0,1,1
4931,292357.0,252796.0,0.0,0.0,1,1
4932,292357.0,252796.0,0.0,0.0,1,1
4933,292357.0,252796.0,0.0,0.0,1,1
4934,292357.0,252796.0,0.0,0.0,1,1
4935,292357.0,252796.0,0.0,0.0,1,1
4936,292357.0,252796.0,0.0,0.0,1,1
4937,292357.0,252796.0,0.0,0.0,1,1
4938,292357.0,252796.0,0.0,0.0,1,1
4939,292357.0,252796.0,0.0,0.0,1,1
4940,292357.0,252796.0,0.0,0.0,1,1
4941,292357.0,252796.0,0.0,0.0,1,1
4942,292357.0,252796.0,0.0,0.0,1,1
4943,292357.0,252796.0,0.0,0.0,1,1
4944,292357.0,252796.0,0.0,0.0,1,1
4945,292357.0,252796.0,0.0,0.0,1,1
4946,292357.0,252796.0,0.0,0.0,1,1
4947,292357.0,252796.0,0.0,0.0,1,1
4948,292357.0,252796.0,0.0,0.0,1,1
4949,292114.0,252796.0,0.0,0.0,1,1
4950,292114.0,252796.0,0.0,0.0,1,1
4951,292114.0,252796.0,0.0,0.0,1,1
4952,292114.0,252796.0,0.0,0.0,1,1
4953,292114.0,252796.0,0.0,0.0,1,1
4954,292114.0,252796.0,0.0,0.0,1,1
4955,292114.0,252796.0,0.0,0.0,1,1
4956,292114.0,252796.0,0.0,0.0,1,1
4957,292114.0,252796.0,0.0,0.0,1,1
4958,292114.0,252796.0,0.0,0.0,1,1
4959,292114.0,252796.0,0.0,0.0,1,1
4960,292114.0,252796.0,0.0,0.0,1,1
4961,292114.0,252796.0,0.0,0.0,1,1
4962,292114.0,252796.0,0.0,0.0,1,1
4963,292114.0,252796.0,0.0,0.0,1,1
4964,292114.0,252796.0,0.0,0.0,1,1
4965,292114.0,252796.0,0.0,0.0,1,1
4966,292114.0,252796.0,0.0,0.0,1,1
4967,292114.0,252796.0,0.0,0.0,1,1
4968,292114.0,252796.0,0.0,0.0,1,1
4969,292114.0,252796.0,0.0,0.0,1,1
4970,292114.0,252796.0,0.0,0.0,1,1
4971,292114.0,252796.0,0.0,0.0,1,1
4972,292114.0,252796.0,0.0,0.0,1,1
4973,292114.0,252796.0,0.0,0.0,1,1
4974,292114.0,252796.0,0.0,0.0,1,1
4975,292114.0,252796.0,0.0,0.0,1,1
4976,292114.0,252796.0,0.0,0.0,1,1
4977,292114.0,252796.0,0.0,0.0,1,1
4978,292114.0,252796.0,0.0,0.0,1,1
4979,292114.0,252796.0,0.0,0.0,1,1
4980,292114.0,252796.0,0.0,0.0,1,1
4981,292114.0,252796.0,0.0,0.0,1,1
4982,292114.0,252796.0,0.0,0.0,1,1
4983,292114.0,252796.0,0.0,0.0,1,1
4984,292114.0,252796.0,0.0,0.0,1,1
4985,292114.0,252796.0,0.0,0.0,1,1
4986,292114.0,252796.0,0.0,0.0,1,1
4987,292114.0,252796.0,0.0,0.0,1,1
4988,292223.0,252796.0,0.0,0.0,1,1
4989,292223.0,252796.0,0.0,0.0,1,1
4990,292223.0,252796.0,0.0,0.0,1,1
4991,292223.0,252796.0,0.0,0.0,1,1
4992,292223.0,252796.0,0.0,0.0,1,1
4993,292223.0,252796.0,0.0,0.0,1,1
4994,290958.5,252796.0,0.0,0.0,1,1
4995,290958.5,252796.0,0.0,0.0,1,1
4996,290958.5,252796.0,0.0,0.0,1,1
4997,290958.5,252796.0,0.0,0.0,1,1
4998,290958.5,252796.0,0.0,0.0,1,1
4999,290958.5,252796.0,0.0,0.0,1,1
5000,290958.5,252796.0,0.0,0.0,1,1
5001,290958.5,252796.0,0.0,0.0,1,1
5002,290958.5,252796.0,0.0,0.0,1,1
5003,290958.5,252796.0,0.0,0.0,1,1
5004,290958.5,252796.0,0.0,0.0,1,1
5005,290958.5,252796.0,0.0,0.0,1,1
5006,290958.5,252796.0,0.0,0.0,1,1
5007,290958.5,252796.0,0.0,0.0,1,1
5008,290958.5,252796.0,0.0,0.0,1,1
5009,290958.5,252796.0,0.0,0.0,1,1
5010,290958.5,252796.0,0.0,0.0,1,1
5011,290958.5,252796.0,0.0,0.0,1,1
5012,290958.5,252796.0,0.0,0.0,1,1
5013,290958.5,252796.0,0.0,0.0,1,1
5014,290958.5,252796.0,0.0,0.0,1,1
5015,290958.5,252796.0,0.0,0.0,1,1
5016,290958.5,252796.0,0.0,0.0,1,1
5017,290958.5,252796.0,0.0,0.0,1,1
5018,290958.5,252796.0,0.0,0.0,1,1
5019,290958.5,252796.0,0.0,0.0,1,1
5020,290958.5,252796.0,0.0,0.0,1,1
5021,290958.5,252796.0,0.0,0.0,1,1
5022,290958.5,252796.0,0.0,0.0,1,1
5023,290958.5,252796.0,0.0,0.0,1,1
5024,290958.5,252796.0,0.0,0.0,1,1
5025,290958.5,252796.0,0.0,0.0,1,1
5026,290958.5,252796.0,0.0,0.0,1,1
5027,290958.5,252796.0,0.0,0.0,1,1
5028,290958.5,252796.0,0.0,0.0,1,1
5029,290958.5,252796.0,0.0,0.0,1,1
5030,290958.5,252796.0,0.0,0.0,1,1
5031,290958.5,252796.0,0.0,0.0,1,1
5032,290958.5,252796.0,0.0,0.0,1,1
5033,290958.5,252796.0,0.0,0.0,1,1
5034,290948.5,252796.0,0.0,0.0,1,1
5035,290948.5,252796.0,0.0,0.0,1,1
5036,290948.5,252796.0,0.0,0.0,1,1
5037,290948.5,252796.0,0.0,0.0,1,1
5038,290948.5,252796.0,0.0,0.0,1,1
5039,290948.5,252796.0,0.0,0.0,1,1
5040,290948.5,252796.0,0.0,0.0,1,1
5041,290948.5,252796.0,0.0,0.0,1,1
5042,290948.5,252796.0,0.0,0.0,1,1
5043,290948.5,252796.0,0.0,0.0,1,1
5044,290948.5,252796.0,0.0,0.0,1,1
5045,290948.5,252796.0,0.0,0.0,1,1
5046,290948.5,252796.0,0.0,0.0,1,1
5047,290948.5,252796.0,0.0,0.0,1,1
5048,290948.5,252796.0,0.0,0.0,1,1
5049,290948.5,252796.0,0.0,0.0,1,1
5050,290948.5,252796.0,0.0,0.0,1,1
5051,290948.5,252796.0,0.0,0.0,1,1
5052,290948.5,252796.0,0.0,0.0,1,1
5053,290948.5,252796.0,0.0,0.0,1,1
5054,290948.5,252796.0,0.0,0.0,1,1
5055,290948.5,252796.0,0.0,0.0,1,1
5056,290948.5,252796.0,0.0,0.0,1,1
5057,290948.5,252796.0,0.0,0.0,1,1
5058,290948.5,252796.0,0.0,0.0,1,1
5059,290948.5,252796.0,0.0,0.0,1,1
5060,290948.5,252796.0,0.0,0.0,1,1
5061,290948.5,252796.0,0.0,0.0,1,1
5062,290948.5,252796.0,0.0,0.0,1,1
5063,290948.5,252796.0,0.0,0.0,1,1
5064,290948.5,252796.0,0.0,0.0,1,1
5065,290948.5,252796.0,0.0,0.0,1,1
5066,290948.5,252796.0,0.0,0.0,1,1
5067,290948.5,252796.0,0.0,0.0,1,1
5068,290948.5,252796.0,0.0,0.0,1,1
5069,290948.5,252796.0,0.0,0.0,1,1
5070,290948.5,252796.0,0.0,0.0,1,1
5071,290948.5,252796.0,0.0,0.0,1,1
5072,290948.5,252796.0,0.0,0.0,1,1
5073,290948.5,252796.0,0.0,0.0,1,1
5074,290948.5,252796.0,0.0,0.0,1,1
5075,290870.0,252796.0,0.0,0.0,1,1
5076,290870.0,252796.0,0.0,0.0,1,1
5077,290870.0,252796.0,0.0,0.0,1,1
5078,290870.0,252796.0,0.0,0.0,1,1
5079,290870.0,252796.0,0.0,0.0,1,1
5080,290791.5,252796.0,0.0,0.0,1,1
5081,290791.5,252796.0,0.0,0.0,1,1
5082,290791.5,252796.0,0.0,0.0,1,1
5083,290791.5,252796.0,0.0,0.0,1,1
5084,290791.5,252796.0,0.0,0.0,1,1
5085,290791.5,252796.0,0.0,0.0,1,1
5086,290791.5,252796.0,0.0,0.0,1,1
5087,290791.5,252796.0,0.0,0.0,1,1
5088,290791.5,252796.0,0.0,0.0,1,1
5089,290791.5,252796.0,0.0,0.0,1,1
5090,290791.5,252796.0,0.0,0.0,1,1
5091,290791.5,252796.0,0.0,0.0,1,1
5092,290791.5,252796.0,0.0,0.0,1,1
5093,290791.5,252796.0,0.0,0.0,1,1
5094,290791.5,252796.0,0.0,0.0,1,1
5095,290791.5,252796.0,0.0,0.0,1,1
5096,290791.5,252796.0,0.0,0.0,1,1
5097,290791.5,252796.0,0.0,0.0,1,1
5098,290791.5,252796.0,0.0,0.0,1,1
5099,290791.5,252796.0,0.0,0.0,1,1
5100,290791.5,252796.0,0.0,0.0,1,1
5101,290791.5,252796.0,0.0,0.0,1,1
5102,290850.5,252796.0,0.0,0.0,1,1
5103,290850.5,252796.0,0.0,0.0,1,1
5104,290850.5,252796.0,0.0,0.0,1,1
5105,290850.5,252796.0,0.0,0.0,1,1
5106,290702.0,252796.0,0.0,0.0,1,1
5107,290702.0,252796.0,0.0,0.0,1,1
5108,290702.0,252796.0,0.0,0.0,1,1
5109,290702.0,252796.0,0.0,0.0,1,1
5110,290702.0,252796.0,0.0,0.0,1,1
5111,290702.0,252796.0,0.0,0.0,1,1
5112,290702.0,252796.0,0.0,0.0,1,1
5113,290702.0,252796.0,0.0,0.0,1,1
5114,290702.0,252796.0,0.0,0.0,1,1
5115,290702.0,252796.0,0.0,0.0,1,1
5116,290702.0,252796.0,0.0,0.0,1,1
5117,290702.0,252796.0,0.0,0.0,1,1
5118,290702.0,252796.0,0.0,0.0,1,1
5119,290702.0,252796.0,0.0,0.0,1,1
5120,290702.0,252796.0,0.0,0.0,1,1
5121,290357.5,252796.0,0.0,0.0,1,1
5122,290357.5,252796.0,0.0,0.0,1,1
5123,290357.5,252796.0,0.0,0.0,1,1
5124,290357.5,252796.0,0.0,0.0,1,1
5125,290357.5,252796.0,0.0,0.0,1,1
5126,290357.5,252796.0,0.0,0.0,1,1
5127,290357.5,252796.0,0.0,0.0,1,1
5128,290357.5,252796.0,0.0,0.0,1,1
5129,290357.5,252796.0,0.0,0.0,1,1
5130,290357.5,252796.0,0.0,0.0,1,1
5131,290357.5,252796.0,0.0,0.0,1,1
5132,290357.5,252796.0,0.0,0.0,1,1
5133,290357.5,252796.0,0.0,0.0,1,1
5134,290357.5,252796.0,0.0,0.0,1,1
5135,290357.5,252796.0,0.0,0.0,1,1
5136,290357.5,252796.0,0.0,0.0,1,1
5137,290357.5,252796.0,0.0,0.0,1,1
5138,290357.5,252796.0,0.0,0.0,1,1
5139,290357.5,252796.0,0.0,0.0,1,1
5140,290357.5,252796.0,0.0,0.0,1,1
5141,290357.5,252796.0,0.0,0.0,1,1
5142,290357.5,252796.0,0.0,0.0,1,1
5143,290357.5,252796.0,0.0,0.0,1,1
5144,290357.5,252796.0,0.0,0.0,1,1
5145,290357.5,252796.0,0.0,0.0,1,1
5146,290357.5,252796.0,0.0,0.0,1,1
5147,290357.5,252796.0,0.0,0.0,1,1
5148,290357.5,252796.0,0.0,0.0,1,1
5149,290357.5,252796.0,0.0,0.0,1,1
5150,290357.5,252796.0,0.0,0.0,1,1
5151,290357.5,252796.0,0.0,0.0,1,1
5152,289925.0,252796.0,0.0,0.0,1,1
5153,289925.0,252796.0,0.0,0.0,1,1
5154,289925.0,252796.0,0.0,0.0,1,1
5155,289925.0,252796.0,0.0,0.0,1,1
5156,289795.0,252796.0,0.0,0.0,1,1
5157,289795.0,252796.0,0.0,0.0,1,1
5158,289795.0,252796.0,0.0,0.0,1,1
5159,289795.0,252796.0,0.0,0.0,1,1
5160,289795.0,252796.0,0.0,0.0,1,1
5161,289795.0,252796.0,0.0,0.0,1,1
5162,289795.0,252796.0,0.0,0.0,1,1
5163,289795.0,252796.0,0.0,0.0,1,1
5164,289795.0,252796.0,0.0,0.0,1,1
5165,289795.0,252796.0,0.0,0.0,1,1
5166,289795.0,252796.0,0.0,0.0,1,1
5167,289795.0,252796.0,0.0,0.0,1,1
5168,289795.0,252796.0,0.0,0.0,1,1
5169,289795.0,252796.0,0.0,0.0,1,1
5170,289795.0,252796.0,0.0,0.0,1,1
5171,289795.0,252796.0,0.0,0.0,1,1
5172,289795.0,252796.0,0.0,0.0,1,1
5173,289795.0,252796.0,0.0,0.0,1,1
5174,289795.0,252796.0,0.0,0.0,1,1
5175,289795.0,252796.0,0.0,0.0,1,1
5176,289795.0,252796.0,0.0,0.0,1,1
5177,289795.0,252796.0,0.0,0.0,1,1
5178,289795.0,252796.0,0.0,0.0,1,1
5179,289795.0,252796.0,0.0,0.0,1,1
5180,289795.0,252796.0,0.0,0.0,1,1
5181,289980.0,252796.0,0.0,0.0,1,1
5182,289980.0,252796.0,0.0,0.0,1,1
5183,289980.0,252796.0,0.0,0.0,1,1
5184,289980.0,252796.0,0.0,0.0,1,1
5185,289980.0,252796.0,0.0,0.0,1,1
5186,289980.0,252796.0,0.0,0.0,1,1
5187,289980.0,252796.0,0.0,0.0,1,1
5188,289705.5,252796.0,0.0,0.0,1,1
5189,289705.5,252796.0,0.0,0.0,1,1
5190,289705.5,252796.0,0.0,0.0,1,1
5191,289705.5,252796.0,0.0,0.0,1,1
5192,289705.5,252796.0,0.0,0.0,1,1
5193,289705.5,252796.0,0.0,0.0,1,1
5194,289705.5,252796.0,0.0,0.0,1,1
5195,289705.5,252796.0,0.0,0.0,1,1
5196,289705.5,252796.0,0.0,0.0,1,1
5197,289705.5,252796.0,0.0,0.0,1,1
5198,289705.5,252796.0,0.0,0.0,1,1
5199,289705.5,252796.0,0.0,0.0,1,1
5200,289705.5,252796.0,0.0,0.0,1,1
5201,289705.5,252796.0,0.0,0.0,1,1
5202,289705.5,252796.0,0.0,0.0,1,1
5203,289705.5,252796.0,0.0,0.0,1,1
5204,289705.5,252796.0,0.0,0.0,1,1
5205,289705.5,252796.0,0.0,0.0,1,1
5206,289705.5,252796.0,0.0,0.0,1,1
5207,289692.5,252796.0,0.0,0.0,1,1
5208,289692.5,252796.0,0.0,0.0,1,1
5209,289692.5,252796.0,0.0,0.0,1,1
5210,289692.5,252796.0,0.0,0.0,1,1
5211,289692.5,252796.0,0.0,0.0,1,1
5212,289692.5,252796.0,0.0,0.0,1,1
5213,289692.5,252796.0,0.0,0.0,1,1
5214,289692.5,252796.0,0.0,0.0,1,1
5215,289800.0,252796.0,0.0,0.0,1,1
5216,289800.0,252796.0,0.0,0.0,1,1
5217,289800.0,252796.0,0.0,0.0,1,1
5218,289800.0,252796.0,0.0,0.0,1,1
5219,289800.0,252796.0,0.0,0.0,1,1
5220,289800.0,252796.0,0.0,0.0,1,1
5221,289800.0,252796.0,0.0,0.0,1,1
5222,289800.0,252796.0,0.0,0.0,1,1
5223,289800.0,252796.0,0.0,0.0,1,1
5224,289800.0,252796.0,0.0,0.0,1,1
5225,289800.0,252796.0,0.0,0.0,1,1
5226,289800.0,252796.0,0.0,0.0,1,1
5227,289800.0,252796.0,0.0,0.0,1,1
5228,289808.0,252796.0,0.0,0.0,1,1
5229,289808.0,252796.0,0.0,0.0,1,1
5230,289808.0,252796.0,0.0,0.0,1,1
5231,289808.0,252796.0,0.0,0.0,1,1
5232,289808.0,252796.0,0.0,0.0,1,1
5233,289808.0,252796.0,0.0,0.0,1,1
5234,289808.0,252796.0,0.0,0.0,1,1
5235,289808.0,252796.0,0.0,0.0,1,1
5236,289808.0,252796.0,0.0,0.0,1,1
5237,289808.0,252796.0,0.0,0.0,1,1
5238,289808.0,252796.0,0.0,0.0,1,1
5239,289808.0,252796.0,0.0,0.0,1,1
5240,289808.0,252796.0,0.0,0.0,1,1
5241,289808.0,252796.0,0.0,0.0,1,1
5242,289808.0,252796.0,0.0,0.0,1,1
5243,289808.0,252796.0,0.0,0.0,1,1
5244,289808.0,252796.0,0.0,0.0,1,1
5245,289808.0,252796.0,0.0,0.0,1,1
5246,289808.0,252796.0,0.0,0.0,1,1
5247,289808.0,252796.0,0.0,0.0,1,1
5248,289808.0,252796.0,0.0,0.0,1,1
5249,289808.0,252796.0,0.0,0.0,1,1
5250,289808.0,252796.0,0.0,0.0,1,1
5251,289808.0,252796.0,0.0,0.0,1,1
5252,289808.0,252796.0,0.0,0.0,1,1
5253,289808.0,252796.0,0.0,0.0,1,1
5254,289808.0,252796.0,0.0,0.0,1,1
5255,289808.0,252796.0,0.0,0.0,1,1
5256,289808.0,252796.0,0.0,0.0,1,1
5257,289808.0,252796.0,0.0,0.0,1,1
5258,289808.0,252796.0,0.0,0.0,1,1
5259,289808.0,252796.0,0.0,0.0,1,1
5260,289808.0,252796.0,0.0,0.0,1,1
5261,289808.0,252796.0,0.0,0.0,1,1
5262,289808.0,252796.0,0.0,0.0,1,1
5263,289808.0,252796.0,0.0,0.0,1,1
5264,289808.0,252796.0,0.0,0.0,1,1
5265,289808.0,252796.0,0.0,0.0,1,1
5266,289808.0,252796.0,0.0,0.0,1,1
5267,289808.0,252796.0,0.0,0.0,1,1
5268,289808.0,252796.0,0.0,0.0,1,1
5269,289808.0,252796.0,0.0,0.0,1,1
5270,289808.0,252796.0,0.0,0.0,1,1
5271,289808.0,252796.0,0.0,0.0,1,1
5272,289808.0,252796.0,0.0,0.0,1,1
5273,289808.0,252796.0,0.0,0.0,1,1
5274,289431.0,252796.0,0.0,0.0,1,1
5275,289431.0,252796.0,0.0,0.0,1,1
5276,289431.0,252796.0,0.0,0.0,1,1
5277,289725.0,252796.0,0.0,0.0,1,1
5278,289725.0,252796.0,0.0,0.0,1,1
5279,289725.0,252796.0,0.0,0.0,1,1
5280,289725.0,252796.0,0.0,0.0,1,1
5281,289725.0,252796.0,0.0,0.0,1,1
5282,289725.0,252796.0,0.0,0.0,1,1
5283,289725.0,252796.0,0.0,0.0,1,1
5284,289725.0,252796.0,0.0,0.0,1,1
5285,289869.0,252796.0,0.0,0.0,1,1
5286,289869.0,252796.0,0.0,0.0,1,1
5287,289869.0,252796.0,0.0,0.0,1,1
5288,289869.0,252796.0,0.0,0.0,1,1
5289,289869.0,252796.0,0.0,0.0,1,1
5290,289869.0,252796.0,0.0,0.0,1,1
5291,289869.0,252796.0,0.0,0.0,1,1
5292,289869.0,252796.0,0.0,0.0,1,1
5293,289869.0,252796.0,0.0,0.0,1,1
5294,289869.0,252796.0,0.0,0.0,1,1
5295,289869.0,252796.0,0.0,0.0,1,1
5296,289869.0,252796.0,0.0,0.0,1,1
5297,289869.0,252796.0,0.0,0.0,1,1
5298,289869.0,252796.0,0.0,0.0,1,1
5299,289869.0,252796.0,0.0,0.0,1,1
5300,289869.0,252796.0,0.0,0.0,1,1
5301,289869.0,252796.0,0.0,0.0,1,1
5302,289869.0,252796.0,0.0,0.0,1,1
5303,289869.0,252796.0,0.0,0.0,1,1
5304,289869.0,252796.0,0.0,0.0,1,1
5305,289869.0,252796.0,0.0,0.0,1,1
5306,289869.0,252796.0,0.0,0.0,1,1
5307,289869.0,252796.0,0.0,0.0,1,1
5308,289869.0,252796.0,0.0,0.0,1,1
5309,289869.0,252796.0,0.0,0.0,1,1
5310,289869.0,252796.0,0.0,0.0,1,1
5311,289869.0,252796.0,0.0,0.0,1,1
5312,289869.0,252796.0,0.0,0.0,1,1
5313,289869.0,252796.0,0.0,0.0,1,1
5314,289869.0,252796.0,0.0,0.0,1,1
5315,289869.0,252796.0,0.0,0.0,1,1
5316,289869.0,252796.0,0.0,0.0,1,1
5317,289869.0,252796.0,0.0,0.0,1,1
5318,289818.0,252796.0,0.0,0.0,1,1
5319,289818.0,252796.0,0.0,0.0,1,1
5320,289818.0,252796.0,0.0,0.0,1,1
5321,289818.0,252796.0,0.0,0.0,1,1
5322,289818.0,252796.0,0.0,0.0,1,1
5323,289818.0,252796.0,0.0,0.0,1,1
5324,289818.0,252796.0,0.0,0.0,1,1
5325,289818.0,252796.0,0.0,0.0,1,1
5326,289818.0,252796.0,0.0,0.0,1,1
5327,289818.0,252796.0,0.0,0.0,1,1
5328,289818.0,252796.0,0.0,0.0,1,1
5329,289818.0,252796.0,0.0,0.0,1,1
5330,289818.0,252796.0,0.0,0.0,1,1
5331,289737.0,252796.0,0.0,0.0,1,1
5332,289737.0,252796.0,0.0,0.0,1,1
5333,289737.0,252796.0,0.0,0.0,1,1
5334,289737.0,252796.0,0.0,0.0,1,1
5335,289737.0,252796.0,0.0,0.0,1,1
5336,289737.0,252796.0,0.0,0.0,1,1
5337,289737.0,252796.0,0.0,0.0,1,1
5338,289737.0,252796.0,0.0,0.0,1,1
5339,289737.0,252796.0,0.0,0.0,1,1
5340,289737.0,252796.0,0.0,0.0,1,1
5341,289737.0,252796.0,0.0,0.0,1,1
5342,289737.0,252796.0,0.0,0.0,1,1
5343,289737.0,252796.0,0.0,0.0,1,1
5344,289737.0,252796.0,0.0,0.0,1,1
5345,289737.0,252796.0,0.0,0.0,1,1
5346,289737.0,252796.0,0.0,0.0,1,1
5347,289737.0,252796.0,0.0,0.0,1,1
5348,289737.0,252796.0,0.0,0.0,1,1
5349,289737.0,252796.0,0.0,0.0,1,1
5350,289737.0,252796.0,0.0,0.0,1,1
5351,289733.0,252796.0,0.0,0.0,1,1
5352,289413.0,252796.0,0.0,0.0,1,1
5353,289413.0,252796.0,0.0,0.0,1,1
5354,289413.0,252796.0,0.0,0.0,1,1
5355,289413.0,252796.0,0.0,0.0,1,1
5356,289413.0,252796.0,0.0,0.0,1,1
5357,288245.0,252796.0,0.0,0.0,1,1
5358,288245.0,252796.0,0.0,0.0,1,1
5359,288245.0,252796.0,0.0,0.0,1,1
5360,288245.0,252796.0,0.0,0.0,1,1
5361,288245.0,252796.0,0.0,0.0,1,1
5362,288245.0,252796.0,0.0,0.0,1,1
5363,288245.0,252796.0,0.0,0.0,1,1
5364,288245.0,252796.0,0.0,0.0,1,1
5365,288245.0,252796.0,0.0,0.0,1,1
5366,288245.0,252796.0,0.0,0.0,1,1
5367,288245.0,252796.0,0.0,0.0,1,1
5368,288245.0,252796.0,0.0,0.0,1,1
5369,288077.0,252796.0,0.0,0.0,1,1
5370,288077.0,252796.0,0.0,0.0,1,1
5371,287248.5,252796.0,0.0,0.0,1,1
5372,287248.5,252796.0,0.0,0.0,1,1
5373,287248.5,252796.0,0.0,0.0,1,1
5374,287248.5,252796.0,0.0,0.0,1,1
5375,287248.5,252796.0,0.0,0.0,1,1
5376,287456.5,252796.0,0.0,0.0,1,1
5377,287456.5,252796.0,0.0,0.0,1,1
5378,287456.5,252796.0,0.0,0.0,1,1
5379,287456.5,252796.0,0.0,0.0,1,1
5380,287456.5,252796.0,0.0,0.0,1,1
5381,287456.5,252796.0,0.0,0.0,1,1
5382,287456.5,252796.0,0.0,0.0,1,1
5383,287456.5,252796.0,0.0,0.0,1,1
5384,287456.5,252796.0,0.0,0.0,1,1
5385,287456.5,252796.0,0.0,0.0,1,1
5386,287456.5,252796.0,0.0,0.0,1,1
5387,287456.5,252796.0,0.0,0.0,1,1
5388,287456.5,252796.0,0.0,0.0,1,1
5389,287456.5,252796.0,0.0,0.0,1,1
5390,287456.5,252796.0,0.0,0.0,1,1
5391,287111.5,252796.0,0.0,0.0,1,1
5392,287111.5,252796.0,0.0,0.0,1,1
5393,287111.5,252796.0,0.0,0.0,1,1
5394,287111.5,252796.0,0.0,0.0,1,1
5395,287111.5,252796.0,0.0,0.0,1,1
5396,287111.5,252796.0,0.0,0.0,1,1
5397,287111.5,252796.0,0.0,0.0,1,1
5398,287111.5,252796.0,0.0,0.0,1,1
5399,287111.5,252796.0,0.0,0.0,1,1
5400,287111.5,252796.0,0.0,0.0,1,1
5401,287111.5,252796.0,0.0,0.0,1,1
5402,287111.5,252796.0,0.0,0.0,1,1
5403,287111.5,252796.0,0.0,0.0,1,1
5404,287111.5,252796.0,0.0,0.0,1,1
5405,287111.5,252796.0,0.0,0.0,1,1
5406,287111.5,252796.0,0.0,0.0,1,1
5407,287111.5,252796.0,0.0,0.0,1,1
5408,287111.5,252796.0,0.0,0.0,1,1
5409,287111.5,252796.0,0.0,0.0,1,1
5410,287111.5,252796.0,0.0,0.0,1,1
5411,287111.5,252796.0,0.0,0.0,1,1
5412,287111.5,252796.0,0.0,0.0,1,1
5413,287111.5,252796.0,0.0,0.0,1,1
5414,287111.5,252796.0,0.0,0.0,1,1
5415,287111.5,252796.0,0.0,0.0,1,1
5416,287111.5,252796.0,0.0,0.0,1,1
5417,287111.5,252796.0,0.0,0.0,1,1
5418,287111.5,252796.0,0.0,0.0,1,1
5419,287111.5,252796.0,0.0,0.0,1,1
5420,287111.5,252796.0,0.0,0.0,1,1
5421,287111.5,252796.0,0.0,0.0,1,1
5422,287111.5,252796.0,0.0,0.0,1,1
5423,287111.5,252796.0,0.0,0.0,1,1
5424,287111.5,252796.0,0.0,0.0,1,1
5425,287111.5,252796.0,0.0,0.0,1,1
5426,287111.5,252796.0,0.0,0.0,1,1
5427,287111.5,252796.0,0.0,0.0,1,1
5428,287111.5,252796.0,0.0,0.0,1,1
5429,287092.5,252796.0,0.0,0.0,1,1
5430,287092.5,252796.0,0.0,0.0,1,1
5431,287092.5,252796.0,0.0,0.0,1,1
5432,287092.5,252796.0,0.0,0.0,1,1
5433,287092.5,252796.0,0.0,0.0,1,1
5434,287092.5,252796.0,0.0,0.0,1,1
5435,287092.5,252796.0,0.0,0.0,1,1
5436,287092.5,252796.0,0.0,0.0,1,1
5437,287092.5,252796.0,0.0,0.0,1,1
5438,287092.5,252796.0,0.0,0.0,1,1
5439,287549.5,252796.0,0.0,0.0,1,1
5440,287549.5,252796.0,0.0,0.0,1,1
5441,287549.5,252796.0,0.0,0.0,1,1
5442,287549.5,252796.0,0.0,0.0,1,1
5443,287549.5,252796.0,0.0,0.0,1,1
5444,287549.5,252796.0,0.0,0.0,1,1
5445,287574.5,252796.0,0.0,0.0,1,1
5446,287574.5,252796.0,0.0,0.0,1,1
5447,287574.5,252796.0,0.0,0.0,1,1
5448,287574.5,252796.0,0.0,0.0,1,1
5449,287574.5,252796.0,0.0,0.0,1,1
5450,287574.5,252796.0,0.0,0.0,1,1
5451,287574.5,252796.0,0.0,0.0,1,1
5452,287574.5,252796.0,0.0,0.0,1,1
5453,287574.5,252796.0,0.0,0.0,1,1
5454,287574.5,252796.0,0.0,0.0,1,1
5455,287574.5,252796.0,0.0,0.0,1,1
5456,287574.5,252796.0,0.0,0.0,1,1
5457,287574.5,252796.0,0.0,0.0,1,1
5458,287574.5,252796.0,0.0,0.0,1,1
5459,287574.5,252796.0,0.0,0.0,1,1
5460,287574.5,252796.0,0.0,0.0,1,1
5461,287574.5,252796.0,0.0,0.0,1,1
5462,287574.5,252796.0,0.0,0.0,1,1
5463,287574.5,252796.0,0.0,0.0,1,1
5464,287574.5,252796.0,0.0,0.0,1,1
5465,287574.5,252796.0,0.0,0.0,1,1
5466,287574.5,252796.0,0.0,0.0,1,1
5467,287574.5,252796.0,0.0,0.0,1,1
5468,287574.5,252796.0,0.0,0.0,1,1
5469,287574.5,252796.0,0.0,0.0,1,1
5470,287574.5,252796.0,0.0,0.0,1,1
5471,287574.5,252796.0,0.0,0.0,1,1
5472,287574.5,252796.0,0.0,0.0,1,1
5473,287574.5,252796.0,0.0,0.0,1,1
5474,287574.5,252796.0,0.0,0.0,1,1
5475,287574.5,252796.0,0.0,0.0,1,1
5476,287574.5,252796.0,0.0,0.0,1,1
5477,287574.5,252796.0,0.0,0.0,1,1
5478,287574.5,252796.0,0.0,0.0,1,1
5479,287574.5,252796.0,0.0,0.0,1,1
5480,287574.5,252796.0,0.0,0.0,1,1
5481,287574.5,252796.0,0.0,0.0,1,1
5482,287574.5,252796.0,0.0,0.0,1,1
5483,287574.5,252796.0,0.0,0.0,1,1
5484,287574.5,252796.0,0.0,0.0,1,1
5485,287574.5,252796.0,0.0,0.0,1,1
5486,287574.5,252796.0,0.0,0.0,1,1
5487,287574.5,252796.0,0.0,0.0,1,1
5488,287574.5,252796.0,0.0,0.0,1,1
5489,287574.5,252796.0,0.0,0.0,1,1
5490,287574.5,252796.0,0.0,0.0,1,1
5491,287574.5,252796.0,0.0,0.0,1,1
5492,287574.5,252796.0,0.0,0.0,1,1
5493,287574.5,252796.0,0.0,0.0,1,1
5494,287574.5,252796.0,0.0,0.0,1,1
5495,287574.5,252796.0,0.0,0.0,1,1
5496,287574.5,252796.0,0.0,0.0,1,1
5497,287574.5,252796.0,0.0,0.0,1,1
5498,287574.5,252796.0,0.0,0.0,1,1
5499,287574.5,252796.0,0.0,0.0,1,1
5500,287574.5,252796.0,0.0,0.0,1,1
5501,287574.5,252796.0,0.0,0.0,1,1
5502,287574.5,252796.0,0.0,0.0,1,1
5503,287574.5,252796.0,0.0,0.0,1,1
5504,287574.5,252796.0,0.0,0.0,1,1
5505,287593.5,252796.0,0.0,0.0,1,1
5506,287593.5,252796.0,0.0,0.0,1,1
5507,287593.5,252796.0,0.0,0.0,1,1
5508,287593.5,252796.0,0.0,0.0,1,1
5509,287593.5,252796.0,0.0,0.0,1,1
5510,287593.5,252796.0,0.0,0.0,1,1
5511,287593.5,252796.0,0.0,0.0,1,1
5512,287593.5,252796.0,0.0,0.0,1,1
5513,287593.5,252796.0,0.0,0.0,1,1
5514,287593.5,252796.0,0.0,0.0,1,1
5515,287593.5,252796.0,0.0,0.0,1,1
5516,287593.5,252796.0,0.0,0.0,1,1
5517,287593.5,252796.0,0.0,0.0,1,1
5518,287593.5,252796.0,0.0,0.0,1,1
5519,287593.5,252796.0,0.0,0.0,1,1
5520,287593.5,252796.0,0.0,0.0,1,1
5521,287593.5,252796.0,0.0,0.0,1,1
5522,287593.5,252796.0,0.0,0.0,1,1
5523,287270.0,252796.0,0.0,0.0,1,1
5524,287270.0,252796.0,0.0,0.0,1,1
5525,287270.0,252796.0,0.0,0.0,1,1
5526,287270.0,252796.0,0.0,0.0,1,1
5527,287270.0,252796.0,0.0,0.0,1,1
5528,287270.0,252796.0,0.0,0.0,1,1
5529,287270.0,252796.0,0.0,0.0,1,1
5530,287270.0,252796.0,0.0,0.0,1,1
5531,287270.0,252796.0,0.0,0.0,1,1
5532,287270.0,252796.0,0.0,0.0,1,1
5533,287270.0,252796.0,0.0,0.0,1,1
5534,287270.0,252796.0,0.0,0.0,1,1
5535,287270.0,252796.0,0.0,0.0,1,1
5536,287270.0,252796.0,0.0,0.0,1,1
5537,287270.0,252796.0,0.0,0.0,1,1
5538,287270.0,252796.0,0.0,0.0,1,1
5539,287270.0,252796.0,0.0,0.0,1,1
5540,287270.0,252796.0,0.0,0.0,1,1
5541,287270.0,252796.0,0.0,0.0,1,1
5542,287212.0,252796.0,0.0,0.0,1,1
5543,287212.0,252796.0,0.0,0.0,1,1
5544,287212.0,252796.0,0.0,0.0,1,1
5545,287212.0,252796.0,0.0,0.0,1,1
5546,287212.0,252796.0,0.0,0.0,1,1
5547,287212.0,252796.0,0.0,0.0,1,1
5548,287212.0,252796.0,0.0,0.0,1,1
5549,287212.0,252796.0,0.0,0.0,1,1
5550,287212.0,252796.0,0.0,0.0,1,1
5551,287212.0,252796.0,0.0,0.0,1,1
5552,287212.0,252796.0,0.0,0.0,1,1
5553,287230.5,252796.0,0.0,0.0,1,1
5554,287230.5,252796.0,0.0,0.0,1,1
5555,287230.5,252796.0,0.0,0.0,1,1
5556,287230.5,252796.0,0.0,0.0,1,1
5557,287230.5,252796.0,0.0,0.0,1,1
5558,287230.5,252796.0,0.0,0.0,1,1
5559,287230.5,252796.0,0.0,0.0,1,1
5560,287230.5,252796.0,0.0,0.0,1,1
5561,287230.5,252796.0,0.0,0.0,1,1
5562,287230.5,252796.0,0.0,0.0,1,1
5563,287230.5,252796.0,0.0,0.0,1,1
5564,287230.5,252796.0,0.0,0.0,1,1
5565,287230.5,252796.0,0.0,0.0,1,1
5566,287230.5,252796.0,0.0,0.0,1,1
5567,287230.5,252796.0,0.0,0.0,1,1
5568,287230.5,252796.0,0.0,0.0,1,1
5569,287230.5,252796.0,0.0,0.0,1,1
5570,287230.5,252796.0,0.0,0.0,1,1
5571,287230.5,252796.0,0.0,0.0,1,1
5572,287230.5,252796.0,0.0,0.0,1,1
5573,287230.5,252796.0,0.0,0.0,1,1
5574,287230.5,252796.0,0.0,0.0,1,1
5575,287230.5,252796.0,0.0,0.0,1,1
5576,287230.5,252796.0,0.0,0.0,1,1
5577,287230.5,252796.0,0.0,0.0,1,1
5578,287230.5,252796.0,0.0,0.0,1,1
5579,287230.5,252796.0,0.0,0.0,1,1
5580,287230.5,252796.0,0.0,0.0,1,1
5581,287230.5,252796.0,0.0,0.0,1,1
5582,287230.5,252796.0,0.0,0.0,1,1
5583,287230.5,252796.0,0.0,0.0,1,1
5584,287230.5,252796.0,0.0,0.0,1,1
5585,287230.5,252796.0,0.0,0.0,1,1
5586,287230.5,252796.0,0.0,0.0,1,1
5587,287230.5,252796.0,0.0,0.0,1,1
5588,287230.5,252796.0,0.0,0.0,1,1
5589,287230.5,252796.0,0.0,0.0,1,1
5590,287230.5,252796.0,0.0,0.0,1,1
5591,288404.5,252796.0,0.0,0.0,1,1
5592,288404.5,252796.0,0.0,0.0,1,1
5593,288404.5,252796.0,0.0,0.0,1,1
5594,288404.5,252796.0,0.0,0.0,1,1
5595,288404.5,252796.0,0.0,0.0,1,1
5596,288404.5,252796.0,0.0,0.0,1,1
5597,288404.5,252796.0,0.0,0.0,1,1
5598,288404.5,252796.0,0.0,0.0,1,1
5599,288404.5,252796.0,0.0,0.0,1,1
5600,288404.5,252796.0,0.0,0.0,1,1
5601,288404.5,252796.0,0.0,0.0,1,1
5602,288404.5,252796.0,0.0,0.0,1,1
5603,288404.5,252796.0,0.0,0.0,1,1
5604,288404.5,252796.0,0.0,0.0,1,1
5605,288404.5,252796.0,0.0,0.0,1,1
5606,288404.5,252796.0,0.0,0.0,1,1
5607,288404.5,252796.0,0.0,0.0,1,1
5608,288404.5,252796.0,0.0,0.0,1,1
5609,288404.5,252796.0,0.0,0.0,1,1
5610,288404.5,252796.0,0.0,0.0,1,1
5611,288404.5,252796.0,0.0,0.0,1,1
5612,288404.5,252796.0,0.0,0.0,1,1
5613,288404.5,252796.0,0.0,0.0,1,1
5614,288404.5,252796.0,0.0,0.0,1,1
5615,288404.5,252796.0,0.0,0.0,1,1
5616,288404.5,252796.0,0.0,0.0,1,1
5617,288404.5,252796.0,0.0,0.0,1,1
5618,288404.5,252796.0,0.0,0.0,1,1
5619,288404.5,252796.0,0.0,0.0,1,1
5620,288404.5,252796.0,0.0,0.0,1,1
5621,288404.5,252796.0,0.0,0.0,1,1
5622,288404.5,252796.0,0.0,0.0,1,1
5623,288404.5,252796.0,0.0,0.0,1,1
5624,288404.5,252796.0,0.0,0.0,1,1
5625,288404.5,252796.0,0.0,0.0,1,1
5626,288404.5,252796.0,0.0,0.0,1,1
5627,288404.5,252796.0,0.0,0.0,1,1
5628,288404.5,252796.0,0.0,0.0,1,1
5629,288404.5,252796.0,0.0,0.0,1,1
5630,288404.5,252796.0,0.0,0.0,1,1
5631,288404.5,252796.0,0.0,0.0,1,1
5632,288404.5,252796.0,0.0,0.0,1,1
5633,288404.5,252796.0,0.0,0.0,1,1
5634,288404.5,252796.0,0.0,0.0,1,1
5635,288404.5,252796.0,0.0,0.0,1,1
5636,288404.5,252796.0,0.0,0.0,1,1
5637,288404.5,252796.0,0.0,0.0,1,1
5638,288404.5,252796.0,0.0,0.0,1,1
5639,288439.5,252796.0,0.0,0.0,1,1
5640,288455.5,252796.0,0.0,0.0,1,1
5641,288455.5,252796.0,0.0,0.0,1,1
5642,288455.5,252796.0,0.0,0.0,1,1
5643,288455.5,252796.0,0.0,0.0,1,1
5644,288455.5,252796.0,0.0,0.0,1,1
5645,288455.5,252796.0,0.0,0.0,1,1
5646,288455.5,252796.0,0.0,0.0,1,1
5647,288455.5,252796.0,0.0,0.0,1,1
5648,288455.5,252796.0,0.0,0.0,1,1
5649,288455.5,252796.0,0.0,0.0,1,1
5650,288455.5,252796.0,0.0,0.0,1,1
5651,288455.5,252796.0,0.0,0.0,1,1
5652,288455.5,252796.0,0.0,0.0,1,1
5653,288455.5,252796.0,0.0,0.0,1,1
5654,288455.5,252796.0,0.0,0.0,1,1
5655,288455.5,252796.0,0.0,0.0,1,1
5656,288455.5,252796.0,0.0,0.0,1,1
5657,288455.5,252796.0,0.0,0.0,1,1
5658,288455.5,252796.0,0.0,0.0,1,1
5659,288486.0,252796.0,0.0,0.0,1,1
5660,288486.0,252796.0,0.0,0.0,1,1
5661,288486.0,252796.0,0.0,0.0,1,1
5662,288486.0,252796.0,0.0,0.0,1,1
5663,288486.0,252796.0,0.0,0.0,1,1
5664,288486.0,252796.0,0.0,0.0,1,1
5665,288486.0,252796.0,0.0,0.0,1,1
5666,288481.0,252796.0,0.0,0.0,1,1
5667,288481.0,252796.0,0.0,0.0,1,1
5668,288481.0,252796.0,0.0,0.0,1,1
5669,288481.0,252796.0,0.0,0.0,1,1
5670,288481.0,252796.0,0.0,0.0,1,1
5671,288481.0,252796.0,0.0,0.0,1,1
5672,288481.0,252796.0,0.0,0.0,1,1
5673,288481.0,252796.0,0.0,0.0,1,1
5674,288481.0,252796.0,0.0,0.0,1,1
5675,288481.0,252796.0,0.0,0.0,1,1
5676,288481.0,252796.0,0.0,0.0,1,1
5677,288481.0,252796.0,0.0,0.0,1,1
5678,286337.0,252796.0,0.0,0.0,1,1
5679,286337.0,252796.0,0.0,0.0,1,1
5680,286337.0,252796.0,0.0,0.0,1,1
5681,286337.0,252796.0,0.0,0.0,1,1
5682,286337.0,252796.0,0.0,0.0,1,1
5683,286337.0,252796.0,0.0,0.0,1,1
5684,286337.0,252796.0,0.0,0.0,1,1
5685,286337.0,252796.0,0.0,0.0,1,1
5686,286337.0,252796.0,0.0,0.0,1,1
5687,286337.0,252796.0,0.0,0.0,1,1
5688,286337.0,252796.0,0.0,0.0,1,1
5689,286337.0,252796.0,0.0,0.0,1,1
5690,286337.0,252796.0,0.0,0.0,1,1
5691,286337.0,252796.0,0.0,0.0,1,1
5692,286337.0,252796.0,0.0,0.0,1,1
5693,286081.5,252796.0,0.0,0.0,1,1
5694,286081.5,252796.0,0.0,0.0,1,1
5695,286081.5,252796.0,0.0,0.0,1,1
5696,286081.5,252796.0,0.0,0.0,1,1
5697,286081.5,252796.0,0.0,0.0,1,1
5698,286081.5,252796.0,0.0,0.0,1,1
5699,286081.5,252796.0,0.0,0.0,1,1
5700,286081.5,252796.0,0.0,0.0,1,1
5701,286081.5,252796.0,0.0,0.0,1,1
5702,286081.5,252796.0,0.0,0.0,1,1
5703,286081.5,252796.0,0.0,0.0,1,1
5704,286081.5,252796.0,0.0,0.0,1,1
5705,286081.5,252796.0,0.0,0.0,1,1
5706,286081.5,252796.0,0.0,0.0,1,1
5707,285557.0,252796.0,0.0,0.0,1,1
5708,285557.0,252796.0,0.0,0.0,1,1
5709,285557.0,252796.0,0.0,0.0,1,1
5710,285557.0,252796.0,0.0,0.0,1,1
5711,285557.0,252796.0,0.0,0.0,1,1
5712,285557.0,252796.0,0.0,0.0,1,1
5713,285557.0,252796.0,0.0,0.0,1,1
5714,285557.0,252796.0,0.0,0.0,1,1
5715,285549.5,252796.0,0.0,0.0,1,1
5716,285549.5,252796.0,0.0,0.0,1,1
5717,285549.5,252796.0,0.0,0.0,1,1
5718,285549.5,252796.0,0.0,0.0,1,1
5719,285549.5,252796.0,0.0,0.0,1,1
5720,285549.5,252796.0,0.0,0.0,1,1
5721,285549.5,252796.0,0.0,0.0,1,1
5722,285549.5,252796.0,0.0,0.0,1,1
5723,285549.5,252796.0,0.0,0.0,1,1
5724,285549.5,252796.0,0.0,0.0,1,1
5725,285549.5,252796.0,0.0,0.0,1,1
5726,285549.5,252796.0,0.0,0.0,1,1
5727,285549.5,252796.0,0.0,0.0,1,1
5728,285549.5,252796.0,0.0,0.0,1,1
5729,285549.5,252796.0,0.0,0.0,1,1
5730,285549.5,252796.0,0.0,0.0,1,1
5731,285549.5,252796.0,0.0,0.0,1,1
5732,285549.5,252796.0,0.0,0.0,1,1
5733,285549.5,252796.0,0.0,0.0,1,1
5734,285549.5,252796.0,0.0,0.0,1,1
5735,285549.5,252796.0,0.0,0.0,1,1
5736,285549.5,252796.0,0.0,0.0,1,1
5737,285549.5,252796.0,0.0,0.0,1,1
5738,285549.5,252796.0,0.0,0.0,1,1
5739,285549.5,252796.0,0.0,0.0,1,1
5740,285549.5,252796.0,0.0,0.0,1,1
5741,285549.5,252796.0,0.0,0.0,1,1
5742,285549.5,252796.0,0.0,0.0,1,1
5743,285549.5,252796.0,0.0,0.0,1,1
5744,285549.5,252796.0,0.0,0.0,1,1
5745,285549.5,252796.0,0.0,0.0,1,1
5746,285549.5,252796.0,0.0,0.0,1,1
5747,285549.5,252796.0,0.0,0.0,1,1
5748,285549.5,252796.0,0.0,0.0,1,1
5749,285549.5,252796.0,0.0,0.0,1,1
5750,285549.5,252796.0,0.0,0.0,1,1
5751,285549.5,252796.0,0.0,0.0,1,1
5752,285549.5,252796.0,0.0,0.0,1,1
5753,285549.5,252796.0,0.0,0.0,1,1
5754,285549.5,252796.0,0.0,0.0,1,1
5755,285549.5,252796.0,0.0,0.0,1,1
5756,285549.5,252796.0,0.0,0.0,1,1
5757,285549.5,252796.0,0.0,0.0,1,1
5758,285549.5,252796.0,0.0,0.0,1,1
5759,285568.0,252796.0,0.0,0.0,1,1
5760,285568.0,252796.0,0.0,0.0,1,1
5761,285568.0,252796.0,0.0,0.0,1,1
5762,285568.0,252796.0,0.0,0.0,1,1
5763,285592.0,252796.0,0.0,0.0,1,1
5764,285592.0,252796.0,0.0,0.0,1,1
5765,285592.0,252796.0,0.0,0.0,1,1
5766,285592.0,252796.0,0.0,0.0,1,1
5767,285592.0,252796.0,0.0,0.0,1,1
5768,285592.0,252796.0,0.0,0.0,1,1
5769,285592.0,252796.0,0.0,0.0,1,1
5770,285592.0,252796.0,0.0,0.0,1,1
5771,285592.0,252796.0,0.0,0.0,1,1
5772,285592.0,252796.0,0.0,0.0,1,1
5773,285592.0,252796.0,0.0,0.0,1,1
5774,285592.0,252796.0,0.0,0.0,1,1
5775,285592.0,252796.0,0.0,0.0,1,1
5776,285592.0,252796.0,0.0,0.0,1,1
5777,285592.0,252796.0,0.0,0.0,1,1
5778,285592.0,252796.0,0.0,0.0,1,1
5779,285592.0,252796.0,0.0,0.0,1,1
5780,285592.0,252796.0,0.0,0.0,1,1
5781,285592.0,252796.0,0.0,0.0,1,1
5782,285592.0,252796.0,0.0,0.0,1,1
5783,285592.0,252796.0,0.0,0.0,1,1
5784,285592.0,252796.0,0.0,0.0,1,1
5785,285592.0,252796.0,0.0,0.0,1,1
5786,285592.0,252796.0,0.0,0.0,1,1
5787,285592.0,252796.0,0.0,0.0,1,1
5788,285592.0,252796.0,0.0,0.0,1,1
5789,285592.0,252796.0,0.0,0.0,1,1
5790,285592.0,252796.0,0.0,0.0,1,1
5791,285592.0,252796.0,0.0,0.0,1,1
5792,285592.0,252796.0,0.0,0.0,1,1
5793,285592.0,252796.0,0.0,0.0,1,1
5794,285592.0,252796.0,0.0,0.0,1,1
5795,285592.0,252796.0,0.0,0.0,1,1
5796,285592.0,252796.0,0.0,0.0,1,1
5797,285592.0,252796.0,0.0,0.0,1,1
5798,285592.0,252796.0,0.0,0.0,1,1
5799,285592.0,252796.0,0.0,0.0,1,1
5800,285592.0,252796.0,0.0,0.0,1,1
5801,285592.0,252796.0,0.0,0.0,1,1
5802,285592.0,252796.0,0.0,0.0,1,1
5803,285592.0,252796.0,0.0,0.0,1,1
5804,285592.0,252796.0,0.0,0.0,1,1
5805,285592.0,252796.0,0.0,0.0,1,1
5806,285592.0,252796.0,0.0,0.0,1,1
5807,285592.0,252796.0,0.0,0.0,1,1
5808,285592.0,252796.0,0.0,0.0,1,1
5809,285592.0,252796.0,0.0,0.0,1,1
5810,285592.0,252796.0,0.0,0.0,1,1
5811,285592.0,252796.0,0.0,0.0,1,1
5812,285592.0,252796.0,0.0,0.0,1,1
5813,285592.0,252796.0,0.0,0.0,1,1
5814,285592.0,252796.0,0.0,0.0,1,1
5815,285592.0,252796.0,0.0,0.0,1,1
5816,285592.0,252796.0,0.0,0.0,1,1
5817,285592.0,252796.0,0.0,0.0,1,1
5818,285592.0,252796.0,0.0,0.0,1,1
5819,285592.0,252796.0,0.0,0.0,1,1
5820,285592.0,252796.0,0.0,0.0,1,1
5821,285592.0,252796.0,0.0,0.0,1,1
5822,285592.0,252796.0,0.0,0.0,1,1
5823,285592.0,252796.0,0.0,0.0,1,1
5824,285592.0,252796.0,0.0,0.0,1,1
5825,285592.0,252796.0,0.0,0.0,1,1
5826,285592.0,252796.0,0.0,0.0,1,1
5827,285597.0,252796.0,0.0,0.0,1,1
5828,285597.0,252796.0,0.0,0.0,1,1
5829,285597.0,252796.0,0.0,0.0,1,1
5830,285597.0,252796.0,0.0,0.0,1,1
5831,285597.0,252796.0,0.0,0.0,1,1
5832,285597.0,252796.0,0.0,0.0,1,1
5833,285597.0,252796.0,0.0,0.0,1,1
5834,285597.0,252796.0,0.0,0.0,1,1
5835,285597.0,252796.0,0.0,0.0,1,1
5836,285597.0,252796.0,0.0,0.0,1,1
5837,286027.5,252796.0,0.0,0.0,1,1
5838,286027.5,252796.0,0.0,0.0,1,1
5839,286027.5,252796.0,0.0,0.0,1,1
5840,286027.5,252796.0,0.0,0.0,1,1
5841,286027.5,252796.0,0.0,0.0,1,1
5842,286027.5,252796.0,0.0,0.0,1,1
5843,286027.5,252796.0,0.0,0.0,1,1
5844,286027.5,252796.0,0.0,0.0,1,1
5845,286027.5,252796.0,0.0,0.0,1,1
5846,286027.5,252796.0,0.0,0.0,1,1
5847,286027.5,252796.0,0.0,0.0,1,1
5848,286027.5,252796.0,0.0,0.0,1,1
5849,286027.5,252796.0,0.0,0.0,1,1
5850,286027.5,252796.0,0.0,0.0,1,1
5851,286027.5,252796.0,0.0,0.0,1,1
5852,286027.5,252796.0,0.0,0.0,1,1
5853,286027.5,252796.0,0.0,0.0,1,1
5854,286027.5,252796.0,0.0,0.0,1,1
5855,286027.5,252796.0,0.0,0.0,1,1
5856,286027.5,252796.0,0.0,0.0,1,1
5857,286027.5,252796.0,0.0,0.0,1,1
5858,286027.5,252796.0,0.0,0.0,1,1
5859,286027.5,252796.0,0.0,0.0,1,1
5860,286027.5,252796.0,0.0,0.0,1,1
5861,286027.5,252796.0,0.0,0.0,1,1
5862,286027.5,252796.0,0.0,0.0,1,1
5863,286027.5,252796.0,0.0,0.0,1,1
5864,286027.5,252796.0,0.0,0.0,1,1
5865,286027.5,252796.0,0.0,0.0,1,1
5866,286027.5,252796.0,0.0,0.0,1,1
5867,286027.5,252796.0,0.0,0.0,1,1
5868,286027.5,252796.0,0.0,0.0,1,1
5869,286027.5,252796.0,0.0,0.0,1,1
5870,286027.5,252796.0,0.0,0.0,1,1
5871,286027.5,252796.0,0.0,0.0,1,1
5872,286027.5,252796.0,0.0,0.0,1,1
5873,286027.5,252796.0,0.0,0.0,1,1
5874,286027.5,252796.0,0.0,0.0,1,1
5875,286027.5,252796.0,0.0,0.0,1,1
5876,286027.5,252796.0,0.0,0.0,1,1
5877,286027.5,252796.0,0.0,0.0,1,1
5878,286027.5,252796.0,0.0,0.0,1,1
5879,286027.5,252796.0,0.0,0.0,1,1
5880,286027.5,252796.0,0.0,0.0,1,1
5881,286027.5,252796.0,0.0,0.0,1,1
5882,286027.5,252796.0,0.0,0.0,1,1
5883,286027.5,252796.0,0.0,0.0,1,1
5884,286027.5,252796.0,0.0,0.0,1,1
5885,286027.5,252796.0,0.0,0.0,1,1
5886,286027.5,252796.0,0.0,0.0,1,1
5887,286027.5,252796.0,0.0,0.0,1,1
5888,286027.5,252796.0,0.0,0.0,1,1
5889,286027.5,252796.0,0.0,0.0,1,1
5890,286027.5,252796.0,0.0,0.0,1,1
5891,286027.5,252796.0,0.0,0.0,1,1
5892,286027.5,252796.0,0.0,0.0,1,1
5893,286027.5,252796.0,0.0,0.0,1,1
5894,286027.5,252796.0,0.0,0.0,1,1
5895,286027.5,252796.0,0.0,0.0,1,1
5896,286027.5,252796.0,0.0,0.0,1,1
5897,286027.5,252796.0,0.0,0.0,1,1
5898,286027.5,252796.0,0.0,0.0,1,1
5899,286027.5,252796.0,0.0,0.0,1,1
5900,286027.5,252796.0,0.0,0.0,1,1
5901,286027.5,252796.0,0.0,0.0,1,1
5902,286027.5,252796.0,0.0,0.0,1,1
5903,286027.5,252796.0,0.0,0.0,1,1
5904,286027.5,252796.0,0.0,0.0,1,1
5905,286027.5,252796.0,0.0,0.0,1,1
5906,287120.0,252796.0,0.0,0.0,1,1
5907,286614.0,252796.0,0.0,0.0,1,1
5908,286614.0,252796.0,0.0,0.0,1,1
5909,286614.0,252796.0,0.0,0.0,1,1
5910,286614.0,252796.0,0.0,0.0,1,1
5911,286614.0,252796.0,0.0,0.0,1,1
5912,286614.0,252796.0,0.0,0.0,1,1
5913,286614.0,252796.0,0.0,0.0,1,1
5914,286614.0,252796.0,0.0,0.0,1,1
5915,286614.0,252796.0,0.0,0.0,1,1
5916,286614.0,252796.0,0.0,0.0,1,1
5917,286614.0,252796.0,0.0,0.0,1,1
5918,286614.0,252796.0,0.0,0.0,1,1
5919,286614.0,252796.0,0.0,0.0,1,1
5920,286614.0,252796.0,0.0,0.0,1,1
5921,286614.0,252796.0,0.0,0.0,1,1
5922,286614.0,252796.0,0.0,0.0,1,1
5923,286614.0,252796.0,0.0,0.0,1,1
5924,286614.0,252796.0,0.0,0.0,1,1
5925,286614.0,252796.0,0.0,0.0,1,1
5926,286614.0,252796.0,0.0,0.0,1,1
5927,286614.0,252796.0,0.0,0.0,1,1
5928,286614.0,252796.0,0.0,0.0,1,1
5929,286614.0,252796.0,0.0,0.0,1,1
5930,286614.0,252796.0,0.0,0.0,1,1
5931,286614.0,252796.0,0.0,0.0,1,1
5932,286614.0,252796.0,0.0,0.0,1,1
5933,286614.0,252796.0,0.0,0.0,1,1
5934,286614.0,252796.0,0.0,0.0,1,1
5935,286614.0,252796.0,0.0,0.0,1,1
5936,286614.0,252796.0,0.0,0.0,1,1
5937,286464.5,252796.0,0.0,0.0,1,1
5938,286464.5,252796.0,0.0,0.0,1,1
5939,286464.5,252796.0,0.0,0.0,1,1
5940,286464.5,252796.0,0.0,0.0,1,1
5941,286464.5,252796.0,0.0,0.0,1,1
5942,286464.5,252796.0,0.0,0.0,1,1
5943,286464.5,252796.0,0.0,0.0,1,1
5944,286464.5,252796.0,0.0,0.0,1,1
5945,286464.5,252796.0,0.0,0.0,1,1
5946,286464.5,252796.0,0.0,0.0,1,1
5947,286464.5,252796.0,0.0,0.0,1,1
5948,286464.5,252796.0,0.0,0.0,1,1
5949,286464.5,252796.0,0.0,0.0,1,1
5950,286464.5,252796.0,0.0,0.0,1,1
5951,286464.5,252796.0,0.0,0.0,1,1
5952,286464.5,252796.0,0.0,0.0,1,1
5953,286464.5,252796.0,0.0,0.0,1,1
5954,286464.5,252796.0,0.0,0.0,1,1
5955,286464.5,252796.0,0.0,0.0,1,1
5956,286464.5,252796.0,0.0,0.0,1,1
5957,286464.5,252796.0,0.0,0.0,1,1
5958,286464.5,252796.0,0.0,0.0,1,1
5959,286464.5,252796.0,0.0,0.0,1,1
5960,286464.5,252796.0,0.0,0.0,1,1
5961,286464.5,252796.0,0.0,0.0,1,1
5962,286464.5,252796.0,0.0,0.0,1,1
5963,286464.5,252796.0,0.0,0.0,1,1
5964,286464.5,252796.0,0.0,0.0,1,1
5965,286464.5,252796.0,0.0,0.0,1,1
5966,286464.5,252796.0,0.0,0.0,1,1
5967,286464.5,252796.0,0.0,0.0,1,1
5968,286464.5,252796.0,0.0,0.0,1,1
5969,286385.5,252796.0,0.0,0.0,1,1
5970,286385.5,252796.0,0.0,0.0,1,1
5971,286385.5,252796.0,0.0,0.0,1,1
5972,286385.5,252796.0,0.0,0.0,1,1
5973,286385.5,252796.0,0.0,0.0,1,1
5974,286385.5,252796.0,0.0,0.0,1,1
5975,286385.5,252796.0,0.0,0.0,1,1
5976,286385.5,252796.0,0.0,0.0,1,1
5977,286385.5,252796.0,0.0,0.0,1,1
5978,286385.5,252796.0,0.0,0.0,1,1
5979,286385.5,252796.0,0.0,0.0,1,1
5980,286385.5,252796.0,0.0,0.0,1,1
5981,286385.5,252796.0,0.0,0.0,1,1
5982,286348.0,252796.0,0.0,0.0,1,1
5983,286348.0,252796.0,0.0,0.0,1,1
5984,286348.0,252796.0,0.0,0.0,1,1
5985,286348.0,252796.0,0.0,0.0,1,1
5986,286348.0,252796.0,0.0,0.0,1,1
5987,286348.0,252796.0,0.0,0.0,1,1
5988,286348.0,252796.0,0.0,0.0,1,1
5989,286348.0,252796.0,0.0,0.0,1,1
5990,286348.0,252796.0,0.0,0.0,1,1
5991,286348.0,252796.0,0.0,0.0,1,1
5992,286348.0,252796.0,0.0,0.0,1,1
5993,286348.0,252796.0,0.0,0.0,1,1
5994,286348.0,252796.0,0.0,0.0,1,1
5995,286348.0,252796.0,0.0,0.0,1,1
5996,286348.0,252796.0,0.0,0.0,1,1
5997,286348.0,252796.0,0.0,0.0,1,1
5998,286348.0,252796.0,0.0,0.0,1,1
5999,286348.0,252796.0,0.0,0.0,1,1
6000,286348.0,252796.0,0.0,0.0,1,1
6001,286348.0,252796.0,0.0,0.0,1,1
6002,286348.0,252796.0,0.0,0.0,1,1
6003,286348.0,252796.0,0.0,0.0,1,1
6004,286348.0,252796.0,0.0,0.0,1,1
6005,286348.0,252796.0,0.0,0.0,1,1
6006,286348.0,252796.0,0.0,0.0,1,1
6007,286348.0,252796.0,0.0,0.0,1,1
6008,286348.0,252796.0,0.0,0.0,1,1
6009,286348.0,252796.0,0.0,0.0,1,1
6010,286348.0,252796.0,0.0,0.0,1,1
6011,286348.0,252796.0,0.0,0.0,1,1
6012,286348.0,252796.0,0.0,0.0,1,1
6013,286348.0,252796.0,0.0,0.0,1,1
6014,286348.0,252796.0,0.0,0.0,1,1
6015,286348.0,252796.0,0.0,0.0,1,1
6016,286348.0,252796.0,0.0,0.0,1,1
6017,286348.0,252796.0,0.0,0.0,1,1
6018,286348.0,252796.0,0.0,0.0,1,1
6019,286348.0,252796.0,0.0,0.0,1,1
6020,286348.0,252796.0,0.0,0.0,1,1
6021,286348.0,252796.0,0.0,0.0,1,1
6022,286348.0,252796.0,0.0,0.0,1,1
6023,286348.0,252796.0,0.0,0.0,1,1
6024,286348.0,252796.0,0.0,0.0,1,1
6025,286348.0,252796.0,0.0,0.0,1,1
6026,286348.0,252796.0,0.0,0.0,1,1
6027,286348.0,252796.0,0.0,0.0,1,1
6028,286348.0,252796.0,0.0,0.0,1,1
6029,286348.0,252796.0,0.0,0.0,1,1
6030,286348.0,252796.0,0.0,0.0,1,1
6031,286348.0,252796.0,0.0,0.0,1,1
6032,286348.0,252796.0,0.0,0.0,1,1
6033,286348.0,252796.0,0.0,0.0,1,1
6034,286592.5,252796.0,0.0,0.0,1,1
6035,286592.5,252796.0,0.0,0.0,1,1
6036,286592.5,252796.0,0.0,0.0,1,1
6037,286592.5,252796.0,0.0,0.0,1,1
6038,286592.5,252796.0,0.0,0.0,1,1
6039,286592.5,252796.0,0.0,0.0,1,1
6040,286592.5,252796.0,0.0,0.0,1,1
6041,286605.0,252796.0,0.0,0.0,1,1
6042,286605.0,252796.0,0.0,0.0,1,1
6043,286605.0,252796.0,0.0,0.0,1,1
6044,286540.5,252796.0,0.0,0.0,1,1
6045,286540.5,252796.0,0.0,0.0,1,1
6046,286618.5,252796.0,0.0,0.0,1,1
6047,286618.5,252796.0,0.0,0.0,1,1
6048,286618.5,252796.0,0.0,0.0,1,1
6049,286618.5,252796.0,0.0,0.0,1,1
6050,286618.5,252796.0,0.0,0.0,1,1
6051,286618.5,252796.0,0.0,0.0,1,1
6052,286618.5,252796.0,0.0,0.0,1,1
6053,286618.5,252796.0,0.0,0.0,1,1
6054,286618.5,252796.0,0.0,0.0,1,1
6055,286618.5,252796.0,0.0,0.0,1,1
6056,286618.5,252796.0,0.0,0.0,1,1
6057,286618.5,252796.0,0.0,0.0,1,1
6058,286618.5,252796.0,0.0,0.0,1,1
6059,286618.5,252796.0,0.0,0.0,1,1
6060,286618.5,252796.0,0.0,0.0,1,1
6061,286618.5,252796.0,0.0,0.0,1,1
6062,286618.5,252796.0,0.0,0.0,1,1
6063,286618.5,252796.0,0.0,0.0,1,1
6064,286618.5,252796.0,0.0,0.0,1,1
6065,286618.5,252796.0,0.0,0.0,1,1
6066,286618.5,252796.0,0.0,0.0,1,1
6067,286618.5,252796.0,0.0,0.0,1,1
6068,286618.5,252796.0,0.0,0.0,1,1
6069,286618.5,252796.0,0.0,0.0,1,1
6070,286618.5,252796.0,0.0,0.0,1,1
6071,286618.5,252796.0,0.0,0.0,1,1
6072,286618.5,252796.0,0.0,0.0,1,1
6073,286618.5,252796.0,0.0,0.0,1,1
6074,286618.5,252796.0,0.0,0.0,1,1
6075,286618.5,252796.0,0.0,0.0,1,1
6076,286618.5,252796.0,0.0,0.0,1,1
6077,286618.5,252796.0,0.0,0.0,1,1
6078,286618.5,252796.0,0.0,0.0,1,1
6079,286618.5,252796.0,0.0,0.0,1,1
6080,286618.5,252796.0,0.0,0.0,1,1
6081,286618.5,252796.0,0.0,0.0,1,1
6082,286618.5,252796.0,0.0,0.0,1,1
6083,286618.5,252796.0,0.0,0.0,1,1
6084,286618.5,252796.0,0.0,0.0,1,1
6085,286618.5,252796.0,0.0,0.0,1,1
6086,286618.5,252796.0,0.0,0.0,1,1
6087,286618.5,252796.0,0.0,0.0,1,1
6088,286618.5,252796.0,0.0,0.0,1,1
6089,286618.5,252796.0,0.0,0.0,1,1
6090,286618.5,252796.0,0.0,0.0,1,1
6091,286618.5,252796.0,0.0,0.0,1,1
6092,286618.5,252796.0,0.0,0.0,1,1
6093,286618.5,252796.0,0.0,0.0,1,1
6094,286618.5,252796.0,0.0,0.0,1,1
6095,286618.5,252796.0,0.0,0.0,1,1
6096,286618.5,252796.0,0.0,0.0,1,1
6097,286618.5,252796.0,0.0,0.0,1,1
6098,286618.5,252796.0,0.0,0.0,1,1
6099,286618.5,252796.0,0.0,0.0,1,1
6100,286618.5,252796.0,0.0,0.0,1,1
6101,286618.5,252796.0,0.0,0.0,1,1
6102,286618.5,252796.0,0.0,0.0,1,1
6103,286588.5,252796.0,0.0,0.0,1,1
6104,286588.5,252796.0,0.0,0.0,1,1
6105,286588.5,252796.0,0.0,0.0,1,1
6106,286588.5,252796.0,0.0,0.0,1,1
6107,286588.5,252796.0,0.0,0.0,1,1
6108,286588.5,252796.0,0.0,0.0,1,1
6109,286588.5,252796.0,0.0,0.0,1,1
6110,286588.5,252796.0,0.0,0.0,1,1
6111,286588.5,252796.0,0.0,0.0,1,1
6112,286588.5,252796.0,0.0,0.0,1,1
6113,286588.5,252796.0,0.0,0.0,1,1
6114,287283.0,252796.0,0.0,0.0,1,1
6115,287367.5,252796.0,0.0,0.0,1,1
6116,287367.5,252796.0,0.0,0.0,1,1
6117,287367.5,252796.0,0.0,0.0,1,1
6118,287367.5,252796.0,0.0,0.0,1,1
6119,287367.5,252796.0,0.0,0.0,1,1
6120,287367.5,252796.0,0.0,0.0,1,1
6121,287367.5,252796.0,0.0,0.0,1,1
6122,287367.5,252796.0,0.0,0.0,1,1
6123,287367.5,252796.0,0.0,0.0,1,1
6124,287569.5,252796.0,0.0,0.0,1,1
6125,287569.5,252796.0,0.0,0.0,1,1
6126,287569.5,252796.0,0.0,0.0,1,1
6127,287569.5,252796.0,0.0,0.0,1,1
6128,287569.5,252796.0,0.0,0.0,1,1
6129,287569.5,252796.0,0.0,0.0,1,1
6130,287569.5,252796.0,0.0,0.0,1,1
6131,287569.5,252796.0,0.0,0.0,1,1
6132,287569.5,252796.0,0.0,0.0,1,1
6133,287569.5,252796.0,0.0,0.0,1,1
6134,287569.5,252796.0,0.0,0.0,1,1
6135,287569.5,252796.0,0.0,0.0,1,1
6136,287569.5,252796.0,0.0,0.0,1,1
6137,287569.5,252796.0,0.0,0.0,1,1
6138,287569.5,252796.0,0.0,0.0,1,1
6139,287569.5,252796.0,0.0,0.0,1,1
6140,287569.5,252796.0,0.0,0.0,1,1
6141,287569.5,252796.0,0.0,0.0,1,1
6142,287372.5,252796.0,0.0,0.0,1,1
6143,287372.5,252796.0,0.0,0.0,1,1
6144,287372.5,252796.0,0.0,0.0,1,1
6145,287372.5,252796.0,0.0,0.0,1,1
6146,287372.5,252796.0,0.0,0.0,1,1
6147,287372.5,252796.0,0.0,0.0,1,1
6148,287372.5,252796.0,0.0,0.0,1,1
6149,287372.5,252796.0,0.0,0.0,1,1
6150,287372.5,252796.0,0.0,0.0,1,1
6151,285925.5,252796.0,0.0,0.0,1,1
6152,285925.5,252796.0,0.0,0.0,1,1
6153,285925.5,252796.0,0.0,0.0,1,1
6154,285925.5,252796.0,0.0,0.0,1,1
6155,285925.5,252796.0,0.0,0.0,1,1
6156,285925.5,252796.0,0.0,0.0,1,1
6157,285925.5,252796.0,0.0,0.0,1,1
6158,285925.5,252796.0,0.0,0.0,1,1
6159,285925.5,252796.0,0.0,0.0,1,1
6160,285925.5,252796.0,0.0,0.0,1,1
6161,285925.5,252796.0,0.0,0.0,1,1
6162,285925.5,252796.0,0.0,0.0,1,1
6163,285925.5,252796.0,0.0,0.0,1,1
6164,285925.5,252796.0,0.0,0.0,1,1
6165,285922.0,252796.0,0.0,0.0,1,1
6166,285922.0,252796.0,0.0,0.0,1,1
6167,285922.0,252796.0,0.0,0.0,1,1
6168,285922.0,252796.0,0.0,0.0,1,1
6169,285922.0,252796.0,0.0,0.0,1,1
6170,285922.0,252796.0,0.0,0.0,1,1
6171,285922.0,252796.0,0.0,0.0,1,1
6172,285922.0,252796.0,0.0,0.0,1,1
6173,285922.0,252796.0,0.0,0.0,1,1
6174,285922.0,252796.0,0.0,0.0,1,1
6175,285922.0,252796.0,0.0,0.0,1,1
6176,285922.0,252796.0,0.0,0.0,1,1
6177,285922.0,252796.0,0.0,0.0,1,1
6178,285922.0,252796.0,0.0,0.0,1,1
6179,285914.0,252796.0,0.0,0.0,1,1
6180,285914.0,252796.0,0.0,0.0,1,1
6181,285914.0,252796.0,0.0,0.0,1,1
6182,285914.0,252796.0,0.0,0.0,1,1
6183,285914.0,252796.0,0.0,0.0,1,1
6184,285914.0,252796.0,0.0,0.0,1,1
6185,285914.0,252796.0,0.0,0.0,1,1
6186,285914.0,252796.0,0.0,0.0,1,1
6187,285914.0,252796.0,0.0,0.0,1,1
6188,285914.0,252796.0,0.0,0.0,1,1
6189,285914.0,252796.0,0.0,0.0,1,1
6190,285914.0,252796.0,0.0,0.0,1,1
6191,285714.5,252796.0,0.0,0.0,1,1
6192,285714.5,252796.0,0.0,0.0,1,1
6193,285714.5,252796.0,0.0,0.0,1,1
6194,285714.5,252796.0,0.0,0.0,1,1
6195,285714.5,252796.0,0.0,0.0,1,1
6196,285714.5,252796.0,0.0,0.0,1,1
6197,285714.5,252796.0,0.0,0.0,1,1
6198,285714.5,252796.0,0.0,0.0,1,1
6199,285714.5,252796.0,0.0,0.0,1,1
6200,285714.5,252796.0,0.0,0.0,1,1
6201,285714.5,252796.0,0.0,0.0,1,1
6202,285714.5,252796.0,0.0,0.0,1,1
6203,285714.5,252796.0,0.0,0.0,1,1
6204,285714.5,252796.0,0.0,0.0,1,1
6205,285714.5,252796.0,0.0,0.0,1,1
6206,285714.5,252796.0,0.0,0.0,1,1
6207,285714.5,252796.0,0.0,0.0,1,1
6208,285714.5,252796.0,0.0,0.0,1,1
6209,285714.5,252796.0,0.0,0.0,1,1
6210,285714.5,252796.0,0.0,0.0,1,1
6211,285714.5,252796.0,0.0,0.0,1,1
6212,285714.5,252796.0,0.0,0.0,1,1
6213,285714.5,252796.0,0.0,0.0,1,1
6214,285714.5,252796.0,0.0,0.0,1,1
6215,285714.5,252796.0,0.0,0.0,1,1
6216,285714.5,252796.0,0.0,0.0,1,1
6217,285714.5,252796.0,0.0,0.0,1,1
6218,285714.5,252796.0,0.0,0.0,1,1
6219,285714.5,252796.0,0.0,0.0,1,1
6220,285714.5,252796.0,0.0,0.0,1,1
6221,285714.5,252796.0,0.0,0.0,1,1
6222,285714.5,252796.0,0.0,0.0,1,1
6223,285714.5,252796.0,0.0,0.0,1,1
6224,285714.5,252796.0,0.0,0.0,1,1
6225,285714.5,252796.0,0.0,0.0,1,1
6226,285714.5,252796.0,0.0,0.0,1,1
6227,285714.5,252796.0,0.0,0.0,1,1
6228,285714.5,252796.0,0.0,0.0,1,1
6229,285714.5,252796.0,0.0,0.0,1,1
6230,285714.5,252796.0,0.0,0.0,1,1
6231,285714.5,252796.0,0.0,0.0,1,1
6232,285714.5,252796.0,0.0,0.0,1,1
6233,285714.5,252796.0,0.0,0.0,1,1
6234,285714.5,252796.0,0.0,0.0,1,1
6235,285714.5,252796.0,0.0,0.0,1,1
6236,285714.5,252796.0,0.0,0.0,1,1
6237,285714.5,252796.0,0.0,0.0,1,1
6238,285714.5,252796.0,0.0,0.0,1,1
6239,285714.5,252796.0,0.0,0.0,1,1
6240,285714.5,252796.0,0.0,0.0,1,1
6241,285714.5,252796.0,0.0,0.0,1,1
6242,285714.5,252796.0,0.0,0.0,1,1
6243,285714.5,252796.0,0.0,0.0,1,1
6244,285994.0,252796.0,0.0,0.0,1,1
6245,285994.0,252796.0,0.0,0.0,1,1
6246,285994.0,252796.0,0.0,0.0,1,1
6247,285994.0,252796.0,0.0,0.0,1,1
6248,285994.0,252796.0,0.0,0.0,1,1
6249,285994.0,252796.0,0.0,0.0,1,1
6250,285994.0,252796.0,0.0,0.0,1,1
