iteration,current_hpwl,best_hpwl,current_overflow,best_overflow,current_feasible,best_feasible
1,627811.565790246,627811.565790246,0.0,0.0,1,1
2,628766.065790246,627811.565790246,0.0,0.0,1,1
3,628766.065790246,627811.565790246,0.0,0.0,1,1
4,630838.5394741476,627811.565790246,0.0,0.0,1,1
5,630838.5394741476,627811.565790246,0.0,0.0,1,1
6,630838.5394741476,627811.565790246,0.0,0.0,1,1
7,630838.5394741476,627811.565790246,0.0,0.0,1,1
8,632810.5263160984,627811.565790246,0.0,0.0,1,1
9,632810.5263160984,627811.565790246,0.0,0.0,1,1
10,632810.5263160984,627811.565790246,0.0,0.0,1,1
11,632833.0131580492,627811.565790246,0.0,0.0,1,1
12,632833.0131580492,627811.565790246,0.0,0.0,1,1
13,635229.0131580492,627811.565790246,0.0,0.0,1,1
14,635229.0131580492,627811.565790246,0.0,0.0,1,1
15,635229.0131580492,627811.565790246,0.0,0.0,1,1
16,635247.0131580492,627811.565790246,0.0,0.0,1,1
17,635247.0131580492,627811.565790246,0.0,0.0,1,1
18,637295.5131580492,627811.565790246,0.0,0.0,1,1
19,637295.5131580492,627811.565790246,0.0,0.0,1,1
20,637295.5131580492,627811.565790246,0.0,0.0,1,1
21,632287.5,627811.565790246,0.0,0.0,1,1
22,632287.5,627811.565790246,0.0,0.0,1,1
23,632287.5,627811.565790246,0.0,0.0,1,1
24,632287.5,627811.565790246,0.0,0.0,1,1
25,636147.0,627811.565790246,0.0,0.0,1,1
26,636147.0,627811.565790246,0.0,0.0,1,1
27,636147.0,627811.565790246,0.0,0.0,1,1
28,637387.5,627811.565790246,0.0,0.0,1,1
29,637387.5,627811.565790246,0.0,0.0,1,1
30,637387.5,627811.565790246,0.0,0.0,1,1
31,637387.5,627811.565790246,0.0,0.0,1,1
32,637387.5,627811.565790246,0.0,0.0,1,1
33,637475.5,627811.565790246,0.0,0.0,1,1
34,637206.5,627811.565790246,0.0,0.0,1,1
35,639147.0,627811.565790246,0.0,0.0,1,1
36,640150.5,627811.565790246,0.0,0.0,1,1
37,640150.5,627811.565790246,0.0,0.0,1,1
38,640150.5,627811.565790246,0.0,0.0,1,1
39,640098.5,627811.565790246,0.0,0.0,1,1
40,640074.5,627811.565790246,0.0,0.0,1,1
41,640074.5,627811.565790246,0.0,0.0,1,1
42,640074.5,627811.565790246,0.0,0.0,1,1
43,640074.5,627811.565790246,0.0,0.0,1,1
44,640391.5,627811.565790246,0.0,0.0,1,1
45,640391.5,627811.565790246,0.0,0.0,1,1
46,640391.5,627811.565790246,0.0,0.0,1,1
47,640391.5,627811.565790246,0.0,0.0,1,1
48,640391.5,627811.565790246,0.0,0.0,1,1
49,640391.5,627811.565790246,0.0,0.0,1,1
50,640391.5,627811.565790246,0.0,0.0,1,1
51,641123.0,627811.565790246,0.0,0.0,1,1
52,637362.5,627811.565790246,0.0,0.0,1,1
53,637362.5,627811.565790246,0.0,0.0,1,1
54,637362.5,627811.565790246,0.0,0.0,1,1
55,637362.5,627811.565790246,0.0,0.0,1,1
56,637362.5,627811.565790246,0.0,0.0,1,1
57,637362.5,627811.565790246,0.0,0.0,1,1
58,637362.5,627811.565790246,0.0,0.0,1,1
59,637362.5,627811.565790246,0.0,0.0,1,1
60,637362.5,627811.565790246,0.0,0.0,1,1
61,637362.5,627811.565790246,0.0,0.0,1,1
62,637362.5,627811.565790246,0.0,0.0,1,1
63,637362.5,627811.565790246,0.0,0.0,1,1
64,637362.5,627811.565790246,0.0,0.0,1,1
65,637362.5,627811.565790246,0.0,0.0,1,1
66,637362.5,627811.565790246,0.0,0.0,1,1
67,637456.5,627811.565790246,0.0,0.0,1,1
68,637456.5,627811.565790246,0.0,0.0,1,1
69,637456.5,627811.565790246,0.0,0.0,1,1
70,636405.5,627811.565790246,0.0,0.0,1,1
71,636163.5,627811.565790246,0.0,0.0,1,1
72,636163.5,627811.565790246,0.0,0.0,1,1
73,636163.5,627811.565790246,0.0,0.0,1,1
74,636163.5,627811.565790246,0.0,0.0,1,1
75,636163.5,627811.565790246,0.0,0.0,1,1
76,637188.5,627811.565790246,0.0,0.0,1,1
77,637188.5,627811.565790246,0.0,0.0,1,1
78,637188.5,627811.565790246,0.0,0.0,1,1
79,637188.5,627811.565790246,0.0,0.0,1,1
80,636599.5,627811.565790246,0.0,0.0,1,1
81,636599.5,627811.565790246,0.0,0.0,1,1
82,636599.5,627811.565790246,0.0,0.0,1,1
83,636599.5,627811.565790246,0.0,0.0,1,1
84,636599.5,627811.565790246,0.0,0.0,1,1
85,636599.5,627811.565790246,0.0,0.0,1,1
86,636599.5,627811.565790246,0.0,0.0,1,1
87,637793.0,627811.565790246,0.0,0.0,1,1
88,637793.0,627811.565790246,0.0,0.0,1,1
89,637793.0,627811.565790246,0.0,0.0,1,1
90,637793.0,627811.565790246,0.0,0.0,1,1
91,638284.0,627811.565790246,0.0,0.0,1,1
92,638284.0,627811.565790246,0.0,0.0,1,1
93,638284.0,627811.565790246,0.0,0.0,1,1
94,638219.0,627811.565790246,0.0,0.0,1,1
95,638219.0,627811.565790246,0.0,0.0,1,1
96,638240.5,627811.565790246,0.0,0.0,1,1
97,638240.5,627811.565790246,0.0,0.0,1,1
98,638240.5,627811.565790246,0.0,0.0,1,1
99,638240.5,627811.565790246,0.0,0.0,1,1
100,640018.0,627811.565790246,0.0,0.0,1,1
101,640018.0,627811.565790246,0.0,0.0,1,1
102,640018.0,627811.565790246,0.0,0.0,1,1
103,640018.0,627811.565790246,0.0,0.0,1,1
104,640804.5,627811.565790246,0.0,0.0,1,1
105,640804.5,627811.565790246,0.0,0.0,1,1
106,640804.5,627811.565790246,0.0,0.0,1,1
107,640804.5,627811.565790246,0.0,0.0,1,1
108,640435.0,627811.565790246,0.0,0.0,1,1
109,640435.0,627811.565790246,0.0,0.0,1,1
110,640435.0,627811.565790246,0.0,0.0,1,1
111,640435.0,627811.565790246,0.0,0.0,1,1
112,641142.0,627811.565790246,0.0,0.0,1,1
113,639091.5,627811.565790246,0.0,0.0,1,1
114,638418.0,627811.565790246,0.0,0.0,1,1
115,639063.0,627811.565790246,0.0,0.0,1,1
116,639063.0,627811.565790246,0.0,0.0,1,1
117,639063.0,627811.565790246,0.0,0.0,1,1
118,639063.0,627811.565790246,0.0,0.0,1,1
119,642655.0,627811.565790246,0.0,0.0,1,1
120,645374.0,627811.565790246,0.0,0.0,1,1
121,645374.0,627811.565790246,0.0,0.0,1,1
122,645374.0,627811.565790246,0.0,0.0,1,1
123,645374.0,627811.565790246,0.0,0.0,1,1
124,645374.0,627811.565790246,0.0,0.0,1,1
125,645374.0,627811.565790246,0.0,0.0,1,1
126,645374.0,627811.565790246,0.0,0.0,1,1
127,645374.0,627811.565790246,0.0,0.0,1,1
128,645374.0,627811.565790246,0.0,0.0,1,1
129,645374.0,627811.565790246,0.0,0.0,1,1
130,645374.0,627811.565790246,0.0,0.0,1,1
131,645374.0,627811.565790246,0.0,0.0,1,1
132,645374.0,627811.565790246,0.0,0.0,1,1
133,645374.0,627811.565790246,0.0,0.0,1,1
134,645374.0,627811.565790246,0.0,0.0,1,1
135,645374.0,627811.565790246,0.0,0.0,1,1
136,645374.0,627811.565790246,0.0,0.0,1,1
137,645374.0,627811.565790246,0.0,0.0,1,1
138,645519.5,627811.565790246,0.0,0.0,1,1
139,647494.0,627811.565790246,0.0,0.0,1,1
140,647494.0,627811.565790246,0.0,0.0,1,1
141,647709.5,627811.565790246,0.0,0.0,1,1
142,647709.5,627811.565790246,0.0,0.0,1,1
143,647709.5,627811.565790246,0.0,0.0,1,1
144,647804.0,627811.565790246,0.0,0.0,1,1
145,647756.5,627811.565790246,0.0,0.0,1,1
146,647756.5,627811.565790246,0.0,0.0,1,1
147,647690.5,627811.565790246,0.0,0.0,1,1
148,647690.5,627811.565790246,0.0,0.0,1,1
149,647690.5,627811.565790246,0.0,0.0,1,1
150,647690.5,627811.565790246,0.0,0.0,1,1
151,647690.5,627811.565790246,0.0,0.0,1,1
152,647648.5,627811.565790246,0.0,0.0,1,1
153,647648.5,627811.565790246,0.0,0.0,1,1
154,647035.0,627811.565790246,0.0,0.0,1,1
155,647035.0,627811.565790246,0.0,0.0,1,1
156,647035.0,627811.565790246,0.0,0.0,1,1
157,647035.0,627811.565790246,0.0,0.0,1,1
158,647035.0,627811.565790246,0.0,0.0,1,1
159,647035.0,627811.565790246,0.0,0.0,1,1
160,647035.0,627811.565790246,0.0,0.0,1,1
161,647035.0,627811.565790246,0.0,0.0,1,1
162,647035.0,627811.565790246,0.0,0.0,1,1
163,647035.0,627811.565790246,0.0,0.0,1,1
164,647035.0,627811.565790246,0.0,0.0,1,1
165,647035.0,627811.565790246,0.0,0.0,1,1
166,647035.0,627811.565790246,0.0,0.0,1,1
167,647035.0,627811.565790246,0.0,0.0,1,1
168,647035.0,627811.565790246,0.0,0.0,1,1
169,647064.5,627811.565790246,0.0,0.0,1,1
170,647064.5,627811.565790246,0.0,0.0,1,1
171,647064.5,627811.565790246,0.0,0.0,1,1
172,647064.5,627811.565790246,0.0,0.0,1,1
173,647064.5,627811.565790246,0.0,0.0,1,1
174,647064.5,627811.565790246,0.0,0.0,1,1
175,647064.5,627811.565790246,0.0,0.0,1,1
176,647064.5,627811.565790246,0.0,0.0,1,1
177,647064.5,627811.565790246,0.0,0.0,1,1
178,647064.5,627811.565790246,0.0,0.0,1,1
179,647064.5,627811.565790246,0.0,0.0,1,1
180,647064.5,627811.565790246,0.0,0.0,1,1
181,647064.5,627811.565790246,0.0,0.0,1,1
182,647064.5,627811.565790246,0.0,0.0,1,1
183,647064.5,627811.565790246,0.0,0.0,1,1
184,647064.5,627811.565790246,0.0,0.0,1,1
185,647064.5,627811.565790246,0.0,0.0,1,1
186,647064.5,627811.565790246,0.0,0.0,1,1
187,647064.5,627811.565790246,0.0,0.0,1,1
188,647064.5,627811.565790246,0.0,0.0,1,1
189,647064.5,627811.565790246,0.0,0.0,1,1
190,647673.0,627811.565790246,0.0,0.0,1,1
191,647673.0,627811.565790246,0.0,0.0,1,1
192,647673.0,627811.565790246,0.0,0.0,1,1
193,647673.0,627811.565790246,0.0,0.0,1,1
194,647673.0,627811.565790246,0.0,0.0,1,1
195,647673.0,627811.565790246,0.0,0.0,1,1
196,647673.0,627811.565790246,0.0,0.0,1,1
197,647673.0,627811.565790246,0.0,0.0,1,1
198,647673.0,627811.565790246,0.0,0.0,1,1
199,647673.0,627811.565790246,0.0,0.0,1,1
200,647490.5,627811.565790246,0.0,0.0,1,1
201,647490.5,627811.565790246,0.0,0.0,1,1
202,647490.5,627811.565790246,0.0,0.0,1,1
203,651056.0,627811.565790246,0.0,0.0,1,1
204,651056.0,627811.565790246,0.0,0.0,1,1
205,651056.0,627811.565790246,0.0,0.0,1,1
206,651056.0,627811.565790246,0.0,0.0,1,1
207,651056.0,627811.565790246,0.0,0.0,1,1
208,651056.0,627811.565790246,0.0,0.0,1,1
209,650970.0,627811.565790246,0.0,0.0,1,1
210,650970.0,627811.565790246,0.0,0.0,1,1
211,648693.5,627811.565790246,0.0,0.0,1,1
212,648693.5,627811.565790246,0.0,0.0,1,1
213,648718.5,627811.565790246,0.0,0.0,1,1
214,648718.5,627811.565790246,0.0,0.0,1,1
215,649144.0,627811.565790246,0.0,0.0,1,1
216,648996.0,627811.565790246,0.0,0.0,1,1
217,648996.0,627811.565790246,0.0,0.0,1,1
218,648996.0,627811.565790246,0.0,0.0,1,1
219,648996.0,627811.565790246,0.0,0.0,1,1
220,648996.0,627811.565790246,0.0,0.0,1,1
221,648996.0,627811.565790246,0.0,0.0,1,1
222,648996.0,627811.565790246,0.0,0.0,1,1
223,648996.0,627811.565790246,0.0,0.0,1,1
224,648996.0,627811.565790246,0.0,0.0,1,1
225,648996.0,627811.565790246,0.0,0.0,1,1
226,648996.0,627811.565790246,0.0,0.0,1,1
227,648996.0,627811.565790246,0.0,0.0,1,1
228,648996.0,627811.565790246,0.0,0.0,1,1
229,648996.0,627811.565790246,0.0,0.0,1,1
230,648996.0,627811.565790246,0.0,0.0,1,1
231,648890.0,627811.565790246,0.0,0.0,1,1
232,648890.0,627811.565790246,0.0,0.0,1,1
233,648890.0,627811.565790246,0.0,0.0,1,1
234,648886.0,627811.565790246,0.0,0.0,1,1
235,648886.0,627811.565790246,0.0,0.0,1,1
236,648886.0,627811.565790246,0.0,0.0,1,1
237,648886.0,627811.565790246,0.0,0.0,1,1
238,648806.0,627811.565790246,0.0,0.0,1,1
239,648806.0,627811.565790246,0.0,0.0,1,1
240,648806.0,627811.565790246,0.0,0.0,1,1
241,648806.0,627811.565790246,0.0,0.0,1,1
242,648806.0,627811.565790246,0.0,0.0,1,1
243,648806.0,627811.565790246,0.0,0.0,1,1
244,648806.0,627811.565790246,0.0,0.0,1,1
245,648806.0,627811.565790246,0.0,0.0,1,1
246,648806.0,627811.565790246,0.0,0.0,1,1
247,649729.0,627811.565790246,0.0,0.0,1,1
248,649729.0,627811.565790246,0.0,0.0,1,1
249,649729.0,627811.565790246,0.0,0.0,1,1
250,649431.5,627811.565790246,0.0,0.0,1,1
251,649431.5,627811.565790246,0.0,0.0,1,1
252,649431.5,627811.565790246,0.0,0.0,1,1
253,649431.5,627811.565790246,0.0,0.0,1,1
254,649431.5,627811.565790246,0.0,0.0,1,1
255,649431.5,627811.565790246,0.0,0.0,1,1
256,653318.5,627811.565790246,0.0,0.0,1,1
257,653318.5,627811.565790246,0.0,0.0,1,1
258,653318.5,627811.565790246,0.0,0.0,1,1
259,653318.5,627811.565790246,0.0,0.0,1,1
260,653318.5,627811.565790246,0.0,0.0,1,1
261,653318.5,627811.565790246,0.0,0.0,1,1
262,653318.5,627811.565790246,0.0,0.0,1,1
263,653318.5,627811.565790246,0.0,0.0,1,1
264,653318.5,627811.565790246,0.0,0.0,1,1
265,653318.5,627811.565790246,0.0,0.0,1,1
266,653318.5,627811.565790246,0.0,0.0,1,1
267,653318.5,627811.565790246,0.0,0.0,1,1
268,653318.5,627811.565790246,0.0,0.0,1,1
269,653318.5,627811.565790246,0.0,0.0,1,1
270,653318.5,627811.565790246,0.0,0.0,1,1
271,652663.5,627811.565790246,0.0,0.0,1,1
272,652663.5,627811.565790246,0.0,0.0,1,1
273,652663.5,627811.565790246,0.0,0.0,1,1
274,652663.5,627811.565790246,0.0,0.0,1,1
275,652663.5,627811.565790246,0.0,0.0,1,1
276,652663.5,627811.565790246,0.0,0.0,1,1
277,652663.5,627811.565790246,0.0,0.0,1,1
278,652663.5,627811.565790246,0.0,0.0,1,1
279,652663.5,627811.565790246,0.0,0.0,1,1
280,652663.5,627811.565790246,0.0,0.0,1,1
281,652663.5,627811.565790246,0.0,0.0,1,1
282,652186.0,627811.565790246,0.0,0.0,1,1
283,652186.0,627811.565790246,0.0,0.0,1,1
284,652186.0,627811.565790246,0.0,0.0,1,1
285,652186.0,627811.565790246,0.0,0.0,1,1
286,652186.0,627811.565790246,0.0,0.0,1,1
287,652186.0,627811.565790246,0.0,0.0,1,1
288,652186.0,627811.565790246,0.0,0.0,1,1
289,652186.0,627811.565790246,0.0,0.0,1,1
290,652186.0,627811.565790246,0.0,0.0,1,1
291,652186.0,627811.565790246,0.0,0.0,1,1
292,651370.0,627811.565790246,0.0,0.0,1,1
293,651370.0,627811.565790246,0.0,0.0,1,1
294,651484.5,627811.565790246,0.0,0.0,1,1
295,651484.5,627811.565790246,0.0,0.0,1,1
296,651421.5,627811.565790246,0.0,0.0,1,1
297,651421.5,627811.565790246,0.0,0.0,1,1
298,651421.5,627811.565790246,0.0,0.0,1,1
299,651421.5,627811.565790246,0.0,0.0,1,1
300,651421.5,627811.565790246,0.0,0.0,1,1
301,651421.5,627811.565790246,0.0,0.0,1,1
302,651421.5,627811.565790246,0.0,0.0,1,1
303,651379.5,627811.565790246,0.0,0.0,1,1
304,651379.5,627811.565790246,0.0,0.0,1,1
305,651379.5,627811.565790246,0.0,0.0,1,1
306,651379.5,627811.565790246,0.0,0.0,1,1
307,651307.5,627811.565790246,0.0,0.0,1,1
308,651307.5,627811.565790246,0.0,0.0,1,1
309,651307.5,627811.565790246,0.0,0.0,1,1
310,651340.5,627811.565790246,0.0,0.0,1,1
311,651234.0,627811.565790246,0.0,0.0,1,1
312,651234.0,627811.565790246,0.0,0.0,1,1
313,651234.0,627811.565790246,0.0,0.0,1,1
314,651319.5,627811.565790246,0.0,0.0,1,1
315,652271.5,627811.565790246,0.0,0.0,1,1
316,652271.5,627811.565790246,0.0,0.0,1,1
317,652640.0,627811.565790246,0.0,0.0,1,1
318,652640.0,627811.565790246,0.0,0.0,1,1
319,652640.0,627811.565790246,0.0,0.0,1,1
320,652640.0,627811.565790246,0.0,0.0,1,1
321,652640.0,627811.565790246,0.0,0.0,1,1
322,652640.0,627811.565790246,0.0,0.0,1,1
323,652851.0,627811.565790246,0.0,0.0,1,1
324,652660.0,627811.565790246,0.0,0.0,1,1
325,652660.0,627811.565790246,0.0,0.0,1,1
326,653239.0,627811.565790246,0.0,0.0,1,1
327,653239.0,627811.565790246,0.0,0.0,1,1
328,653239.0,627811.565790246,0.0,0.0,1,1
329,653239.0,627811.565790246,0.0,0.0,1,1
330,653239.0,627811.565790246,0.0,0.0,1,1
331,653239.0,627811.565790246,0.0,0.0,1,1
332,653239.0,627811.565790246,0.0,0.0,1,1
333,653239.0,627811.565790246,0.0,0.0,1,1
334,653902.0,627811.565790246,0.0,0.0,1,1
335,653902.0,627811.565790246,0.0,0.0,1,1
336,653902.0,627811.565790246,0.0,0.0,1,1
337,653902.0,627811.565790246,0.0,0.0,1,1
338,653902.0,627811.565790246,0.0,0.0,1,1
339,653902.0,627811.565790246,0.0,0.0,1,1
340,653902.0,627811.565790246,0.0,0.0,1,1
341,653902.0,627811.565790246,0.0,0.0,1,1
342,653902.0,627811.565790246,0.0,0.0,1,1
343,653902.0,627811.565790246,0.0,0.0,1,1
344,653936.0,627811.565790246,0.0,0.0,1,1
345,653936.0,627811.565790246,0.0,0.0,1,1
346,654164.5,627811.565790246,0.0,0.0,1,1
347,654164.5,627811.565790246,0.0,0.0,1,1
348,657088.0,627811.565790246,0.0,0.0,1,1
349,657162.0,627811.565790246,0.0,0.0,1,1
350,657162.0,627811.565790246,0.0,0.0,1,1
351,657162.0,627811.565790246,0.0,0.0,1,1
352,657088.0,627811.565790246,0.0,0.0,1,1
353,657088.0,627811.565790246,0.0,0.0,1,1
354,657088.0,627811.565790246,0.0,0.0,1,1
355,662531.0,627811.565790246,0.0,0.0,1,1
356,662531.0,627811.565790246,0.0,0.0,1,1
357,662531.0,627811.565790246,0.0,0.0,1,1
358,664477.0,627811.565790246,0.0,0.0,1,1
359,664477.0,627811.565790246,0.0,0.0,1,1
360,664477.0,627811.565790246,0.0,0.0,1,1
361,664859.0,627811.565790246,0.0,0.0,1,1
362,664859.0,627811.565790246,0.0,0.0,1,1
363,665237.5,627811.565790246,0.0,0.0,1,1
364,665462.5,627811.565790246,0.0,0.0,1,1
365,665462.5,627811.565790246,0.0,0.0,1,1
366,665457.0,627811.565790246,0.0,0.0,1,1
367,665457.0,627811.565790246,0.0,0.0,1,1
368,665457.0,627811.565790246,0.0,0.0,1,1
369,665457.0,627811.565790246,0.0,0.0,1,1
370,665457.0,627811.565790246,0.0,0.0,1,1
371,665457.0,627811.565790246,0.0,0.0,1,1
372,665102.0,627811.565790246,0.0,0.0,1,1
373,665102.0,627811.565790246,0.0,0.0,1,1
374,665102.0,627811.565790246,0.0,0.0,1,1
375,665102.0,627811.565790246,0.0,0.0,1,1
376,665102.0,627811.565790246,0.0,0.0,1,1
377,665102.0,627811.565790246,0.0,0.0,1,1
378,665102.0,627811.565790246,0.0,0.0,1,1
379,665102.0,627811.565790246,0.0,0.0,1,1
380,665102.0,627811.565790246,0.0,0.0,1,1
381,665102.0,627811.565790246,0.0,0.0,1,1
382,665102.0,627811.565790246,0.0,0.0,1,1
383,665102.0,627811.565790246,0.0,0.0,1,1
384,665082.0,627811.565790246,0.0,0.0,1,1
385,665082.0,627811.565790246,0.0,0.0,1,1
386,665082.0,627811.565790246,0.0,0.0,1,1
387,665082.0,627811.565790246,0.0,0.0,1,1
388,665082.0,627811.565790246,0.0,0.0,1,1
389,665082.0,627811.565790246,0.0,0.0,1,1
390,665082.0,627811.565790246,0.0,0.0,1,1
391,665716.5,627811.565790246,0.0,0.0,1,1
392,665716.5,627811.565790246,0.0,0.0,1,1
393,665716.5,627811.565790246,0.0,0.0,1,1
394,665716.5,627811.565790246,0.0,0.0,1,1
395,665716.5,627811.565790246,0.0,0.0,1,1
396,665716.5,627811.565790246,0.0,0.0,1,1
397,665716.5,627811.565790246,0.0,0.0,1,1
398,665716.5,627811.565790246,0.0,0.0,1,1
399,665716.5,627811.565790246,0.0,0.0,1,1
400,665716.5,627811.565790246,0.0,0.0,1,1
401,666071.5,627811.565790246,0.0,0.0,1,1
402,666071.5,627811.565790246,0.0,0.0,1,1
403,666633.5,627811.565790246,0.0,0.0,1,1
404,666633.5,627811.565790246,0.0,0.0,1,1
405,666633.5,627811.565790246,0.0,0.0,1,1
406,666633.5,627811.565790246,0.0,0.0,1,1
407,666633.5,627811.565790246,0.0,0.0,1,1
408,666633.5,627811.565790246,0.0,0.0,1,1
409,666633.5,627811.565790246,0.0,0.0,1,1
410,666633.5,627811.565790246,0.0,0.0,1,1
411,666633.5,627811.565790246,0.0,0.0,1,1
412,666610.0,627811.565790246,0.0,0.0,1,1
413,666610.0,627811.565790246,0.0,0.0,1,1
414,666610.0,627811.565790246,0.0,0.0,1,1
415,666610.0,627811.565790246,0.0,0.0,1,1
416,666610.0,627811.565790246,0.0,0.0,1,1
417,666610.0,627811.565790246,0.0,0.0,1,1
418,666610.0,627811.565790246,0.0,0.0,1,1
419,666610.0,627811.565790246,0.0,0.0,1,1
420,666610.0,627811.565790246,0.0,0.0,1,1
421,666610.0,627811.565790246,0.0,0.0,1,1
422,666610.0,627811.565790246,0.0,0.0,1,1
423,666610.0,627811.565790246,0.0,0.0,1,1
424,666601.0,627811.565790246,0.0,0.0,1,1
425,666601.0,627811.565790246,0.0,0.0,1,1
426,666601.0,627811.565790246,0.0,0.0,1,1
427,666701.0,627811.565790246,0.0,0.0,1,1
428,666701.0,627811.565790246,0.0,0.0,1,1
429,666701.0,627811.565790246,0.0,0.0,1,1
430,666601.0,627811.565790246,0.0,0.0,1,1
431,666601.0,627811.565790246,0.0,0.0,1,1
432,666601.0,627811.565790246,0.0,0.0,1,1
433,666601.0,627811.565790246,0.0,0.0,1,1
434,666601.0,627811.565790246,0.0,0.0,1,1
435,666198.0,627811.565790246,0.0,0.0,1,1
436,666198.0,627811.565790246,0.0,0.0,1,1
437,666198.0,627811.565790246,0.0,0.0,1,1
438,666198.0,627811.565790246,0.0,0.0,1,1
439,666198.0,627811.565790246,0.0,0.0,1,1
440,666198.0,627811.565790246,0.0,0.0,1,1
441,666198.0,627811.565790246,0.0,0.0,1,1
442,666198.0,627811.565790246,0.0,0.0,1,1
443,666198.0,627811.565790246,0.0,0.0,1,1
444,666198.0,627811.565790246,0.0,0.0,1,1
445,666198.0,627811.565790246,0.0,0.0,1,1
446,666198.0,627811.565790246,0.0,0.0,1,1
447,666198.0,627811.565790246,0.0,0.0,1,1
448,666198.0,627811.565790246,0.0,0.0,1,1
449,666198.0,627811.565790246,0.0,0.0,1,1
450,666198.0,627811.565790246,0.0,0.0,1,1
451,666198.0,627811.565790246,0.0,0.0,1,1
452,666198.0,627811.565790246,0.0,0.0,1,1
453,666198.0,627811.565790246,0.0,0.0,1,1
454,666198.0,627811.565790246,0.0,0.0,1,1
455,666198.0,627811.565790246,0.0,0.0,1,1
456,666198.0,627811.565790246,0.0,0.0,1,1
457,666198.0,627811.565790246,0.0,0.0,1,1
458,664176.5,627811.565790246,0.0,0.0,1,1
459,664176.5,627811.565790246,0.0,0.0,1,1
460,664628.5,627811.565790246,0.0,0.0,1,1
461,664628.5,627811.565790246,0.0,0.0,1,1
462,664628.5,627811.565790246,0.0,0.0,1,1
463,664628.5,627811.565790246,0.0,0.0,1,1
464,664628.5,627811.565790246,0.0,0.0,1,1
465,664628.5,627811.565790246,0.0,0.0,1,1
466,664628.5,627811.565790246,0.0,0.0,1,1
467,664628.5,627811.565790246,0.0,0.0,1,1
468,664492.0,627811.565790246,0.0,0.0,1,1
469,664492.0,627811.565790246,0.0,0.0,1,1
470,664492.0,627811.565790246,0.0,0.0,1,1
471,664492.0,627811.565790246,0.0,0.0,1,1
472,664492.0,627811.565790246,0.0,0.0,1,1
473,664492.0,627811.565790246,0.0,0.0,1,1
474,664492.0,627811.565790246,0.0,0.0,1,1
475,664492.0,627811.565790246,0.0,0.0,1,1
476,664492.0,627811.565790246,0.0,0.0,1,1
477,664492.0,627811.565790246,0.0,0.0,1,1
478,664492.0,627811.565790246,0.0,0.0,1,1
479,664492.0,627811.565790246,0.0,0.0,1,1
480,664492.0,627811.565790246,0.0,0.0,1,1
481,664492.0,627811.565790246,0.0,0.0,1,1
482,664492.0,627811.565790246,0.0,0.0,1,1
483,664492.0,627811.565790246,0.0,0.0,1,1
484,664492.0,627811.565790246,0.0,0.0,1,1
485,664224.0,627811.565790246,0.0,0.0,1,1
486,664224.0,627811.565790246,0.0,0.0,1,1
487,664356.0,627811.565790246,0.0,0.0,1,1
488,664356.0,627811.565790246,0.0,0.0,1,1
489,664356.0,627811.565790246,0.0,0.0,1,1
490,664356.0,627811.565790246,0.0,0.0,1,1
491,664356.0,627811.565790246,0.0,0.0,1,1
492,664356.0,627811.565790246,0.0,0.0,1,1
493,664356.0,627811.565790246,0.0,0.0,1,1
494,664251.5,627811.565790246,0.0,0.0,1,1
495,664251.5,627811.565790246,0.0,0.0,1,1
496,664251.5,627811.565790246,0.0,0.0,1,1
497,664251.5,627811.565790246,0.0,0.0,1,1
498,664251.5,627811.565790246,0.0,0.0,1,1
499,664251.5,627811.565790246,0.0,0.0,1,1
500,664175.5,627811.565790246,0.0,0.0,1,1
501,664175.5,627811.565790246,0.0,0.0,1,1
502,664175.5,627811.565790246,0.0,0.0,1,1
503,664086.5,627811.565790246,0.0,0.0,1,1
504,664086.5,627811.565790246,0.0,0.0,1,1
505,664086.5,627811.565790246,0.0,0.0,1,1
506,664086.5,627811.565790246,0.0,0.0,1,1
507,664086.5,627811.565790246,0.0,0.0,1,1
508,664086.5,627811.565790246,0.0,0.0,1,1
509,665279.0,627811.565790246,0.0,0.0,1,1
510,665279.0,627811.565790246,0.0,0.0,1,1
511,665279.0,627811.565790246,0.0,0.0,1,1
512,665279.0,627811.565790246,0.0,0.0,1,1
513,665279.0,627811.565790246,0.0,0.0,1,1
514,665279.0,627811.565790246,0.0,0.0,1,1
515,665279.0,627811.565790246,0.0,0.0,1,1
516,665279.0,627811.565790246,0.0,0.0,1,1
517,665279.0,627811.565790246,0.0,0.0,1,1
518,665279.0,627811.565790246,0.0,0.0,1,1
519,665279.0,627811.565790246,0.0,0.0,1,1
520,665331.0,627811.565790246,0.0,0.0,1,1
521,665331.0,627811.565790246,0.0,0.0,1,1
522,665331.0,627811.565790246,0.0,0.0,1,1
523,665331.0,627811.565790246,0.0,0.0,1,1
524,665331.0,627811.565790246,0.0,0.0,1,1
525,665331.0,627811.565790246,0.0,0.0,1,1
526,665331.0,627811.565790246,0.0,0.0,1,1
527,665331.0,627811.565790246,0.0,0.0,1,1
528,667147.0,627811.565790246,0.0,0.0,1,1
529,667147.0,627811.565790246,0.0,0.0,1,1
530,667147.0,627811.565790246,0.0,0.0,1,1
531,667116.5,627811.565790246,0.0,0.0,1,1
532,667116.5,627811.565790246,0.0,0.0,1,1
533,667116.5,627811.565790246,0.0,0.0,1,1
534,667116.5,627811.565790246,0.0,0.0,1,1
535,667116.5,627811.565790246,0.0,0.0,1,1
536,665568.5,627811.565790246,0.0,0.0,1,1
537,665568.5,627811.565790246,0.0,0.0,1,1
538,665568.5,627811.565790246,0.0,0.0,1,1
539,665568.5,627811.565790246,0.0,0.0,1,1
540,665568.5,627811.565790246,0.0,0.0,1,1
541,665568.5,627811.565790246,0.0,0.0,1,1
542,665568.5,627811.565790246,0.0,0.0,1,1
543,665568.5,627811.565790246,0.0,0.0,1,1
544,665568.5,627811.565790246,0.0,0.0,1,1
545,665568.5,627811.565790246,0.0,0.0,1,1
546,665568.5,627811.565790246,0.0,0.0,1,1
547,665568.5,627811.565790246,0.0,0.0,1,1
548,665568.5,627811.565790246,0.0,0.0,1,1
549,665568.5,627811.565790246,0.0,0.0,1,1
550,665568.5,627811.565790246,0.0,0.0,1,1
551,665568.5,627811.565790246,0.0,0.0,1,1
552,665568.5,627811.565790246,0.0,0.0,1,1
553,665568.5,627811.565790246,0.0,0.0,1,1
554,665568.5,627811.565790246,0.0,0.0,1,1
555,665568.5,627811.565790246,0.0,0.0,1,1
556,665568.5,627811.565790246,0.0,0.0,1,1
557,666971.0,627811.565790246,0.0,0.0,1,1
558,666971.0,627811.565790246,0.0,0.0,1,1
559,666971.0,627811.565790246,0.0,0.0,1,1
560,667049.5,627811.565790246,0.0,0.0,1,1
561,667049.5,627811.565790246,0.0,0.0,1,1
562,667049.5,627811.565790246,0.0,0.0,1,1
563,667049.5,627811.565790246,0.0,0.0,1,1
564,667049.5,627811.565790246,0.0,0.0,1,1
565,667049.5,627811.565790246,0.0,0.0,1,1
566,667049.5,627811.565790246,0.0,0.0,1,1
567,667049.5,627811.565790246,0.0,0.0,1,1
568,667049.5,627811.565790246,0.0,0.0,1,1
569,667549.0,627811.565790246,0.0,0.0,1,1
570,667549.0,627811.565790246,0.0,0.0,1,1
571,667549.0,627811.565790246,0.0,0.0,1,1
572,667549.0,627811.565790246,0.0,0.0,1,1
573,667566.0,627811.565790246,0.0,0.0,1,1
574,667566.0,627811.565790246,0.0,0.0,1,1
575,667566.0,627811.565790246,0.0,0.0,1,1
576,667566.0,627811.565790246,0.0,0.0,1,1
577,667566.0,627811.565790246,0.0,0.0,1,1
578,667566.0,627811.565790246,0.0,0.0,1,1
579,667566.0,627811.565790246,0.0,0.0,1,1
580,667566.0,627811.565790246,0.0,0.0,1,1
581,667566.0,627811.565790246,0.0,0.0,1,1
582,667566.0,627811.565790246,0.0,0.0,1,1
583,667566.0,627811.565790246,0.0,0.0,1,1
584,667566.0,627811.565790246,0.0,0.0,1,1
585,667566.0,627811.565790246,0.0,0.0,1,1
586,667566.0,627811.565790246,0.0,0.0,1,1
587,667566.0,627811.565790246,0.0,0.0,1,1
588,667566.0,627811.565790246,0.0,0.0,1,1
589,667566.0,627811.565790246,0.0,0.0,1,1
590,667566.0,627811.565790246,0.0,0.0,1,1
591,667566.0,627811.565790246,0.0,0.0,1,1
592,667566.0,627811.565790246,0.0,0.0,1,1
593,666427.5,627811.565790246,0.0,0.0,1,1
594,666427.5,627811.565790246,0.0,0.0,1,1
595,666427.5,627811.565790246,0.0,0.0,1,1
596,666427.5,627811.565790246,0.0,0.0,1,1
597,666427.5,627811.565790246,0.0,0.0,1,1
598,665494.5,627811.565790246,0.0,0.0,1,1
599,665494.5,627811.565790246,0.0,0.0,1,1
600,665494.5,627811.565790246,0.0,0.0,1,1
601,665494.5,627811.565790246,0.0,0.0,1,1
602,665494.5,627811.565790246,0.0,0.0,1,1
603,665494.5,627811.565790246,0.0,0.0,1,1
604,665559.5,627811.565790246,0.0,0.0,1,1
605,665559.5,627811.565790246,0.0,0.0,1,1
606,665559.5,627811.565790246,0.0,0.0,1,1
607,665559.5,627811.565790246,0.0,0.0,1,1
608,665559.5,627811.565790246,0.0,0.0,1,1
609,665559.5,627811.565790246,0.0,0.0,1,1
610,665559.5,627811.565790246,0.0,0.0,1,1
611,665559.5,627811.565790246,0.0,0.0,1,1
612,665559.5,627811.565790246,0.0,0.0,1,1
613,665559.5,627811.565790246,0.0,0.0,1,1
614,665559.5,627811.565790246,0.0,0.0,1,1
615,665559.5,627811.565790246,0.0,0.0,1,1
616,665559.5,627811.565790246,0.0,0.0,1,1
617,665559.5,627811.565790246,0.0,0.0,1,1
618,666292.0,627811.565790246,0.0,0.0,1,1
619,666292.0,627811.565790246,0.0,0.0,1,1
620,666292.0,627811.565790246,0.0,0.0,1,1
621,666292.0,627811.565790246,0.0,0.0,1,1
622,666292.0,627811.565790246,0.0,0.0,1,1
623,666292.0,627811.565790246,0.0,0.0,1,1
624,666331.5,627811.565790246,0.0,0.0,1,1
625,666331.5,627811.565790246,0.0,0.0,1,1
626,666331.5,627811.565790246,0.0,0.0,1,1
627,666314.5,627811.565790246,0.0,0.0,1,1
628,666314.5,627811.565790246,0.0,0.0,1,1
629,666314.5,627811.565790246,0.0,0.0,1,1
630,666314.5,627811.565790246,0.0,0.0,1,1
631,666314.5,627811.565790246,0.0,0.0,1,1
632,666314.5,627811.565790246,0.0,0.0,1,1
633,666314.5,627811.565790246,0.0,0.0,1,1
634,666314.5,627811.565790246,0.0,0.0,1,1
635,667031.5,627811.565790246,0.0,0.0,1,1
636,667031.5,627811.565790246,0.0,0.0,1,1
637,664567.0,627811.565790246,0.0,0.0,1,1
638,664567.0,627811.565790246,0.0,0.0,1,1
639,664567.0,627811.565790246,0.0,0.0,1,1
640,664567.0,627811.565790246,0.0,0.0,1,1
641,664567.0,627811.565790246,0.0,0.0,1,1
642,664567.0,627811.565790246,0.0,0.0,1,1
643,664567.0,627811.565790246,0.0,0.0,1,1
644,664695.0,627811.565790246,0.0,0.0,1,1
645,664695.0,627811.565790246,0.0,0.0,1,1
646,664695.0,627811.565790246,0.0,0.0,1,1
647,664695.0,627811.565790246,0.0,0.0,1,1
648,664695.0,627811.565790246,0.0,0.0,1,1
649,664721.5,627811.565790246,0.0,0.0,1,1
650,664436.0,627811.565790246,0.0,0.0,1,1
651,664436.0,627811.565790246,0.0,0.0,1,1
652,664436.0,627811.565790246,0.0,0.0,1,1
653,664436.0,627811.565790246,0.0,0.0,1,1
654,664436.0,627811.565790246,0.0,0.0,1,1
655,664492.5,627811.565790246,0.0,0.0,1,1
656,664540.5,627811.565790246,0.0,0.0,1,1
657,664540.5,627811.565790246,0.0,0.0,1,1
658,664620.0,627811.565790246,0.0,0.0,1,1
659,664620.0,627811.565790246,0.0,0.0,1,1
660,664620.0,627811.565790246,0.0,0.0,1,1
661,664619.5,627811.565790246,0.0,0.0,1,1
662,664619.5,627811.565790246,0.0,0.0,1,1
663,664619.5,627811.565790246,0.0,0.0,1,1
664,664619.5,627811.565790246,0.0,0.0,1,1
665,664619.5,627811.565790246,0.0,0.0,1,1
666,665012.5,627811.565790246,0.0,0.0,1,1
667,665387.5,627811.565790246,0.0,0.0,1,1
668,665387.5,627811.565790246,0.0,0.0,1,1
669,665387.5,627811.565790246,0.0,0.0,1,1
670,665387.5,627811.565790246,0.0,0.0,1,1
671,665387.5,627811.565790246,0.0,0.0,1,1
672,665387.5,627811.565790246,0.0,0.0,1,1
673,665387.5,627811.565790246,0.0,0.0,1,1
674,665711.5,627811.565790246,0.0,0.0,1,1
675,665711.5,627811.565790246,0.0,0.0,1,1
676,665387.5,627811.565790246,0.0,0.0,1,1
677,665387.5,627811.565790246,0.0,0.0,1,1
678,665387.5,627811.565790246,0.0,0.0,1,1
679,665387.5,627811.565790246,0.0,0.0,1,1
680,665387.5,627811.565790246,0.0,0.0,1,1
681,665387.5,627811.565790246,0.0,0.0,1,1
682,665387.5,627811.565790246,0.0,0.0,1,1
683,666074.5,627811.565790246,0.0,0.0,1,1
684,666074.5,627811.565790246,0.0,0.0,1,1
685,666074.5,627811.565790246,0.0,0.0,1,1
686,666074.5,627811.565790246,0.0,0.0,1,1
687,666074.5,627811.565790246,0.0,0.0,1,1
688,666074.5,627811.565790246,0.0,0.0,1,1
689,666074.5,627811.565790246,0.0,0.0,1,1
690,666074.5,627811.565790246,0.0,0.0,1,1
691,666074.5,627811.565790246,0.0,0.0,1,1
692,667253.5,627811.565790246,0.0,0.0,1,1
693,667253.5,627811.565790246,0.0,0.0,1,1
694,667253.5,627811.565790246,0.0,0.0,1,1
695,667253.5,627811.565790246,0.0,0.0,1,1
696,667253.5,627811.565790246,0.0,0.0,1,1
697,667253.5,627811.565790246,0.0,0.0,1,1
698,667253.5,627811.565790246,0.0,0.0,1,1
699,667253.5,627811.565790246,0.0,0.0,1,1
700,667253.5,627811.565790246,0.0,0.0,1,1
701,667253.5,627811.565790246,0.0,0.0,1,1
702,667253.5,627811.565790246,0.0,0.0,1,1
703,667253.5,627811.565790246,0.0,0.0,1,1
704,667253.5,627811.565790246,0.0,0.0,1,1
705,667253.5,627811.565790246,0.0,0.0,1,1
706,667253.5,627811.565790246,0.0,0.0,1,1
707,667253.5,627811.565790246,0.0,0.0,1,1
708,667253.5,627811.565790246,0.0,0.0,1,1
709,667253.5,627811.565790246,0.0,0.0,1,1
710,667253.5,627811.565790246,0.0,0.0,1,1
711,667253.5,627811.565790246,0.0,0.0,1,1
712,667253.5,627811.565790246,0.0,0.0,1,1
713,667253.5,627811.565790246,0.0,0.0,1,1
714,667253.5,627811.565790246,0.0,0.0,1,1
715,667253.5,627811.565790246,0.0,0.0,1,1
716,667253.5,627811.565790246,0.0,0.0,1,1
717,667253.5,627811.565790246,0.0,0.0,1,1
718,667253.5,627811.565790246,0.0,0.0,1,1
719,667253.5,627811.565790246,0.0,0.0,1,1
720,667253.5,627811.565790246,0.0,0.0,1,1
721,667253.5,627811.565790246,0.0,0.0,1,1
722,667253.5,627811.565790246,0.0,0.0,1,1
723,667253.5,627811.565790246,0.0,0.0,1,1
724,667253.5,627811.565790246,0.0,0.0,1,1
725,666815.5,627811.565790246,0.0,0.0,1,1
726,666815.5,627811.565790246,0.0,0.0,1,1
727,666815.5,627811.565790246,0.0,0.0,1,1
728,666447.5,627811.565790246,0.0,0.0,1,1
729,666444.0,627811.565790246,0.0,0.0,1,1
730,666444.0,627811.565790246,0.0,0.0,1,1
731,666444.0,627811.565790246,0.0,0.0,1,1
732,666444.0,627811.565790246,0.0,0.0,1,1
733,666444.0,627811.565790246,0.0,0.0,1,1
734,666444.0,627811.565790246,0.0,0.0,1,1
735,666444.0,627811.565790246,0.0,0.0,1,1
736,666444.0,627811.565790246,0.0,0.0,1,1
737,666444.0,627811.565790246,0.0,0.0,1,1
738,666444.0,627811.565790246,0.0,0.0,1,1
739,666444.0,627811.565790246,0.0,0.0,1,1
740,666444.0,627811.565790246,0.0,0.0,1,1
741,665472.0,627811.565790246,0.0,0.0,1,1
742,665472.0,627811.565790246,0.0,0.0,1,1
743,665472.0,627811.565790246,0.0,0.0,1,1
744,665472.0,627811.565790246,0.0,0.0,1,1
745,665472.0,627811.565790246,0.0,0.0,1,1
746,665472.0,627811.565790246,0.0,0.0,1,1
747,665472.0,627811.565790246,0.0,0.0,1,1
748,665743.0,627811.565790246,0.0,0.0,1,1
749,665743.0,627811.565790246,0.0,0.0,1,1
750,665743.0,627811.565790246,0.0,0.0,1,1
751,665379.0,627811.565790246,0.0,0.0,1,1
752,665379.0,627811.565790246,0.0,0.0,1,1
753,665379.0,627811.565790246,0.0,0.0,1,1
754,665379.0,627811.565790246,0.0,0.0,1,1
755,666751.0,627811.565790246,0.0,0.0,1,1
756,666751.0,627811.565790246,0.0,0.0,1,1
757,666751.0,627811.565790246,0.0,0.0,1,1
758,666751.0,627811.565790246,0.0,0.0,1,1
759,666751.0,627811.565790246,0.0,0.0,1,1
760,666751.0,627811.565790246,0.0,0.0,1,1
761,666751.0,627811.565790246,0.0,0.0,1,1
762,666751.0,627811.565790246,0.0,0.0,1,1
763,666751.0,627811.565790246,0.0,0.0,1,1
764,666751.0,627811.565790246,0.0,0.0,1,1
765,666751.0,627811.565790246,0.0,0.0,1,1
766,666751.0,627811.565790246,0.0,0.0,1,1
767,666751.0,627811.565790246,0.0,0.0,1,1
768,666751.0,627811.565790246,0.0,0.0,1,1
769,666751.0,627811.565790246,0.0,0.0,1,1
770,666751.0,627811.565790246,0.0,0.0,1,1
771,666751.0,627811.565790246,0.0,0.0,1,1
772,666751.0,627811.565790246,0.0,0.0,1,1
773,666751.0,627811.565790246,0.0,0.0,1,1
774,666751.0,627811.565790246,0.0,0.0,1,1
775,666751.0,627811.565790246,0.0,0.0,1,1
776,666751.0,627811.565790246,0.0,0.0,1,1
777,666751.0,627811.565790246,0.0,0.0,1,1
778,666751.0,627811.565790246,0.0,0.0,1,1
779,665536.0,627811.565790246,0.0,0.0,1,1
780,665536.0,627811.565790246,0.0,0.0,1,1
781,665536.0,627811.565790246,0.0,0.0,1,1
782,665536.0,627811.565790246,0.0,0.0,1,1
783,665536.0,627811.565790246,0.0,0.0,1,1
784,665536.0,627811.565790246,0.0,0.0,1,1
785,665536.0,627811.565790246,0.0,0.0,1,1
786,665536.0,627811.565790246,0.0,0.0,1,1
787,665180.0,627811.565790246,0.0,0.0,1,1
788,665180.0,627811.565790246,0.0,0.0,1,1
789,665180.0,627811.565790246,0.0,0.0,1,1
790,665180.0,627811.565790246,0.0,0.0,1,1
791,665180.0,627811.565790246,0.0,0.0,1,1
792,664786.5,627811.565790246,0.0,0.0,1,1
793,664786.5,627811.565790246,0.0,0.0,1,1
794,664786.5,627811.565790246,0.0,0.0,1,1
795,664786.5,627811.565790246,0.0,0.0,1,1
796,664833.0,627811.565790246,0.0,0.0,1,1
797,664825.5,627811.565790246,0.0,0.0,1,1
798,664825.5,627811.565790246,0.0,0.0,1,1
799,664825.5,627811.565790246,0.0,0.0,1,1
800,664825.5,627811.565790246,0.0,0.0,1,1
801,664825.5,627811.565790246,0.0,0.0,1,1
802,664825.5,627811.565790246,0.0,0.0,1,1
803,664825.5,627811.565790246,0.0,0.0,1,1
804,664825.5,627811.565790246,0.0,0.0,1,1
805,664825.5,627811.565790246,0.0,0.0,1,1
806,664825.5,627811.565790246,0.0,0.0,1,1
807,664825.5,627811.565790246,0.0,0.0,1,1
808,664825.5,627811.565790246,0.0,0.0,1,1
809,664825.5,627811.565790246,0.0,0.0,1,1
810,664825.5,627811.565790246,0.0,0.0,1,1
811,664825.5,627811.565790246,0.0,0.0,1,1
812,664825.5,627811.565790246,0.0,0.0,1,1
813,664825.5,627811.565790246,0.0,0.0,1,1
814,664826.0,627811.565790246,0.0,0.0,1,1
815,664826.0,627811.565790246,0.0,0.0,1,1
816,664826.0,627811.565790246,0.0,0.0,1,1
817,664826.0,627811.565790246,0.0,0.0,1,1
818,664826.0,627811.565790246,0.0,0.0,1,1
819,664826.0,627811.565790246,0.0,0.0,1,1
820,664826.0,627811.565790246,0.0,0.0,1,1
821,664826.0,627811.565790246,0.0,0.0,1,1
822,664826.0,627811.565790246,0.0,0.0,1,1
823,668491.0,627811.565790246,0.0,0.0,1,1
824,668491.0,627811.565790246,0.0,0.0,1,1
825,668491.0,627811.565790246,0.0,0.0,1,1
826,668491.0,627811.565790246,0.0,0.0,1,1
827,671386.0,627811.565790246,0.0,0.0,1,1
828,671386.0,627811.565790246,0.0,0.0,1,1
829,671386.0,627811.565790246,0.0,0.0,1,1
830,671386.0,627811.565790246,0.0,0.0,1,1
831,671386.0,627811.565790246,0.0,0.0,1,1
832,671386.0,627811.565790246,0.0,0.0,1,1
833,671386.0,627811.565790246,0.0,0.0,1,1
834,671386.0,627811.565790246,0.0,0.0,1,1
835,671386.0,627811.565790246,0.0,0.0,1,1
836,671386.0,627811.565790246,0.0,0.0,1,1
837,670672.5,627811.565790246,0.0,0.0,1,1
838,670672.5,627811.565790246,0.0,0.0,1,1
839,670672.5,627811.565790246,0.0,0.0,1,1
840,670672.5,627811.565790246,0.0,0.0,1,1
841,670672.5,627811.565790246,0.0,0.0,1,1
842,670672.5,627811.565790246,0.0,0.0,1,1
843,670672.5,627811.565790246,0.0,0.0,1,1
844,670403.0,627811.565790246,0.0,0.0,1,1
845,670403.0,627811.565790246,0.0,0.0,1,1
846,670403.0,627811.565790246,0.0,0.0,1,1
847,670403.0,627811.565790246,0.0,0.0,1,1
848,670403.0,627811.565790246,0.0,0.0,1,1
849,670403.0,627811.565790246,0.0,0.0,1,1
850,670403.0,627811.565790246,0.0,0.0,1,1
851,670403.0,627811.565790246,0.0,0.0,1,1
852,670403.0,627811.565790246,0.0,0.0,1,1
853,670403.0,627811.565790246,0.0,0.0,1,1
854,670403.0,627811.565790246,0.0,0.0,1,1
855,670403.0,627811.565790246,0.0,0.0,1,1
856,670403.0,627811.565790246,0.0,0.0,1,1
857,670403.0,627811.565790246,0.0,0.0,1,1
858,670403.0,627811.565790246,0.0,0.0,1,1
859,671211.5,627811.565790246,0.0,0.0,1,1
860,671211.5,627811.565790246,0.0,0.0,1,1
861,671211.5,627811.565790246,0.0,0.0,1,1
862,671211.5,627811.565790246,0.0,0.0,1,1
863,671211.5,627811.565790246,0.0,0.0,1,1
864,671211.5,627811.565790246,0.0,0.0,1,1
865,671211.5,627811.565790246,0.0,0.0,1,1
866,671211.5,627811.565790246,0.0,0.0,1,1
867,671211.5,627811.565790246,0.0,0.0,1,1
868,671211.5,627811.565790246,0.0,0.0,1,1
869,671211.5,627811.565790246,0.0,0.0,1,1
870,671211.5,627811.565790246,0.0,0.0,1,1
871,671211.5,627811.565790246,0.0,0.0,1,1
872,671211.5,627811.565790246,0.0,0.0,1,1
873,671211.5,627811.565790246,0.0,0.0,1,1
874,671211.5,627811.565790246,0.0,0.0,1,1
875,671211.5,627811.565790246,0.0,0.0,1,1
876,671211.5,627811.565790246,0.0,0.0,1,1
877,671211.5,627811.565790246,0.0,0.0,1,1
878,671211.5,627811.565790246,0.0,0.0,1,1
879,671211.5,627811.565790246,0.0,0.0,1,1
880,671211.5,627811.565790246,0.0,0.0,1,1
881,671211.5,627811.565790246,0.0,0.0,1,1
882,671211.5,627811.565790246,0.0,0.0,1,1
883,671211.5,627811.565790246,0.0,0.0,1,1
884,671211.5,627811.565790246,0.0,0.0,1,1
885,671386.0,627811.565790246,0.0,0.0,1,1
886,670759.0,627811.565790246,0.0,0.0,1,1
887,670759.0,627811.565790246,0.0,0.0,1,1
888,670759.0,627811.565790246,0.0,0.0,1,1
889,670759.0,627811.565790246,0.0,0.0,1,1
890,670759.0,627811.565790246,0.0,0.0,1,1
891,670759.0,627811.565790246,0.0,0.0,1,1
892,671172.0,627811.565790246,0.0,0.0,1,1
893,671172.0,627811.565790246,0.0,0.0,1,1
894,671172.0,627811.565790246,0.0,0.0,1,1
895,671172.0,627811.565790246,0.0,0.0,1,1
896,671172.0,627811.565790246,0.0,0.0,1,1
897,671309.0,627811.565790246,0.0,0.0,1,1
898,671309.0,627811.565790246,0.0,0.0,1,1
899,671309.0,627811.565790246,0.0,0.0,1,1
900,671309.0,627811.565790246,0.0,0.0,1,1
901,671309.0,627811.565790246,0.0,0.0,1,1
902,671309.0,627811.565790246,0.0,0.0,1,1
903,671309.0,627811.565790246,0.0,0.0,1,1
904,671309.0,627811.565790246,0.0,0.0,1,1
905,671309.0,627811.565790246,0.0,0.0,1,1
906,671936.0,627811.565790246,0.0,0.0,1,1
907,671936.0,627811.565790246,0.0,0.0,1,1
908,671936.0,627811.565790246,0.0,0.0,1,1
909,671936.0,627811.565790246,0.0,0.0,1,1
910,671936.0,627811.565790246,0.0,0.0,1,1
911,672006.0,627811.565790246,0.0,0.0,1,1
912,672006.0,627811.565790246,0.0,0.0,1,1
913,672006.0,627811.565790246,0.0,0.0,1,1
914,672006.0,627811.565790246,0.0,0.0,1,1
915,672006.0,627811.565790246,0.0,0.0,1,1
916,671976.0,627811.565790246,0.0,0.0,1,1
917,671976.0,627811.565790246,0.0,0.0,1,1
918,671976.0,627811.565790246,0.0,0.0,1,1
919,671976.0,627811.565790246,0.0,0.0,1,1
920,671976.0,627811.565790246,0.0,0.0,1,1
921,671976.0,627811.565790246,0.0,0.0,1,1
922,671976.0,627811.565790246,0.0,0.0,1,1
923,671976.0,627811.565790246,0.0,0.0,1,1
924,671976.0,627811.565790246,0.0,0.0,1,1
925,671996.0,627811.565790246,0.0,0.0,1,1
926,671996.0,627811.565790246,0.0,0.0,1,1
927,671996.0,627811.565790246,0.0,0.0,1,1
928,671996.0,627811.565790246,0.0,0.0,1,1
929,671996.0,627811.565790246,0.0,0.0,1,1
930,671996.0,627811.565790246,0.0,0.0,1,1
931,671996.0,627811.565790246,0.0,0.0,1,1
932,671996.0,627811.565790246,0.0,0.0,1,1
933,671996.0,627811.565790246,0.0,0.0,1,1
934,671996.0,627811.565790246,0.0,0.0,1,1
935,671996.0,627811.565790246,0.0,0.0,1,1
936,671996.0,627811.565790246,0.0,0.0,1,1
937,671996.0,627811.565790246,0.0,0.0,1,1
938,671996.0,627811.565790246,0.0,0.0,1,1
939,671976.0,627811.565790246,0.0,0.0,1,1
940,671976.0,627811.565790246,0.0,0.0,1,1
941,671976.0,627811.565790246,0.0,0.0,1,1
942,671976.0,627811.565790246,0.0,0.0,1,1
943,671976.0,627811.565790246,0.0,0.0,1,1
944,671976.0,627811.565790246,0.0,0.0,1,1
945,671976.0,627811.565790246,0.0,0.0,1,1
946,671976.0,627811.565790246,0.0,0.0,1,1
947,671976.0,627811.565790246,0.0,0.0,1,1
948,671976.0,627811.565790246,0.0,0.0,1,1
949,671976.0,627811.565790246,0.0,0.0,1,1
950,671976.0,627811.565790246,0.0,0.0,1,1
951,672283.5,627811.565790246,0.0,0.0,1,1
952,672283.5,627811.565790246,0.0,0.0,1,1
953,672283.5,627811.565790246,0.0,0.0,1,1
954,672283.5,627811.565790246,0.0,0.0,1,1
955,672283.5,627811.565790246,0.0,0.0,1,1
956,672283.5,627811.565790246,0.0,0.0,1,1
957,672283.5,627811.565790246,0.0,0.0,1,1
958,671643.5,627811.565790246,0.0,0.0,1,1
959,671643.5,627811.565790246,0.0,0.0,1,1
960,671643.5,627811.565790246,0.0,0.0,1,1
961,671643.5,627811.565790246,0.0,0.0,1,1
962,673090.0,627811.565790246,0.0,0.0,1,1
963,673090.0,627811.565790246,0.0,0.0,1,1
964,673090.0,627811.565790246,0.0,0.0,1,1
965,673060.0,627811.565790246,0.0,0.0,1,1
966,673060.0,627811.565790246,0.0,0.0,1,1
967,673060.0,627811.565790246,0.0,0.0,1,1
968,673149.5,627811.565790246,0.0,0.0,1,1
969,673149.5,627811.565790246,0.0,0.0,1,1
970,673149.5,627811.565790246,0.0,0.0,1,1
971,673149.5,627811.565790246,0.0,0.0,1,1
972,672671.5394741476,627811.565790246,0.0,0.0,1,1
973,672671.5394741476,627811.565790246,0.0,0.0,1,1
974,672671.5394741476,627811.565790246,0.0,0.0,1,1
975,672671.5394741476,627811.565790246,0.0,0.0,1,1
976,672671.5394741476,627811.565790246,0.0,0.0,1,1
977,673226.5394741476,627811.565790246,0.0,0.0,1,1
978,673226.5394741476,627811.565790246,0.0,0.0,1,1
979,673226.5394741476,627811.565790246,0.0,0.0,1,1
980,673226.5394741476,627811.565790246,0.0,0.0,1,1
981,673226.5394741476,627811.565790246,0.0,0.0,1,1
982,673226.5394741476,627811.565790246,0.0,0.0,1,1
983,673226.5394741476,627811.565790246,0.0,0.0,1,1
984,673226.5394741476,627811.565790246,0.0,0.0,1,1
985,673226.5394741476,627811.565790246,0.0,0.0,1,1
986,673226.5394741476,627811.565790246,0.0,0.0,1,1
987,673226.5394741476,627811.565790246,0.0,0.0,1,1
988,673226.5394741476,627811.565790246,0.0,0.0,1,1
989,673226.5394741476,627811.565790246,0.0,0.0,1,1
990,673226.5394741476,627811.565790246,0.0,0.0,1,1
991,674681.5,627811.565790246,0.0,0.0,1,1
992,674681.5,627811.565790246,0.0,0.0,1,1
993,674681.5,627811.565790246,0.0,0.0,1,1
994,675523.0,627811.565790246,0.0,0.0,1,1
995,675523.0,627811.565790246,0.0,0.0,1,1
996,675523.0,627811.565790246,0.0,0.0,1,1
997,675523.0,627811.565790246,0.0,0.0,1,1
998,675523.0,627811.565790246,0.0,0.0,1,1
999,675523.0,627811.565790246,0.0,0.0,1,1
1000,675523.0,627811.565790246,0.0,0.0,1,1
1001,675523.0,627811.565790246,0.0,0.0,1,1
1002,675523.0,627811.565790246,0.0,0.0,1,1
1003,675523.0,627811.565790246,0.0,0.0,1,1
1004,675523.0,627811.565790246,0.0,0.0,1,1
1005,675523.0,627811.565790246,0.0,0.0,1,1
1006,675523.0,627811.565790246,0.0,0.0,1,1
1007,675523.0,627811.565790246,0.0,0.0,1,1
1008,675523.0,627811.565790246,0.0,0.0,1,1
1009,675523.0,627811.565790246,0.0,0.0,1,1
1010,675530.5,627811.565790246,0.0,0.0,1,1
1011,675530.5,627811.565790246,0.0,0.0,1,1
1012,678388.0,627811.565790246,0.0,0.0,1,1
1013,678388.0,627811.565790246,0.0,0.0,1,1
1014,678388.0,627811.565790246,0.0,0.0,1,1
1015,678388.0,627811.565790246,0.0,0.0,1,1
1016,678388.0,627811.565790246,0.0,0.0,1,1
1017,678388.0,627811.565790246,0.0,0.0,1,1
1018,678388.0,627811.565790246,0.0,0.0,1,1
1019,678388.0,627811.565790246,0.0,0.0,1,1
1020,678388.0,627811.565790246,0.0,0.0,1,1
1021,678388.0,627811.565790246,0.0,0.0,1,1
1022,678388.0,627811.565790246,0.0,0.0,1,1
1023,678388.0,627811.565790246,0.0,0.0,1,1
1024,678388.0,627811.565790246,0.0,0.0,1,1
1025,678388.0,627811.565790246,0.0,0.0,1,1
1026,678388.0,627811.565790246,0.0,0.0,1,1
1027,678388.0,627811.565790246,0.0,0.0,1,1
1028,678388.0,627811.565790246,0.0,0.0,1,1
1029,678388.0,627811.565790246,0.0,0.0,1,1
1030,678388.0,627811.565790246,0.0,0.0,1,1
1031,678388.0,627811.565790246,0.0,0.0,1,1
1032,678388.0,627811.565790246,0.0,0.0,1,1
1033,678728.0,627811.565790246,0.0,0.0,1,1
1034,678728.0,627811.565790246,0.0,0.0,1,1
1035,683398.0263160984,627811.565790246,0.0,0.0,1,1
1036,683398.0263160984,627811.565790246,0.0,0.0,1,1
1037,683398.0263160984,627811.565790246,0.0,0.0,1,1
1038,683398.0263160984,627811.565790246,0.0,0.0,1,1
1039,683398.0263160984,627811.565790246,0.0,0.0,1,1
1040,683398.0263160984,627811.565790246,0.0,0.0,1,1
1041,683398.0263160984,627811.565790246,0.0,0.0,1,1
1042,683398.0263160984,627811.565790246,0.0,0.0,1,1
1043,683398.0263160984,627811.565790246,0.0,0.0,1,1
1044,683398.0263160984,627811.565790246,0.0,0.0,1,1
1045,683398.0263160984,627811.565790246,0.0,0.0,1,1
1046,683398.0263160984,627811.565790246,0.0,0.0,1,1
1047,683398.0263160984,627811.565790246,0.0,0.0,1,1
1048,683398.0263160984,627811.565790246,0.0,0.0,1,1
1049,683398.0263160984,627811.565790246,0.0,0.0,1,1
1050,683398.0263160984,627811.565790246,0.0,0.0,1,1
1051,683398.0263160984,627811.565790246,0.0,0.0,1,1
1052,683398.0263160984,627811.565790246,0.0,0.0,1,1
1053,689542.5263160984,627811.565790246,0.0,0.0,1,1
1054,689542.5263160984,627811.565790246,0.0,0.0,1,1
1055,689542.5263160984,627811.565790246,0.0,0.0,1,1
1056,689542.5263160984,627811.565790246,0.0,0.0,1,1
1057,689542.5263160984,627811.565790246,0.0,0.0,1,1
1058,689542.5263160984,627811.565790246,0.0,0.0,1,1
1059,689542.5263160984,627811.565790246,0.0,0.0,1,1
1060,689542.5263160984,627811.565790246,0.0,0.0,1,1
1061,689542.5263160984,627811.565790246,0.0,0.0,1,1
1062,689542.5263160984,627811.565790246,0.0,0.0,1,1
1063,689542.5263160984,627811.565790246,0.0,0.0,1,1
1064,689526.0263160984,627811.565790246,0.0,0.0,1,1
1065,689526.0263160984,627811.565790246,0.0,0.0,1,1
1066,689526.0263160984,627811.565790246,0.0,0.0,1,1
1067,689526.0263160984,627811.565790246,0.0,0.0,1,1
1068,689526.0263160984,627811.565790246,0.0,0.0,1,1
1069,689425.0263160984,627811.565790246,0.0,0.0,1,1
1070,689407.0526321967,627811.565790246,0.0,0.0,1,1
1071,689407.0526321967,627811.565790246,0.0,0.0,1,1
1072,689407.0526321967,627811.565790246,0.0,0.0,1,1
1073,689407.0526321967,627811.565790246,0.0,0.0,1,1
1074,689407.0526321967,627811.565790246,0.0,0.0,1,1
1075,689407.0526321967,627811.565790246,0.0,0.0,1,1
1076,689608.0263160984,627811.565790246,0.0,0.0,1,1
1077,689608.0263160984,627811.565790246,0.0,0.0,1,1
1078,689608.0263160984,627811.565790246,0.0,0.0,1,1
1079,689608.0263160984,627811.565790246,0.0,0.0,1,1
1080,689608.0263160984,627811.565790246,0.0,0.0,1,1
1081,689608.0263160984,627811.565790246,0.0,0.0,1,1
1082,689608.0263160984,627811.565790246,0.0,0.0,1,1
1083,689608.0263160984,627811.565790246,0.0,0.0,1,1
1084,689608.0263160984,627811.565790246,0.0,0.0,1,1
1085,689608.0263160984,627811.565790246,0.0,0.0,1,1
1086,689608.0263160984,627811.565790246,0.0,0.0,1,1
1087,689608.0263160984,627811.565790246,0.0,0.0,1,1
1088,689608.0263160984,627811.565790246,0.0,0.0,1,1
1089,689608.0263160984,627811.565790246,0.0,0.0,1,1
1090,689597.5263160984,627811.565790246,0.0,0.0,1,1
1091,689597.5263160984,627811.565790246,0.0,0.0,1,1
1092,689548.5263160984,627811.565790246,0.0,0.0,1,1
1093,689548.5263160984,627811.565790246,0.0,0.0,1,1
1094,689548.5263160984,627811.565790246,0.0,0.0,1,1
1095,689548.5263160984,627811.565790246,0.0,0.0,1,1
1096,689625.0131580492,627811.565790246,0.0,0.0,1,1
1097,689625.0131580492,627811.565790246,0.0,0.0,1,1
1098,689625.0131580492,627811.565790246,0.0,0.0,1,1
1099,689625.0131580492,627811.565790246,0.0,0.0,1,1
1100,689625.0131580492,627811.565790246,0.0,0.0,1,1
1101,689625.0131580492,627811.565790246,0.0,0.0,1,1
1102,689625.0131580492,627811.565790246,0.0,0.0,1,1
1103,689625.0131580492,627811.565790246,0.0,0.0,1,1
1104,689625.0131580492,627811.565790246,0.0,0.0,1,1
1105,689625.0131580492,627811.565790246,0.0,0.0,1,1
1106,689625.0131580492,627811.565790246,0.0,0.0,1,1
1107,689625.0131580492,627811.565790246,0.0,0.0,1,1
1108,689306.0131580492,627811.565790246,0.0,0.0,1,1
1109,689306.0131580492,627811.565790246,0.0,0.0,1,1
1110,689306.0131580492,627811.565790246,0.0,0.0,1,1
1111,689306.0131580492,627811.565790246,0.0,0.0,1,1
1112,689306.0131580492,627811.565790246,0.0,0.0,1,1
1113,688929.5131580492,627811.565790246,0.0,0.0,1,1
1114,688929.5131580492,627811.565790246,0.0,0.0,1,1
1115,688929.5131580492,627811.565790246,0.0,0.0,1,1
1116,688929.5131580492,627811.565790246,0.0,0.0,1,1
1117,688929.5131580492,627811.565790246,0.0,0.0,1,1
1118,688929.5131580492,627811.565790246,0.0,0.0,1,1
1119,688929.5131580492,627811.565790246,0.0,0.0,1,1
1120,691126.5131580492,627811.565790246,0.0,0.0,1,1
1121,691930.5131580492,627811.565790246,0.0,0.0,1,1
1122,691930.5131580492,627811.565790246,0.0,0.0,1,1
1123,691930.5131580492,627811.565790246,0.0,0.0,1,1
1124,691930.5131580492,627811.565790246,0.0,0.0,1,1
1125,691891.5131580492,627811.565790246,0.0,0.0,1,1
1126,691891.5131580492,627811.565790246,0.0,0.0,1,1
1127,691891.5131580492,627811.565790246,0.0,0.0,1,1
1128,691891.5131580492,627811.565790246,0.0,0.0,1,1
1129,691891.5131580492,627811.565790246,0.0,0.0,1,1
1130,691891.5131580492,627811.565790246,0.0,0.0,1,1
1131,691891.5131580492,627811.565790246,0.0,0.0,1,1
1132,691891.5131580492,627811.565790246,0.0,0.0,1,1
1133,691891.5131580492,627811.565790246,0.0,0.0,1,1
1134,691891.5131580492,627811.565790246,0.0,0.0,1,1
1135,691891.5131580492,627811.565790246,0.0,0.0,1,1
1136,691891.5131580492,627811.565790246,0.0,0.0,1,1
1137,691891.5131580492,627811.565790246,0.0,0.0,1,1
1138,691891.5131580492,627811.565790246,0.0,0.0,1,1
1139,691891.5131580492,627811.565790246,0.0,0.0,1,1
1140,691891.5131580492,627811.565790246,0.0,0.0,1,1
1141,691891.5131580492,627811.565790246,0.0,0.0,1,1
1142,691891.5131580492,627811.565790246,0.0,0.0,1,1
1143,691903.0131580492,627811.565790246,0.0,0.0,1,1
1144,691903.0131580492,627811.565790246,0.0,0.0,1,1
1145,691910.5131580492,627811.565790246,0.0,0.0,1,1
1146,691910.5131580492,627811.565790246,0.0,0.0,1,1
1147,691910.5131580492,627811.565790246,0.0,0.0,1,1
1148,691910.5131580492,627811.565790246,0.0,0.0,1,1
1149,691910.5131580492,627811.565790246,0.0,0.0,1,1
1150,691910.5131580492,627811.565790246,0.0,0.0,1,1
1151,691910.5131580492,627811.565790246,0.0,0.0,1,1
1152,691910.5131580492,627811.565790246,0.0,0.0,1,1
1153,691910.5131580492,627811.565790246,0.0,0.0,1,1
1154,691910.5131580492,627811.565790246,0.0,0.0,1,1
1155,691910.5131580492,627811.565790246,0.0,0.0,1,1
1156,691910.5131580492,627811.565790246,0.0,0.0,1,1
1157,691910.5131580492,627811.565790246,0.0,0.0,1,1
1158,691910.5131580492,627811.565790246,0.0,0.0,1,1
1159,691910.5131580492,627811.565790246,0.0,0.0,1,1
1160,691910.5131580492,627811.565790246,0.0,0.0,1,1
1161,691910.5131580492,627811.565790246,0.0,0.0,1,1
1162,691910.5131580492,627811.565790246,0.0,0.0,1,1
1163,691910.5131580492,627811.565790246,0.0,0.0,1,1
1164,691910.5131580492,627811.565790246,0.0,0.0,1,1
1165,692145.5131580492,627811.565790246,0.0,0.0,1,1
1166,692145.5131580492,627811.565790246,0.0,0.0,1,1
1167,692145.5131580492,627811.565790246,0.0,0.0,1,1
1168,692252.5131580492,627811.565790246,0.0,0.0,1,1
1169,692252.5131580492,627811.565790246,0.0,0.0,1,1
1170,692252.5131580492,627811.565790246,0.0,0.0,1,1
1171,692252.5131580492,627811.565790246,0.0,0.0,1,1
1172,692252.5131580492,627811.565790246,0.0,0.0,1,1
1173,692252.5131580492,627811.565790246,0.0,0.0,1,1
1174,692252.5131580492,627811.565790246,0.0,0.0,1,1
1175,692252.5131580492,627811.565790246,0.0,0.0,1,1
1176,692252.5131580492,627811.565790246,0.0,0.0,1,1
1177,692252.5131580492,627811.565790246,0.0,0.0,1,1
1178,692252.5131580492,627811.565790246,0.0,0.0,1,1
1179,692252.5131580492,627811.565790246,0.0,0.0,1,1
1180,692252.5131580492,627811.565790246,0.0,0.0,1,1
1181,692252.5131580492,627811.565790246,0.0,0.0,1,1
1182,692252.5131580492,627811.565790246,0.0,0.0,1,1
1183,692252.5131580492,627811.565790246,0.0,0.0,1,1
1184,692252.5131580492,627811.565790246,0.0,0.0,1,1
1185,692705.5,627811.565790246,0.0,0.0,1,1
1186,692705.5,627811.565790246,0.0,0.0,1,1
1187,692705.5,627811.565790246,0.0,0.0,1,1
1188,692705.5,627811.565790246,0.0,0.0,1,1
1189,692705.5,627811.565790246,0.0,0.0,1,1
1190,692705.5,627811.565790246,0.0,0.0,1,1
1191,692650.0,627811.565790246,0.0,0.0,1,1
1192,692650.0,627811.565790246,0.0,0.0,1,1
1193,692650.0,627811.565790246,0.0,0.0,1,1
1194,692650.0,627811.565790246,0.0,0.0,1,1
1195,692650.0,627811.565790246,0.0,0.0,1,1
1196,692650.0,627811.565790246,0.0,0.0,1,1
1197,692650.0,627811.565790246,0.0,0.0,1,1
1198,692650.0,627811.565790246,0.0,0.0,1,1
1199,692650.0,627811.565790246,0.0,0.0,1,1
1200,692650.0,627811.565790246,0.0,0.0,1,1
1201,692650.0,627811.565790246,0.0,0.0,1,1
1202,692650.0,627811.565790246,0.0,0.0,1,1
1203,692650.0,627811.565790246,0.0,0.0,1,1
1204,692650.0,627811.565790246,0.0,0.0,1,1
1205,692650.0,627811.565790246,0.0,0.0,1,1
1206,692650.0,627811.565790246,0.0,0.0,1,1
1207,692650.0,627811.565790246,0.0,0.0,1,1
1208,692650.0,627811.565790246,0.0,0.0,1,1
1209,692650.0,627811.565790246,0.0,0.0,1,1
1210,692650.0,627811.565790246,0.0,0.0,1,1
1211,692650.0,627811.565790246,0.0,0.0,1,1
1212,692650.0,627811.565790246,0.0,0.0,1,1
1213,692650.0,627811.565790246,0.0,0.0,1,1
1214,692650.0,627811.565790246,0.0,0.0,1,1
1215,692650.0,627811.565790246,0.0,0.0,1,1
1216,692650.0,627811.565790246,0.0,0.0,1,1
1217,692650.0,627811.565790246,0.0,0.0,1,1
1218,692650.0,627811.565790246,0.0,0.0,1,1
1219,692650.0,627811.565790246,0.0,0.0,1,1
1220,692650.0,627811.565790246,0.0,0.0,1,1
1221,692517.0,627811.565790246,0.0,0.0,1,1
1222,691564.5,627811.565790246,0.0,0.0,1,1
1223,692713.0,627811.565790246,0.0,0.0,1,1
1224,693288.5,627811.565790246,0.0,0.0,1,1
1225,693288.5,627811.565790246,0.0,0.0,1,1
1226,693288.5,627811.565790246,0.0,0.0,1,1
1227,693288.5,627811.565790246,0.0,0.0,1,1
1228,693288.5,627811.565790246,0.0,0.0,1,1
1229,693288.5,627811.565790246,0.0,0.0,1,1
1230,693288.5,627811.565790246,0.0,0.0,1,1
1231,693291.5,627811.565790246,0.0,0.0,1,1
1232,693291.5,627811.565790246,0.0,0.0,1,1
1233,693291.5,627811.565790246,0.0,0.0,1,1
1234,693291.5,627811.565790246,0.0,0.0,1,1
1235,693291.5,627811.565790246,0.0,0.0,1,1
1236,693291.5,627811.565790246,0.0,0.0,1,1
1237,693291.5,627811.565790246,0.0,0.0,1,1
1238,693291.5,627811.565790246,0.0,0.0,1,1
1239,693291.5,627811.565790246,0.0,0.0,1,1
1240,693291.5,627811.565790246,0.0,0.0,1,1
1241,691866.0,627811.565790246,0.0,0.0,1,1
1242,691866.0,627811.565790246,0.0,0.0,1,1
1243,691866.0,627811.565790246,0.0,0.0,1,1
1244,691866.0,627811.565790246,0.0,0.0,1,1
1245,691866.0,627811.565790246,0.0,0.0,1,1
1246,691822.0,627811.565790246,0.0,0.0,1,1
1247,691822.0,627811.565790246,0.0,0.0,1,1
1248,691822.0,627811.565790246,0.0,0.0,1,1
1249,691822.0,627811.565790246,0.0,0.0,1,1
1250,691822.0,627811.565790246,0.0,0.0,1,1
1251,691822.0,627811.565790246,0.0,0.0,1,1
1252,691822.0,627811.565790246,0.0,0.0,1,1
1253,691822.0,627811.565790246,0.0,0.0,1,1
1254,691822.0,627811.565790246,0.0,0.0,1,1
1255,691822.0,627811.565790246,0.0,0.0,1,1
1256,691822.0,627811.565790246,0.0,0.0,1,1
1257,691822.0,627811.565790246,0.0,0.0,1,1
1258,691822.0,627811.565790246,0.0,0.0,1,1
1259,691822.0,627811.565790246,0.0,0.0,1,1
1260,691822.0,627811.565790246,0.0,0.0,1,1
1261,691822.0,627811.565790246,0.0,0.0,1,1
1262,691822.0,627811.565790246,0.0,0.0,1,1
1263,691822.0,627811.565790246,0.0,0.0,1,1
1264,691822.0,627811.565790246,0.0,0.0,1,1
1265,693315.5,627811.565790246,0.0,0.0,1,1
1266,693315.5,627811.565790246,0.0,0.0,1,1
1267,693315.5,627811.565790246,0.0,0.0,1,1
1268,693315.5,627811.565790246,0.0,0.0,1,1
1269,693315.5,627811.565790246,0.0,0.0,1,1
1270,693315.5,627811.565790246,0.0,0.0,1,1
1271,693315.5,627811.565790246,0.0,0.0,1,1
1272,693315.5,627811.565790246,0.0,0.0,1,1
1273,693315.5,627811.565790246,0.0,0.0,1,1
1274,693315.5,627811.565790246,0.0,0.0,1,1
1275,693315.5,627811.565790246,0.0,0.0,1,1
1276,693315.5,627811.565790246,0.0,0.0,1,1
1277,693315.5,627811.565790246,0.0,0.0,1,1
1278,693253.5,627811.565790246,0.0,0.0,1,1
1279,693253.5,627811.565790246,0.0,0.0,1,1
1280,693253.5,627811.565790246,0.0,0.0,1,1
1281,693253.5,627811.565790246,0.0,0.0,1,1
1282,693253.5,627811.565790246,0.0,0.0,1,1
1283,693253.5,627811.565790246,0.0,0.0,1,1
1284,693253.5,627811.565790246,0.0,0.0,1,1
1285,693253.5,627811.565790246,0.0,0.0,1,1
1286,693253.5,627811.565790246,0.0,0.0,1,1
1287,693253.5,627811.565790246,0.0,0.0,1,1
1288,693253.5,627811.565790246,0.0,0.0,1,1
1289,693253.5,627811.565790246,0.0,0.0,1,1
1290,693253.5,627811.565790246,0.0,0.0,1,1
1291,693253.5,627811.565790246,0.0,0.0,1,1
1292,693253.5,627811.565790246,0.0,0.0,1,1
1293,693253.5,627811.565790246,0.0,0.0,1,1
1294,693253.5,627811.565790246,0.0,0.0,1,1
1295,693253.5,627811.565790246,0.0,0.0,1,1
1296,693253.5,627811.565790246,0.0,0.0,1,1
1297,693253.5,627811.565790246,0.0,0.0,1,1
1298,693253.5,627811.565790246,0.0,0.0,1,1
1299,693253.5,627811.565790246,0.0,0.0,1,1
1300,693253.5,627811.565790246,0.0,0.0,1,1
1301,693253.5,627811.565790246,0.0,0.0,1,1
1302,693253.5,627811.565790246,0.0,0.0,1,1
1303,692535.5,627811.565790246,0.0,0.0,1,1
1304,692535.5,627811.565790246,0.0,0.0,1,1
1305,692535.5,627811.565790246,0.0,0.0,1,1
1306,692535.5,627811.565790246,0.0,0.0,1,1
1307,692535.5,627811.565790246,0.0,0.0,1,1
1308,692576.0,627811.565790246,0.0,0.0,1,1
1309,692576.0,627811.565790246,0.0,0.0,1,1
1310,692576.0,627811.565790246,0.0,0.0,1,1
1311,692576.0,627811.565790246,0.0,0.0,1,1
1312,692576.0,627811.565790246,0.0,0.0,1,1
1313,692576.0,627811.565790246,0.0,0.0,1,1
1314,692576.0,627811.565790246,0.0,0.0,1,1
1315,692576.0,627811.565790246,0.0,0.0,1,1
1316,692576.0,627811.565790246,0.0,0.0,1,1
1317,692576.0,627811.565790246,0.0,0.0,1,1
1318,692576.0,627811.565790246,0.0,0.0,1,1
1319,693370.5,627811.565790246,0.0,0.0,1,1
1320,693370.5,627811.565790246,0.0,0.0,1,1
1321,693370.5,627811.565790246,0.0,0.0,1,1
1322,693370.5,627811.565790246,0.0,0.0,1,1
1323,693370.5,627811.565790246,0.0,0.0,1,1
1324,693370.5,627811.565790246,0.0,0.0,1,1
1325,693370.5,627811.565790246,0.0,0.0,1,1
1326,693370.5,627811.565790246,0.0,0.0,1,1
1327,694593.5,627811.565790246,0.0,0.0,1,1
1328,694593.5,627811.565790246,0.0,0.0,1,1
1329,694593.5,627811.565790246,0.0,0.0,1,1
1330,694593.5,627811.565790246,0.0,0.0,1,1
1331,694593.5,627811.565790246,0.0,0.0,1,1
1332,694593.5,627811.565790246,0.0,0.0,1,1
1333,694593.5,627811.565790246,0.0,0.0,1,1
1334,694593.5,627811.565790246,0.0,0.0,1,1
1335,694593.5,627811.565790246,0.0,0.0,1,1
1336,694593.5,627811.565790246,0.0,0.0,1,1
1337,694593.5,627811.565790246,0.0,0.0,1,1
1338,694593.5,627811.565790246,0.0,0.0,1,1
1339,694593.5,627811.565790246,0.0,0.0,1,1
1340,694593.5,627811.565790246,0.0,0.0,1,1
1341,694593.5,627811.565790246,0.0,0.0,1,1
1342,694593.5,627811.565790246,0.0,0.0,1,1
1343,694593.5,627811.565790246,0.0,0.0,1,1
1344,694593.5,627811.565790246,0.0,0.0,1,1
1345,694593.5,627811.565790246,0.0,0.0,1,1
1346,694593.5,627811.565790246,0.0,0.0,1,1
1347,694593.5,627811.565790246,0.0,0.0,1,1
1348,694593.5,627811.565790246,0.0,0.0,1,1
1349,694593.5,627811.565790246,0.0,0.0,1,1
1350,694593.5,627811.565790246,0.0,0.0,1,1
1351,694593.5,627811.565790246,0.0,0.0,1,1
1352,694593.5,627811.565790246,0.0,0.0,1,1
1353,694593.5,627811.565790246,0.0,0.0,1,1
1354,694593.5,627811.565790246,0.0,0.0,1,1
1355,694593.5,627811.565790246,0.0,0.0,1,1
1356,696961.0,627811.565790246,0.0,0.0,1,1
1357,696961.0,627811.565790246,0.0,0.0,1,1
1358,696961.0,627811.565790246,0.0,0.0,1,1
1359,696961.0,627811.565790246,0.0,0.0,1,1
1360,696985.0,627811.565790246,0.0,0.0,1,1
1361,696985.0,627811.565790246,0.0,0.0,1,1
1362,696985.0,627811.565790246,0.0,0.0,1,1
1363,696985.0,627811.565790246,0.0,0.0,1,1
1364,696985.0,627811.565790246,0.0,0.0,1,1
1365,696985.0,627811.565790246,0.0,0.0,1,1
1366,696796.0,627811.565790246,0.0,0.0,1,1
1367,696796.0,627811.565790246,0.0,0.0,1,1
1368,696796.0,627811.565790246,0.0,0.0,1,1
1369,696796.0,627811.565790246,0.0,0.0,1,1
1370,696796.0,627811.565790246,0.0,0.0,1,1
1371,696796.0,627811.565790246,0.0,0.0,1,1
1372,696796.0,627811.565790246,0.0,0.0,1,1
1373,696796.0,627811.565790246,0.0,0.0,1,1
1374,696796.0,627811.565790246,0.0,0.0,1,1
1375,697069.0,627811.565790246,0.0,0.0,1,1
1376,697069.0,627811.565790246,0.0,0.0,1,1
1377,697069.0,627811.565790246,0.0,0.0,1,1
1378,697069.0,627811.565790246,0.0,0.0,1,1
1379,697069.0,627811.565790246,0.0,0.0,1,1
1380,697069.0,627811.565790246,0.0,0.0,1,1
1381,697069.0,627811.565790246,0.0,0.0,1,1
1382,697069.0,627811.565790246,0.0,0.0,1,1
1383,697069.0,627811.565790246,0.0,0.0,1,1
1384,697069.0,627811.565790246,0.0,0.0,1,1
1385,697069.0,627811.565790246,0.0,0.0,1,1
1386,697938.0,627811.565790246,0.0,0.0,1,1
1387,697938.0,627811.565790246,0.0,0.0,1,1
1388,697938.0,627811.565790246,0.0,0.0,1,1
1389,697938.0,627811.565790246,0.0,0.0,1,1
1390,697938.0,627811.565790246,0.0,0.0,1,1
1391,697938.0,627811.565790246,0.0,0.0,1,1
1392,697792.0,627811.565790246,0.0,0.0,1,1
1393,697792.0,627811.565790246,0.0,0.0,1,1
1394,697792.0,627811.565790246,0.0,0.0,1,1
1395,697792.0,627811.565790246,0.0,0.0,1,1
1396,697792.0,627811.565790246,0.0,0.0,1,1
1397,701881.0,627811.565790246,0.0,0.0,1,1
1398,701881.0,627811.565790246,0.0,0.0,1,1
1399,701881.0,627811.565790246,0.0,0.0,1,1
1400,701881.0,627811.565790246,0.0,0.0,1,1
1401,702869.0,627811.565790246,0.0,0.0,1,1
1402,702869.0,627811.565790246,0.0,0.0,1,1
1403,702869.0,627811.565790246,0.0,0.0,1,1
1404,702869.0,627811.565790246,0.0,0.0,1,1
1405,702874.0,627811.565790246,0.0,0.0,1,1
1406,702874.0,627811.565790246,0.0,0.0,1,1
1407,702874.0,627811.565790246,0.0,0.0,1,1
1408,702874.0,627811.565790246,0.0,0.0,1,1
1409,702874.0,627811.565790246,0.0,0.0,1,1
1410,702874.0,627811.565790246,0.0,0.0,1,1
1411,702874.0,627811.565790246,0.0,0.0,1,1
1412,702874.0,627811.565790246,0.0,0.0,1,1
1413,702874.0,627811.565790246,0.0,0.0,1,1
1414,702874.0,627811.565790246,0.0,0.0,1,1
1415,702874.0,627811.565790246,0.0,0.0,1,1
1416,702874.0,627811.565790246,0.0,0.0,1,1
1417,702874.0,627811.565790246,0.0,0.0,1,1
1418,702874.0,627811.565790246,0.0,0.0,1,1
1419,702874.0,627811.565790246,0.0,0.0,1,1
1420,702874.0,627811.565790246,0.0,0.0,1,1
1421,701828.0,627811.565790246,0.0,0.0,1,1
1422,701828.0,627811.565790246,0.0,0.0,1,1
1423,703239.5,627811.565790246,0.0,0.0,1,1
1424,703239.5,627811.565790246,0.0,0.0,1,1
1425,703239.5,627811.565790246,0.0,0.0,1,1
1426,703239.5,627811.565790246,0.0,0.0,1,1
1427,703239.5,627811.565790246,0.0,0.0,1,1
1428,703239.5,627811.565790246,0.0,0.0,1,1
1429,703239.5,627811.565790246,0.0,0.0,1,1
1430,703239.5,627811.565790246,0.0,0.0,1,1
1431,703239.5,627811.565790246,0.0,0.0,1,1
1432,703239.5,627811.565790246,0.0,0.0,1,1
1433,703239.5,627811.565790246,0.0,0.0,1,1
1434,703239.5,627811.565790246,0.0,0.0,1,1
1435,703239.5,627811.565790246,0.0,0.0,1,1
1436,703239.5,627811.565790246,0.0,0.0,1,1
1437,703239.5,627811.565790246,0.0,0.0,1,1
1438,703239.5,627811.565790246,0.0,0.0,1,1
1439,703239.5,627811.565790246,0.0,0.0,1,1
1440,703239.5,627811.565790246,0.0,0.0,1,1
1441,703239.5,627811.565790246,0.0,0.0,1,1
1442,703239.5,627811.565790246,0.0,0.0,1,1
1443,703239.5,627811.565790246,0.0,0.0,1,1
1444,703239.5,627811.565790246,0.0,0.0,1,1
1445,703239.5,627811.565790246,0.0,0.0,1,1
1446,703239.5,627811.565790246,0.0,0.0,1,1
1447,703239.5,627811.565790246,0.0,0.0,1,1
1448,703239.5,627811.565790246,0.0,0.0,1,1
1449,703239.5,627811.565790246,0.0,0.0,1,1
1450,703239.5,627811.565790246,0.0,0.0,1,1
1451,703239.5,627811.565790246,0.0,0.0,1,1
1452,703239.5,627811.565790246,0.0,0.0,1,1
1453,703239.5,627811.565790246,0.0,0.0,1,1
1454,703239.5,627811.565790246,0.0,0.0,1,1
1455,703239.5,627811.565790246,0.0,0.0,1,1
1456,703239.5,627811.565790246,0.0,0.0,1,1
1457,703239.5,627811.565790246,0.0,0.0,1,1
1458,703239.5,627811.565790246,0.0,0.0,1,1
1459,703239.5,627811.565790246,0.0,0.0,1,1
1460,703239.5,627811.565790246,0.0,0.0,1,1
1461,703259.5,627811.565790246,0.0,0.0,1,1
1462,703259.5,627811.565790246,0.0,0.0,1,1
1463,703259.5,627811.565790246,0.0,0.0,1,1
1464,703259.5,627811.565790246,0.0,0.0,1,1
1465,703259.5,627811.565790246,0.0,0.0,1,1
1466,703259.5,627811.565790246,0.0,0.0,1,1
1467,703259.5,627811.565790246,0.0,0.0,1,1
1468,703259.5,627811.565790246,0.0,0.0,1,1
1469,703259.5,627811.565790246,0.0,0.0,1,1
1470,703257.5,627811.565790246,0.0,0.0,1,1
1471,703257.5,627811.565790246,0.0,0.0,1,1
1472,703257.5,627811.565790246,0.0,0.0,1,1
1473,703257.5,627811.565790246,0.0,0.0,1,1
1474,703257.5,627811.565790246,0.0,0.0,1,1
1475,703257.5,627811.565790246,0.0,0.0,1,1
1476,703257.5,627811.565790246,0.0,0.0,1,1
1477,703257.5,627811.565790246,0.0,0.0,1,1
1478,703257.5,627811.565790246,0.0,0.0,1,1
1479,703257.5,627811.565790246,0.0,0.0,1,1
1480,702011.5,627811.565790246,0.0,0.0,1,1
1481,702011.5,627811.565790246,0.0,0.0,1,1
1482,702011.5,627811.565790246,0.0,0.0,1,1
1483,702011.5,627811.565790246,0.0,0.0,1,1
1484,702011.5,627811.565790246,0.0,0.0,1,1
1485,702011.5,627811.565790246,0.0,0.0,1,1
1486,702011.5,627811.565790246,0.0,0.0,1,1
1487,702011.5,627811.565790246,0.0,0.0,1,1
1488,702011.5,627811.565790246,0.0,0.0,1,1
1489,702011.5,627811.565790246,0.0,0.0,1,1
1490,702011.5,627811.565790246,0.0,0.0,1,1
1491,702014.5,627811.565790246,0.0,0.0,1,1
1492,702014.5,627811.565790246,0.0,0.0,1,1
1493,702014.5,627811.565790246,0.0,0.0,1,1
1494,702014.5,627811.565790246,0.0,0.0,1,1
1495,702014.5,627811.565790246,0.0,0.0,1,1
1496,702014.5,627811.565790246,0.0,0.0,1,1
1497,702216.5,627811.565790246,0.0,0.0,1,1
1498,702216.5,627811.565790246,0.0,0.0,1,1
1499,702216.5,627811.565790246,0.0,0.0,1,1
1500,702216.5,627811.565790246,0.0,0.0,1,1
1501,702216.5,627811.565790246,0.0,0.0,1,1
1502,702216.5,627811.565790246,0.0,0.0,1,1
1503,702216.5,627811.565790246,0.0,0.0,1,1
1504,702216.5,627811.565790246,0.0,0.0,1,1
1505,702216.5,627811.565790246,0.0,0.0,1,1
1506,702216.5,627811.565790246,0.0,0.0,1,1
1507,702216.5,627811.565790246,0.0,0.0,1,1
1508,702216.5,627811.565790246,0.0,0.0,1,1
1509,702442.0,627811.565790246,0.0,0.0,1,1
1510,702442.0,627811.565790246,0.0,0.0,1,1
1511,702442.0,627811.565790246,0.0,0.0,1,1
1512,702442.0,627811.565790246,0.0,0.0,1,1
1513,702442.0,627811.565790246,0.0,0.0,1,1
1514,702405.5,627811.565790246,0.0,0.0,1,1
1515,702405.5,627811.565790246,0.0,0.0,1,1
1516,702405.5,627811.565790246,0.0,0.0,1,1
1517,702405.5,627811.565790246,0.0,0.0,1,1
1518,702405.5,627811.565790246,0.0,0.0,1,1
1519,702360.5,627811.565790246,0.0,0.0,1,1
1520,702653.5,627811.565790246,0.0,0.0,1,1
1521,702653.5,627811.565790246,0.0,0.0,1,1
1522,702653.5,627811.565790246,0.0,0.0,1,1
1523,702653.5,627811.565790246,0.0,0.0,1,1
1524,702653.5,627811.565790246,0.0,0.0,1,1
1525,702653.5,627811.565790246,0.0,0.0,1,1
1526,702653.5,627811.565790246,0.0,0.0,1,1
1527,702653.5,627811.565790246,0.0,0.0,1,1
1528,702653.5,627811.565790246,0.0,0.0,1,1
1529,702653.5,627811.565790246,0.0,0.0,1,1
1530,702653.5,627811.565790246,0.0,0.0,1,1
1531,702653.5,627811.565790246,0.0,0.0,1,1
1532,702653.5,627811.565790246,0.0,0.0,1,1
1533,702653.5,627811.565790246,0.0,0.0,1,1
1534,702533.0,627811.565790246,0.0,0.0,1,1
1535,702533.0,627811.565790246,0.0,0.0,1,1
1536,702533.0,627811.565790246,0.0,0.0,1,1
1537,702533.0,627811.565790246,0.0,0.0,1,1
1538,702533.0,627811.565790246,0.0,0.0,1,1
1539,702533.0,627811.565790246,0.0,0.0,1,1
1540,702533.0,627811.565790246,0.0,0.0,1,1
1541,702533.0,627811.565790246,0.0,0.0,1,1
1542,702533.0,627811.565790246,0.0,0.0,1,1
1543,702533.0,627811.565790246,0.0,0.0,1,1
1544,702533.0,627811.565790246,0.0,0.0,1,1
1545,702533.0,627811.565790246,0.0,0.0,1,1
1546,702533.0,627811.565790246,0.0,0.0,1,1
1547,702737.0,627811.565790246,0.0,0.0,1,1
1548,702737.0,627811.565790246,0.0,0.0,1,1
1549,702737.0,627811.565790246,0.0,0.0,1,1
1550,702737.0,627811.565790246,0.0,0.0,1,1
1551,702737.0,627811.565790246,0.0,0.0,1,1
1552,702737.0,627811.565790246,0.0,0.0,1,1
1553,702737.0,627811.565790246,0.0,0.0,1,1
1554,702737.0,627811.565790246,0.0,0.0,1,1
1555,702737.0,627811.565790246,0.0,0.0,1,1
1556,702737.0,627811.565790246,0.0,0.0,1,1
1557,702737.0,627811.565790246,0.0,0.0,1,1
1558,702737.0,627811.565790246,0.0,0.0,1,1
1559,702737.0,627811.565790246,0.0,0.0,1,1
1560,702737.0,627811.565790246,0.0,0.0,1,1
1561,702737.0,627811.565790246,0.0,0.0,1,1
1562,702737.0,627811.565790246,0.0,0.0,1,1
1563,702737.0,627811.565790246,0.0,0.0,1,1
1564,702881.0,627811.565790246,0.0,0.0,1,1
1565,702881.0,627811.565790246,0.0,0.0,1,1
1566,702881.0,627811.565790246,0.0,0.0,1,1
1567,702881.0,627811.565790246,0.0,0.0,1,1
1568,702881.0,627811.565790246,0.0,0.0,1,1
1569,702881.0,627811.565790246,0.0,0.0,1,1
1570,702881.0,627811.565790246,0.0,0.0,1,1
1571,702881.0,627811.565790246,0.0,0.0,1,1
1572,702881.0,627811.565790246,0.0,0.0,1,1
1573,702881.0,627811.565790246,0.0,0.0,1,1
1574,702842.0,627811.565790246,0.0,0.0,1,1
1575,702842.0,627811.565790246,0.0,0.0,1,1
1576,702842.0,627811.565790246,0.0,0.0,1,1
1577,702842.0,627811.565790246,0.0,0.0,1,1
1578,702842.0,627811.565790246,0.0,0.0,1,1
1579,702842.0,627811.565790246,0.0,0.0,1,1
1580,702842.0,627811.565790246,0.0,0.0,1,1
1581,702842.0,627811.565790246,0.0,0.0,1,1
1582,702842.0,627811.565790246,0.0,0.0,1,1
1583,702842.0,627811.565790246,0.0,0.0,1,1
1584,702842.0,627811.565790246,0.0,0.0,1,1
1585,702842.0,627811.565790246,0.0,0.0,1,1
1586,702842.0,627811.565790246,0.0,0.0,1,1
1587,702842.0,627811.565790246,0.0,0.0,1,1
1588,702842.0,627811.565790246,0.0,0.0,1,1
1589,702842.0,627811.565790246,0.0,0.0,1,1
1590,702842.0,627811.565790246,0.0,0.0,1,1
1591,702842.0,627811.565790246,0.0,0.0,1,1
1592,702524.0,627811.565790246,0.0,0.0,1,1
1593,702524.0,627811.565790246,0.0,0.0,1,1
1594,702524.0,627811.565790246,0.0,0.0,1,1
1595,702524.0,627811.565790246,0.0,0.0,1,1
1596,702524.0,627811.565790246,0.0,0.0,1,1
1597,702524.0,627811.565790246,0.0,0.0,1,1
1598,702524.0,627811.565790246,0.0,0.0,1,1
1599,702524.0,627811.565790246,0.0,0.0,1,1
1600,702524.0,627811.565790246,0.0,0.0,1,1
1601,702524.0,627811.565790246,0.0,0.0,1,1
1602,702524.0,627811.565790246,0.0,0.0,1,1
1603,702524.0,627811.565790246,0.0,0.0,1,1
1604,702524.0,627811.565790246,0.0,0.0,1,1
1605,702524.0,627811.565790246,0.0,0.0,1,1
1606,702524.0,627811.565790246,0.0,0.0,1,1
1607,702524.0,627811.565790246,0.0,0.0,1,1
1608,702524.0,627811.565790246,0.0,0.0,1,1
1609,702524.0,627811.565790246,0.0,0.0,1,1
1610,702524.0,627811.565790246,0.0,0.0,1,1
1611,702524.0,627811.565790246,0.0,0.0,1,1
1612,702524.0,627811.565790246,0.0,0.0,1,1
1613,702524.0,627811.565790246,0.0,0.0,1,1
1614,702524.0,627811.565790246,0.0,0.0,1,1
1615,702524.0,627811.565790246,0.0,0.0,1,1
1616,702524.0,627811.565790246,0.0,0.0,1,1
1617,702524.0,627811.565790246,0.0,0.0,1,1
1618,702524.0,627811.565790246,0.0,0.0,1,1
1619,702524.0,627811.565790246,0.0,0.0,1,1
1620,702524.0,627811.565790246,0.0,0.0,1,1
1621,702524.0,627811.565790246,0.0,0.0,1,1
1622,702524.0,627811.565790246,0.0,0.0,1,1
1623,702524.0,627811.565790246,0.0,0.0,1,1
1624,702524.0,627811.565790246,0.0,0.0,1,1
1625,702524.0,627811.565790246,0.0,0.0,1,1
1626,702524.0,627811.565790246,0.0,0.0,1,1
1627,702524.0,627811.565790246,0.0,0.0,1,1
1628,702524.0,627811.565790246,0.0,0.0,1,1
1629,702524.0,627811.565790246,0.0,0.0,1,1
1630,702524.0,627811.565790246,0.0,0.0,1,1
1631,702524.0,627811.565790246,0.0,0.0,1,1
1632,702524.0,627811.565790246,0.0,0.0,1,1
1633,702524.0,627811.565790246,0.0,0.0,1,1
1634,702524.0,627811.565790246,0.0,0.0,1,1
1635,702524.0,627811.565790246,0.0,0.0,1,1
1636,702524.0,627811.565790246,0.0,0.0,1,1
1637,702524.0,627811.565790246,0.0,0.0,1,1
1638,702524.0,627811.565790246,0.0,0.0,1,1
1639,702524.0,627811.565790246,0.0,0.0,1,1
1640,702524.0,627811.565790246,0.0,0.0,1,1
1641,702524.0,627811.565790246,0.0,0.0,1,1
1642,702524.0,627811.565790246,0.0,0.0,1,1
1643,702524.0,627811.565790246,0.0,0.0,1,1
1644,702524.0,627811.565790246,0.0,0.0,1,1
1645,702524.0,627811.565790246,0.0,0.0,1,1
1646,702524.0,627811.565790246,0.0,0.0,1,1
1647,702524.0,627811.565790246,0.0,0.0,1,1
1648,702524.0,627811.565790246,0.0,0.0,1,1
1649,702524.0,627811.565790246,0.0,0.0,1,1
1650,702524.0,627811.565790246,0.0,0.0,1,1
1651,703192.0,627811.565790246,0.0,0.0,1,1
1652,703192.0,627811.565790246,0.0,0.0,1,1
1653,704108.0,627811.565790246,0.0,0.0,1,1
1654,704260.5,627811.565790246,0.0,0.0,1,1
1655,704260.5,627811.565790246,0.0,0.0,1,1
1656,704260.5,627811.565790246,0.0,0.0,1,1
1657,704260.5,627811.565790246,0.0,0.0,1,1
1658,705023.5,627811.565790246,0.0,0.0,1,1
1659,705084.0,627811.565790246,0.0,0.0,1,1
1660,705084.0,627811.565790246,0.0,0.0,1,1
1661,705084.0,627811.565790246,0.0,0.0,1,1
1662,705084.0,627811.565790246,0.0,0.0,1,1
1663,705084.0,627811.565790246,0.0,0.0,1,1
1664,705084.0,627811.565790246,0.0,0.0,1,1
1665,705084.0,627811.565790246,0.0,0.0,1,1
1666,705084.0,627811.565790246,0.0,0.0,1,1
1667,705123.0,627811.565790246,0.0,0.0,1,1
1668,705123.0,627811.565790246,0.0,0.0,1,1
1669,705123.0,627811.565790246,0.0,0.0,1,1
1670,705123.0,627811.565790246,0.0,0.0,1,1
1671,705123.0,627811.565790246,0.0,0.0,1,1
1672,705123.0,627811.565790246,0.0,0.0,1,1
1673,704180.0,627811.565790246,0.0,0.0,1,1
1674,704180.0,627811.565790246,0.0,0.0,1,1
1675,704180.0,627811.565790246,0.0,0.0,1,1
1676,704298.0,627811.565790246,0.0,0.0,1,1
1677,704298.0,627811.565790246,0.0,0.0,1,1
1678,704298.0,627811.565790246,0.0,0.0,1,1
1679,704298.0,627811.565790246,0.0,0.0,1,1
1680,704298.0,627811.565790246,0.0,0.0,1,1
1681,704298.0,627811.565790246,0.0,0.0,1,1
1682,704298.0,627811.565790246,0.0,0.0,1,1
1683,704298.0,627811.565790246,0.0,0.0,1,1
1684,704298.0,627811.565790246,0.0,0.0,1,1
1685,704298.0,627811.565790246,0.0,0.0,1,1
1686,704298.0,627811.565790246,0.0,0.0,1,1
1687,704298.0,627811.565790246,0.0,0.0,1,1
1688,704298.0,627811.565790246,0.0,0.0,1,1
1689,704298.0,627811.565790246,0.0,0.0,1,1
1690,704298.0,627811.565790246,0.0,0.0,1,1
1691,704298.0,627811.565790246,0.0,0.0,1,1
1692,704298.0,627811.565790246,0.0,0.0,1,1
1693,704298.0,627811.565790246,0.0,0.0,1,1
1694,704298.0,627811.565790246,0.0,0.0,1,1
1695,704298.0,627811.565790246,0.0,0.0,1,1
1696,704298.0,627811.565790246,0.0,0.0,1,1
1697,704298.0,627811.565790246,0.0,0.0,1,1
1698,704298.0,627811.565790246,0.0,0.0,1,1
1699,704298.0,627811.565790246,0.0,0.0,1,1
1700,704298.0,627811.565790246,0.0,0.0,1,1
1701,704298.0,627811.565790246,0.0,0.0,1,1
1702,704298.0,627811.565790246,0.0,0.0,1,1
1703,704298.0,627811.565790246,0.0,0.0,1,1
1704,704298.0,627811.565790246,0.0,0.0,1,1
1705,704298.0,627811.565790246,0.0,0.0,1,1
1706,704298.0,627811.565790246,0.0,0.0,1,1
1707,704298.0,627811.565790246,0.0,0.0,1,1
1708,704298.0,627811.565790246,0.0,0.0,1,1
1709,704298.0,627811.565790246,0.0,0.0,1,1
1710,704298.0,627811.565790246,0.0,0.0,1,1
1711,704298.0,627811.565790246,0.0,0.0,1,1
1712,704298.0,627811.565790246,0.0,0.0,1,1
1713,704298.0,627811.565790246,0.0,0.0,1,1
1714,704298.0,627811.565790246,0.0,0.0,1,1
1715,704298.0,627811.565790246,0.0,0.0,1,1
1716,704298.0,627811.565790246,0.0,0.0,1,1
1717,704298.0,627811.565790246,0.0,0.0,1,1
1718,704298.0,627811.565790246,0.0,0.0,1,1
1719,704298.0,627811.565790246,0.0,0.0,1,1
1720,704298.0,627811.565790246,0.0,0.0,1,1
1721,704298.0,627811.565790246,0.0,0.0,1,1
1722,704298.0,627811.565790246,0.0,0.0,1,1
1723,704298.0,627811.565790246,0.0,0.0,1,1
1724,704298.0,627811.565790246,0.0,0.0,1,1
1725,704298.0,627811.565790246,0.0,0.0,1,1
1726,704298.0,627811.565790246,0.0,0.0,1,1
1727,704298.0,627811.565790246,0.0,0.0,1,1
1728,704298.0,627811.565790246,0.0,0.0,1,1
1729,704298.0,627811.565790246,0.0,0.0,1,1
1730,704298.0,627811.565790246,0.0,0.0,1,1
1731,704288.0,627811.565790246,0.0,0.0,1,1
1732,704304.5,627811.565790246,0.0,0.0,1,1
1733,704304.5,627811.565790246,0.0,0.0,1,1
1734,704304.5,627811.565790246,0.0,0.0,1,1
1735,704304.5,627811.565790246,0.0,0.0,1,1
1736,704373.5,627811.565790246,0.0,0.0,1,1
1737,704373.5,627811.565790246,0.0,0.0,1,1
1738,704373.5,627811.565790246,0.0,0.0,1,1
1739,704325.5,627811.565790246,0.0,0.0,1,1
1740,704265.0,627811.565790246,0.0,0.0,1,1
1741,704265.0,627811.565790246,0.0,0.0,1,1
1742,704677.0,627811.565790246,0.0,0.0,1,1
1743,704677.0,627811.565790246,0.0,0.0,1,1
1744,704677.0,627811.565790246,0.0,0.0,1,1
1745,704677.0,627811.565790246,0.0,0.0,1,1
1746,704677.0,627811.565790246,0.0,0.0,1,1
1747,704677.0,627811.565790246,0.0,0.0,1,1
1748,704677.0,627811.565790246,0.0,0.0,1,1
1749,704677.0,627811.565790246,0.0,0.0,1,1
1750,704677.0,627811.565790246,0.0,0.0,1,1
1751,704677.0,627811.565790246,0.0,0.0,1,1
1752,704677.0,627811.565790246,0.0,0.0,1,1
1753,704677.0,627811.565790246,0.0,0.0,1,1
1754,704677.0,627811.565790246,0.0,0.0,1,1
1755,704677.0,627811.565790246,0.0,0.0,1,1
1756,704677.0,627811.565790246,0.0,0.0,1,1
1757,704677.0,627811.565790246,0.0,0.0,1,1
1758,704677.0,627811.565790246,0.0,0.0,1,1
1759,704677.0,627811.565790246,0.0,0.0,1,1
1760,704677.0,627811.565790246,0.0,0.0,1,1
1761,704677.0,627811.565790246,0.0,0.0,1,1
1762,704677.0,627811.565790246,0.0,0.0,1,1
1763,704677.0,627811.565790246,0.0,0.0,1,1
1764,704677.0,627811.565790246,0.0,0.0,1,1
1765,704677.0,627811.565790246,0.0,0.0,1,1
1766,705180.5,627811.565790246,0.0,0.0,1,1
1767,705180.5,627811.565790246,0.0,0.0,1,1
1768,705180.5,627811.565790246,0.0,0.0,1,1
1769,705180.5,627811.565790246,0.0,0.0,1,1
1770,712725.5,627811.565790246,0.0,0.0,1,1
1771,712725.5,627811.565790246,0.0,0.0,1,1
1772,712725.5,627811.565790246,0.0,0.0,1,1
1773,712725.5,627811.565790246,0.0,0.0,1,1
1774,712725.5,627811.565790246,0.0,0.0,1,1
1775,712725.5,627811.565790246,0.0,0.0,1,1
1776,712725.5,627811.565790246,0.0,0.0,1,1
1777,712725.5,627811.565790246,0.0,0.0,1,1
1778,712725.5,627811.565790246,0.0,0.0,1,1
1779,712725.5,627811.565790246,0.0,0.0,1,1
1780,712725.5,627811.565790246,0.0,0.0,1,1
1781,712725.5,627811.565790246,0.0,0.0,1,1
1782,712725.5,627811.565790246,0.0,0.0,1,1
1783,712725.5,627811.565790246,0.0,0.0,1,1
1784,712725.5,627811.565790246,0.0,0.0,1,1
1785,712725.5,627811.565790246,0.0,0.0,1,1
1786,712725.5,627811.565790246,0.0,0.0,1,1
1787,712725.5,627811.565790246,0.0,0.0,1,1
1788,712725.5,627811.565790246,0.0,0.0,1,1
1789,712725.5,627811.565790246,0.0,0.0,1,1
1790,712725.5,627811.565790246,0.0,0.0,1,1
1791,712725.5,627811.565790246,0.0,0.0,1,1
1792,712725.5,627811.565790246,0.0,0.0,1,1
1793,712725.5,627811.565790246,0.0,0.0,1,1
1794,712725.5,627811.565790246,0.0,0.0,1,1
1795,712725.5,627811.565790246,0.0,0.0,1,1
1796,712725.5,627811.565790246,0.0,0.0,1,1
1797,712725.5,627811.565790246,0.0,0.0,1,1
1798,712725.5,627811.565790246,0.0,0.0,1,1
1799,712725.5,627811.565790246,0.0,0.0,1,1
1800,712725.5,627811.565790246,0.0,0.0,1,1
1801,712725.5,627811.565790246,0.0,0.0,1,1
1802,712725.5,627811.565790246,0.0,0.0,1,1
1803,712725.5,627811.565790246,0.0,0.0,1,1
1804,712725.5,627811.565790246,0.0,0.0,1,1
1805,712725.5,627811.565790246,0.0,0.0,1,1
1806,712725.5,627811.565790246,0.0,0.0,1,1
1807,712725.5,627811.565790246,0.0,0.0,1,1
1808,712725.5,627811.565790246,0.0,0.0,1,1
1809,712725.5,627811.565790246,0.0,0.0,1,1
1810,712725.5,627811.565790246,0.0,0.0,1,1
1811,712725.5,627811.565790246,0.0,0.0,1,1
1812,712725.5,627811.565790246,0.0,0.0,1,1
1813,710978.0,627811.565790246,0.0,0.0,1,1
1814,710978.0,627811.565790246,0.0,0.0,1,1
1815,710274.0,627811.565790246,0.0,0.0,1,1
1816,710274.0,627811.565790246,0.0,0.0,1,1
1817,710274.0,627811.565790246,0.0,0.0,1,1
1818,710274.0,627811.565790246,0.0,0.0,1,1
1819,710274.0,627811.565790246,0.0,0.0,1,1
1820,710274.0,627811.565790246,0.0,0.0,1,1
1821,710274.0,627811.565790246,0.0,0.0,1,1
1822,710274.0,627811.565790246,0.0,0.0,1,1
1823,710274.0,627811.565790246,0.0,0.0,1,1
1824,710274.0,627811.565790246,0.0,0.0,1,1
1825,710274.0,627811.565790246,0.0,0.0,1,1
1826,710274.0,627811.565790246,0.0,0.0,1,1
1827,710274.0,627811.565790246,0.0,0.0,1,1
1828,710274.0,627811.565790246,0.0,0.0,1,1
1829,710489.0,627811.565790246,0.0,0.0,1,1
1830,710489.0,627811.565790246,0.0,0.0,1,1
1831,710489.0,627811.565790246,0.0,0.0,1,1
1832,710489.0,627811.565790246,0.0,0.0,1,1
1833,710489.0,627811.565790246,0.0,0.0,1,1
1834,710870.0,627811.565790246,0.0,0.0,1,1
1835,710870.0,627811.565790246,0.0,0.0,1,1
1836,710870.0,627811.565790246,0.0,0.0,1,1
1837,710870.0,627811.565790246,0.0,0.0,1,1
1838,710529.0,627811.565790246,0.0,0.0,1,1
1839,710529.0,627811.565790246,0.0,0.0,1,1
1840,710529.0,627811.565790246,0.0,0.0,1,1
1841,710529.0,627811.565790246,0.0,0.0,1,1
1842,710529.0,627811.565790246,0.0,0.0,1,1
1843,710529.0,627811.565790246,0.0,0.0,1,1
1844,710529.0,627811.565790246,0.0,0.0,1,1
1845,710529.0,627811.565790246,0.0,0.0,1,1
1846,710529.0,627811.565790246,0.0,0.0,1,1
1847,710529.0,627811.565790246,0.0,0.0,1,1
1848,710529.0,627811.565790246,0.0,0.0,1,1
1849,710529.0,627811.565790246,0.0,0.0,1,1
1850,710529.0,627811.565790246,0.0,0.0,1,1
1851,710529.0,627811.565790246,0.0,0.0,1,1
1852,710529.0,627811.565790246,0.0,0.0,1,1
1853,710069.0,627811.565790246,0.0,0.0,1,1
1854,710069.0,627811.565790246,0.0,0.0,1,1
1855,710069.0,627811.565790246,0.0,0.0,1,1
1856,710069.0,627811.565790246,0.0,0.0,1,1
1857,710069.0,627811.565790246,0.0,0.0,1,1
1858,710069.0,627811.565790246,0.0,0.0,1,1
1859,710069.0,627811.565790246,0.0,0.0,1,1
1860,710266.0,627811.565790246,0.0,0.0,1,1
1861,710266.0,627811.565790246,0.0,0.0,1,1
1862,710266.0,627811.565790246,0.0,0.0,1,1
1863,710266.0,627811.565790246,0.0,0.0,1,1
1864,710266.0,627811.565790246,0.0,0.0,1,1
1865,710266.0,627811.565790246,0.0,0.0,1,1
1866,710266.0,627811.565790246,0.0,0.0,1,1
1867,710266.0,627811.565790246,0.0,0.0,1,1
1868,710266.0,627811.565790246,0.0,0.0,1,1
1869,709981.5,627811.565790246,0.0,0.0,1,1
1870,709981.5,627811.565790246,0.0,0.0,1,1
1871,709981.5,627811.565790246,0.0,0.0,1,1
1872,709981.5,627811.565790246,0.0,0.0,1,1
1873,709981.5,627811.565790246,0.0,0.0,1,1
1874,710002.5,627811.565790246,0.0,0.0,1,1
1875,710002.5,627811.565790246,0.0,0.0,1,1
1876,710002.5,627811.565790246,0.0,0.0,1,1
1877,710002.5,627811.565790246,0.0,0.0,1,1
1878,710002.5,627811.565790246,0.0,0.0,1,1
1879,710651.5,627811.565790246,0.0,0.0,1,1
1880,710651.5,627811.565790246,0.0,0.0,1,1
1881,710651.5,627811.565790246,0.0,0.0,1,1
1882,710651.5,627811.565790246,0.0,0.0,1,1
1883,710651.5,627811.565790246,0.0,0.0,1,1
1884,710651.5,627811.565790246,0.0,0.0,1,1
1885,710651.5,627811.565790246,0.0,0.0,1,1
1886,710651.5,627811.565790246,0.0,0.0,1,1
1887,710651.5,627811.565790246,0.0,0.0,1,1
1888,710651.5,627811.565790246,0.0,0.0,1,1
1889,710651.5,627811.565790246,0.0,0.0,1,1
1890,710651.5,627811.565790246,0.0,0.0,1,1
1891,710651.5,627811.565790246,0.0,0.0,1,1
1892,710651.5,627811.565790246,0.0,0.0,1,1
1893,710651.5,627811.565790246,0.0,0.0,1,1
1894,710796.0,627811.565790246,0.0,0.0,1,1
1895,710796.0,627811.565790246,0.0,0.0,1,1
1896,710796.0,627811.565790246,0.0,0.0,1,1
1897,710796.0,627811.565790246,0.0,0.0,1,1
1898,710796.0,627811.565790246,0.0,0.0,1,1
1899,710796.0,627811.565790246,0.0,0.0,1,1
1900,710796.0,627811.565790246,0.0,0.0,1,1
1901,710796.0,627811.565790246,0.0,0.0,1,1
1902,710796.0,627811.565790246,0.0,0.0,1,1
1903,710796.0,627811.565790246,0.0,0.0,1,1
1904,710796.0,627811.565790246,0.0,0.0,1,1
1905,710796.0,627811.565790246,0.0,0.0,1,1
1906,711158.0,627811.565790246,0.0,0.0,1,1
1907,711158.0,627811.565790246,0.0,0.0,1,1
1908,711158.0,627811.565790246,0.0,0.0,1,1
1909,711158.0,627811.565790246,0.0,0.0,1,1
1910,711158.0,627811.565790246,0.0,0.0,1,1
1911,711158.0,627811.565790246,0.0,0.0,1,1
1912,711158.0,627811.565790246,0.0,0.0,1,1
1913,711158.0,627811.565790246,0.0,0.0,1,1
1914,711158.0,627811.565790246,0.0,0.0,1,1
1915,711158.0,627811.565790246,0.0,0.0,1,1
1916,711158.0,627811.565790246,0.0,0.0,1,1
1917,711158.0,627811.565790246,0.0,0.0,1,1
1918,711158.0,627811.565790246,0.0,0.0,1,1
1919,710610.0,627811.565790246,0.0,0.0,1,1
1920,710528.5,627811.565790246,0.0,0.0,1,1
1921,713000.0,627811.565790246,0.0,0.0,1,1
1922,713000.0,627811.565790246,0.0,0.0,1,1
1923,713000.0,627811.565790246,0.0,0.0,1,1
1924,713000.0,627811.565790246,0.0,0.0,1,1
1925,713000.0,627811.565790246,0.0,0.0,1,1
1926,713000.0,627811.565790246,0.0,0.0,1,1
1927,713000.0,627811.565790246,0.0,0.0,1,1
1928,713000.0,627811.565790246,0.0,0.0,1,1
1929,713000.0,627811.565790246,0.0,0.0,1,1
1930,713000.0,627811.565790246,0.0,0.0,1,1
1931,713000.0,627811.565790246,0.0,0.0,1,1
1932,713000.0,627811.565790246,0.0,0.0,1,1
1933,713000.0,627811.565790246,0.0,0.0,1,1
1934,713000.0,627811.565790246,0.0,0.0,1,1
1935,713000.0,627811.565790246,0.0,0.0,1,1
1936,713000.0,627811.565790246,0.0,0.0,1,1
1937,713000.0,627811.565790246,0.0,0.0,1,1
1938,713000.0,627811.565790246,0.0,0.0,1,1
1939,713000.0,627811.565790246,0.0,0.0,1,1
1940,713000.0,627811.565790246,0.0,0.0,1,1
1941,713000.0,627811.565790246,0.0,0.0,1,1
1942,713000.0,627811.565790246,0.0,0.0,1,1
1943,713000.0,627811.565790246,0.0,0.0,1,1
1944,713000.0,627811.565790246,0.0,0.0,1,1
1945,713000.0,627811.565790246,0.0,0.0,1,1
1946,713000.0,627811.565790246,0.0,0.0,1,1
1947,713000.0,627811.565790246,0.0,0.0,1,1
1948,713000.0,627811.565790246,0.0,0.0,1,1
1949,713000.0,627811.565790246,0.0,0.0,1,1
1950,713000.0,627811.565790246,0.0,0.0,1,1
1951,713000.0,627811.565790246,0.0,0.0,1,1
1952,713000.0,627811.565790246,0.0,0.0,1,1
1953,713000.0,627811.565790246,0.0,0.0,1,1
1954,713000.0,627811.565790246,0.0,0.0,1,1
1955,713000.0,627811.565790246,0.0,0.0,1,1
1956,713000.0,627811.565790246,0.0,0.0,1,1
1957,713000.0,627811.565790246,0.0,0.0,1,1
1958,713000.0,627811.565790246,0.0,0.0,1,1
1959,713000.0,627811.565790246,0.0,0.0,1,1
1960,714813.5,627811.565790246,0.0,0.0,1,1
1961,714813.5,627811.565790246,0.0,0.0,1,1
1962,714813.5,627811.565790246,0.0,0.0,1,1
1963,714813.5,627811.565790246,0.0,0.0,1,1
1964,715345.0,627811.565790246,0.0,0.0,1,1
1965,715345.0,627811.565790246,0.0,0.0,1,1
1966,715345.0,627811.565790246,0.0,0.0,1,1
1967,715345.0,627811.565790246,0.0,0.0,1,1
1968,715345.0,627811.565790246,0.0,0.0,1,1
1969,715713.0,627811.565790246,0.0,0.0,1,1
1970,715713.0,627811.565790246,0.0,0.0,1,1
1971,715713.0,627811.565790246,0.0,0.0,1,1
1972,715713.0,627811.565790246,0.0,0.0,1,1
1973,716361.5,627811.565790246,0.0,0.0,1,1
1974,716361.5,627811.565790246,0.0,0.0,1,1
1975,716361.5,627811.565790246,0.0,0.0,1,1
1976,716361.5,627811.565790246,0.0,0.0,1,1
1977,716487.5,627811.565790246,0.0,0.0,1,1
1978,716487.5,627811.565790246,0.0,0.0,1,1
1979,716487.5,627811.565790246,0.0,0.0,1,1
1980,716487.5,627811.565790246,0.0,0.0,1,1
1981,716487.5,627811.565790246,0.0,0.0,1,1
1982,716487.5,627811.565790246,0.0,0.0,1,1
1983,716487.5,627811.565790246,0.0,0.0,1,1
1984,716487.5,627811.565790246,0.0,0.0,1,1
1985,716487.5,627811.565790246,0.0,0.0,1,1
1986,716745.5,627811.565790246,0.0,0.0,1,1
1987,716745.5,627811.565790246,0.0,0.0,1,1
1988,716745.5,627811.565790246,0.0,0.0,1,1
1989,716745.5,627811.565790246,0.0,0.0,1,1
1990,716745.5,627811.565790246,0.0,0.0,1,1
1991,716745.5,627811.565790246,0.0,0.0,1,1
1992,716745.5,627811.565790246,0.0,0.0,1,1
1993,716745.5,627811.565790246,0.0,0.0,1,1
1994,716745.5,627811.565790246,0.0,0.0,1,1
1995,716745.5,627811.565790246,0.0,0.0,1,1
1996,716745.5,627811.565790246,0.0,0.0,1,1
1997,716745.5,627811.565790246,0.0,0.0,1,1
1998,716745.5,627811.565790246,0.0,0.0,1,1
1999,719250.0,627811.565790246,0.0,0.0,1,1
2000,719250.0,627811.565790246,0.0,0.0,1,1
2001,719250.0,627811.565790246,0.0,0.0,1,1
2002,719250.0,627811.565790246,0.0,0.0,1,1
2003,719250.0,627811.565790246,0.0,0.0,1,1
2004,719250.0,627811.565790246,0.0,0.0,1,1
2005,719250.0,627811.565790246,0.0,0.0,1,1
2006,719250.0,627811.565790246,0.0,0.0,1,1
2007,719250.0,627811.565790246,0.0,0.0,1,1
2008,719250.0,627811.565790246,0.0,0.0,1,1
2009,719250.0,627811.565790246,0.0,0.0,1,1
2010,719250.0,627811.565790246,0.0,0.0,1,1
2011,719607.0,627811.565790246,0.0,0.0,1,1
2012,719607.0,627811.565790246,0.0,0.0,1,1
2013,719607.0,627811.565790246,0.0,0.0,1,1
2014,719607.0,627811.565790246,0.0,0.0,1,1
2015,719607.0,627811.565790246,0.0,0.0,1,1
2016,719607.0,627811.565790246,0.0,0.0,1,1
2017,719607.0,627811.565790246,0.0,0.0,1,1
2018,719607.0,627811.565790246,0.0,0.0,1,1
2019,719607.0,627811.565790246,0.0,0.0,1,1
2020,719607.0,627811.565790246,0.0,0.0,1,1
2021,719607.0,627811.565790246,0.0,0.0,1,1
2022,719607.0,627811.565790246,0.0,0.0,1,1
2023,719607.0,627811.565790246,0.0,0.0,1,1
2024,719607.0,627811.565790246,0.0,0.0,1,1
2025,719607.0,627811.565790246,0.0,0.0,1,1
2026,719607.0,627811.565790246,0.0,0.0,1,1
2027,719607.0,627811.565790246,0.0,0.0,1,1
2028,719607.0,627811.565790246,0.0,0.0,1,1
2029,719607.0,627811.565790246,0.0,0.0,1,1
2030,719607.0,627811.565790246,0.0,0.0,1,1
2031,719607.0,627811.565790246,0.0,0.0,1,1
2032,719607.0,627811.565790246,0.0,0.0,1,1
2033,719607.0,627811.565790246,0.0,0.0,1,1
2034,719607.0,627811.565790246,0.0,0.0,1,1
2035,719607.0,627811.565790246,0.0,0.0,1,1
2036,719607.0,627811.565790246,0.0,0.0,1,1
2037,719607.0,627811.565790246,0.0,0.0,1,1
2038,719607.0,627811.565790246,0.0,0.0,1,1
2039,719607.0,627811.565790246,0.0,0.0,1,1
2040,719607.0,627811.565790246,0.0,0.0,1,1
2041,719607.0,627811.565790246,0.0,0.0,1,1
2042,719607.0,627811.565790246,0.0,0.0,1,1
2043,719607.0,627811.565790246,0.0,0.0,1,1
2044,719607.0,627811.565790246,0.0,0.0,1,1
2045,719607.0,627811.565790246,0.0,0.0,1,1
2046,719607.0,627811.565790246,0.0,0.0,1,1
2047,719607.0,627811.565790246,0.0,0.0,1,1
2048,719607.0,627811.565790246,0.0,0.0,1,1
2049,719615.5,627811.565790246,0.0,0.0,1,1
2050,719615.5,627811.565790246,0.0,0.0,1,1
2051,719615.5,627811.565790246,0.0,0.0,1,1
2052,719615.5,627811.565790246,0.0,0.0,1,1
2053,719615.5,627811.565790246,0.0,0.0,1,1
2054,719615.5,627811.565790246,0.0,0.0,1,1
2055,719615.5,627811.565790246,0.0,0.0,1,1
2056,719615.5,627811.565790246,0.0,0.0,1,1
2057,719615.5,627811.565790246,0.0,0.0,1,1
2058,719615.5,627811.565790246,0.0,0.0,1,1
2059,719615.5,627811.565790246,0.0,0.0,1,1
2060,719615.5,627811.565790246,0.0,0.0,1,1
2061,719615.5,627811.565790246,0.0,0.0,1,1
2062,719615.5,627811.565790246,0.0,0.0,1,1
2063,719615.5,627811.565790246,0.0,0.0,1,1
2064,719615.5,627811.565790246,0.0,0.0,1,1
2065,719615.5,627811.565790246,0.0,0.0,1,1
2066,719615.5,627811.565790246,0.0,0.0,1,1
2067,719615.5,627811.565790246,0.0,0.0,1,1
2068,718703.5,627811.565790246,0.0,0.0,1,1
2069,718703.5,627811.565790246,0.0,0.0,1,1
2070,718703.5,627811.565790246,0.0,0.0,1,1
2071,718703.5,627811.565790246,0.0,0.0,1,1
2072,718703.5,627811.565790246,0.0,0.0,1,1
2073,718703.5,627811.565790246,0.0,0.0,1,1
2074,718703.5,627811.565790246,0.0,0.0,1,1
2075,718703.5,627811.565790246,0.0,0.0,1,1
2076,718703.5,627811.565790246,0.0,0.0,1,1
2077,718703.5,627811.565790246,0.0,0.0,1,1
2078,718703.5,627811.565790246,0.0,0.0,1,1
2079,718703.5,627811.565790246,0.0,0.0,1,1
2080,718703.5,627811.565790246,0.0,0.0,1,1
2081,718703.5,627811.565790246,0.0,0.0,1,1
2082,718703.5,627811.565790246,0.0,0.0,1,1
2083,718703.5,627811.565790246,0.0,0.0,1,1
2084,718703.5,627811.565790246,0.0,0.0,1,1
2085,718703.5,627811.565790246,0.0,0.0,1,1
2086,718703.5,627811.565790246,0.0,0.0,1,1
2087,718703.5,627811.565790246,0.0,0.0,1,1
2088,718703.5,627811.565790246,0.0,0.0,1,1
2089,718703.5,627811.565790246,0.0,0.0,1,1
2090,718703.5,627811.565790246,0.0,0.0,1,1
2091,718703.5,627811.565790246,0.0,0.0,1,1
2092,718703.5,627811.565790246,0.0,0.0,1,1
2093,718703.5,627811.565790246,0.0,0.0,1,1
2094,718703.5,627811.565790246,0.0,0.0,1,1
2095,718703.5,627811.565790246,0.0,0.0,1,1
2096,718703.5,627811.565790246,0.0,0.0,1,1
2097,718703.5,627811.565790246,0.0,0.0,1,1
2098,718703.5,627811.565790246,0.0,0.0,1,1
2099,718703.5,627811.565790246,0.0,0.0,1,1
2100,718747.5,627811.565790246,0.0,0.0,1,1
2101,718747.5,627811.565790246,0.0,0.0,1,1
2102,718747.5,627811.565790246,0.0,0.0,1,1
2103,719004.0,627811.565790246,0.0,0.0,1,1
2104,719004.0,627811.565790246,0.0,0.0,1,1
2105,719004.0,627811.565790246,0.0,0.0,1,1
2106,719004.0,627811.565790246,0.0,0.0,1,1
2107,719004.0,627811.565790246,0.0,0.0,1,1
2108,719004.0,627811.565790246,0.0,0.0,1,1
2109,719004.0,627811.565790246,0.0,0.0,1,1
2110,719004.0,627811.565790246,0.0,0.0,1,1
2111,719004.0,627811.565790246,0.0,0.0,1,1
2112,719004.0,627811.565790246,0.0,0.0,1,1
2113,719004.0,627811.565790246,0.0,0.0,1,1
2114,718975.0,627811.565790246,0.0,0.0,1,1
2115,718975.0,627811.565790246,0.0,0.0,1,1
2116,718975.0,627811.565790246,0.0,0.0,1,1
2117,718975.0,627811.565790246,0.0,0.0,1,1
2118,718975.0,627811.565790246,0.0,0.0,1,1
2119,718975.0,627811.565790246,0.0,0.0,1,1
2120,718975.0,627811.565790246,0.0,0.0,1,1
2121,718975.0,627811.565790246,0.0,0.0,1,1
2122,718975.0,627811.565790246,0.0,0.0,1,1
2123,718975.0,627811.565790246,0.0,0.0,1,1
2124,718975.0,627811.565790246,0.0,0.0,1,1
2125,718975.0,627811.565790246,0.0,0.0,1,1
2126,718975.0,627811.565790246,0.0,0.0,1,1
2127,718975.0,627811.565790246,0.0,0.0,1,1
2128,718975.0,627811.565790246,0.0,0.0,1,1
2129,718975.0,627811.565790246,0.0,0.0,1,1
2130,718975.0,627811.565790246,0.0,0.0,1,1
2131,718975.0,627811.565790246,0.0,0.0,1,1
2132,718975.0,627811.565790246,0.0,0.0,1,1
2133,718975.0,627811.565790246,0.0,0.0,1,1
2134,718975.0,627811.565790246,0.0,0.0,1,1
2135,718975.0,627811.565790246,0.0,0.0,1,1
2136,718975.0,627811.565790246,0.0,0.0,1,1
2137,718975.0,627811.565790246,0.0,0.0,1,1
2138,718975.0,627811.565790246,0.0,0.0,1,1
2139,718975.0,627811.565790246,0.0,0.0,1,1
2140,718975.0,627811.565790246,0.0,0.0,1,1
2141,718282.0,627811.565790246,0.0,0.0,1,1
2142,718282.0,627811.565790246,0.0,0.0,1,1
2143,718282.0,627811.565790246,0.0,0.0,1,1
2144,718282.0,627811.565790246,0.0,0.0,1,1
2145,718282.0,627811.565790246,0.0,0.0,1,1
2146,718282.0,627811.565790246,0.0,0.0,1,1
2147,718282.0,627811.565790246,0.0,0.0,1,1
2148,718219.0,627811.565790246,0.0,0.0,1,1
2149,718219.0,627811.565790246,0.0,0.0,1,1
2150,718219.0,627811.565790246,0.0,0.0,1,1
2151,718219.0,627811.565790246,0.0,0.0,1,1
2152,718581.0,627811.565790246,0.0,0.0,1,1
2153,718581.0,627811.565790246,0.0,0.0,1,1
2154,718581.0,627811.565790246,0.0,0.0,1,1
2155,718581.0,627811.565790246,0.0,0.0,1,1
2156,718581.0,627811.565790246,0.0,0.0,1,1
2157,718581.0,627811.565790246,0.0,0.0,1,1
2158,718581.0,627811.565790246,0.0,0.0,1,1
2159,718581.0,627811.565790246,0.0,0.0,1,1
2160,718581.0,627811.565790246,0.0,0.0,1,1
2161,718581.0,627811.565790246,0.0,0.0,1,1
2162,718581.0,627811.565790246,0.0,0.0,1,1
2163,718581.0,627811.565790246,0.0,0.0,1,1
2164,718581.0,627811.565790246,0.0,0.0,1,1
2165,718581.0,627811.565790246,0.0,0.0,1,1
2166,718581.0,627811.565790246,0.0,0.0,1,1
2167,718581.0,627811.565790246,0.0,0.0,1,1
2168,718581.0,627811.565790246,0.0,0.0,1,1
2169,718581.0,627811.565790246,0.0,0.0,1,1
2170,718581.0,627811.565790246,0.0,0.0,1,1
2171,718581.0,627811.565790246,0.0,0.0,1,1
2172,718581.0,627811.565790246,0.0,0.0,1,1
2173,718581.0,627811.565790246,0.0,0.0,1,1
2174,718581.0,627811.565790246,0.0,0.0,1,1
2175,718581.0,627811.565790246,0.0,0.0,1,1
2176,718581.0,627811.565790246,0.0,0.0,1,1
2177,718581.0,627811.565790246,0.0,0.0,1,1
2178,718581.0,627811.565790246,0.0,0.0,1,1
2179,718581.0,627811.565790246,0.0,0.0,1,1
2180,718581.0,627811.565790246,0.0,0.0,1,1
2181,718581.0,627811.565790246,0.0,0.0,1,1
2182,718581.0,627811.565790246,0.0,0.0,1,1
2183,718581.0,627811.565790246,0.0,0.0,1,1
2184,718581.0,627811.565790246,0.0,0.0,1,1
2185,718581.0,627811.565790246,0.0,0.0,1,1
2186,718581.0,627811.565790246,0.0,0.0,1,1
2187,718581.0,627811.565790246,0.0,0.0,1,1
2188,718581.0,627811.565790246,0.0,0.0,1,1
2189,718581.0,627811.565790246,0.0,0.0,1,1
2190,718581.0,627811.565790246,0.0,0.0,1,1
2191,718581.0,627811.565790246,0.0,0.0,1,1
2192,718581.0,627811.565790246,0.0,0.0,1,1
2193,718581.0,627811.565790246,0.0,0.0,1,1
2194,718581.0,627811.565790246,0.0,0.0,1,1
2195,718581.0,627811.565790246,0.0,0.0,1,1
2196,718581.0,627811.565790246,0.0,0.0,1,1
2197,718581.0,627811.565790246,0.0,0.0,1,1
2198,718990.0,627811.565790246,0.0,0.0,1,1
2199,718990.0,627811.565790246,0.0,0.0,1,1
2200,718990.0,627811.565790246,0.0,0.0,1,1
2201,718990.0,627811.565790246,0.0,0.0,1,1
2202,718990.0,627811.565790246,0.0,0.0,1,1
2203,718990.0,627811.565790246,0.0,0.0,1,1
2204,718990.0,627811.565790246,0.0,0.0,1,1
2205,718990.0,627811.565790246,0.0,0.0,1,1
2206,718987.5,627811.565790246,0.0,0.0,1,1
2207,718987.5,627811.565790246,0.0,0.0,1,1
2208,718987.5,627811.565790246,0.0,0.0,1,1
2209,718987.5,627811.565790246,0.0,0.0,1,1
2210,719201.5,627811.565790246,0.0,0.0,1,1
2211,719201.5,627811.565790246,0.0,0.0,1,1
2212,719201.5,627811.565790246,0.0,0.0,1,1
2213,719201.5,627811.565790246,0.0,0.0,1,1
2214,719201.5,627811.565790246,0.0,0.0,1,1
2215,719201.5,627811.565790246,0.0,0.0,1,1
2216,719201.5,627811.565790246,0.0,0.0,1,1
2217,719201.5,627811.565790246,0.0,0.0,1,1
2218,719201.5,627811.565790246,0.0,0.0,1,1
2219,719201.5,627811.565790246,0.0,0.0,1,1
2220,719201.5,627811.565790246,0.0,0.0,1,1
2221,719216.5,627811.565790246,0.0,0.0,1,1
2222,719216.5,627811.565790246,0.0,0.0,1,1
2223,719216.5,627811.565790246,0.0,0.0,1,1
2224,719216.5,627811.565790246,0.0,0.0,1,1
2225,719216.5,627811.565790246,0.0,0.0,1,1
2226,718642.5,627811.565790246,0.0,0.0,1,1
2227,718642.5,627811.565790246,0.0,0.0,1,1
2228,718642.5,627811.565790246,0.0,0.0,1,1
2229,718642.5,627811.565790246,0.0,0.0,1,1
2230,718642.5,627811.565790246,0.0,0.0,1,1
2231,718642.5,627811.565790246,0.0,0.0,1,1
2232,719400.5,627811.565790246,0.0,0.0,1,1
2233,719400.5,627811.565790246,0.0,0.0,1,1
2234,719400.5,627811.565790246,0.0,0.0,1,1
2235,719400.5,627811.565790246,0.0,0.0,1,1
2236,719400.5,627811.565790246,0.0,0.0,1,1
2237,719400.5,627811.565790246,0.0,0.0,1,1
2238,719400.5,627811.565790246,0.0,0.0,1,1
2239,719400.5,627811.565790246,0.0,0.0,1,1
2240,719400.5,627811.565790246,0.0,0.0,1,1
2241,719400.5,627811.565790246,0.0,0.0,1,1
2242,719400.5,627811.565790246,0.0,0.0,1,1
2243,719495.0,627811.565790246,0.0,0.0,1,1
2244,719495.0,627811.565790246,0.0,0.0,1,1
2245,719495.0,627811.565790246,0.0,0.0,1,1
2246,719563.0,627811.565790246,0.0,0.0,1,1
2247,719563.0,627811.565790246,0.0,0.0,1,1
2248,719563.0,627811.565790246,0.0,0.0,1,1
2249,719563.0,627811.565790246,0.0,0.0,1,1
2250,719563.0,627811.565790246,0.0,0.0,1,1
2251,719563.0,627811.565790246,0.0,0.0,1,1
2252,719563.0,627811.565790246,0.0,0.0,1,1
2253,719082.5,627811.565790246,0.0,0.0,1,1
2254,719082.5,627811.565790246,0.0,0.0,1,1
2255,719082.5,627811.565790246,0.0,0.0,1,1
2256,719082.5,627811.565790246,0.0,0.0,1,1
2257,719082.5,627811.565790246,0.0,0.0,1,1
2258,719082.5,627811.565790246,0.0,0.0,1,1
2259,719082.5,627811.565790246,0.0,0.0,1,1
2260,719082.5,627811.565790246,0.0,0.0,1,1
2261,719082.5,627811.565790246,0.0,0.0,1,1
2262,719082.5,627811.565790246,0.0,0.0,1,1
2263,719082.5,627811.565790246,0.0,0.0,1,1
2264,719082.5,627811.565790246,0.0,0.0,1,1
2265,719068.5,627811.565790246,0.0,0.0,1,1
2266,719068.5,627811.565790246,0.0,0.0,1,1
2267,719245.0,627811.565790246,0.0,0.0,1,1
2268,719245.0,627811.565790246,0.0,0.0,1,1
2269,719245.0,627811.565790246,0.0,0.0,1,1
2270,719245.0,627811.565790246,0.0,0.0,1,1
2271,719245.0,627811.565790246,0.0,0.0,1,1
2272,719245.0,627811.565790246,0.0,0.0,1,1
2273,719245.0,627811.565790246,0.0,0.0,1,1
2274,719245.0,627811.565790246,0.0,0.0,1,1
2275,719245.0,627811.565790246,0.0,0.0,1,1
2276,719245.0,627811.565790246,0.0,0.0,1,1
2277,719245.0,627811.565790246,0.0,0.0,1,1
2278,718406.0,627811.565790246,0.0,0.0,1,1
2279,718406.0,627811.565790246,0.0,0.0,1,1
2280,718406.0,627811.565790246,0.0,0.0,1,1
2281,718449.5,627811.565790246,0.0,0.0,1,1
2282,718384.5,627811.565790246,0.0,0.0,1,1
2283,718384.5,627811.565790246,0.0,0.0,1,1
2284,718384.5,627811.565790246,0.0,0.0,1,1
2285,718384.5,627811.565790246,0.0,0.0,1,1
2286,718384.5,627811.565790246,0.0,0.0,1,1
2287,718384.5,627811.565790246,0.0,0.0,1,1
2288,718521.0,627811.565790246,0.0,0.0,1,1
2289,718521.0,627811.565790246,0.0,0.0,1,1
2290,718521.0,627811.565790246,0.0,0.0,1,1
2291,718521.0,627811.565790246,0.0,0.0,1,1
2292,718521.0,627811.565790246,0.0,0.0,1,1
2293,718521.0,627811.565790246,0.0,0.0,1,1
2294,718521.0,627811.565790246,0.0,0.0,1,1
2295,718521.0,627811.565790246,0.0,0.0,1,1
2296,718521.0,627811.565790246,0.0,0.0,1,1
2297,718521.0,627811.565790246,0.0,0.0,1,1
2298,718521.0,627811.565790246,0.0,0.0,1,1
2299,718521.0,627811.565790246,0.0,0.0,1,1
2300,718521.0,627811.565790246,0.0,0.0,1,1
2301,718521.0,627811.565790246,0.0,0.0,1,1
2302,718521.0,627811.565790246,0.0,0.0,1,1
2303,718521.0,627811.565790246,0.0,0.0,1,1
2304,718521.0,627811.565790246,0.0,0.0,1,1
2305,718521.0,627811.565790246,0.0,0.0,1,1
2306,718521.0,627811.565790246,0.0,0.0,1,1
2307,718521.0,627811.565790246,0.0,0.0,1,1
2308,718521.0,627811.565790246,0.0,0.0,1,1
2309,718521.0,627811.565790246,0.0,0.0,1,1
2310,718521.0,627811.565790246,0.0,0.0,1,1
2311,718543.0,627811.565790246,0.0,0.0,1,1
2312,718543.0,627811.565790246,0.0,0.0,1,1
2313,718543.0,627811.565790246,0.0,0.0,1,1
2314,718543.0,627811.565790246,0.0,0.0,1,1
2315,718543.0,627811.565790246,0.0,0.0,1,1
2316,718543.0,627811.565790246,0.0,0.0,1,1
2317,718543.0,627811.565790246,0.0,0.0,1,1
2318,718543.0,627811.565790246,0.0,0.0,1,1
2319,718543.0,627811.565790246,0.0,0.0,1,1
2320,718543.0,627811.565790246,0.0,0.0,1,1
2321,718543.0,627811.565790246,0.0,0.0,1,1
2322,718543.0,627811.565790246,0.0,0.0,1,1
2323,718543.0,627811.565790246,0.0,0.0,1,1
2324,718543.0,627811.565790246,0.0,0.0,1,1
2325,718543.0,627811.565790246,0.0,0.0,1,1
2326,718543.0,627811.565790246,0.0,0.0,1,1
2327,718550.0,627811.565790246,0.0,0.0,1,1
2328,718550.0,627811.565790246,0.0,0.0,1,1
2329,718550.0,627811.565790246,0.0,0.0,1,1
2330,718550.0,627811.565790246,0.0,0.0,1,1
2331,718550.0,627811.565790246,0.0,0.0,1,1
2332,718550.0,627811.565790246,0.0,0.0,1,1
2333,718550.0,627811.565790246,0.0,0.0,1,1
2334,718550.0,627811.565790246,0.0,0.0,1,1
2335,718550.0,627811.565790246,0.0,0.0,1,1
2336,718550.0,627811.565790246,0.0,0.0,1,1
2337,718550.0,627811.565790246,0.0,0.0,1,1
2338,718550.0,627811.565790246,0.0,0.0,1,1
2339,718550.0,627811.565790246,0.0,0.0,1,1
2340,718550.0,627811.565790246,0.0,0.0,1,1
2341,718550.0,627811.565790246,0.0,0.0,1,1
2342,718550.0,627811.565790246,0.0,0.0,1,1
2343,718550.0,627811.565790246,0.0,0.0,1,1
2344,718550.0,627811.565790246,0.0,0.0,1,1
2345,718550.0,627811.565790246,0.0,0.0,1,1
2346,718550.0,627811.565790246,0.0,0.0,1,1
2347,718550.0,627811.565790246,0.0,0.0,1,1
2348,718550.0,627811.565790246,0.0,0.0,1,1
2349,718550.0,627811.565790246,0.0,0.0,1,1
2350,718550.0,627811.565790246,0.0,0.0,1,1
2351,718550.0,627811.565790246,0.0,0.0,1,1
2352,718550.0,627811.565790246,0.0,0.0,1,1
2353,718550.0,627811.565790246,0.0,0.0,1,1
2354,718550.0,627811.565790246,0.0,0.0,1,1
2355,718550.0,627811.565790246,0.0,0.0,1,1
2356,718550.0,627811.565790246,0.0,0.0,1,1
2357,719010.0,627811.565790246,0.0,0.0,1,1
2358,719010.0,627811.565790246,0.0,0.0,1,1
2359,719010.0,627811.565790246,0.0,0.0,1,1
2360,719010.0,627811.565790246,0.0,0.0,1,1
2361,719010.0,627811.565790246,0.0,0.0,1,1
2362,719010.0,627811.565790246,0.0,0.0,1,1
2363,719010.0,627811.565790246,0.0,0.0,1,1
2364,719010.0,627811.565790246,0.0,0.0,1,1
2365,717982.5,627811.565790246,0.0,0.0,1,1
2366,717982.5,627811.565790246,0.0,0.0,1,1
2367,717982.5,627811.565790246,0.0,0.0,1,1
2368,717982.5,627811.565790246,0.0,0.0,1,1
2369,717982.5,627811.565790246,0.0,0.0,1,1
2370,717982.5,627811.565790246,0.0,0.0,1,1
2371,717982.5,627811.565790246,0.0,0.0,1,1
2372,717982.5,627811.565790246,0.0,0.0,1,1
2373,717982.5,627811.565790246,0.0,0.0,1,1
2374,717982.5,627811.565790246,0.0,0.0,1,1
2375,717982.5,627811.565790246,0.0,0.0,1,1
2376,717982.5,627811.565790246,0.0,0.0,1,1
2377,717982.5,627811.565790246,0.0,0.0,1,1
2378,717982.5,627811.565790246,0.0,0.0,1,1
2379,717982.5,627811.565790246,0.0,0.0,1,1
2380,717982.5,627811.565790246,0.0,0.0,1,1
2381,717982.5,627811.565790246,0.0,0.0,1,1
2382,717982.5,627811.565790246,0.0,0.0,1,1
2383,717982.5,627811.565790246,0.0,0.0,1,1
2384,717982.5,627811.565790246,0.0,0.0,1,1
2385,717982.5,627811.565790246,0.0,0.0,1,1
2386,717982.5,627811.565790246,0.0,0.0,1,1
2387,717982.5,627811.565790246,0.0,0.0,1,1
2388,717982.5,627811.565790246,0.0,0.0,1,1
2389,717982.5,627811.565790246,0.0,0.0,1,1
2390,717982.5,627811.565790246,0.0,0.0,1,1
2391,717982.5,627811.565790246,0.0,0.0,1,1
2392,717925.0,627811.565790246,0.0,0.0,1,1
2393,717925.0,627811.565790246,0.0,0.0,1,1
2394,717925.0,627811.565790246,0.0,0.0,1,1
2395,717925.0,627811.565790246,0.0,0.0,1,1
2396,717925.0,627811.565790246,0.0,0.0,1,1
2397,717925.0,627811.565790246,0.0,0.0,1,1
2398,717925.0,627811.565790246,0.0,0.0,1,1
2399,717925.0,627811.565790246,0.0,0.0,1,1
2400,717925.0,627811.565790246,0.0,0.0,1,1
2401,717568.0,627811.565790246,0.0,0.0,1,1
2402,717568.0,627811.565790246,0.0,0.0,1,1
2403,717568.0,627811.565790246,0.0,0.0,1,1
2404,717568.0,627811.565790246,0.0,0.0,1,1
2405,717568.0,627811.565790246,0.0,0.0,1,1
2406,717568.0,627811.565790246,0.0,0.0,1,1
2407,717568.0,627811.565790246,0.0,0.0,1,1
2408,717568.0,627811.565790246,0.0,0.0,1,1
2409,717568.0,627811.565790246,0.0,0.0,1,1
2410,717568.0,627811.565790246,0.0,0.0,1,1
2411,717568.0,627811.565790246,0.0,0.0,1,1
2412,717568.0,627811.565790246,0.0,0.0,1,1
2413,717568.0,627811.565790246,0.0,0.0,1,1
2414,717568.0,627811.565790246,0.0,0.0,1,1
2415,717568.0,627811.565790246,0.0,0.0,1,1
2416,717568.0,627811.565790246,0.0,0.0,1,1
2417,717568.0,627811.565790246,0.0,0.0,1,1
2418,717568.0,627811.565790246,0.0,0.0,1,1
2419,717568.0,627811.565790246,0.0,0.0,1,1
2420,717568.0,627811.565790246,0.0,0.0,1,1
2421,717568.0,627811.565790246,0.0,0.0,1,1
2422,717568.0,627811.565790246,0.0,0.0,1,1
2423,717568.0,627811.565790246,0.0,0.0,1,1
2424,717568.0,627811.565790246,0.0,0.0,1,1
2425,717568.0,627811.565790246,0.0,0.0,1,1
2426,717568.0,627811.565790246,0.0,0.0,1,1
2427,717568.0,627811.565790246,0.0,0.0,1,1
2428,717568.0,627811.565790246,0.0,0.0,1,1
2429,717568.0,627811.565790246,0.0,0.0,1,1
2430,717583.0,627811.565790246,0.0,0.0,1,1
2431,717583.0,627811.565790246,0.0,0.0,1,1
2432,717583.0,627811.565790246,0.0,0.0,1,1
2433,717583.0,627811.565790246,0.0,0.0,1,1
2434,717583.0,627811.565790246,0.0,0.0,1,1
2435,717583.0,627811.565790246,0.0,0.0,1,1
2436,717583.0,627811.565790246,0.0,0.0,1,1
2437,717583.0,627811.565790246,0.0,0.0,1,1
2438,717583.0,627811.565790246,0.0,0.0,1,1
2439,717583.0,627811.565790246,0.0,0.0,1,1
2440,717583.0,627811.565790246,0.0,0.0,1,1
2441,717583.0,627811.565790246,0.0,0.0,1,1
2442,717583.0,627811.565790246,0.0,0.0,1,1
2443,717583.0,627811.565790246,0.0,0.0,1,1
2444,717583.0,627811.565790246,0.0,0.0,1,1
2445,717583.0,627811.565790246,0.0,0.0,1,1
2446,717583.0,627811.565790246,0.0,0.0,1,1
2447,717583.0,627811.565790246,0.0,0.0,1,1
2448,717583.0,627811.565790246,0.0,0.0,1,1
2449,717557.0,627811.565790246,0.0,0.0,1,1
2450,717557.0,627811.565790246,0.0,0.0,1,1
2451,717557.0,627811.565790246,0.0,0.0,1,1
2452,717515.0,627811.565790246,0.0,0.0,1,1
2453,717515.0,627811.565790246,0.0,0.0,1,1
2454,717515.0,627811.565790246,0.0,0.0,1,1
2455,717515.0,627811.565790246,0.0,0.0,1,1
2456,717515.0,627811.565790246,0.0,0.0,1,1
2457,717515.0,627811.565790246,0.0,0.0,1,1
2458,717500.0,627811.565790246,0.0,0.0,1,1
2459,717500.0,627811.565790246,0.0,0.0,1,1
2460,717500.0,627811.565790246,0.0,0.0,1,1
2461,717500.0,627811.565790246,0.0,0.0,1,1
2462,717500.0,627811.565790246,0.0,0.0,1,1
2463,717500.0,627811.565790246,0.0,0.0,1,1
2464,717500.0,627811.565790246,0.0,0.0,1,1
2465,717500.0,627811.565790246,0.0,0.0,1,1
2466,717500.0,627811.565790246,0.0,0.0,1,1
2467,717500.0,627811.565790246,0.0,0.0,1,1
2468,717500.0,627811.565790246,0.0,0.0,1,1
2469,717500.0,627811.565790246,0.0,0.0,1,1
2470,717500.0,627811.565790246,0.0,0.0,1,1
2471,717500.0,627811.565790246,0.0,0.0,1,1
2472,717500.0,627811.565790246,0.0,0.0,1,1
2473,717500.0,627811.565790246,0.0,0.0,1,1
2474,714202.0,627811.565790246,0.0,0.0,1,1
2475,714202.0,627811.565790246,0.0,0.0,1,1
2476,714202.0,627811.565790246,0.0,0.0,1,1
2477,714202.0,627811.565790246,0.0,0.0,1,1
2478,714202.0,627811.565790246,0.0,0.0,1,1
2479,714202.0,627811.565790246,0.0,0.0,1,1
2480,714202.0,627811.565790246,0.0,0.0,1,1
2481,714202.0,627811.565790246,0.0,0.0,1,1
2482,714202.0,627811.565790246,0.0,0.0,1,1
2483,713791.0,627811.565790246,0.0,0.0,1,1
2484,713791.0,627811.565790246,0.0,0.0,1,1
2485,713791.0,627811.565790246,0.0,0.0,1,1
2486,713791.0,627811.565790246,0.0,0.0,1,1
2487,713791.0,627811.565790246,0.0,0.0,1,1
2488,713791.0,627811.565790246,0.0,0.0,1,1
2489,713791.0,627811.565790246,0.0,0.0,1,1
2490,713791.0,627811.565790246,0.0,0.0,1,1
2491,713742.0,627811.565790246,0.0,0.0,1,1
2492,713742.0,627811.565790246,0.0,0.0,1,1
2493,713742.0,627811.565790246,0.0,0.0,1,1
2494,713742.0,627811.565790246,0.0,0.0,1,1
2495,713742.0,627811.565790246,0.0,0.0,1,1
2496,713742.0,627811.565790246,0.0,0.0,1,1
2497,713742.0,627811.565790246,0.0,0.0,1,1
2498,713742.0,627811.565790246,0.0,0.0,1,1
2499,713742.0,627811.565790246,0.0,0.0,1,1
2500,713742.0,627811.565790246,0.0,0.0,1,1
2501,713742.0,627811.565790246,0.0,0.0,1,1
2502,713682.5,627811.565790246,0.0,0.0,1,1
2503,713682.5,627811.565790246,0.0,0.0,1,1
2504,713528.5,627811.565790246,0.0,0.0,1,1
2505,713528.5,627811.565790246,0.0,0.0,1,1
2506,713528.5,627811.565790246,0.0,0.0,1,1
2507,713528.5,627811.565790246,0.0,0.0,1,1
2508,713528.5,627811.565790246,0.0,0.0,1,1
2509,713528.5,627811.565790246,0.0,0.0,1,1
2510,713528.5,627811.565790246,0.0,0.0,1,1
2511,713528.5,627811.565790246,0.0,0.0,1,1
2512,713528.5,627811.565790246,0.0,0.0,1,1
2513,713528.5,627811.565790246,0.0,0.0,1,1
2514,713715.0,627811.565790246,0.0,0.0,1,1
2515,713715.0,627811.565790246,0.0,0.0,1,1
2516,713715.0,627811.565790246,0.0,0.0,1,1
2517,713715.0,627811.565790246,0.0,0.0,1,1
2518,713700.0,627811.565790246,0.0,0.0,1,1
2519,713700.0,627811.565790246,0.0,0.0,1,1
2520,713700.0,627811.565790246,0.0,0.0,1,1
2521,713700.0,627811.565790246,0.0,0.0,1,1
2522,718996.0,627811.565790246,0.0,0.0,1,1
2523,718996.0,627811.565790246,0.0,0.0,1,1
2524,718996.0,627811.565790246,0.0,0.0,1,1
2525,718996.0,627811.565790246,0.0,0.0,1,1
2526,718996.0,627811.565790246,0.0,0.0,1,1
2527,718996.0,627811.565790246,0.0,0.0,1,1
2528,718996.0,627811.565790246,0.0,0.0,1,1
2529,718996.0,627811.565790246,0.0,0.0,1,1
2530,718996.0,627811.565790246,0.0,0.0,1,1
2531,718996.0,627811.565790246,0.0,0.0,1,1
2532,718996.0,627811.565790246,0.0,0.0,1,1
2533,718996.0,627811.565790246,0.0,0.0,1,1
2534,718996.0,627811.565790246,0.0,0.0,1,1
2535,718996.0,627811.565790246,0.0,0.0,1,1
2536,718996.0,627811.565790246,0.0,0.0,1,1
2537,718996.0,627811.565790246,0.0,0.0,1,1
2538,718996.0,627811.565790246,0.0,0.0,1,1
2539,718996.0,627811.565790246,0.0,0.0,1,1
2540,718996.0,627811.565790246,0.0,0.0,1,1
2541,718996.0,627811.565790246,0.0,0.0,1,1
2542,718996.0,627811.565790246,0.0,0.0,1,1
2543,718996.0,627811.565790246,0.0,0.0,1,1
2544,718996.0,627811.565790246,0.0,0.0,1,1
2545,719020.5,627811.565790246,0.0,0.0,1,1
2546,719020.5,627811.565790246,0.0,0.0,1,1
2547,719051.5,627811.565790246,0.0,0.0,1,1
2548,719051.5,627811.565790246,0.0,0.0,1,1
2549,719051.5,627811.565790246,0.0,0.0,1,1
2550,719051.5,627811.565790246,0.0,0.0,1,1
2551,719051.5,627811.565790246,0.0,0.0,1,1
2552,719051.5,627811.565790246,0.0,0.0,1,1
2553,719051.5,627811.565790246,0.0,0.0,1,1
2554,719051.5,627811.565790246,0.0,0.0,1,1
2555,719051.5,627811.565790246,0.0,0.0,1,1
2556,719051.5,627811.565790246,0.0,0.0,1,1
2557,719051.5,627811.565790246,0.0,0.0,1,1
2558,719051.5,627811.565790246,0.0,0.0,1,1
2559,719051.5,627811.565790246,0.0,0.0,1,1
2560,719051.5,627811.565790246,0.0,0.0,1,1
2561,719051.5,627811.565790246,0.0,0.0,1,1
2562,719051.5,627811.565790246,0.0,0.0,1,1
2563,719051.5,627811.565790246,0.0,0.0,1,1
2564,719051.5,627811.565790246,0.0,0.0,1,1
2565,719051.5,627811.565790246,0.0,0.0,1,1
2566,719051.5,627811.565790246,0.0,0.0,1,1
2567,719051.5,627811.565790246,0.0,0.0,1,1
2568,719051.5,627811.565790246,0.0,0.0,1,1
2569,719051.5,627811.565790246,0.0,0.0,1,1
2570,719051.5,627811.565790246,0.0,0.0,1,1
2571,719051.5,627811.565790246,0.0,0.0,1,1
2572,719051.5,627811.565790246,0.0,0.0,1,1
2573,719051.5,627811.565790246,0.0,0.0,1,1
2574,719051.5,627811.565790246,0.0,0.0,1,1
2575,719051.5,627811.565790246,0.0,0.0,1,1
2576,719051.5,627811.565790246,0.0,0.0,1,1
2577,719051.5,627811.565790246,0.0,0.0,1,1
2578,719051.5,627811.565790246,0.0,0.0,1,1
2579,719051.5,627811.565790246,0.0,0.0,1,1
2580,719051.5,627811.565790246,0.0,0.0,1,1
2581,719051.5,627811.565790246,0.0,0.0,1,1
2582,719051.5,627811.565790246,0.0,0.0,1,1
2583,719051.5,627811.565790246,0.0,0.0,1,1
2584,719051.5,627811.565790246,0.0,0.0,1,1
2585,719051.5,627811.565790246,0.0,0.0,1,1
2586,719051.5,627811.565790246,0.0,0.0,1,1
2587,719051.5,627811.565790246,0.0,0.0,1,1
2588,719051.5,627811.565790246,0.0,0.0,1,1
2589,719051.5,627811.565790246,0.0,0.0,1,1
2590,719051.5,627811.565790246,0.0,0.0,1,1
2591,719051.5,627811.565790246,0.0,0.0,1,1
2592,719051.5,627811.565790246,0.0,0.0,1,1
2593,719051.5,627811.565790246,0.0,0.0,1,1
2594,719051.5,627811.565790246,0.0,0.0,1,1
2595,719051.5,627811.565790246,0.0,0.0,1,1
2596,719051.5,627811.565790246,0.0,0.0,1,1
2597,719051.5,627811.565790246,0.0,0.0,1,1
2598,719051.5,627811.565790246,0.0,0.0,1,1
2599,719051.5,627811.565790246,0.0,0.0,1,1
2600,719010.5,627811.565790246,0.0,0.0,1,1
2601,719010.5,627811.565790246,0.0,0.0,1,1
2602,719010.5,627811.565790246,0.0,0.0,1,1
2603,719010.5,627811.565790246,0.0,0.0,1,1
2604,719010.5,627811.565790246,0.0,0.0,1,1
2605,719010.5,627811.565790246,0.0,0.0,1,1
2606,719010.5,627811.565790246,0.0,0.0,1,1
2607,719010.5,627811.565790246,0.0,0.0,1,1
2608,719010.5,627811.565790246,0.0,0.0,1,1
2609,719073.5,627811.565790246,0.0,0.0,1,1
2610,719073.5,627811.565790246,0.0,0.0,1,1
2611,718426.0,627811.565790246,0.0,0.0,1,1
2612,718426.0,627811.565790246,0.0,0.0,1,1
2613,718426.0,627811.565790246,0.0,0.0,1,1
2614,718426.0,627811.565790246,0.0,0.0,1,1
2615,718426.0,627811.565790246,0.0,0.0,1,1
2616,718426.0,627811.565790246,0.0,0.0,1,1
2617,718426.0,627811.565790246,0.0,0.0,1,1
2618,718426.0,627811.565790246,0.0,0.0,1,1
2619,721561.5,627811.565790246,0.0,0.0,1,1
2620,721773.5,627811.565790246,0.0,0.0,1,1
2621,721773.5,627811.565790246,0.0,0.0,1,1
2622,721773.5,627811.565790246,0.0,0.0,1,1
2623,721773.5,627811.565790246,0.0,0.0,1,1
2624,721773.5,627811.565790246,0.0,0.0,1,1
2625,721773.5,627811.565790246,0.0,0.0,1,1
2626,721773.5,627811.565790246,0.0,0.0,1,1
2627,721773.5,627811.565790246,0.0,0.0,1,1
2628,721773.5,627811.565790246,0.0,0.0,1,1
2629,721773.5,627811.565790246,0.0,0.0,1,1
2630,721773.5,627811.565790246,0.0,0.0,1,1
2631,721773.5,627811.565790246,0.0,0.0,1,1
2632,721773.5,627811.565790246,0.0,0.0,1,1
2633,721773.5,627811.565790246,0.0,0.0,1,1
2634,721773.5,627811.565790246,0.0,0.0,1,1
2635,721773.5,627811.565790246,0.0,0.0,1,1
2636,721773.5,627811.565790246,0.0,0.0,1,1
2637,721773.5,627811.565790246,0.0,0.0,1,1
2638,721773.5,627811.565790246,0.0,0.0,1,1
2639,721773.5,627811.565790246,0.0,0.0,1,1
2640,721703.0,627811.565790246,0.0,0.0,1,1
2641,721703.0,627811.565790246,0.0,0.0,1,1
2642,721703.0,627811.565790246,0.0,0.0,1,1
2643,721703.0,627811.565790246,0.0,0.0,1,1
2644,721703.0,627811.565790246,0.0,0.0,1,1
2645,721703.0,627811.565790246,0.0,0.0,1,1
2646,720910.0,627811.565790246,0.0,0.0,1,1
2647,720910.0,627811.565790246,0.0,0.0,1,1
2648,720910.0,627811.565790246,0.0,0.0,1,1
2649,720910.0,627811.565790246,0.0,0.0,1,1
2650,720910.0,627811.565790246,0.0,0.0,1,1
2651,720910.0,627811.565790246,0.0,0.0,1,1
2652,720910.0,627811.565790246,0.0,0.0,1,1
2653,720910.0,627811.565790246,0.0,0.0,1,1
2654,720910.0,627811.565790246,0.0,0.0,1,1
2655,720910.0,627811.565790246,0.0,0.0,1,1
2656,720910.0,627811.565790246,0.0,0.0,1,1
2657,720910.0,627811.565790246,0.0,0.0,1,1
2658,720910.0,627811.565790246,0.0,0.0,1,1
2659,720910.0,627811.565790246,0.0,0.0,1,1
2660,720910.0,627811.565790246,0.0,0.0,1,1
2661,720910.0,627811.565790246,0.0,0.0,1,1
2662,720910.0,627811.565790246,0.0,0.0,1,1
2663,720910.0,627811.565790246,0.0,0.0,1,1
2664,720910.0,627811.565790246,0.0,0.0,1,1
2665,720910.0,627811.565790246,0.0,0.0,1,1
2666,720910.0,627811.565790246,0.0,0.0,1,1
2667,720910.0,627811.565790246,0.0,0.0,1,1
2668,720910.0,627811.565790246,0.0,0.0,1,1
2669,720910.0,627811.565790246,0.0,0.0,1,1
2670,720910.0,627811.565790246,0.0,0.0,1,1
2671,720910.0,627811.565790246,0.0,0.0,1,1
2672,720876.0,627811.565790246,0.0,0.0,1,1
2673,720876.0,627811.565790246,0.0,0.0,1,1
2674,720876.0,627811.565790246,0.0,0.0,1,1
2675,720876.0,627811.565790246,0.0,0.0,1,1
2676,720876.0,627811.565790246,0.0,0.0,1,1
2677,720876.0,627811.565790246,0.0,0.0,1,1
2678,720876.0,627811.565790246,0.0,0.0,1,1
2679,720876.0,627811.565790246,0.0,0.0,1,1
2680,720876.0,627811.565790246,0.0,0.0,1,1
2681,720876.0,627811.565790246,0.0,0.0,1,1
2682,720876.0,627811.565790246,0.0,0.0,1,1
2683,719579.5,627811.565790246,0.0,0.0,1,1
2684,719579.5,627811.565790246,0.0,0.0,1,1
2685,719579.5,627811.565790246,0.0,0.0,1,1
2686,719579.5,627811.565790246,0.0,0.0,1,1
2687,719579.5,627811.565790246,0.0,0.0,1,1
2688,719579.5,627811.565790246,0.0,0.0,1,1
2689,719579.5,627811.565790246,0.0,0.0,1,1
2690,719579.5,627811.565790246,0.0,0.0,1,1
2691,719579.5,627811.565790246,0.0,0.0,1,1
2692,719579.5,627811.565790246,0.0,0.0,1,1
2693,719579.5,627811.565790246,0.0,0.0,1,1
2694,721993.0,627811.565790246,0.0,0.0,1,1
2695,721993.0,627811.565790246,0.0,0.0,1,1
2696,721993.0,627811.565790246,0.0,0.0,1,1
2697,721993.0,627811.565790246,0.0,0.0,1,1
2698,721993.0,627811.565790246,0.0,0.0,1,1
2699,721993.0,627811.565790246,0.0,0.0,1,1
2700,721993.0,627811.565790246,0.0,0.0,1,1
2701,721993.0,627811.565790246,0.0,0.0,1,1
2702,721993.0,627811.565790246,0.0,0.0,1,1
2703,721993.0,627811.565790246,0.0,0.0,1,1
2704,721993.0,627811.565790246,0.0,0.0,1,1
2705,721993.0,627811.565790246,0.0,0.0,1,1
2706,721993.0,627811.565790246,0.0,0.0,1,1
2707,721993.0,627811.565790246,0.0,0.0,1,1
2708,721993.0,627811.565790246,0.0,0.0,1,1
2709,721993.0,627811.565790246,0.0,0.0,1,1
2710,721993.0,627811.565790246,0.0,0.0,1,1
2711,721993.0,627811.565790246,0.0,0.0,1,1
2712,721993.0,627811.565790246,0.0,0.0,1,1
2713,721993.0,627811.565790246,0.0,0.0,1,1
2714,721993.0,627811.565790246,0.0,0.0,1,1
2715,721993.0,627811.565790246,0.0,0.0,1,1
2716,721993.0,627811.565790246,0.0,0.0,1,1
2717,721993.0,627811.565790246,0.0,0.0,1,1
2718,721993.0,627811.565790246,0.0,0.0,1,1
2719,721993.0,627811.565790246,0.0,0.0,1,1
2720,721993.0,627811.565790246,0.0,0.0,1,1
2721,721993.0,627811.565790246,0.0,0.0,1,1
2722,721993.0,627811.565790246,0.0,0.0,1,1
2723,721993.0,627811.565790246,0.0,0.0,1,1
2724,721993.0,627811.565790246,0.0,0.0,1,1
2725,721993.0,627811.565790246,0.0,0.0,1,1
2726,721993.0,627811.565790246,0.0,0.0,1,1
2727,721993.0,627811.565790246,0.0,0.0,1,1
2728,721993.0,627811.565790246,0.0,0.0,1,1
2729,721993.0,627811.565790246,0.0,0.0,1,1
2730,721993.0,627811.565790246,0.0,0.0,1,1
2731,721993.0,627811.565790246,0.0,0.0,1,1
2732,721993.0,627811.565790246,0.0,0.0,1,1
2733,721993.0,627811.565790246,0.0,0.0,1,1
2734,721993.0,627811.565790246,0.0,0.0,1,1
2735,721993.0,627811.565790246,0.0,0.0,1,1
2736,721993.0,627811.565790246,0.0,0.0,1,1
2737,721993.0,627811.565790246,0.0,0.0,1,1
2738,721993.0,627811.565790246,0.0,0.0,1,1
2739,721993.0,627811.565790246,0.0,0.0,1,1
2740,721993.0,627811.565790246,0.0,0.0,1,1
2741,721993.0,627811.565790246,0.0,0.0,1,1
2742,721993.0,627811.565790246,0.0,0.0,1,1
2743,721993.0,627811.565790246,0.0,0.0,1,1
2744,721993.0,627811.565790246,0.0,0.0,1,1
2745,721993.0,627811.565790246,0.0,0.0,1,1
2746,721993.0,627811.565790246,0.0,0.0,1,1
2747,721993.0,627811.565790246,0.0,0.0,1,1
2748,721993.0,627811.565790246,0.0,0.0,1,1
2749,722018.0,627811.565790246,0.0,0.0,1,1
2750,722018.0,627811.565790246,0.0,0.0,1,1
2751,722018.0,627811.565790246,0.0,0.0,1,1
2752,722018.0,627811.565790246,0.0,0.0,1,1
2753,722018.0,627811.565790246,0.0,0.0,1,1
2754,722018.0,627811.565790246,0.0,0.0,1,1
2755,722018.0,627811.565790246,0.0,0.0,1,1
2756,722018.0,627811.565790246,0.0,0.0,1,1
2757,722018.0,627811.565790246,0.0,0.0,1,1
2758,722018.0,627811.565790246,0.0,0.0,1,1
2759,722018.0,627811.565790246,0.0,0.0,1,1
2760,722018.0,627811.565790246,0.0,0.0,1,1
2761,723188.5,627811.565790246,0.0,0.0,1,1
2762,723188.5,627811.565790246,0.0,0.0,1,1
2763,723188.5,627811.565790246,0.0,0.0,1,1
2764,723188.5,627811.565790246,0.0,0.0,1,1
2765,723188.5,627811.565790246,0.0,0.0,1,1
2766,723188.5,627811.565790246,0.0,0.0,1,1
2767,723188.5,627811.565790246,0.0,0.0,1,1
2768,723188.5,627811.565790246,0.0,0.0,1,1
2769,723188.5,627811.565790246,0.0,0.0,1,1
2770,723188.5,627811.565790246,0.0,0.0,1,1
2771,723188.5,627811.565790246,0.0,0.0,1,1
2772,723188.5,627811.565790246,0.0,0.0,1,1
2773,723188.5,627811.565790246,0.0,0.0,1,1
2774,723188.5,627811.565790246,0.0,0.0,1,1
2775,723188.5,627811.565790246,0.0,0.0,1,1
2776,723188.5,627811.565790246,0.0,0.0,1,1
2777,723188.5,627811.565790246,0.0,0.0,1,1
2778,723188.5,627811.565790246,0.0,0.0,1,1
2779,723188.5,627811.565790246,0.0,0.0,1,1
2780,723188.5,627811.565790246,0.0,0.0,1,1
2781,723188.5,627811.565790246,0.0,0.0,1,1
2782,723188.5,627811.565790246,0.0,0.0,1,1
2783,723188.5,627811.565790246,0.0,0.0,1,1
2784,723188.5,627811.565790246,0.0,0.0,1,1
2785,723188.5,627811.565790246,0.0,0.0,1,1
2786,723188.5,627811.565790246,0.0,0.0,1,1
2787,723188.5,627811.565790246,0.0,0.0,1,1
2788,723188.5,627811.565790246,0.0,0.0,1,1
2789,723188.5,627811.565790246,0.0,0.0,1,1
2790,723188.5,627811.565790246,0.0,0.0,1,1
2791,723188.5,627811.565790246,0.0,0.0,1,1
2792,723188.5,627811.565790246,0.0,0.0,1,1
2793,723188.5,627811.565790246,0.0,0.0,1,1
2794,723188.5,627811.565790246,0.0,0.0,1,1
2795,723188.5,627811.565790246,0.0,0.0,1,1
2796,723188.5,627811.565790246,0.0,0.0,1,1
2797,723188.5,627811.565790246,0.0,0.0,1,1
2798,723188.5,627811.565790246,0.0,0.0,1,1
2799,723188.5,627811.565790246,0.0,0.0,1,1
2800,723188.5,627811.565790246,0.0,0.0,1,1
2801,723188.5,627811.565790246,0.0,0.0,1,1
2802,723188.5,627811.565790246,0.0,0.0,1,1
2803,723188.5,627811.565790246,0.0,0.0,1,1
2804,723188.5,627811.565790246,0.0,0.0,1,1
2805,723188.5,627811.565790246,0.0,0.0,1,1
2806,722907.0,627811.565790246,0.0,0.0,1,1
2807,722907.0,627811.565790246,0.0,0.0,1,1
2808,722907.0,627811.565790246,0.0,0.0,1,1
2809,722907.0,627811.565790246,0.0,0.0,1,1
2810,722907.0,627811.565790246,0.0,0.0,1,1
2811,722907.0,627811.565790246,0.0,0.0,1,1
2812,722907.0,627811.565790246,0.0,0.0,1,1
2813,722907.0,627811.565790246,0.0,0.0,1,1
2814,722907.0,627811.565790246,0.0,0.0,1,1
2815,722907.0,627811.565790246,0.0,0.0,1,1
2816,722907.0,627811.565790246,0.0,0.0,1,1
2817,722907.0,627811.565790246,0.0,0.0,1,1
2818,723628.0,627811.565790246,0.0,0.0,1,1
2819,723628.0,627811.565790246,0.0,0.0,1,1
2820,722657.5,627811.565790246,0.0,0.0,1,1
2821,722657.5,627811.565790246,0.0,0.0,1,1
2822,722642.5,627811.565790246,0.0,0.0,1,1
2823,722642.5,627811.565790246,0.0,0.0,1,1
2824,722642.5,627811.565790246,0.0,0.0,1,1
2825,722742.5,627811.565790246,0.0,0.0,1,1
2826,722742.5,627811.565790246,0.0,0.0,1,1
2827,722742.5,627811.565790246,0.0,0.0,1,1
2828,722230.0,627811.565790246,0.0,0.0,1,1
2829,722230.0,627811.565790246,0.0,0.0,1,1
2830,722230.0,627811.565790246,0.0,0.0,1,1
2831,722230.0,627811.565790246,0.0,0.0,1,1
2832,722346.5,627811.565790246,0.0,0.0,1,1
2833,722346.5,627811.565790246,0.0,0.0,1,1
2834,723718.5,627811.565790246,0.0,0.0,1,1
2835,723718.5,627811.565790246,0.0,0.0,1,1
2836,723718.5,627811.565790246,0.0,0.0,1,1
2837,723718.5,627811.565790246,0.0,0.0,1,1
2838,723718.5,627811.565790246,0.0,0.0,1,1
2839,723718.5,627811.565790246,0.0,0.0,1,1
2840,723718.5,627811.565790246,0.0,0.0,1,1
2841,723718.5,627811.565790246,0.0,0.0,1,1
2842,723718.5,627811.565790246,0.0,0.0,1,1
2843,723718.5,627811.565790246,0.0,0.0,1,1
2844,723718.5,627811.565790246,0.0,0.0,1,1
2845,723718.5,627811.565790246,0.0,0.0,1,1
2846,723718.5,627811.565790246,0.0,0.0,1,1
2847,723718.5,627811.565790246,0.0,0.0,1,1
2848,723718.5,627811.565790246,0.0,0.0,1,1
2849,723718.5,627811.565790246,0.0,0.0,1,1
2850,723718.5,627811.565790246,0.0,0.0,1,1
2851,723718.5,627811.565790246,0.0,0.0,1,1
2852,723718.5,627811.565790246,0.0,0.0,1,1
2853,723718.5,627811.565790246,0.0,0.0,1,1
2854,723718.5,627811.565790246,0.0,0.0,1,1
2855,723718.5,627811.565790246,0.0,0.0,1,1
2856,723718.5,627811.565790246,0.0,0.0,1,1
2857,723718.5,627811.565790246,0.0,0.0,1,1
2858,723718.5,627811.565790246,0.0,0.0,1,1
2859,723718.5,627811.565790246,0.0,0.0,1,1
2860,723718.5,627811.565790246,0.0,0.0,1,1
2861,723718.5,627811.565790246,0.0,0.0,1,1
2862,723718.5,627811.565790246,0.0,0.0,1,1
2863,723718.5,627811.565790246,0.0,0.0,1,1
2864,723718.5,627811.565790246,0.0,0.0,1,1
2865,723718.5,627811.565790246,0.0,0.0,1,1
2866,723718.5,627811.565790246,0.0,0.0,1,1
2867,723718.5,627811.565790246,0.0,0.0,1,1
2868,723718.5,627811.565790246,0.0,0.0,1,1
2869,723718.5,627811.565790246,0.0,0.0,1,1
2870,723718.5,627811.565790246,0.0,0.0,1,1
2871,723718.5,627811.565790246,0.0,0.0,1,1
2872,723718.5,627811.565790246,0.0,0.0,1,1
2873,723718.5,627811.565790246,0.0,0.0,1,1
2874,723718.5,627811.565790246,0.0,0.0,1,1
2875,723718.5,627811.565790246,0.0,0.0,1,1
2876,723718.5,627811.565790246,0.0,0.0,1,1
2877,723718.5,627811.565790246,0.0,0.0,1,1
2878,723718.5,627811.565790246,0.0,0.0,1,1
2879,723718.5,627811.565790246,0.0,0.0,1,1
2880,723718.5,627811.565790246,0.0,0.0,1,1
2881,723718.5,627811.565790246,0.0,0.0,1,1
2882,723718.5,627811.565790246,0.0,0.0,1,1
2883,723718.5,627811.565790246,0.0,0.0,1,1
2884,723718.5,627811.565790246,0.0,0.0,1,1
2885,723718.5,627811.565790246,0.0,0.0,1,1
2886,723718.5,627811.565790246,0.0,0.0,1,1
2887,723718.5,627811.565790246,0.0,0.0,1,1
2888,723718.5,627811.565790246,0.0,0.0,1,1
2889,723718.5,627811.565790246,0.0,0.0,1,1
2890,723718.5,627811.565790246,0.0,0.0,1,1
2891,723718.5,627811.565790246,0.0,0.0,1,1
2892,723718.5,627811.565790246,0.0,0.0,1,1
2893,723718.5,627811.565790246,0.0,0.0,1,1
2894,723718.5,627811.565790246,0.0,0.0,1,1
2895,723718.5,627811.565790246,0.0,0.0,1,1
2896,723718.5,627811.565790246,0.0,0.0,1,1
2897,723718.5,627811.565790246,0.0,0.0,1,1
2898,723718.5,627811.565790246,0.0,0.0,1,1
2899,723366.0,627811.565790246,0.0,0.0,1,1
2900,723366.0,627811.565790246,0.0,0.0,1,1
2901,723366.0,627811.565790246,0.0,0.0,1,1
2902,723366.0,627811.565790246,0.0,0.0,1,1
2903,723366.0,627811.565790246,0.0,0.0,1,1
2904,723084.0,627811.565790246,0.0,0.0,1,1
2905,722764.5,627811.565790246,0.0,0.0,1,1
2906,722764.5,627811.565790246,0.0,0.0,1,1
2907,722764.5,627811.565790246,0.0,0.0,1,1
2908,722764.5,627811.565790246,0.0,0.0,1,1
2909,722764.5,627811.565790246,0.0,0.0,1,1
2910,722764.5,627811.565790246,0.0,0.0,1,1
2911,722764.5,627811.565790246,0.0,0.0,1,1
2912,722764.5,627811.565790246,0.0,0.0,1,1
2913,722764.5,627811.565790246,0.0,0.0,1,1
2914,722764.5,627811.565790246,0.0,0.0,1,1
2915,722764.5,627811.565790246,0.0,0.0,1,1
2916,722764.5,627811.565790246,0.0,0.0,1,1
2917,722764.5,627811.565790246,0.0,0.0,1,1
2918,722764.5,627811.565790246,0.0,0.0,1,1
2919,722764.5,627811.565790246,0.0,0.0,1,1
2920,722764.5,627811.565790246,0.0,0.0,1,1
2921,722764.5,627811.565790246,0.0,0.0,1,1
2922,722764.5,627811.565790246,0.0,0.0,1,1
2923,722764.5,627811.565790246,0.0,0.0,1,1
2924,722764.5,627811.565790246,0.0,0.0,1,1
2925,722764.5,627811.565790246,0.0,0.0,1,1
2926,722764.5,627811.565790246,0.0,0.0,1,1
2927,722764.5,627811.565790246,0.0,0.0,1,1
2928,722764.5,627811.565790246,0.0,0.0,1,1
2929,722764.5,627811.565790246,0.0,0.0,1,1
2930,722764.5,627811.565790246,0.0,0.0,1,1
2931,722764.5,627811.565790246,0.0,0.0,1,1
2932,722764.5,627811.565790246,0.0,0.0,1,1
2933,722764.5,627811.565790246,0.0,0.0,1,1
2934,722764.5,627811.565790246,0.0,0.0,1,1
2935,722764.5,627811.565790246,0.0,0.0,1,1
2936,722764.5,627811.565790246,0.0,0.0,1,1
2937,722764.5,627811.565790246,0.0,0.0,1,1
2938,722764.5,627811.565790246,0.0,0.0,1,1
2939,722764.5,627811.565790246,0.0,0.0,1,1
2940,722764.5,627811.565790246,0.0,0.0,1,1
2941,722764.5,627811.565790246,0.0,0.0,1,1
2942,722764.5,627811.565790246,0.0,0.0,1,1
2943,722764.5,627811.565790246,0.0,0.0,1,1
2944,722764.5,627811.565790246,0.0,0.0,1,1
2945,722764.5,627811.565790246,0.0,0.0,1,1
2946,722764.5,627811.565790246,0.0,0.0,1,1
2947,722764.5,627811.565790246,0.0,0.0,1,1
2948,722764.5,627811.565790246,0.0,0.0,1,1
2949,722764.5,627811.565790246,0.0,0.0,1,1
2950,722764.5,627811.565790246,0.0,0.0,1,1
2951,722764.5,627811.565790246,0.0,0.0,1,1
2952,722764.5,627811.565790246,0.0,0.0,1,1
2953,722764.5,627811.565790246,0.0,0.0,1,1
2954,722764.5,627811.565790246,0.0,0.0,1,1
2955,722780.5,627811.565790246,0.0,0.0,1,1
2956,722780.5,627811.565790246,0.0,0.0,1,1
2957,722780.5,627811.565790246,0.0,0.0,1,1
2958,722780.5,627811.565790246,0.0,0.0,1,1
2959,722780.5,627811.565790246,0.0,0.0,1,1
2960,722780.5,627811.565790246,0.0,0.0,1,1
2961,722780.5,627811.565790246,0.0,0.0,1,1
2962,722780.5,627811.565790246,0.0,0.0,1,1
2963,722780.5,627811.565790246,0.0,0.0,1,1
2964,722780.5,627811.565790246,0.0,0.0,1,1
2965,722780.5,627811.565790246,0.0,0.0,1,1
2966,722780.5,627811.565790246,0.0,0.0,1,1
2967,722780.5,627811.565790246,0.0,0.0,1,1
2968,722731.0,627811.565790246,0.0,0.0,1,1
2969,722731.0,627811.565790246,0.0,0.0,1,1
2970,722731.0,627811.565790246,0.0,0.0,1,1
2971,722731.0,627811.565790246,0.0,0.0,1,1
2972,722731.0,627811.565790246,0.0,0.0,1,1
2973,722731.0,627811.565790246,0.0,0.0,1,1
2974,722731.0,627811.565790246,0.0,0.0,1,1
2975,722731.0,627811.565790246,0.0,0.0,1,1
2976,722731.0,627811.565790246,0.0,0.0,1,1
2977,722731.0,627811.565790246,0.0,0.0,1,1
2978,722731.0,627811.565790246,0.0,0.0,1,1
2979,720345.5,627811.565790246,0.0,0.0,1,1
2980,720345.5,627811.565790246,0.0,0.0,1,1
2981,720345.5,627811.565790246,0.0,0.0,1,1
2982,720345.5,627811.565790246,0.0,0.0,1,1
2983,720345.5,627811.565790246,0.0,0.0,1,1
2984,720345.5,627811.565790246,0.0,0.0,1,1
2985,720345.5,627811.565790246,0.0,0.0,1,1
2986,720345.5,627811.565790246,0.0,0.0,1,1
2987,720345.5,627811.565790246,0.0,0.0,1,1
2988,720345.5,627811.565790246,0.0,0.0,1,1
2989,720345.5,627811.565790246,0.0,0.0,1,1
2990,720302.5,627811.565790246,0.0,0.0,1,1
2991,720302.5,627811.565790246,0.0,0.0,1,1
2992,720302.5,627811.565790246,0.0,0.0,1,1
2993,720302.5,627811.565790246,0.0,0.0,1,1
2994,720302.5,627811.565790246,0.0,0.0,1,1
2995,720302.5,627811.565790246,0.0,0.0,1,1
2996,720302.5,627811.565790246,0.0,0.0,1,1
2997,720302.5,627811.565790246,0.0,0.0,1,1
2998,720302.5,627811.565790246,0.0,0.0,1,1
2999,722074.0,627811.565790246,0.0,0.0,1,1
3000,722074.0,627811.565790246,0.0,0.0,1,1
3001,722074.0,627811.565790246,0.0,0.0,1,1
3002,722074.0,627811.565790246,0.0,0.0,1,1
3003,723227.5,627811.565790246,0.0,0.0,1,1
3004,723227.5,627811.565790246,0.0,0.0,1,1
3005,723227.5,627811.565790246,0.0,0.0,1,1
3006,723227.5,627811.565790246,0.0,0.0,1,1
3007,723227.5,627811.565790246,0.0,0.0,1,1
3008,723227.5,627811.565790246,0.0,0.0,1,1
3009,723227.5,627811.565790246,0.0,0.0,1,1
3010,723227.5,627811.565790246,0.0,0.0,1,1
3011,723227.5,627811.565790246,0.0,0.0,1,1
3012,723227.5,627811.565790246,0.0,0.0,1,1
3013,723227.5,627811.565790246,0.0,0.0,1,1
3014,723227.5,627811.565790246,0.0,0.0,1,1
3015,723227.5,627811.565790246,0.0,0.0,1,1
3016,723227.5,627811.565790246,0.0,0.0,1,1
3017,723227.5,627811.565790246,0.0,0.0,1,1
3018,723227.5,627811.565790246,0.0,0.0,1,1
3019,723227.5,627811.565790246,0.0,0.0,1,1
3020,723227.5,627811.565790246,0.0,0.0,1,1
3021,723227.5,627811.565790246,0.0,0.0,1,1
3022,723227.5,627811.565790246,0.0,0.0,1,1
3023,723227.5,627811.565790246,0.0,0.0,1,1
3024,723227.5,627811.565790246,0.0,0.0,1,1
3025,723227.5,627811.565790246,0.0,0.0,1,1
3026,723227.5,627811.565790246,0.0,0.0,1,1
3027,723227.5,627811.565790246,0.0,0.0,1,1
3028,723227.5,627811.565790246,0.0,0.0,1,1
3029,723227.5,627811.565790246,0.0,0.0,1,1
3030,723227.5,627811.565790246,0.0,0.0,1,1
3031,723227.5,627811.565790246,0.0,0.0,1,1
3032,723227.5,627811.565790246,0.0,0.0,1,1
3033,723227.5,627811.565790246,0.0,0.0,1,1
3034,723227.5,627811.565790246,0.0,0.0,1,1
3035,723227.5,627811.565790246,0.0,0.0,1,1
3036,723227.5,627811.565790246,0.0,0.0,1,1
3037,723227.5,627811.565790246,0.0,0.0,1,1
3038,723227.5,627811.565790246,0.0,0.0,1,1
3039,723227.5,627811.565790246,0.0,0.0,1,1
3040,723227.5,627811.565790246,0.0,0.0,1,1
3041,723227.5,627811.565790246,0.0,0.0,1,1
3042,723227.5,627811.565790246,0.0,0.0,1,1
3043,723227.5,627811.565790246,0.0,0.0,1,1
3044,723227.5,627811.565790246,0.0,0.0,1,1
3045,723227.5,627811.565790246,0.0,0.0,1,1
3046,723227.5,627811.565790246,0.0,0.0,1,1
3047,723227.5,627811.565790246,0.0,0.0,1,1
3048,723227.5,627811.565790246,0.0,0.0,1,1
3049,723227.5,627811.565790246,0.0,0.0,1,1
3050,723227.5,627811.565790246,0.0,0.0,1,1
3051,723227.5,627811.565790246,0.0,0.0,1,1
3052,723227.5,627811.565790246,0.0,0.0,1,1
3053,723227.5,627811.565790246,0.0,0.0,1,1
3054,723227.5,627811.565790246,0.0,0.0,1,1
3055,723227.5,627811.565790246,0.0,0.0,1,1
3056,723227.5,627811.565790246,0.0,0.0,1,1
3057,723227.5,627811.565790246,0.0,0.0,1,1
3058,723227.5,627811.565790246,0.0,0.0,1,1
3059,724755.5,627811.565790246,0.0,0.0,1,1
3060,724911.5,627811.565790246,0.0,0.0,1,1
3061,724911.5,627811.565790246,0.0,0.0,1,1
3062,724911.5,627811.565790246,0.0,0.0,1,1
3063,724911.5,627811.565790246,0.0,0.0,1,1
3064,724911.5,627811.565790246,0.0,0.0,1,1
3065,724911.5,627811.565790246,0.0,0.0,1,1
3066,723881.0,627811.565790246,0.0,0.0,1,1
3067,724676.5,627811.565790246,0.0,0.0,1,1
3068,724676.5,627811.565790246,0.0,0.0,1,1
3069,724676.5,627811.565790246,0.0,0.0,1,1
3070,724676.5,627811.565790246,0.0,0.0,1,1
3071,724676.5,627811.565790246,0.0,0.0,1,1
3072,724676.5,627811.565790246,0.0,0.0,1,1
3073,724676.5,627811.565790246,0.0,0.0,1,1
3074,724676.5,627811.565790246,0.0,0.0,1,1
3075,724836.5,627811.565790246,0.0,0.0,1,1
3076,724959.5,627811.565790246,0.0,0.0,1,1
3077,724959.5,627811.565790246,0.0,0.0,1,1
3078,724959.5,627811.565790246,0.0,0.0,1,1
3079,724977.0,627811.565790246,0.0,0.0,1,1
3080,724977.0,627811.565790246,0.0,0.0,1,1
3081,725224.0,627811.565790246,0.0,0.0,1,1
3082,725224.0,627811.565790246,0.0,0.0,1,1
3083,725224.0,627811.565790246,0.0,0.0,1,1
3084,725224.0,627811.565790246,0.0,0.0,1,1
3085,725224.0,627811.565790246,0.0,0.0,1,1
3086,725224.0,627811.565790246,0.0,0.0,1,1
3087,725224.0,627811.565790246,0.0,0.0,1,1
3088,725224.0,627811.565790246,0.0,0.0,1,1
3089,725224.0,627811.565790246,0.0,0.0,1,1
3090,725224.0,627811.565790246,0.0,0.0,1,1
3091,725224.0,627811.565790246,0.0,0.0,1,1
3092,725224.0,627811.565790246,0.0,0.0,1,1
3093,725224.0,627811.565790246,0.0,0.0,1,1
3094,725224.0,627811.565790246,0.0,0.0,1,1
3095,725224.0,627811.565790246,0.0,0.0,1,1
3096,725224.0,627811.565790246,0.0,0.0,1,1
3097,725224.0,627811.565790246,0.0,0.0,1,1
3098,725224.0,627811.565790246,0.0,0.0,1,1
3099,725224.0,627811.565790246,0.0,0.0,1,1
3100,725224.0,627811.565790246,0.0,0.0,1,1
3101,725224.0,627811.565790246,0.0,0.0,1,1
3102,725224.0,627811.565790246,0.0,0.0,1,1
3103,725224.0,627811.565790246,0.0,0.0,1,1
3104,725224.0,627811.565790246,0.0,0.0,1,1
3105,728308.0,627811.565790246,0.0,0.0,1,1
3106,728308.0,627811.565790246,0.0,0.0,1,1
3107,728308.0,627811.565790246,0.0,0.0,1,1
3108,728308.0,627811.565790246,0.0,0.0,1,1
3109,728308.0,627811.565790246,0.0,0.0,1,1
3110,728308.0,627811.565790246,0.0,0.0,1,1
3111,728308.0,627811.565790246,0.0,0.0,1,1
3112,728308.0,627811.565790246,0.0,0.0,1,1
3113,728308.0,627811.565790246,0.0,0.0,1,1
3114,728308.0,627811.565790246,0.0,0.0,1,1
3115,728308.0,627811.565790246,0.0,0.0,1,1
3116,728308.0,627811.565790246,0.0,0.0,1,1
3117,728308.0,627811.565790246,0.0,0.0,1,1
3118,728308.0,627811.565790246,0.0,0.0,1,1
3119,728308.0,627811.565790246,0.0,0.0,1,1
3120,728308.0,627811.565790246,0.0,0.0,1,1
3121,728308.0,627811.565790246,0.0,0.0,1,1
3122,728308.0,627811.565790246,0.0,0.0,1,1
3123,728308.0,627811.565790246,0.0,0.0,1,1
3124,728308.0,627811.565790246,0.0,0.0,1,1
3125,727454.0,627811.565790246,0.0,0.0,1,1
3126,727454.0,627811.565790246,0.0,0.0,1,1
3127,727206.0,627811.565790246,0.0,0.0,1,1
3128,727206.0,627811.565790246,0.0,0.0,1,1
3129,727206.0,627811.565790246,0.0,0.0,1,1
3130,727206.0,627811.565790246,0.0,0.0,1,1
3131,727206.0,627811.565790246,0.0,0.0,1,1
3132,727206.0,627811.565790246,0.0,0.0,1,1
3133,727206.0,627811.565790246,0.0,0.0,1,1
3134,727206.0,627811.565790246,0.0,0.0,1,1
3135,727206.0,627811.565790246,0.0,0.0,1,1
3136,727206.0,627811.565790246,0.0,0.0,1,1
3137,727206.0,627811.565790246,0.0,0.0,1,1
3138,727206.0,627811.565790246,0.0,0.0,1,1
3139,727206.0,627811.565790246,0.0,0.0,1,1
3140,727206.0,627811.565790246,0.0,0.0,1,1
3141,727206.0,627811.565790246,0.0,0.0,1,1
3142,727206.0,627811.565790246,0.0,0.0,1,1
3143,727071.0,627811.565790246,0.0,0.0,1,1
3144,727603.5,627811.565790246,0.0,0.0,1,1
3145,727603.5,627811.565790246,0.0,0.0,1,1
3146,727603.5,627811.565790246,0.0,0.0,1,1
3147,727603.5,627811.565790246,0.0,0.0,1,1
3148,727603.5,627811.565790246,0.0,0.0,1,1
3149,727603.5,627811.565790246,0.0,0.0,1,1
3150,727603.5,627811.565790246,0.0,0.0,1,1
3151,727603.5,627811.565790246,0.0,0.0,1,1
3152,727603.5,627811.565790246,0.0,0.0,1,1
3153,727603.5,627811.565790246,0.0,0.0,1,1
3154,727603.5,627811.565790246,0.0,0.0,1,1
3155,727456.5,627811.565790246,0.0,0.0,1,1
3156,727456.5,627811.565790246,0.0,0.0,1,1
3157,727456.5,627811.565790246,0.0,0.0,1,1
3158,727456.5,627811.565790246,0.0,0.0,1,1
3159,727456.5,627811.565790246,0.0,0.0,1,1
3160,727456.5,627811.565790246,0.0,0.0,1,1
3161,727456.5,627811.565790246,0.0,0.0,1,1
3162,727456.5,627811.565790246,0.0,0.0,1,1
3163,727456.5,627811.565790246,0.0,0.0,1,1
3164,727456.5,627811.565790246,0.0,0.0,1,1
3165,727456.5,627811.565790246,0.0,0.0,1,1
3166,727456.5,627811.565790246,0.0,0.0,1,1
3167,727456.5,627811.565790246,0.0,0.0,1,1
3168,727456.5,627811.565790246,0.0,0.0,1,1
3169,727456.5,627811.565790246,0.0,0.0,1,1
3170,727456.5,627811.565790246,0.0,0.0,1,1
3171,727456.5,627811.565790246,0.0,0.0,1,1
3172,727456.5,627811.565790246,0.0,0.0,1,1
3173,727456.5,627811.565790246,0.0,0.0,1,1
3174,727456.5,627811.565790246,0.0,0.0,1,1
3175,727456.5,627811.565790246,0.0,0.0,1,1
3176,727456.5,627811.565790246,0.0,0.0,1,1
3177,727456.5,627811.565790246,0.0,0.0,1,1
3178,727456.5,627811.565790246,0.0,0.0,1,1
3179,727456.5,627811.565790246,0.0,0.0,1,1
3180,727456.5,627811.565790246,0.0,0.0,1,1
3181,727456.5,627811.565790246,0.0,0.0,1,1
3182,727456.5,627811.565790246,0.0,0.0,1,1
3183,727456.5,627811.565790246,0.0,0.0,1,1
3184,727456.5,627811.565790246,0.0,0.0,1,1
3185,727456.5,627811.565790246,0.0,0.0,1,1
3186,727758.0,627811.565790246,0.0,0.0,1,1
3187,727758.0,627811.565790246,0.0,0.0,1,1
3188,727758.0,627811.565790246,0.0,0.0,1,1
3189,727758.0,627811.565790246,0.0,0.0,1,1
3190,727758.0,627811.565790246,0.0,0.0,1,1
3191,727758.0,627811.565790246,0.0,0.0,1,1
3192,727758.0,627811.565790246,0.0,0.0,1,1
3193,727758.0,627811.565790246,0.0,0.0,1,1
3194,727758.0,627811.565790246,0.0,0.0,1,1
3195,727794.5,627811.565790246,0.0,0.0,1,1
3196,727785.5,627811.565790246,0.0,0.0,1,1
3197,727785.5,627811.565790246,0.0,0.0,1,1
3198,727785.5,627811.565790246,0.0,0.0,1,1
3199,727785.5,627811.565790246,0.0,0.0,1,1
3200,727785.5,627811.565790246,0.0,0.0,1,1
3201,727785.5,627811.565790246,0.0,0.0,1,1
3202,727785.5,627811.565790246,0.0,0.0,1,1
3203,728383.0,627811.565790246,0.0,0.0,1,1
3204,728383.0,627811.565790246,0.0,0.0,1,1
3205,728383.0,627811.565790246,0.0,0.0,1,1
3206,728383.0,627811.565790246,0.0,0.0,1,1
3207,728448.0,627811.565790246,0.0,0.0,1,1
3208,728448.0,627811.565790246,0.0,0.0,1,1
3209,728448.0,627811.565790246,0.0,0.0,1,1
3210,728448.0,627811.565790246,0.0,0.0,1,1
3211,728261.5,627811.565790246,0.0,0.0,1,1
3212,728261.5,627811.565790246,0.0,0.0,1,1
3213,728261.5,627811.565790246,0.0,0.0,1,1
3214,728261.5,627811.565790246,0.0,0.0,1,1
3215,728261.5,627811.565790246,0.0,0.0,1,1
3216,728261.5,627811.565790246,0.0,0.0,1,1
3217,728261.5,627811.565790246,0.0,0.0,1,1
3218,728261.5,627811.565790246,0.0,0.0,1,1
3219,728261.5,627811.565790246,0.0,0.0,1,1
3220,728261.5,627811.565790246,0.0,0.0,1,1
3221,728261.5,627811.565790246,0.0,0.0,1,1
3222,728261.5,627811.565790246,0.0,0.0,1,1
3223,728261.5,627811.565790246,0.0,0.0,1,1
3224,728261.5,627811.565790246,0.0,0.0,1,1
3225,728261.5,627811.565790246,0.0,0.0,1,1
3226,728261.5,627811.565790246,0.0,0.0,1,1
3227,728261.5,627811.565790246,0.0,0.0,1,1
3228,728261.5,627811.565790246,0.0,0.0,1,1
3229,728261.5,627811.565790246,0.0,0.0,1,1
3230,728261.5,627811.565790246,0.0,0.0,1,1
3231,728261.5,627811.565790246,0.0,0.0,1,1
3232,728261.5,627811.565790246,0.0,0.0,1,1
3233,728261.5,627811.565790246,0.0,0.0,1,1
3234,728261.5,627811.565790246,0.0,0.0,1,1
3235,728261.5,627811.565790246,0.0,0.0,1,1
3236,729313.0,627811.565790246,0.0,0.0,1,1
3237,729313.0,627811.565790246,0.0,0.0,1,1
3238,729313.0,627811.565790246,0.0,0.0,1,1
3239,729313.0,627811.565790246,0.0,0.0,1,1
3240,729313.0,627811.565790246,0.0,0.0,1,1
3241,729313.0,627811.565790246,0.0,0.0,1,1
3242,729313.0,627811.565790246,0.0,0.0,1,1
3243,729313.0,627811.565790246,0.0,0.0,1,1
3244,729313.0,627811.565790246,0.0,0.0,1,1
3245,729313.0,627811.565790246,0.0,0.0,1,1
3246,729100.0,627811.565790246,0.0,0.0,1,1
3247,729100.0,627811.565790246,0.0,0.0,1,1
3248,729100.0,627811.565790246,0.0,0.0,1,1
3249,729100.0,627811.565790246,0.0,0.0,1,1
3250,729100.0,627811.565790246,0.0,0.0,1,1
3251,729120.0,627811.565790246,0.0,0.0,1,1
3252,729120.0,627811.565790246,0.0,0.0,1,1
3253,729120.0,627811.565790246,0.0,0.0,1,1
3254,729120.0,627811.565790246,0.0,0.0,1,1
3255,729120.0,627811.565790246,0.0,0.0,1,1
3256,728981.0,627811.565790246,0.0,0.0,1,1
3257,728981.0,627811.565790246,0.0,0.0,1,1
3258,728981.0,627811.565790246,0.0,0.0,1,1
3259,728981.0,627811.565790246,0.0,0.0,1,1
3260,728981.0,627811.565790246,0.0,0.0,1,1
3261,728981.0,627811.565790246,0.0,0.0,1,1
3262,728981.0,627811.565790246,0.0,0.0,1,1
3263,728981.0,627811.565790246,0.0,0.0,1,1
3264,728981.0,627811.565790246,0.0,0.0,1,1
3265,728981.0,627811.565790246,0.0,0.0,1,1
3266,728981.0,627811.565790246,0.0,0.0,1,1
3267,729212.5,627811.565790246,0.0,0.0,1,1
3268,729212.5,627811.565790246,0.0,0.0,1,1
3269,729212.5,627811.565790246,0.0,0.0,1,1
3270,729212.5,627811.565790246,0.0,0.0,1,1
3271,729212.5,627811.565790246,0.0,0.0,1,1
3272,729212.5,627811.565790246,0.0,0.0,1,1
3273,729212.5,627811.565790246,0.0,0.0,1,1
3274,729212.5,627811.565790246,0.0,0.0,1,1
3275,729212.5,627811.565790246,0.0,0.0,1,1
3276,729212.5,627811.565790246,0.0,0.0,1,1
3277,729212.5,627811.565790246,0.0,0.0,1,1
3278,729212.5,627811.565790246,0.0,0.0,1,1
3279,729212.5,627811.565790246,0.0,0.0,1,1
3280,729212.5,627811.565790246,0.0,0.0,1,1
3281,729212.5,627811.565790246,0.0,0.0,1,1
3282,729212.5,627811.565790246,0.0,0.0,1,1
3283,729212.5,627811.565790246,0.0,0.0,1,1
3284,729212.5,627811.565790246,0.0,0.0,1,1
3285,729212.5,627811.565790246,0.0,0.0,1,1
3286,729212.5,627811.565790246,0.0,0.0,1,1
3287,729212.5,627811.565790246,0.0,0.0,1,1
3288,729212.5,627811.565790246,0.0,0.0,1,1
3289,729212.5,627811.565790246,0.0,0.0,1,1
3290,729212.5,627811.565790246,0.0,0.0,1,1
3291,729212.5,627811.565790246,0.0,0.0,1,1
3292,729212.5,627811.565790246,0.0,0.0,1,1
3293,729233.0,627811.565790246,0.0,0.0,1,1
3294,729364.0,627811.565790246,0.0,0.0,1,1
3295,729364.0,627811.565790246,0.0,0.0,1,1
3296,729364.0,627811.565790246,0.0,0.0,1,1
3297,729364.0,627811.565790246,0.0,0.0,1,1
3298,729364.0,627811.565790246,0.0,0.0,1,1
3299,729364.0,627811.565790246,0.0,0.0,1,1
3300,729364.0,627811.565790246,0.0,0.0,1,1
3301,729364.0,627811.565790246,0.0,0.0,1,1
3302,729364.0,627811.565790246,0.0,0.0,1,1
3303,729364.0,627811.565790246,0.0,0.0,1,1
3304,729364.0,627811.565790246,0.0,0.0,1,1
3305,729364.0,627811.565790246,0.0,0.0,1,1
3306,729364.0,627811.565790246,0.0,0.0,1,1
3307,729364.0,627811.565790246,0.0,0.0,1,1
3308,729364.0,627811.565790246,0.0,0.0,1,1
3309,729364.0,627811.565790246,0.0,0.0,1,1
3310,729364.0,627811.565790246,0.0,0.0,1,1
3311,729364.0,627811.565790246,0.0,0.0,1,1
3312,729364.0,627811.565790246,0.0,0.0,1,1
3313,728901.5,627811.565790246,0.0,0.0,1,1
3314,728901.5,627811.565790246,0.0,0.0,1,1
3315,728901.5,627811.565790246,0.0,0.0,1,1
3316,728901.5,627811.565790246,0.0,0.0,1,1
3317,728901.5,627811.565790246,0.0,0.0,1,1
3318,728901.5,627811.565790246,0.0,0.0,1,1
3319,728901.5,627811.565790246,0.0,0.0,1,1
3320,728901.5,627811.565790246,0.0,0.0,1,1
3321,728823.5,627811.565790246,0.0,0.0,1,1
3322,728823.5,627811.565790246,0.0,0.0,1,1
3323,728759.5,627811.565790246,0.0,0.0,1,1
3324,728759.5,627811.565790246,0.0,0.0,1,1
3325,728759.5,627811.565790246,0.0,0.0,1,1
3326,728759.5,627811.565790246,0.0,0.0,1,1
3327,728759.5,627811.565790246,0.0,0.0,1,1
3328,728759.5,627811.565790246,0.0,0.0,1,1
3329,728685.5,627811.565790246,0.0,0.0,1,1
3330,728685.5,627811.565790246,0.0,0.0,1,1
3331,728685.5,627811.565790246,0.0,0.0,1,1
3332,728685.5,627811.565790246,0.0,0.0,1,1
3333,728685.5,627811.565790246,0.0,0.0,1,1
3334,728685.5,627811.565790246,0.0,0.0,1,1
3335,728685.5,627811.565790246,0.0,0.0,1,1
3336,728546.0,627811.565790246,0.0,0.0,1,1
3337,728546.0,627811.565790246,0.0,0.0,1,1
3338,728546.0,627811.565790246,0.0,0.0,1,1
3339,728546.0,627811.565790246,0.0,0.0,1,1
3340,728546.0,627811.565790246,0.0,0.0,1,1
3341,728546.0,627811.565790246,0.0,0.0,1,1
3342,728546.0,627811.565790246,0.0,0.0,1,1
3343,728546.0,627811.565790246,0.0,0.0,1,1
3344,728647.0,627811.565790246,0.0,0.0,1,1
3345,728647.0,627811.565790246,0.0,0.0,1,1
3346,728647.0,627811.565790246,0.0,0.0,1,1
3347,728647.0,627811.565790246,0.0,0.0,1,1
3348,728647.0,627811.565790246,0.0,0.0,1,1
3349,728647.0,627811.565790246,0.0,0.0,1,1
3350,728350.5,627811.565790246,0.0,0.0,1,1
3351,728350.5,627811.565790246,0.0,0.0,1,1
3352,728350.5,627811.565790246,0.0,0.0,1,1
3353,728350.5,627811.565790246,0.0,0.0,1,1
3354,728350.5,627811.565790246,0.0,0.0,1,1
3355,728350.5,627811.565790246,0.0,0.0,1,1
3356,728350.5,627811.565790246,0.0,0.0,1,1
3357,728350.5,627811.565790246,0.0,0.0,1,1
3358,728350.5,627811.565790246,0.0,0.0,1,1
3359,728350.5,627811.565790246,0.0,0.0,1,1
3360,728350.5,627811.565790246,0.0,0.0,1,1
3361,728350.5,627811.565790246,0.0,0.0,1,1
3362,728350.5,627811.565790246,0.0,0.0,1,1
3363,728292.0,627811.565790246,0.0,0.0,1,1
3364,728831.5,627811.565790246,0.0,0.0,1,1
3365,728831.5,627811.565790246,0.0,0.0,1,1
3366,728831.5,627811.565790246,0.0,0.0,1,1
3367,728831.5,627811.565790246,0.0,0.0,1,1
3368,728831.5,627811.565790246,0.0,0.0,1,1
3369,728831.5,627811.565790246,0.0,0.0,1,1
3370,728831.5,627811.565790246,0.0,0.0,1,1
3371,728831.5,627811.565790246,0.0,0.0,1,1
3372,728831.5,627811.565790246,0.0,0.0,1,1
3373,728831.5,627811.565790246,0.0,0.0,1,1
3374,728831.5,627811.565790246,0.0,0.0,1,1
3375,728831.5,627811.565790246,0.0,0.0,1,1
3376,728831.5,627811.565790246,0.0,0.0,1,1
3377,728831.5,627811.565790246,0.0,0.0,1,1
3378,728795.5,627811.565790246,0.0,0.0,1,1
3379,728795.5,627811.565790246,0.0,0.0,1,1
3380,728795.5,627811.565790246,0.0,0.0,1,1
3381,728795.5,627811.565790246,0.0,0.0,1,1
3382,728795.5,627811.565790246,0.0,0.0,1,1
3383,728795.5,627811.565790246,0.0,0.0,1,1
3384,728795.5,627811.565790246,0.0,0.0,1,1
3385,728795.5,627811.565790246,0.0,0.0,1,1
3386,728795.5,627811.565790246,0.0,0.0,1,1
3387,728795.5,627811.565790246,0.0,0.0,1,1
3388,728795.5,627811.565790246,0.0,0.0,1,1
3389,732122.0,627811.565790246,0.0,0.0,1,1
3390,732122.0,627811.565790246,0.0,0.0,1,1
3391,732122.0,627811.565790246,0.0,0.0,1,1
3392,732122.0,627811.565790246,0.0,0.0,1,1
3393,732122.0,627811.565790246,0.0,0.0,1,1
3394,732084.0,627811.565790246,0.0,0.0,1,1
3395,732084.0,627811.565790246,0.0,0.0,1,1
3396,732084.0,627811.565790246,0.0,0.0,1,1
3397,732084.0,627811.565790246,0.0,0.0,1,1
3398,732084.0,627811.565790246,0.0,0.0,1,1
3399,732084.0,627811.565790246,0.0,0.0,1,1
3400,732084.0,627811.565790246,0.0,0.0,1,1
3401,732084.0,627811.565790246,0.0,0.0,1,1
3402,732084.0,627811.565790246,0.0,0.0,1,1
3403,732084.0,627811.565790246,0.0,0.0,1,1
3404,732084.0,627811.565790246,0.0,0.0,1,1
3405,732084.0,627811.565790246,0.0,0.0,1,1
3406,732084.0,627811.565790246,0.0,0.0,1,1
3407,732084.0,627811.565790246,0.0,0.0,1,1
3408,732084.0,627811.565790246,0.0,0.0,1,1
3409,732084.0,627811.565790246,0.0,0.0,1,1
3410,732084.0,627811.565790246,0.0,0.0,1,1
3411,732084.0,627811.565790246,0.0,0.0,1,1
3412,732084.0,627811.565790246,0.0,0.0,1,1
3413,732084.0,627811.565790246,0.0,0.0,1,1
3414,732084.0,627811.565790246,0.0,0.0,1,1
3415,732084.0,627811.565790246,0.0,0.0,1,1
3416,732084.0,627811.565790246,0.0,0.0,1,1
3417,732084.0,627811.565790246,0.0,0.0,1,1
3418,732084.0,627811.565790246,0.0,0.0,1,1
3419,732084.0,627811.565790246,0.0,0.0,1,1
3420,732084.0,627811.565790246,0.0,0.0,1,1
3421,732321.0,627811.565790246,0.0,0.0,1,1
3422,732321.0,627811.565790246,0.0,0.0,1,1
3423,732321.0,627811.565790246,0.0,0.0,1,1
3424,732321.0,627811.565790246,0.0,0.0,1,1
3425,732321.0,627811.565790246,0.0,0.0,1,1
3426,732321.0,627811.565790246,0.0,0.0,1,1
3427,732321.0,627811.565790246,0.0,0.0,1,1
3428,732321.0,627811.565790246,0.0,0.0,1,1
3429,732321.0,627811.565790246,0.0,0.0,1,1
3430,732321.0,627811.565790246,0.0,0.0,1,1
3431,732321.0,627811.565790246,0.0,0.0,1,1
3432,732321.0,627811.565790246,0.0,0.0,1,1
3433,732321.0,627811.565790246,0.0,0.0,1,1
3434,732270.0,627811.565790246,0.0,0.0,1,1
3435,732270.0,627811.565790246,0.0,0.0,1,1
3436,732270.0,627811.565790246,0.0,0.0,1,1
3437,732361.5,627811.565790246,0.0,0.0,1,1
3438,732361.5,627811.565790246,0.0,0.0,1,1
3439,732361.5,627811.565790246,0.0,0.0,1,1
3440,732361.5,627811.565790246,0.0,0.0,1,1
3441,732361.5,627811.565790246,0.0,0.0,1,1
3442,732361.5,627811.565790246,0.0,0.0,1,1
3443,732361.5,627811.565790246,0.0,0.0,1,1
3444,732361.5,627811.565790246,0.0,0.0,1,1
3445,732361.5,627811.565790246,0.0,0.0,1,1
3446,732361.5,627811.565790246,0.0,0.0,1,1
3447,732361.5,627811.565790246,0.0,0.0,1,1
3448,732361.5,627811.565790246,0.0,0.0,1,1
3449,732361.5,627811.565790246,0.0,0.0,1,1
3450,732361.5,627811.565790246,0.0,0.0,1,1
3451,732361.5,627811.565790246,0.0,0.0,1,1
3452,732361.5,627811.565790246,0.0,0.0,1,1
3453,732361.5,627811.565790246,0.0,0.0,1,1
3454,732361.5,627811.565790246,0.0,0.0,1,1
3455,732361.5,627811.565790246,0.0,0.0,1,1
3456,732448.5,627811.565790246,0.0,0.0,1,1
3457,732448.5,627811.565790246,0.0,0.0,1,1
3458,732448.5,627811.565790246,0.0,0.0,1,1
3459,732448.5,627811.565790246,0.0,0.0,1,1
3460,732448.5,627811.565790246,0.0,0.0,1,1
3461,732448.5,627811.565790246,0.0,0.0,1,1
3462,732448.5,627811.565790246,0.0,0.0,1,1
3463,732448.5,627811.565790246,0.0,0.0,1,1
3464,732448.5,627811.565790246,0.0,0.0,1,1
3465,732448.5,627811.565790246,0.0,0.0,1,1
3466,732458.5,627811.565790246,0.0,0.0,1,1
3467,732458.5,627811.565790246,0.0,0.0,1,1
3468,732458.5,627811.565790246,0.0,0.0,1,1
3469,732553.5,627811.565790246,0.0,0.0,1,1
3470,732553.5,627811.565790246,0.0,0.0,1,1
3471,732553.5,627811.565790246,0.0,0.0,1,1
3472,732551.5,627811.565790246,0.0,0.0,1,1
3473,732551.5,627811.565790246,0.0,0.0,1,1
3474,732551.5,627811.565790246,0.0,0.0,1,1
3475,732551.5,627811.565790246,0.0,0.0,1,1
3476,732551.5,627811.565790246,0.0,0.0,1,1
3477,732551.5,627811.565790246,0.0,0.0,1,1
3478,732551.5,627811.565790246,0.0,0.0,1,1
3479,732551.5,627811.565790246,0.0,0.0,1,1
3480,732551.5,627811.565790246,0.0,0.0,1,1
3481,732551.5,627811.565790246,0.0,0.0,1,1
3482,732551.5,627811.565790246,0.0,0.0,1,1
3483,732551.5,627811.565790246,0.0,0.0,1,1
3484,732551.5,627811.565790246,0.0,0.0,1,1
3485,732551.5,627811.565790246,0.0,0.0,1,1
3486,732539.0,627811.565790246,0.0,0.0,1,1
3487,732539.0,627811.565790246,0.0,0.0,1,1
3488,732539.0,627811.565790246,0.0,0.0,1,1
3489,732539.0,627811.565790246,0.0,0.0,1,1
3490,732539.0,627811.565790246,0.0,0.0,1,1
3491,732539.0,627811.565790246,0.0,0.0,1,1
3492,732539.0,627811.565790246,0.0,0.0,1,1
3493,732431.0,627811.565790246,0.0,0.0,1,1
3494,732431.0,627811.565790246,0.0,0.0,1,1
3495,732431.0,627811.565790246,0.0,0.0,1,1
3496,732431.0,627811.565790246,0.0,0.0,1,1
3497,732431.0,627811.565790246,0.0,0.0,1,1
3498,732431.0,627811.565790246,0.0,0.0,1,1
3499,732431.0,627811.565790246,0.0,0.0,1,1
3500,732152.0,627811.565790246,0.0,0.0,1,1
3501,732152.0,627811.565790246,0.0,0.0,1,1
3502,732152.0,627811.565790246,0.0,0.0,1,1
3503,731894.0,627811.565790246,0.0,0.0,1,1
3504,731894.0,627811.565790246,0.0,0.0,1,1
3505,731894.0,627811.565790246,0.0,0.0,1,1
3506,731894.0,627811.565790246,0.0,0.0,1,1
3507,731894.0,627811.565790246,0.0,0.0,1,1
3508,731894.0,627811.565790246,0.0,0.0,1,1
3509,731894.0,627811.565790246,0.0,0.0,1,1
3510,731894.0,627811.565790246,0.0,0.0,1,1
3511,731894.0,627811.565790246,0.0,0.0,1,1
3512,731894.0,627811.565790246,0.0,0.0,1,1
3513,731894.0,627811.565790246,0.0,0.0,1,1
3514,732592.0,627811.565790246,0.0,0.0,1,1
3515,732592.0,627811.565790246,0.0,0.0,1,1
3516,732592.0,627811.565790246,0.0,0.0,1,1
3517,732592.0,627811.565790246,0.0,0.0,1,1
3518,732796.0,627811.565790246,0.0,0.0,1,1
3519,732796.0,627811.565790246,0.0,0.0,1,1
3520,732796.0,627811.565790246,0.0,0.0,1,1
3521,732943.0,627811.565790246,0.0,0.0,1,1
3522,731948.5,627811.565790246,0.0,0.0,1,1
3523,731022.0,627811.565790246,0.0,0.0,1,1
3524,731022.0,627811.565790246,0.0,0.0,1,1
3525,731022.0,627811.565790246,0.0,0.0,1,1
3526,731022.0,627811.565790246,0.0,0.0,1,1
3527,731022.0,627811.565790246,0.0,0.0,1,1
3528,731022.0,627811.565790246,0.0,0.0,1,1
3529,731022.0,627811.565790246,0.0,0.0,1,1
3530,731022.0,627811.565790246,0.0,0.0,1,1
3531,731022.0,627811.565790246,0.0,0.0,1,1
3532,731022.0,627811.565790246,0.0,0.0,1,1
3533,731022.0,627811.565790246,0.0,0.0,1,1
3534,731022.0,627811.565790246,0.0,0.0,1,1
3535,731022.0,627811.565790246,0.0,0.0,1,1
3536,731022.0,627811.565790246,0.0,0.0,1,1
3537,731022.0,627811.565790246,0.0,0.0,1,1
3538,731022.0,627811.565790246,0.0,0.0,1,1
3539,731007.5,627811.565790246,0.0,0.0,1,1
3540,731007.5,627811.565790246,0.0,0.0,1,1
3541,731007.5,627811.565790246,0.0,0.0,1,1
3542,731007.5,627811.565790246,0.0,0.0,1,1
3543,731007.5,627811.565790246,0.0,0.0,1,1
3544,731007.5,627811.565790246,0.0,0.0,1,1
3545,731007.5,627811.565790246,0.0,0.0,1,1
3546,731007.5,627811.565790246,0.0,0.0,1,1
3547,731007.5,627811.565790246,0.0,0.0,1,1
3548,731007.5,627811.565790246,0.0,0.0,1,1
3549,731007.5,627811.565790246,0.0,0.0,1,1
3550,731007.5,627811.565790246,0.0,0.0,1,1
3551,731007.5,627811.565790246,0.0,0.0,1,1
3552,731007.5,627811.565790246,0.0,0.0,1,1
3553,731007.5,627811.565790246,0.0,0.0,1,1
3554,730396.0,627811.565790246,0.0,0.0,1,1
3555,730396.0,627811.565790246,0.0,0.0,1,1
3556,730396.0,627811.565790246,0.0,0.0,1,1
3557,730396.0,627811.565790246,0.0,0.0,1,1
3558,730396.0,627811.565790246,0.0,0.0,1,1
3559,730396.0,627811.565790246,0.0,0.0,1,1
3560,730396.0,627811.565790246,0.0,0.0,1,1
3561,730310.5,627811.565790246,0.0,0.0,1,1
3562,730310.5,627811.565790246,0.0,0.0,1,1
3563,730310.5,627811.565790246,0.0,0.0,1,1
3564,730310.5,627811.565790246,0.0,0.0,1,1
3565,730310.5,627811.565790246,0.0,0.0,1,1
3566,730310.5,627811.565790246,0.0,0.0,1,1
3567,729348.5,627811.565790246,0.0,0.0,1,1
3568,729348.5,627811.565790246,0.0,0.0,1,1
3569,729348.5,627811.565790246,0.0,0.0,1,1
3570,729348.5,627811.565790246,0.0,0.0,1,1
3571,729348.5,627811.565790246,0.0,0.0,1,1
3572,729348.5,627811.565790246,0.0,0.0,1,1
3573,729348.5,627811.565790246,0.0,0.0,1,1
3574,729348.5,627811.565790246,0.0,0.0,1,1
3575,729348.5,627811.565790246,0.0,0.0,1,1
3576,729348.5,627811.565790246,0.0,0.0,1,1
3577,729348.5,627811.565790246,0.0,0.0,1,1
3578,729348.5,627811.565790246,0.0,0.0,1,1
3579,729348.5,627811.565790246,0.0,0.0,1,1
3580,729348.5,627811.565790246,0.0,0.0,1,1
3581,729348.5,627811.565790246,0.0,0.0,1,1
3582,729348.5,627811.565790246,0.0,0.0,1,1
3583,729348.5,627811.565790246,0.0,0.0,1,1
3584,729348.5,627811.565790246,0.0,0.0,1,1
3585,729348.5,627811.565790246,0.0,0.0,1,1
3586,729348.5,627811.565790246,0.0,0.0,1,1
3587,729348.5,627811.565790246,0.0,0.0,1,1
3588,729348.5,627811.565790246,0.0,0.0,1,1
3589,729348.5,627811.565790246,0.0,0.0,1,1
3590,729348.5,627811.565790246,0.0,0.0,1,1
3591,729348.5,627811.565790246,0.0,0.0,1,1
3592,729348.5,627811.565790246,0.0,0.0,1,1
3593,729348.5,627811.565790246,0.0,0.0,1,1
3594,729348.5,627811.565790246,0.0,0.0,1,1
3595,729348.5,627811.565790246,0.0,0.0,1,1
3596,729348.5,627811.565790246,0.0,0.0,1,1
3597,729348.5,627811.565790246,0.0,0.0,1,1
3598,729348.5,627811.565790246,0.0,0.0,1,1
3599,729348.5,627811.565790246,0.0,0.0,1,1
3600,729348.5,627811.565790246,0.0,0.0,1,1
3601,729348.5,627811.565790246,0.0,0.0,1,1
3602,729348.5,627811.565790246,0.0,0.0,1,1
3603,729348.5,627811.565790246,0.0,0.0,1,1
3604,729348.5,627811.565790246,0.0,0.0,1,1
3605,729348.5,627811.565790246,0.0,0.0,1,1
3606,729348.5,627811.565790246,0.0,0.0,1,1
3607,729348.5,627811.565790246,0.0,0.0,1,1
3608,729348.5,627811.565790246,0.0,0.0,1,1
3609,729348.5,627811.565790246,0.0,0.0,1,1
3610,729348.5,627811.565790246,0.0,0.0,1,1
3611,729348.5,627811.565790246,0.0,0.0,1,1
3612,729348.5,627811.565790246,0.0,0.0,1,1
3613,729348.5,627811.565790246,0.0,0.0,1,1
3614,729348.5,627811.565790246,0.0,0.0,1,1
3615,729348.5,627811.565790246,0.0,0.0,1,1
3616,729384.5,627811.565790246,0.0,0.0,1,1
3617,729384.5,627811.565790246,0.0,0.0,1,1
3618,729384.5,627811.565790246,0.0,0.0,1,1
3619,729384.5,627811.565790246,0.0,0.0,1,1
3620,729384.5,627811.565790246,0.0,0.0,1,1
3621,729384.5,627811.565790246,0.0,0.0,1,1
3622,729384.5,627811.565790246,0.0,0.0,1,1
3623,729384.5,627811.565790246,0.0,0.0,1,1
3624,729384.5,627811.565790246,0.0,0.0,1,1
3625,729384.5,627811.565790246,0.0,0.0,1,1
3626,729384.5,627811.565790246,0.0,0.0,1,1
3627,729384.5,627811.565790246,0.0,0.0,1,1
3628,729384.5,627811.565790246,0.0,0.0,1,1
3629,729384.5,627811.565790246,0.0,0.0,1,1
3630,729384.5,627811.565790246,0.0,0.0,1,1
3631,729384.5,627811.565790246,0.0,0.0,1,1
3632,729384.5,627811.565790246,0.0,0.0,1,1
3633,729384.5,627811.565790246,0.0,0.0,1,1
3634,729384.5,627811.565790246,0.0,0.0,1,1
3635,729384.5,627811.565790246,0.0,0.0,1,1
3636,729384.5,627811.565790246,0.0,0.0,1,1
3637,729384.5,627811.565790246,0.0,0.0,1,1
3638,729384.5,627811.565790246,0.0,0.0,1,1
3639,729384.5,627811.565790246,0.0,0.0,1,1
3640,729384.5,627811.565790246,0.0,0.0,1,1
3641,729384.5,627811.565790246,0.0,0.0,1,1
3642,729384.5,627811.565790246,0.0,0.0,1,1
3643,729384.5,627811.565790246,0.0,0.0,1,1
3644,729384.5,627811.565790246,0.0,0.0,1,1
3645,729384.5,627811.565790246,0.0,0.0,1,1
3646,729384.5,627811.565790246,0.0,0.0,1,1
3647,729384.5,627811.565790246,0.0,0.0,1,1
3648,729384.5,627811.565790246,0.0,0.0,1,1
3649,729384.5,627811.565790246,0.0,0.0,1,1
3650,729384.5,627811.565790246,0.0,0.0,1,1
3651,729384.5,627811.565790246,0.0,0.0,1,1
3652,729356.5,627811.565790246,0.0,0.0,1,1
3653,729356.5,627811.565790246,0.0,0.0,1,1
3654,729356.5,627811.565790246,0.0,0.0,1,1
3655,729356.5,627811.565790246,0.0,0.0,1,1
3656,728843.0,627811.565790246,0.0,0.0,1,1
3657,728843.0,627811.565790246,0.0,0.0,1,1
3658,728843.0,627811.565790246,0.0,0.0,1,1
3659,729312.5,627811.565790246,0.0,0.0,1,1
3660,729312.5,627811.565790246,0.0,0.0,1,1
3661,729312.5,627811.565790246,0.0,0.0,1,1
3662,729312.5,627811.565790246,0.0,0.0,1,1
3663,729312.5,627811.565790246,0.0,0.0,1,1
3664,729121.0,627811.565790246,0.0,0.0,1,1
3665,729121.0,627811.565790246,0.0,0.0,1,1
3666,729121.0,627811.565790246,0.0,0.0,1,1
3667,729121.0,627811.565790246,0.0,0.0,1,1
3668,729121.0,627811.565790246,0.0,0.0,1,1
3669,728911.0,627811.565790246,0.0,0.0,1,1
3670,728911.0,627811.565790246,0.0,0.0,1,1
3671,728912.0,627811.565790246,0.0,0.0,1,1
3672,728912.0,627811.565790246,0.0,0.0,1,1
3673,728912.0,627811.565790246,0.0,0.0,1,1
3674,728912.0,627811.565790246,0.0,0.0,1,1
3675,728912.0,627811.565790246,0.0,0.0,1,1
3676,728912.0,627811.565790246,0.0,0.0,1,1
3677,728912.0,627811.565790246,0.0,0.0,1,1
3678,728912.0,627811.565790246,0.0,0.0,1,1
3679,728912.0,627811.565790246,0.0,0.0,1,1
3680,728912.0,627811.565790246,0.0,0.0,1,1
3681,728912.0,627811.565790246,0.0,0.0,1,1
3682,728912.0,627811.565790246,0.0,0.0,1,1
3683,728912.0,627811.565790246,0.0,0.0,1,1
3684,728912.0,627811.565790246,0.0,0.0,1,1
3685,728912.0,627811.565790246,0.0,0.0,1,1
3686,728912.0,627811.565790246,0.0,0.0,1,1
3687,728912.0,627811.565790246,0.0,0.0,1,1
3688,728912.0,627811.565790246,0.0,0.0,1,1
3689,728912.0,627811.565790246,0.0,0.0,1,1
3690,728912.0,627811.565790246,0.0,0.0,1,1
3691,728912.0,627811.565790246,0.0,0.0,1,1
3692,729482.5,627811.565790246,0.0,0.0,1,1
3693,729447.5,627811.565790246,0.0,0.0,1,1
3694,729447.5,627811.565790246,0.0,0.0,1,1
3695,729447.5,627811.565790246,0.0,0.0,1,1
3696,729447.5,627811.565790246,0.0,0.0,1,1
3697,729447.5,627811.565790246,0.0,0.0,1,1
3698,729447.5,627811.565790246,0.0,0.0,1,1
3699,729447.5,627811.565790246,0.0,0.0,1,1
3700,729447.5,627811.565790246,0.0,0.0,1,1
3701,729447.5,627811.565790246,0.0,0.0,1,1
3702,729447.5,627811.565790246,0.0,0.0,1,1
3703,730516.0,627811.565790246,0.0,0.0,1,1
3704,730516.0,627811.565790246,0.0,0.0,1,1
3705,730516.0,627811.565790246,0.0,0.0,1,1
3706,730516.0,627811.565790246,0.0,0.0,1,1
3707,730516.0,627811.565790246,0.0,0.0,1,1
3708,730608.5,627811.565790246,0.0,0.0,1,1
3709,730608.5,627811.565790246,0.0,0.0,1,1
3710,730608.5,627811.565790246,0.0,0.0,1,1
3711,730667.0,627811.565790246,0.0,0.0,1,1
3712,730667.0,627811.565790246,0.0,0.0,1,1
3713,730667.0,627811.565790246,0.0,0.0,1,1
3714,730667.0,627811.565790246,0.0,0.0,1,1
3715,730667.0,627811.565790246,0.0,0.0,1,1
3716,730667.0,627811.565790246,0.0,0.0,1,1
3717,730667.0,627811.565790246,0.0,0.0,1,1
3718,730667.0,627811.565790246,0.0,0.0,1,1
3719,730667.0,627811.565790246,0.0,0.0,1,1
3720,730667.0,627811.565790246,0.0,0.0,1,1
3721,730667.0,627811.565790246,0.0,0.0,1,1
3722,730667.0,627811.565790246,0.0,0.0,1,1
3723,730667.0,627811.565790246,0.0,0.0,1,1
3724,730667.0,627811.565790246,0.0,0.0,1,1
3725,730667.0,627811.565790246,0.0,0.0,1,1
3726,730667.0,627811.565790246,0.0,0.0,1,1
3727,730667.0,627811.565790246,0.0,0.0,1,1
3728,730833.0,627811.565790246,0.0,0.0,1,1
3729,730833.0,627811.565790246,0.0,0.0,1,1
3730,730833.0,627811.565790246,0.0,0.0,1,1
3731,730833.0,627811.565790246,0.0,0.0,1,1
3732,730833.0,627811.565790246,0.0,0.0,1,1
3733,730833.0,627811.565790246,0.0,0.0,1,1
3734,730833.0,627811.565790246,0.0,0.0,1,1
3735,730833.0,627811.565790246,0.0,0.0,1,1
3736,731366.0,627811.565790246,0.0,0.0,1,1
3737,731366.0,627811.565790246,0.0,0.0,1,1
3738,731366.0,627811.565790246,0.0,0.0,1,1
3739,731366.0,627811.565790246,0.0,0.0,1,1
3740,731366.0,627811.565790246,0.0,0.0,1,1
3741,731366.0,627811.565790246,0.0,0.0,1,1
3742,731366.0,627811.565790246,0.0,0.0,1,1
3743,731366.0,627811.565790246,0.0,0.0,1,1
3744,730855.0,627811.565790246,0.0,0.0,1,1
3745,730855.0,627811.565790246,0.0,0.0,1,1
3746,730855.0,627811.565790246,0.0,0.0,1,1
3747,730855.0,627811.565790246,0.0,0.0,1,1
3748,730855.0,627811.565790246,0.0,0.0,1,1
3749,730855.0,627811.565790246,0.0,0.0,1,1
3750,730855.0,627811.565790246,0.0,0.0,1,1
3751,730855.0,627811.565790246,0.0,0.0,1,1
3752,730855.0,627811.565790246,0.0,0.0,1,1
3753,730855.0,627811.565790246,0.0,0.0,1,1
3754,730855.0,627811.565790246,0.0,0.0,1,1
3755,730855.0,627811.565790246,0.0,0.0,1,1
3756,730855.0,627811.565790246,0.0,0.0,1,1
3757,730855.0,627811.565790246,0.0,0.0,1,1
3758,730855.0,627811.565790246,0.0,0.0,1,1
3759,732747.5,627811.565790246,0.0,0.0,1,1
3760,732747.5,627811.565790246,0.0,0.0,1,1
3761,732747.5,627811.565790246,0.0,0.0,1,1
3762,732747.5,627811.565790246,0.0,0.0,1,1
3763,732747.5,627811.565790246,0.0,0.0,1,1
3764,732747.5,627811.565790246,0.0,0.0,1,1
3765,732747.5,627811.565790246,0.0,0.0,1,1
3766,732747.5,627811.565790246,0.0,0.0,1,1
3767,732106.0,627811.565790246,0.0,0.0,1,1
3768,732106.0,627811.565790246,0.0,0.0,1,1
3769,732043.0,627811.565790246,0.0,0.0,1,1
3770,732043.0,627811.565790246,0.0,0.0,1,1
3771,732043.0,627811.565790246,0.0,0.0,1,1
3772,732043.0,627811.565790246,0.0,0.0,1,1
3773,731557.0,627811.565790246,0.0,0.0,1,1
3774,734232.5,627811.565790246,0.0,0.0,1,1
3775,734232.5,627811.565790246,0.0,0.0,1,1
3776,734232.5,627811.565790246,0.0,0.0,1,1
3777,734232.5,627811.565790246,0.0,0.0,1,1
3778,734232.5,627811.565790246,0.0,0.0,1,1
3779,734232.5,627811.565790246,0.0,0.0,1,1
3780,734452.5,627811.565790246,0.0,0.0,1,1
3781,734452.5,627811.565790246,0.0,0.0,1,1
3782,734452.5,627811.565790246,0.0,0.0,1,1
3783,734452.5,627811.565790246,0.0,0.0,1,1
3784,734452.5,627811.565790246,0.0,0.0,1,1
3785,734452.5,627811.565790246,0.0,0.0,1,1
3786,734452.5,627811.565790246,0.0,0.0,1,1
3787,734452.5,627811.565790246,0.0,0.0,1,1
3788,734452.5,627811.565790246,0.0,0.0,1,1
3789,734452.5,627811.565790246,0.0,0.0,1,1
3790,734452.5,627811.565790246,0.0,0.0,1,1
3791,734452.5,627811.565790246,0.0,0.0,1,1
3792,734452.5,627811.565790246,0.0,0.0,1,1
3793,734452.5,627811.565790246,0.0,0.0,1,1
3794,734452.5,627811.565790246,0.0,0.0,1,1
3795,734452.5,627811.565790246,0.0,0.0,1,1
3796,734452.5,627811.565790246,0.0,0.0,1,1
3797,734452.5,627811.565790246,0.0,0.0,1,1
3798,733898.0,627811.565790246,0.0,0.0,1,1
3799,733898.0,627811.565790246,0.0,0.0,1,1
3800,733898.0,627811.565790246,0.0,0.0,1,1
3801,733898.0,627811.565790246,0.0,0.0,1,1
3802,733898.0,627811.565790246,0.0,0.0,1,1
3803,733898.0,627811.565790246,0.0,0.0,1,1
3804,733898.0,627811.565790246,0.0,0.0,1,1
3805,733898.0,627811.565790246,0.0,0.0,1,1
3806,733898.0,627811.565790246,0.0,0.0,1,1
3807,733898.0,627811.565790246,0.0,0.0,1,1
3808,733898.0,627811.565790246,0.0,0.0,1,1
3809,733898.0,627811.565790246,0.0,0.0,1,1
3810,733898.0,627811.565790246,0.0,0.0,1,1
3811,733898.0,627811.565790246,0.0,0.0,1,1
3812,733898.0,627811.565790246,0.0,0.0,1,1
3813,734060.5,627811.565790246,0.0,0.0,1,1
3814,734060.5,627811.565790246,0.0,0.0,1,1
3815,734060.5,627811.565790246,0.0,0.0,1,1
3816,734060.5,627811.565790246,0.0,0.0,1,1
3817,734060.5,627811.565790246,0.0,0.0,1,1
3818,734060.5,627811.565790246,0.0,0.0,1,1
3819,734060.5,627811.565790246,0.0,0.0,1,1
3820,734060.5,627811.565790246,0.0,0.0,1,1
3821,734060.5,627811.565790246,0.0,0.0,1,1
3822,734060.5,627811.565790246,0.0,0.0,1,1
3823,734060.5,627811.565790246,0.0,0.0,1,1
3824,734060.5,627811.565790246,0.0,0.0,1,1
3825,734054.5,627811.565790246,0.0,0.0,1,1
3826,734054.5,627811.565790246,0.0,0.0,1,1
3827,734054.5,627811.565790246,0.0,0.0,1,1
3828,734054.5,627811.565790246,0.0,0.0,1,1
3829,734054.5,627811.565790246,0.0,0.0,1,1
3830,734054.5,627811.565790246,0.0,0.0,1,1
3831,734054.5,627811.565790246,0.0,0.0,1,1
3832,734054.5,627811.565790246,0.0,0.0,1,1
3833,734054.5,627811.565790246,0.0,0.0,1,1
3834,734054.5,627811.565790246,0.0,0.0,1,1
3835,734054.5,627811.565790246,0.0,0.0,1,1
3836,734054.5,627811.565790246,0.0,0.0,1,1
3837,734054.5,627811.565790246,0.0,0.0,1,1
3838,734054.5,627811.565790246,0.0,0.0,1,1
3839,733930.5,627811.565790246,0.0,0.0,1,1
3840,733930.5,627811.565790246,0.0,0.0,1,1
3841,736336.5,627811.565790246,0.0,0.0,1,1
3842,736336.5,627811.565790246,0.0,0.0,1,1
3843,736336.5,627811.565790246,0.0,0.0,1,1
3844,736336.5,627811.565790246,0.0,0.0,1,1
3845,736336.5,627811.565790246,0.0,0.0,1,1
3846,736336.5,627811.565790246,0.0,0.0,1,1
3847,736336.5,627811.565790246,0.0,0.0,1,1
3848,736336.5,627811.565790246,0.0,0.0,1,1
3849,735401.0,627811.565790246,0.0,0.0,1,1
3850,735401.0,627811.565790246,0.0,0.0,1,1
3851,735401.0,627811.565790246,0.0,0.0,1,1
3852,735401.0,627811.565790246,0.0,0.0,1,1
3853,735401.0,627811.565790246,0.0,0.0,1,1
3854,735401.0,627811.565790246,0.0,0.0,1,1
3855,735401.0,627811.565790246,0.0,0.0,1,1
3856,735401.0,627811.565790246,0.0,0.0,1,1
3857,735401.0,627811.565790246,0.0,0.0,1,1
3858,735457.0,627811.565790246,0.0,0.0,1,1
3859,735457.0,627811.565790246,0.0,0.0,1,1
3860,735457.0,627811.565790246,0.0,0.0,1,1
3861,735457.0,627811.565790246,0.0,0.0,1,1
3862,735111.0,627811.565790246,0.0,0.0,1,1
3863,735111.0,627811.565790246,0.0,0.0,1,1
3864,735111.0,627811.565790246,0.0,0.0,1,1
3865,735111.0,627811.565790246,0.0,0.0,1,1
3866,735111.0,627811.565790246,0.0,0.0,1,1
3867,735111.0,627811.565790246,0.0,0.0,1,1
3868,735111.0,627811.565790246,0.0,0.0,1,1
3869,735111.0,627811.565790246,0.0,0.0,1,1
3870,735111.0,627811.565790246,0.0,0.0,1,1
3871,735111.0,627811.565790246,0.0,0.0,1,1
3872,735111.0,627811.565790246,0.0,0.0,1,1
3873,735111.0,627811.565790246,0.0,0.0,1,1
3874,735111.0,627811.565790246,0.0,0.0,1,1
3875,735111.0,627811.565790246,0.0,0.0,1,1
3876,735111.0,627811.565790246,0.0,0.0,1,1
3877,735111.0,627811.565790246,0.0,0.0,1,1
3878,735111.0,627811.565790246,0.0,0.0,1,1
3879,734909.0,627811.565790246,0.0,0.0,1,1
3880,734909.0,627811.565790246,0.0,0.0,1,1
3881,734909.0,627811.565790246,0.0,0.0,1,1
3882,734909.0,627811.565790246,0.0,0.0,1,1
3883,734909.0,627811.565790246,0.0,0.0,1,1
3884,734909.0,627811.565790246,0.0,0.0,1,1
3885,735336.0,627811.565790246,0.0,0.0,1,1
3886,735336.0,627811.565790246,0.0,0.0,1,1
3887,735336.0,627811.565790246,0.0,0.0,1,1
3888,735336.0,627811.565790246,0.0,0.0,1,1
3889,735336.0,627811.565790246,0.0,0.0,1,1
3890,735336.0,627811.565790246,0.0,0.0,1,1
3891,735336.0,627811.565790246,0.0,0.0,1,1
3892,735336.0,627811.565790246,0.0,0.0,1,1
3893,735336.0,627811.565790246,0.0,0.0,1,1
3894,735336.0,627811.565790246,0.0,0.0,1,1
3895,735336.0,627811.565790246,0.0,0.0,1,1
3896,737003.0,627811.565790246,0.0,0.0,1,1
3897,737252.5,627811.565790246,0.0,0.0,1,1
3898,737252.5,627811.565790246,0.0,0.0,1,1
3899,737252.5,627811.565790246,0.0,0.0,1,1
3900,737252.5,627811.565790246,0.0,0.0,1,1
3901,737252.5,627811.565790246,0.0,0.0,1,1
3902,737252.5,627811.565790246,0.0,0.0,1,1
3903,737252.5,627811.565790246,0.0,0.0,1,1
3904,737252.5,627811.565790246,0.0,0.0,1,1
3905,737252.5,627811.565790246,0.0,0.0,1,1
3906,737252.5,627811.565790246,0.0,0.0,1,1
3907,737252.5,627811.565790246,0.0,0.0,1,1
3908,737138.5,627811.565790246,0.0,0.0,1,1
3909,737138.5,627811.565790246,0.0,0.0,1,1
3910,737138.5,627811.565790246,0.0,0.0,1,1
3911,737138.5,627811.565790246,0.0,0.0,1,1
3912,737138.5,627811.565790246,0.0,0.0,1,1
3913,737138.5,627811.565790246,0.0,0.0,1,1
3914,737138.5,627811.565790246,0.0,0.0,1,1
3915,737138.5,627811.565790246,0.0,0.0,1,1
3916,737138.5,627811.565790246,0.0,0.0,1,1
3917,737138.5,627811.565790246,0.0,0.0,1,1
3918,737138.5,627811.565790246,0.0,0.0,1,1
3919,737138.5,627811.565790246,0.0,0.0,1,1
3920,737164.5,627811.565790246,0.0,0.0,1,1
3921,737164.5,627811.565790246,0.0,0.0,1,1
3922,737164.5,627811.565790246,0.0,0.0,1,1
3923,737164.5,627811.565790246,0.0,0.0,1,1
3924,738149.0,627811.565790246,0.0,0.0,1,1
3925,738149.0,627811.565790246,0.0,0.0,1,1
3926,738149.0,627811.565790246,0.0,0.0,1,1
3927,738149.0,627811.565790246,0.0,0.0,1,1
3928,738149.0,627811.565790246,0.0,0.0,1,1
3929,738149.0,627811.565790246,0.0,0.0,1,1
3930,738149.0,627811.565790246,0.0,0.0,1,1
3931,738149.0,627811.565790246,0.0,0.0,1,1
3932,738149.0,627811.565790246,0.0,0.0,1,1
3933,738149.0,627811.565790246,0.0,0.0,1,1
3934,738149.0,627811.565790246,0.0,0.0,1,1
3935,738149.0,627811.565790246,0.0,0.0,1,1
3936,738149.0,627811.565790246,0.0,0.0,1,1
3937,738149.0,627811.565790246,0.0,0.0,1,1
3938,738149.0,627811.565790246,0.0,0.0,1,1
3939,738149.0,627811.565790246,0.0,0.0,1,1
3940,738149.0,627811.565790246,0.0,0.0,1,1
3941,738149.0,627811.565790246,0.0,0.0,1,1
3942,738149.0,627811.565790246,0.0,0.0,1,1
3943,738149.0,627811.565790246,0.0,0.0,1,1
3944,738149.0,627811.565790246,0.0,0.0,1,1
3945,738149.0,627811.565790246,0.0,0.0,1,1
3946,738149.0,627811.565790246,0.0,0.0,1,1
3947,738149.0,627811.565790246,0.0,0.0,1,1
3948,738149.0,627811.565790246,0.0,0.0,1,1
3949,738149.0,627811.565790246,0.0,0.0,1,1
3950,738149.0,627811.565790246,0.0,0.0,1,1
3951,738149.0,627811.565790246,0.0,0.0,1,1
3952,738149.0,627811.565790246,0.0,0.0,1,1
3953,738149.0,627811.565790246,0.0,0.0,1,1
3954,738149.0,627811.565790246,0.0,0.0,1,1
3955,738149.0,627811.565790246,0.0,0.0,1,1
3956,738149.0,627811.565790246,0.0,0.0,1,1
3957,738149.0,627811.565790246,0.0,0.0,1,1
3958,738149.0,627811.565790246,0.0,0.0,1,1
3959,738149.0,627811.565790246,0.0,0.0,1,1
3960,738149.0,627811.565790246,0.0,0.0,1,1
3961,738144.0,627811.565790246,0.0,0.0,1,1
3962,738144.0,627811.565790246,0.0,0.0,1,1
3963,738144.0,627811.565790246,0.0,0.0,1,1
3964,738144.0,627811.565790246,0.0,0.0,1,1
3965,738144.0,627811.565790246,0.0,0.0,1,1
3966,738144.0,627811.565790246,0.0,0.0,1,1
3967,738144.0,627811.565790246,0.0,0.0,1,1
3968,738144.0,627811.565790246,0.0,0.0,1,1
3969,738144.0,627811.565790246,0.0,0.0,1,1
3970,738144.0,627811.565790246,0.0,0.0,1,1
3971,738144.0,627811.565790246,0.0,0.0,1,1
3972,738144.0,627811.565790246,0.0,0.0,1,1
3973,738410.5,627811.565790246,0.0,0.0,1,1
3974,738410.5,627811.565790246,0.0,0.0,1,1
3975,738410.5,627811.565790246,0.0,0.0,1,1
3976,738410.5,627811.565790246,0.0,0.0,1,1
3977,738410.5,627811.565790246,0.0,0.0,1,1
3978,738410.5,627811.565790246,0.0,0.0,1,1
3979,738410.5,627811.565790246,0.0,0.0,1,1
3980,738410.5,627811.565790246,0.0,0.0,1,1
3981,738410.5,627811.565790246,0.0,0.0,1,1
3982,744119.0,627811.565790246,0.0,0.0,1,1
3983,744119.0,627811.565790246,0.0,0.0,1,1
3984,744119.0,627811.565790246,0.0,0.0,1,1
3985,744119.0,627811.565790246,0.0,0.0,1,1
3986,744119.0,627811.565790246,0.0,0.0,1,1
3987,744119.0,627811.565790246,0.0,0.0,1,1
3988,744119.0,627811.565790246,0.0,0.0,1,1
3989,744119.0,627811.565790246,0.0,0.0,1,1
3990,744119.0,627811.565790246,0.0,0.0,1,1
3991,744119.0,627811.565790246,0.0,0.0,1,1
3992,744119.0,627811.565790246,0.0,0.0,1,1
3993,744119.0,627811.565790246,0.0,0.0,1,1
3994,744119.0,627811.565790246,0.0,0.0,1,1
3995,744119.0,627811.565790246,0.0,0.0,1,1
3996,744119.0,627811.565790246,0.0,0.0,1,1
3997,744119.0,627811.565790246,0.0,0.0,1,1
3998,744119.0,627811.565790246,0.0,0.0,1,1
3999,744119.0,627811.565790246,0.0,0.0,1,1
4000,744119.0,627811.565790246,0.0,0.0,1,1
4001,744119.0,627811.565790246,0.0,0.0,1,1
4002,744119.0,627811.565790246,0.0,0.0,1,1
4003,744119.0,627811.565790246,0.0,0.0,1,1
4004,744119.0,627811.565790246,0.0,0.0,1,1
4005,744119.0,627811.565790246,0.0,0.0,1,1
4006,744119.0,627811.565790246,0.0,0.0,1,1
4007,744119.0,627811.565790246,0.0,0.0,1,1
4008,744119.0,627811.565790246,0.0,0.0,1,1
4009,744119.0,627811.565790246,0.0,0.0,1,1
4010,744119.0,627811.565790246,0.0,0.0,1,1
4011,744119.0,627811.565790246,0.0,0.0,1,1
4012,744119.0,627811.565790246,0.0,0.0,1,1
4013,744119.0,627811.565790246,0.0,0.0,1,1
4014,744119.0,627811.565790246,0.0,0.0,1,1
4015,744119.0,627811.565790246,0.0,0.0,1,1
4016,744119.0,627811.565790246,0.0,0.0,1,1
4017,744119.0,627811.565790246,0.0,0.0,1,1
4018,744119.0,627811.565790246,0.0,0.0,1,1
4019,744119.0,627811.565790246,0.0,0.0,1,1
4020,744119.0,627811.565790246,0.0,0.0,1,1
4021,744119.0,627811.565790246,0.0,0.0,1,1
4022,744078.0,627811.565790246,0.0,0.0,1,1
4023,744078.0,627811.565790246,0.0,0.0,1,1
4024,744078.0,627811.565790246,0.0,0.0,1,1
4025,744016.0,627811.565790246,0.0,0.0,1,1
4026,744016.0,627811.565790246,0.0,0.0,1,1
4027,744016.0,627811.565790246,0.0,0.0,1,1
4028,744016.0,627811.565790246,0.0,0.0,1,1
4029,744016.0,627811.565790246,0.0,0.0,1,1
4030,744016.0,627811.565790246,0.0,0.0,1,1
4031,744016.0,627811.565790246,0.0,0.0,1,1
4032,744016.0,627811.565790246,0.0,0.0,1,1
4033,744016.0,627811.565790246,0.0,0.0,1,1
4034,744016.0,627811.565790246,0.0,0.0,1,1
4035,744016.0,627811.565790246,0.0,0.0,1,1
4036,744393.5,627811.565790246,0.0,0.0,1,1
4037,744393.5,627811.565790246,0.0,0.0,1,1
4038,744393.5,627811.565790246,0.0,0.0,1,1
4039,744651.5,627811.565790246,0.0,0.0,1,1
4040,744651.5,627811.565790246,0.0,0.0,1,1
4041,744651.5,627811.565790246,0.0,0.0,1,1
4042,745771.0,627811.565790246,0.0,0.0,1,1
4043,745771.0,627811.565790246,0.0,0.0,1,1
4044,745771.0,627811.565790246,0.0,0.0,1,1
4045,745771.0,627811.565790246,0.0,0.0,1,1
4046,745771.0,627811.565790246,0.0,0.0,1,1
4047,745771.0,627811.565790246,0.0,0.0,1,1
4048,745771.0,627811.565790246,0.0,0.0,1,1
4049,745771.0,627811.565790246,0.0,0.0,1,1
4050,745771.0,627811.565790246,0.0,0.0,1,1
4051,745771.0,627811.565790246,0.0,0.0,1,1
4052,745771.0,627811.565790246,0.0,0.0,1,1
4053,745377.0,627811.565790246,0.0,0.0,1,1
4054,745377.0,627811.565790246,0.0,0.0,1,1
4055,745377.0,627811.565790246,0.0,0.0,1,1
4056,745377.0,627811.565790246,0.0,0.0,1,1
4057,745377.0,627811.565790246,0.0,0.0,1,1
4058,745377.0,627811.565790246,0.0,0.0,1,1
4059,745377.0,627811.565790246,0.0,0.0,1,1
4060,745377.0,627811.565790246,0.0,0.0,1,1
4061,745377.0,627811.565790246,0.0,0.0,1,1
4062,745377.0,627811.565790246,0.0,0.0,1,1
4063,745189.0,627811.565790246,0.0,0.0,1,1
4064,745936.0,627811.565790246,0.0,0.0,1,1
4065,745936.0,627811.565790246,0.0,0.0,1,1
4066,745936.0,627811.565790246,0.0,0.0,1,1
4067,745936.0,627811.565790246,0.0,0.0,1,1
4068,737579.5,627811.565790246,0.0,0.0,1,1
4069,737579.5,627811.565790246,0.0,0.0,1,1
4070,737579.5,627811.565790246,0.0,0.0,1,1
4071,737579.5,627811.565790246,0.0,0.0,1,1
4072,737579.5,627811.565790246,0.0,0.0,1,1
4073,737579.5,627811.565790246,0.0,0.0,1,1
4074,737579.5,627811.565790246,0.0,0.0,1,1
4075,737579.5,627811.565790246,0.0,0.0,1,1
4076,737579.5,627811.565790246,0.0,0.0,1,1
4077,737579.5,627811.565790246,0.0,0.0,1,1
4078,737579.5,627811.565790246,0.0,0.0,1,1
4079,737579.5,627811.565790246,0.0,0.0,1,1
4080,737579.5,627811.565790246,0.0,0.0,1,1
4081,737579.5,627811.565790246,0.0,0.0,1,1
4082,737579.5,627811.565790246,0.0,0.0,1,1
4083,737579.5,627811.565790246,0.0,0.0,1,1
4084,737579.5,627811.565790246,0.0,0.0,1,1
4085,737579.5,627811.565790246,0.0,0.0,1,1
4086,737579.5,627811.565790246,0.0,0.0,1,1
4087,737579.5,627811.565790246,0.0,0.0,1,1
4088,737579.5,627811.565790246,0.0,0.0,1,1
4089,737776.5,627811.565790246,0.0,0.0,1,1
4090,737776.5,627811.565790246,0.0,0.0,1,1
4091,737776.5,627811.565790246,0.0,0.0,1,1
4092,737849.5,627811.565790246,0.0,0.0,1,1
4093,737849.5,627811.565790246,0.0,0.0,1,1
4094,737849.5,627811.565790246,0.0,0.0,1,1
4095,737849.5,627811.565790246,0.0,0.0,1,1
4096,737849.5,627811.565790246,0.0,0.0,1,1
4097,737849.5,627811.565790246,0.0,0.0,1,1
4098,737849.5,627811.565790246,0.0,0.0,1,1
4099,737849.5,627811.565790246,0.0,0.0,1,1
4100,737849.5,627811.565790246,0.0,0.0,1,1
4101,736784.5,627811.565790246,0.0,0.0,1,1
4102,736784.5,627811.565790246,0.0,0.0,1,1
4103,736784.5,627811.565790246,0.0,0.0,1,1
4104,736784.5,627811.565790246,0.0,0.0,1,1
4105,736784.5,627811.565790246,0.0,0.0,1,1
4106,736784.5,627811.565790246,0.0,0.0,1,1
4107,736784.5,627811.565790246,0.0,0.0,1,1
4108,736784.5,627811.565790246,0.0,0.0,1,1
4109,736784.5,627811.565790246,0.0,0.0,1,1
4110,736784.5,627811.565790246,0.0,0.0,1,1
4111,736784.5,627811.565790246,0.0,0.0,1,1
4112,736784.5,627811.565790246,0.0,0.0,1,1
4113,736784.5,627811.565790246,0.0,0.0,1,1
4114,736784.5,627811.565790246,0.0,0.0,1,1
4115,736784.5,627811.565790246,0.0,0.0,1,1
4116,736784.5,627811.565790246,0.0,0.0,1,1
4117,736784.5,627811.565790246,0.0,0.0,1,1
4118,735900.5,627811.565790246,0.0,0.0,1,1
4119,735900.5,627811.565790246,0.0,0.0,1,1
4120,735900.5,627811.565790246,0.0,0.0,1,1
4121,735900.5,627811.565790246,0.0,0.0,1,1
4122,735900.5,627811.565790246,0.0,0.0,1,1
4123,735900.5,627811.565790246,0.0,0.0,1,1
4124,735900.5,627811.565790246,0.0,0.0,1,1
4125,735887.5,627811.565790246,0.0,0.0,1,1
4126,735887.5,627811.565790246,0.0,0.0,1,1
4127,738296.5,627811.565790246,0.0,0.0,1,1
4128,738296.5,627811.565790246,0.0,0.0,1,1
4129,738296.5,627811.565790246,0.0,0.0,1,1
4130,738296.5,627811.565790246,0.0,0.0,1,1
4131,738296.5,627811.565790246,0.0,0.0,1,1
4132,738296.5,627811.565790246,0.0,0.0,1,1
4133,738296.5,627811.565790246,0.0,0.0,1,1
4134,738296.5,627811.565790246,0.0,0.0,1,1
4135,738433.5,627811.565790246,0.0,0.0,1,1
4136,738433.5,627811.565790246,0.0,0.0,1,1
4137,738433.5,627811.565790246,0.0,0.0,1,1
4138,738433.5,627811.565790246,0.0,0.0,1,1
4139,738433.5,627811.565790246,0.0,0.0,1,1
4140,738433.5,627811.565790246,0.0,0.0,1,1
4141,738433.5,627811.565790246,0.0,0.0,1,1
4142,738433.5,627811.565790246,0.0,0.0,1,1
4143,738433.5,627811.565790246,0.0,0.0,1,1
4144,738433.5,627811.565790246,0.0,0.0,1,1
4145,738433.5,627811.565790246,0.0,0.0,1,1
4146,738433.5,627811.565790246,0.0,0.0,1,1
4147,738433.5,627811.565790246,0.0,0.0,1,1
4148,738433.5,627811.565790246,0.0,0.0,1,1
4149,738433.5,627811.565790246,0.0,0.0,1,1
4150,738433.5,627811.565790246,0.0,0.0,1,1
4151,738433.5,627811.565790246,0.0,0.0,1,1
4152,738433.5,627811.565790246,0.0,0.0,1,1
4153,738433.5,627811.565790246,0.0,0.0,1,1
4154,738433.5,627811.565790246,0.0,0.0,1,1
4155,738433.5,627811.565790246,0.0,0.0,1,1
4156,738433.5,627811.565790246,0.0,0.0,1,1
4157,738433.5,627811.565790246,0.0,0.0,1,1
4158,738433.5,627811.565790246,0.0,0.0,1,1
4159,738433.5,627811.565790246,0.0,0.0,1,1
4160,738433.5,627811.565790246,0.0,0.0,1,1
4161,738433.5,627811.565790246,0.0,0.0,1,1
4162,738433.5,627811.565790246,0.0,0.0,1,1
4163,738433.5,627811.565790246,0.0,0.0,1,1
4164,738433.5,627811.565790246,0.0,0.0,1,1
4165,738433.5,627811.565790246,0.0,0.0,1,1
4166,738433.5,627811.565790246,0.0,0.0,1,1
4167,738701.5,627811.565790246,0.0,0.0,1,1
4168,738701.5,627811.565790246,0.0,0.0,1,1
4169,738701.5,627811.565790246,0.0,0.0,1,1
4170,738701.5,627811.565790246,0.0,0.0,1,1
4171,738701.5,627811.565790246,0.0,0.0,1,1
4172,738701.5,627811.565790246,0.0,0.0,1,1
4173,738701.5,627811.565790246,0.0,0.0,1,1
4174,738701.5,627811.565790246,0.0,0.0,1,1
4175,738701.5,627811.565790246,0.0,0.0,1,1
4176,738701.5,627811.565790246,0.0,0.0,1,1
4177,742710.0,627811.565790246,0.0,0.0,1,1
4178,742710.0,627811.565790246,0.0,0.0,1,1
4179,742710.0,627811.565790246,0.0,0.0,1,1
4180,742710.0,627811.565790246,0.0,0.0,1,1
4181,742963.5,627811.565790246,0.0,0.0,1,1
4182,742963.5,627811.565790246,0.0,0.0,1,1
4183,742956.5,627811.565790246,0.0,0.0,1,1
4184,742956.5,627811.565790246,0.0,0.0,1,1
4185,742956.5,627811.565790246,0.0,0.0,1,1
4186,742956.5,627811.565790246,0.0,0.0,1,1
4187,742956.5,627811.565790246,0.0,0.0,1,1
4188,742590.5,627811.565790246,0.0,0.0,1,1
4189,742590.5,627811.565790246,0.0,0.0,1,1
4190,742590.5,627811.565790246,0.0,0.0,1,1
4191,742590.5,627811.565790246,0.0,0.0,1,1
4192,742590.5,627811.565790246,0.0,0.0,1,1
4193,742590.5,627811.565790246,0.0,0.0,1,1
4194,744795.0,627811.565790246,0.0,0.0,1,1
4195,744795.0,627811.565790246,0.0,0.0,1,1
4196,744795.0,627811.565790246,0.0,0.0,1,1
4197,744795.0,627811.565790246,0.0,0.0,1,1
4198,744142.0,627811.565790246,0.0,0.0,1,1
4199,744142.0,627811.565790246,0.0,0.0,1,1
4200,744142.0,627811.565790246,0.0,0.0,1,1
4201,744142.0,627811.565790246,0.0,0.0,1,1
4202,744142.0,627811.565790246,0.0,0.0,1,1
4203,744142.0,627811.565790246,0.0,0.0,1,1
4204,744142.0,627811.565790246,0.0,0.0,1,1
4205,744142.0,627811.565790246,0.0,0.0,1,1
4206,744142.0,627811.565790246,0.0,0.0,1,1
4207,744142.0,627811.565790246,0.0,0.0,1,1
4208,744142.0,627811.565790246,0.0,0.0,1,1
4209,744142.0,627811.565790246,0.0,0.0,1,1
4210,744142.0,627811.565790246,0.0,0.0,1,1
4211,744142.0,627811.565790246,0.0,0.0,1,1
4212,744142.0,627811.565790246,0.0,0.0,1,1
4213,744142.0,627811.565790246,0.0,0.0,1,1
4214,744142.0,627811.565790246,0.0,0.0,1,1
4215,744142.0,627811.565790246,0.0,0.0,1,1
4216,744142.0,627811.565790246,0.0,0.0,1,1
4217,744142.0,627811.565790246,0.0,0.0,1,1
4218,744142.0,627811.565790246,0.0,0.0,1,1
4219,744109.5,627811.565790246,0.0,0.0,1,1
4220,744109.5,627811.565790246,0.0,0.0,1,1
4221,744109.5,627811.565790246,0.0,0.0,1,1
4222,744486.0,627811.565790246,0.0,0.0,1,1
4223,744486.0,627811.565790246,0.0,0.0,1,1
4224,744486.0,627811.565790246,0.0,0.0,1,1
4225,744486.0,627811.565790246,0.0,0.0,1,1
4226,744486.0,627811.565790246,0.0,0.0,1,1
4227,744486.0,627811.565790246,0.0,0.0,1,1
4228,744486.0,627811.565790246,0.0,0.0,1,1
4229,744486.0,627811.565790246,0.0,0.0,1,1
4230,744486.0,627811.565790246,0.0,0.0,1,1
4231,744486.0,627811.565790246,0.0,0.0,1,1
4232,744486.0,627811.565790246,0.0,0.0,1,1
4233,744486.0,627811.565790246,0.0,0.0,1,1
4234,744486.0,627811.565790246,0.0,0.0,1,1
4235,744804.5,627811.565790246,0.0,0.0,1,1
4236,744520.5,627811.565790246,0.0,0.0,1,1
4237,744520.5,627811.565790246,0.0,0.0,1,1
4238,744520.5,627811.565790246,0.0,0.0,1,1
4239,744520.5,627811.565790246,0.0,0.0,1,1
4240,744520.5,627811.565790246,0.0,0.0,1,1
4241,744520.5,627811.565790246,0.0,0.0,1,1
4242,744520.5,627811.565790246,0.0,0.0,1,1
4243,744520.5,627811.565790246,0.0,0.0,1,1
4244,744520.5,627811.565790246,0.0,0.0,1,1
4245,744520.5,627811.565790246,0.0,0.0,1,1
4246,744520.5,627811.565790246,0.0,0.0,1,1
4247,744520.5,627811.565790246,0.0,0.0,1,1
4248,744520.5,627811.565790246,0.0,0.0,1,1
4249,757264.0,627811.565790246,0.0,0.0,1,1
4250,756952.5526321968,627811.565790246,0.0,0.0,1,1
4251,756746.0526321968,627811.565790246,0.0,0.0,1,1
4252,756746.0526321968,627811.565790246,0.0,0.0,1,1
4253,756746.0526321968,627811.565790246,0.0,0.0,1,1
4254,756746.0526321968,627811.565790246,0.0,0.0,1,1
4255,756746.0526321968,627811.565790246,0.0,0.0,1,1
4256,756746.0526321968,627811.565790246,0.0,0.0,1,1
4257,756764.5526321968,627811.565790246,0.0,0.0,1,1
4258,756764.5526321968,627811.565790246,0.0,0.0,1,1
4259,756764.5526321968,627811.565790246,0.0,0.0,1,1
4260,755353.0526321968,627811.565790246,0.0,0.0,1,1
4261,755353.0526321968,627811.565790246,0.0,0.0,1,1
4262,755353.0526321968,627811.565790246,0.0,0.0,1,1
4263,755657.5526321968,627811.565790246,0.0,0.0,1,1
4264,755657.5526321968,627811.565790246,0.0,0.0,1,1
4265,755657.5526321968,627811.565790246,0.0,0.0,1,1
4266,755657.5526321968,627811.565790246,0.0,0.0,1,1
4267,755657.5526321968,627811.565790246,0.0,0.0,1,1
4268,755657.5526321968,627811.565790246,0.0,0.0,1,1
4269,755657.5526321968,627811.565790246,0.0,0.0,1,1
4270,755657.5526321968,627811.565790246,0.0,0.0,1,1
4271,755657.5526321968,627811.565790246,0.0,0.0,1,1
4272,755657.5526321968,627811.565790246,0.0,0.0,1,1
4273,755657.5526321968,627811.565790246,0.0,0.0,1,1
4274,755737.5263160984,627811.565790246,0.0,0.0,1,1
4275,755658.0263160984,627811.565790246,0.0,0.0,1,1
4276,755658.0263160984,627811.565790246,0.0,0.0,1,1
4277,755658.0263160984,627811.565790246,0.0,0.0,1,1
4278,755658.0263160984,627811.565790246,0.0,0.0,1,1
4279,755658.0263160984,627811.565790246,0.0,0.0,1,1
4280,755658.0263160984,627811.565790246,0.0,0.0,1,1
4281,755658.0263160984,627811.565790246,0.0,0.0,1,1
4282,755601.0263160984,627811.565790246,0.0,0.0,1,1
4283,755601.0263160984,627811.565790246,0.0,0.0,1,1
4284,755601.0263160984,627811.565790246,0.0,0.0,1,1
4285,755601.0263160984,627811.565790246,0.0,0.0,1,1
4286,755601.0263160984,627811.565790246,0.0,0.0,1,1
4287,755601.0263160984,627811.565790246,0.0,0.0,1,1
4288,755601.0263160984,627811.565790246,0.0,0.0,1,1
4289,755601.0263160984,627811.565790246,0.0,0.0,1,1
4290,759910.0263160984,627811.565790246,0.0,0.0,1,1
4291,759910.0263160984,627811.565790246,0.0,0.0,1,1
4292,759910.0263160984,627811.565790246,0.0,0.0,1,1
4293,759910.0263160984,627811.565790246,0.0,0.0,1,1
4294,759910.0263160984,627811.565790246,0.0,0.0,1,1
4295,759910.0263160984,627811.565790246,0.0,0.0,1,1
4296,760557.0263160984,627811.565790246,0.0,0.0,1,1
4297,760557.0263160984,627811.565790246,0.0,0.0,1,1
4298,760557.0263160984,627811.565790246,0.0,0.0,1,1
4299,760557.0263160984,627811.565790246,0.0,0.0,1,1
4300,760557.0263160984,627811.565790246,0.0,0.0,1,1
4301,760557.0263160984,627811.565790246,0.0,0.0,1,1
4302,760557.0263160984,627811.565790246,0.0,0.0,1,1
4303,760557.0263160984,627811.565790246,0.0,0.0,1,1
4304,760557.0263160984,627811.565790246,0.0,0.0,1,1
4305,760557.0263160984,627811.565790246,0.0,0.0,1,1
4306,760557.0263160984,627811.565790246,0.0,0.0,1,1
4307,760557.0263160984,627811.565790246,0.0,0.0,1,1
4308,760557.0263160984,627811.565790246,0.0,0.0,1,1
4309,760557.0263160984,627811.565790246,0.0,0.0,1,1
4310,760557.0263160984,627811.565790246,0.0,0.0,1,1
4311,760551.0,627811.565790246,0.0,0.0,1,1
4312,760551.0,627811.565790246,0.0,0.0,1,1
4313,760551.0,627811.565790246,0.0,0.0,1,1
4314,760420.5,627811.565790246,0.0,0.0,1,1
4315,760420.5,627811.565790246,0.0,0.0,1,1
4316,760420.5,627811.565790246,0.0,0.0,1,1
4317,760258.5,627811.565790246,0.0,0.0,1,1
4318,760258.5,627811.565790246,0.0,0.0,1,1
4319,760258.5,627811.565790246,0.0,0.0,1,1
4320,760258.5,627811.565790246,0.0,0.0,1,1
4321,760258.5,627811.565790246,0.0,0.0,1,1
4322,760258.5,627811.565790246,0.0,0.0,1,1
4323,760160.5,627811.565790246,0.0,0.0,1,1
4324,760160.5,627811.565790246,0.0,0.0,1,1
4325,760160.5,627811.565790246,0.0,0.0,1,1
4326,760160.5,627811.565790246,0.0,0.0,1,1
4327,760160.5,627811.565790246,0.0,0.0,1,1
4328,760160.5,627811.565790246,0.0,0.0,1,1
4329,760160.5,627811.565790246,0.0,0.0,1,1
4330,760160.5,627811.565790246,0.0,0.0,1,1
4331,760160.5,627811.565790246,0.0,0.0,1,1
4332,760160.5,627811.565790246,0.0,0.0,1,1
4333,760160.5,627811.565790246,0.0,0.0,1,1
4334,760160.5,627811.565790246,0.0,0.0,1,1
4335,760160.5,627811.565790246,0.0,0.0,1,1
4336,760160.5,627811.565790246,0.0,0.0,1,1
4337,760160.5,627811.565790246,0.0,0.0,1,1
4338,760160.5,627811.565790246,0.0,0.0,1,1
4339,760160.5,627811.565790246,0.0,0.0,1,1
4340,760160.5,627811.565790246,0.0,0.0,1,1
4341,760160.5,627811.565790246,0.0,0.0,1,1
4342,760160.5,627811.565790246,0.0,0.0,1,1
4343,760077.5,627811.565790246,0.0,0.0,1,1
4344,760077.5,627811.565790246,0.0,0.0,1,1
4345,760077.5,627811.565790246,0.0,0.0,1,1
4346,761110.0,627811.565790246,0.0,0.0,1,1
4347,761110.0,627811.565790246,0.0,0.0,1,1
4348,761110.0,627811.565790246,0.0,0.0,1,1
4349,761110.0,627811.565790246,0.0,0.0,1,1
4350,761110.0,627811.565790246,0.0,0.0,1,1
4351,761110.0,627811.565790246,0.0,0.0,1,1
4352,761110.0,627811.565790246,0.0,0.0,1,1
4353,761110.0,627811.565790246,0.0,0.0,1,1
4354,761110.0,627811.565790246,0.0,0.0,1,1
4355,761110.0,627811.565790246,0.0,0.0,1,1
4356,761110.0,627811.565790246,0.0,0.0,1,1
4357,761110.0,627811.565790246,0.0,0.0,1,1
4358,761110.0,627811.565790246,0.0,0.0,1,1
4359,761110.0,627811.565790246,0.0,0.0,1,1
4360,761110.0,627811.565790246,0.0,0.0,1,1
4361,761110.0,627811.565790246,0.0,0.0,1,1
4362,761110.0,627811.565790246,0.0,0.0,1,1
4363,761110.0,627811.565790246,0.0,0.0,1,1
4364,761110.0,627811.565790246,0.0,0.0,1,1
4365,761110.0,627811.565790246,0.0,0.0,1,1
4366,761110.0,627811.565790246,0.0,0.0,1,1
4367,761110.0,627811.565790246,0.0,0.0,1,1
4368,761110.0,627811.565790246,0.0,0.0,1,1
4369,761110.0,627811.565790246,0.0,0.0,1,1
4370,761110.0,627811.565790246,0.0,0.0,1,1
4371,761110.0,627811.565790246,0.0,0.0,1,1
4372,761110.0,627811.565790246,0.0,0.0,1,1
4373,761110.0,627811.565790246,0.0,0.0,1,1
4374,761056.5,627811.565790246,0.0,0.0,1,1
4375,761056.5,627811.565790246,0.0,0.0,1,1
4376,761056.5,627811.565790246,0.0,0.0,1,1
4377,761056.5,627811.565790246,0.0,0.0,1,1
4378,761056.5,627811.565790246,0.0,0.0,1,1
4379,761056.5,627811.565790246,0.0,0.0,1,1
4380,761056.5,627811.565790246,0.0,0.0,1,1
4381,761056.5,627811.565790246,0.0,0.0,1,1
4382,761056.5,627811.565790246,0.0,0.0,1,1
4383,761056.5,627811.565790246,0.0,0.0,1,1
4384,761056.5,627811.565790246,0.0,0.0,1,1
4385,761056.5,627811.565790246,0.0,0.0,1,1
4386,760985.0,627811.565790246,0.0,0.0,1,1
4387,760985.0,627811.565790246,0.0,0.0,1,1
4388,760985.0,627811.565790246,0.0,0.0,1,1
4389,760985.0,627811.565790246,0.0,0.0,1,1
4390,760985.0,627811.565790246,0.0,0.0,1,1
4391,760985.0,627811.565790246,0.0,0.0,1,1
4392,760985.0,627811.565790246,0.0,0.0,1,1
4393,760985.0,627811.565790246,0.0,0.0,1,1
4394,760985.0,627811.565790246,0.0,0.0,1,1
4395,760947.0,627811.565790246,0.0,0.0,1,1
4396,760947.0,627811.565790246,0.0,0.0,1,1
4397,760947.0,627811.565790246,0.0,0.0,1,1
4398,760947.0,627811.565790246,0.0,0.0,1,1
4399,759797.0,627811.565790246,0.0,0.0,1,1
4400,759797.0,627811.565790246,0.0,0.0,1,1
4401,759797.0,627811.565790246,0.0,0.0,1,1
4402,759797.0,627811.565790246,0.0,0.0,1,1
4403,759797.0,627811.565790246,0.0,0.0,1,1
4404,761270.0,627811.565790246,0.0,0.0,1,1
4405,761270.0,627811.565790246,0.0,0.0,1,1
4406,761270.0,627811.565790246,0.0,0.0,1,1
4407,761270.0,627811.565790246,0.0,0.0,1,1
4408,761270.0,627811.565790246,0.0,0.0,1,1
4409,761270.0,627811.565790246,0.0,0.0,1,1
4410,761270.0,627811.565790246,0.0,0.0,1,1
4411,761270.0,627811.565790246,0.0,0.0,1,1
4412,761270.0,627811.565790246,0.0,0.0,1,1
4413,761270.0,627811.565790246,0.0,0.0,1,1
4414,761332.5131580492,627811.565790246,0.0,0.0,1,1
4415,761332.5131580492,627811.565790246,0.0,0.0,1,1
4416,761332.5131580492,627811.565790246,0.0,0.0,1,1
4417,761447.0131580492,627811.565790246,0.0,0.0,1,1
4418,761516.0131580492,627811.565790246,0.0,0.0,1,1
4419,761516.0131580492,627811.565790246,0.0,0.0,1,1
4420,760250.5131580492,627811.565790246,0.0,0.0,1,1
4421,760250.5131580492,627811.565790246,0.0,0.0,1,1
4422,760250.5131580492,627811.565790246,0.0,0.0,1,1
4423,760250.5131580492,627811.565790246,0.0,0.0,1,1
4424,760250.5131580492,627811.565790246,0.0,0.0,1,1
4425,760250.5131580492,627811.565790246,0.0,0.0,1,1
4426,760250.5131580492,627811.565790246,0.0,0.0,1,1
4427,760250.5131580492,627811.565790246,0.0,0.0,1,1
4428,760250.5131580492,627811.565790246,0.0,0.0,1,1
4429,760250.5131580492,627811.565790246,0.0,0.0,1,1
4430,760250.5131580492,627811.565790246,0.0,0.0,1,1
4431,760250.5131580492,627811.565790246,0.0,0.0,1,1
4432,760250.5131580492,627811.565790246,0.0,0.0,1,1
4433,760250.5131580492,627811.565790246,0.0,0.0,1,1
4434,760250.5131580492,627811.565790246,0.0,0.0,1,1
4435,760250.5131580492,627811.565790246,0.0,0.0,1,1
4436,760250.5131580492,627811.565790246,0.0,0.0,1,1
4437,760250.5131580492,627811.565790246,0.0,0.0,1,1
4438,760250.5131580492,627811.565790246,0.0,0.0,1,1
4439,760250.5131580492,627811.565790246,0.0,0.0,1,1
4440,760250.5131580492,627811.565790246,0.0,0.0,1,1
4441,760250.5131580492,627811.565790246,0.0,0.0,1,1
4442,760250.5131580492,627811.565790246,0.0,0.0,1,1
4443,760250.5131580492,627811.565790246,0.0,0.0,1,1
4444,760250.5131580492,627811.565790246,0.0,0.0,1,1
4445,760250.5131580492,627811.565790246,0.0,0.0,1,1
4446,760250.5131580492,627811.565790246,0.0,0.0,1,1
4447,760662.5,627811.565790246,0.0,0.0,1,1
4448,760662.5,627811.565790246,0.0,0.0,1,1
4449,760662.5,627811.565790246,0.0,0.0,1,1
4450,760662.5,627811.565790246,0.0,0.0,1,1
4451,760662.5,627811.565790246,0.0,0.0,1,1
4452,760519.5263160984,627811.565790246,0.0,0.0,1,1
4453,760519.5263160984,627811.565790246,0.0,0.0,1,1
4454,760519.5263160984,627811.565790246,0.0,0.0,1,1
4455,760519.5263160984,627811.565790246,0.0,0.0,1,1
4456,760519.5263160984,627811.565790246,0.0,0.0,1,1
4457,760519.5263160984,627811.565790246,0.0,0.0,1,1
4458,760519.5263160984,627811.565790246,0.0,0.0,1,1
4459,760519.5263160984,627811.565790246,0.0,0.0,1,1
4460,760519.5263160984,627811.565790246,0.0,0.0,1,1
4461,760519.5263160984,627811.565790246,0.0,0.0,1,1
4462,760519.5263160984,627811.565790246,0.0,0.0,1,1
4463,760519.5263160984,627811.565790246,0.0,0.0,1,1
4464,760519.5263160984,627811.565790246,0.0,0.0,1,1
4465,760519.5263160984,627811.565790246,0.0,0.0,1,1
4466,760519.5263160984,627811.565790246,0.0,0.0,1,1
4467,760631.0263160984,627811.565790246,0.0,0.0,1,1
4468,760631.0263160984,627811.565790246,0.0,0.0,1,1
4469,760631.0263160984,627811.565790246,0.0,0.0,1,1
4470,760631.0263160984,627811.565790246,0.0,0.0,1,1
4471,759758.0263160984,627811.565790246,0.0,0.0,1,1
4472,759758.0263160984,627811.565790246,0.0,0.0,1,1
4473,759758.0263160984,627811.565790246,0.0,0.0,1,1
4474,759758.0263160984,627811.565790246,0.0,0.0,1,1
4475,759758.0263160984,627811.565790246,0.0,0.0,1,1
4476,759758.0263160984,627811.565790246,0.0,0.0,1,1
4477,759758.0263160984,627811.565790246,0.0,0.0,1,1
4478,759758.0263160984,627811.565790246,0.0,0.0,1,1
4479,759758.0263160984,627811.565790246,0.0,0.0,1,1
4480,759758.0263160984,627811.565790246,0.0,0.0,1,1
4481,759758.0263160984,627811.565790246,0.0,0.0,1,1
4482,759758.0263160984,627811.565790246,0.0,0.0,1,1
4483,759352.0263160984,627811.565790246,0.0,0.0,1,1
4484,759364.5,627811.565790246,0.0,0.0,1,1
4485,759364.5,627811.565790246,0.0,0.0,1,1
4486,759364.5,627811.565790246,0.0,0.0,1,1
4487,759364.5,627811.565790246,0.0,0.0,1,1
4488,759364.5,627811.565790246,0.0,0.0,1,1
4489,759364.5,627811.565790246,0.0,0.0,1,1
4490,759364.5,627811.565790246,0.0,0.0,1,1
4491,759364.5,627811.565790246,0.0,0.0,1,1
4492,759364.5,627811.565790246,0.0,0.0,1,1
4493,759364.5,627811.565790246,0.0,0.0,1,1
4494,759093.0,627811.565790246,0.0,0.0,1,1
4495,759093.0,627811.565790246,0.0,0.0,1,1
4496,759093.0,627811.565790246,0.0,0.0,1,1
4497,759093.0,627811.565790246,0.0,0.0,1,1
4498,759093.0,627811.565790246,0.0,0.0,1,1
4499,759093.0,627811.565790246,0.0,0.0,1,1
4500,759093.0,627811.565790246,0.0,0.0,1,1
4501,759093.0,627811.565790246,0.0,0.0,1,1
4502,759093.0,627811.565790246,0.0,0.0,1,1
4503,759093.0,627811.565790246,0.0,0.0,1,1
4504,759093.0,627811.565790246,0.0,0.0,1,1
4505,759093.0,627811.565790246,0.0,0.0,1,1
4506,759093.0,627811.565790246,0.0,0.0,1,1
4507,759093.0,627811.565790246,0.0,0.0,1,1
4508,759093.0,627811.565790246,0.0,0.0,1,1
4509,759093.0,627811.565790246,0.0,0.0,1,1
4510,759093.0,627811.565790246,0.0,0.0,1,1
4511,759093.0,627811.565790246,0.0,0.0,1,1
4512,759093.0,627811.565790246,0.0,0.0,1,1
4513,759093.0,627811.565790246,0.0,0.0,1,1
4514,759093.0,627811.565790246,0.0,0.0,1,1
4515,759093.0,627811.565790246,0.0,0.0,1,1
4516,759093.0,627811.565790246,0.0,0.0,1,1
4517,759093.0,627811.565790246,0.0,0.0,1,1
4518,759093.0,627811.565790246,0.0,0.0,1,1
4519,759093.0,627811.565790246,0.0,0.0,1,1
4520,759093.0,627811.565790246,0.0,0.0,1,1
4521,759093.0,627811.565790246,0.0,0.0,1,1
4522,759093.0,627811.565790246,0.0,0.0,1,1
4523,759093.0,627811.565790246,0.0,0.0,1,1
4524,759093.0,627811.565790246,0.0,0.0,1,1
4525,759093.0,627811.565790246,0.0,0.0,1,1
4526,759093.0,627811.565790246,0.0,0.0,1,1
4527,759093.0,627811.565790246,0.0,0.0,1,1
4528,759093.0,627811.565790246,0.0,0.0,1,1
4529,759093.0,627811.565790246,0.0,0.0,1,1
4530,759093.0,627811.565790246,0.0,0.0,1,1
4531,759093.0,627811.565790246,0.0,0.0,1,1
4532,759093.0,627811.565790246,0.0,0.0,1,1
4533,759093.0,627811.565790246,0.0,0.0,1,1
4534,759093.0,627811.565790246,0.0,0.0,1,1
4535,759093.0,627811.565790246,0.0,0.0,1,1
4536,759093.0,627811.565790246,0.0,0.0,1,1
4537,759093.0,627811.565790246,0.0,0.0,1,1
4538,759093.0,627811.565790246,0.0,0.0,1,1
4539,759093.0,627811.565790246,0.0,0.0,1,1
4540,759093.0,627811.565790246,0.0,0.0,1,1
4541,759093.0,627811.565790246,0.0,0.0,1,1
4542,759093.0,627811.565790246,0.0,0.0,1,1
4543,759093.0,627811.565790246,0.0,0.0,1,1
4544,759093.0,627811.565790246,0.0,0.0,1,1
4545,759093.0,627811.565790246,0.0,0.0,1,1
4546,759093.0,627811.565790246,0.0,0.0,1,1
4547,759093.0,627811.565790246,0.0,0.0,1,1
4548,759093.0,627811.565790246,0.0,0.0,1,1
4549,759093.0,627811.565790246,0.0,0.0,1,1
4550,759093.0,627811.565790246,0.0,0.0,1,1
4551,759093.0,627811.565790246,0.0,0.0,1,1
4552,759093.0,627811.565790246,0.0,0.0,1,1
4553,759093.0,627811.565790246,0.0,0.0,1,1
4554,759093.0,627811.565790246,0.0,0.0,1,1
4555,759093.0,627811.565790246,0.0,0.0,1,1
4556,759093.0,627811.565790246,0.0,0.0,1,1
4557,758532.0,627811.565790246,0.0,0.0,1,1
4558,758532.0,627811.565790246,0.0,0.0,1,1
4559,758532.0,627811.565790246,0.0,0.0,1,1
4560,758532.0,627811.565790246,0.0,0.0,1,1
4561,758532.0,627811.565790246,0.0,0.0,1,1
4562,758532.0,627811.565790246,0.0,0.0,1,1
4563,758532.0,627811.565790246,0.0,0.0,1,1
4564,758532.0,627811.565790246,0.0,0.0,1,1
4565,758532.0,627811.565790246,0.0,0.0,1,1
4566,758532.0,627811.565790246,0.0,0.0,1,1
4567,758532.0,627811.565790246,0.0,0.0,1,1
4568,758532.0,627811.565790246,0.0,0.0,1,1
4569,758532.0,627811.565790246,0.0,0.0,1,1
4570,758532.0,627811.565790246,0.0,0.0,1,1
4571,758532.0,627811.565790246,0.0,0.0,1,1
4572,758532.0,627811.565790246,0.0,0.0,1,1
4573,758532.0,627811.565790246,0.0,0.0,1,1
4574,758519.5263160984,627811.565790246,0.0,0.0,1,1
4575,758519.5263160984,627811.565790246,0.0,0.0,1,1
4576,758519.5263160984,627811.565790246,0.0,0.0,1,1
4577,758519.5263160984,627811.565790246,0.0,0.0,1,1
4578,758519.5263160984,627811.565790246,0.0,0.0,1,1
4579,758519.5263160984,627811.565790246,0.0,0.0,1,1
4580,758519.5263160984,627811.565790246,0.0,0.0,1,1
4581,758519.5263160984,627811.565790246,0.0,0.0,1,1
4582,758519.5263160984,627811.565790246,0.0,0.0,1,1
4583,758519.5263160984,627811.565790246,0.0,0.0,1,1
4584,758519.5263160984,627811.565790246,0.0,0.0,1,1
4585,758519.5263160984,627811.565790246,0.0,0.0,1,1
4586,758519.5263160984,627811.565790246,0.0,0.0,1,1
4587,758519.5263160984,627811.565790246,0.0,0.0,1,1
4588,758519.5263160984,627811.565790246,0.0,0.0,1,1
4589,758519.5263160984,627811.565790246,0.0,0.0,1,1
4590,758519.5263160984,627811.565790246,0.0,0.0,1,1
4591,758519.5263160984,627811.565790246,0.0,0.0,1,1
4592,758519.5263160984,627811.565790246,0.0,0.0,1,1
4593,758519.5263160984,627811.565790246,0.0,0.0,1,1
4594,758519.5263160984,627811.565790246,0.0,0.0,1,1
4595,758519.5263160984,627811.565790246,0.0,0.0,1,1
4596,758519.5263160984,627811.565790246,0.0,0.0,1,1
4597,758501.0263160984,627811.565790246,0.0,0.0,1,1
4598,758501.0263160984,627811.565790246,0.0,0.0,1,1
4599,758501.0263160984,627811.565790246,0.0,0.0,1,1
4600,758501.0263160984,627811.565790246,0.0,0.0,1,1
4601,758501.0263160984,627811.565790246,0.0,0.0,1,1
4602,758501.0263160984,627811.565790246,0.0,0.0,1,1
4603,758501.0263160984,627811.565790246,0.0,0.0,1,1
4604,758501.0263160984,627811.565790246,0.0,0.0,1,1
4605,758501.0263160984,627811.565790246,0.0,0.0,1,1
4606,758501.0263160984,627811.565790246,0.0,0.0,1,1
4607,758501.0263160984,627811.565790246,0.0,0.0,1,1
4608,758501.0263160984,627811.565790246,0.0,0.0,1,1
4609,758501.0263160984,627811.565790246,0.0,0.0,1,1
4610,758501.0263160984,627811.565790246,0.0,0.0,1,1
4611,758501.0263160984,627811.565790246,0.0,0.0,1,1
4612,758501.0263160984,627811.565790246,0.0,0.0,1,1
4613,758501.0263160984,627811.565790246,0.0,0.0,1,1
4614,758501.0263160984,627811.565790246,0.0,0.0,1,1
4615,758501.0263160984,627811.565790246,0.0,0.0,1,1
4616,758501.0263160984,627811.565790246,0.0,0.0,1,1
4617,758501.0263160984,627811.565790246,0.0,0.0,1,1
4618,758815.5263160984,627811.565790246,0.0,0.0,1,1
4619,758815.5263160984,627811.565790246,0.0,0.0,1,1
4620,758807.0263160984,627811.565790246,0.0,0.0,1,1
4621,758807.0263160984,627811.565790246,0.0,0.0,1,1
4622,758807.0263160984,627811.565790246,0.0,0.0,1,1
4623,758807.0263160984,627811.565790246,0.0,0.0,1,1
4624,759270.5131580492,627811.565790246,0.0,0.0,1,1
4625,759270.5131580492,627811.565790246,0.0,0.0,1,1
4626,759270.5131580492,627811.565790246,0.0,0.0,1,1
4627,759270.5131580492,627811.565790246,0.0,0.0,1,1
4628,759270.5131580492,627811.565790246,0.0,0.0,1,1
4629,759297.5131580492,627811.565790246,0.0,0.0,1,1
4630,759297.5131580492,627811.565790246,0.0,0.0,1,1
4631,759270.5131580492,627811.565790246,0.0,0.0,1,1
4632,759270.5131580492,627811.565790246,0.0,0.0,1,1
4633,759270.5131580492,627811.565790246,0.0,0.0,1,1
4634,759270.5131580492,627811.565790246,0.0,0.0,1,1
4635,759270.5131580492,627811.565790246,0.0,0.0,1,1
4636,759270.5131580492,627811.565790246,0.0,0.0,1,1
4637,759270.5131580492,627811.565790246,0.0,0.0,1,1
4638,759270.5131580492,627811.565790246,0.0,0.0,1,1
4639,759270.5131580492,627811.565790246,0.0,0.0,1,1
4640,759270.5131580492,627811.565790246,0.0,0.0,1,1
4641,759270.5131580492,627811.565790246,0.0,0.0,1,1
4642,759270.5131580492,627811.565790246,0.0,0.0,1,1
4643,759270.5131580492,627811.565790246,0.0,0.0,1,1
4644,759270.5131580492,627811.565790246,0.0,0.0,1,1
4645,759270.5131580492,627811.565790246,0.0,0.0,1,1
4646,759270.5131580492,627811.565790246,0.0,0.0,1,1
4647,759270.5131580492,627811.565790246,0.0,0.0,1,1
4648,759270.5131580492,627811.565790246,0.0,0.0,1,1
4649,759394.5,627811.565790246,0.0,0.0,1,1
4650,759394.5,627811.565790246,0.0,0.0,1,1
4651,759394.5,627811.565790246,0.0,0.0,1,1
4652,759394.5,627811.565790246,0.0,0.0,1,1
4653,759394.5,627811.565790246,0.0,0.0,1,1
4654,759831.0,627811.565790246,0.0,0.0,1,1
4655,759831.0,627811.565790246,0.0,0.0,1,1
4656,759831.0,627811.565790246,0.0,0.0,1,1
4657,759831.0,627811.565790246,0.0,0.0,1,1
4658,759831.0,627811.565790246,0.0,0.0,1,1
4659,756635.5,627811.565790246,0.0,0.0,1,1
4660,756635.5,627811.565790246,0.0,0.0,1,1
4661,756635.5,627811.565790246,0.0,0.0,1,1
4662,756635.5,627811.565790246,0.0,0.0,1,1
4663,756635.5,627811.565790246,0.0,0.0,1,1
4664,756635.5,627811.565790246,0.0,0.0,1,1
4665,756635.5,627811.565790246,0.0,0.0,1,1
4666,756635.5,627811.565790246,0.0,0.0,1,1
4667,756635.5,627811.565790246,0.0,0.0,1,1
4668,756635.5,627811.565790246,0.0,0.0,1,1
4669,756635.5,627811.565790246,0.0,0.0,1,1
4670,756635.5,627811.565790246,0.0,0.0,1,1
4671,756635.5,627811.565790246,0.0,0.0,1,1
4672,756635.5,627811.565790246,0.0,0.0,1,1
4673,756635.5,627811.565790246,0.0,0.0,1,1
4674,756378.5131580492,627811.565790246,0.0,0.0,1,1
4675,756378.5131580492,627811.565790246,0.0,0.0,1,1
4676,756378.5131580492,627811.565790246,0.0,0.0,1,1
4677,756378.5131580492,627811.565790246,0.0,0.0,1,1
4678,756378.5131580492,627811.565790246,0.0,0.0,1,1
4679,756378.5131580492,627811.565790246,0.0,0.0,1,1
4680,756378.5131580492,627811.565790246,0.0,0.0,1,1
4681,756378.5131580492,627811.565790246,0.0,0.0,1,1
4682,757028.5263160984,627811.565790246,0.0,0.0,1,1
4683,757028.5263160984,627811.565790246,0.0,0.0,1,1
4684,758937.0263160984,627811.565790246,0.0,0.0,1,1
4685,758937.0263160984,627811.565790246,0.0,0.0,1,1
4686,758937.0263160984,627811.565790246,0.0,0.0,1,1
4687,758937.0263160984,627811.565790246,0.0,0.0,1,1
4688,758937.0263160984,627811.565790246,0.0,0.0,1,1
4689,758937.0263160984,627811.565790246,0.0,0.0,1,1
4690,758937.0263160984,627811.565790246,0.0,0.0,1,1
4691,758937.0263160984,627811.565790246,0.0,0.0,1,1
4692,758937.0263160984,627811.565790246,0.0,0.0,1,1
4693,758937.0263160984,627811.565790246,0.0,0.0,1,1
4694,758937.0263160984,627811.565790246,0.0,0.0,1,1
4695,758937.0263160984,627811.565790246,0.0,0.0,1,1
4696,758644.065790246,627811.565790246,0.0,0.0,1,1
4697,758644.065790246,627811.565790246,0.0,0.0,1,1
4698,758644.065790246,627811.565790246,0.0,0.0,1,1
4699,758644.065790246,627811.565790246,0.0,0.0,1,1
4700,758644.065790246,627811.565790246,0.0,0.0,1,1
4701,758644.065790246,627811.565790246,0.0,0.0,1,1
4702,758644.065790246,627811.565790246,0.0,0.0,1,1
4703,758644.065790246,627811.565790246,0.0,0.0,1,1
4704,758644.065790246,627811.565790246,0.0,0.0,1,1
4705,760889.065790246,627811.565790246,0.0,0.0,1,1
4706,760889.065790246,627811.565790246,0.0,0.0,1,1
4707,760889.065790246,627811.565790246,0.0,0.0,1,1
4708,760889.065790246,627811.565790246,0.0,0.0,1,1
4709,760889.065790246,627811.565790246,0.0,0.0,1,1
4710,760889.065790246,627811.565790246,0.0,0.0,1,1
4711,760889.065790246,627811.565790246,0.0,0.0,1,1
4712,760889.065790246,627811.565790246,0.0,0.0,1,1
4713,760889.065790246,627811.565790246,0.0,0.0,1,1
4714,761193.565790246,627811.565790246,0.0,0.0,1,1
4715,761193.565790246,627811.565790246,0.0,0.0,1,1
4716,761193.565790246,627811.565790246,0.0,0.0,1,1
4717,761193.565790246,627811.565790246,0.0,0.0,1,1
4718,761193.565790246,627811.565790246,0.0,0.0,1,1
4719,761193.565790246,627811.565790246,0.0,0.0,1,1
4720,761193.565790246,627811.565790246,0.0,0.0,1,1
4721,761193.565790246,627811.565790246,0.0,0.0,1,1
4722,761193.565790246,627811.565790246,0.0,0.0,1,1
4723,761193.565790246,627811.565790246,0.0,0.0,1,1
4724,761193.565790246,627811.565790246,0.0,0.0,1,1
4725,761193.565790246,627811.565790246,0.0,0.0,1,1
4726,761193.565790246,627811.565790246,0.0,0.0,1,1
4727,761193.565790246,627811.565790246,0.0,0.0,1,1
4728,761193.565790246,627811.565790246,0.0,0.0,1,1
4729,761193.565790246,627811.565790246,0.0,0.0,1,1
4730,761193.565790246,627811.565790246,0.0,0.0,1,1
4731,761193.565790246,627811.565790246,0.0,0.0,1,1
4732,757850.0526321968,627811.565790246,0.0,0.0,1,1
4733,757850.0526321968,627811.565790246,0.0,0.0,1,1
4734,757850.0526321968,627811.565790246,0.0,0.0,1,1
4735,757850.0526321968,627811.565790246,0.0,0.0,1,1
4736,757850.0526321968,627811.565790246,0.0,0.0,1,1
4737,757850.0526321968,627811.565790246,0.0,0.0,1,1
4738,757850.0526321968,627811.565790246,0.0,0.0,1,1
4739,757850.0526321968,627811.565790246,0.0,0.0,1,1
4740,757850.0526321968,627811.565790246,0.0,0.0,1,1
4741,757850.0526321968,627811.565790246,0.0,0.0,1,1
4742,757850.0526321968,627811.565790246,0.0,0.0,1,1
4743,757850.0526321968,627811.565790246,0.0,0.0,1,1
4744,757850.0526321968,627811.565790246,0.0,0.0,1,1
4745,757850.0526321968,627811.565790246,0.0,0.0,1,1
4746,757850.0526321968,627811.565790246,0.0,0.0,1,1
4747,757850.0526321968,627811.565790246,0.0,0.0,1,1
4748,757850.0526321968,627811.565790246,0.0,0.0,1,1
4749,757850.0526321968,627811.565790246,0.0,0.0,1,1
4750,757771.0526321968,627811.565790246,0.0,0.0,1,1
4751,757771.0526321968,627811.565790246,0.0,0.0,1,1
4752,757771.0526321968,627811.565790246,0.0,0.0,1,1
4753,757771.0526321968,627811.565790246,0.0,0.0,1,1
4754,757771.0526321968,627811.565790246,0.0,0.0,1,1
4755,757099.5526321968,627811.565790246,0.0,0.0,1,1
4756,757099.5526321968,627811.565790246,0.0,0.0,1,1
4757,757099.5526321968,627811.565790246,0.0,0.0,1,1
4758,757099.5526321968,627811.565790246,0.0,0.0,1,1
4759,757099.5526321968,627811.565790246,0.0,0.0,1,1
4760,757099.5526321968,627811.565790246,0.0,0.0,1,1
4761,757099.5526321968,627811.565790246,0.0,0.0,1,1
4762,757099.5526321968,627811.565790246,0.0,0.0,1,1
4763,757099.5526321968,627811.565790246,0.0,0.0,1,1
4764,757099.5526321968,627811.565790246,0.0,0.0,1,1
4765,757099.5526321968,627811.565790246,0.0,0.0,1,1
4766,757099.5526321968,627811.565790246,0.0,0.0,1,1
4767,757099.5526321968,627811.565790246,0.0,0.0,1,1
4768,757099.5526321968,627811.565790246,0.0,0.0,1,1
4769,757099.5526321968,627811.565790246,0.0,0.0,1,1
4770,757099.5526321968,627811.565790246,0.0,0.0,1,1
4771,757099.5526321968,627811.565790246,0.0,0.0,1,1
4772,757099.5526321968,627811.565790246,0.0,0.0,1,1
4773,757124.5526321968,627811.565790246,0.0,0.0,1,1
4774,757124.5526321968,627811.565790246,0.0,0.0,1,1
4775,757124.5526321968,627811.565790246,0.0,0.0,1,1
4776,757124.5526321968,627811.565790246,0.0,0.0,1,1
4777,757124.5526321968,627811.565790246,0.0,0.0,1,1
4778,757124.5526321968,627811.565790246,0.0,0.0,1,1
4779,757124.5526321968,627811.565790246,0.0,0.0,1,1
4780,757069.5526321968,627811.565790246,0.0,0.0,1,1
4781,757069.5526321968,627811.565790246,0.0,0.0,1,1
4782,757069.5526321968,627811.565790246,0.0,0.0,1,1
4783,757069.5526321968,627811.565790246,0.0,0.0,1,1
4784,757069.5526321968,627811.565790246,0.0,0.0,1,1
4785,757876.0526321968,627811.565790246,0.0,0.0,1,1
4786,757876.0526321968,627811.565790246,0.0,0.0,1,1
4787,757876.0526321968,627811.565790246,0.0,0.0,1,1
4788,757876.0526321968,627811.565790246,0.0,0.0,1,1
4789,757876.0526321968,627811.565790246,0.0,0.0,1,1
4790,757876.0526321968,627811.565790246,0.0,0.0,1,1
4791,757876.0526321968,627811.565790246,0.0,0.0,1,1
4792,757876.0526321968,627811.565790246,0.0,0.0,1,1
4793,757876.0526321968,627811.565790246,0.0,0.0,1,1
4794,757876.0526321968,627811.565790246,0.0,0.0,1,1
4795,757715.5526321968,627811.565790246,0.0,0.0,1,1
4796,757715.5526321968,627811.565790246,0.0,0.0,1,1
4797,757715.5526321968,627811.565790246,0.0,0.0,1,1
4798,757715.5526321968,627811.565790246,0.0,0.0,1,1
4799,757715.5526321968,627811.565790246,0.0,0.0,1,1
4800,757715.5526321968,627811.565790246,0.0,0.0,1,1
4801,757715.5526321968,627811.565790246,0.0,0.0,1,1
4802,757978.5394741476,627811.565790246,0.0,0.0,1,1
4803,757978.5394741476,627811.565790246,0.0,0.0,1,1
4804,757978.5394741476,627811.565790246,0.0,0.0,1,1
4805,757978.5394741476,627811.565790246,0.0,0.0,1,1
4806,757978.5394741476,627811.565790246,0.0,0.0,1,1
4807,757978.5394741476,627811.565790246,0.0,0.0,1,1
4808,758109.0131580492,627811.565790246,0.0,0.0,1,1
4809,758109.0131580492,627811.565790246,0.0,0.0,1,1
4810,758109.0131580492,627811.565790246,0.0,0.0,1,1
4811,758109.0131580492,627811.565790246,0.0,0.0,1,1
4812,758109.0131580492,627811.565790246,0.0,0.0,1,1
4813,758109.0131580492,627811.565790246,0.0,0.0,1,1
4814,758109.0131580492,627811.565790246,0.0,0.0,1,1
4815,758109.0131580492,627811.565790246,0.0,0.0,1,1
4816,758109.0131580492,627811.565790246,0.0,0.0,1,1
4817,758109.0131580492,627811.565790246,0.0,0.0,1,1
4818,758109.0131580492,627811.565790246,0.0,0.0,1,1
4819,758109.0131580492,627811.565790246,0.0,0.0,1,1
4820,758109.0131580492,627811.565790246,0.0,0.0,1,1
4821,758109.0131580492,627811.565790246,0.0,0.0,1,1
4822,758109.0131580492,627811.565790246,0.0,0.0,1,1
4823,758135.5131580492,627811.565790246,0.0,0.0,1,1
4824,758135.5131580492,627811.565790246,0.0,0.0,1,1
4825,758135.5131580492,627811.565790246,0.0,0.0,1,1
4826,758135.5131580492,627811.565790246,0.0,0.0,1,1
4827,758135.5131580492,627811.565790246,0.0,0.0,1,1
4828,758135.5131580492,627811.565790246,0.0,0.0,1,1
4829,757654.5131580492,627811.565790246,0.0,0.0,1,1
4830,757654.5131580492,627811.565790246,0.0,0.0,1,1
4831,757911.0131580492,627811.565790246,0.0,0.0,1,1
4832,757911.0131580492,627811.565790246,0.0,0.0,1,1
4833,757911.0131580492,627811.565790246,0.0,0.0,1,1
4834,757911.0131580492,627811.565790246,0.0,0.0,1,1
4835,757911.0131580492,627811.565790246,0.0,0.0,1,1
4836,757911.0131580492,627811.565790246,0.0,0.0,1,1
4837,757911.0131580492,627811.565790246,0.0,0.0,1,1
4838,757911.0131580492,627811.565790246,0.0,0.0,1,1
4839,757911.0131580492,627811.565790246,0.0,0.0,1,1
4840,757911.0131580492,627811.565790246,0.0,0.0,1,1
4841,757911.0131580492,627811.565790246,0.0,0.0,1,1
4842,757911.0131580492,627811.565790246,0.0,0.0,1,1
4843,757911.0131580492,627811.565790246,0.0,0.0,1,1
4844,757911.0131580492,627811.565790246,0.0,0.0,1,1
4845,757911.0131580492,627811.565790246,0.0,0.0,1,1
4846,757911.0131580492,627811.565790246,0.0,0.0,1,1
4847,757911.0131580492,627811.565790246,0.0,0.0,1,1
4848,757911.0131580492,627811.565790246,0.0,0.0,1,1
4849,757804.5263160984,627811.565790246,0.0,0.0,1,1
4850,757804.5263160984,627811.565790246,0.0,0.0,1,1
4851,757804.5263160984,627811.565790246,0.0,0.0,1,1
4852,757804.5263160984,627811.565790246,0.0,0.0,1,1
4853,757804.5263160984,627811.565790246,0.0,0.0,1,1
4854,757804.5263160984,627811.565790246,0.0,0.0,1,1
4855,757804.5263160984,627811.565790246,0.0,0.0,1,1
4856,757804.5263160984,627811.565790246,0.0,0.0,1,1
4857,757804.5263160984,627811.565790246,0.0,0.0,1,1
4858,757804.5263160984,627811.565790246,0.0,0.0,1,1
4859,757804.5263160984,627811.565790246,0.0,0.0,1,1
4860,757804.5263160984,627811.565790246,0.0,0.0,1,1
4861,757804.5263160984,627811.565790246,0.0,0.0,1,1
4862,757804.5263160984,627811.565790246,0.0,0.0,1,1
4863,757804.5263160984,627811.565790246,0.0,0.0,1,1
4864,757804.5263160984,627811.565790246,0.0,0.0,1,1
4865,757804.5263160984,627811.565790246,0.0,0.0,1,1
4866,757804.5263160984,627811.565790246,0.0,0.0,1,1
4867,757804.5263160984,627811.565790246,0.0,0.0,1,1
4868,757804.5263160984,627811.565790246,0.0,0.0,1,1
4869,757804.5263160984,627811.565790246,0.0,0.0,1,1
4870,757804.5263160984,627811.565790246,0.0,0.0,1,1
4871,757795.0263160984,627811.565790246,0.0,0.0,1,1
4872,757795.0263160984,627811.565790246,0.0,0.0,1,1
4873,757795.0263160984,627811.565790246,0.0,0.0,1,1
4874,757795.0263160984,627811.565790246,0.0,0.0,1,1
4875,757795.0263160984,627811.565790246,0.0,0.0,1,1
4876,757795.0263160984,627811.565790246,0.0,0.0,1,1
4877,757795.0263160984,627811.565790246,0.0,0.0,1,1
4878,757795.0263160984,627811.565790246,0.0,0.0,1,1
4879,757795.0263160984,627811.565790246,0.0,0.0,1,1
4880,757795.0263160984,627811.565790246,0.0,0.0,1,1
4881,757795.0263160984,627811.565790246,0.0,0.0,1,1
4882,757795.0263160984,627811.565790246,0.0,0.0,1,1
4883,757795.0263160984,627811.565790246,0.0,0.0,1,1
4884,757859.0263160984,627811.565790246,0.0,0.0,1,1
4885,757859.0263160984,627811.565790246,0.0,0.0,1,1
4886,757859.0263160984,627811.565790246,0.0,0.0,1,1
4887,757842.5263160984,627811.565790246,0.0,0.0,1,1
4888,757842.5263160984,627811.565790246,0.0,0.0,1,1
4889,757842.5263160984,627811.565790246,0.0,0.0,1,1
4890,757842.5263160984,627811.565790246,0.0,0.0,1,1
4891,757842.5263160984,627811.565790246,0.0,0.0,1,1
4892,757842.5263160984,627811.565790246,0.0,0.0,1,1
4893,757842.5263160984,627811.565790246,0.0,0.0,1,1
4894,757842.5263160984,627811.565790246,0.0,0.0,1,1
4895,757842.5263160984,627811.565790246,0.0,0.0,1,1
4896,757842.5263160984,627811.565790246,0.0,0.0,1,1
4897,757842.5263160984,627811.565790246,0.0,0.0,1,1
4898,757842.5263160984,627811.565790246,0.0,0.0,1,1
4899,757842.5263160984,627811.565790246,0.0,0.0,1,1
4900,757842.5263160984,627811.565790246,0.0,0.0,1,1
4901,757842.5263160984,627811.565790246,0.0,0.0,1,1
4902,757842.5263160984,627811.565790246,0.0,0.0,1,1
4903,757842.5263160984,627811.565790246,0.0,0.0,1,1
4904,757842.5263160984,627811.565790246,0.0,0.0,1,1
4905,757842.5263160984,627811.565790246,0.0,0.0,1,1
4906,757842.5263160984,627811.565790246,0.0,0.0,1,1
4907,757842.5263160984,627811.565790246,0.0,0.0,1,1
4908,757842.5263160984,627811.565790246,0.0,0.0,1,1
4909,757842.5263160984,627811.565790246,0.0,0.0,1,1
4910,757842.5263160984,627811.565790246,0.0,0.0,1,1
4911,757842.5263160984,627811.565790246,0.0,0.0,1,1
4912,757842.5263160984,627811.565790246,0.0,0.0,1,1
4913,757765.5263160984,627811.565790246,0.0,0.0,1,1
4914,757765.5263160984,627811.565790246,0.0,0.0,1,1
4915,757765.5263160984,627811.565790246,0.0,0.0,1,1
4916,757765.5263160984,627811.565790246,0.0,0.0,1,1
4917,757765.5263160984,627811.565790246,0.0,0.0,1,1
4918,757765.5263160984,627811.565790246,0.0,0.0,1,1
4919,757765.5263160984,627811.565790246,0.0,0.0,1,1
4920,757765.5263160984,627811.565790246,0.0,0.0,1,1
4921,757765.5263160984,627811.565790246,0.0,0.0,1,1
4922,757765.5263160984,627811.565790246,0.0,0.0,1,1
4923,757765.5263160984,627811.565790246,0.0,0.0,1,1
4924,757765.5263160984,627811.565790246,0.0,0.0,1,1
4925,757765.5263160984,627811.565790246,0.0,0.0,1,1
4926,757765.5263160984,627811.565790246,0.0,0.0,1,1
4927,757765.5263160984,627811.565790246,0.0,0.0,1,1
4928,757765.5263160984,627811.565790246,0.0,0.0,1,1
4929,757765.5263160984,627811.565790246,0.0,0.0,1,1
4930,757765.5263160984,627811.565790246,0.0,0.0,1,1
4931,757765.5263160984,627811.565790246,0.0,0.0,1,1
4932,757765.5263160984,627811.565790246,0.0,0.0,1,1
4933,757765.5263160984,627811.565790246,0.0,0.0,1,1
4934,757765.5263160984,627811.565790246,0.0,0.0,1,1
4935,758270.0263160984,627811.565790246,0.0,0.0,1,1
4936,758270.0263160984,627811.565790246,0.0,0.0,1,1
4937,758270.0263160984,627811.565790246,0.0,0.0,1,1
4938,758270.0263160984,627811.565790246,0.0,0.0,1,1
4939,757648.5131580492,627811.565790246,0.0,0.0,1,1
4940,757648.5131580492,627811.565790246,0.0,0.0,1,1
4941,757648.5131580492,627811.565790246,0.0,0.0,1,1
4942,757648.5131580492,627811.565790246,0.0,0.0,1,1
4943,757648.5131580492,627811.565790246,0.0,0.0,1,1
4944,757648.5131580492,627811.565790246,0.0,0.0,1,1
4945,757648.5131580492,627811.565790246,0.0,0.0,1,1
4946,757648.5131580492,627811.565790246,0.0,0.0,1,1
4947,757648.5131580492,627811.565790246,0.0,0.0,1,1
4948,758367.0,627811.565790246,0.0,0.0,1,1
4949,758367.0,627811.565790246,0.0,0.0,1,1
4950,758367.0,627811.565790246,0.0,0.0,1,1
4951,758367.0,627811.565790246,0.0,0.0,1,1
4952,758367.0,627811.565790246,0.0,0.0,1,1
4953,758367.0,627811.565790246,0.0,0.0,1,1
4954,759856.0,627811.565790246,0.0,0.0,1,1
4955,759856.0,627811.565790246,0.0,0.0,1,1
4956,759856.0,627811.565790246,0.0,0.0,1,1
4957,759856.0,627811.565790246,0.0,0.0,1,1
4958,759856.0,627811.565790246,0.0,0.0,1,1
4959,759856.0,627811.565790246,0.0,0.0,1,1
4960,759856.0,627811.565790246,0.0,0.0,1,1
4961,759856.0,627811.565790246,0.0,0.0,1,1
4962,759856.0,627811.565790246,0.0,0.0,1,1
4963,759856.0,627811.565790246,0.0,0.0,1,1
4964,759856.0,627811.565790246,0.0,0.0,1,1
4965,759856.0,627811.565790246,0.0,0.0,1,1
4966,759856.0,627811.565790246,0.0,0.0,1,1
4967,759856.0,627811.565790246,0.0,0.0,1,1
4968,759856.0,627811.565790246,0.0,0.0,1,1
4969,759856.0,627811.565790246,0.0,0.0,1,1
4970,758835.5263160984,627811.565790246,0.0,0.0,1,1
4971,758835.5263160984,627811.565790246,0.0,0.0,1,1
4972,758835.5263160984,627811.565790246,0.0,0.0,1,1
4973,758835.5263160984,627811.565790246,0.0,0.0,1,1
4974,758835.5263160984,627811.565790246,0.0,0.0,1,1
4975,758835.5263160984,627811.565790246,0.0,0.0,1,1
4976,758835.5263160984,627811.565790246,0.0,0.0,1,1
4977,758835.5263160984,627811.565790246,0.0,0.0,1,1
4978,758835.5263160984,627811.565790246,0.0,0.0,1,1
4979,758835.5263160984,627811.565790246,0.0,0.0,1,1
4980,758835.5263160984,627811.565790246,0.0,0.0,1,1
4981,758835.5263160984,627811.565790246,0.0,0.0,1,1
4982,758835.5263160984,627811.565790246,0.0,0.0,1,1
4983,758835.5263160984,627811.565790246,0.0,0.0,1,1
4984,758835.5263160984,627811.565790246,0.0,0.0,1,1
4985,758835.5263160984,627811.565790246,0.0,0.0,1,1
4986,758835.5263160984,627811.565790246,0.0,0.0,1,1
4987,758835.5263160984,627811.565790246,0.0,0.0,1,1
4988,757509.0263160984,627811.565790246,0.0,0.0,1,1
4989,757509.0263160984,627811.565790246,0.0,0.0,1,1
4990,757509.0263160984,627811.565790246,0.0,0.0,1,1
4991,757509.0263160984,627811.565790246,0.0,0.0,1,1
4992,757509.0263160984,627811.565790246,0.0,0.0,1,1
4993,757509.0263160984,627811.565790246,0.0,0.0,1,1
4994,757509.0263160984,627811.565790246,0.0,0.0,1,1
4995,757509.0263160984,627811.565790246,0.0,0.0,1,1
4996,757509.0263160984,627811.565790246,0.0,0.0,1,1
4997,757509.0263160984,627811.565790246,0.0,0.0,1,1
4998,757509.0263160984,627811.565790246,0.0,0.0,1,1
4999,757509.0263160984,627811.565790246,0.0,0.0,1,1
5000,757509.0263160984,627811.565790246,0.0,0.0,1,1
5001,757509.0263160984,627811.565790246,0.0,0.0,1,1
5002,757509.0263160984,627811.565790246,0.0,0.0,1,1
5003,757509.0263160984,627811.565790246,0.0,0.0,1,1
5004,757509.0263160984,627811.565790246,0.0,0.0,1,1
5005,757548.0263160984,627811.565790246,0.0,0.0,1,1
5006,757548.0263160984,627811.565790246,0.0,0.0,1,1
5007,757548.0263160984,627811.565790246,0.0,0.0,1,1
5008,757548.0263160984,627811.565790246,0.0,0.0,1,1
5009,757548.0263160984,627811.565790246,0.0,0.0,1,1
5010,757548.0263160984,627811.565790246,0.0,0.0,1,1
5011,757548.0263160984,627811.565790246,0.0,0.0,1,1
5012,757548.0263160984,627811.565790246,0.0,0.0,1,1
5013,757573.0263160984,627811.565790246,0.0,0.0,1,1
5014,757573.0263160984,627811.565790246,0.0,0.0,1,1
5015,757524.5263160984,627811.565790246,0.0,0.0,1,1
5016,757524.5263160984,627811.565790246,0.0,0.0,1,1
5017,757524.5263160984,627811.565790246,0.0,0.0,1,1
5018,756542.5263160984,627811.565790246,0.0,0.0,1,1
5019,756542.5263160984,627811.565790246,0.0,0.0,1,1
5020,756542.5263160984,627811.565790246,0.0,0.0,1,1
5021,756542.5263160984,627811.565790246,0.0,0.0,1,1
5022,756542.5263160984,627811.565790246,0.0,0.0,1,1
5023,756542.5263160984,627811.565790246,0.0,0.0,1,1
5024,756542.5263160984,627811.565790246,0.0,0.0,1,1
5025,756542.5263160984,627811.565790246,0.0,0.0,1,1
5026,756542.5263160984,627811.565790246,0.0,0.0,1,1
5027,756542.5263160984,627811.565790246,0.0,0.0,1,1
5028,756542.5263160984,627811.565790246,0.0,0.0,1,1
5029,756542.5263160984,627811.565790246,0.0,0.0,1,1
5030,756542.5263160984,627811.565790246,0.0,0.0,1,1
5031,756542.5263160984,627811.565790246,0.0,0.0,1,1
5032,756542.5263160984,627811.565790246,0.0,0.0,1,1
5033,756542.5263160984,627811.565790246,0.0,0.0,1,1
5034,756542.5263160984,627811.565790246,0.0,0.0,1,1
5035,756542.5263160984,627811.565790246,0.0,0.0,1,1
5036,757169.0263160984,627811.565790246,0.0,0.0,1,1
5037,757047.5131580492,627811.565790246,0.0,0.0,1,1
5038,757047.5131580492,627811.565790246,0.0,0.0,1,1
5039,757047.5131580492,627811.565790246,0.0,0.0,1,1
5040,757047.5131580492,627811.565790246,0.0,0.0,1,1
5041,757047.5131580492,627811.565790246,0.0,0.0,1,1
5042,757047.5131580492,627811.565790246,0.0,0.0,1,1
5043,757047.5131580492,627811.565790246,0.0,0.0,1,1
5044,757047.5131580492,627811.565790246,0.0,0.0,1,1
5045,757047.5131580492,627811.565790246,0.0,0.0,1,1
5046,757047.5131580492,627811.565790246,0.0,0.0,1,1
5047,757047.5131580492,627811.565790246,0.0,0.0,1,1
5048,756982.5131580492,627811.565790246,0.0,0.0,1,1
5049,757666.5,627811.565790246,0.0,0.0,1,1
5050,757666.5,627811.565790246,0.0,0.0,1,1
5051,757618.0394741476,627811.565790246,0.0,0.0,1,1
5052,757618.0394741476,627811.565790246,0.0,0.0,1,1
5053,757618.0394741476,627811.565790246,0.0,0.0,1,1
5054,757618.0394741476,627811.565790246,0.0,0.0,1,1
5055,757618.0394741476,627811.565790246,0.0,0.0,1,1
5056,757618.0394741476,627811.565790246,0.0,0.0,1,1
5057,757618.0394741476,627811.565790246,0.0,0.0,1,1
5058,757618.0394741476,627811.565790246,0.0,0.0,1,1
5059,757618.0394741476,627811.565790246,0.0,0.0,1,1
5060,757618.0394741476,627811.565790246,0.0,0.0,1,1
5061,757618.0394741476,627811.565790246,0.0,0.0,1,1
5062,757618.0394741476,627811.565790246,0.0,0.0,1,1
5063,757740.5526321968,627811.565790246,0.0,0.0,1,1
5064,757740.5526321968,627811.565790246,0.0,0.0,1,1
5065,757740.5526321968,627811.565790246,0.0,0.0,1,1
5066,757740.5526321968,627811.565790246,0.0,0.0,1,1
5067,757740.5526321968,627811.565790246,0.0,0.0,1,1
5068,757740.5526321968,627811.565790246,0.0,0.0,1,1
5069,757740.5526321968,627811.565790246,0.0,0.0,1,1
5070,757740.5526321968,627811.565790246,0.0,0.0,1,1
5071,757740.5526321968,627811.565790246,0.0,0.0,1,1
5072,757740.5526321968,627811.565790246,0.0,0.0,1,1
5073,757740.5526321968,627811.565790246,0.0,0.0,1,1
5074,757740.5526321968,627811.565790246,0.0,0.0,1,1
5075,757740.5526321968,627811.565790246,0.0,0.0,1,1
5076,757740.5526321968,627811.565790246,0.0,0.0,1,1
5077,757740.5526321968,627811.565790246,0.0,0.0,1,1
5078,757740.5526321968,627811.565790246,0.0,0.0,1,1
5079,757740.5526321968,627811.565790246,0.0,0.0,1,1
5080,757740.5526321968,627811.565790246,0.0,0.0,1,1
5081,757740.5526321968,627811.565790246,0.0,0.0,1,1
5082,757740.5526321968,627811.565790246,0.0,0.0,1,1
5083,757740.5526321968,627811.565790246,0.0,0.0,1,1
5084,757740.5526321968,627811.565790246,0.0,0.0,1,1
5085,757740.5526321968,627811.565790246,0.0,0.0,1,1
5086,757740.5526321968,627811.565790246,0.0,0.0,1,1
5087,757680.5526321968,627811.565790246,0.0,0.0,1,1
5088,757680.5526321968,627811.565790246,0.0,0.0,1,1
5089,757680.5526321968,627811.565790246,0.0,0.0,1,1
5090,757680.5526321968,627811.565790246,0.0,0.0,1,1
5091,757680.5526321968,627811.565790246,0.0,0.0,1,1
5092,757680.5526321968,627811.565790246,0.0,0.0,1,1
5093,757680.5526321968,627811.565790246,0.0,0.0,1,1
5094,757680.5526321968,627811.565790246,0.0,0.0,1,1
5095,757680.5526321968,627811.565790246,0.0,0.0,1,1
5096,757680.5526321968,627811.565790246,0.0,0.0,1,1
5097,757680.5526321968,627811.565790246,0.0,0.0,1,1
5098,757680.5526321968,627811.565790246,0.0,0.0,1,1
5099,757680.5526321968,627811.565790246,0.0,0.0,1,1
5100,757680.5526321968,627811.565790246,0.0,0.0,1,1
5101,757680.5526321968,627811.565790246,0.0,0.0,1,1
5102,757680.5526321968,627811.565790246,0.0,0.0,1,1
5103,757680.5526321968,627811.565790246,0.0,0.0,1,1
5104,757680.5526321968,627811.565790246,0.0,0.0,1,1
5105,757680.5526321968,627811.565790246,0.0,0.0,1,1
5106,757680.5526321968,627811.565790246,0.0,0.0,1,1
5107,757680.5526321968,627811.565790246,0.0,0.0,1,1
5108,758782.065790246,627811.565790246,0.0,0.0,1,1
5109,758085.065790246,627811.565790246,0.0,0.0,1,1
5110,758085.065790246,627811.565790246,0.0,0.0,1,1
5111,758085.065790246,627811.565790246,0.0,0.0,1,1
5112,758085.065790246,627811.565790246,0.0,0.0,1,1
5113,758085.065790246,627811.565790246,0.0,0.0,1,1
5114,758085.065790246,627811.565790246,0.0,0.0,1,1
5115,758085.065790246,627811.565790246,0.0,0.0,1,1
5116,758085.065790246,627811.565790246,0.0,0.0,1,1
5117,758085.065790246,627811.565790246,0.0,0.0,1,1
5118,758085.065790246,627811.565790246,0.0,0.0,1,1
5119,758085.065790246,627811.565790246,0.0,0.0,1,1
5120,758085.065790246,627811.565790246,0.0,0.0,1,1
5121,758085.065790246,627811.565790246,0.0,0.0,1,1
5122,758085.065790246,627811.565790246,0.0,0.0,1,1
5123,758085.065790246,627811.565790246,0.0,0.0,1,1
5124,758085.065790246,627811.565790246,0.0,0.0,1,1
5125,758085.065790246,627811.565790246,0.0,0.0,1,1
5126,758085.065790246,627811.565790246,0.0,0.0,1,1
5127,758085.065790246,627811.565790246,0.0,0.0,1,1
5128,758085.065790246,627811.565790246,0.0,0.0,1,1
5129,758085.065790246,627811.565790246,0.0,0.0,1,1
5130,758085.065790246,627811.565790246,0.0,0.0,1,1
5131,758085.065790246,627811.565790246,0.0,0.0,1,1
5132,759899.565790246,627811.565790246,0.0,0.0,1,1
5133,759899.565790246,627811.565790246,0.0,0.0,1,1
5134,759899.565790246,627811.565790246,0.0,0.0,1,1
5135,759899.565790246,627811.565790246,0.0,0.0,1,1
5136,759899.565790246,627811.565790246,0.0,0.0,1,1
5137,759899.565790246,627811.565790246,0.0,0.0,1,1
5138,759899.565790246,627811.565790246,0.0,0.0,1,1
5139,759899.565790246,627811.565790246,0.0,0.0,1,1
5140,759899.565790246,627811.565790246,0.0,0.0,1,1
5141,759899.565790246,627811.565790246,0.0,0.0,1,1
5142,759899.565790246,627811.565790246,0.0,0.0,1,1
5143,759899.565790246,627811.565790246,0.0,0.0,1,1
5144,759899.565790246,627811.565790246,0.0,0.0,1,1
5145,759899.565790246,627811.565790246,0.0,0.0,1,1
5146,759899.565790246,627811.565790246,0.0,0.0,1,1
5147,759899.565790246,627811.565790246,0.0,0.0,1,1
5148,759899.565790246,627811.565790246,0.0,0.0,1,1
5149,759899.565790246,627811.565790246,0.0,0.0,1,1
5150,759899.565790246,627811.565790246,0.0,0.0,1,1
5151,759899.565790246,627811.565790246,0.0,0.0,1,1
5152,759899.565790246,627811.565790246,0.0,0.0,1,1
5153,759899.565790246,627811.565790246,0.0,0.0,1,1
5154,759899.565790246,627811.565790246,0.0,0.0,1,1
5155,759899.565790246,627811.565790246,0.0,0.0,1,1
5156,760622.065790246,627811.565790246,0.0,0.0,1,1
5157,760622.065790246,627811.565790246,0.0,0.0,1,1
5158,760622.065790246,627811.565790246,0.0,0.0,1,1
5159,760622.065790246,627811.565790246,0.0,0.0,1,1
5160,760622.065790246,627811.565790246,0.0,0.0,1,1
5161,760622.065790246,627811.565790246,0.0,0.0,1,1
5162,760622.065790246,627811.565790246,0.0,0.0,1,1
5163,760622.065790246,627811.565790246,0.0,0.0,1,1
5164,760622.065790246,627811.565790246,0.0,0.0,1,1
5165,760622.065790246,627811.565790246,0.0,0.0,1,1
5166,760622.065790246,627811.565790246,0.0,0.0,1,1
5167,760622.065790246,627811.565790246,0.0,0.0,1,1
5168,760622.065790246,627811.565790246,0.0,0.0,1,1
5169,760622.065790246,627811.565790246,0.0,0.0,1,1
5170,760563.065790246,627811.565790246,0.0,0.0,1,1
5171,760563.065790246,627811.565790246,0.0,0.0,1,1
5172,760563.065790246,627811.565790246,0.0,0.0,1,1
5173,761528.1052643935,627811.565790246,0.0,0.0,1,1
5174,761528.1052643935,627811.565790246,0.0,0.0,1,1
5175,761528.1052643935,627811.565790246,0.0,0.0,1,1
5176,761528.1052643935,627811.565790246,0.0,0.0,1,1
5177,761528.1052643935,627811.565790246,0.0,0.0,1,1
5178,761528.1052643935,627811.565790246,0.0,0.0,1,1
5179,761528.1052643935,627811.565790246,0.0,0.0,1,1
5180,761528.1052643935,627811.565790246,0.0,0.0,1,1
5181,761528.1052643935,627811.565790246,0.0,0.0,1,1
5182,761619.6052643935,627811.565790246,0.0,0.0,1,1
5183,761619.6052643935,627811.565790246,0.0,0.0,1,1
5184,761619.6052643935,627811.565790246,0.0,0.0,1,1
5185,761619.6052643935,627811.565790246,0.0,0.0,1,1
5186,761619.6052643935,627811.565790246,0.0,0.0,1,1
5187,761654.5921063443,627811.565790246,0.0,0.0,1,1
5188,761750.6184224427,627811.565790246,0.0,0.0,1,1
5189,761750.6184224427,627811.565790246,0.0,0.0,1,1
5190,761750.6184224427,627811.565790246,0.0,0.0,1,1
5191,761750.6184224427,627811.565790246,0.0,0.0,1,1
5192,761750.6184224427,627811.565790246,0.0,0.0,1,1
5193,761750.6184224427,627811.565790246,0.0,0.0,1,1
5194,761750.6184224427,627811.565790246,0.0,0.0,1,1
5195,761750.6184224427,627811.565790246,0.0,0.0,1,1
5196,761750.6184224427,627811.565790246,0.0,0.0,1,1
5197,761750.6184224427,627811.565790246,0.0,0.0,1,1
5198,761750.6184224427,627811.565790246,0.0,0.0,1,1
5199,761750.6184224427,627811.565790246,0.0,0.0,1,1
5200,761750.6184224427,627811.565790246,0.0,0.0,1,1
5201,761750.6184224427,627811.565790246,0.0,0.0,1,1
5202,761750.6184224427,627811.565790246,0.0,0.0,1,1
5203,761750.6184224427,627811.565790246,0.0,0.0,1,1
5204,761750.6184224427,627811.565790246,0.0,0.0,1,1
5205,758614.1315804918,627811.565790246,0.0,0.0,1,1
5206,758614.1315804918,627811.565790246,0.0,0.0,1,1
5207,758614.1315804918,627811.565790246,0.0,0.0,1,1
5208,758614.1315804918,627811.565790246,0.0,0.0,1,1
5209,758614.1315804918,627811.565790246,0.0,0.0,1,1
5210,758614.1315804918,627811.565790246,0.0,0.0,1,1
5211,758614.1315804918,627811.565790246,0.0,0.0,1,1
5212,758614.1315804918,627811.565790246,0.0,0.0,1,1
5213,758614.1315804918,627811.565790246,0.0,0.0,1,1
5214,758614.1315804918,627811.565790246,0.0,0.0,1,1
5215,758614.1315804918,627811.565790246,0.0,0.0,1,1
5216,758614.1315804918,627811.565790246,0.0,0.0,1,1
5217,758614.1315804918,627811.565790246,0.0,0.0,1,1
5218,758614.1315804918,627811.565790246,0.0,0.0,1,1
5219,758614.1315804918,627811.565790246,0.0,0.0,1,1
5220,758614.1315804918,627811.565790246,0.0,0.0,1,1
5221,758614.1315804918,627811.565790246,0.0,0.0,1,1
5222,758614.1315804918,627811.565790246,0.0,0.0,1,1
5223,758614.1315804918,627811.565790246,0.0,0.0,1,1
5224,758614.1315804918,627811.565790246,0.0,0.0,1,1
5225,758614.1315804918,627811.565790246,0.0,0.0,1,1
5226,758614.1315804918,627811.565790246,0.0,0.0,1,1
5227,758614.1315804918,627811.565790246,0.0,0.0,1,1
5228,758614.1315804918,627811.565790246,0.0,0.0,1,1
5229,758614.1315804918,627811.565790246,0.0,0.0,1,1
5230,758614.1315804918,627811.565790246,0.0,0.0,1,1
5231,758614.1315804918,627811.565790246,0.0,0.0,1,1
5232,758614.1315804918,627811.565790246,0.0,0.0,1,1
5233,758614.1315804918,627811.565790246,0.0,0.0,1,1
5234,758614.1315804918,627811.565790246,0.0,0.0,1,1
5235,758614.1315804918,627811.565790246,0.0,0.0,1,1
5236,758614.1315804918,627811.565790246,0.0,0.0,1,1
5237,758614.1315804918,627811.565790246,0.0,0.0,1,1
5238,758614.1315804918,627811.565790246,0.0,0.0,1,1
5239,758614.1315804918,627811.565790246,0.0,0.0,1,1
5240,758614.1315804918,627811.565790246,0.0,0.0,1,1
5241,758614.1315804918,627811.565790246,0.0,0.0,1,1
5242,758614.1315804918,627811.565790246,0.0,0.0,1,1
5243,758614.1315804918,627811.565790246,0.0,0.0,1,1
5244,758614.1315804918,627811.565790246,0.0,0.0,1,1
5245,758614.1315804918,627811.565790246,0.0,0.0,1,1
5246,758614.1315804918,627811.565790246,0.0,0.0,1,1
5247,758614.1315804918,627811.565790246,0.0,0.0,1,1
5248,758614.1315804918,627811.565790246,0.0,0.0,1,1
5249,758614.1315804918,627811.565790246,0.0,0.0,1,1
5250,758614.1315804918,627811.565790246,0.0,0.0,1,1
5251,758746.6315804918,627811.565790246,0.0,0.0,1,1
5252,758746.6315804918,627811.565790246,0.0,0.0,1,1
5253,758746.6315804918,627811.565790246,0.0,0.0,1,1
5254,758710.1315804918,627811.565790246,0.0,0.0,1,1
5255,758710.1315804918,627811.565790246,0.0,0.0,1,1
5256,758710.1315804918,627811.565790246,0.0,0.0,1,1
5257,758710.1315804918,627811.565790246,0.0,0.0,1,1
5258,758710.1315804918,627811.565790246,0.0,0.0,1,1
5259,758710.1315804918,627811.565790246,0.0,0.0,1,1
5260,758710.1315804918,627811.565790246,0.0,0.0,1,1
5261,758710.1315804918,627811.565790246,0.0,0.0,1,1
5262,759254.1315804918,627811.565790246,0.0,0.0,1,1
5263,759254.1315804918,627811.565790246,0.0,0.0,1,1
5264,759254.1315804918,627811.565790246,0.0,0.0,1,1
5265,759254.1315804918,627811.565790246,0.0,0.0,1,1
5266,759254.1315804918,627811.565790246,0.0,0.0,1,1
5267,759212.1315804918,627811.565790246,0.0,0.0,1,1
5268,759212.1315804918,627811.565790246,0.0,0.0,1,1
5269,759212.1315804918,627811.565790246,0.0,0.0,1,1
5270,759212.1315804918,627811.565790246,0.0,0.0,1,1
5271,759212.1315804918,627811.565790246,0.0,0.0,1,1
5272,759212.1315804918,627811.565790246,0.0,0.0,1,1
5273,759212.1315804918,627811.565790246,0.0,0.0,1,1
5274,759212.1315804918,627811.565790246,0.0,0.0,1,1
5275,759234.6315804918,627811.565790246,0.0,0.0,1,1
5276,761645.6315804918,627811.565790246,0.0,0.0,1,1
5277,761645.6315804918,627811.565790246,0.0,0.0,1,1
5278,761645.6315804918,627811.565790246,0.0,0.0,1,1
5279,761645.6315804918,627811.565790246,0.0,0.0,1,1
5280,761645.6315804918,627811.565790246,0.0,0.0,1,1
5281,761645.6315804918,627811.565790246,0.0,0.0,1,1
5282,761645.6315804918,627811.565790246,0.0,0.0,1,1
5283,761645.6315804918,627811.565790246,0.0,0.0,1,1
5284,761645.6315804918,627811.565790246,0.0,0.0,1,1
5285,761645.6315804918,627811.565790246,0.0,0.0,1,1
5286,761645.6315804918,627811.565790246,0.0,0.0,1,1
5287,761645.6315804918,627811.565790246,0.0,0.0,1,1
5288,761645.6315804918,627811.565790246,0.0,0.0,1,1
5289,761645.6315804918,627811.565790246,0.0,0.0,1,1
5290,761253.1315804918,627811.565790246,0.0,0.0,1,1
5291,761253.1315804918,627811.565790246,0.0,0.0,1,1
5292,761253.1315804918,627811.565790246,0.0,0.0,1,1
5293,761253.1315804918,627811.565790246,0.0,0.0,1,1
5294,761253.1315804918,627811.565790246,0.0,0.0,1,1
5295,761253.1315804918,627811.565790246,0.0,0.0,1,1
5296,761253.1315804918,627811.565790246,0.0,0.0,1,1
5297,761253.1315804918,627811.565790246,0.0,0.0,1,1
5298,761253.1315804918,627811.565790246,0.0,0.0,1,1
5299,761253.1315804918,627811.565790246,0.0,0.0,1,1
5300,761253.1315804918,627811.565790246,0.0,0.0,1,1
5301,761253.1315804918,627811.565790246,0.0,0.0,1,1
5302,761253.1315804918,627811.565790246,0.0,0.0,1,1
5303,761768.6052643935,627811.565790246,0.0,0.0,1,1
5304,761768.6052643935,627811.565790246,0.0,0.0,1,1
5305,761369.1052643935,627811.565790246,0.0,0.0,1,1
5306,761369.1052643935,627811.565790246,0.0,0.0,1,1
5307,761369.1052643935,627811.565790246,0.0,0.0,1,1
5308,761369.1052643935,627811.565790246,0.0,0.0,1,1
5309,761369.1052643935,627811.565790246,0.0,0.0,1,1
5310,761369.1052643935,627811.565790246,0.0,0.0,1,1
5311,761369.1052643935,627811.565790246,0.0,0.0,1,1
5312,761369.1052643935,627811.565790246,0.0,0.0,1,1
5313,761369.1052643935,627811.565790246,0.0,0.0,1,1
5314,761369.1052643935,627811.565790246,0.0,0.0,1,1
5315,761369.1052643935,627811.565790246,0.0,0.0,1,1
5316,761369.1052643935,627811.565790246,0.0,0.0,1,1
5317,761369.1052643935,627811.565790246,0.0,0.0,1,1
5318,761369.1052643935,627811.565790246,0.0,0.0,1,1
5319,761369.1052643935,627811.565790246,0.0,0.0,1,1
5320,761369.1052643935,627811.565790246,0.0,0.0,1,1
5321,761369.1052643935,627811.565790246,0.0,0.0,1,1
5322,761369.1052643935,627811.565790246,0.0,0.0,1,1
5323,761369.1052643935,627811.565790246,0.0,0.0,1,1
5324,761369.1052643935,627811.565790246,0.0,0.0,1,1
5325,761369.1052643935,627811.565790246,0.0,0.0,1,1
5326,761369.1052643935,627811.565790246,0.0,0.0,1,1
5327,761369.1052643935,627811.565790246,0.0,0.0,1,1
5328,761369.1052643935,627811.565790246,0.0,0.0,1,1
5329,761369.1052643935,627811.565790246,0.0,0.0,1,1
5330,761369.1052643935,627811.565790246,0.0,0.0,1,1
5331,761369.1052643935,627811.565790246,0.0,0.0,1,1
5332,761369.1052643935,627811.565790246,0.0,0.0,1,1
5333,761369.1052643935,627811.565790246,0.0,0.0,1,1
5334,761369.1052643935,627811.565790246,0.0,0.0,1,1
5335,761380.1052643935,627811.565790246,0.0,0.0,1,1
5336,761380.1052643935,627811.565790246,0.0,0.0,1,1
5337,761380.1052643935,627811.565790246,0.0,0.0,1,1
5338,761380.1052643935,627811.565790246,0.0,0.0,1,1
5339,761380.1052643935,627811.565790246,0.0,0.0,1,1
5340,761380.1052643935,627811.565790246,0.0,0.0,1,1
5341,761380.1052643935,627811.565790246,0.0,0.0,1,1
5342,761380.1052643935,627811.565790246,0.0,0.0,1,1
5343,761380.1052643935,627811.565790246,0.0,0.0,1,1
5344,761380.1052643935,627811.565790246,0.0,0.0,1,1
5345,761380.1052643935,627811.565790246,0.0,0.0,1,1
5346,761380.1052643935,627811.565790246,0.0,0.0,1,1
5347,761380.1052643935,627811.565790246,0.0,0.0,1,1
5348,761380.1052643935,627811.565790246,0.0,0.0,1,1
5349,761727.1052643935,627811.565790246,0.0,0.0,1,1
5350,761727.1052643935,627811.565790246,0.0,0.0,1,1
5351,761727.1052643935,627811.565790246,0.0,0.0,1,1
5352,763697.1184224426,627811.565790246,0.0,0.0,1,1
5353,763697.1184224426,627811.565790246,0.0,0.0,1,1
5354,763697.1184224426,627811.565790246,0.0,0.0,1,1
5355,763697.1184224426,627811.565790246,0.0,0.0,1,1
5356,763697.1184224426,627811.565790246,0.0,0.0,1,1
5357,763697.1184224426,627811.565790246,0.0,0.0,1,1
5358,763697.1184224426,627811.565790246,0.0,0.0,1,1
5359,763697.1184224426,627811.565790246,0.0,0.0,1,1
5360,763697.1184224426,627811.565790246,0.0,0.0,1,1
5361,763697.1184224426,627811.565790246,0.0,0.0,1,1
5362,763697.1184224426,627811.565790246,0.0,0.0,1,1
5363,763697.1184224426,627811.565790246,0.0,0.0,1,1
5364,763697.1184224426,627811.565790246,0.0,0.0,1,1
5365,763697.1184224426,627811.565790246,0.0,0.0,1,1
5366,763697.1184224426,627811.565790246,0.0,0.0,1,1
5367,763697.1184224426,627811.565790246,0.0,0.0,1,1
5368,763697.1184224426,627811.565790246,0.0,0.0,1,1
5369,763697.1184224426,627811.565790246,0.0,0.0,1,1
5370,763697.1184224426,627811.565790246,0.0,0.0,1,1
5371,763697.1184224426,627811.565790246,0.0,0.0,1,1
5372,763697.1184224426,627811.565790246,0.0,0.0,1,1
5373,763697.1184224426,627811.565790246,0.0,0.0,1,1
5374,763697.1184224426,627811.565790246,0.0,0.0,1,1
5375,763697.1184224426,627811.565790246,0.0,0.0,1,1
5376,763697.1184224426,627811.565790246,0.0,0.0,1,1
5377,763697.1184224426,627811.565790246,0.0,0.0,1,1
5378,763697.1184224426,627811.565790246,0.0,0.0,1,1
5379,763697.1184224426,627811.565790246,0.0,0.0,1,1
5380,763672.1184224426,627811.565790246,0.0,0.0,1,1
5381,763672.1184224426,627811.565790246,0.0,0.0,1,1
5382,763672.1184224426,627811.565790246,0.0,0.0,1,1
5383,763672.1184224426,627811.565790246,0.0,0.0,1,1
5384,763672.1184224426,627811.565790246,0.0,0.0,1,1
5385,763672.1184224426,627811.565790246,0.0,0.0,1,1
5386,763672.1184224426,627811.565790246,0.0,0.0,1,1
5387,763672.1184224426,627811.565790246,0.0,0.0,1,1
5388,763672.1184224426,627811.565790246,0.0,0.0,1,1
5389,763672.1184224426,627811.565790246,0.0,0.0,1,1
5390,763672.1184224426,627811.565790246,0.0,0.0,1,1
5391,763672.1184224426,627811.565790246,0.0,0.0,1,1
5392,763672.1184224426,627811.565790246,0.0,0.0,1,1
5393,763672.1184224426,627811.565790246,0.0,0.0,1,1
5394,763672.1184224426,627811.565790246,0.0,0.0,1,1
5395,763672.1184224426,627811.565790246,0.0,0.0,1,1
5396,763672.1184224426,627811.565790246,0.0,0.0,1,1
5397,763657.1184224426,627811.565790246,0.0,0.0,1,1
5398,763657.1184224426,627811.565790246,0.0,0.0,1,1
5399,763657.1184224426,627811.565790246,0.0,0.0,1,1
5400,763657.1184224426,627811.565790246,0.0,0.0,1,1
5401,763657.1184224426,627811.565790246,0.0,0.0,1,1
5402,763657.1184224426,627811.565790246,0.0,0.0,1,1
5403,763657.1184224426,627811.565790246,0.0,0.0,1,1
5404,763657.1184224426,627811.565790246,0.0,0.0,1,1
5405,763657.1184224426,627811.565790246,0.0,0.0,1,1
5406,763657.1184224426,627811.565790246,0.0,0.0,1,1
5407,763657.1184224426,627811.565790246,0.0,0.0,1,1
5408,763657.1184224426,627811.565790246,0.0,0.0,1,1
5409,763540.1184224426,627811.565790246,0.0,0.0,1,1
5410,777993.144738541,627811.565790246,0.0,0.0,1,1
5411,777993.144738541,627811.565790246,0.0,0.0,1,1
5412,777993.144738541,627811.565790246,0.0,0.0,1,1
5413,777993.144738541,627811.565790246,0.0,0.0,1,1
5414,777993.144738541,627811.565790246,0.0,0.0,1,1
5415,777993.144738541,627811.565790246,0.0,0.0,1,1
5416,777993.144738541,627811.565790246,0.0,0.0,1,1
5417,777993.144738541,627811.565790246,0.0,0.0,1,1
5418,777993.144738541,627811.565790246,0.0,0.0,1,1
5419,777993.144738541,627811.565790246,0.0,0.0,1,1
5420,777993.144738541,627811.565790246,0.0,0.0,1,1
5421,777993.144738541,627811.565790246,0.0,0.0,1,1
5422,777993.144738541,627811.565790246,0.0,0.0,1,1
5423,777993.144738541,627811.565790246,0.0,0.0,1,1
5424,777993.144738541,627811.565790246,0.0,0.0,1,1
5425,777993.144738541,627811.565790246,0.0,0.0,1,1
5426,777993.144738541,627811.565790246,0.0,0.0,1,1
5427,777993.144738541,627811.565790246,0.0,0.0,1,1
5428,777993.144738541,627811.565790246,0.0,0.0,1,1
5429,777734.1842126886,627811.565790246,0.0,0.0,1,1
5430,777829.6842126886,627811.565790246,0.0,0.0,1,1
5431,777829.6842126886,627811.565790246,0.0,0.0,1,1
5432,777829.6842126886,627811.565790246,0.0,0.0,1,1
5433,777829.6842126886,627811.565790246,0.0,0.0,1,1
5434,777829.6842126886,627811.565790246,0.0,0.0,1,1
5435,777829.6842126886,627811.565790246,0.0,0.0,1,1
5436,777829.6842126886,627811.565790246,0.0,0.0,1,1
5437,777829.6842126886,627811.565790246,0.0,0.0,1,1
5438,777829.6842126886,627811.565790246,0.0,0.0,1,1
5439,777829.6842126886,627811.565790246,0.0,0.0,1,1
5440,777829.6842126886,627811.565790246,0.0,0.0,1,1
5441,777829.6842126886,627811.565790246,0.0,0.0,1,1
5442,777829.6842126886,627811.565790246,0.0,0.0,1,1
5443,777829.6842126886,627811.565790246,0.0,0.0,1,1
5444,777829.6842126886,627811.565790246,0.0,0.0,1,1
5445,780053.1973707378,627811.565790246,0.0,0.0,1,1
5446,780053.1973707378,627811.565790246,0.0,0.0,1,1
5447,780053.1973707378,627811.565790246,0.0,0.0,1,1
5448,780053.1973707378,627811.565790246,0.0,0.0,1,1
5449,780053.1973707378,627811.565790246,0.0,0.0,1,1
5450,780577.6973707378,627811.565790246,0.0,0.0,1,1
5451,780577.6973707378,627811.565790246,0.0,0.0,1,1
5452,780577.6973707378,627811.565790246,0.0,0.0,1,1
5453,780577.6973707378,627811.565790246,0.0,0.0,1,1
5454,780793.6578965902,627811.565790246,0.0,0.0,1,1
5455,780793.6578965902,627811.565790246,0.0,0.0,1,1
5456,780793.6578965902,627811.565790246,0.0,0.0,1,1
5457,780793.6578965902,627811.565790246,0.0,0.0,1,1
5458,780793.6578965902,627811.565790246,0.0,0.0,1,1
5459,780793.6578965902,627811.565790246,0.0,0.0,1,1
5460,780793.6578965902,627811.565790246,0.0,0.0,1,1
5461,780793.6578965902,627811.565790246,0.0,0.0,1,1
5462,780793.6578965902,627811.565790246,0.0,0.0,1,1
5463,780793.6578965902,627811.565790246,0.0,0.0,1,1
5464,780842.6578965902,627811.565790246,0.0,0.0,1,1
5465,780842.6578965902,627811.565790246,0.0,0.0,1,1
5466,780842.6578965902,627811.565790246,0.0,0.0,1,1
5467,780842.6578965902,627811.565790246,0.0,0.0,1,1
5468,780842.6578965902,627811.565790246,0.0,0.0,1,1
5469,780842.6578965902,627811.565790246,0.0,0.0,1,1
5470,780842.6578965902,627811.565790246,0.0,0.0,1,1
5471,780842.6578965902,627811.565790246,0.0,0.0,1,1
5472,780842.6578965902,627811.565790246,0.0,0.0,1,1
5473,780842.6578965902,627811.565790246,0.0,0.0,1,1
5474,780842.6578965902,627811.565790246,0.0,0.0,1,1
5475,780842.6578965902,627811.565790246,0.0,0.0,1,1
5476,780842.6578965902,627811.565790246,0.0,0.0,1,1
5477,780842.6578965902,627811.565790246,0.0,0.0,1,1
5478,780842.6578965902,627811.565790246,0.0,0.0,1,1
5479,780842.6578965902,627811.565790246,0.0,0.0,1,1
5480,780842.6578965902,627811.565790246,0.0,0.0,1,1
5481,780842.6578965902,627811.565790246,0.0,0.0,1,1
5482,780842.6578965902,627811.565790246,0.0,0.0,1,1
5483,780378.1578965902,627811.565790246,0.0,0.0,1,1
5484,780378.1578965902,627811.565790246,0.0,0.0,1,1
5485,780378.1578965902,627811.565790246,0.0,0.0,1,1
5486,780378.1578965902,627811.565790246,0.0,0.0,1,1
5487,780378.1578965902,627811.565790246,0.0,0.0,1,1
5488,780378.1578965902,627811.565790246,0.0,0.0,1,1
5489,780378.1578965902,627811.565790246,0.0,0.0,1,1
5490,780378.1578965902,627811.565790246,0.0,0.0,1,1
5491,780378.1578965902,627811.565790246,0.0,0.0,1,1
5492,780378.1578965902,627811.565790246,0.0,0.0,1,1
5493,780378.1578965902,627811.565790246,0.0,0.0,1,1
5494,780378.1578965902,627811.565790246,0.0,0.0,1,1
5495,780378.1578965902,627811.565790246,0.0,0.0,1,1
5496,780378.1578965902,627811.565790246,0.0,0.0,1,1
5497,770601.6315804918,627811.565790246,0.0,0.0,1,1
5498,770601.6315804918,627811.565790246,0.0,0.0,1,1
5499,770601.6315804918,627811.565790246,0.0,0.0,1,1
5500,770601.6315804918,627811.565790246,0.0,0.0,1,1
5501,770601.6315804918,627811.565790246,0.0,0.0,1,1
5502,770601.6315804918,627811.565790246,0.0,0.0,1,1
5503,770601.6315804918,627811.565790246,0.0,0.0,1,1
5504,770601.6315804918,627811.565790246,0.0,0.0,1,1
5505,770601.6315804918,627811.565790246,0.0,0.0,1,1
5506,770601.6315804918,627811.565790246,0.0,0.0,1,1
5507,770601.6315804918,627811.565790246,0.0,0.0,1,1
5508,770601.6315804918,627811.565790246,0.0,0.0,1,1
5509,770601.6315804918,627811.565790246,0.0,0.0,1,1
5510,770601.6315804918,627811.565790246,0.0,0.0,1,1
5511,770601.6315804918,627811.565790246,0.0,0.0,1,1
5512,770601.6315804918,627811.565790246,0.0,0.0,1,1
5513,770601.6315804918,627811.565790246,0.0,0.0,1,1
5514,770601.6315804918,627811.565790246,0.0,0.0,1,1
5515,770601.6315804918,627811.565790246,0.0,0.0,1,1
5516,770601.6315804918,627811.565790246,0.0,0.0,1,1
5517,770601.6315804918,627811.565790246,0.0,0.0,1,1
5518,770596.6315804918,627811.565790246,0.0,0.0,1,1
5519,770741.6315804918,627811.565790246,0.0,0.0,1,1
5520,770694.6315804918,627811.565790246,0.0,0.0,1,1
5521,770940.6315804918,627811.565790246,0.0,0.0,1,1
5522,770940.6315804918,627811.565790246,0.0,0.0,1,1
5523,770940.6315804918,627811.565790246,0.0,0.0,1,1
5524,770940.6315804918,627811.565790246,0.0,0.0,1,1
5525,770940.6315804918,627811.565790246,0.0,0.0,1,1
5526,770940.6315804918,627811.565790246,0.0,0.0,1,1
5527,770940.6315804918,627811.565790246,0.0,0.0,1,1
5528,770940.6315804918,627811.565790246,0.0,0.0,1,1
5529,770940.6315804918,627811.565790246,0.0,0.0,1,1
5530,770940.6315804918,627811.565790246,0.0,0.0,1,1
5531,770940.6315804918,627811.565790246,0.0,0.0,1,1
5532,770940.6315804918,627811.565790246,0.0,0.0,1,1
5533,770940.6315804918,627811.565790246,0.0,0.0,1,1
5534,770940.6315804918,627811.565790246,0.0,0.0,1,1
5535,770940.6315804918,627811.565790246,0.0,0.0,1,1
5536,771603.1184224426,627811.565790246,0.0,0.0,1,1
5537,771603.1184224426,627811.565790246,0.0,0.0,1,1
5538,771603.1184224426,627811.565790246,0.0,0.0,1,1
5539,771603.1184224426,627811.565790246,0.0,0.0,1,1
5540,771603.1184224426,627811.565790246,0.0,0.0,1,1
5541,771603.1184224426,627811.565790246,0.0,0.0,1,1
5542,771603.1184224426,627811.565790246,0.0,0.0,1,1
5543,771603.1184224426,627811.565790246,0.0,0.0,1,1
5544,771603.1184224426,627811.565790246,0.0,0.0,1,1
5545,771677.1315804918,627811.565790246,0.0,0.0,1,1
5546,771677.1315804918,627811.565790246,0.0,0.0,1,1
5547,777305.6315804918,627811.565790246,0.0,0.0,1,1
5548,777305.6315804918,627811.565790246,0.0,0.0,1,1
5549,777305.6315804918,627811.565790246,0.0,0.0,1,1
5550,777277.6578965902,627811.565790246,0.0,0.0,1,1
5551,777277.6578965902,627811.565790246,0.0,0.0,1,1
5552,777277.6578965902,627811.565790246,0.0,0.0,1,1
5553,777277.6578965902,627811.565790246,0.0,0.0,1,1
5554,777277.6578965902,627811.565790246,0.0,0.0,1,1
5555,777277.6578965902,627811.565790246,0.0,0.0,1,1
5556,777277.6578965902,627811.565790246,0.0,0.0,1,1
5557,777277.6578965902,627811.565790246,0.0,0.0,1,1
5558,777277.6578965902,627811.565790246,0.0,0.0,1,1
5559,777277.6578965902,627811.565790246,0.0,0.0,1,1
5560,777277.6578965902,627811.565790246,0.0,0.0,1,1
5561,777029.6710546394,627811.565790246,0.0,0.0,1,1
5562,777029.6710546394,627811.565790246,0.0,0.0,1,1
5563,777029.6710546394,627811.565790246,0.0,0.0,1,1
5564,777029.6710546394,627811.565790246,0.0,0.0,1,1
5565,777029.6710546394,627811.565790246,0.0,0.0,1,1
5566,777029.6710546394,627811.565790246,0.0,0.0,1,1
5567,777029.6710546394,627811.565790246,0.0,0.0,1,1
5568,777029.6710546394,627811.565790246,0.0,0.0,1,1
5569,777029.6710546394,627811.565790246,0.0,0.0,1,1
5570,777029.6710546394,627811.565790246,0.0,0.0,1,1
5571,777029.6710546394,627811.565790246,0.0,0.0,1,1
5572,777029.6710546394,627811.565790246,0.0,0.0,1,1
5573,777029.6710546394,627811.565790246,0.0,0.0,1,1
5574,777029.6710546394,627811.565790246,0.0,0.0,1,1
5575,777029.6710546394,627811.565790246,0.0,0.0,1,1
5576,777029.6710546394,627811.565790246,0.0,0.0,1,1
5577,777029.6710546394,627811.565790246,0.0,0.0,1,1
5578,776915.1710546394,627811.565790246,0.0,0.0,1,1
5579,776915.1710546394,627811.565790246,0.0,0.0,1,1
5580,776915.1710546394,627811.565790246,0.0,0.0,1,1
5581,776915.1710546394,627811.565790246,0.0,0.0,1,1
5582,776915.1710546394,627811.565790246,0.0,0.0,1,1
5583,776816.6578965902,627811.565790246,0.0,0.0,1,1
5584,776816.6578965902,627811.565790246,0.0,0.0,1,1
5585,776816.6578965902,627811.565790246,0.0,0.0,1,1
5586,776816.6578965902,627811.565790246,0.0,0.0,1,1
5587,776816.6578965902,627811.565790246,0.0,0.0,1,1
5588,776816.6578965902,627811.565790246,0.0,0.0,1,1
5589,776816.6578965902,627811.565790246,0.0,0.0,1,1
5590,776816.6578965902,627811.565790246,0.0,0.0,1,1
5591,776816.6578965902,627811.565790246,0.0,0.0,1,1
5592,776816.6578965902,627811.565790246,0.0,0.0,1,1
5593,776816.6578965902,627811.565790246,0.0,0.0,1,1
5594,776816.6578965902,627811.565790246,0.0,0.0,1,1
5595,776816.6578965902,627811.565790246,0.0,0.0,1,1
5596,776816.6578965902,627811.565790246,0.0,0.0,1,1
5597,776816.6578965902,627811.565790246,0.0,0.0,1,1
5598,776816.6578965902,627811.565790246,0.0,0.0,1,1
5599,776816.6578965902,627811.565790246,0.0,0.0,1,1
5600,776816.6578965902,627811.565790246,0.0,0.0,1,1
5601,776816.6578965902,627811.565790246,0.0,0.0,1,1
5602,776816.6578965902,627811.565790246,0.0,0.0,1,1
5603,776816.6578965902,627811.565790246,0.0,0.0,1,1
5604,776816.6578965902,627811.565790246,0.0,0.0,1,1
5605,776816.6578965902,627811.565790246,0.0,0.0,1,1
5606,776816.6578965902,627811.565790246,0.0,0.0,1,1
5607,776816.6578965902,627811.565790246,0.0,0.0,1,1
5608,776816.6578965902,627811.565790246,0.0,0.0,1,1
5609,776816.6578965902,627811.565790246,0.0,0.0,1,1
5610,776816.6578965902,627811.565790246,0.0,0.0,1,1
5611,776881.1578965902,627811.565790246,0.0,0.0,1,1
5612,776881.1578965902,627811.565790246,0.0,0.0,1,1
5613,776881.1578965902,627811.565790246,0.0,0.0,1,1
5614,776881.1578965902,627811.565790246,0.0,0.0,1,1
5615,776881.1578965902,627811.565790246,0.0,0.0,1,1
5616,776881.1578965902,627811.565790246,0.0,0.0,1,1
5617,776881.1578965902,627811.565790246,0.0,0.0,1,1
5618,776881.1578965902,627811.565790246,0.0,0.0,1,1
5619,776881.1578965902,627811.565790246,0.0,0.0,1,1
5620,776881.1578965902,627811.565790246,0.0,0.0,1,1
5621,776881.1578965902,627811.565790246,0.0,0.0,1,1
5622,776881.1578965902,627811.565790246,0.0,0.0,1,1
5623,776881.1578965902,627811.565790246,0.0,0.0,1,1
5624,777922.1578965902,627811.565790246,0.0,0.0,1,1
5625,777922.1578965902,627811.565790246,0.0,0.0,1,1
5626,777229.1578965902,627811.565790246,0.0,0.0,1,1
5627,777131.6315804918,627811.565790246,0.0,0.0,1,1
5628,777131.6315804918,627811.565790246,0.0,0.0,1,1
5629,777131.6315804918,627811.565790246,0.0,0.0,1,1
5630,777131.6315804918,627811.565790246,0.0,0.0,1,1
5631,777131.6315804918,627811.565790246,0.0,0.0,1,1
5632,777131.6315804918,627811.565790246,0.0,0.0,1,1
5633,777131.6315804918,627811.565790246,0.0,0.0,1,1
5634,777131.6315804918,627811.565790246,0.0,0.0,1,1
5635,777131.6315804918,627811.565790246,0.0,0.0,1,1
5636,777131.6315804918,627811.565790246,0.0,0.0,1,1
5637,777280.1315804918,627811.565790246,0.0,0.0,1,1
5638,777280.1315804918,627811.565790246,0.0,0.0,1,1
5639,777280.1315804918,627811.565790246,0.0,0.0,1,1
5640,777575.6315804918,627811.565790246,0.0,0.0,1,1
5641,777575.6315804918,627811.565790246,0.0,0.0,1,1
5642,777575.6315804918,627811.565790246,0.0,0.0,1,1
5643,777575.6315804918,627811.565790246,0.0,0.0,1,1
5644,777575.6315804918,627811.565790246,0.0,0.0,1,1
5645,778586.6315804918,627811.565790246,0.0,0.0,1,1
5646,778586.6315804918,627811.565790246,0.0,0.0,1,1
5647,778586.6315804918,627811.565790246,0.0,0.0,1,1
5648,778586.6315804918,627811.565790246,0.0,0.0,1,1
5649,778586.6315804918,627811.565790246,0.0,0.0,1,1
5650,778586.6315804918,627811.565790246,0.0,0.0,1,1
5651,778586.6315804918,627811.565790246,0.0,0.0,1,1
5652,778586.6315804918,627811.565790246,0.0,0.0,1,1
5653,778635.1315804918,627811.565790246,0.0,0.0,1,1
5654,778635.1315804918,627811.565790246,0.0,0.0,1,1
5655,778635.1315804918,627811.565790246,0.0,0.0,1,1
5656,778635.1315804918,627811.565790246,0.0,0.0,1,1
5657,778635.1315804918,627811.565790246,0.0,0.0,1,1
5658,778635.1315804918,627811.565790246,0.0,0.0,1,1
5659,778635.1315804918,627811.565790246,0.0,0.0,1,1
5660,778635.1315804918,627811.565790246,0.0,0.0,1,1
5661,778635.1315804918,627811.565790246,0.0,0.0,1,1
5662,778635.1315804918,627811.565790246,0.0,0.0,1,1
5663,778635.1315804918,627811.565790246,0.0,0.0,1,1
5664,778635.1315804918,627811.565790246,0.0,0.0,1,1
5665,778635.1315804918,627811.565790246,0.0,0.0,1,1
5666,778635.1315804918,627811.565790246,0.0,0.0,1,1
5667,778635.1315804918,627811.565790246,0.0,0.0,1,1
5668,778635.1315804918,627811.565790246,0.0,0.0,1,1
5669,778635.1315804918,627811.565790246,0.0,0.0,1,1
5670,778635.1315804918,627811.565790246,0.0,0.0,1,1
5671,778635.1315804918,627811.565790246,0.0,0.0,1,1
5672,778635.1315804918,627811.565790246,0.0,0.0,1,1
5673,779428.6315804919,627811.565790246,0.0,0.0,1,1
5674,779428.6315804919,627811.565790246,0.0,0.0,1,1
5675,779428.6315804919,627811.565790246,0.0,0.0,1,1
5676,779375.6315804919,627811.565790246,0.0,0.0,1,1
5677,779375.6315804919,627811.565790246,0.0,0.0,1,1
5678,779375.6315804919,627811.565790246,0.0,0.0,1,1
5679,779375.6315804919,627811.565790246,0.0,0.0,1,1
5680,782219.6184224427,627811.565790246,0.0,0.0,1,1
5681,782219.6184224427,627811.565790246,0.0,0.0,1,1
5682,782219.6184224427,627811.565790246,0.0,0.0,1,1
5683,782219.6184224427,627811.565790246,0.0,0.0,1,1
5684,782219.6184224427,627811.565790246,0.0,0.0,1,1
5685,782219.6184224427,627811.565790246,0.0,0.0,1,1
5686,782219.6184224427,627811.565790246,0.0,0.0,1,1
5687,782219.6184224427,627811.565790246,0.0,0.0,1,1
5688,782219.6184224427,627811.565790246,0.0,0.0,1,1
5689,782219.6184224427,627811.565790246,0.0,0.0,1,1
5690,782219.6184224427,627811.565790246,0.0,0.0,1,1
5691,782219.6184224427,627811.565790246,0.0,0.0,1,1
5692,782219.6184224427,627811.565790246,0.0,0.0,1,1
5693,782219.6184224427,627811.565790246,0.0,0.0,1,1
5694,782219.6184224427,627811.565790246,0.0,0.0,1,1
5695,782306.6184224427,627811.565790246,0.0,0.0,1,1
5696,782285.6052643935,627811.565790246,0.0,0.0,1,1
5697,782285.6052643935,627811.565790246,0.0,0.0,1,1
5698,782285.6052643935,627811.565790246,0.0,0.0,1,1
5699,782285.6052643935,627811.565790246,0.0,0.0,1,1
5700,782285.6052643935,627811.565790246,0.0,0.0,1,1
5701,782285.6052643935,627811.565790246,0.0,0.0,1,1
5702,782285.6052643935,627811.565790246,0.0,0.0,1,1
5703,782285.6052643935,627811.565790246,0.0,0.0,1,1
5704,782285.6052643935,627811.565790246,0.0,0.0,1,1
5705,782285.6052643935,627811.565790246,0.0,0.0,1,1
5706,782285.6052643935,627811.565790246,0.0,0.0,1,1
5707,782285.6052643935,627811.565790246,0.0,0.0,1,1
5708,782046.6052643935,627811.565790246,0.0,0.0,1,1
5709,782046.6052643935,627811.565790246,0.0,0.0,1,1
5710,782046.6052643935,627811.565790246,0.0,0.0,1,1
5711,782046.6052643935,627811.565790246,0.0,0.0,1,1
5712,782046.6052643935,627811.565790246,0.0,0.0,1,1
5713,782046.6052643935,627811.565790246,0.0,0.0,1,1
5714,782046.6052643935,627811.565790246,0.0,0.0,1,1
5715,782046.6052643935,627811.565790246,0.0,0.0,1,1
5716,782046.6052643935,627811.565790246,0.0,0.0,1,1
5717,782046.6052643935,627811.565790246,0.0,0.0,1,1
5718,782046.6052643935,627811.565790246,0.0,0.0,1,1
5719,782051.6052643935,627811.565790246,0.0,0.0,1,1
5720,782051.6052643935,627811.565790246,0.0,0.0,1,1
5721,782051.6052643935,627811.565790246,0.0,0.0,1,1
5722,782051.6052643935,627811.565790246,0.0,0.0,1,1
5723,782051.6052643935,627811.565790246,0.0,0.0,1,1
5724,782051.6052643935,627811.565790246,0.0,0.0,1,1
5725,782051.6052643935,627811.565790246,0.0,0.0,1,1
5726,782051.6052643935,627811.565790246,0.0,0.0,1,1
5727,782051.6052643935,627811.565790246,0.0,0.0,1,1
5728,782051.6052643935,627811.565790246,0.0,0.0,1,1
5729,782051.6052643935,627811.565790246,0.0,0.0,1,1
5730,782051.6052643935,627811.565790246,0.0,0.0,1,1
5731,782051.6052643935,627811.565790246,0.0,0.0,1,1
5732,782051.6052643935,627811.565790246,0.0,0.0,1,1
5733,782051.6052643935,627811.565790246,0.0,0.0,1,1
5734,782051.6052643935,627811.565790246,0.0,0.0,1,1
5735,782051.6052643935,627811.565790246,0.0,0.0,1,1
5736,782119.6315804918,627811.565790246,0.0,0.0,1,1
5737,782119.6315804918,627811.565790246,0.0,0.0,1,1
5738,782119.6315804918,627811.565790246,0.0,0.0,1,1
5739,782119.6315804918,627811.565790246,0.0,0.0,1,1
5740,782119.6315804918,627811.565790246,0.0,0.0,1,1
5741,782119.6315804918,627811.565790246,0.0,0.0,1,1
5742,782119.6315804918,627811.565790246,0.0,0.0,1,1
5743,782119.6315804918,627811.565790246,0.0,0.0,1,1
5744,782313.1315804918,627811.565790246,0.0,0.0,1,1
5745,782013.6315804918,627811.565790246,0.0,0.0,1,1
5746,782013.6315804918,627811.565790246,0.0,0.0,1,1
5747,782013.6315804918,627811.565790246,0.0,0.0,1,1
5748,782013.6315804918,627811.565790246,0.0,0.0,1,1
5749,782013.6315804918,627811.565790246,0.0,0.0,1,1
5750,782013.6315804918,627811.565790246,0.0,0.0,1,1
5751,782013.6315804918,627811.565790246,0.0,0.0,1,1
5752,782013.6315804918,627811.565790246,0.0,0.0,1,1
5753,781843.6315804918,627811.565790246,0.0,0.0,1,1
5754,781921.1315804918,627811.565790246,0.0,0.0,1,1
5755,781921.1315804918,627811.565790246,0.0,0.0,1,1
5756,781921.1315804918,627811.565790246,0.0,0.0,1,1
5757,781921.1315804918,627811.565790246,0.0,0.0,1,1
5758,781921.1315804918,627811.565790246,0.0,0.0,1,1
5759,781921.1315804918,627811.565790246,0.0,0.0,1,1
5760,781921.1315804918,627811.565790246,0.0,0.0,1,1
5761,781921.1315804918,627811.565790246,0.0,0.0,1,1
5762,781921.1315804918,627811.565790246,0.0,0.0,1,1
5763,781921.1315804918,627811.565790246,0.0,0.0,1,1
5764,783499.1315804918,627811.565790246,0.0,0.0,1,1
5765,785115.6315804918,627811.565790246,0.0,0.0,1,1
5766,785115.6315804918,627811.565790246,0.0,0.0,1,1
5767,785115.6315804918,627811.565790246,0.0,0.0,1,1
5768,785063.1315804918,627811.565790246,0.0,0.0,1,1
5769,785087.1315804918,627811.565790246,0.0,0.0,1,1
5770,785087.1315804918,627811.565790246,0.0,0.0,1,1
5771,784857.1315804918,627811.565790246,0.0,0.0,1,1
5772,784857.1315804918,627811.565790246,0.0,0.0,1,1
5773,784857.1315804918,627811.565790246,0.0,0.0,1,1
5774,784857.1315804918,627811.565790246,0.0,0.0,1,1
5775,784857.1315804918,627811.565790246,0.0,0.0,1,1
5776,784857.1315804918,627811.565790246,0.0,0.0,1,1
5777,784857.1315804918,627811.565790246,0.0,0.0,1,1
5778,784857.1315804918,627811.565790246,0.0,0.0,1,1
5779,784857.1315804918,627811.565790246,0.0,0.0,1,1
5780,784857.1315804918,627811.565790246,0.0,0.0,1,1
5781,784857.1315804918,627811.565790246,0.0,0.0,1,1
5782,784857.1315804918,627811.565790246,0.0,0.0,1,1
5783,784857.1315804918,627811.565790246,0.0,0.0,1,1
5784,784857.1315804918,627811.565790246,0.0,0.0,1,1
5785,784857.1315804918,627811.565790246,0.0,0.0,1,1
5786,784857.1315804918,627811.565790246,0.0,0.0,1,1
5787,784857.1315804918,627811.565790246,0.0,0.0,1,1
5788,784857.1315804918,627811.565790246,0.0,0.0,1,1
5789,784857.1315804918,627811.565790246,0.0,0.0,1,1
5790,784857.1315804918,627811.565790246,0.0,0.0,1,1
5791,784857.1315804918,627811.565790246,0.0,0.0,1,1
5792,784857.1315804918,627811.565790246,0.0,0.0,1,1
5793,784857.1315804918,627811.565790246,0.0,0.0,1,1
5794,784857.1315804918,627811.565790246,0.0,0.0,1,1
5795,784857.1315804918,627811.565790246,0.0,0.0,1,1
5796,784857.1315804918,627811.565790246,0.0,0.0,1,1
5797,784857.1315804918,627811.565790246,0.0,0.0,1,1
5798,784857.1315804918,627811.565790246,0.0,0.0,1,1
5799,784857.1315804918,627811.565790246,0.0,0.0,1,1
5800,784857.1315804918,627811.565790246,0.0,0.0,1,1
5801,784857.1315804918,627811.565790246,0.0,0.0,1,1
5802,784857.1315804918,627811.565790246,0.0,0.0,1,1
5803,784857.1315804918,627811.565790246,0.0,0.0,1,1
5804,784857.1315804918,627811.565790246,0.0,0.0,1,1
5805,784857.1315804918,627811.565790246,0.0,0.0,1,1
5806,784857.1315804918,627811.565790246,0.0,0.0,1,1
5807,784857.1315804918,627811.565790246,0.0,0.0,1,1
5808,784857.1315804918,627811.565790246,0.0,0.0,1,1
5809,784857.1315804918,627811.565790246,0.0,0.0,1,1
5810,784857.1315804918,627811.565790246,0.0,0.0,1,1
5811,784857.1315804918,627811.565790246,0.0,0.0,1,1
5812,784857.1315804918,627811.565790246,0.0,0.0,1,1
5813,784857.1315804918,627811.565790246,0.0,0.0,1,1
5814,784857.1315804918,627811.565790246,0.0,0.0,1,1
5815,784857.1315804918,627811.565790246,0.0,0.0,1,1
5816,784857.1315804918,627811.565790246,0.0,0.0,1,1
5817,784857.1315804918,627811.565790246,0.0,0.0,1,1
5818,784857.1315804918,627811.565790246,0.0,0.0,1,1
5819,784857.1315804918,627811.565790246,0.0,0.0,1,1
5820,784857.1315804918,627811.565790246,0.0,0.0,1,1
5821,784857.1315804918,627811.565790246,0.0,0.0,1,1
5822,784857.1315804918,627811.565790246,0.0,0.0,1,1
5823,784857.1315804918,627811.565790246,0.0,0.0,1,1
5824,784857.1315804918,627811.565790246,0.0,0.0,1,1
5825,784857.1315804918,627811.565790246,0.0,0.0,1,1
5826,784857.1315804918,627811.565790246,0.0,0.0,1,1
5827,777672.1315804918,627811.565790246,0.0,0.0,1,1
5828,777672.1315804918,627811.565790246,0.0,0.0,1,1
5829,777672.1315804918,627811.565790246,0.0,0.0,1,1
5830,777672.1315804918,627811.565790246,0.0,0.0,1,1
5831,777672.1315804918,627811.565790246,0.0,0.0,1,1
5832,777672.1315804918,627811.565790246,0.0,0.0,1,1
5833,777672.1315804918,627811.565790246,0.0,0.0,1,1
5834,777672.1315804918,627811.565790246,0.0,0.0,1,1
5835,777672.1315804918,627811.565790246,0.0,0.0,1,1
5836,777735.1315804918,627811.565790246,0.0,0.0,1,1
5837,777735.1315804918,627811.565790246,0.0,0.0,1,1
5838,777735.1315804918,627811.565790246,0.0,0.0,1,1
5839,777985.6315804918,627811.565790246,0.0,0.0,1,1
5840,777985.6315804918,627811.565790246,0.0,0.0,1,1
5841,777985.6315804918,627811.565790246,0.0,0.0,1,1
5842,777985.6315804918,627811.565790246,0.0,0.0,1,1
5843,777985.6315804918,627811.565790246,0.0,0.0,1,1
5844,777985.6315804918,627811.565790246,0.0,0.0,1,1
5845,777985.6315804918,627811.565790246,0.0,0.0,1,1
5846,777985.6315804918,627811.565790246,0.0,0.0,1,1
5847,777985.6315804918,627811.565790246,0.0,0.0,1,1
5848,777985.6315804918,627811.565790246,0.0,0.0,1,1
5849,777985.6315804918,627811.565790246,0.0,0.0,1,1
5850,777985.6315804918,627811.565790246,0.0,0.0,1,1
5851,777985.6315804918,627811.565790246,0.0,0.0,1,1
5852,777985.6315804918,627811.565790246,0.0,0.0,1,1
5853,777985.6315804918,627811.565790246,0.0,0.0,1,1
5854,777985.6315804918,627811.565790246,0.0,0.0,1,1
5855,777985.6315804918,627811.565790246,0.0,0.0,1,1
5856,777985.6315804918,627811.565790246,0.0,0.0,1,1
5857,777985.6315804918,627811.565790246,0.0,0.0,1,1
5858,777985.6315804918,627811.565790246,0.0,0.0,1,1
5859,777985.6315804918,627811.565790246,0.0,0.0,1,1
5860,777985.6315804918,627811.565790246,0.0,0.0,1,1
5861,777985.6315804918,627811.565790246,0.0,0.0,1,1
5862,773584.1710546394,627811.565790246,0.0,0.0,1,1
5863,773584.1710546394,627811.565790246,0.0,0.0,1,1
5864,773584.1710546394,627811.565790246,0.0,0.0,1,1
5865,773584.1710546394,627811.565790246,0.0,0.0,1,1
5866,773584.1710546394,627811.565790246,0.0,0.0,1,1
5867,773584.1710546394,627811.565790246,0.0,0.0,1,1
5868,773315.6710546394,627811.565790246,0.0,0.0,1,1
5869,775754.144738541,627811.565790246,0.0,0.0,1,1
5870,775754.144738541,627811.565790246,0.0,0.0,1,1
5871,775754.144738541,627811.565790246,0.0,0.0,1,1
5872,775754.144738541,627811.565790246,0.0,0.0,1,1
5873,775754.144738541,627811.565790246,0.0,0.0,1,1
5874,775754.144738541,627811.565790246,0.0,0.0,1,1
5875,775754.144738541,627811.565790246,0.0,0.0,1,1
5876,775754.144738541,627811.565790246,0.0,0.0,1,1
5877,775754.144738541,627811.565790246,0.0,0.0,1,1
5878,775754.144738541,627811.565790246,0.0,0.0,1,1
5879,775754.144738541,627811.565790246,0.0,0.0,1,1
5880,775754.144738541,627811.565790246,0.0,0.0,1,1
5881,775754.144738541,627811.565790246,0.0,0.0,1,1
5882,775754.144738541,627811.565790246,0.0,0.0,1,1
5883,775754.144738541,627811.565790246,0.0,0.0,1,1
5884,775754.144738541,627811.565790246,0.0,0.0,1,1
5885,775754.144738541,627811.565790246,0.0,0.0,1,1
5886,775754.144738541,627811.565790246,0.0,0.0,1,1
5887,775754.144738541,627811.565790246,0.0,0.0,1,1
5888,775754.144738541,627811.565790246,0.0,0.0,1,1
5889,775754.144738541,627811.565790246,0.0,0.0,1,1
5890,775754.144738541,627811.565790246,0.0,0.0,1,1
5891,773900.144738541,627811.565790246,0.0,0.0,1,1
5892,773900.144738541,627811.565790246,0.0,0.0,1,1
5893,773900.144738541,627811.565790246,0.0,0.0,1,1
5894,773900.144738541,627811.565790246,0.0,0.0,1,1
5895,773900.144738541,627811.565790246,0.0,0.0,1,1
5896,773877.644738541,627811.565790246,0.0,0.0,1,1
5897,773877.644738541,627811.565790246,0.0,0.0,1,1
5898,773877.644738541,627811.565790246,0.0,0.0,1,1
5899,773877.644738541,627811.565790246,0.0,0.0,1,1
5900,773877.644738541,627811.565790246,0.0,0.0,1,1
5901,773942.144738541,627811.565790246,0.0,0.0,1,1
5902,773942.144738541,627811.565790246,0.0,0.0,1,1
5903,773942.144738541,627811.565790246,0.0,0.0,1,1
5904,773942.144738541,627811.565790246,0.0,0.0,1,1
5905,773942.144738541,627811.565790246,0.0,0.0,1,1
5906,773942.144738541,627811.565790246,0.0,0.0,1,1
5907,773942.144738541,627811.565790246,0.0,0.0,1,1
5908,775334.144738541,627811.565790246,0.0,0.0,1,1
5909,775334.144738541,627811.565790246,0.0,0.0,1,1
5910,775334.144738541,627811.565790246,0.0,0.0,1,1
5911,775334.144738541,627811.565790246,0.0,0.0,1,1
5912,775334.144738541,627811.565790246,0.0,0.0,1,1
5913,775061.144738541,627811.565790246,0.0,0.0,1,1
5914,775061.144738541,627811.565790246,0.0,0.0,1,1
5915,774997.144738541,627811.565790246,0.0,0.0,1,1
5916,774997.144738541,627811.565790246,0.0,0.0,1,1
5917,774997.144738541,627811.565790246,0.0,0.0,1,1
5918,774997.144738541,627811.565790246,0.0,0.0,1,1
5919,774997.144738541,627811.565790246,0.0,0.0,1,1
5920,774997.144738541,627811.565790246,0.0,0.0,1,1
5921,774997.144738541,627811.565790246,0.0,0.0,1,1
5922,774997.144738541,627811.565790246,0.0,0.0,1,1
5923,774997.144738541,627811.565790246,0.0,0.0,1,1
5924,774997.144738541,627811.565790246,0.0,0.0,1,1
5925,774997.144738541,627811.565790246,0.0,0.0,1,1
5926,774997.144738541,627811.565790246,0.0,0.0,1,1
5927,774997.144738541,627811.565790246,0.0,0.0,1,1
5928,774997.144738541,627811.565790246,0.0,0.0,1,1
5929,774997.144738541,627811.565790246,0.0,0.0,1,1
5930,774997.144738541,627811.565790246,0.0,0.0,1,1
5931,774997.144738541,627811.565790246,0.0,0.0,1,1
5932,774997.144738541,627811.565790246,0.0,0.0,1,1
5933,774997.144738541,627811.565790246,0.0,0.0,1,1
5934,774997.144738541,627811.565790246,0.0,0.0,1,1
5935,774997.144738541,627811.565790246,0.0,0.0,1,1
5936,774997.144738541,627811.565790246,0.0,0.0,1,1
5937,774997.144738541,627811.565790246,0.0,0.0,1,1
5938,774997.144738541,627811.565790246,0.0,0.0,1,1
5939,774997.144738541,627811.565790246,0.0,0.0,1,1
5940,774997.144738541,627811.565790246,0.0,0.0,1,1
5941,774997.144738541,627811.565790246,0.0,0.0,1,1
5942,774997.144738541,627811.565790246,0.0,0.0,1,1
5943,774997.144738541,627811.565790246,0.0,0.0,1,1
5944,774997.144738541,627811.565790246,0.0,0.0,1,1
5945,774997.144738541,627811.565790246,0.0,0.0,1,1
5946,774997.144738541,627811.565790246,0.0,0.0,1,1
5947,774997.144738541,627811.565790246,0.0,0.0,1,1
5948,774997.144738541,627811.565790246,0.0,0.0,1,1
5949,774997.144738541,627811.565790246,0.0,0.0,1,1
5950,774997.144738541,627811.565790246,0.0,0.0,1,1
5951,774997.144738541,627811.565790246,0.0,0.0,1,1
5952,774997.144738541,627811.565790246,0.0,0.0,1,1
5953,775615.144738541,627811.565790246,0.0,0.0,1,1
5954,775615.144738541,627811.565790246,0.0,0.0,1,1
5955,775615.144738541,627811.565790246,0.0,0.0,1,1
5956,775615.144738541,627811.565790246,0.0,0.0,1,1
5957,775615.144738541,627811.565790246,0.0,0.0,1,1
5958,775615.144738541,627811.565790246,0.0,0.0,1,1
5959,775615.144738541,627811.565790246,0.0,0.0,1,1
5960,775395.644738541,627811.565790246,0.0,0.0,1,1
5961,775395.644738541,627811.565790246,0.0,0.0,1,1
5962,775395.644738541,627811.565790246,0.0,0.0,1,1
5963,775395.644738541,627811.565790246,0.0,0.0,1,1
5964,775395.644738541,627811.565790246,0.0,0.0,1,1
5965,775395.644738541,627811.565790246,0.0,0.0,1,1
5966,775395.644738541,627811.565790246,0.0,0.0,1,1
5967,775395.644738541,627811.565790246,0.0,0.0,1,1
5968,775395.644738541,627811.565790246,0.0,0.0,1,1
5969,775395.644738541,627811.565790246,0.0,0.0,1,1
5970,775395.644738541,627811.565790246,0.0,0.0,1,1
5971,775395.644738541,627811.565790246,0.0,0.0,1,1
5972,775395.644738541,627811.565790246,0.0,0.0,1,1
5973,775395.644738541,627811.565790246,0.0,0.0,1,1
5974,775395.644738541,627811.565790246,0.0,0.0,1,1
5975,775395.644738541,627811.565790246,0.0,0.0,1,1
5976,775395.644738541,627811.565790246,0.0,0.0,1,1
5977,776418.144738541,627811.565790246,0.0,0.0,1,1
5978,776418.144738541,627811.565790246,0.0,0.0,1,1
5979,776418.144738541,627811.565790246,0.0,0.0,1,1
5980,776418.144738541,627811.565790246,0.0,0.0,1,1
5981,776418.144738541,627811.565790246,0.0,0.0,1,1
5982,776418.144738541,627811.565790246,0.0,0.0,1,1
5983,776418.144738541,627811.565790246,0.0,0.0,1,1
5984,776418.144738541,627811.565790246,0.0,0.0,1,1
5985,776418.144738541,627811.565790246,0.0,0.0,1,1
5986,776418.144738541,627811.565790246,0.0,0.0,1,1
5987,776418.144738541,627811.565790246,0.0,0.0,1,1
5988,776418.144738541,627811.565790246,0.0,0.0,1,1
5989,776418.144738541,627811.565790246,0.0,0.0,1,1
5990,776418.144738541,627811.565790246,0.0,0.0,1,1
5991,776418.144738541,627811.565790246,0.0,0.0,1,1
5992,776418.144738541,627811.565790246,0.0,0.0,1,1
5993,776418.144738541,627811.565790246,0.0,0.0,1,1
5994,776418.144738541,627811.565790246,0.0,0.0,1,1
5995,776418.144738541,627811.565790246,0.0,0.0,1,1
5996,776418.144738541,627811.565790246,0.0,0.0,1,1
5997,776418.144738541,627811.565790246,0.0,0.0,1,1
5998,776418.144738541,627811.565790246,0.0,0.0,1,1
5999,776418.144738541,627811.565790246,0.0,0.0,1,1
6000,776418.144738541,627811.565790246,0.0,0.0,1,1
6001,776418.144738541,627811.565790246,0.0,0.0,1,1
6002,776418.144738541,627811.565790246,0.0,0.0,1,1
6003,776418.144738541,627811.565790246,0.0,0.0,1,1
6004,776418.144738541,627811.565790246,0.0,0.0,1,1
6005,776418.144738541,627811.565790246,0.0,0.0,1,1
6006,776418.144738541,627811.565790246,0.0,0.0,1,1
6007,776418.144738541,627811.565790246,0.0,0.0,1,1
6008,776418.144738541,627811.565790246,0.0,0.0,1,1
6009,776418.144738541,627811.565790246,0.0,0.0,1,1
6010,776418.144738541,627811.565790246,0.0,0.0,1,1
6011,776418.144738541,627811.565790246,0.0,0.0,1,1
6012,776418.144738541,627811.565790246,0.0,0.0,1,1
6013,776418.144738541,627811.565790246,0.0,0.0,1,1
6014,776418.144738541,627811.565790246,0.0,0.0,1,1
6015,776418.144738541,627811.565790246,0.0,0.0,1,1
6016,776418.144738541,627811.565790246,0.0,0.0,1,1
6017,776992.644738541,627811.565790246,0.0,0.0,1,1
6018,776992.644738541,627811.565790246,0.0,0.0,1,1
6019,776992.644738541,627811.565790246,0.0,0.0,1,1
6020,776992.644738541,627811.565790246,0.0,0.0,1,1
6021,776992.644738541,627811.565790246,0.0,0.0,1,1
6022,776992.644738541,627811.565790246,0.0,0.0,1,1
6023,776992.644738541,627811.565790246,0.0,0.0,1,1
6024,776992.644738541,627811.565790246,0.0,0.0,1,1
6025,776992.644738541,627811.565790246,0.0,0.0,1,1
6026,776992.644738541,627811.565790246,0.0,0.0,1,1
6027,776992.644738541,627811.565790246,0.0,0.0,1,1
6028,776992.644738541,627811.565790246,0.0,0.0,1,1
6029,776992.644738541,627811.565790246,0.0,0.0,1,1
6030,776992.644738541,627811.565790246,0.0,0.0,1,1
6031,776992.644738541,627811.565790246,0.0,0.0,1,1
6032,776992.644738541,627811.565790246,0.0,0.0,1,1
6033,776992.644738541,627811.565790246,0.0,0.0,1,1
6034,776921.644738541,627811.565790246,0.0,0.0,1,1
6035,776921.644738541,627811.565790246,0.0,0.0,1,1
6036,776921.644738541,627811.565790246,0.0,0.0,1,1
6037,776921.644738541,627811.565790246,0.0,0.0,1,1
6038,776921.644738541,627811.565790246,0.0,0.0,1,1
6039,776921.644738541,627811.565790246,0.0,0.0,1,1
6040,776921.644738541,627811.565790246,0.0,0.0,1,1
6041,776921.644738541,627811.565790246,0.0,0.0,1,1
6042,776921.644738541,627811.565790246,0.0,0.0,1,1
6043,776921.644738541,627811.565790246,0.0,0.0,1,1
6044,776921.644738541,627811.565790246,0.0,0.0,1,1
6045,776921.644738541,627811.565790246,0.0,0.0,1,1
6046,776921.644738541,627811.565790246,0.0,0.0,1,1
6047,776921.644738541,627811.565790246,0.0,0.0,1,1
6048,776921.644738541,627811.565790246,0.0,0.0,1,1
6049,776921.644738541,627811.565790246,0.0,0.0,1,1
6050,776921.644738541,627811.565790246,0.0,0.0,1,1
6051,776921.644738541,627811.565790246,0.0,0.0,1,1
6052,776921.644738541,627811.565790246,0.0,0.0,1,1
6053,776921.644738541,627811.565790246,0.0,0.0,1,1
6054,776921.644738541,627811.565790246,0.0,0.0,1,1
6055,777589.144738541,627811.565790246,0.0,0.0,1,1
6056,777589.144738541,627811.565790246,0.0,0.0,1,1
6057,777589.144738541,627811.565790246,0.0,0.0,1,1
6058,777589.144738541,627811.565790246,0.0,0.0,1,1
6059,777589.144738541,627811.565790246,0.0,0.0,1,1
6060,777589.144738541,627811.565790246,0.0,0.0,1,1
6061,777589.144738541,627811.565790246,0.0,0.0,1,1
6062,776177.6184224427,627811.565790246,0.0,0.0,1,1
6063,776191.1184224427,627811.565790246,0.0,0.0,1,1
6064,776191.1184224427,627811.565790246,0.0,0.0,1,1
6065,776191.1184224427,627811.565790246,0.0,0.0,1,1
6066,776191.1184224427,627811.565790246,0.0,0.0,1,1
6067,776191.1184224427,627811.565790246,0.0,0.0,1,1
6068,776191.1184224427,627811.565790246,0.0,0.0,1,1
6069,776127.1184224427,627811.565790246,0.0,0.0,1,1
6070,776127.1184224427,627811.565790246,0.0,0.0,1,1
6071,775632.1184224427,627811.565790246,0.0,0.0,1,1
6072,775632.1184224427,627811.565790246,0.0,0.0,1,1
6073,775632.1184224427,627811.565790246,0.0,0.0,1,1
6074,775632.1184224427,627811.565790246,0.0,0.0,1,1
6075,775632.1184224427,627811.565790246,0.0,0.0,1,1
6076,775632.1184224427,627811.565790246,0.0,0.0,1,1
6077,775468.1184224427,627811.565790246,0.0,0.0,1,1
6078,775468.1184224427,627811.565790246,0.0,0.0,1,1
6079,775468.1184224427,627811.565790246,0.0,0.0,1,1
6080,775468.1184224427,627811.565790246,0.0,0.0,1,1
6081,775468.1184224427,627811.565790246,0.0,0.0,1,1
6082,775468.1184224427,627811.565790246,0.0,0.0,1,1
6083,775468.1184224427,627811.565790246,0.0,0.0,1,1
6084,775468.1184224427,627811.565790246,0.0,0.0,1,1
6085,775468.1184224427,627811.565790246,0.0,0.0,1,1
6086,775468.1184224427,627811.565790246,0.0,0.0,1,1
6087,775468.1184224427,627811.565790246,0.0,0.0,1,1
6088,775468.1184224427,627811.565790246,0.0,0.0,1,1
6089,775468.1184224427,627811.565790246,0.0,0.0,1,1
6090,775468.1184224427,627811.565790246,0.0,0.0,1,1
6091,775468.1184224427,627811.565790246,0.0,0.0,1,1
6092,775051.6184224427,627811.565790246,0.0,0.0,1,1
6093,775051.6184224427,627811.565790246,0.0,0.0,1,1
6094,775051.6184224427,627811.565790246,0.0,0.0,1,1
6095,775051.6184224427,627811.565790246,0.0,0.0,1,1
6096,775105.1184224427,627811.565790246,0.0,0.0,1,1
6097,775105.1184224427,627811.565790246,0.0,0.0,1,1
6098,775105.1184224427,627811.565790246,0.0,0.0,1,1
6099,775105.1184224427,627811.565790246,0.0,0.0,1,1
6100,775105.1184224427,627811.565790246,0.0,0.0,1,1
6101,775105.1184224427,627811.565790246,0.0,0.0,1,1
6102,775105.1184224427,627811.565790246,0.0,0.0,1,1
6103,775105.1184224427,627811.565790246,0.0,0.0,1,1
6104,775105.1184224427,627811.565790246,0.0,0.0,1,1
6105,775105.1184224427,627811.565790246,0.0,0.0,1,1
6106,775105.1184224427,627811.565790246,0.0,0.0,1,1
6107,775105.1184224427,627811.565790246,0.0,0.0,1,1
6108,775105.1184224427,627811.565790246,0.0,0.0,1,1
6109,775105.1184224427,627811.565790246,0.0,0.0,1,1
6110,775105.1184224427,627811.565790246,0.0,0.0,1,1
6111,775105.1184224427,627811.565790246,0.0,0.0,1,1
6112,774808.1184224427,627811.565790246,0.0,0.0,1,1
6113,774808.1184224427,627811.565790246,0.0,0.0,1,1
6114,774808.1184224427,627811.565790246,0.0,0.0,1,1
6115,774808.1184224427,627811.565790246,0.0,0.0,1,1
6116,774808.1184224427,627811.565790246,0.0,0.0,1,1
6117,774808.1184224427,627811.565790246,0.0,0.0,1,1
6118,774808.1184224427,627811.565790246,0.0,0.0,1,1
6119,774808.1184224427,627811.565790246,0.0,0.0,1,1
6120,774821.1184224427,627811.565790246,0.0,0.0,1,1
6121,774821.1184224427,627811.565790246,0.0,0.0,1,1
6122,776094.1052643935,627811.565790246,0.0,0.0,1,1
6123,776094.1052643935,627811.565790246,0.0,0.0,1,1
6124,776991.1184224427,627811.565790246,0.0,0.0,1,1
6125,776960.6184224427,627811.565790246,0.0,0.0,1,1
6126,776960.6184224427,627811.565790246,0.0,0.0,1,1
6127,776960.6184224427,627811.565790246,0.0,0.0,1,1
6128,776960.6184224427,627811.565790246,0.0,0.0,1,1
6129,776960.6184224427,627811.565790246,0.0,0.0,1,1
6130,776960.6184224427,627811.565790246,0.0,0.0,1,1
6131,776960.6184224427,627811.565790246,0.0,0.0,1,1
6132,776960.6184224427,627811.565790246,0.0,0.0,1,1
6133,776960.6184224427,627811.565790246,0.0,0.0,1,1
6134,776960.6184224427,627811.565790246,0.0,0.0,1,1
6135,776960.6184224427,627811.565790246,0.0,0.0,1,1
6136,776960.6184224427,627811.565790246,0.0,0.0,1,1
6137,776960.6184224427,627811.565790246,0.0,0.0,1,1
6138,776960.6184224427,627811.565790246,0.0,0.0,1,1
6139,776960.6184224427,627811.565790246,0.0,0.0,1,1
6140,776960.6184224427,627811.565790246,0.0,0.0,1,1
6141,776960.6184224427,627811.565790246,0.0,0.0,1,1
6142,776960.6184224427,627811.565790246,0.0,0.0,1,1
6143,776960.6184224427,627811.565790246,0.0,0.0,1,1
6144,776960.6184224427,627811.565790246,0.0,0.0,1,1
6145,776960.6184224427,627811.565790246,0.0,0.0,1,1
6146,776960.6184224427,627811.565790246,0.0,0.0,1,1
6147,776746.1184224427,627811.565790246,0.0,0.0,1,1
6148,776746.1184224427,627811.565790246,0.0,0.0,1,1
6149,776746.1184224427,627811.565790246,0.0,0.0,1,1
6150,776746.1184224427,627811.565790246,0.0,0.0,1,1
6151,776746.1184224427,627811.565790246,0.0,0.0,1,1
6152,776746.1184224427,627811.565790246,0.0,0.0,1,1
6153,776746.1184224427,627811.565790246,0.0,0.0,1,1
6154,777392.5921063443,627811.565790246,0.0,0.0,1,1
6155,777392.5921063443,627811.565790246,0.0,0.0,1,1
6156,777392.5921063443,627811.565790246,0.0,0.0,1,1
6157,777392.5921063443,627811.565790246,0.0,0.0,1,1
6158,777392.5921063443,627811.565790246,0.0,0.0,1,1
6159,777392.5921063443,627811.565790246,0.0,0.0,1,1
6160,776478.0921063443,627811.565790246,0.0,0.0,1,1
6161,776478.0921063443,627811.565790246,0.0,0.0,1,1
6162,776478.0921063443,627811.565790246,0.0,0.0,1,1
6163,776478.0921063443,627811.565790246,0.0,0.0,1,1
6164,776478.0921063443,627811.565790246,0.0,0.0,1,1
6165,776672.0921063443,627811.565790246,0.0,0.0,1,1
6166,776672.0921063443,627811.565790246,0.0,0.0,1,1
6167,776672.0921063443,627811.565790246,0.0,0.0,1,1
6168,776672.0921063443,627811.565790246,0.0,0.0,1,1
6169,776672.0921063443,627811.565790246,0.0,0.0,1,1
6170,776672.0921063443,627811.565790246,0.0,0.0,1,1
6171,776672.0921063443,627811.565790246,0.0,0.0,1,1
6172,776672.0921063443,627811.565790246,0.0,0.0,1,1
6173,776460.5921063443,627811.565790246,0.0,0.0,1,1
6174,776460.5921063443,627811.565790246,0.0,0.0,1,1
6175,776460.5921063443,627811.565790246,0.0,0.0,1,1
6176,776504.5921063443,627811.565790246,0.0,0.0,1,1
6177,776504.5921063443,627811.565790246,0.0,0.0,1,1
6178,776504.5921063443,627811.565790246,0.0,0.0,1,1
6179,776504.5921063443,627811.565790246,0.0,0.0,1,1
6180,776504.5921063443,627811.565790246,0.0,0.0,1,1
6181,776504.5921063443,627811.565790246,0.0,0.0,1,1
6182,776504.5921063443,627811.565790246,0.0,0.0,1,1
6183,776504.5921063443,627811.565790246,0.0,0.0,1,1
6184,776504.5921063443,627811.565790246,0.0,0.0,1,1
6185,776504.5921063443,627811.565790246,0.0,0.0,1,1
6186,776504.5921063443,627811.565790246,0.0,0.0,1,1
6187,776504.5921063443,627811.565790246,0.0,0.0,1,1
6188,776504.5921063443,627811.565790246,0.0,0.0,1,1
6189,776504.5921063443,627811.565790246,0.0,0.0,1,1
6190,776504.5921063443,627811.565790246,0.0,0.0,1,1
6191,776504.5921063443,627811.565790246,0.0,0.0,1,1
6192,776504.5921063443,627811.565790246,0.0,0.0,1,1
6193,776504.5921063443,627811.565790246,0.0,0.0,1,1
6194,776504.5921063443,627811.565790246,0.0,0.0,1,1
6195,776504.5921063443,627811.565790246,0.0,0.0,1,1
6196,776504.5921063443,627811.565790246,0.0,0.0,1,1
6197,776504.5921063443,627811.565790246,0.0,0.0,1,1
6198,776504.5921063443,627811.565790246,0.0,0.0,1,1
6199,776504.5921063443,627811.565790246,0.0,0.0,1,1
6200,776504.5921063443,627811.565790246,0.0,0.0,1,1
6201,776504.5921063443,627811.565790246,0.0,0.0,1,1
6202,776504.5921063443,627811.565790246,0.0,0.0,1,1
6203,776504.5921063443,627811.565790246,0.0,0.0,1,1
6204,776504.5921063443,627811.565790246,0.0,0.0,1,1
6205,776504.5921063443,627811.565790246,0.0,0.0,1,1
6206,776504.5921063443,627811.565790246,0.0,0.0,1,1
6207,776504.5921063443,627811.565790246,0.0,0.0,1,1
6208,776504.5921063443,627811.565790246,0.0,0.0,1,1
6209,776504.5921063443,627811.565790246,0.0,0.0,1,1
6210,776504.5921063443,627811.565790246,0.0,0.0,1,1
6211,776504.5921063443,627811.565790246,0.0,0.0,1,1
6212,776504.5921063443,627811.565790246,0.0,0.0,1,1
6213,776504.5921063443,627811.565790246,0.0,0.0,1,1
6214,776504.5921063443,627811.565790246,0.0,0.0,1,1
6215,776504.5921063443,627811.565790246,0.0,0.0,1,1
6216,776504.5921063443,627811.565790246,0.0,0.0,1,1
6217,776504.5921063443,627811.565790246,0.0,0.0,1,1
6218,776504.5921063443,627811.565790246,0.0,0.0,1,1
6219,776504.5921063443,627811.565790246,0.0,0.0,1,1
6220,776504.5921063443,627811.565790246,0.0,0.0,1,1
6221,776504.5921063443,627811.565790246,0.0,0.0,1,1
6222,776504.5921063443,627811.565790246,0.0,0.0,1,1
6223,776504.5921063443,627811.565790246,0.0,0.0,1,1
6224,776504.5921063443,627811.565790246,0.0,0.0,1,1
6225,776504.5921063443,627811.565790246,0.0,0.0,1,1
6226,776504.5921063443,627811.565790246,0.0,0.0,1,1
6227,776504.5921063443,627811.565790246,0.0,0.0,1,1
6228,776504.5921063443,627811.565790246,0.0,0.0,1,1
6229,776504.5921063443,627811.565790246,0.0,0.0,1,1
6230,776504.5921063443,627811.565790246,0.0,0.0,1,1
6231,776504.5921063443,627811.565790246,0.0,0.0,1,1
6232,776457.5921063443,627811.565790246,0.0,0.0,1,1
6233,776457.5921063443,627811.565790246,0.0,0.0,1,1
6234,776457.5921063443,627811.565790246,0.0,0.0,1,1
6235,777473.5921063443,627811.565790246,0.0,0.0,1,1
6236,777473.5921063443,627811.565790246,0.0,0.0,1,1
6237,777473.5921063443,627811.565790246,0.0,0.0,1,1
6238,777473.5921063443,627811.565790246,0.0,0.0,1,1
6239,777473.5921063443,627811.565790246,0.0,0.0,1,1
6240,777473.5921063443,627811.565790246,0.0,0.0,1,1
6241,777473.5921063443,627811.565790246,0.0,0.0,1,1
6242,777473.5921063443,627811.565790246,0.0,0.0,1,1
6243,777473.5921063443,627811.565790246,0.0,0.0,1,1
6244,777473.5921063443,627811.565790246,0.0,0.0,1,1
6245,777473.5921063443,627811.565790246,0.0,0.0,1,1
6246,777473.5921063443,627811.565790246,0.0,0.0,1,1
6247,777473.5921063443,627811.565790246,0.0,0.0,1,1
6248,777473.5921063443,627811.565790246,0.0,0.0,1,1
6249,777473.5921063443,627811.565790246,0.0,0.0,1,1
6250,777473.5921063443,627811.565790246,0.0,0.0,1,1
6251,777473.5921063443,627811.565790246,0.0,0.0,1,1
6252,777473.5921063443,627811.565790246,0.0,0.0,1,1
6253,777473.5921063443,627811.565790246,0.0,0.0,1,1
6254,777473.5921063443,627811.565790246,0.0,0.0,1,1
6255,777473.5921063443,627811.565790246,0.0,0.0,1,1
6256,777473.5921063443,627811.565790246,0.0,0.0,1,1
6257,777473.5921063443,627811.565790246,0.0,0.0,1,1
6258,777473.5921063443,627811.565790246,0.0,0.0,1,1
6259,776959.5921063443,627811.565790246,0.0,0.0,1,1
6260,776959.5921063443,627811.565790246,0.0,0.0,1,1
6261,776937.0921063443,627811.565790246,0.0,0.0,1,1
6262,776937.0921063443,627811.565790246,0.0,0.0,1,1
6263,776937.0921063443,627811.565790246,0.0,0.0,1,1
6264,776937.0921063443,627811.565790246,0.0,0.0,1,1
6265,776937.0921063443,627811.565790246,0.0,0.0,1,1
6266,776937.0921063443,627811.565790246,0.0,0.0,1,1
6267,776937.0921063443,627811.565790246,0.0,0.0,1,1
6268,776937.0921063443,627811.565790246,0.0,0.0,1,1
6269,776937.0921063443,627811.565790246,0.0,0.0,1,1
6270,776937.0921063443,627811.565790246,0.0,0.0,1,1
6271,776937.0921063443,627811.565790246,0.0,0.0,1,1
6272,776937.0921063443,627811.565790246,0.0,0.0,1,1
6273,776937.0921063443,627811.565790246,0.0,0.0,1,1
6274,776937.0921063443,627811.565790246,0.0,0.0,1,1
6275,776937.0921063443,627811.565790246,0.0,0.0,1,1
6276,776937.0921063443,627811.565790246,0.0,0.0,1,1
6277,776937.0921063443,627811.565790246,0.0,0.0,1,1
6278,776889.5921063443,627811.565790246,0.0,0.0,1,1
6279,776889.5921063443,627811.565790246,0.0,0.0,1,1
6280,776889.5921063443,627811.565790246,0.0,0.0,1,1
6281,776889.5921063443,627811.565790246,0.0,0.0,1,1
6282,776889.5921063443,627811.565790246,0.0,0.0,1,1
6283,776889.5921063443,627811.565790246,0.0,0.0,1,1
6284,776889.5921063443,627811.565790246,0.0,0.0,1,1
6285,776889.5921063443,627811.565790246,0.0,0.0,1,1
6286,776889.5921063443,627811.565790246,0.0,0.0,1,1
6287,776889.5921063443,627811.565790246,0.0,0.0,1,1
6288,776889.5921063443,627811.565790246,0.0,0.0,1,1
6289,776889.5921063443,627811.565790246,0.0,0.0,1,1
6290,776889.5921063443,627811.565790246,0.0,0.0,1,1
6291,776889.5921063443,627811.565790246,0.0,0.0,1,1
6292,776889.5921063443,627811.565790246,0.0,0.0,1,1
6293,776889.5921063443,627811.565790246,0.0,0.0,1,1
6294,776889.5921063443,627811.565790246,0.0,0.0,1,1
6295,776889.5921063443,627811.565790246,0.0,0.0,1,1
6296,776889.5921063443,627811.565790246,0.0,0.0,1,1
6297,776889.5921063443,627811.565790246,0.0,0.0,1,1
6298,776889.5921063443,627811.565790246,0.0,0.0,1,1
6299,776889.5921063443,627811.565790246,0.0,0.0,1,1
6300,776889.5921063443,627811.565790246,0.0,0.0,1,1
6301,776889.5921063443,627811.565790246,0.0,0.0,1,1
6302,776889.5921063443,627811.565790246,0.0,0.0,1,1
6303,776889.5921063443,627811.565790246,0.0,0.0,1,1
6304,776889.5921063443,627811.565790246,0.0,0.0,1,1
6305,776889.5921063443,627811.565790246,0.0,0.0,1,1
6306,776889.5921063443,627811.565790246,0.0,0.0,1,1
6307,776889.5921063443,627811.565790246,0.0,0.0,1,1
6308,776889.5921063443,627811.565790246,0.0,0.0,1,1
6309,776889.5921063443,627811.565790246,0.0,0.0,1,1
6310,776889.5921063443,627811.565790246,0.0,0.0,1,1
6311,776889.5921063443,627811.565790246,0.0,0.0,1,1
6312,776889.5921063443,627811.565790246,0.0,0.0,1,1
6313,776889.5921063443,627811.565790246,0.0,0.0,1,1
6314,776889.5921063443,627811.565790246,0.0,0.0,1,1
6315,776889.5921063443,627811.565790246,0.0,0.0,1,1
6316,776889.5921063443,627811.565790246,0.0,0.0,1,1
6317,776889.5921063443,627811.565790246,0.0,0.0,1,1
6318,776889.5921063443,627811.565790246,0.0,0.0,1,1
6319,776889.5921063443,627811.565790246,0.0,0.0,1,1
6320,777060.0921063443,627811.565790246,0.0,0.0,1,1
6321,777006.5921063443,627811.565790246,0.0,0.0,1,1
6322,777006.5921063443,627811.565790246,0.0,0.0,1,1
6323,777006.5921063443,627811.565790246,0.0,0.0,1,1
6324,777006.5921063443,627811.565790246,0.0,0.0,1,1
6325,777006.5921063443,627811.565790246,0.0,0.0,1,1
6326,777006.5921063443,627811.565790246,0.0,0.0,1,1
6327,777006.5921063443,627811.565790246,0.0,0.0,1,1
6328,777006.5921063443,627811.565790246,0.0,0.0,1,1
6329,777006.5921063443,627811.565790246,0.0,0.0,1,1
6330,777006.5921063443,627811.565790246,0.0,0.0,1,1
6331,777006.5921063443,627811.565790246,0.0,0.0,1,1
6332,777006.5921063443,627811.565790246,0.0,0.0,1,1
6333,777006.5921063443,627811.565790246,0.0,0.0,1,1
6334,777006.5921063443,627811.565790246,0.0,0.0,1,1
6335,777006.5921063443,627811.565790246,0.0,0.0,1,1
6336,777006.5921063443,627811.565790246,0.0,0.0,1,1
6337,777006.5921063443,627811.565790246,0.0,0.0,1,1
6338,777006.5921063443,627811.565790246,0.0,0.0,1,1
6339,777006.5921063443,627811.565790246,0.0,0.0,1,1
6340,777006.5921063443,627811.565790246,0.0,0.0,1,1
6341,777006.5921063443,627811.565790246,0.0,0.0,1,1
6342,777006.5921063443,627811.565790246,0.0,0.0,1,1
6343,777006.5921063443,627811.565790246,0.0,0.0,1,1
6344,777006.5921063443,627811.565790246,0.0,0.0,1,1
6345,777006.5921063443,627811.565790246,0.0,0.0,1,1
6346,776551.5921063443,627811.565790246,0.0,0.0,1,1
6347,776551.5921063443,627811.565790246,0.0,0.0,1,1
6348,776551.5921063443,627811.565790246,0.0,0.0,1,1
6349,776551.5921063443,627811.565790246,0.0,0.0,1,1
6350,776551.5921063443,627811.565790246,0.0,0.0,1,1
6351,776551.5921063443,627811.565790246,0.0,0.0,1,1
6352,776551.5921063443,627811.565790246,0.0,0.0,1,1
6353,776551.5921063443,627811.565790246,0.0,0.0,1,1
6354,776551.5921063443,627811.565790246,0.0,0.0,1,1
6355,776551.5921063443,627811.565790246,0.0,0.0,1,1
6356,776551.5921063443,627811.565790246,0.0,0.0,1,1
6357,776551.5921063443,627811.565790246,0.0,0.0,1,1
6358,776551.5921063443,627811.565790246,0.0,0.0,1,1
6359,776551.5921063443,627811.565790246,0.0,0.0,1,1
6360,776551.5921063443,627811.565790246,0.0,0.0,1,1
6361,776551.5921063443,627811.565790246,0.0,0.0,1,1
6362,776551.5921063443,627811.565790246,0.0,0.0,1,1
6363,776551.5921063443,627811.565790246,0.0,0.0,1,1
6364,776551.5921063443,627811.565790246,0.0,0.0,1,1
6365,776724.0921063443,627811.565790246,0.0,0.0,1,1
6366,776724.0921063443,627811.565790246,0.0,0.0,1,1
6367,776674.0921063443,627811.565790246,0.0,0.0,1,1
6368,776674.0921063443,627811.565790246,0.0,0.0,1,1
6369,776674.0921063443,627811.565790246,0.0,0.0,1,1
6370,776674.0921063443,627811.565790246,0.0,0.0,1,1
6371,776674.0921063443,627811.565790246,0.0,0.0,1,1
6372,776674.0921063443,627811.565790246,0.0,0.0,1,1
6373,776674.0921063443,627811.565790246,0.0,0.0,1,1
6374,776674.0921063443,627811.565790246,0.0,0.0,1,1
6375,776674.0921063443,627811.565790246,0.0,0.0,1,1
6376,776674.0921063443,627811.565790246,0.0,0.0,1,1
6377,776674.0921063443,627811.565790246,0.0,0.0,1,1
6378,776830.0526321968,627811.565790246,0.0,0.0,1,1
6379,776830.0526321968,627811.565790246,0.0,0.0,1,1
6380,776830.0526321968,627811.565790246,0.0,0.0,1,1
6381,777047.5526321968,627811.565790246,0.0,0.0,1,1
6382,777030.5526321968,627811.565790246,0.0,0.0,1,1
6383,777030.5526321968,627811.565790246,0.0,0.0,1,1
6384,777030.5526321968,627811.565790246,0.0,0.0,1,1
6385,777030.5526321968,627811.565790246,0.0,0.0,1,1
6386,777030.5526321968,627811.565790246,0.0,0.0,1,1
6387,777030.5526321968,627811.565790246,0.0,0.0,1,1
6388,777030.5526321968,627811.565790246,0.0,0.0,1,1
6389,777030.5526321968,627811.565790246,0.0,0.0,1,1
6390,777030.5526321968,627811.565790246,0.0,0.0,1,1
6391,777030.5526321968,627811.565790246,0.0,0.0,1,1
6392,777030.5526321968,627811.565790246,0.0,0.0,1,1
6393,777214.0526321968,627811.565790246,0.0,0.0,1,1
6394,777214.0526321968,627811.565790246,0.0,0.0,1,1
6395,777214.0526321968,627811.565790246,0.0,0.0,1,1
6396,777214.0526321968,627811.565790246,0.0,0.0,1,1
6397,777445.5526321968,627811.565790246,0.0,0.0,1,1
6398,777445.5526321968,627811.565790246,0.0,0.0,1,1
6399,777445.5526321968,627811.565790246,0.0,0.0,1,1
6400,777426.5526321968,627811.565790246,0.0,0.0,1,1
6401,777426.5526321968,627811.565790246,0.0,0.0,1,1
6402,777426.5526321968,627811.565790246,0.0,0.0,1,1
6403,777426.5526321968,627811.565790246,0.0,0.0,1,1
6404,777426.5526321968,627811.565790246,0.0,0.0,1,1
6405,777426.5526321968,627811.565790246,0.0,0.0,1,1
6406,777426.5526321968,627811.565790246,0.0,0.0,1,1
6407,777426.5526321968,627811.565790246,0.0,0.0,1,1
6408,777426.5526321968,627811.565790246,0.0,0.0,1,1
6409,777332.5526321968,627811.565790246,0.0,0.0,1,1
6410,777332.5526321968,627811.565790246,0.0,0.0,1,1
6411,777332.5526321968,627811.565790246,0.0,0.0,1,1
6412,777332.5526321968,627811.565790246,0.0,0.0,1,1
6413,777332.5526321968,627811.565790246,0.0,0.0,1,1
6414,777332.5526321968,627811.565790246,0.0,0.0,1,1
6415,777332.5526321968,627811.565790246,0.0,0.0,1,1
6416,777332.5526321968,627811.565790246,0.0,0.0,1,1
6417,777332.5526321968,627811.565790246,0.0,0.0,1,1
6418,777332.5526321968,627811.565790246,0.0,0.0,1,1
6419,777332.5526321968,627811.565790246,0.0,0.0,1,1
6420,777332.5526321968,627811.565790246,0.0,0.0,1,1
6421,777332.5526321968,627811.565790246,0.0,0.0,1,1
6422,777383.0526321968,627811.565790246,0.0,0.0,1,1
6423,777383.0526321968,627811.565790246,0.0,0.0,1,1
6424,777383.0526321968,627811.565790246,0.0,0.0,1,1
6425,777383.0526321968,627811.565790246,0.0,0.0,1,1
6426,777383.0526321968,627811.565790246,0.0,0.0,1,1
6427,777383.0526321968,627811.565790246,0.0,0.0,1,1
6428,777383.0526321968,627811.565790246,0.0,0.0,1,1
6429,777383.0526321968,627811.565790246,0.0,0.0,1,1
6430,777383.0526321968,627811.565790246,0.0,0.0,1,1
6431,777383.0526321968,627811.565790246,0.0,0.0,1,1
6432,777269.065790246,627811.565790246,0.0,0.0,1,1
6433,777269.065790246,627811.565790246,0.0,0.0,1,1
6434,777269.065790246,627811.565790246,0.0,0.0,1,1
6435,777269.065790246,627811.565790246,0.0,0.0,1,1
6436,777269.065790246,627811.565790246,0.0,0.0,1,1
6437,777269.065790246,627811.565790246,0.0,0.0,1,1
6438,777269.065790246,627811.565790246,0.0,0.0,1,1
6439,777269.065790246,627811.565790246,0.0,0.0,1,1
6440,777269.065790246,627811.565790246,0.0,0.0,1,1
6441,777269.065790246,627811.565790246,0.0,0.0,1,1
6442,777321.065790246,627811.565790246,0.0,0.0,1,1
6443,777321.065790246,627811.565790246,0.0,0.0,1,1
6444,777321.065790246,627811.565790246,0.0,0.0,1,1
6445,777321.065790246,627811.565790246,0.0,0.0,1,1
6446,777321.065790246,627811.565790246,0.0,0.0,1,1
6447,777321.065790246,627811.565790246,0.0,0.0,1,1
6448,777321.065790246,627811.565790246,0.0,0.0,1,1
6449,777321.065790246,627811.565790246,0.0,0.0,1,1
6450,777321.065790246,627811.565790246,0.0,0.0,1,1
6451,777321.065790246,627811.565790246,0.0,0.0,1,1
6452,777321.065790246,627811.565790246,0.0,0.0,1,1
6453,777321.065790246,627811.565790246,0.0,0.0,1,1
6454,777321.065790246,627811.565790246,0.0,0.0,1,1
6455,777321.065790246,627811.565790246,0.0,0.0,1,1
6456,777321.065790246,627811.565790246,0.0,0.0,1,1
6457,777321.065790246,627811.565790246,0.0,0.0,1,1
6458,777321.065790246,627811.565790246,0.0,0.0,1,1
6459,777321.065790246,627811.565790246,0.0,0.0,1,1
6460,777321.065790246,627811.565790246,0.0,0.0,1,1
6461,777321.065790246,627811.565790246,0.0,0.0,1,1
6462,777321.065790246,627811.565790246,0.0,0.0,1,1
6463,777321.065790246,627811.565790246,0.0,0.0,1,1
6464,777321.065790246,627811.565790246,0.0,0.0,1,1
6465,777321.065790246,627811.565790246,0.0,0.0,1,1
6466,777321.065790246,627811.565790246,0.0,0.0,1,1
6467,777321.065790246,627811.565790246,0.0,0.0,1,1
6468,777321.065790246,627811.565790246,0.0,0.0,1,1
6469,777321.065790246,627811.565790246,0.0,0.0,1,1
6470,777321.065790246,627811.565790246,0.0,0.0,1,1
6471,777321.065790246,627811.565790246,0.0,0.0,1,1
6472,777321.065790246,627811.565790246,0.0,0.0,1,1
6473,777321.065790246,627811.565790246,0.0,0.0,1,1
6474,777321.065790246,627811.565790246,0.0,0.0,1,1
6475,777321.065790246,627811.565790246,0.0,0.0,1,1
6476,777321.065790246,627811.565790246,0.0,0.0,1,1
6477,777321.065790246,627811.565790246,0.0,0.0,1,1
6478,777321.065790246,627811.565790246,0.0,0.0,1,1
6479,777321.065790246,627811.565790246,0.0,0.0,1,1
6480,777321.065790246,627811.565790246,0.0,0.0,1,1
6481,777321.065790246,627811.565790246,0.0,0.0,1,1
6482,777321.065790246,627811.565790246,0.0,0.0,1,1
6483,777321.065790246,627811.565790246,0.0,0.0,1,1
6484,777321.065790246,627811.565790246,0.0,0.0,1,1
6485,777321.065790246,627811.565790246,0.0,0.0,1,1
6486,777321.065790246,627811.565790246,0.0,0.0,1,1
6487,777321.065790246,627811.565790246,0.0,0.0,1,1
6488,777321.065790246,627811.565790246,0.0,0.0,1,1
6489,777321.065790246,627811.565790246,0.0,0.0,1,1
6490,777321.065790246,627811.565790246,0.0,0.0,1,1
6491,777321.065790246,627811.565790246,0.0,0.0,1,1
6492,777321.065790246,627811.565790246,0.0,0.0,1,1
6493,777321.065790246,627811.565790246,0.0,0.0,1,1
6494,777321.065790246,627811.565790246,0.0,0.0,1,1
6495,777321.065790246,627811.565790246,0.0,0.0,1,1
6496,777321.065790246,627811.565790246,0.0,0.0,1,1
6497,777321.065790246,627811.565790246,0.0,0.0,1,1
6498,777321.065790246,627811.565790246,0.0,0.0,1,1
6499,777321.065790246,627811.565790246,0.0,0.0,1,1
6500,777321.065790246,627811.565790246,0.0,0.0,1,1
6501,777321.065790246,627811.565790246,0.0,0.0,1,1
6502,777321.065790246,627811.565790246,0.0,0.0,1,1
6503,777321.065790246,627811.565790246,0.0,0.0,1,1
6504,777321.065790246,627811.565790246,0.0,0.0,1,1
6505,777321.065790246,627811.565790246,0.0,0.0,1,1
6506,777321.065790246,627811.565790246,0.0,0.0,1,1
6507,777321.065790246,627811.565790246,0.0,0.0,1,1
6508,777321.065790246,627811.565790246,0.0,0.0,1,1
6509,777321.065790246,627811.565790246,0.0,0.0,1,1
6510,777321.065790246,627811.565790246,0.0,0.0,1,1
6511,777321.065790246,627811.565790246,0.0,0.0,1,1
6512,777321.065790246,627811.565790246,0.0,0.0,1,1
6513,777321.065790246,627811.565790246,0.0,0.0,1,1
6514,777321.065790246,627811.565790246,0.0,0.0,1,1
6515,777321.065790246,627811.565790246,0.0,0.0,1,1
6516,777321.065790246,627811.565790246,0.0,0.0,1,1
6517,777321.065790246,627811.565790246,0.0,0.0,1,1
6518,777321.065790246,627811.565790246,0.0,0.0,1,1
6519,777321.065790246,627811.565790246,0.0,0.0,1,1
6520,777321.065790246,627811.565790246,0.0,0.0,1,1
6521,777321.065790246,627811.565790246,0.0,0.0,1,1
6522,777321.065790246,627811.565790246,0.0,0.0,1,1
6523,777321.065790246,627811.565790246,0.0,0.0,1,1
6524,777321.065790246,627811.565790246,0.0,0.0,1,1
6525,777321.065790246,627811.565790246,0.0,0.0,1,1
6526,777321.065790246,627811.565790246,0.0,0.0,1,1
6527,777321.065790246,627811.565790246,0.0,0.0,1,1
6528,777321.065790246,627811.565790246,0.0,0.0,1,1
6529,777321.065790246,627811.565790246,0.0,0.0,1,1
6530,777421.065790246,627811.565790246,0.0,0.0,1,1
6531,777421.065790246,627811.565790246,0.0,0.0,1,1
6532,777421.065790246,627811.565790246,0.0,0.0,1,1
6533,777421.065790246,627811.565790246,0.0,0.0,1,1
6534,777421.065790246,627811.565790246,0.0,0.0,1,1
6535,777421.065790246,627811.565790246,0.0,0.0,1,1
6536,777421.065790246,627811.565790246,0.0,0.0,1,1
6537,777421.065790246,627811.565790246,0.0,0.0,1,1
6538,777421.065790246,627811.565790246,0.0,0.0,1,1
6539,777421.065790246,627811.565790246,0.0,0.0,1,1
6540,777421.065790246,627811.565790246,0.0,0.0,1,1
6541,777421.065790246,627811.565790246,0.0,0.0,1,1
6542,777421.065790246,627811.565790246,0.0,0.0,1,1
6543,777421.065790246,627811.565790246,0.0,0.0,1,1
6544,777421.065790246,627811.565790246,0.0,0.0,1,1
6545,777421.065790246,627811.565790246,0.0,0.0,1,1
6546,777421.065790246,627811.565790246,0.0,0.0,1,1
6547,777421.065790246,627811.565790246,0.0,0.0,1,1
6548,777421.065790246,627811.565790246,0.0,0.0,1,1
6549,777421.065790246,627811.565790246,0.0,0.0,1,1
6550,777421.065790246,627811.565790246,0.0,0.0,1,1
6551,777421.065790246,627811.565790246,0.0,0.0,1,1
6552,777421.065790246,627811.565790246,0.0,0.0,1,1
6553,777421.065790246,627811.565790246,0.0,0.0,1,1
6554,777421.065790246,627811.565790246,0.0,0.0,1,1
6555,777493.0921063443,627811.565790246,0.0,0.0,1,1
6556,777493.0921063443,627811.565790246,0.0,0.0,1,1
6557,777493.0921063443,627811.565790246,0.0,0.0,1,1
6558,777493.0921063443,627811.565790246,0.0,0.0,1,1
6559,777493.0921063443,627811.565790246,0.0,0.0,1,1
6560,777493.0921063443,627811.565790246,0.0,0.0,1,1
6561,777493.0921063443,627811.565790246,0.0,0.0,1,1
6562,777493.0921063443,627811.565790246,0.0,0.0,1,1
6563,777493.0921063443,627811.565790246,0.0,0.0,1,1
6564,777493.0921063443,627811.565790246,0.0,0.0,1,1
6565,777493.0921063443,627811.565790246,0.0,0.0,1,1
6566,777457.5921063443,627811.565790246,0.0,0.0,1,1
6567,777457.5921063443,627811.565790246,0.0,0.0,1,1
6568,777457.5921063443,627811.565790246,0.0,0.0,1,1
6569,777457.5921063443,627811.565790246,0.0,0.0,1,1
6570,777457.5921063443,627811.565790246,0.0,0.0,1,1
6571,777457.5921063443,627811.565790246,0.0,0.0,1,1
6572,777457.5921063443,627811.565790246,0.0,0.0,1,1
6573,777457.5921063443,627811.565790246,0.0,0.0,1,1
6574,777457.5921063443,627811.565790246,0.0,0.0,1,1
6575,777457.5921063443,627811.565790246,0.0,0.0,1,1
6576,777457.5921063443,627811.565790246,0.0,0.0,1,1
6577,777457.5921063443,627811.565790246,0.0,0.0,1,1
6578,777457.5921063443,627811.565790246,0.0,0.0,1,1
6579,777457.5921063443,627811.565790246,0.0,0.0,1,1
6580,777457.5921063443,627811.565790246,0.0,0.0,1,1
6581,777457.5921063443,627811.565790246,0.0,0.0,1,1
6582,777468.0921063443,627811.565790246,0.0,0.0,1,1
6583,777468.0921063443,627811.565790246,0.0,0.0,1,1
6584,777468.0921063443,627811.565790246,0.0,0.0,1,1
6585,777468.0921063443,627811.565790246,0.0,0.0,1,1
6586,777468.0921063443,627811.565790246,0.0,0.0,1,1
6587,777854.0789482951,627811.565790246,0.0,0.0,1,1
6588,777854.0789482951,627811.565790246,0.0,0.0,1,1
6589,777854.0789482951,627811.565790246,0.0,0.0,1,1
6590,777854.0789482951,627811.565790246,0.0,0.0,1,1
6591,777854.0789482951,627811.565790246,0.0,0.0,1,1
6592,777854.0789482951,627811.565790246,0.0,0.0,1,1
6593,778170.5789482951,627811.565790246,0.0,0.0,1,1
6594,778170.5789482951,627811.565790246,0.0,0.0,1,1
6595,778170.5789482951,627811.565790246,0.0,0.0,1,1
6596,778170.5789482951,627811.565790246,0.0,0.0,1,1
6597,778170.5789482951,627811.565790246,0.0,0.0,1,1
6598,778170.5789482951,627811.565790246,0.0,0.0,1,1
6599,778170.5789482951,627811.565790246,0.0,0.0,1,1
6600,778170.5789482951,627811.565790246,0.0,0.0,1,1
6601,778170.5789482951,627811.565790246,0.0,0.0,1,1
6602,778170.5789482951,627811.565790246,0.0,0.0,1,1
6603,778170.5789482951,627811.565790246,0.0,0.0,1,1
6604,778170.5789482951,627811.565790246,0.0,0.0,1,1
6605,778170.5789482951,627811.565790246,0.0,0.0,1,1
6606,778170.5789482951,627811.565790246,0.0,0.0,1,1
6607,778170.5789482951,627811.565790246,0.0,0.0,1,1
6608,777987.0789482951,627811.565790246,0.0,0.0,1,1
6609,777987.0789482951,627811.565790246,0.0,0.0,1,1
6610,777987.0789482951,627811.565790246,0.0,0.0,1,1
6611,777646.5921063443,627811.565790246,0.0,0.0,1,1
6612,777646.5921063443,627811.565790246,0.0,0.0,1,1
6613,777646.5921063443,627811.565790246,0.0,0.0,1,1
6614,777742.5921063443,627811.565790246,0.0,0.0,1,1
6615,777742.5921063443,627811.565790246,0.0,0.0,1,1
6616,777742.5921063443,627811.565790246,0.0,0.0,1,1
6617,777759.5921063443,627811.565790246,0.0,0.0,1,1
6618,777759.5921063443,627811.565790246,0.0,0.0,1,1
6619,777759.5921063443,627811.565790246,0.0,0.0,1,1
6620,777759.5921063443,627811.565790246,0.0,0.0,1,1
6621,777759.5921063443,627811.565790246,0.0,0.0,1,1
6622,777759.5921063443,627811.565790246,0.0,0.0,1,1
6623,777759.5921063443,627811.565790246,0.0,0.0,1,1
6624,777759.5921063443,627811.565790246,0.0,0.0,1,1
6625,777759.5921063443,627811.565790246,0.0,0.0,1,1
6626,777759.5921063443,627811.565790246,0.0,0.0,1,1
6627,777759.5921063443,627811.565790246,0.0,0.0,1,1
6628,775367.1052643935,627811.565790246,0.0,0.0,1,1
6629,775367.1052643935,627811.565790246,0.0,0.0,1,1
6630,775367.1052643935,627811.565790246,0.0,0.0,1,1
6631,775367.1052643935,627811.565790246,0.0,0.0,1,1
6632,775367.1052643935,627811.565790246,0.0,0.0,1,1
6633,775861.6052643935,627811.565790246,0.0,0.0,1,1
6634,775861.6052643935,627811.565790246,0.0,0.0,1,1
6635,775861.6052643935,627811.565790246,0.0,0.0,1,1
6636,775866.6052643935,627811.565790246,0.0,0.0,1,1
6637,775866.6052643935,627811.565790246,0.0,0.0,1,1
6638,775866.6052643935,627811.565790246,0.0,0.0,1,1
6639,775866.6052643935,627811.565790246,0.0,0.0,1,1
6640,775866.6052643935,627811.565790246,0.0,0.0,1,1
6641,775866.6052643935,627811.565790246,0.0,0.0,1,1
6642,775866.6052643935,627811.565790246,0.0,0.0,1,1
6643,775866.6052643935,627811.565790246,0.0,0.0,1,1
6644,775866.6052643935,627811.565790246,0.0,0.0,1,1
6645,776213.1052643935,627811.565790246,0.0,0.0,1,1
6646,776213.1052643935,627811.565790246,0.0,0.0,1,1
6647,776213.1052643935,627811.565790246,0.0,0.0,1,1
6648,776213.1052643935,627811.565790246,0.0,0.0,1,1
6649,776213.1052643935,627811.565790246,0.0,0.0,1,1
6650,776213.1052643935,627811.565790246,0.0,0.0,1,1
6651,776213.1052643935,627811.565790246,0.0,0.0,1,1
6652,776213.1052643935,627811.565790246,0.0,0.0,1,1
6653,776213.1052643935,627811.565790246,0.0,0.0,1,1
6654,776213.1052643935,627811.565790246,0.0,0.0,1,1
6655,776213.1052643935,627811.565790246,0.0,0.0,1,1
6656,776213.1052643935,627811.565790246,0.0,0.0,1,1
6657,776213.1052643935,627811.565790246,0.0,0.0,1,1
6658,776196.1052643935,627811.565790246,0.0,0.0,1,1
6659,776196.1052643935,627811.565790246,0.0,0.0,1,1
6660,776196.1052643935,627811.565790246,0.0,0.0,1,1
6661,776196.1052643935,627811.565790246,0.0,0.0,1,1
6662,776196.1052643935,627811.565790246,0.0,0.0,1,1
6663,776196.1052643935,627811.565790246,0.0,0.0,1,1
6664,776196.1052643935,627811.565790246,0.0,0.0,1,1
6665,776196.1052643935,627811.565790246,0.0,0.0,1,1
6666,776196.1052643935,627811.565790246,0.0,0.0,1,1
6667,776196.1052643935,627811.565790246,0.0,0.0,1,1
6668,776196.1052643935,627811.565790246,0.0,0.0,1,1
6669,776196.1052643935,627811.565790246,0.0,0.0,1,1
6670,776196.1052643935,627811.565790246,0.0,0.0,1,1
6671,776196.1052643935,627811.565790246,0.0,0.0,1,1
6672,776196.1052643935,627811.565790246,0.0,0.0,1,1
6673,776196.1052643935,627811.565790246,0.0,0.0,1,1
6674,776196.1052643935,627811.565790246,0.0,0.0,1,1
6675,776196.1052643935,627811.565790246,0.0,0.0,1,1
6676,776563.5657902459,627811.565790246,0.0,0.0,1,1
6677,776563.5657902459,627811.565790246,0.0,0.0,1,1
6678,776563.5657902459,627811.565790246,0.0,0.0,1,1
6679,776563.5657902459,627811.565790246,0.0,0.0,1,1
6680,776563.5657902459,627811.565790246,0.0,0.0,1,1
6681,776563.5657902459,627811.565790246,0.0,0.0,1,1
6682,776563.5657902459,627811.565790246,0.0,0.0,1,1
6683,776563.5657902459,627811.565790246,0.0,0.0,1,1
6684,776563.5657902459,627811.565790246,0.0,0.0,1,1
6685,776563.5657902459,627811.565790246,0.0,0.0,1,1
6686,776563.5657902459,627811.565790246,0.0,0.0,1,1
6687,776563.5657902459,627811.565790246,0.0,0.0,1,1
6688,776563.5657902459,627811.565790246,0.0,0.0,1,1
6689,776563.5657902459,627811.565790246,0.0,0.0,1,1
6690,776563.5657902459,627811.565790246,0.0,0.0,1,1
6691,776563.5657902459,627811.565790246,0.0,0.0,1,1
6692,776563.5657902459,627811.565790246,0.0,0.0,1,1
6693,776563.5657902459,627811.565790246,0.0,0.0,1,1
6694,776563.5657902459,627811.565790246,0.0,0.0,1,1
6695,775882.5657902459,627811.565790246,0.0,0.0,1,1
6696,775882.5657902459,627811.565790246,0.0,0.0,1,1
6697,775882.5657902459,627811.565790246,0.0,0.0,1,1
6698,775882.5657902459,627811.565790246,0.0,0.0,1,1
6699,775882.5657902459,627811.565790246,0.0,0.0,1,1
6700,775882.5657902459,627811.565790246,0.0,0.0,1,1
6701,775882.5657902459,627811.565790246,0.0,0.0,1,1
6702,775882.5657902459,627811.565790246,0.0,0.0,1,1
6703,775882.5657902459,627811.565790246,0.0,0.0,1,1
6704,775882.5657902459,627811.565790246,0.0,0.0,1,1
6705,775882.5657902459,627811.565790246,0.0,0.0,1,1
6706,775882.5657902459,627811.565790246,0.0,0.0,1,1
6707,775882.5657902459,627811.565790246,0.0,0.0,1,1
6708,775882.5657902459,627811.565790246,0.0,0.0,1,1
6709,775882.5657902459,627811.565790246,0.0,0.0,1,1
6710,775882.5657902459,627811.565790246,0.0,0.0,1,1
6711,775882.5657902459,627811.565790246,0.0,0.0,1,1
6712,775882.5657902459,627811.565790246,0.0,0.0,1,1
6713,775882.5657902459,627811.565790246,0.0,0.0,1,1
6714,775882.5657902459,627811.565790246,0.0,0.0,1,1
6715,775882.5657902459,627811.565790246,0.0,0.0,1,1
6716,778226.0921063443,627811.565790246,0.0,0.0,1,1
6717,778226.0921063443,627811.565790246,0.0,0.0,1,1
6718,778226.0921063443,627811.565790246,0.0,0.0,1,1
6719,778268.0921063443,627811.565790246,0.0,0.0,1,1
6720,778283.0921063443,627811.565790246,0.0,0.0,1,1
6721,778283.0921063443,627811.565790246,0.0,0.0,1,1
6722,778283.0921063443,627811.565790246,0.0,0.0,1,1
6723,778283.0921063443,627811.565790246,0.0,0.0,1,1
6724,778283.0921063443,627811.565790246,0.0,0.0,1,1
6725,778283.0921063443,627811.565790246,0.0,0.0,1,1
6726,778283.0921063443,627811.565790246,0.0,0.0,1,1
6727,778283.0921063443,627811.565790246,0.0,0.0,1,1
6728,778283.0921063443,627811.565790246,0.0,0.0,1,1
6729,778283.0921063443,627811.565790246,0.0,0.0,1,1
6730,778283.0921063443,627811.565790246,0.0,0.0,1,1
6731,778283.0921063443,627811.565790246,0.0,0.0,1,1
6732,778283.0921063443,627811.565790246,0.0,0.0,1,1
6733,778283.0921063443,627811.565790246,0.0,0.0,1,1
6734,778283.0921063443,627811.565790246,0.0,0.0,1,1
6735,778283.0921063443,627811.565790246,0.0,0.0,1,1
6736,778283.0921063443,627811.565790246,0.0,0.0,1,1
6737,778283.0921063443,627811.565790246,0.0,0.0,1,1
6738,778283.0921063443,627811.565790246,0.0,0.0,1,1
6739,778283.0921063443,627811.565790246,0.0,0.0,1,1
6740,778283.0921063443,627811.565790246,0.0,0.0,1,1
6741,778283.0921063443,627811.565790246,0.0,0.0,1,1
6742,778283.0921063443,627811.565790246,0.0,0.0,1,1
6743,778283.0921063443,627811.565790246,0.0,0.0,1,1
6744,778283.0921063443,627811.565790246,0.0,0.0,1,1
6745,778283.0921063443,627811.565790246,0.0,0.0,1,1
6746,778283.0921063443,627811.565790246,0.0,0.0,1,1
6747,778283.0921063443,627811.565790246,0.0,0.0,1,1
6748,778283.0921063443,627811.565790246,0.0,0.0,1,1
6749,778283.0921063443,627811.565790246,0.0,0.0,1,1
6750,778283.0921063443,627811.565790246,0.0,0.0,1,1
6751,778283.0921063443,627811.565790246,0.0,0.0,1,1
6752,778283.0921063443,627811.565790246,0.0,0.0,1,1
6753,778567.5921063443,627811.565790246,0.0,0.0,1,1
6754,778567.5921063443,627811.565790246,0.0,0.0,1,1
6755,778567.5921063443,627811.565790246,0.0,0.0,1,1
6756,778567.5921063443,627811.565790246,0.0,0.0,1,1
6757,778567.5921063443,627811.565790246,0.0,0.0,1,1
6758,778567.5921063443,627811.565790246,0.0,0.0,1,1
6759,778567.5921063443,627811.565790246,0.0,0.0,1,1
6760,778567.5921063443,627811.565790246,0.0,0.0,1,1
6761,778567.5921063443,627811.565790246,0.0,0.0,1,1
6762,778567.5921063443,627811.565790246,0.0,0.0,1,1
6763,778567.5921063443,627811.565790246,0.0,0.0,1,1
6764,778567.5921063443,627811.565790246,0.0,0.0,1,1
6765,778567.5921063443,627811.565790246,0.0,0.0,1,1
6766,778387.5921063443,627811.565790246,0.0,0.0,1,1
6767,778387.5921063443,627811.565790246,0.0,0.0,1,1
6768,778387.5921063443,627811.565790246,0.0,0.0,1,1
6769,778387.5921063443,627811.565790246,0.0,0.0,1,1
6770,778387.5921063443,627811.565790246,0.0,0.0,1,1
6771,778387.5921063443,627811.565790246,0.0,0.0,1,1
6772,778387.5921063443,627811.565790246,0.0,0.0,1,1
6773,778387.5921063443,627811.565790246,0.0,0.0,1,1
6774,778387.5921063443,627811.565790246,0.0,0.0,1,1
6775,778387.5921063443,627811.565790246,0.0,0.0,1,1
6776,778387.5921063443,627811.565790246,0.0,0.0,1,1
6777,778387.5921063443,627811.565790246,0.0,0.0,1,1
6778,778387.5921063443,627811.565790246,0.0,0.0,1,1
6779,778387.5921063443,627811.565790246,0.0,0.0,1,1
6780,778387.5921063443,627811.565790246,0.0,0.0,1,1
6781,778387.5921063443,627811.565790246,0.0,0.0,1,1
6782,778387.5921063443,627811.565790246,0.0,0.0,1,1
6783,778387.5921063443,627811.565790246,0.0,0.0,1,1
6784,778387.5921063443,627811.565790246,0.0,0.0,1,1
6785,778387.5921063443,627811.565790246,0.0,0.0,1,1
6786,778431.5921063443,627811.565790246,0.0,0.0,1,1
6787,778431.5921063443,627811.565790246,0.0,0.0,1,1
6788,778431.5921063443,627811.565790246,0.0,0.0,1,1
6789,778431.5921063443,627811.565790246,0.0,0.0,1,1
6790,777007.0921063443,627811.565790246,0.0,0.0,1,1
6791,777007.0921063443,627811.565790246,0.0,0.0,1,1
6792,777007.0921063443,627811.565790246,0.0,0.0,1,1
6793,777007.0921063443,627811.565790246,0.0,0.0,1,1
6794,777007.0921063443,627811.565790246,0.0,0.0,1,1
6795,777007.0921063443,627811.565790246,0.0,0.0,1,1
6796,777007.0921063443,627811.565790246,0.0,0.0,1,1
6797,777007.0921063443,627811.565790246,0.0,0.0,1,1
6798,777007.0921063443,627811.565790246,0.0,0.0,1,1
6799,777007.0921063443,627811.565790246,0.0,0.0,1,1
6800,777007.0921063443,627811.565790246,0.0,0.0,1,1
6801,777007.0921063443,627811.565790246,0.0,0.0,1,1
6802,777007.0921063443,627811.565790246,0.0,0.0,1,1
6803,777007.0921063443,627811.565790246,0.0,0.0,1,1
6804,777007.0921063443,627811.565790246,0.0,0.0,1,1
6805,777007.0921063443,627811.565790246,0.0,0.0,1,1
6806,777007.0921063443,627811.565790246,0.0,0.0,1,1
6807,777007.0921063443,627811.565790246,0.0,0.0,1,1
6808,777007.0921063443,627811.565790246,0.0,0.0,1,1
6809,777007.0921063443,627811.565790246,0.0,0.0,1,1
6810,777007.0921063443,627811.565790246,0.0,0.0,1,1
6811,777007.0921063443,627811.565790246,0.0,0.0,1,1
6812,777007.0921063443,627811.565790246,0.0,0.0,1,1
6813,777007.0921063443,627811.565790246,0.0,0.0,1,1
6814,777007.0921063443,627811.565790246,0.0,0.0,1,1
6815,777007.0921063443,627811.565790246,0.0,0.0,1,1
6816,777007.0921063443,627811.565790246,0.0,0.0,1,1
6817,779076.0921063443,627811.565790246,0.0,0.0,1,1
6818,779076.0921063443,627811.565790246,0.0,0.0,1,1
6819,779076.0921063443,627811.565790246,0.0,0.0,1,1
6820,779076.0921063443,627811.565790246,0.0,0.0,1,1
6821,779076.0921063443,627811.565790246,0.0,0.0,1,1
6822,779076.0921063443,627811.565790246,0.0,0.0,1,1
6823,779076.0921063443,627811.565790246,0.0,0.0,1,1
6824,779076.0921063443,627811.565790246,0.0,0.0,1,1
6825,779076.0921063443,627811.565790246,0.0,0.0,1,1
6826,779076.0921063443,627811.565790246,0.0,0.0,1,1
6827,779076.0921063443,627811.565790246,0.0,0.0,1,1
6828,779076.0921063443,627811.565790246,0.0,0.0,1,1
6829,779076.0921063443,627811.565790246,0.0,0.0,1,1
6830,779076.0921063443,627811.565790246,0.0,0.0,1,1
6831,779076.0921063443,627811.565790246,0.0,0.0,1,1
6832,779076.0921063443,627811.565790246,0.0,0.0,1,1
6833,779076.0921063443,627811.565790246,0.0,0.0,1,1
6834,779076.0921063443,627811.565790246,0.0,0.0,1,1
6835,779076.0921063443,627811.565790246,0.0,0.0,1,1
6836,779076.0921063443,627811.565790246,0.0,0.0,1,1
6837,779076.0921063443,627811.565790246,0.0,0.0,1,1
6838,779076.0921063443,627811.565790246,0.0,0.0,1,1
6839,779076.0921063443,627811.565790246,0.0,0.0,1,1
6840,779076.0921063443,627811.565790246,0.0,0.0,1,1
6841,779076.0921063443,627811.565790246,0.0,0.0,1,1
6842,779076.0921063443,627811.565790246,0.0,0.0,1,1
6843,779076.0921063443,627811.565790246,0.0,0.0,1,1
6844,779076.0921063443,627811.565790246,0.0,0.0,1,1
6845,779076.0921063443,627811.565790246,0.0,0.0,1,1
6846,779076.0921063443,627811.565790246,0.0,0.0,1,1
6847,779076.0921063443,627811.565790246,0.0,0.0,1,1
6848,779076.0921063443,627811.565790246,0.0,0.0,1,1
6849,779076.0921063443,627811.565790246,0.0,0.0,1,1
6850,779076.0921063443,627811.565790246,0.0,0.0,1,1
6851,779076.0921063443,627811.565790246,0.0,0.0,1,1
6852,779076.0921063443,627811.565790246,0.0,0.0,1,1
6853,779076.0921063443,627811.565790246,0.0,0.0,1,1
6854,779076.0921063443,627811.565790246,0.0,0.0,1,1
6855,779076.0921063443,627811.565790246,0.0,0.0,1,1
6856,779076.0921063443,627811.565790246,0.0,0.0,1,1
6857,779076.0921063443,627811.565790246,0.0,0.0,1,1
6858,779076.0921063443,627811.565790246,0.0,0.0,1,1
6859,779076.0921063443,627811.565790246,0.0,0.0,1,1
6860,778543.5921063443,627811.565790246,0.0,0.0,1,1
6861,778543.5921063443,627811.565790246,0.0,0.0,1,1
6862,778543.5921063443,627811.565790246,0.0,0.0,1,1
6863,778543.5921063443,627811.565790246,0.0,0.0,1,1
6864,778543.5921063443,627811.565790246,0.0,0.0,1,1
6865,778543.5921063443,627811.565790246,0.0,0.0,1,1
6866,778543.5921063443,627811.565790246,0.0,0.0,1,1
6867,778543.5921063443,627811.565790246,0.0,0.0,1,1
6868,778366.0921063443,627811.565790246,0.0,0.0,1,1
6869,778366.0921063443,627811.565790246,0.0,0.0,1,1
6870,778366.0921063443,627811.565790246,0.0,0.0,1,1
6871,778366.0921063443,627811.565790246,0.0,0.0,1,1
6872,778366.0921063443,627811.565790246,0.0,0.0,1,1
6873,778366.0921063443,627811.565790246,0.0,0.0,1,1
6874,778366.0921063443,627811.565790246,0.0,0.0,1,1
6875,778366.0921063443,627811.565790246,0.0,0.0,1,1
6876,778366.0921063443,627811.565790246,0.0,0.0,1,1
6877,779482.0921063443,627811.565790246,0.0,0.0,1,1
6878,779482.0921063443,627811.565790246,0.0,0.0,1,1
6879,779482.0921063443,627811.565790246,0.0,0.0,1,1
6880,779482.0921063443,627811.565790246,0.0,0.0,1,1
6881,779482.0921063443,627811.565790246,0.0,0.0,1,1
6882,779482.0921063443,627811.565790246,0.0,0.0,1,1
6883,779482.0921063443,627811.565790246,0.0,0.0,1,1
6884,779482.0921063443,627811.565790246,0.0,0.0,1,1
6885,779482.0921063443,627811.565790246,0.0,0.0,1,1
6886,779482.0921063443,627811.565790246,0.0,0.0,1,1
6887,779482.0921063443,627811.565790246,0.0,0.0,1,1
6888,779482.0921063443,627811.565790246,0.0,0.0,1,1
6889,779482.0921063443,627811.565790246,0.0,0.0,1,1
6890,780410.6315804918,627811.565790246,0.0,0.0,1,1
6891,780424.6315804918,627811.565790246,0.0,0.0,1,1
6892,780424.6315804918,627811.565790246,0.0,0.0,1,1
6893,780424.6315804918,627811.565790246,0.0,0.0,1,1
6894,780424.6315804918,627811.565790246,0.0,0.0,1,1
6895,780424.6315804918,627811.565790246,0.0,0.0,1,1
6896,780276.6315804918,627811.565790246,0.0,0.0,1,1
6897,780276.6315804918,627811.565790246,0.0,0.0,1,1
6898,780276.6315804918,627811.565790246,0.0,0.0,1,1
6899,780276.6315804918,627811.565790246,0.0,0.0,1,1
6900,780276.6315804918,627811.565790246,0.0,0.0,1,1
6901,780276.6315804918,627811.565790246,0.0,0.0,1,1
6902,780276.6315804918,627811.565790246,0.0,0.0,1,1
6903,780276.6315804918,627811.565790246,0.0,0.0,1,1
6904,780276.6315804918,627811.565790246,0.0,0.0,1,1
6905,780276.6315804918,627811.565790246,0.0,0.0,1,1
6906,780276.6315804918,627811.565790246,0.0,0.0,1,1
6907,780276.6315804918,627811.565790246,0.0,0.0,1,1
6908,780276.6315804918,627811.565790246,0.0,0.0,1,1
6909,780276.6315804918,627811.565790246,0.0,0.0,1,1
6910,780276.6315804918,627811.565790246,0.0,0.0,1,1
6911,780276.6315804918,627811.565790246,0.0,0.0,1,1
6912,780276.6315804918,627811.565790246,0.0,0.0,1,1
6913,780276.6315804918,627811.565790246,0.0,0.0,1,1
6914,780276.6315804918,627811.565790246,0.0,0.0,1,1
6915,780276.6315804918,627811.565790246,0.0,0.0,1,1
6916,780276.6315804918,627811.565790246,0.0,0.0,1,1
6917,780276.6315804918,627811.565790246,0.0,0.0,1,1
6918,780276.6315804918,627811.565790246,0.0,0.0,1,1
6919,780276.6315804918,627811.565790246,0.0,0.0,1,1
6920,779758.1184224426,627811.565790246,0.0,0.0,1,1
6921,779758.1184224426,627811.565790246,0.0,0.0,1,1
6922,779758.1184224426,627811.565790246,0.0,0.0,1,1
6923,779758.1184224426,627811.565790246,0.0,0.0,1,1
6924,779861.6184224426,627811.565790246,0.0,0.0,1,1
6925,779861.6184224426,627811.565790246,0.0,0.0,1,1
6926,779861.6184224426,627811.565790246,0.0,0.0,1,1
6927,779861.6184224426,627811.565790246,0.0,0.0,1,1
6928,779861.6184224426,627811.565790246,0.0,0.0,1,1
6929,779861.6184224426,627811.565790246,0.0,0.0,1,1
6930,779849.6184224426,627811.565790246,0.0,0.0,1,1
6931,779849.6184224426,627811.565790246,0.0,0.0,1,1
6932,780328.1184224426,627811.565790246,0.0,0.0,1,1
6933,780328.1184224426,627811.565790246,0.0,0.0,1,1
6934,780328.1184224426,627811.565790246,0.0,0.0,1,1
6935,780328.1184224426,627811.565790246,0.0,0.0,1,1
6936,780328.1184224426,627811.565790246,0.0,0.0,1,1
6937,780328.1184224426,627811.565790246,0.0,0.0,1,1
6938,780328.1184224426,627811.565790246,0.0,0.0,1,1
6939,780328.1184224426,627811.565790246,0.0,0.0,1,1
6940,780328.1184224426,627811.565790246,0.0,0.0,1,1
6941,780328.1184224426,627811.565790246,0.0,0.0,1,1
6942,780328.1184224426,627811.565790246,0.0,0.0,1,1
6943,779905.6184224426,627811.565790246,0.0,0.0,1,1
6944,779905.6184224426,627811.565790246,0.0,0.0,1,1
6945,779905.6184224426,627811.565790246,0.0,0.0,1,1
6946,779905.6184224426,627811.565790246,0.0,0.0,1,1
6947,779905.6184224426,627811.565790246,0.0,0.0,1,1
6948,779905.6184224426,627811.565790246,0.0,0.0,1,1
6949,779905.6184224426,627811.565790246,0.0,0.0,1,1
6950,779905.6184224426,627811.565790246,0.0,0.0,1,1
6951,779905.6184224426,627811.565790246,0.0,0.0,1,1
6952,779905.6184224426,627811.565790246,0.0,0.0,1,1
6953,779905.6184224426,627811.565790246,0.0,0.0,1,1
6954,779905.6184224426,627811.565790246,0.0,0.0,1,1
6955,779905.6184224426,627811.565790246,0.0,0.0,1,1
6956,779905.6184224426,627811.565790246,0.0,0.0,1,1
6957,779905.6184224426,627811.565790246,0.0,0.0,1,1
6958,779905.6184224426,627811.565790246,0.0,0.0,1,1
6959,779905.6184224426,627811.565790246,0.0,0.0,1,1
6960,779905.6184224426,627811.565790246,0.0,0.0,1,1
6961,779905.6184224426,627811.565790246,0.0,0.0,1,1
6962,779905.6184224426,627811.565790246,0.0,0.0,1,1
6963,779905.6184224426,627811.565790246,0.0,0.0,1,1
6964,779905.6184224426,627811.565790246,0.0,0.0,1,1
6965,779905.6184224426,627811.565790246,0.0,0.0,1,1
6966,779905.6184224426,627811.565790246,0.0,0.0,1,1
6967,779589.6184224426,627811.565790246,0.0,0.0,1,1
6968,779589.6184224426,627811.565790246,0.0,0.0,1,1
6969,779589.6184224426,627811.565790246,0.0,0.0,1,1
6970,779589.6184224426,627811.565790246,0.0,0.0,1,1
6971,779589.6184224426,627811.565790246,0.0,0.0,1,1
6972,779589.6184224426,627811.565790246,0.0,0.0,1,1
6973,779589.6184224426,627811.565790246,0.0,0.0,1,1
6974,779589.6184224426,627811.565790246,0.0,0.0,1,1
6975,779589.6184224426,627811.565790246,0.0,0.0,1,1
6976,779589.6184224426,627811.565790246,0.0,0.0,1,1
6977,779589.6184224426,627811.565790246,0.0,0.0,1,1
6978,779589.6184224426,627811.565790246,0.0,0.0,1,1
6979,779589.6184224426,627811.565790246,0.0,0.0,1,1
6980,779589.6184224426,627811.565790246,0.0,0.0,1,1
6981,779589.6184224426,627811.565790246,0.0,0.0,1,1
6982,779589.6184224426,627811.565790246,0.0,0.0,1,1
6983,779589.6184224426,627811.565790246,0.0,0.0,1,1
6984,779589.6184224426,627811.565790246,0.0,0.0,1,1
6985,779589.6184224426,627811.565790246,0.0,0.0,1,1
6986,781368.6184224426,627811.565790246,0.0,0.0,1,1
6987,781368.6184224426,627811.565790246,0.0,0.0,1,1
6988,781368.6184224426,627811.565790246,0.0,0.0,1,1
6989,781368.6184224426,627811.565790246,0.0,0.0,1,1
6990,781368.6184224426,627811.565790246,0.0,0.0,1,1
6991,781368.6184224426,627811.565790246,0.0,0.0,1,1
6992,781368.6184224426,627811.565790246,0.0,0.0,1,1
6993,781368.6184224426,627811.565790246,0.0,0.0,1,1
6994,781368.6184224426,627811.565790246,0.0,0.0,1,1
6995,781368.6184224426,627811.565790246,0.0,0.0,1,1
6996,781368.6184224426,627811.565790246,0.0,0.0,1,1
6997,781368.6184224426,627811.565790246,0.0,0.0,1,1
6998,781368.6184224426,627811.565790246,0.0,0.0,1,1
6999,781368.6184224426,627811.565790246,0.0,0.0,1,1
7000,781368.6184224426,627811.565790246,0.0,0.0,1,1
7001,781368.6184224426,627811.565790246,0.0,0.0,1,1
7002,781368.6184224426,627811.565790246,0.0,0.0,1,1
7003,781368.6184224426,627811.565790246,0.0,0.0,1,1
7004,781368.6184224426,627811.565790246,0.0,0.0,1,1
7005,781368.6184224426,627811.565790246,0.0,0.0,1,1
7006,781058.1184224426,627811.565790246,0.0,0.0,1,1
7007,781058.1184224426,627811.565790246,0.0,0.0,1,1
7008,781058.1184224426,627811.565790246,0.0,0.0,1,1
7009,781058.1184224426,627811.565790246,0.0,0.0,1,1
7010,781058.1184224426,627811.565790246,0.0,0.0,1,1
7011,781058.1184224426,627811.565790246,0.0,0.0,1,1
7012,780576.1184224426,627811.565790246,0.0,0.0,1,1
7013,780576.1184224426,627811.565790246,0.0,0.0,1,1
7014,780576.1184224426,627811.565790246,0.0,0.0,1,1
7015,780701.1184224426,627811.565790246,0.0,0.0,1,1
7016,780701.1184224426,627811.565790246,0.0,0.0,1,1
7017,780701.1184224426,627811.565790246,0.0,0.0,1,1
7018,780701.1184224426,627811.565790246,0.0,0.0,1,1
7019,780701.1184224426,627811.565790246,0.0,0.0,1,1
7020,780701.1184224426,627811.565790246,0.0,0.0,1,1
7021,780701.1184224426,627811.565790246,0.0,0.0,1,1
7022,780701.1184224426,627811.565790246,0.0,0.0,1,1
7023,780701.1184224426,627811.565790246,0.0,0.0,1,1
7024,780701.1184224426,627811.565790246,0.0,0.0,1,1
7025,780639.1184224426,627811.565790246,0.0,0.0,1,1
7026,780639.1184224426,627811.565790246,0.0,0.0,1,1
7027,780639.1184224426,627811.565790246,0.0,0.0,1,1
7028,780639.1184224426,627811.565790246,0.0,0.0,1,1
7029,780639.1184224426,627811.565790246,0.0,0.0,1,1
7030,780639.1184224426,627811.565790246,0.0,0.0,1,1
7031,780639.1184224426,627811.565790246,0.0,0.0,1,1
7032,780639.1184224426,627811.565790246,0.0,0.0,1,1
7033,780639.1184224426,627811.565790246,0.0,0.0,1,1
7034,780639.1184224426,627811.565790246,0.0,0.0,1,1
7035,780639.1184224426,627811.565790246,0.0,0.0,1,1
7036,780639.1184224426,627811.565790246,0.0,0.0,1,1
7037,780639.1184224426,627811.565790246,0.0,0.0,1,1
7038,780639.1184224426,627811.565790246,0.0,0.0,1,1
7039,780639.1184224426,627811.565790246,0.0,0.0,1,1
7040,780639.1184224426,627811.565790246,0.0,0.0,1,1
7041,780639.1184224426,627811.565790246,0.0,0.0,1,1
7042,780639.1184224426,627811.565790246,0.0,0.0,1,1
7043,780639.1184224426,627811.565790246,0.0,0.0,1,1
7044,780639.1184224426,627811.565790246,0.0,0.0,1,1
7045,780639.1184224426,627811.565790246,0.0,0.0,1,1
7046,780639.1184224426,627811.565790246,0.0,0.0,1,1
7047,780639.1184224426,627811.565790246,0.0,0.0,1,1
7048,780639.1184224426,627811.565790246,0.0,0.0,1,1
7049,780639.1184224426,627811.565790246,0.0,0.0,1,1
7050,780639.1184224426,627811.565790246,0.0,0.0,1,1
7051,780639.1184224426,627811.565790246,0.0,0.0,1,1
7052,780639.1184224426,627811.565790246,0.0,0.0,1,1
7053,780639.1184224426,627811.565790246,0.0,0.0,1,1
7054,780260.6184224426,627811.565790246,0.0,0.0,1,1
7055,780260.6184224426,627811.565790246,0.0,0.0,1,1
7056,780260.6184224426,627811.565790246,0.0,0.0,1,1
7057,780260.6184224426,627811.565790246,0.0,0.0,1,1
7058,780220.6184224426,627811.565790246,0.0,0.0,1,1
7059,780220.6184224426,627811.565790246,0.0,0.0,1,1
7060,780220.6184224426,627811.565790246,0.0,0.0,1,1
7061,780220.6184224426,627811.565790246,0.0,0.0,1,1
7062,780220.6184224426,627811.565790246,0.0,0.0,1,1
7063,780095.6184224426,627811.565790246,0.0,0.0,1,1
7064,780095.6184224426,627811.565790246,0.0,0.0,1,1
7065,780095.6184224426,627811.565790246,0.0,0.0,1,1
7066,780095.6184224426,627811.565790246,0.0,0.0,1,1
7067,780095.6184224426,627811.565790246,0.0,0.0,1,1
7068,780095.6184224426,627811.565790246,0.0,0.0,1,1
7069,780095.6184224426,627811.565790246,0.0,0.0,1,1
7070,780095.6184224426,627811.565790246,0.0,0.0,1,1
7071,780095.6184224426,627811.565790246,0.0,0.0,1,1
7072,780095.6184224426,627811.565790246,0.0,0.0,1,1
7073,779558.1184224426,627811.565790246,0.0,0.0,1,1
7074,779558.1184224426,627811.565790246,0.0,0.0,1,1
7075,779558.1184224426,627811.565790246,0.0,0.0,1,1
7076,779558.1184224426,627811.565790246,0.0,0.0,1,1
7077,779558.1184224426,627811.565790246,0.0,0.0,1,1
7078,779558.1184224426,627811.565790246,0.0,0.0,1,1
7079,779558.1184224426,627811.565790246,0.0,0.0,1,1
7080,779558.1184224426,627811.565790246,0.0,0.0,1,1
7081,779558.1184224426,627811.565790246,0.0,0.0,1,1
7082,779558.1184224426,627811.565790246,0.0,0.0,1,1
7083,779558.1184224426,627811.565790246,0.0,0.0,1,1
7084,779558.1184224426,627811.565790246,0.0,0.0,1,1
7085,779558.1184224426,627811.565790246,0.0,0.0,1,1
7086,779558.1184224426,627811.565790246,0.0,0.0,1,1
7087,779558.1184224426,627811.565790246,0.0,0.0,1,1
7088,779301.1184224426,627811.565790246,0.0,0.0,1,1
7089,779301.1184224426,627811.565790246,0.0,0.0,1,1
7090,779301.1184224426,627811.565790246,0.0,0.0,1,1
7091,779301.1184224426,627811.565790246,0.0,0.0,1,1
7092,779301.1184224426,627811.565790246,0.0,0.0,1,1
7093,779301.1184224426,627811.565790246,0.0,0.0,1,1
7094,779301.1184224426,627811.565790246,0.0,0.0,1,1
7095,779301.1184224426,627811.565790246,0.0,0.0,1,1
7096,779625.6184224426,627811.565790246,0.0,0.0,1,1
7097,779625.6184224426,627811.565790246,0.0,0.0,1,1
7098,779625.6184224426,627811.565790246,0.0,0.0,1,1
7099,779625.6184224426,627811.565790246,0.0,0.0,1,1
7100,779625.6184224426,627811.565790246,0.0,0.0,1,1
7101,781361.6184224427,627811.565790246,0.0,0.0,1,1
7102,781361.6184224427,627811.565790246,0.0,0.0,1,1
7103,781361.6184224427,627811.565790246,0.0,0.0,1,1
7104,781361.6184224427,627811.565790246,0.0,0.0,1,1
7105,781361.6184224427,627811.565790246,0.0,0.0,1,1
7106,781361.6184224427,627811.565790246,0.0,0.0,1,1
7107,781361.6184224427,627811.565790246,0.0,0.0,1,1
7108,781361.6184224427,627811.565790246,0.0,0.0,1,1
7109,781361.6184224427,627811.565790246,0.0,0.0,1,1
7110,781361.6184224427,627811.565790246,0.0,0.0,1,1
7111,781361.6184224427,627811.565790246,0.0,0.0,1,1
7112,781361.6184224427,627811.565790246,0.0,0.0,1,1
7113,781361.6184224427,627811.565790246,0.0,0.0,1,1
7114,781361.6184224427,627811.565790246,0.0,0.0,1,1
7115,781361.6184224427,627811.565790246,0.0,0.0,1,1
7116,781361.6184224427,627811.565790246,0.0,0.0,1,1
7117,781361.6184224427,627811.565790246,0.0,0.0,1,1
7118,781361.6184224427,627811.565790246,0.0,0.0,1,1
7119,781361.6184224427,627811.565790246,0.0,0.0,1,1
7120,781361.6184224427,627811.565790246,0.0,0.0,1,1
7121,781361.6184224427,627811.565790246,0.0,0.0,1,1
7122,779551.6315804918,627811.565790246,0.0,0.0,1,1
7123,779551.6315804918,627811.565790246,0.0,0.0,1,1
7124,779551.6315804918,627811.565790246,0.0,0.0,1,1
7125,779551.6315804918,627811.565790246,0.0,0.0,1,1
7126,779551.6315804918,627811.565790246,0.0,0.0,1,1
7127,779551.6315804918,627811.565790246,0.0,0.0,1,1
7128,779551.6315804918,627811.565790246,0.0,0.0,1,1
7129,779551.6315804918,627811.565790246,0.0,0.0,1,1
7130,779551.6315804918,627811.565790246,0.0,0.0,1,1
7131,779551.6315804918,627811.565790246,0.0,0.0,1,1
7132,779551.6315804918,627811.565790246,0.0,0.0,1,1
7133,779551.6315804918,627811.565790246,0.0,0.0,1,1
7134,779551.6315804918,627811.565790246,0.0,0.0,1,1
7135,779551.6315804918,627811.565790246,0.0,0.0,1,1
7136,779551.6315804918,627811.565790246,0.0,0.0,1,1
7137,779551.6315804918,627811.565790246,0.0,0.0,1,1
7138,779551.6315804918,627811.565790246,0.0,0.0,1,1
7139,779551.6315804918,627811.565790246,0.0,0.0,1,1
7140,779638.6315804918,627811.565790246,0.0,0.0,1,1
7141,779638.6315804918,627811.565790246,0.0,0.0,1,1
7142,779638.6315804918,627811.565790246,0.0,0.0,1,1
7143,779638.6315804918,627811.565790246,0.0,0.0,1,1
7144,779638.6315804918,627811.565790246,0.0,0.0,1,1
7145,779543.6315804918,627811.565790246,0.0,0.0,1,1
7146,779696.6315804918,627811.565790246,0.0,0.0,1,1
7147,779696.6315804918,627811.565790246,0.0,0.0,1,1
7148,779696.6315804918,627811.565790246,0.0,0.0,1,1
7149,779696.6315804918,627811.565790246,0.0,0.0,1,1
7150,779696.6315804918,627811.565790246,0.0,0.0,1,1
7151,779696.6315804918,627811.565790246,0.0,0.0,1,1
7152,779696.6315804918,627811.565790246,0.0,0.0,1,1
7153,779696.6315804918,627811.565790246,0.0,0.0,1,1
7154,779696.6315804918,627811.565790246,0.0,0.0,1,1
7155,779696.6315804918,627811.565790246,0.0,0.0,1,1
7156,779564.6315804918,627811.565790246,0.0,0.0,1,1
7157,779564.6315804918,627811.565790246,0.0,0.0,1,1
7158,779564.6315804918,627811.565790246,0.0,0.0,1,1
7159,779564.6315804918,627811.565790246,0.0,0.0,1,1
7160,779564.6315804918,627811.565790246,0.0,0.0,1,1
7161,779564.6315804918,627811.565790246,0.0,0.0,1,1
7162,779564.6315804918,627811.565790246,0.0,0.0,1,1
7163,779564.6315804918,627811.565790246,0.0,0.0,1,1
7164,779564.6315804918,627811.565790246,0.0,0.0,1,1
7165,779564.6315804918,627811.565790246,0.0,0.0,1,1
7166,779564.6315804918,627811.565790246,0.0,0.0,1,1
7167,779564.6315804918,627811.565790246,0.0,0.0,1,1
7168,779564.6315804918,627811.565790246,0.0,0.0,1,1
7169,779564.6315804918,627811.565790246,0.0,0.0,1,1
7170,779599.6315804918,627811.565790246,0.0,0.0,1,1
7171,779599.6315804918,627811.565790246,0.0,0.0,1,1
7172,779599.6315804918,627811.565790246,0.0,0.0,1,1
7173,779599.6315804918,627811.565790246,0.0,0.0,1,1
7174,780596.1315804918,627811.565790246,0.0,0.0,1,1
7175,780596.1315804918,627811.565790246,0.0,0.0,1,1
7176,780596.1315804918,627811.565790246,0.0,0.0,1,1
7177,780596.1315804918,627811.565790246,0.0,0.0,1,1
7178,780596.1315804918,627811.565790246,0.0,0.0,1,1
7179,782097.6052643935,627811.565790246,0.0,0.0,1,1
7180,782097.6052643935,627811.565790246,0.0,0.0,1,1
7181,782097.6052643935,627811.565790246,0.0,0.0,1,1
7182,782097.6052643935,627811.565790246,0.0,0.0,1,1
7183,781956.6052643935,627811.565790246,0.0,0.0,1,1
7184,781956.6052643935,627811.565790246,0.0,0.0,1,1
7185,781956.6052643935,627811.565790246,0.0,0.0,1,1
7186,781956.6052643935,627811.565790246,0.0,0.0,1,1
7187,781956.6052643935,627811.565790246,0.0,0.0,1,1
7188,781956.6052643935,627811.565790246,0.0,0.0,1,1
7189,781956.6052643935,627811.565790246,0.0,0.0,1,1
7190,781956.6052643935,627811.565790246,0.0,0.0,1,1
7191,782644.1052643935,627811.565790246,0.0,0.0,1,1
7192,782644.1052643935,627811.565790246,0.0,0.0,1,1
7193,782644.1052643935,627811.565790246,0.0,0.0,1,1
7194,782644.1052643935,627811.565790246,0.0,0.0,1,1
7195,782644.1052643935,627811.565790246,0.0,0.0,1,1
7196,782644.1052643935,627811.565790246,0.0,0.0,1,1
7197,782644.1052643935,627811.565790246,0.0,0.0,1,1
7198,782644.1052643935,627811.565790246,0.0,0.0,1,1
7199,782644.1052643935,627811.565790246,0.0,0.0,1,1
7200,782644.1052643935,627811.565790246,0.0,0.0,1,1
7201,782644.1052643935,627811.565790246,0.0,0.0,1,1
7202,782644.1052643935,627811.565790246,0.0,0.0,1,1
7203,782644.1052643935,627811.565790246,0.0,0.0,1,1
7204,782644.1052643935,627811.565790246,0.0,0.0,1,1
7205,782644.1052643935,627811.565790246,0.0,0.0,1,1
7206,782644.1052643935,627811.565790246,0.0,0.0,1,1
7207,782644.1052643935,627811.565790246,0.0,0.0,1,1
7208,782954.6052643935,627811.565790246,0.0,0.0,1,1
7209,782954.6052643935,627811.565790246,0.0,0.0,1,1
7210,782954.6052643935,627811.565790246,0.0,0.0,1,1
7211,782954.6052643935,627811.565790246,0.0,0.0,1,1
7212,782954.6052643935,627811.565790246,0.0,0.0,1,1
7213,782954.6052643935,627811.565790246,0.0,0.0,1,1
7214,782954.6052643935,627811.565790246,0.0,0.0,1,1
7215,782954.6052643935,627811.565790246,0.0,0.0,1,1
7216,782954.6052643935,627811.565790246,0.0,0.0,1,1
7217,782954.6052643935,627811.565790246,0.0,0.0,1,1
7218,782954.6052643935,627811.565790246,0.0,0.0,1,1
7219,782954.6052643935,627811.565790246,0.0,0.0,1,1
7220,782954.6052643935,627811.565790246,0.0,0.0,1,1
7221,782954.6052643935,627811.565790246,0.0,0.0,1,1
7222,782954.6052643935,627811.565790246,0.0,0.0,1,1
7223,782954.6052643935,627811.565790246,0.0,0.0,1,1
7224,782954.6052643935,627811.565790246,0.0,0.0,1,1
7225,782954.6052643935,627811.565790246,0.0,0.0,1,1
7226,782944.6052643935,627811.565790246,0.0,0.0,1,1
7227,782944.6052643935,627811.565790246,0.0,0.0,1,1
7228,782944.6052643935,627811.565790246,0.0,0.0,1,1
7229,782944.6052643935,627811.565790246,0.0,0.0,1,1
7230,782944.6052643935,627811.565790246,0.0,0.0,1,1
7231,782944.6052643935,627811.565790246,0.0,0.0,1,1
7232,782944.6052643935,627811.565790246,0.0,0.0,1,1
7233,782944.6052643935,627811.565790246,0.0,0.0,1,1
7234,782944.6052643935,627811.565790246,0.0,0.0,1,1
7235,782944.6052643935,627811.565790246,0.0,0.0,1,1
7236,782944.6052643935,627811.565790246,0.0,0.0,1,1
7237,782944.6052643935,627811.565790246,0.0,0.0,1,1
7238,782944.6052643935,627811.565790246,0.0,0.0,1,1
7239,782944.6052643935,627811.565790246,0.0,0.0,1,1
7240,782944.6052643935,627811.565790246,0.0,0.0,1,1
7241,782944.6052643935,627811.565790246,0.0,0.0,1,1
7242,782944.6052643935,627811.565790246,0.0,0.0,1,1
7243,782944.6052643935,627811.565790246,0.0,0.0,1,1
7244,782944.6052643935,627811.565790246,0.0,0.0,1,1
7245,782944.6052643935,627811.565790246,0.0,0.0,1,1
7246,782944.6052643935,627811.565790246,0.0,0.0,1,1
7247,782944.6052643935,627811.565790246,0.0,0.0,1,1
7248,782944.6052643935,627811.565790246,0.0,0.0,1,1
7249,782944.6052643935,627811.565790246,0.0,0.0,1,1
7250,782944.6052643935,627811.565790246,0.0,0.0,1,1
7251,782944.6052643935,627811.565790246,0.0,0.0,1,1
7252,782944.6052643935,627811.565790246,0.0,0.0,1,1
7253,782944.6052643935,627811.565790246,0.0,0.0,1,1
7254,782944.6052643935,627811.565790246,0.0,0.0,1,1
7255,782944.6052643935,627811.565790246,0.0,0.0,1,1
7256,782944.6052643935,627811.565790246,0.0,0.0,1,1
7257,782944.6052643935,627811.565790246,0.0,0.0,1,1
7258,782944.6052643935,627811.565790246,0.0,0.0,1,1
7259,782944.6052643935,627811.565790246,0.0,0.0,1,1
7260,782944.6052643935,627811.565790246,0.0,0.0,1,1
7261,782944.6052643935,627811.565790246,0.0,0.0,1,1
7262,782944.6052643935,627811.565790246,0.0,0.0,1,1
7263,782944.6052643935,627811.565790246,0.0,0.0,1,1
7264,782944.6052643935,627811.565790246,0.0,0.0,1,1
7265,782944.6052643935,627811.565790246,0.0,0.0,1,1
7266,782944.6052643935,627811.565790246,0.0,0.0,1,1
7267,782944.6052643935,627811.565790246,0.0,0.0,1,1
7268,782944.6052643935,627811.565790246,0.0,0.0,1,1
7269,784310.6315804918,627811.565790246,0.0,0.0,1,1
7270,784156.6315804918,627811.565790246,0.0,0.0,1,1
7271,784156.6315804918,627811.565790246,0.0,0.0,1,1
7272,784156.6315804918,627811.565790246,0.0,0.0,1,1
7273,784156.6315804918,627811.565790246,0.0,0.0,1,1
7274,784156.6315804918,627811.565790246,0.0,0.0,1,1
7275,784156.6315804918,627811.565790246,0.0,0.0,1,1
7276,784156.6315804918,627811.565790246,0.0,0.0,1,1
7277,784156.6315804918,627811.565790246,0.0,0.0,1,1
7278,784156.6315804918,627811.565790246,0.0,0.0,1,1
7279,784156.6315804918,627811.565790246,0.0,0.0,1,1
7280,784156.6315804918,627811.565790246,0.0,0.0,1,1
7281,784156.6315804918,627811.565790246,0.0,0.0,1,1
7282,784156.6315804918,627811.565790246,0.0,0.0,1,1
7283,784171.144738541,627811.565790246,0.0,0.0,1,1
7284,784171.144738541,627811.565790246,0.0,0.0,1,1
7285,784171.144738541,627811.565790246,0.0,0.0,1,1
7286,787140.6315804918,627811.565790246,0.0,0.0,1,1
7287,787279.6315804918,627811.565790246,0.0,0.0,1,1
7288,787279.6315804918,627811.565790246,0.0,0.0,1,1
7289,787279.6315804918,627811.565790246,0.0,0.0,1,1
7290,786613.1315804918,627811.565790246,0.0,0.0,1,1
7291,786613.1315804918,627811.565790246,0.0,0.0,1,1
7292,786613.1315804918,627811.565790246,0.0,0.0,1,1
7293,786613.1315804918,627811.565790246,0.0,0.0,1,1
7294,786613.1315804918,627811.565790246,0.0,0.0,1,1
7295,786613.1315804918,627811.565790246,0.0,0.0,1,1
7296,786613.1315804918,627811.565790246,0.0,0.0,1,1
7297,786613.1315804918,627811.565790246,0.0,0.0,1,1
7298,786613.1315804918,627811.565790246,0.0,0.0,1,1
7299,786613.1315804918,627811.565790246,0.0,0.0,1,1
7300,786613.1315804918,627811.565790246,0.0,0.0,1,1
7301,786613.1315804918,627811.565790246,0.0,0.0,1,1
7302,786613.1315804918,627811.565790246,0.0,0.0,1,1
7303,786613.1315804918,627811.565790246,0.0,0.0,1,1
7304,786613.1315804918,627811.565790246,0.0,0.0,1,1
7305,786613.1315804918,627811.565790246,0.0,0.0,1,1
7306,784634.6578965902,627811.565790246,0.0,0.0,1,1
7307,784634.6578965902,627811.565790246,0.0,0.0,1,1
7308,784634.6578965902,627811.565790246,0.0,0.0,1,1
7309,784634.6578965902,627811.565790246,0.0,0.0,1,1
7310,784634.6578965902,627811.565790246,0.0,0.0,1,1
7311,785644.6315804918,627811.565790246,0.0,0.0,1,1
7312,785644.6315804918,627811.565790246,0.0,0.0,1,1
7313,785644.6315804918,627811.565790246,0.0,0.0,1,1
7314,785644.6315804918,627811.565790246,0.0,0.0,1,1
7315,785644.6315804918,627811.565790246,0.0,0.0,1,1
7316,785644.6315804918,627811.565790246,0.0,0.0,1,1
7317,785644.6315804918,627811.565790246,0.0,0.0,1,1
7318,785644.6315804918,627811.565790246,0.0,0.0,1,1
7319,785644.6315804918,627811.565790246,0.0,0.0,1,1
7320,785644.6315804918,627811.565790246,0.0,0.0,1,1
7321,785644.6315804918,627811.565790246,0.0,0.0,1,1
7322,785712.1315804918,627811.565790246,0.0,0.0,1,1
7323,785712.1315804918,627811.565790246,0.0,0.0,1,1
7324,785712.1315804918,627811.565790246,0.0,0.0,1,1
7325,785712.1315804918,627811.565790246,0.0,0.0,1,1
7326,785757.1315804918,627811.565790246,0.0,0.0,1,1
7327,785224.6315804918,627811.565790246,0.0,0.0,1,1
7328,785224.6315804918,627811.565790246,0.0,0.0,1,1
7329,785224.6315804918,627811.565790246,0.0,0.0,1,1
7330,785224.6315804918,627811.565790246,0.0,0.0,1,1
7331,785224.6315804918,627811.565790246,0.0,0.0,1,1
7332,785224.6315804918,627811.565790246,0.0,0.0,1,1
7333,785224.6315804918,627811.565790246,0.0,0.0,1,1
7334,785224.6315804918,627811.565790246,0.0,0.0,1,1
7335,785224.6315804918,627811.565790246,0.0,0.0,1,1
7336,785224.6315804918,627811.565790246,0.0,0.0,1,1
7337,785224.6315804918,627811.565790246,0.0,0.0,1,1
7338,785224.6315804918,627811.565790246,0.0,0.0,1,1
7339,785224.6315804918,627811.565790246,0.0,0.0,1,1
7340,785224.6315804918,627811.565790246,0.0,0.0,1,1
7341,785224.6315804918,627811.565790246,0.0,0.0,1,1
7342,785224.6315804918,627811.565790246,0.0,0.0,1,1
7343,785224.6315804918,627811.565790246,0.0,0.0,1,1
7344,785329.1315804918,627811.565790246,0.0,0.0,1,1
7345,785329.1315804918,627811.565790246,0.0,0.0,1,1
7346,785329.1315804918,627811.565790246,0.0,0.0,1,1
7347,785329.1315804918,627811.565790246,0.0,0.0,1,1
7348,785329.1315804918,627811.565790246,0.0,0.0,1,1
7349,785329.1315804918,627811.565790246,0.0,0.0,1,1
7350,785329.1315804918,627811.565790246,0.0,0.0,1,1
7351,785329.1315804918,627811.565790246,0.0,0.0,1,1
7352,785329.1315804918,627811.565790246,0.0,0.0,1,1
7353,785329.1315804918,627811.565790246,0.0,0.0,1,1
7354,785329.1315804918,627811.565790246,0.0,0.0,1,1
7355,785329.1315804918,627811.565790246,0.0,0.0,1,1
7356,785329.1315804918,627811.565790246,0.0,0.0,1,1
7357,785329.1315804918,627811.565790246,0.0,0.0,1,1
7358,785329.1315804918,627811.565790246,0.0,0.0,1,1
7359,785329.1315804918,627811.565790246,0.0,0.0,1,1
7360,785329.1315804918,627811.565790246,0.0,0.0,1,1
7361,785250.1315804918,627811.565790246,0.0,0.0,1,1
7362,785250.1315804918,627811.565790246,0.0,0.0,1,1
7363,785250.1315804918,627811.565790246,0.0,0.0,1,1
7364,785250.1315804918,627811.565790246,0.0,0.0,1,1
7365,785250.1315804918,627811.565790246,0.0,0.0,1,1
7366,785250.1315804918,627811.565790246,0.0,0.0,1,1
7367,785250.1315804918,627811.565790246,0.0,0.0,1,1
7368,785250.1315804918,627811.565790246,0.0,0.0,1,1
7369,785250.1315804918,627811.565790246,0.0,0.0,1,1
7370,785250.1315804918,627811.565790246,0.0,0.0,1,1
7371,785250.1315804918,627811.565790246,0.0,0.0,1,1
7372,785250.1315804918,627811.565790246,0.0,0.0,1,1
7373,784901.1315804918,627811.565790246,0.0,0.0,1,1
7374,784901.1315804918,627811.565790246,0.0,0.0,1,1
7375,784901.1315804918,627811.565790246,0.0,0.0,1,1
7376,784901.1315804918,627811.565790246,0.0,0.0,1,1
7377,784901.1315804918,627811.565790246,0.0,0.0,1,1
7378,784901.1315804918,627811.565790246,0.0,0.0,1,1
7379,784901.1315804918,627811.565790246,0.0,0.0,1,1
7380,784901.1315804918,627811.565790246,0.0,0.0,1,1
7381,784901.1315804918,627811.565790246,0.0,0.0,1,1
7382,784742.6315804918,627811.565790246,0.0,0.0,1,1
7383,784742.6315804918,627811.565790246,0.0,0.0,1,1
7384,784742.6315804918,627811.565790246,0.0,0.0,1,1
7385,784742.6315804918,627811.565790246,0.0,0.0,1,1
7386,784742.6315804918,627811.565790246,0.0,0.0,1,1
7387,784742.6315804918,627811.565790246,0.0,0.0,1,1
7388,784742.6315804918,627811.565790246,0.0,0.0,1,1
7389,784742.6315804918,627811.565790246,0.0,0.0,1,1
7390,784742.6315804918,627811.565790246,0.0,0.0,1,1
7391,784742.6315804918,627811.565790246,0.0,0.0,1,1
7392,784742.6315804918,627811.565790246,0.0,0.0,1,1
7393,784742.6315804918,627811.565790246,0.0,0.0,1,1
7394,784742.6315804918,627811.565790246,0.0,0.0,1,1
7395,784742.6315804918,627811.565790246,0.0,0.0,1,1
7396,785272.1315804918,627811.565790246,0.0,0.0,1,1
7397,785272.1315804918,627811.565790246,0.0,0.0,1,1
7398,785272.1315804918,627811.565790246,0.0,0.0,1,1
7399,785272.1315804918,627811.565790246,0.0,0.0,1,1
7400,785272.1315804918,627811.565790246,0.0,0.0,1,1
7401,784866.6315804918,627811.565790246,0.0,0.0,1,1
7402,784866.6315804918,627811.565790246,0.0,0.0,1,1
7403,784866.6315804918,627811.565790246,0.0,0.0,1,1
7404,784866.6315804918,627811.565790246,0.0,0.0,1,1
7405,784866.6315804918,627811.565790246,0.0,0.0,1,1
7406,784866.6315804918,627811.565790246,0.0,0.0,1,1
7407,784866.6315804918,627811.565790246,0.0,0.0,1,1
7408,784866.6315804918,627811.565790246,0.0,0.0,1,1
7409,784866.6315804918,627811.565790246,0.0,0.0,1,1
7410,785872.6315804918,627811.565790246,0.0,0.0,1,1
7411,785872.6315804918,627811.565790246,0.0,0.0,1,1
7412,785872.6315804918,627811.565790246,0.0,0.0,1,1
7413,785872.6315804918,627811.565790246,0.0,0.0,1,1
7414,785872.6315804918,627811.565790246,0.0,0.0,1,1
7415,785872.6315804918,627811.565790246,0.0,0.0,1,1
7416,785872.6315804918,627811.565790246,0.0,0.0,1,1
7417,785872.6315804918,627811.565790246,0.0,0.0,1,1
7418,785872.6315804918,627811.565790246,0.0,0.0,1,1
7419,784264.6052643935,627811.565790246,0.0,0.0,1,1
7420,784219.6052643935,627811.565790246,0.0,0.0,1,1
7421,784219.6052643935,627811.565790246,0.0,0.0,1,1
7422,784219.6052643935,627811.565790246,0.0,0.0,1,1
7423,784219.6052643935,627811.565790246,0.0,0.0,1,1
7424,784219.6052643935,627811.565790246,0.0,0.0,1,1
7425,784219.6052643935,627811.565790246,0.0,0.0,1,1
7426,784061.6184224426,627811.565790246,0.0,0.0,1,1
7427,784061.6184224426,627811.565790246,0.0,0.0,1,1
7428,784061.6184224426,627811.565790246,0.0,0.0,1,1
7429,784061.6184224426,627811.565790246,0.0,0.0,1,1
7430,784061.6184224426,627811.565790246,0.0,0.0,1,1
7431,784061.6184224426,627811.565790246,0.0,0.0,1,1
7432,784061.6184224426,627811.565790246,0.0,0.0,1,1
7433,784061.6184224426,627811.565790246,0.0,0.0,1,1
7434,784061.6184224426,627811.565790246,0.0,0.0,1,1
7435,784061.6184224426,627811.565790246,0.0,0.0,1,1
7436,784061.6184224426,627811.565790246,0.0,0.0,1,1
7437,784061.6184224426,627811.565790246,0.0,0.0,1,1
7438,784061.6184224426,627811.565790246,0.0,0.0,1,1
7439,784061.6184224426,627811.565790246,0.0,0.0,1,1
7440,784061.6184224426,627811.565790246,0.0,0.0,1,1
7441,784061.6184224426,627811.565790246,0.0,0.0,1,1
7442,784061.6184224426,627811.565790246,0.0,0.0,1,1
7443,785695.6184224426,627811.565790246,0.0,0.0,1,1
7444,785695.6184224426,627811.565790246,0.0,0.0,1,1
7445,785695.6184224426,627811.565790246,0.0,0.0,1,1
7446,785695.6184224426,627811.565790246,0.0,0.0,1,1
7447,785695.6184224426,627811.565790246,0.0,0.0,1,1
7448,785695.6184224426,627811.565790246,0.0,0.0,1,1
7449,785695.6184224426,627811.565790246,0.0,0.0,1,1
7450,785695.6184224426,627811.565790246,0.0,0.0,1,1
7451,785695.6184224426,627811.565790246,0.0,0.0,1,1
7452,785695.6184224426,627811.565790246,0.0,0.0,1,1
7453,785695.6184224426,627811.565790246,0.0,0.0,1,1
7454,785695.6184224426,627811.565790246,0.0,0.0,1,1
7455,785695.6184224426,627811.565790246,0.0,0.0,1,1
7456,785695.6184224426,627811.565790246,0.0,0.0,1,1
7457,785695.6184224426,627811.565790246,0.0,0.0,1,1
7458,785695.6184224426,627811.565790246,0.0,0.0,1,1
7459,785695.6184224426,627811.565790246,0.0,0.0,1,1
7460,785695.6184224426,627811.565790246,0.0,0.0,1,1
7461,785695.6184224426,627811.565790246,0.0,0.0,1,1
7462,785695.6184224426,627811.565790246,0.0,0.0,1,1
7463,785695.6184224426,627811.565790246,0.0,0.0,1,1
7464,785695.6184224426,627811.565790246,0.0,0.0,1,1
7465,785695.6184224426,627811.565790246,0.0,0.0,1,1
7466,785695.6184224426,627811.565790246,0.0,0.0,1,1
7467,785695.6184224426,627811.565790246,0.0,0.0,1,1
7468,785695.6184224426,627811.565790246,0.0,0.0,1,1
7469,785695.6184224426,627811.565790246,0.0,0.0,1,1
7470,785774.6184224426,627811.565790246,0.0,0.0,1,1
7471,785774.6184224426,627811.565790246,0.0,0.0,1,1
7472,785774.6184224426,627811.565790246,0.0,0.0,1,1
7473,785774.6184224426,627811.565790246,0.0,0.0,1,1
7474,785425.6184224426,627811.565790246,0.0,0.0,1,1
7475,785425.6184224426,627811.565790246,0.0,0.0,1,1
7476,785425.6184224426,627811.565790246,0.0,0.0,1,1
7477,785425.6184224426,627811.565790246,0.0,0.0,1,1
7478,785425.6184224426,627811.565790246,0.0,0.0,1,1
7479,785425.6184224426,627811.565790246,0.0,0.0,1,1
7480,785425.6184224426,627811.565790246,0.0,0.0,1,1
7481,785425.6184224426,627811.565790246,0.0,0.0,1,1
7482,785425.6184224426,627811.565790246,0.0,0.0,1,1
7483,785425.6184224426,627811.565790246,0.0,0.0,1,1
7484,785425.6184224426,627811.565790246,0.0,0.0,1,1
7485,785425.6184224426,627811.565790246,0.0,0.0,1,1
7486,785425.6184224426,627811.565790246,0.0,0.0,1,1
7487,785425.6184224426,627811.565790246,0.0,0.0,1,1
7488,785425.6184224426,627811.565790246,0.0,0.0,1,1
7489,785425.6184224426,627811.565790246,0.0,0.0,1,1
7490,785425.6184224426,627811.565790246,0.0,0.0,1,1
7491,785425.6184224426,627811.565790246,0.0,0.0,1,1
7492,785425.6184224426,627811.565790246,0.0,0.0,1,1
7493,785444.6184224426,627811.565790246,0.0,0.0,1,1
7494,785444.6184224426,627811.565790246,0.0,0.0,1,1
7495,785444.6184224426,627811.565790246,0.0,0.0,1,1
7496,785444.6184224426,627811.565790246,0.0,0.0,1,1
7497,785444.6184224426,627811.565790246,0.0,0.0,1,1
7498,785328.6315804918,627811.565790246,0.0,0.0,1,1
7499,785328.6315804918,627811.565790246,0.0,0.0,1,1
7500,785328.6315804918,627811.565790246,0.0,0.0,1,1
7501,785328.6315804918,627811.565790246,0.0,0.0,1,1
7502,785328.6315804918,627811.565790246,0.0,0.0,1,1
7503,785328.6315804918,627811.565790246,0.0,0.0,1,1
7504,785328.6315804918,627811.565790246,0.0,0.0,1,1
7505,785328.6315804918,627811.565790246,0.0,0.0,1,1
7506,785328.6315804918,627811.565790246,0.0,0.0,1,1
7507,785328.6315804918,627811.565790246,0.0,0.0,1,1
7508,785328.6315804918,627811.565790246,0.0,0.0,1,1
7509,785328.6315804918,627811.565790246,0.0,0.0,1,1
7510,785410.6315804918,627811.565790246,0.0,0.0,1,1
7511,785410.6315804918,627811.565790246,0.0,0.0,1,1
7512,785410.6315804918,627811.565790246,0.0,0.0,1,1
7513,785410.6315804918,627811.565790246,0.0,0.0,1,1
7514,785410.6315804918,627811.565790246,0.0,0.0,1,1
7515,785410.6315804918,627811.565790246,0.0,0.0,1,1
7516,785084.644738541,627811.565790246,0.0,0.0,1,1
7517,785084.644738541,627811.565790246,0.0,0.0,1,1
7518,785084.644738541,627811.565790246,0.0,0.0,1,1
7519,785084.644738541,627811.565790246,0.0,0.0,1,1
7520,784466.644738541,627811.565790246,0.0,0.0,1,1
7521,784466.644738541,627811.565790246,0.0,0.0,1,1
7522,784466.644738541,627811.565790246,0.0,0.0,1,1
7523,784466.644738541,627811.565790246,0.0,0.0,1,1
7524,784466.644738541,627811.565790246,0.0,0.0,1,1
7525,784466.644738541,627811.565790246,0.0,0.0,1,1
7526,784815.644738541,627811.565790246,0.0,0.0,1,1
7527,784815.644738541,627811.565790246,0.0,0.0,1,1
7528,784815.644738541,627811.565790246,0.0,0.0,1,1
7529,784815.644738541,627811.565790246,0.0,0.0,1,1
7530,784815.644738541,627811.565790246,0.0,0.0,1,1
7531,784815.644738541,627811.565790246,0.0,0.0,1,1
7532,785228.6315804918,627811.565790246,0.0,0.0,1,1
7533,785228.6315804918,627811.565790246,0.0,0.0,1,1
7534,785228.6315804918,627811.565790246,0.0,0.0,1,1
7535,785228.6315804918,627811.565790246,0.0,0.0,1,1
7536,785228.6315804918,627811.565790246,0.0,0.0,1,1
7537,785228.6315804918,627811.565790246,0.0,0.0,1,1
7538,785228.6315804918,627811.565790246,0.0,0.0,1,1
7539,784061.6315804918,627811.565790246,0.0,0.0,1,1
7540,784061.6315804918,627811.565790246,0.0,0.0,1,1
7541,784061.6315804918,627811.565790246,0.0,0.0,1,1
7542,784061.6315804918,627811.565790246,0.0,0.0,1,1
7543,784061.6315804918,627811.565790246,0.0,0.0,1,1
7544,784061.6315804918,627811.565790246,0.0,0.0,1,1
7545,784061.6315804918,627811.565790246,0.0,0.0,1,1
7546,784061.6315804918,627811.565790246,0.0,0.0,1,1
7547,784061.6315804918,627811.565790246,0.0,0.0,1,1
7548,784061.6315804918,627811.565790246,0.0,0.0,1,1
7549,784061.6315804918,627811.565790246,0.0,0.0,1,1
7550,784061.6315804918,627811.565790246,0.0,0.0,1,1
7551,784061.6315804918,627811.565790246,0.0,0.0,1,1
7552,784061.6315804918,627811.565790246,0.0,0.0,1,1
7553,784061.6315804918,627811.565790246,0.0,0.0,1,1
7554,784061.6315804918,627811.565790246,0.0,0.0,1,1
7555,784061.6315804918,627811.565790246,0.0,0.0,1,1
7556,784061.6315804918,627811.565790246,0.0,0.0,1,1
7557,785528.1184224427,627811.565790246,0.0,0.0,1,1
7558,785528.1184224427,627811.565790246,0.0,0.0,1,1
7559,785528.1184224427,627811.565790246,0.0,0.0,1,1
7560,785528.1184224427,627811.565790246,0.0,0.0,1,1
7561,785528.1184224427,627811.565790246,0.0,0.0,1,1
7562,785528.1184224427,627811.565790246,0.0,0.0,1,1
7563,785528.1184224427,627811.565790246,0.0,0.0,1,1
7564,785528.1184224427,627811.565790246,0.0,0.0,1,1
7565,785528.1184224427,627811.565790246,0.0,0.0,1,1
7566,785528.1184224427,627811.565790246,0.0,0.0,1,1
7567,785528.1184224427,627811.565790246,0.0,0.0,1,1
7568,785528.1184224427,627811.565790246,0.0,0.0,1,1
7569,785528.1184224427,627811.565790246,0.0,0.0,1,1
7570,785528.1184224427,627811.565790246,0.0,0.0,1,1
7571,784763.1184224427,627811.565790246,0.0,0.0,1,1
7572,784679.1184224427,627811.565790246,0.0,0.0,1,1
7573,784679.1184224427,627811.565790246,0.0,0.0,1,1
7574,784679.1184224427,627811.565790246,0.0,0.0,1,1
7575,784679.1184224427,627811.565790246,0.0,0.0,1,1
7576,784679.1184224427,627811.565790246,0.0,0.0,1,1
7577,784679.1184224427,627811.565790246,0.0,0.0,1,1
7578,784679.1184224427,627811.565790246,0.0,0.0,1,1
7579,784679.1184224427,627811.565790246,0.0,0.0,1,1
7580,784679.1184224427,627811.565790246,0.0,0.0,1,1
7581,784940.6184224427,627811.565790246,0.0,0.0,1,1
7582,784940.6184224427,627811.565790246,0.0,0.0,1,1
7583,784940.6184224427,627811.565790246,0.0,0.0,1,1
7584,784940.6184224427,627811.565790246,0.0,0.0,1,1
7585,784940.6184224427,627811.565790246,0.0,0.0,1,1
7586,784940.6184224427,627811.565790246,0.0,0.0,1,1
7587,785222.1184224427,627811.565790246,0.0,0.0,1,1
7588,785222.1184224427,627811.565790246,0.0,0.0,1,1
7589,785222.1184224427,627811.565790246,0.0,0.0,1,1
7590,785222.1184224427,627811.565790246,0.0,0.0,1,1
7591,785222.1184224427,627811.565790246,0.0,0.0,1,1
7592,785337.6184224427,627811.565790246,0.0,0.0,1,1
7593,785259.6052643935,627811.565790246,0.0,0.0,1,1
7594,785588.6052643935,627811.565790246,0.0,0.0,1,1
7595,785588.6052643935,627811.565790246,0.0,0.0,1,1
7596,785588.6052643935,627811.565790246,0.0,0.0,1,1
7597,785588.6052643935,627811.565790246,0.0,0.0,1,1
7598,785588.6052643935,627811.565790246,0.0,0.0,1,1
7599,786014.1052643935,627811.565790246,0.0,0.0,1,1
7600,786014.1052643935,627811.565790246,0.0,0.0,1,1
7601,786014.1052643935,627811.565790246,0.0,0.0,1,1
7602,785980.1052643935,627811.565790246,0.0,0.0,1,1
7603,785980.1052643935,627811.565790246,0.0,0.0,1,1
7604,785980.1052643935,627811.565790246,0.0,0.0,1,1
7605,785980.1052643935,627811.565790246,0.0,0.0,1,1
7606,785980.1052643935,627811.565790246,0.0,0.0,1,1
7607,785980.1052643935,627811.565790246,0.0,0.0,1,1
7608,785980.1052643935,627811.565790246,0.0,0.0,1,1
7609,785980.1052643935,627811.565790246,0.0,0.0,1,1
7610,785980.1052643935,627811.565790246,0.0,0.0,1,1
7611,785980.1052643935,627811.565790246,0.0,0.0,1,1
7612,785980.1052643935,627811.565790246,0.0,0.0,1,1
7613,785980.1052643935,627811.565790246,0.0,0.0,1,1
7614,785980.1052643935,627811.565790246,0.0,0.0,1,1
7615,785980.1052643935,627811.565790246,0.0,0.0,1,1
7616,785980.1052643935,627811.565790246,0.0,0.0,1,1
7617,785980.1052643935,627811.565790246,0.0,0.0,1,1
7618,785980.1052643935,627811.565790246,0.0,0.0,1,1
7619,785961.1052643935,627811.565790246,0.0,0.0,1,1
7620,785961.1052643935,627811.565790246,0.0,0.0,1,1
7621,785961.1052643935,627811.565790246,0.0,0.0,1,1
7622,785961.1052643935,627811.565790246,0.0,0.0,1,1
7623,785010.1184224427,627811.565790246,0.0,0.0,1,1
7624,785010.1184224427,627811.565790246,0.0,0.0,1,1
7625,786894.6052643935,627811.565790246,0.0,0.0,1,1
7626,786894.6052643935,627811.565790246,0.0,0.0,1,1
7627,786894.6052643935,627811.565790246,0.0,0.0,1,1
7628,786894.6052643935,627811.565790246,0.0,0.0,1,1
7629,786894.6052643935,627811.565790246,0.0,0.0,1,1
7630,786894.6052643935,627811.565790246,0.0,0.0,1,1
7631,786894.6052643935,627811.565790246,0.0,0.0,1,1
7632,786894.6052643935,627811.565790246,0.0,0.0,1,1
7633,786863.6052643935,627811.565790246,0.0,0.0,1,1
7634,786863.6052643935,627811.565790246,0.0,0.0,1,1
7635,786863.6052643935,627811.565790246,0.0,0.0,1,1
7636,786863.6052643935,627811.565790246,0.0,0.0,1,1
7637,786863.6052643935,627811.565790246,0.0,0.0,1,1
7638,786863.6052643935,627811.565790246,0.0,0.0,1,1
7639,786863.6052643935,627811.565790246,0.0,0.0,1,1
7640,786863.6052643935,627811.565790246,0.0,0.0,1,1
7641,786863.6052643935,627811.565790246,0.0,0.0,1,1
7642,786863.6052643935,627811.565790246,0.0,0.0,1,1
7643,786863.6052643935,627811.565790246,0.0,0.0,1,1
7644,786863.6052643935,627811.565790246,0.0,0.0,1,1
7645,786863.6052643935,627811.565790246,0.0,0.0,1,1
7646,786863.6052643935,627811.565790246,0.0,0.0,1,1
7647,786863.6052643935,627811.565790246,0.0,0.0,1,1
7648,786863.6052643935,627811.565790246,0.0,0.0,1,1
7649,786863.6052643935,627811.565790246,0.0,0.0,1,1
7650,787518.1052643935,627811.565790246,0.0,0.0,1,1
7651,787696.1052643935,627811.565790246,0.0,0.0,1,1
7652,787696.1052643935,627811.565790246,0.0,0.0,1,1
7653,787696.1052643935,627811.565790246,0.0,0.0,1,1
7654,787696.1052643935,627811.565790246,0.0,0.0,1,1
7655,787696.1052643935,627811.565790246,0.0,0.0,1,1
7656,787696.1052643935,627811.565790246,0.0,0.0,1,1
7657,787696.1052643935,627811.565790246,0.0,0.0,1,1
7658,787696.1052643935,627811.565790246,0.0,0.0,1,1
7659,787696.1052643935,627811.565790246,0.0,0.0,1,1
7660,787696.1052643935,627811.565790246,0.0,0.0,1,1
7661,787696.1052643935,627811.565790246,0.0,0.0,1,1
7662,784950.5789482951,627811.565790246,0.0,0.0,1,1
7663,784950.5789482951,627811.565790246,0.0,0.0,1,1
7664,784950.5789482951,627811.565790246,0.0,0.0,1,1
7665,784950.5789482951,627811.565790246,0.0,0.0,1,1
7666,784950.5789482951,627811.565790246,0.0,0.0,1,1
7667,784950.5789482951,627811.565790246,0.0,0.0,1,1
7668,784950.5789482951,627811.565790246,0.0,0.0,1,1
7669,784950.5789482951,627811.565790246,0.0,0.0,1,1
7670,784777.5789482951,627811.565790246,0.0,0.0,1,1
7671,784777.5789482951,627811.565790246,0.0,0.0,1,1
7672,784777.5789482951,627811.565790246,0.0,0.0,1,1
7673,784777.5789482951,627811.565790246,0.0,0.0,1,1
7674,784777.5789482951,627811.565790246,0.0,0.0,1,1
7675,784777.5789482951,627811.565790246,0.0,0.0,1,1
7676,784549.5789482951,627811.565790246,0.0,0.0,1,1
7677,784549.5789482951,627811.565790246,0.0,0.0,1,1
7678,784549.5789482951,627811.565790246,0.0,0.0,1,1
7679,784549.5789482951,627811.565790246,0.0,0.0,1,1
7680,784549.5789482951,627811.565790246,0.0,0.0,1,1
7681,784549.5789482951,627811.565790246,0.0,0.0,1,1
7682,784549.5789482951,627811.565790246,0.0,0.0,1,1
7683,784030.0789482951,627811.565790246,0.0,0.0,1,1
7684,784110.5789482951,627811.565790246,0.0,0.0,1,1
7685,784110.5789482951,627811.565790246,0.0,0.0,1,1
7686,784110.5789482951,627811.565790246,0.0,0.0,1,1
7687,784110.5789482951,627811.565790246,0.0,0.0,1,1
7688,784110.5789482951,627811.565790246,0.0,0.0,1,1
7689,784110.5789482951,627811.565790246,0.0,0.0,1,1
7690,784110.5789482951,627811.565790246,0.0,0.0,1,1
7691,784110.5789482951,627811.565790246,0.0,0.0,1,1
7692,784110.5789482951,627811.565790246,0.0,0.0,1,1
7693,784110.5789482951,627811.565790246,0.0,0.0,1,1
7694,784110.5789482951,627811.565790246,0.0,0.0,1,1
7695,784110.5789482951,627811.565790246,0.0,0.0,1,1
7696,784110.5789482951,627811.565790246,0.0,0.0,1,1
7697,784110.5789482951,627811.565790246,0.0,0.0,1,1
7698,784110.5789482951,627811.565790246,0.0,0.0,1,1
7699,784110.5789482951,627811.565790246,0.0,0.0,1,1
7700,784110.5789482951,627811.565790246,0.0,0.0,1,1
7701,784110.5789482951,627811.565790246,0.0,0.0,1,1
7702,784110.5789482951,627811.565790246,0.0,0.0,1,1
7703,784110.5789482951,627811.565790246,0.0,0.0,1,1
7704,783645.0789482951,627811.565790246,0.0,0.0,1,1
7705,783645.0789482951,627811.565790246,0.0,0.0,1,1
7706,783645.0789482951,627811.565790246,0.0,0.0,1,1
7707,783645.0789482951,627811.565790246,0.0,0.0,1,1
7708,783645.0789482951,627811.565790246,0.0,0.0,1,1
7709,783645.0789482951,627811.565790246,0.0,0.0,1,1
7710,783645.0789482951,627811.565790246,0.0,0.0,1,1
7711,783645.0789482951,627811.565790246,0.0,0.0,1,1
7712,783645.0789482951,627811.565790246,0.0,0.0,1,1
7713,783645.0789482951,627811.565790246,0.0,0.0,1,1
7714,784345.6184224426,627811.565790246,0.0,0.0,1,1
7715,784088.6184224426,627811.565790246,0.0,0.0,1,1
7716,784088.6184224426,627811.565790246,0.0,0.0,1,1
7717,784088.6184224426,627811.565790246,0.0,0.0,1,1
7718,783805.1710546394,627811.565790246,0.0,0.0,1,1
7719,783805.1710546394,627811.565790246,0.0,0.0,1,1
7720,783805.1710546394,627811.565790246,0.0,0.0,1,1
7721,783805.1710546394,627811.565790246,0.0,0.0,1,1
7722,783805.1710546394,627811.565790246,0.0,0.0,1,1
7723,782590.5789482951,627811.565790246,0.0,0.0,1,1
7724,782590.5789482951,627811.565790246,0.0,0.0,1,1
7725,782590.5789482951,627811.565790246,0.0,0.0,1,1
7726,782590.5789482951,627811.565790246,0.0,0.0,1,1
7727,782590.5789482951,627811.565790246,0.0,0.0,1,1
7728,782590.5789482951,627811.565790246,0.0,0.0,1,1
7729,782590.5789482951,627811.565790246,0.0,0.0,1,1
7730,782590.5789482951,627811.565790246,0.0,0.0,1,1
7731,782590.5789482951,627811.565790246,0.0,0.0,1,1
7732,782590.5789482951,627811.565790246,0.0,0.0,1,1
7733,782590.5789482951,627811.565790246,0.0,0.0,1,1
7734,782590.5789482951,627811.565790246,0.0,0.0,1,1
7735,782590.5789482951,627811.565790246,0.0,0.0,1,1
7736,782590.5789482951,627811.565790246,0.0,0.0,1,1
7737,782590.5789482951,627811.565790246,0.0,0.0,1,1
7738,782590.5789482951,627811.565790246,0.0,0.0,1,1
7739,782590.5789482951,627811.565790246,0.0,0.0,1,1
7740,782590.5789482951,627811.565790246,0.0,0.0,1,1
7741,782590.5789482951,627811.565790246,0.0,0.0,1,1
7742,782590.5789482951,627811.565790246,0.0,0.0,1,1
7743,782590.5789482951,627811.565790246,0.0,0.0,1,1
7744,782590.5789482951,627811.565790246,0.0,0.0,1,1
7745,782590.5789482951,627811.565790246,0.0,0.0,1,1
7746,782590.5789482951,627811.565790246,0.0,0.0,1,1
7747,782590.5789482951,627811.565790246,0.0,0.0,1,1
7748,782590.5789482951,627811.565790246,0.0,0.0,1,1
7749,782590.5789482951,627811.565790246,0.0,0.0,1,1
7750,782590.5789482951,627811.565790246,0.0,0.0,1,1
7751,782590.5789482951,627811.565790246,0.0,0.0,1,1
7752,782728.5789482951,627811.565790246,0.0,0.0,1,1
7753,782728.5789482951,627811.565790246,0.0,0.0,1,1
7754,782728.5789482951,627811.565790246,0.0,0.0,1,1
7755,782728.5789482951,627811.565790246,0.0,0.0,1,1
7756,782728.5789482951,627811.565790246,0.0,0.0,1,1
7757,782618.5789482951,627811.565790246,0.0,0.0,1,1
7758,782618.5789482951,627811.565790246,0.0,0.0,1,1
7759,782618.5789482951,627811.565790246,0.0,0.0,1,1
7760,782618.5789482951,627811.565790246,0.0,0.0,1,1
7761,782618.5789482951,627811.565790246,0.0,0.0,1,1
7762,782618.5789482951,627811.565790246,0.0,0.0,1,1
7763,782618.5789482951,627811.565790246,0.0,0.0,1,1
7764,782618.5789482951,627811.565790246,0.0,0.0,1,1
7765,782618.5789482951,627811.565790246,0.0,0.0,1,1
7766,782618.5789482951,627811.565790246,0.0,0.0,1,1
7767,782618.5789482951,627811.565790246,0.0,0.0,1,1
7768,782618.5789482951,627811.565790246,0.0,0.0,1,1
7769,782618.5789482951,627811.565790246,0.0,0.0,1,1
7770,782618.5789482951,627811.565790246,0.0,0.0,1,1
7771,782618.5789482951,627811.565790246,0.0,0.0,1,1
7772,782651.5789482951,627811.565790246,0.0,0.0,1,1
7773,782651.5789482951,627811.565790246,0.0,0.0,1,1
7774,782651.5789482951,627811.565790246,0.0,0.0,1,1
7775,782651.5789482951,627811.565790246,0.0,0.0,1,1
7776,782651.5789482951,627811.565790246,0.0,0.0,1,1
7777,782651.5789482951,627811.565790246,0.0,0.0,1,1
7778,782651.5789482951,627811.565790246,0.0,0.0,1,1
7779,782651.5789482951,627811.565790246,0.0,0.0,1,1
7780,782651.5789482951,627811.565790246,0.0,0.0,1,1
7781,782651.5789482951,627811.565790246,0.0,0.0,1,1
7782,782651.5789482951,627811.565790246,0.0,0.0,1,1
7783,782666.5789482951,627811.565790246,0.0,0.0,1,1
7784,782666.5789482951,627811.565790246,0.0,0.0,1,1
7785,782666.5789482951,627811.565790246,0.0,0.0,1,1
7786,782190.5789482951,627811.565790246,0.0,0.0,1,1
7787,782190.5789482951,627811.565790246,0.0,0.0,1,1
7788,782190.5789482951,627811.565790246,0.0,0.0,1,1
7789,782190.5789482951,627811.565790246,0.0,0.0,1,1
7790,782190.5789482951,627811.565790246,0.0,0.0,1,1
7791,782190.5789482951,627811.565790246,0.0,0.0,1,1
7792,782190.5789482951,627811.565790246,0.0,0.0,1,1
7793,782190.5789482951,627811.565790246,0.0,0.0,1,1
7794,782190.5789482951,627811.565790246,0.0,0.0,1,1
7795,782190.5789482951,627811.565790246,0.0,0.0,1,1
7796,782190.5789482951,627811.565790246,0.0,0.0,1,1
7797,782190.5789482951,627811.565790246,0.0,0.0,1,1
7798,782190.5789482951,627811.565790246,0.0,0.0,1,1
7799,782438.0789482951,627811.565790246,0.0,0.0,1,1
7800,782438.0789482951,627811.565790246,0.0,0.0,1,1
7801,782438.0789482951,627811.565790246,0.0,0.0,1,1
7802,782438.0789482951,627811.565790246,0.0,0.0,1,1
7803,782438.0789482951,627811.565790246,0.0,0.0,1,1
7804,782438.0789482951,627811.565790246,0.0,0.0,1,1
7805,782438.0789482951,627811.565790246,0.0,0.0,1,1
7806,782438.0789482951,627811.565790246,0.0,0.0,1,1
7807,782438.0789482951,627811.565790246,0.0,0.0,1,1
7808,782438.0789482951,627811.565790246,0.0,0.0,1,1
7809,782438.0789482951,627811.565790246,0.0,0.0,1,1
7810,782438.0789482951,627811.565790246,0.0,0.0,1,1
7811,782438.0789482951,627811.565790246,0.0,0.0,1,1
7812,782438.0789482951,627811.565790246,0.0,0.0,1,1
7813,782438.0789482951,627811.565790246,0.0,0.0,1,1
7814,782438.0789482951,627811.565790246,0.0,0.0,1,1
7815,782438.0789482951,627811.565790246,0.0,0.0,1,1
7816,782438.0789482951,627811.565790246,0.0,0.0,1,1
7817,782438.0789482951,627811.565790246,0.0,0.0,1,1
7818,782438.0789482951,627811.565790246,0.0,0.0,1,1
7819,782438.0789482951,627811.565790246,0.0,0.0,1,1
7820,782438.0789482951,627811.565790246,0.0,0.0,1,1
7821,782438.0789482951,627811.565790246,0.0,0.0,1,1
7822,782438.0789482951,627811.565790246,0.0,0.0,1,1
7823,782438.0789482951,627811.565790246,0.0,0.0,1,1
7824,782438.0789482951,627811.565790246,0.0,0.0,1,1
7825,782438.0789482951,627811.565790246,0.0,0.0,1,1
7826,782438.0789482951,627811.565790246,0.0,0.0,1,1
7827,782438.0789482951,627811.565790246,0.0,0.0,1,1
7828,782438.0789482951,627811.565790246,0.0,0.0,1,1
7829,782438.0789482951,627811.565790246,0.0,0.0,1,1
7830,782438.0789482951,627811.565790246,0.0,0.0,1,1
7831,782438.0789482951,627811.565790246,0.0,0.0,1,1
7832,782438.0789482951,627811.565790246,0.0,0.0,1,1
7833,782438.0789482951,627811.565790246,0.0,0.0,1,1
7834,782438.0789482951,627811.565790246,0.0,0.0,1,1
7835,782660.5789482951,627811.565790246,0.0,0.0,1,1
7836,782660.5789482951,627811.565790246,0.0,0.0,1,1
7837,782660.5789482951,627811.565790246,0.0,0.0,1,1
7838,782660.5789482951,627811.565790246,0.0,0.0,1,1
7839,782929.0789482951,627811.565790246,0.0,0.0,1,1
7840,782929.0789482951,627811.565790246,0.0,0.0,1,1
7841,782929.0789482951,627811.565790246,0.0,0.0,1,1
7842,782929.0789482951,627811.565790246,0.0,0.0,1,1
7843,782929.0789482951,627811.565790246,0.0,0.0,1,1
7844,782929.0789482951,627811.565790246,0.0,0.0,1,1
7845,782929.0789482951,627811.565790246,0.0,0.0,1,1
7846,783186.0789482951,627811.565790246,0.0,0.0,1,1
7847,777395.6315804918,627811.565790246,0.0,0.0,1,1
7848,777395.6315804918,627811.565790246,0.0,0.0,1,1
7849,777395.6315804918,627811.565790246,0.0,0.0,1,1
7850,777395.6315804918,627811.565790246,0.0,0.0,1,1
7851,777395.6315804918,627811.565790246,0.0,0.0,1,1
7852,777395.6315804918,627811.565790246,0.0,0.0,1,1
7853,777395.6315804918,627811.565790246,0.0,0.0,1,1
7854,777374.6315804918,627811.565790246,0.0,0.0,1,1
7855,777374.6315804918,627811.565790246,0.0,0.0,1,1
7856,777374.6315804918,627811.565790246,0.0,0.0,1,1
7857,777374.6315804918,627811.565790246,0.0,0.0,1,1
7858,777374.6315804918,627811.565790246,0.0,0.0,1,1
7859,777374.6315804918,627811.565790246,0.0,0.0,1,1
7860,777374.6315804918,627811.565790246,0.0,0.0,1,1
7861,777374.6315804918,627811.565790246,0.0,0.0,1,1
7862,777374.6315804918,627811.565790246,0.0,0.0,1,1
7863,777374.6315804918,627811.565790246,0.0,0.0,1,1
7864,777374.6315804918,627811.565790246,0.0,0.0,1,1
7865,777081.6315804918,627811.565790246,0.0,0.0,1,1
7866,777081.6315804918,627811.565790246,0.0,0.0,1,1
7867,777081.6315804918,627811.565790246,0.0,0.0,1,1
7868,777081.6315804918,627811.565790246,0.0,0.0,1,1
7869,777081.6315804918,627811.565790246,0.0,0.0,1,1
7870,777081.6315804918,627811.565790246,0.0,0.0,1,1
7871,777081.6315804918,627811.565790246,0.0,0.0,1,1
7872,777081.6315804918,627811.565790246,0.0,0.0,1,1
7873,777081.6315804918,627811.565790246,0.0,0.0,1,1
7874,777081.6315804918,627811.565790246,0.0,0.0,1,1
7875,777081.6315804918,627811.565790246,0.0,0.0,1,1
7876,777081.6315804918,627811.565790246,0.0,0.0,1,1
7877,777081.6315804918,627811.565790246,0.0,0.0,1,1
7878,777081.6315804918,627811.565790246,0.0,0.0,1,1
7879,777081.6315804918,627811.565790246,0.0,0.0,1,1
7880,777081.6315804918,627811.565790246,0.0,0.0,1,1
7881,776528.6315804918,627811.565790246,0.0,0.0,1,1
7882,776528.6315804918,627811.565790246,0.0,0.0,1,1
7883,774792.1315804918,627811.565790246,0.0,0.0,1,1
7884,774792.1315804918,627811.565790246,0.0,0.0,1,1
7885,774792.1315804918,627811.565790246,0.0,0.0,1,1
7886,774792.1315804918,627811.565790246,0.0,0.0,1,1
7887,774792.1315804918,627811.565790246,0.0,0.0,1,1
7888,774792.1315804918,627811.565790246,0.0,0.0,1,1
7889,774792.1315804918,627811.565790246,0.0,0.0,1,1
7890,774792.1315804918,627811.565790246,0.0,0.0,1,1
7891,774792.1315804918,627811.565790246,0.0,0.0,1,1
7892,775419.1315804918,627811.565790246,0.0,0.0,1,1
7893,775419.1315804918,627811.565790246,0.0,0.0,1,1
7894,775419.1315804918,627811.565790246,0.0,0.0,1,1
7895,775200.6315804918,627811.565790246,0.0,0.0,1,1
7896,775200.6315804918,627811.565790246,0.0,0.0,1,1
7897,775200.6315804918,627811.565790246,0.0,0.0,1,1
7898,775200.6315804918,627811.565790246,0.0,0.0,1,1
7899,775073.1315804918,627811.565790246,0.0,0.0,1,1
7900,775123.1315804918,627811.565790246,0.0,0.0,1,1
7901,775123.1315804918,627811.565790246,0.0,0.0,1,1
7902,775123.1315804918,627811.565790246,0.0,0.0,1,1
7903,775123.1315804918,627811.565790246,0.0,0.0,1,1
7904,775123.1315804918,627811.565790246,0.0,0.0,1,1
7905,775123.1315804918,627811.565790246,0.0,0.0,1,1
7906,775123.1315804918,627811.565790246,0.0,0.0,1,1
7907,775123.1315804918,627811.565790246,0.0,0.0,1,1
7908,775123.1315804918,627811.565790246,0.0,0.0,1,1
7909,775123.1315804918,627811.565790246,0.0,0.0,1,1
7910,775123.1315804918,627811.565790246,0.0,0.0,1,1
7911,775123.1315804918,627811.565790246,0.0,0.0,1,1
7912,775123.1315804918,627811.565790246,0.0,0.0,1,1
7913,775123.1315804918,627811.565790246,0.0,0.0,1,1
7914,775123.1315804918,627811.565790246,0.0,0.0,1,1
7915,775123.1315804918,627811.565790246,0.0,0.0,1,1
7916,775123.1315804918,627811.565790246,0.0,0.0,1,1
7917,775123.1315804918,627811.565790246,0.0,0.0,1,1
7918,775123.1315804918,627811.565790246,0.0,0.0,1,1
7919,775123.1315804918,627811.565790246,0.0,0.0,1,1
7920,775123.1315804918,627811.565790246,0.0,0.0,1,1
7921,775123.1315804918,627811.565790246,0.0,0.0,1,1
7922,775123.1315804918,627811.565790246,0.0,0.0,1,1
7923,775123.1315804918,627811.565790246,0.0,0.0,1,1
7924,775123.1315804918,627811.565790246,0.0,0.0,1,1
7925,775123.1315804918,627811.565790246,0.0,0.0,1,1
7926,775123.1315804918,627811.565790246,0.0,0.0,1,1
7927,775123.1315804918,627811.565790246,0.0,0.0,1,1
7928,775123.1315804918,627811.565790246,0.0,0.0,1,1
7929,775123.1315804918,627811.565790246,0.0,0.0,1,1
7930,775123.1315804918,627811.565790246,0.0,0.0,1,1
7931,775123.1315804918,627811.565790246,0.0,0.0,1,1
7932,775123.1315804918,627811.565790246,0.0,0.0,1,1
7933,775123.1315804918,627811.565790246,0.0,0.0,1,1
7934,775123.1315804918,627811.565790246,0.0,0.0,1,1
7935,775123.1315804918,627811.565790246,0.0,0.0,1,1
7936,774424.1315804918,627811.565790246,0.0,0.0,1,1
7937,774424.1315804918,627811.565790246,0.0,0.0,1,1
7938,774424.1315804918,627811.565790246,0.0,0.0,1,1
7939,774424.1315804918,627811.565790246,0.0,0.0,1,1
7940,774424.1315804918,627811.565790246,0.0,0.0,1,1
7941,774424.1315804918,627811.565790246,0.0,0.0,1,1
7942,774424.1315804918,627811.565790246,0.0,0.0,1,1
7943,774424.1315804918,627811.565790246,0.0,0.0,1,1
7944,774424.1315804918,627811.565790246,0.0,0.0,1,1
7945,774424.1315804918,627811.565790246,0.0,0.0,1,1
7946,774454.6315804918,627811.565790246,0.0,0.0,1,1
7947,774454.6315804918,627811.565790246,0.0,0.0,1,1
7948,774454.6315804918,627811.565790246,0.0,0.0,1,1
7949,774454.6315804918,627811.565790246,0.0,0.0,1,1
7950,774454.6315804918,627811.565790246,0.0,0.0,1,1
7951,774454.6315804918,627811.565790246,0.0,0.0,1,1
7952,774354.6315804918,627811.565790246,0.0,0.0,1,1
7953,773997.6315804918,627811.565790246,0.0,0.0,1,1
7954,773997.6315804918,627811.565790246,0.0,0.0,1,1
7955,773997.6315804918,627811.565790246,0.0,0.0,1,1
7956,773997.6315804918,627811.565790246,0.0,0.0,1,1
7957,773997.6315804918,627811.565790246,0.0,0.0,1,1
7958,773997.6315804918,627811.565790246,0.0,0.0,1,1
7959,773997.6315804918,627811.565790246,0.0,0.0,1,1
7960,773997.6315804918,627811.565790246,0.0,0.0,1,1
7961,773997.6315804918,627811.565790246,0.0,0.0,1,1
7962,773997.6315804918,627811.565790246,0.0,0.0,1,1
7963,773997.6315804918,627811.565790246,0.0,0.0,1,1
7964,773997.6315804918,627811.565790246,0.0,0.0,1,1
7965,773997.6315804918,627811.565790246,0.0,0.0,1,1
7966,773997.6315804918,627811.565790246,0.0,0.0,1,1
7967,773997.6315804918,627811.565790246,0.0,0.0,1,1
7968,773997.6315804918,627811.565790246,0.0,0.0,1,1
7969,773997.6315804918,627811.565790246,0.0,0.0,1,1
7970,773997.6315804918,627811.565790246,0.0,0.0,1,1
7971,773997.6315804918,627811.565790246,0.0,0.0,1,1
7972,773997.6315804918,627811.565790246,0.0,0.0,1,1
7973,773997.6315804918,627811.565790246,0.0,0.0,1,1
7974,773997.6315804918,627811.565790246,0.0,0.0,1,1
7975,773997.6315804918,627811.565790246,0.0,0.0,1,1
7976,773997.6315804918,627811.565790246,0.0,0.0,1,1
7977,773442.1315804918,627811.565790246,0.0,0.0,1,1
7978,773442.1315804918,627811.565790246,0.0,0.0,1,1
7979,773442.1315804918,627811.565790246,0.0,0.0,1,1
7980,773442.1315804918,627811.565790246,0.0,0.0,1,1
7981,773442.1315804918,627811.565790246,0.0,0.0,1,1
7982,773442.1315804918,627811.565790246,0.0,0.0,1,1
7983,773442.1315804918,627811.565790246,0.0,0.0,1,1
7984,773442.1315804918,627811.565790246,0.0,0.0,1,1
7985,773442.1315804918,627811.565790246,0.0,0.0,1,1
7986,773442.1315804918,627811.565790246,0.0,0.0,1,1
7987,773442.1315804918,627811.565790246,0.0,0.0,1,1
7988,773442.1315804918,627811.565790246,0.0,0.0,1,1
7989,773442.1315804918,627811.565790246,0.0,0.0,1,1
7990,773442.1315804918,627811.565790246,0.0,0.0,1,1
7991,773442.1315804918,627811.565790246,0.0,0.0,1,1
7992,773442.1315804918,627811.565790246,0.0,0.0,1,1
7993,773442.1315804918,627811.565790246,0.0,0.0,1,1
7994,773442.1315804918,627811.565790246,0.0,0.0,1,1
7995,773442.1315804918,627811.565790246,0.0,0.0,1,1
7996,773442.1315804918,627811.565790246,0.0,0.0,1,1
7997,773442.1315804918,627811.565790246,0.0,0.0,1,1
7998,773442.1315804918,627811.565790246,0.0,0.0,1,1
7999,773442.1315804918,627811.565790246,0.0,0.0,1,1
8000,773442.1315804918,627811.565790246,0.0,0.0,1,1
8001,773442.1315804918,627811.565790246,0.0,0.0,1,1
8002,773442.1315804918,627811.565790246,0.0,0.0,1,1
8003,773442.1315804918,627811.565790246,0.0,0.0,1,1
8004,773442.1315804918,627811.565790246,0.0,0.0,1,1
8005,773914.6315804918,627811.565790246,0.0,0.0,1,1
8006,773914.6315804918,627811.565790246,0.0,0.0,1,1
8007,773914.6315804918,627811.565790246,0.0,0.0,1,1
8008,773914.6315804918,627811.565790246,0.0,0.0,1,1
8009,773914.6315804918,627811.565790246,0.0,0.0,1,1
8010,773914.6315804918,627811.565790246,0.0,0.0,1,1
8011,773914.6315804918,627811.565790246,0.0,0.0,1,1
8012,773914.6315804918,627811.565790246,0.0,0.0,1,1
8013,773914.6315804918,627811.565790246,0.0,0.0,1,1
8014,773914.6315804918,627811.565790246,0.0,0.0,1,1
8015,773914.6315804918,627811.565790246,0.0,0.0,1,1
8016,774534.644738541,627811.565790246,0.0,0.0,1,1
8017,774534.644738541,627811.565790246,0.0,0.0,1,1
8018,774534.644738541,627811.565790246,0.0,0.0,1,1
8019,774534.644738541,627811.565790246,0.0,0.0,1,1
8020,774534.644738541,627811.565790246,0.0,0.0,1,1
8021,774534.644738541,627811.565790246,0.0,0.0,1,1
8022,774534.644738541,627811.565790246,0.0,0.0,1,1
8023,774534.644738541,627811.565790246,0.0,0.0,1,1
8024,774534.644738541,627811.565790246,0.0,0.0,1,1
8025,774534.644738541,627811.565790246,0.0,0.0,1,1
8026,774534.644738541,627811.565790246,0.0,0.0,1,1
8027,774534.644738541,627811.565790246,0.0,0.0,1,1
8028,774534.644738541,627811.565790246,0.0,0.0,1,1
8029,774534.644738541,627811.565790246,0.0,0.0,1,1
8030,774534.644738541,627811.565790246,0.0,0.0,1,1
8031,774534.644738541,627811.565790246,0.0,0.0,1,1
8032,774534.644738541,627811.565790246,0.0,0.0,1,1
8033,774534.644738541,627811.565790246,0.0,0.0,1,1
8034,774534.644738541,627811.565790246,0.0,0.0,1,1
8035,774534.644738541,627811.565790246,0.0,0.0,1,1
8036,774534.644738541,627811.565790246,0.0,0.0,1,1
8037,774534.644738541,627811.565790246,0.0,0.0,1,1
8038,774553.144738541,627811.565790246,0.0,0.0,1,1
8039,774553.144738541,627811.565790246,0.0,0.0,1,1
8040,774553.144738541,627811.565790246,0.0,0.0,1,1
8041,774553.144738541,627811.565790246,0.0,0.0,1,1
8042,774553.144738541,627811.565790246,0.0,0.0,1,1
8043,774553.144738541,627811.565790246,0.0,0.0,1,1
8044,774553.144738541,627811.565790246,0.0,0.0,1,1
8045,774553.144738541,627811.565790246,0.0,0.0,1,1
8046,774553.144738541,627811.565790246,0.0,0.0,1,1
8047,774553.144738541,627811.565790246,0.0,0.0,1,1
8048,774553.144738541,627811.565790246,0.0,0.0,1,1
8049,774553.144738541,627811.565790246,0.0,0.0,1,1
8050,774553.144738541,627811.565790246,0.0,0.0,1,1
8051,774553.144738541,627811.565790246,0.0,0.0,1,1
8052,774553.144738541,627811.565790246,0.0,0.0,1,1
8053,774553.144738541,627811.565790246,0.0,0.0,1,1
8054,774553.144738541,627811.565790246,0.0,0.0,1,1
8055,774553.144738541,627811.565790246,0.0,0.0,1,1
8056,774553.144738541,627811.565790246,0.0,0.0,1,1
8057,774553.144738541,627811.565790246,0.0,0.0,1,1
8058,774553.144738541,627811.565790246,0.0,0.0,1,1
8059,774553.144738541,627811.565790246,0.0,0.0,1,1
8060,774553.144738541,627811.565790246,0.0,0.0,1,1
8061,774553.144738541,627811.565790246,0.0,0.0,1,1
8062,774553.144738541,627811.565790246,0.0,0.0,1,1
8063,774553.144738541,627811.565790246,0.0,0.0,1,1
8064,775153.144738541,627811.565790246,0.0,0.0,1,1
8065,775153.144738541,627811.565790246,0.0,0.0,1,1
8066,775153.144738541,627811.565790246,0.0,0.0,1,1
8067,775153.144738541,627811.565790246,0.0,0.0,1,1
8068,775153.144738541,627811.565790246,0.0,0.0,1,1
8069,775153.144738541,627811.565790246,0.0,0.0,1,1
8070,775153.144738541,627811.565790246,0.0,0.0,1,1
8071,775153.144738541,627811.565790246,0.0,0.0,1,1
8072,775153.144738541,627811.565790246,0.0,0.0,1,1
8073,775153.144738541,627811.565790246,0.0,0.0,1,1
8074,775153.144738541,627811.565790246,0.0,0.0,1,1
8075,775153.144738541,627811.565790246,0.0,0.0,1,1
8076,775153.144738541,627811.565790246,0.0,0.0,1,1
8077,774304.1315804919,627811.565790246,0.0,0.0,1,1
8078,774304.1315804919,627811.565790246,0.0,0.0,1,1
8079,774304.1315804919,627811.565790246,0.0,0.0,1,1
8080,774265.1315804919,627811.565790246,0.0,0.0,1,1
8081,774265.1315804919,627811.565790246,0.0,0.0,1,1
8082,774265.1315804919,627811.565790246,0.0,0.0,1,1
8083,774265.1315804919,627811.565790246,0.0,0.0,1,1
8084,774265.1315804919,627811.565790246,0.0,0.0,1,1
8085,774265.1315804919,627811.565790246,0.0,0.0,1,1
8086,774265.1315804919,627811.565790246,0.0,0.0,1,1
8087,774265.1315804919,627811.565790246,0.0,0.0,1,1
8088,774265.1315804919,627811.565790246,0.0,0.0,1,1
8089,773986.1315804919,627811.565790246,0.0,0.0,1,1
8090,773986.1315804919,627811.565790246,0.0,0.0,1,1
8091,773986.1315804919,627811.565790246,0.0,0.0,1,1
8092,773986.1315804919,627811.565790246,0.0,0.0,1,1
8093,773986.1315804919,627811.565790246,0.0,0.0,1,1
8094,773986.1315804919,627811.565790246,0.0,0.0,1,1
8095,773986.1315804919,627811.565790246,0.0,0.0,1,1
8096,773986.1315804919,627811.565790246,0.0,0.0,1,1
8097,773988.1315804919,627811.565790246,0.0,0.0,1,1
8098,773988.1315804919,627811.565790246,0.0,0.0,1,1
8099,773988.1315804919,627811.565790246,0.0,0.0,1,1
8100,773988.1315804919,627811.565790246,0.0,0.0,1,1
8101,773988.1315804919,627811.565790246,0.0,0.0,1,1
8102,773988.1315804919,627811.565790246,0.0,0.0,1,1
8103,773988.1315804919,627811.565790246,0.0,0.0,1,1
8104,773988.1315804919,627811.565790246,0.0,0.0,1,1
8105,773988.1315804919,627811.565790246,0.0,0.0,1,1
8106,773988.1315804919,627811.565790246,0.0,0.0,1,1
8107,773988.1315804919,627811.565790246,0.0,0.0,1,1
8108,773988.1315804919,627811.565790246,0.0,0.0,1,1
8109,773988.1315804919,627811.565790246,0.0,0.0,1,1
8110,773988.1315804919,627811.565790246,0.0,0.0,1,1
8111,773988.1315804919,627811.565790246,0.0,0.0,1,1
8112,773973.1315804919,627811.565790246,0.0,0.0,1,1
8113,773973.1315804919,627811.565790246,0.0,0.0,1,1
8114,773973.1315804919,627811.565790246,0.0,0.0,1,1
8115,773973.1315804919,627811.565790246,0.0,0.0,1,1
8116,773973.1315804919,627811.565790246,0.0,0.0,1,1
8117,773973.1315804919,627811.565790246,0.0,0.0,1,1
8118,773818.1315804919,627811.565790246,0.0,0.0,1,1
8119,773818.1315804919,627811.565790246,0.0,0.0,1,1
8120,773818.1315804919,627811.565790246,0.0,0.0,1,1
8121,773818.1315804919,627811.565790246,0.0,0.0,1,1
8122,773818.1315804919,627811.565790246,0.0,0.0,1,1
8123,773818.1315804919,627811.565790246,0.0,0.0,1,1
8124,773818.1315804919,627811.565790246,0.0,0.0,1,1
8125,773818.1315804919,627811.565790246,0.0,0.0,1,1
8126,773818.1315804919,627811.565790246,0.0,0.0,1,1
8127,773818.1315804919,627811.565790246,0.0,0.0,1,1
8128,773818.1315804919,627811.565790246,0.0,0.0,1,1
8129,773818.1315804919,627811.565790246,0.0,0.0,1,1
8130,773818.1315804919,627811.565790246,0.0,0.0,1,1
8131,773818.1315804919,627811.565790246,0.0,0.0,1,1
8132,774213.1315804919,627811.565790246,0.0,0.0,1,1
8133,774213.1315804919,627811.565790246,0.0,0.0,1,1
8134,774213.1315804919,627811.565790246,0.0,0.0,1,1
8135,774213.1315804919,627811.565790246,0.0,0.0,1,1
8136,774213.1315804919,627811.565790246,0.0,0.0,1,1
8137,774213.1315804919,627811.565790246,0.0,0.0,1,1
8138,774213.1315804919,627811.565790246,0.0,0.0,1,1
8139,772698.144738541,627811.565790246,0.0,0.0,1,1
8140,772698.144738541,627811.565790246,0.0,0.0,1,1
8141,772698.144738541,627811.565790246,0.0,0.0,1,1
8142,772698.144738541,627811.565790246,0.0,0.0,1,1
8143,772698.144738541,627811.565790246,0.0,0.0,1,1
8144,772698.144738541,627811.565790246,0.0,0.0,1,1
8145,772698.144738541,627811.565790246,0.0,0.0,1,1
8146,772698.144738541,627811.565790246,0.0,0.0,1,1
8147,772698.144738541,627811.565790246,0.0,0.0,1,1
8148,772698.144738541,627811.565790246,0.0,0.0,1,1
8149,772698.144738541,627811.565790246,0.0,0.0,1,1
8150,772698.144738541,627811.565790246,0.0,0.0,1,1
8151,772698.144738541,627811.565790246,0.0,0.0,1,1
8152,772698.144738541,627811.565790246,0.0,0.0,1,1
8153,772698.144738541,627811.565790246,0.0,0.0,1,1
8154,772698.144738541,627811.565790246,0.0,0.0,1,1
8155,772698.144738541,627811.565790246,0.0,0.0,1,1
8156,772698.144738541,627811.565790246,0.0,0.0,1,1
8157,772698.144738541,627811.565790246,0.0,0.0,1,1
8158,772698.144738541,627811.565790246,0.0,0.0,1,1
8159,772741.144738541,627811.565790246,0.0,0.0,1,1
8160,772741.144738541,627811.565790246,0.0,0.0,1,1
8161,772741.144738541,627811.565790246,0.0,0.0,1,1
8162,772741.144738541,627811.565790246,0.0,0.0,1,1
8163,772741.144738541,627811.565790246,0.0,0.0,1,1
8164,772906.144738541,627811.565790246,0.0,0.0,1,1
8165,772906.144738541,627811.565790246,0.0,0.0,1,1
8166,772906.144738541,627811.565790246,0.0,0.0,1,1
8167,772906.144738541,627811.565790246,0.0,0.0,1,1
8168,772906.144738541,627811.565790246,0.0,0.0,1,1
8169,772906.144738541,627811.565790246,0.0,0.0,1,1
8170,772906.144738541,627811.565790246,0.0,0.0,1,1
8171,772906.144738541,627811.565790246,0.0,0.0,1,1
8172,772906.144738541,627811.565790246,0.0,0.0,1,1
8173,772906.144738541,627811.565790246,0.0,0.0,1,1
8174,772906.144738541,627811.565790246,0.0,0.0,1,1
8175,772906.144738541,627811.565790246,0.0,0.0,1,1
8176,773057.1578965902,627811.565790246,0.0,0.0,1,1
8177,773057.1578965902,627811.565790246,0.0,0.0,1,1
8178,773057.1578965902,627811.565790246,0.0,0.0,1,1
8179,773057.1578965902,627811.565790246,0.0,0.0,1,1
8180,773057.1578965902,627811.565790246,0.0,0.0,1,1
8181,773057.1578965902,627811.565790246,0.0,0.0,1,1
8182,773057.1578965902,627811.565790246,0.0,0.0,1,1
8183,773057.1578965902,627811.565790246,0.0,0.0,1,1
8184,773057.1578965902,627811.565790246,0.0,0.0,1,1
8185,773057.1578965902,627811.565790246,0.0,0.0,1,1
8186,773057.1578965902,627811.565790246,0.0,0.0,1,1
8187,773050.1578965902,627811.565790246,0.0,0.0,1,1
8188,773050.1578965902,627811.565790246,0.0,0.0,1,1
8189,773050.1578965902,627811.565790246,0.0,0.0,1,1
8190,774886.6578965902,627811.565790246,0.0,0.0,1,1
8191,774886.6578965902,627811.565790246,0.0,0.0,1,1
8192,774886.6578965902,627811.565790246,0.0,0.0,1,1
8193,774886.6578965902,627811.565790246,0.0,0.0,1,1
8194,774886.6578965902,627811.565790246,0.0,0.0,1,1
8195,774886.6578965902,627811.565790246,0.0,0.0,1,1
8196,774886.6578965902,627811.565790246,0.0,0.0,1,1
8197,774886.6578965902,627811.565790246,0.0,0.0,1,1
8198,774886.6578965902,627811.565790246,0.0,0.0,1,1
8199,774886.6578965902,627811.565790246,0.0,0.0,1,1
8200,774886.6578965902,627811.565790246,0.0,0.0,1,1
8201,774886.6578965902,627811.565790246,0.0,0.0,1,1
8202,774886.6578965902,627811.565790246,0.0,0.0,1,1
8203,774915.6578965902,627811.565790246,0.0,0.0,1,1
8204,774915.6578965902,627811.565790246,0.0,0.0,1,1
8205,774915.6578965902,627811.565790246,0.0,0.0,1,1
8206,774915.6578965902,627811.565790246,0.0,0.0,1,1
8207,774915.6578965902,627811.565790246,0.0,0.0,1,1
8208,774915.6578965902,627811.565790246,0.0,0.0,1,1
8209,774915.6578965902,627811.565790246,0.0,0.0,1,1
8210,774915.6578965902,627811.565790246,0.0,0.0,1,1
8211,774915.6578965902,627811.565790246,0.0,0.0,1,1
8212,774915.6578965902,627811.565790246,0.0,0.0,1,1
8213,774915.6578965902,627811.565790246,0.0,0.0,1,1
8214,774915.6578965902,627811.565790246,0.0,0.0,1,1
8215,774915.6578965902,627811.565790246,0.0,0.0,1,1
8216,774915.6578965902,627811.565790246,0.0,0.0,1,1
8217,774915.6578965902,627811.565790246,0.0,0.0,1,1
8218,774915.6578965902,627811.565790246,0.0,0.0,1,1
8219,774915.6578965902,627811.565790246,0.0,0.0,1,1
8220,774915.6578965902,627811.565790246,0.0,0.0,1,1
8221,774915.6578965902,627811.565790246,0.0,0.0,1,1
8222,774915.6578965902,627811.565790246,0.0,0.0,1,1
8223,774915.6578965902,627811.565790246,0.0,0.0,1,1
8224,774915.6578965902,627811.565790246,0.0,0.0,1,1
8225,774915.6578965902,627811.565790246,0.0,0.0,1,1
8226,774915.6578965902,627811.565790246,0.0,0.0,1,1
8227,774915.6578965902,627811.565790246,0.0,0.0,1,1
8228,774915.6578965902,627811.565790246,0.0,0.0,1,1
8229,774915.6578965902,627811.565790246,0.0,0.0,1,1
8230,774915.6578965902,627811.565790246,0.0,0.0,1,1
8231,774915.6578965902,627811.565790246,0.0,0.0,1,1
8232,774915.6578965902,627811.565790246,0.0,0.0,1,1
8233,774915.6578965902,627811.565790246,0.0,0.0,1,1
8234,774915.6578965902,627811.565790246,0.0,0.0,1,1
8235,775301.6578965902,627811.565790246,0.0,0.0,1,1
8236,775301.6578965902,627811.565790246,0.0,0.0,1,1
8237,775301.6578965902,627811.565790246,0.0,0.0,1,1
8238,774456.1578965902,627811.565790246,0.0,0.0,1,1
8239,774456.1578965902,627811.565790246,0.0,0.0,1,1
8240,774456.1578965902,627811.565790246,0.0,0.0,1,1
8241,774456.1578965902,627811.565790246,0.0,0.0,1,1
8242,774456.1578965902,627811.565790246,0.0,0.0,1,1
8243,774456.1578965902,627811.565790246,0.0,0.0,1,1
8244,774456.1578965902,627811.565790246,0.0,0.0,1,1
8245,774456.1578965902,627811.565790246,0.0,0.0,1,1
8246,774456.1578965902,627811.565790246,0.0,0.0,1,1
8247,774456.1578965902,627811.565790246,0.0,0.0,1,1
8248,774456.1578965902,627811.565790246,0.0,0.0,1,1
8249,774456.1578965902,627811.565790246,0.0,0.0,1,1
8250,774336.6578965902,627811.565790246,0.0,0.0,1,1
8251,774046.6578965902,627811.565790246,0.0,0.0,1,1
8252,774046.6578965902,627811.565790246,0.0,0.0,1,1
8253,774046.6578965902,627811.565790246,0.0,0.0,1,1
8254,774046.6578965902,627811.565790246,0.0,0.0,1,1
8255,774046.6578965902,627811.565790246,0.0,0.0,1,1
8256,774046.6578965902,627811.565790246,0.0,0.0,1,1
8257,774046.6578965902,627811.565790246,0.0,0.0,1,1
8258,774046.6578965902,627811.565790246,0.0,0.0,1,1
8259,774046.6578965902,627811.565790246,0.0,0.0,1,1
8260,774046.6578965902,627811.565790246,0.0,0.0,1,1
8261,774046.6578965902,627811.565790246,0.0,0.0,1,1
8262,774046.6578965902,627811.565790246,0.0,0.0,1,1
8263,774046.6578965902,627811.565790246,0.0,0.0,1,1
8264,774046.6578965902,627811.565790246,0.0,0.0,1,1
8265,774046.6578965902,627811.565790246,0.0,0.0,1,1
8266,774046.6578965902,627811.565790246,0.0,0.0,1,1
8267,774046.6578965902,627811.565790246,0.0,0.0,1,1
8268,774046.6578965902,627811.565790246,0.0,0.0,1,1
8269,774046.6578965902,627811.565790246,0.0,0.0,1,1
8270,774046.6578965902,627811.565790246,0.0,0.0,1,1
8271,774046.6578965902,627811.565790246,0.0,0.0,1,1
8272,773919.6578965902,627811.565790246,0.0,0.0,1,1
8273,773919.6578965902,627811.565790246,0.0,0.0,1,1
8274,773919.6578965902,627811.565790246,0.0,0.0,1,1
8275,771496.1184224427,627811.565790246,0.0,0.0,1,1
8276,771496.1184224427,627811.565790246,0.0,0.0,1,1
8277,771738.1184224427,627811.565790246,0.0,0.0,1,1
8278,771738.1184224427,627811.565790246,0.0,0.0,1,1
8279,771738.1184224427,627811.565790246,0.0,0.0,1,1
8280,771738.1184224427,627811.565790246,0.0,0.0,1,1
8281,771738.1184224427,627811.565790246,0.0,0.0,1,1
8282,771781.6184224427,627811.565790246,0.0,0.0,1,1
8283,771781.6184224427,627811.565790246,0.0,0.0,1,1
8284,771781.6184224427,627811.565790246,0.0,0.0,1,1
8285,771781.6184224427,627811.565790246,0.0,0.0,1,1
8286,771781.6184224427,627811.565790246,0.0,0.0,1,1
8287,771781.6184224427,627811.565790246,0.0,0.0,1,1
8288,771781.6184224427,627811.565790246,0.0,0.0,1,1
8289,771781.6184224427,627811.565790246,0.0,0.0,1,1
8290,771781.6184224427,627811.565790246,0.0,0.0,1,1
8291,771781.6184224427,627811.565790246,0.0,0.0,1,1
8292,771781.6184224427,627811.565790246,0.0,0.0,1,1
8293,771781.6184224427,627811.565790246,0.0,0.0,1,1
8294,771781.6184224427,627811.565790246,0.0,0.0,1,1
8295,771781.6184224427,627811.565790246,0.0,0.0,1,1
8296,771781.6184224427,627811.565790246,0.0,0.0,1,1
8297,771781.6184224427,627811.565790246,0.0,0.0,1,1
8298,771781.6184224427,627811.565790246,0.0,0.0,1,1
8299,771781.6184224427,627811.565790246,0.0,0.0,1,1
8300,771781.6184224427,627811.565790246,0.0,0.0,1,1
8301,771781.6184224427,627811.565790246,0.0,0.0,1,1
8302,771781.6184224427,627811.565790246,0.0,0.0,1,1
8303,771781.6184224427,627811.565790246,0.0,0.0,1,1
8304,771781.6184224427,627811.565790246,0.0,0.0,1,1
8305,771781.6184224427,627811.565790246,0.0,0.0,1,1
8306,771781.6184224427,627811.565790246,0.0,0.0,1,1
8307,771781.6184224427,627811.565790246,0.0,0.0,1,1
8308,771781.6184224427,627811.565790246,0.0,0.0,1,1
8309,771781.6184224427,627811.565790246,0.0,0.0,1,1
8310,771781.6184224427,627811.565790246,0.0,0.0,1,1
8311,771781.6184224427,627811.565790246,0.0,0.0,1,1
8312,771781.6184224427,627811.565790246,0.0,0.0,1,1
8313,771781.6184224427,627811.565790246,0.0,0.0,1,1
8314,771781.6184224427,627811.565790246,0.0,0.0,1,1
8315,771781.6184224427,627811.565790246,0.0,0.0,1,1
8316,771781.6184224427,627811.565790246,0.0,0.0,1,1
8317,771781.6184224427,627811.565790246,0.0,0.0,1,1
8318,771781.6184224427,627811.565790246,0.0,0.0,1,1
8319,771781.6184224427,627811.565790246,0.0,0.0,1,1
8320,771781.6184224427,627811.565790246,0.0,0.0,1,1
8321,771781.6184224427,627811.565790246,0.0,0.0,1,1
8322,771781.6184224427,627811.565790246,0.0,0.0,1,1
8323,771781.6184224427,627811.565790246,0.0,0.0,1,1
8324,771781.6184224427,627811.565790246,0.0,0.0,1,1
8325,771781.6184224427,627811.565790246,0.0,0.0,1,1
8326,771781.6184224427,627811.565790246,0.0,0.0,1,1
8327,771781.6184224427,627811.565790246,0.0,0.0,1,1
8328,771781.6184224427,627811.565790246,0.0,0.0,1,1
8329,771781.6184224427,627811.565790246,0.0,0.0,1,1
8330,771781.6184224427,627811.565790246,0.0,0.0,1,1
8331,771781.6184224427,627811.565790246,0.0,0.0,1,1
8332,771781.6184224427,627811.565790246,0.0,0.0,1,1
8333,771781.6184224427,627811.565790246,0.0,0.0,1,1
8334,771781.6184224427,627811.565790246,0.0,0.0,1,1
8335,771781.6184224427,627811.565790246,0.0,0.0,1,1
8336,771781.6184224427,627811.565790246,0.0,0.0,1,1
8337,771781.6184224427,627811.565790246,0.0,0.0,1,1
8338,771781.6184224427,627811.565790246,0.0,0.0,1,1
8339,771781.6184224427,627811.565790246,0.0,0.0,1,1
8340,771781.6184224427,627811.565790246,0.0,0.0,1,1
8341,771781.6184224427,627811.565790246,0.0,0.0,1,1
8342,771781.6184224427,627811.565790246,0.0,0.0,1,1
8343,771781.6184224427,627811.565790246,0.0,0.0,1,1
8344,771781.6184224427,627811.565790246,0.0,0.0,1,1
8345,771781.6184224427,627811.565790246,0.0,0.0,1,1
8346,771781.6184224427,627811.565790246,0.0,0.0,1,1
8347,771781.6184224427,627811.565790246,0.0,0.0,1,1
8348,771781.6184224427,627811.565790246,0.0,0.0,1,1
8349,772024.6184224427,627811.565790246,0.0,0.0,1,1
8350,772024.6184224427,627811.565790246,0.0,0.0,1,1
8351,772024.6184224427,627811.565790246,0.0,0.0,1,1
8352,772024.6184224427,627811.565790246,0.0,0.0,1,1
8353,772024.6184224427,627811.565790246,0.0,0.0,1,1
8354,772024.6184224427,627811.565790246,0.0,0.0,1,1
8355,772024.6184224427,627811.565790246,0.0,0.0,1,1
8356,772024.6184224427,627811.565790246,0.0,0.0,1,1
8357,772024.6184224427,627811.565790246,0.0,0.0,1,1
8358,772024.6184224427,627811.565790246,0.0,0.0,1,1
8359,772024.6184224427,627811.565790246,0.0,0.0,1,1
8360,772024.6184224427,627811.565790246,0.0,0.0,1,1
8361,772024.6184224427,627811.565790246,0.0,0.0,1,1
8362,772024.6184224427,627811.565790246,0.0,0.0,1,1
8363,772024.6184224427,627811.565790246,0.0,0.0,1,1
8364,772024.6184224427,627811.565790246,0.0,0.0,1,1
8365,772024.6184224427,627811.565790246,0.0,0.0,1,1
8366,772024.6184224427,627811.565790246,0.0,0.0,1,1
8367,772024.6184224427,627811.565790246,0.0,0.0,1,1
8368,772024.6184224427,627811.565790246,0.0,0.0,1,1
8369,772024.6184224427,627811.565790246,0.0,0.0,1,1
8370,772024.6184224427,627811.565790246,0.0,0.0,1,1
8371,772024.6184224427,627811.565790246,0.0,0.0,1,1
8372,772024.6184224427,627811.565790246,0.0,0.0,1,1
8373,772024.6184224427,627811.565790246,0.0,0.0,1,1
8374,772024.6184224427,627811.565790246,0.0,0.0,1,1
8375,772024.6184224427,627811.565790246,0.0,0.0,1,1
8376,772024.6184224427,627811.565790246,0.0,0.0,1,1
8377,772024.6184224427,627811.565790246,0.0,0.0,1,1
8378,772024.6184224427,627811.565790246,0.0,0.0,1,1
8379,772024.6184224427,627811.565790246,0.0,0.0,1,1
8380,772024.6184224427,627811.565790246,0.0,0.0,1,1
8381,772024.6184224427,627811.565790246,0.0,0.0,1,1
8382,772024.6184224427,627811.565790246,0.0,0.0,1,1
8383,772024.6184224427,627811.565790246,0.0,0.0,1,1
8384,772024.6184224427,627811.565790246,0.0,0.0,1,1
8385,772024.6184224427,627811.565790246,0.0,0.0,1,1
8386,772024.6184224427,627811.565790246,0.0,0.0,1,1
8387,772024.6184224427,627811.565790246,0.0,0.0,1,1
8388,772111.644738541,627811.565790246,0.0,0.0,1,1
8389,772111.644738541,627811.565790246,0.0,0.0,1,1
8390,772111.644738541,627811.565790246,0.0,0.0,1,1
8391,772111.644738541,627811.565790246,0.0,0.0,1,1
8392,772111.644738541,627811.565790246,0.0,0.0,1,1
8393,772111.644738541,627811.565790246,0.0,0.0,1,1
8394,772111.644738541,627811.565790246,0.0,0.0,1,1
8395,772111.644738541,627811.565790246,0.0,0.0,1,1
8396,772111.644738541,627811.565790246,0.0,0.0,1,1
8397,772111.644738541,627811.565790246,0.0,0.0,1,1
8398,772111.644738541,627811.565790246,0.0,0.0,1,1
8399,772111.644738541,627811.565790246,0.0,0.0,1,1
8400,772111.644738541,627811.565790246,0.0,0.0,1,1
8401,772111.644738541,627811.565790246,0.0,0.0,1,1
8402,772321.6447385411,627811.565790246,0.0,0.0,1,1
8403,772321.6447385411,627811.565790246,0.0,0.0,1,1
8404,772387.6447385411,627811.565790246,0.0,0.0,1,1
8405,772387.6447385411,627811.565790246,0.0,0.0,1,1
8406,772387.6447385411,627811.565790246,0.0,0.0,1,1
8407,772387.6447385411,627811.565790246,0.0,0.0,1,1
8408,772387.6447385411,627811.565790246,0.0,0.0,1,1
8409,772387.6447385411,627811.565790246,0.0,0.0,1,1
8410,772387.6447385411,627811.565790246,0.0,0.0,1,1
8411,772387.6447385411,627811.565790246,0.0,0.0,1,1
8412,772387.6447385411,627811.565790246,0.0,0.0,1,1
8413,772387.6447385411,627811.565790246,0.0,0.0,1,1
8414,772387.6447385411,627811.565790246,0.0,0.0,1,1
8415,772387.6447385411,627811.565790246,0.0,0.0,1,1
8416,772387.6447385411,627811.565790246,0.0,0.0,1,1
8417,772387.6447385411,627811.565790246,0.0,0.0,1,1
8418,772387.6447385411,627811.565790246,0.0,0.0,1,1
8419,772387.6447385411,627811.565790246,0.0,0.0,1,1
8420,772387.6447385411,627811.565790246,0.0,0.0,1,1
8421,772402.6447385411,627811.565790246,0.0,0.0,1,1
8422,772402.6447385411,627811.565790246,0.0,0.0,1,1
8423,772402.6447385411,627811.565790246,0.0,0.0,1,1
8424,772402.6447385411,627811.565790246,0.0,0.0,1,1
8425,772402.6447385411,627811.565790246,0.0,0.0,1,1
8426,772402.6447385411,627811.565790246,0.0,0.0,1,1
8427,772402.6447385411,627811.565790246,0.0,0.0,1,1
8428,772402.6447385411,627811.565790246,0.0,0.0,1,1
8429,772402.6447385411,627811.565790246,0.0,0.0,1,1
8430,772402.6447385411,627811.565790246,0.0,0.0,1,1
8431,772402.6447385411,627811.565790246,0.0,0.0,1,1
8432,772402.6447385411,627811.565790246,0.0,0.0,1,1
8433,772402.6447385411,627811.565790246,0.0,0.0,1,1
8434,772197.6447385411,627811.565790246,0.0,0.0,1,1
8435,772197.6447385411,627811.565790246,0.0,0.0,1,1
8436,772197.6447385411,627811.565790246,0.0,0.0,1,1
8437,772197.6447385411,627811.565790246,0.0,0.0,1,1
8438,772197.6447385411,627811.565790246,0.0,0.0,1,1
8439,772197.6447385411,627811.565790246,0.0,0.0,1,1
8440,772197.6447385411,627811.565790246,0.0,0.0,1,1
8441,772197.6447385411,627811.565790246,0.0,0.0,1,1
8442,772197.6447385411,627811.565790246,0.0,0.0,1,1
8443,772197.6447385411,627811.565790246,0.0,0.0,1,1
8444,772197.6447385411,627811.565790246,0.0,0.0,1,1
8445,772197.6447385411,627811.565790246,0.0,0.0,1,1
8446,772197.6447385411,627811.565790246,0.0,0.0,1,1
8447,772197.6447385411,627811.565790246,0.0,0.0,1,1
8448,772197.6447385411,627811.565790246,0.0,0.0,1,1
8449,772197.6447385411,627811.565790246,0.0,0.0,1,1
8450,772820.1447385411,627811.565790246,0.0,0.0,1,1
8451,772820.1447385411,627811.565790246,0.0,0.0,1,1
8452,772820.1447385411,627811.565790246,0.0,0.0,1,1
8453,772820.1447385411,627811.565790246,0.0,0.0,1,1
8454,772820.1447385411,627811.565790246,0.0,0.0,1,1
8455,772820.1447385411,627811.565790246,0.0,0.0,1,1
8456,772820.1447385411,627811.565790246,0.0,0.0,1,1
8457,772820.1447385411,627811.565790246,0.0,0.0,1,1
8458,772820.1447385411,627811.565790246,0.0,0.0,1,1
8459,772377.6184224427,627811.565790246,0.0,0.0,1,1
8460,772523.6184224427,627811.565790246,0.0,0.0,1,1
8461,772523.6184224427,627811.565790246,0.0,0.0,1,1
8462,772523.6184224427,627811.565790246,0.0,0.0,1,1
8463,772523.6184224427,627811.565790246,0.0,0.0,1,1
8464,772632.6052643935,627811.565790246,0.0,0.0,1,1
8465,772632.6052643935,627811.565790246,0.0,0.0,1,1
8466,772632.6052643935,627811.565790246,0.0,0.0,1,1
8467,772632.6052643935,627811.565790246,0.0,0.0,1,1
8468,772632.6052643935,627811.565790246,0.0,0.0,1,1
8469,772626.1052643935,627811.565790246,0.0,0.0,1,1
8470,772626.1052643935,627811.565790246,0.0,0.0,1,1
8471,772626.1052643935,627811.565790246,0.0,0.0,1,1
8472,772626.1052643935,627811.565790246,0.0,0.0,1,1
8473,772626.1052643935,627811.565790246,0.0,0.0,1,1
8474,772626.1052643935,627811.565790246,0.0,0.0,1,1
8475,772626.1052643935,627811.565790246,0.0,0.0,1,1
8476,772626.1052643935,627811.565790246,0.0,0.0,1,1
8477,772611.1052643935,627811.565790246,0.0,0.0,1,1
8478,772611.1052643935,627811.565790246,0.0,0.0,1,1
8479,772594.1052643935,627811.565790246,0.0,0.0,1,1
8480,772547.1052643935,627811.565790246,0.0,0.0,1,1
8481,772547.1052643935,627811.565790246,0.0,0.0,1,1
8482,772547.1052643935,627811.565790246,0.0,0.0,1,1
8483,772547.1052643935,627811.565790246,0.0,0.0,1,1
8484,772547.1052643935,627811.565790246,0.0,0.0,1,1
8485,772547.1052643935,627811.565790246,0.0,0.0,1,1
8486,772547.1052643935,627811.565790246,0.0,0.0,1,1
8487,772547.1052643935,627811.565790246,0.0,0.0,1,1
8488,772547.1052643935,627811.565790246,0.0,0.0,1,1
8489,772547.1052643935,627811.565790246,0.0,0.0,1,1
8490,772547.1052643935,627811.565790246,0.0,0.0,1,1
8491,772547.1052643935,627811.565790246,0.0,0.0,1,1
8492,772547.1052643935,627811.565790246,0.0,0.0,1,1
8493,772547.1052643935,627811.565790246,0.0,0.0,1,1
8494,772547.1052643935,627811.565790246,0.0,0.0,1,1
8495,772547.1052643935,627811.565790246,0.0,0.0,1,1
8496,772547.1052643935,627811.565790246,0.0,0.0,1,1
8497,772547.1052643935,627811.565790246,0.0,0.0,1,1
8498,772547.1052643935,627811.565790246,0.0,0.0,1,1
8499,772547.1052643935,627811.565790246,0.0,0.0,1,1
8500,772547.1052643935,627811.565790246,0.0,0.0,1,1
8501,772547.1052643935,627811.565790246,0.0,0.0,1,1
8502,772547.1052643935,627811.565790246,0.0,0.0,1,1
8503,772547.1052643935,627811.565790246,0.0,0.0,1,1
8504,772547.1052643935,627811.565790246,0.0,0.0,1,1
8505,772547.1052643935,627811.565790246,0.0,0.0,1,1
8506,772547.1052643935,627811.565790246,0.0,0.0,1,1
8507,772547.1052643935,627811.565790246,0.0,0.0,1,1
8508,772547.1052643935,627811.565790246,0.0,0.0,1,1
8509,772547.1052643935,627811.565790246,0.0,0.0,1,1
8510,772547.1052643935,627811.565790246,0.0,0.0,1,1
8511,772547.1052643935,627811.565790246,0.0,0.0,1,1
8512,772547.1052643935,627811.565790246,0.0,0.0,1,1
8513,772377.1052643935,627811.565790246,0.0,0.0,1,1
8514,772377.1052643935,627811.565790246,0.0,0.0,1,1
8515,772377.1052643935,627811.565790246,0.0,0.0,1,1
8516,772377.1052643935,627811.565790246,0.0,0.0,1,1
8517,772377.1052643935,627811.565790246,0.0,0.0,1,1
8518,772377.1052643935,627811.565790246,0.0,0.0,1,1
8519,772377.1052643935,627811.565790246,0.0,0.0,1,1
8520,772377.1052643935,627811.565790246,0.0,0.0,1,1
8521,772377.1052643935,627811.565790246,0.0,0.0,1,1
8522,772377.1052643935,627811.565790246,0.0,0.0,1,1
8523,772322.6052643935,627811.565790246,0.0,0.0,1,1
8524,772322.6052643935,627811.565790246,0.0,0.0,1,1
8525,772322.6052643935,627811.565790246,0.0,0.0,1,1
8526,772322.6052643935,627811.565790246,0.0,0.0,1,1
8527,772322.6052643935,627811.565790246,0.0,0.0,1,1
8528,772322.6052643935,627811.565790246,0.0,0.0,1,1
8529,772322.6052643935,627811.565790246,0.0,0.0,1,1
8530,772322.6052643935,627811.565790246,0.0,0.0,1,1
8531,772322.6052643935,627811.565790246,0.0,0.0,1,1
8532,772322.6052643935,627811.565790246,0.0,0.0,1,1
8533,772322.6052643935,627811.565790246,0.0,0.0,1,1
8534,772322.6052643935,627811.565790246,0.0,0.0,1,1
8535,772322.6052643935,627811.565790246,0.0,0.0,1,1
8536,771780.6052643935,627811.565790246,0.0,0.0,1,1
8537,771780.6052643935,627811.565790246,0.0,0.0,1,1
8538,771780.6052643935,627811.565790246,0.0,0.0,1,1
8539,771780.6052643935,627811.565790246,0.0,0.0,1,1
8540,771780.6052643935,627811.565790246,0.0,0.0,1,1
8541,771780.6052643935,627811.565790246,0.0,0.0,1,1
8542,771780.6052643935,627811.565790246,0.0,0.0,1,1
8543,771780.6052643935,627811.565790246,0.0,0.0,1,1
8544,771780.6052643935,627811.565790246,0.0,0.0,1,1
8545,771780.6052643935,627811.565790246,0.0,0.0,1,1
8546,771780.6052643935,627811.565790246,0.0,0.0,1,1
8547,771780.6052643935,627811.565790246,0.0,0.0,1,1
8548,771780.6052643935,627811.565790246,0.0,0.0,1,1
8549,771780.6052643935,627811.565790246,0.0,0.0,1,1
8550,771780.6052643935,627811.565790246,0.0,0.0,1,1
8551,771780.6052643935,627811.565790246,0.0,0.0,1,1
8552,771780.6052643935,627811.565790246,0.0,0.0,1,1
8553,771780.6052643935,627811.565790246,0.0,0.0,1,1
8554,771780.6052643935,627811.565790246,0.0,0.0,1,1
8555,771780.6052643935,627811.565790246,0.0,0.0,1,1
8556,771780.6052643935,627811.565790246,0.0,0.0,1,1
8557,771905.1052643935,627811.565790246,0.0,0.0,1,1
8558,771905.1052643935,627811.565790246,0.0,0.0,1,1
8559,771905.1052643935,627811.565790246,0.0,0.0,1,1
8560,771905.1052643935,627811.565790246,0.0,0.0,1,1
8561,771905.1052643935,627811.565790246,0.0,0.0,1,1
8562,771905.1052643935,627811.565790246,0.0,0.0,1,1
8563,771905.1052643935,627811.565790246,0.0,0.0,1,1
8564,771905.1052643935,627811.565790246,0.0,0.0,1,1
8565,771905.1052643935,627811.565790246,0.0,0.0,1,1
8566,771905.1052643935,627811.565790246,0.0,0.0,1,1
8567,771905.1052643935,627811.565790246,0.0,0.0,1,1
8568,771905.1052643935,627811.565790246,0.0,0.0,1,1
8569,771905.1052643935,627811.565790246,0.0,0.0,1,1
8570,771905.1052643935,627811.565790246,0.0,0.0,1,1
8571,771905.1052643935,627811.565790246,0.0,0.0,1,1
8572,771905.1052643935,627811.565790246,0.0,0.0,1,1
8573,771905.1052643935,627811.565790246,0.0,0.0,1,1
8574,771905.1052643935,627811.565790246,0.0,0.0,1,1
8575,771905.1052643935,627811.565790246,0.0,0.0,1,1
8576,771905.1052643935,627811.565790246,0.0,0.0,1,1
8577,771905.1052643935,627811.565790246,0.0,0.0,1,1
8578,771905.1052643935,627811.565790246,0.0,0.0,1,1
8579,771905.1052643935,627811.565790246,0.0,0.0,1,1
8580,771905.1052643935,627811.565790246,0.0,0.0,1,1
8581,771905.1052643935,627811.565790246,0.0,0.0,1,1
8582,771905.1052643935,627811.565790246,0.0,0.0,1,1
8583,771905.1052643935,627811.565790246,0.0,0.0,1,1
8584,771905.1052643935,627811.565790246,0.0,0.0,1,1
8585,771905.1052643935,627811.565790246,0.0,0.0,1,1
8586,771905.1052643935,627811.565790246,0.0,0.0,1,1
8587,771905.1052643935,627811.565790246,0.0,0.0,1,1
8588,771905.1052643935,627811.565790246,0.0,0.0,1,1
8589,771905.1052643935,627811.565790246,0.0,0.0,1,1
8590,771905.1052643935,627811.565790246,0.0,0.0,1,1
8591,771905.1052643935,627811.565790246,0.0,0.0,1,1
8592,771905.1052643935,627811.565790246,0.0,0.0,1,1
8593,771905.1052643935,627811.565790246,0.0,0.0,1,1
8594,771905.1052643935,627811.565790246,0.0,0.0,1,1
8595,771905.1052643935,627811.565790246,0.0,0.0,1,1
8596,771905.1052643935,627811.565790246,0.0,0.0,1,1
8597,771905.1052643935,627811.565790246,0.0,0.0,1,1
8598,771905.1052643935,627811.565790246,0.0,0.0,1,1
8599,771905.1052643935,627811.565790246,0.0,0.0,1,1
8600,771905.1052643935,627811.565790246,0.0,0.0,1,1
8601,771905.1052643935,627811.565790246,0.0,0.0,1,1
8602,771905.1052643935,627811.565790246,0.0,0.0,1,1
8603,771905.1052643935,627811.565790246,0.0,0.0,1,1
8604,771905.1052643935,627811.565790246,0.0,0.0,1,1
8605,771905.1052643935,627811.565790246,0.0,0.0,1,1
8606,771905.1052643935,627811.565790246,0.0,0.0,1,1
8607,771905.1052643935,627811.565790246,0.0,0.0,1,1
8608,771905.1052643935,627811.565790246,0.0,0.0,1,1
8609,771924.1052643935,627811.565790246,0.0,0.0,1,1
8610,771924.1052643935,627811.565790246,0.0,0.0,1,1
8611,771924.1052643935,627811.565790246,0.0,0.0,1,1
8612,771924.1052643935,627811.565790246,0.0,0.0,1,1
8613,771924.1052643935,627811.565790246,0.0,0.0,1,1
8614,771924.1052643935,627811.565790246,0.0,0.0,1,1
8615,771924.1052643935,627811.565790246,0.0,0.0,1,1
8616,771924.1052643935,627811.565790246,0.0,0.0,1,1
8617,771924.1052643935,627811.565790246,0.0,0.0,1,1
8618,771924.1052643935,627811.565790246,0.0,0.0,1,1
8619,772024.6052643935,627811.565790246,0.0,0.0,1,1
8620,772024.6052643935,627811.565790246,0.0,0.0,1,1
8621,772024.6052643935,627811.565790246,0.0,0.0,1,1
8622,772024.6052643935,627811.565790246,0.0,0.0,1,1
8623,772024.6052643935,627811.565790246,0.0,0.0,1,1
8624,772024.6052643935,627811.565790246,0.0,0.0,1,1
8625,772024.6052643935,627811.565790246,0.0,0.0,1,1
8626,772024.6052643935,627811.565790246,0.0,0.0,1,1
8627,772024.6052643935,627811.565790246,0.0,0.0,1,1
8628,771936.1052643935,627811.565790246,0.0,0.0,1,1
8629,771936.1052643935,627811.565790246,0.0,0.0,1,1
8630,771936.1052643935,627811.565790246,0.0,0.0,1,1
8631,771936.1052643935,627811.565790246,0.0,0.0,1,1
8632,771936.1052643935,627811.565790246,0.0,0.0,1,1
8633,772285.6052643935,627811.565790246,0.0,0.0,1,1
8634,772285.6052643935,627811.565790246,0.0,0.0,1,1
8635,772285.6052643935,627811.565790246,0.0,0.0,1,1
8636,772285.6052643935,627811.565790246,0.0,0.0,1,1
8637,772285.6052643935,627811.565790246,0.0,0.0,1,1
8638,772285.6052643935,627811.565790246,0.0,0.0,1,1
8639,772285.6052643935,627811.565790246,0.0,0.0,1,1
8640,772285.6052643935,627811.565790246,0.0,0.0,1,1
8641,772285.6052643935,627811.565790246,0.0,0.0,1,1
8642,772285.6052643935,627811.565790246,0.0,0.0,1,1
8643,772285.6052643935,627811.565790246,0.0,0.0,1,1
8644,772285.6052643935,627811.565790246,0.0,0.0,1,1
8645,772285.6052643935,627811.565790246,0.0,0.0,1,1
8646,772285.6052643935,627811.565790246,0.0,0.0,1,1
8647,772285.6052643935,627811.565790246,0.0,0.0,1,1
8648,772285.6052643935,627811.565790246,0.0,0.0,1,1
8649,772285.6052643935,627811.565790246,0.0,0.0,1,1
8650,772285.6052643935,627811.565790246,0.0,0.0,1,1
8651,772285.6052643935,627811.565790246,0.0,0.0,1,1
8652,772285.6052643935,627811.565790246,0.0,0.0,1,1
8653,772285.6052643935,627811.565790246,0.0,0.0,1,1
8654,772285.6052643935,627811.565790246,0.0,0.0,1,1
8655,772285.6052643935,627811.565790246,0.0,0.0,1,1
8656,772285.6052643935,627811.565790246,0.0,0.0,1,1
8657,772285.6052643935,627811.565790246,0.0,0.0,1,1
8658,772285.6052643935,627811.565790246,0.0,0.0,1,1
8659,772285.6052643935,627811.565790246,0.0,0.0,1,1
8660,772285.6052643935,627811.565790246,0.0,0.0,1,1
8661,772285.6052643935,627811.565790246,0.0,0.0,1,1
8662,772285.6052643935,627811.565790246,0.0,0.0,1,1
8663,772285.6052643935,627811.565790246,0.0,0.0,1,1
8664,772285.6052643935,627811.565790246,0.0,0.0,1,1
8665,772285.6052643935,627811.565790246,0.0,0.0,1,1
8666,777823.1052643935,627811.565790246,0.0,0.0,1,1
8667,777823.1052643935,627811.565790246,0.0,0.0,1,1
8668,777823.1052643935,627811.565790246,0.0,0.0,1,1
8669,777823.1052643935,627811.565790246,0.0,0.0,1,1
8670,777823.1052643935,627811.565790246,0.0,0.0,1,1
8671,777823.1052643935,627811.565790246,0.0,0.0,1,1
8672,777823.1052643935,627811.565790246,0.0,0.0,1,1
8673,777823.1052643935,627811.565790246,0.0,0.0,1,1
8674,777823.1052643935,627811.565790246,0.0,0.0,1,1
8675,777823.1052643935,627811.565790246,0.0,0.0,1,1
8676,777823.1052643935,627811.565790246,0.0,0.0,1,1
8677,777823.1052643935,627811.565790246,0.0,0.0,1,1
8678,777823.1052643935,627811.565790246,0.0,0.0,1,1
8679,777823.1052643935,627811.565790246,0.0,0.0,1,1
8680,777823.1052643935,627811.565790246,0.0,0.0,1,1
8681,777823.1052643935,627811.565790246,0.0,0.0,1,1
8682,777823.1052643935,627811.565790246,0.0,0.0,1,1
8683,777823.1052643935,627811.565790246,0.0,0.0,1,1
8684,777823.1052643935,627811.565790246,0.0,0.0,1,1
8685,777823.1052643935,627811.565790246,0.0,0.0,1,1
8686,777823.1052643935,627811.565790246,0.0,0.0,1,1
8687,777823.1052643935,627811.565790246,0.0,0.0,1,1
8688,777823.1052643935,627811.565790246,0.0,0.0,1,1
8689,777823.1052643935,627811.565790246,0.0,0.0,1,1
8690,777823.1052643935,627811.565790246,0.0,0.0,1,1
8691,777823.1052643935,627811.565790246,0.0,0.0,1,1
8692,777823.1052643935,627811.565790246,0.0,0.0,1,1
8693,777823.1052643935,627811.565790246,0.0,0.0,1,1
8694,777823.1052643935,627811.565790246,0.0,0.0,1,1
8695,777823.1052643935,627811.565790246,0.0,0.0,1,1
8696,777823.1052643935,627811.565790246,0.0,0.0,1,1
8697,777615.6052643935,627811.565790246,0.0,0.0,1,1
8698,777615.6052643935,627811.565790246,0.0,0.0,1,1
8699,777615.6052643935,627811.565790246,0.0,0.0,1,1
8700,777615.6052643935,627811.565790246,0.0,0.0,1,1
8701,777615.6052643935,627811.565790246,0.0,0.0,1,1
8702,777615.6052643935,627811.565790246,0.0,0.0,1,1
8703,777615.6052643935,627811.565790246,0.0,0.0,1,1
8704,777615.6052643935,627811.565790246,0.0,0.0,1,1
8705,777615.6052643935,627811.565790246,0.0,0.0,1,1
8706,777615.6052643935,627811.565790246,0.0,0.0,1,1
8707,777615.6052643935,627811.565790246,0.0,0.0,1,1
8708,777615.6052643935,627811.565790246,0.0,0.0,1,1
8709,777615.6052643935,627811.565790246,0.0,0.0,1,1
8710,777615.6052643935,627811.565790246,0.0,0.0,1,1
8711,777615.6052643935,627811.565790246,0.0,0.0,1,1
8712,777615.6052643935,627811.565790246,0.0,0.0,1,1
8713,777615.6052643935,627811.565790246,0.0,0.0,1,1
8714,777615.6052643935,627811.565790246,0.0,0.0,1,1
8715,777615.6052643935,627811.565790246,0.0,0.0,1,1
8716,777615.6052643935,627811.565790246,0.0,0.0,1,1
8717,777760.6052643935,627811.565790246,0.0,0.0,1,1
8718,777760.6052643935,627811.565790246,0.0,0.0,1,1
8719,777760.6052643935,627811.565790246,0.0,0.0,1,1
8720,777760.6052643935,627811.565790246,0.0,0.0,1,1
8721,777760.6052643935,627811.565790246,0.0,0.0,1,1
8722,777760.6052643935,627811.565790246,0.0,0.0,1,1
8723,777760.6052643935,627811.565790246,0.0,0.0,1,1
8724,777760.6052643935,627811.565790246,0.0,0.0,1,1
8725,777760.6052643935,627811.565790246,0.0,0.0,1,1
8726,777760.6052643935,627811.565790246,0.0,0.0,1,1
8727,777760.6052643935,627811.565790246,0.0,0.0,1,1
8728,777760.6052643935,627811.565790246,0.0,0.0,1,1
8729,777760.6052643935,627811.565790246,0.0,0.0,1,1
8730,777760.6052643935,627811.565790246,0.0,0.0,1,1
8731,777760.6052643935,627811.565790246,0.0,0.0,1,1
8732,777760.6052643935,627811.565790246,0.0,0.0,1,1
8733,777813.1052643935,627811.565790246,0.0,0.0,1,1
8734,777813.1052643935,627811.565790246,0.0,0.0,1,1
8735,777813.1052643935,627811.565790246,0.0,0.0,1,1
8736,777813.1052643935,627811.565790246,0.0,0.0,1,1
8737,777813.1052643935,627811.565790246,0.0,0.0,1,1
8738,777813.1052643935,627811.565790246,0.0,0.0,1,1
8739,777813.1052643935,627811.565790246,0.0,0.0,1,1
8740,777813.1052643935,627811.565790246,0.0,0.0,1,1
8741,777813.1052643935,627811.565790246,0.0,0.0,1,1
8742,777813.1052643935,627811.565790246,0.0,0.0,1,1
8743,777813.1052643935,627811.565790246,0.0,0.0,1,1
8744,777813.1052643935,627811.565790246,0.0,0.0,1,1
8745,777813.1052643935,627811.565790246,0.0,0.0,1,1
8746,777813.1052643935,627811.565790246,0.0,0.0,1,1
8747,777813.1052643935,627811.565790246,0.0,0.0,1,1
8748,777813.1052643935,627811.565790246,0.0,0.0,1,1
8749,777813.1052643935,627811.565790246,0.0,0.0,1,1
8750,777813.1052643935,627811.565790246,0.0,0.0,1,1
8751,777813.1052643935,627811.565790246,0.0,0.0,1,1
8752,777813.1052643935,627811.565790246,0.0,0.0,1,1
8753,777813.1052643935,627811.565790246,0.0,0.0,1,1
8754,777813.1052643935,627811.565790246,0.0,0.0,1,1
8755,777813.1052643935,627811.565790246,0.0,0.0,1,1
8756,777813.1052643935,627811.565790246,0.0,0.0,1,1
8757,777813.1052643935,627811.565790246,0.0,0.0,1,1
8758,777813.1052643935,627811.565790246,0.0,0.0,1,1
8759,777813.1052643935,627811.565790246,0.0,0.0,1,1
8760,777813.1052643935,627811.565790246,0.0,0.0,1,1
8761,777813.1052643935,627811.565790246,0.0,0.0,1,1
8762,777813.1052643935,627811.565790246,0.0,0.0,1,1
8763,777813.1052643935,627811.565790246,0.0,0.0,1,1
8764,777813.1052643935,627811.565790246,0.0,0.0,1,1
8765,777832.1052643935,627811.565790246,0.0,0.0,1,1
8766,777832.1052643935,627811.565790246,0.0,0.0,1,1
8767,777832.1052643935,627811.565790246,0.0,0.0,1,1
8768,777832.1052643935,627811.565790246,0.0,0.0,1,1
8769,777832.1052643935,627811.565790246,0.0,0.0,1,1
8770,777832.1052643935,627811.565790246,0.0,0.0,1,1
8771,777832.1052643935,627811.565790246,0.0,0.0,1,1
8772,777832.1052643935,627811.565790246,0.0,0.0,1,1
8773,777982.1052643935,627811.565790246,0.0,0.0,1,1
8774,777982.1052643935,627811.565790246,0.0,0.0,1,1
8775,777982.1052643935,627811.565790246,0.0,0.0,1,1
8776,777982.1052643935,627811.565790246,0.0,0.0,1,1
8777,777982.1052643935,627811.565790246,0.0,0.0,1,1
8778,777982.1052643935,627811.565790246,0.0,0.0,1,1
8779,777982.1052643935,627811.565790246,0.0,0.0,1,1
8780,777982.1052643935,627811.565790246,0.0,0.0,1,1
8781,777982.1052643935,627811.565790246,0.0,0.0,1,1
8782,777982.1052643935,627811.565790246,0.0,0.0,1,1
8783,777982.1052643935,627811.565790246,0.0,0.0,1,1
8784,777982.1052643935,627811.565790246,0.0,0.0,1,1
8785,777982.1052643935,627811.565790246,0.0,0.0,1,1
8786,777982.1052643935,627811.565790246,0.0,0.0,1,1
8787,777982.1052643935,627811.565790246,0.0,0.0,1,1
8788,777982.1052643935,627811.565790246,0.0,0.0,1,1
8789,777983.1052643935,627811.565790246,0.0,0.0,1,1
8790,777983.1052643935,627811.565790246,0.0,0.0,1,1
8791,777983.1052643935,627811.565790246,0.0,0.0,1,1
8792,777983.1052643935,627811.565790246,0.0,0.0,1,1
8793,777983.1052643935,627811.565790246,0.0,0.0,1,1
8794,777983.1052643935,627811.565790246,0.0,0.0,1,1
8795,777983.1052643935,627811.565790246,0.0,0.0,1,1
8796,777955.1052643935,627811.565790246,0.0,0.0,1,1
8797,777955.1052643935,627811.565790246,0.0,0.0,1,1
8798,777955.1052643935,627811.565790246,0.0,0.0,1,1
8799,777955.1052643935,627811.565790246,0.0,0.0,1,1
8800,777940.1052643935,627811.565790246,0.0,0.0,1,1
8801,778019.1052643935,627811.565790246,0.0,0.0,1,1
8802,778019.1052643935,627811.565790246,0.0,0.0,1,1
8803,777982.6052643935,627811.565790246,0.0,0.0,1,1
8804,777982.6052643935,627811.565790246,0.0,0.0,1,1
8805,777982.6052643935,627811.565790246,0.0,0.0,1,1
8806,777982.6052643935,627811.565790246,0.0,0.0,1,1
8807,777982.6052643935,627811.565790246,0.0,0.0,1,1
8808,777982.6052643935,627811.565790246,0.0,0.0,1,1
8809,777982.6052643935,627811.565790246,0.0,0.0,1,1
8810,777982.6052643935,627811.565790246,0.0,0.0,1,1
8811,777982.6052643935,627811.565790246,0.0,0.0,1,1
8812,777984.6052643935,627811.565790246,0.0,0.0,1,1
8813,777984.6052643935,627811.565790246,0.0,0.0,1,1
8814,777984.6052643935,627811.565790246,0.0,0.0,1,1
8815,777984.6052643935,627811.565790246,0.0,0.0,1,1
8816,777984.6052643935,627811.565790246,0.0,0.0,1,1
8817,777984.6052643935,627811.565790246,0.0,0.0,1,1
8818,777984.6052643935,627811.565790246,0.0,0.0,1,1
8819,777984.6052643935,627811.565790246,0.0,0.0,1,1
8820,777984.6052643935,627811.565790246,0.0,0.0,1,1
8821,777984.6052643935,627811.565790246,0.0,0.0,1,1
8822,777984.6052643935,627811.565790246,0.0,0.0,1,1
8823,777984.6052643935,627811.565790246,0.0,0.0,1,1
8824,777984.6052643935,627811.565790246,0.0,0.0,1,1
8825,777984.6052643935,627811.565790246,0.0,0.0,1,1
8826,777984.6052643935,627811.565790246,0.0,0.0,1,1
8827,777984.6052643935,627811.565790246,0.0,0.0,1,1
8828,777569.1052643935,627811.565790246,0.0,0.0,1,1
8829,777569.1052643935,627811.565790246,0.0,0.0,1,1
8830,777569.1052643935,627811.565790246,0.0,0.0,1,1
8831,777569.1052643935,627811.565790246,0.0,0.0,1,1
8832,777569.1052643935,627811.565790246,0.0,0.0,1,1
8833,777569.1052643935,627811.565790246,0.0,0.0,1,1
8834,777569.1052643935,627811.565790246,0.0,0.0,1,1
8835,777569.1052643935,627811.565790246,0.0,0.0,1,1
8836,777569.1052643935,627811.565790246,0.0,0.0,1,1
8837,777569.1052643935,627811.565790246,0.0,0.0,1,1
8838,777569.1052643935,627811.565790246,0.0,0.0,1,1
8839,777569.1052643935,627811.565790246,0.0,0.0,1,1
8840,777578.6052643935,627811.565790246,0.0,0.0,1,1
8841,777578.6052643935,627811.565790246,0.0,0.0,1,1
8842,777578.6052643935,627811.565790246,0.0,0.0,1,1
8843,777578.6052643935,627811.565790246,0.0,0.0,1,1
8844,777578.6052643935,627811.565790246,0.0,0.0,1,1
8845,777578.6052643935,627811.565790246,0.0,0.0,1,1
8846,777578.6052643935,627811.565790246,0.0,0.0,1,1
8847,777578.6052643935,627811.565790246,0.0,0.0,1,1
8848,777578.6052643935,627811.565790246,0.0,0.0,1,1
8849,777597.1052643935,627811.565790246,0.0,0.0,1,1
8850,777597.1052643935,627811.565790246,0.0,0.0,1,1
8851,777597.1052643935,627811.565790246,0.0,0.0,1,1
8852,777597.1052643935,627811.565790246,0.0,0.0,1,1
8853,777597.1052643935,627811.565790246,0.0,0.0,1,1
8854,777597.1052643935,627811.565790246,0.0,0.0,1,1
8855,777597.1052643935,627811.565790246,0.0,0.0,1,1
8856,777597.1052643935,627811.565790246,0.0,0.0,1,1
8857,777804.644738541,627811.565790246,0.0,0.0,1,1
8858,777804.644738541,627811.565790246,0.0,0.0,1,1
8859,777804.644738541,627811.565790246,0.0,0.0,1,1
8860,777804.644738541,627811.565790246,0.0,0.0,1,1
8861,777804.644738541,627811.565790246,0.0,0.0,1,1
8862,777804.644738541,627811.565790246,0.0,0.0,1,1
8863,777804.644738541,627811.565790246,0.0,0.0,1,1
8864,777804.644738541,627811.565790246,0.0,0.0,1,1
8865,777804.644738541,627811.565790246,0.0,0.0,1,1
8866,777804.644738541,627811.565790246,0.0,0.0,1,1
8867,777804.644738541,627811.565790246,0.0,0.0,1,1
8868,777804.644738541,627811.565790246,0.0,0.0,1,1
8869,777804.644738541,627811.565790246,0.0,0.0,1,1
8870,777804.644738541,627811.565790246,0.0,0.0,1,1
8871,777804.644738541,627811.565790246,0.0,0.0,1,1
8872,777804.644738541,627811.565790246,0.0,0.0,1,1
8873,777804.644738541,627811.565790246,0.0,0.0,1,1
8874,777804.644738541,627811.565790246,0.0,0.0,1,1
8875,777804.644738541,627811.565790246,0.0,0.0,1,1
8876,777804.644738541,627811.565790246,0.0,0.0,1,1
8877,777804.644738541,627811.565790246,0.0,0.0,1,1
8878,777804.644738541,627811.565790246,0.0,0.0,1,1
8879,777804.644738541,627811.565790246,0.0,0.0,1,1
8880,777804.644738541,627811.565790246,0.0,0.0,1,1
8881,777725.644738541,627811.565790246,0.0,0.0,1,1
8882,777725.644738541,627811.565790246,0.0,0.0,1,1
8883,777395.144738541,627811.565790246,0.0,0.0,1,1
8884,777395.144738541,627811.565790246,0.0,0.0,1,1
8885,777395.144738541,627811.565790246,0.0,0.0,1,1
8886,777395.144738541,627811.565790246,0.0,0.0,1,1
8887,777395.144738541,627811.565790246,0.0,0.0,1,1
8888,777395.144738541,627811.565790246,0.0,0.0,1,1
8889,777395.144738541,627811.565790246,0.0,0.0,1,1
8890,777395.144738541,627811.565790246,0.0,0.0,1,1
8891,777395.144738541,627811.565790246,0.0,0.0,1,1
8892,777311.644738541,627811.565790246,0.0,0.0,1,1
8893,777311.644738541,627811.565790246,0.0,0.0,1,1
8894,777311.644738541,627811.565790246,0.0,0.0,1,1
8895,777311.644738541,627811.565790246,0.0,0.0,1,1
8896,777311.644738541,627811.565790246,0.0,0.0,1,1
8897,777311.644738541,627811.565790246,0.0,0.0,1,1
8898,777311.644738541,627811.565790246,0.0,0.0,1,1
8899,777723.144738541,627811.565790246,0.0,0.0,1,1
8900,777723.144738541,627811.565790246,0.0,0.0,1,1
8901,777723.144738541,627811.565790246,0.0,0.0,1,1
8902,777723.144738541,627811.565790246,0.0,0.0,1,1
8903,777723.144738541,627811.565790246,0.0,0.0,1,1
8904,777723.144738541,627811.565790246,0.0,0.0,1,1
8905,777723.144738541,627811.565790246,0.0,0.0,1,1
8906,777723.144738541,627811.565790246,0.0,0.0,1,1
8907,777723.144738541,627811.565790246,0.0,0.0,1,1
8908,777723.144738541,627811.565790246,0.0,0.0,1,1
8909,777723.144738541,627811.565790246,0.0,0.0,1,1
8910,777723.144738541,627811.565790246,0.0,0.0,1,1
8911,777723.144738541,627811.565790246,0.0,0.0,1,1
8912,777723.144738541,627811.565790246,0.0,0.0,1,1
8913,777723.144738541,627811.565790246,0.0,0.0,1,1
8914,777723.144738541,627811.565790246,0.0,0.0,1,1
8915,777723.144738541,627811.565790246,0.0,0.0,1,1
8916,777723.144738541,627811.565790246,0.0,0.0,1,1
8917,777723.144738541,627811.565790246,0.0,0.0,1,1
8918,777723.144738541,627811.565790246,0.0,0.0,1,1
8919,777723.144738541,627811.565790246,0.0,0.0,1,1
8920,777723.144738541,627811.565790246,0.0,0.0,1,1
8921,777723.144738541,627811.565790246,0.0,0.0,1,1
8922,777723.144738541,627811.565790246,0.0,0.0,1,1
8923,777723.144738541,627811.565790246,0.0,0.0,1,1
8924,777723.144738541,627811.565790246,0.0,0.0,1,1
8925,777723.144738541,627811.565790246,0.0,0.0,1,1
8926,777723.144738541,627811.565790246,0.0,0.0,1,1
8927,777723.144738541,627811.565790246,0.0,0.0,1,1
8928,777723.144738541,627811.565790246,0.0,0.0,1,1
8929,777723.144738541,627811.565790246,0.0,0.0,1,1
8930,777723.144738541,627811.565790246,0.0,0.0,1,1
8931,777723.144738541,627811.565790246,0.0,0.0,1,1
8932,777723.144738541,627811.565790246,0.0,0.0,1,1
8933,777723.144738541,627811.565790246,0.0,0.0,1,1
8934,777723.144738541,627811.565790246,0.0,0.0,1,1
8935,777723.144738541,627811.565790246,0.0,0.0,1,1
8936,777723.144738541,627811.565790246,0.0,0.0,1,1
8937,777723.144738541,627811.565790246,0.0,0.0,1,1
8938,777723.144738541,627811.565790246,0.0,0.0,1,1
8939,777723.144738541,627811.565790246,0.0,0.0,1,1
8940,777723.144738541,627811.565790246,0.0,0.0,1,1
8941,777723.144738541,627811.565790246,0.0,0.0,1,1
8942,777723.144738541,627811.565790246,0.0,0.0,1,1
8943,777723.144738541,627811.565790246,0.0,0.0,1,1
8944,777723.144738541,627811.565790246,0.0,0.0,1,1
8945,777723.144738541,627811.565790246,0.0,0.0,1,1
8946,777723.144738541,627811.565790246,0.0,0.0,1,1
8947,777723.144738541,627811.565790246,0.0,0.0,1,1
8948,777553.144738541,627811.565790246,0.0,0.0,1,1
8949,777553.144738541,627811.565790246,0.0,0.0,1,1
8950,777553.144738541,627811.565790246,0.0,0.0,1,1
8951,777553.144738541,627811.565790246,0.0,0.0,1,1
8952,777553.144738541,627811.565790246,0.0,0.0,1,1
8953,777553.144738541,627811.565790246,0.0,0.0,1,1
8954,777553.144738541,627811.565790246,0.0,0.0,1,1
8955,777553.144738541,627811.565790246,0.0,0.0,1,1
8956,777553.144738541,627811.565790246,0.0,0.0,1,1
8957,777553.144738541,627811.565790246,0.0,0.0,1,1
8958,777553.144738541,627811.565790246,0.0,0.0,1,1
8959,777553.144738541,627811.565790246,0.0,0.0,1,1
8960,777553.144738541,627811.565790246,0.0,0.0,1,1
8961,777553.144738541,627811.565790246,0.0,0.0,1,1
8962,777553.144738541,627811.565790246,0.0,0.0,1,1
8963,777553.144738541,627811.565790246,0.0,0.0,1,1
8964,777553.144738541,627811.565790246,0.0,0.0,1,1
8965,777560.144738541,627811.565790246,0.0,0.0,1,1
8966,777560.144738541,627811.565790246,0.0,0.0,1,1
8967,777560.144738541,627811.565790246,0.0,0.0,1,1
8968,777560.144738541,627811.565790246,0.0,0.0,1,1
8969,777560.144738541,627811.565790246,0.0,0.0,1,1
8970,777550.644738541,627811.565790246,0.0,0.0,1,1
8971,777550.644738541,627811.565790246,0.0,0.0,1,1
8972,777550.644738541,627811.565790246,0.0,0.0,1,1
8973,777550.644738541,627811.565790246,0.0,0.0,1,1
8974,777550.644738541,627811.565790246,0.0,0.0,1,1
8975,777550.644738541,627811.565790246,0.0,0.0,1,1
8976,777550.644738541,627811.565790246,0.0,0.0,1,1
8977,777550.644738541,627811.565790246,0.0,0.0,1,1
8978,777550.644738541,627811.565790246,0.0,0.0,1,1
8979,777550.644738541,627811.565790246,0.0,0.0,1,1
8980,777550.644738541,627811.565790246,0.0,0.0,1,1
8981,777550.644738541,627811.565790246,0.0,0.0,1,1
8982,777550.644738541,627811.565790246,0.0,0.0,1,1
8983,777550.644738541,627811.565790246,0.0,0.0,1,1
8984,777550.644738541,627811.565790246,0.0,0.0,1,1
8985,777550.644738541,627811.565790246,0.0,0.0,1,1
8986,776557.644738541,627811.565790246,0.0,0.0,1,1
8987,776557.644738541,627811.565790246,0.0,0.0,1,1
8988,776557.644738541,627811.565790246,0.0,0.0,1,1
8989,776557.644738541,627811.565790246,0.0,0.0,1,1
8990,776760.144738541,627811.565790246,0.0,0.0,1,1
8991,776760.144738541,627811.565790246,0.0,0.0,1,1
8992,776760.144738541,627811.565790246,0.0,0.0,1,1
8993,776760.144738541,627811.565790246,0.0,0.0,1,1
8994,776760.144738541,627811.565790246,0.0,0.0,1,1
8995,776760.144738541,627811.565790246,0.0,0.0,1,1
8996,776760.144738541,627811.565790246,0.0,0.0,1,1
8997,776760.144738541,627811.565790246,0.0,0.0,1,1
8998,776760.144738541,627811.565790246,0.0,0.0,1,1
8999,776760.144738541,627811.565790246,0.0,0.0,1,1
9000,776760.144738541,627811.565790246,0.0,0.0,1,1
9001,777969.6315804918,627811.565790246,0.0,0.0,1,1
9002,777969.6315804918,627811.565790246,0.0,0.0,1,1
9003,777969.6315804918,627811.565790246,0.0,0.0,1,1
9004,777969.6315804918,627811.565790246,0.0,0.0,1,1
9005,777969.6315804918,627811.565790246,0.0,0.0,1,1
9006,777969.6315804918,627811.565790246,0.0,0.0,1,1
9007,777969.6315804918,627811.565790246,0.0,0.0,1,1
9008,777969.6315804918,627811.565790246,0.0,0.0,1,1
9009,777969.6315804918,627811.565790246,0.0,0.0,1,1
9010,777969.6315804918,627811.565790246,0.0,0.0,1,1
9011,777969.6315804918,627811.565790246,0.0,0.0,1,1
9012,777969.6315804918,627811.565790246,0.0,0.0,1,1
9013,777969.6315804918,627811.565790246,0.0,0.0,1,1
9014,777969.6315804918,627811.565790246,0.0,0.0,1,1
9015,777969.6315804918,627811.565790246,0.0,0.0,1,1
9016,777969.6315804918,627811.565790246,0.0,0.0,1,1
9017,777969.6315804918,627811.565790246,0.0,0.0,1,1
9018,777969.6315804918,627811.565790246,0.0,0.0,1,1
9019,777969.6315804918,627811.565790246,0.0,0.0,1,1
9020,777969.6315804918,627811.565790246,0.0,0.0,1,1
9021,777969.6315804918,627811.565790246,0.0,0.0,1,1
9022,777969.6315804918,627811.565790246,0.0,0.0,1,1
9023,777969.6315804918,627811.565790246,0.0,0.0,1,1
9024,777969.6315804918,627811.565790246,0.0,0.0,1,1
9025,777969.6315804918,627811.565790246,0.0,0.0,1,1
9026,777969.6315804918,627811.565790246,0.0,0.0,1,1
9027,777969.6315804918,627811.565790246,0.0,0.0,1,1
9028,778597.6184224427,627811.565790246,0.0,0.0,1,1
9029,778597.6184224427,627811.565790246,0.0,0.0,1,1
9030,778597.6184224427,627811.565790246,0.0,0.0,1,1
9031,779782.1184224427,627811.565790246,0.0,0.0,1,1
9032,779641.1184224427,627811.565790246,0.0,0.0,1,1
9033,779641.1184224427,627811.565790246,0.0,0.0,1,1
9034,779641.1184224427,627811.565790246,0.0,0.0,1,1
9035,779641.1184224427,627811.565790246,0.0,0.0,1,1
9036,779641.1184224427,627811.565790246,0.0,0.0,1,1
9037,779641.1184224427,627811.565790246,0.0,0.0,1,1
9038,779641.1184224427,627811.565790246,0.0,0.0,1,1
9039,779641.1184224427,627811.565790246,0.0,0.0,1,1
9040,779641.1184224427,627811.565790246,0.0,0.0,1,1
9041,779641.1184224427,627811.565790246,0.0,0.0,1,1
9042,779641.1184224427,627811.565790246,0.0,0.0,1,1
9043,779641.1184224427,627811.565790246,0.0,0.0,1,1
9044,779641.1184224427,627811.565790246,0.0,0.0,1,1
9045,779641.1184224427,627811.565790246,0.0,0.0,1,1
9046,779641.1184224427,627811.565790246,0.0,0.0,1,1
9047,779641.1184224427,627811.565790246,0.0,0.0,1,1
9048,779641.1184224427,627811.565790246,0.0,0.0,1,1
9049,779641.1184224427,627811.565790246,0.0,0.0,1,1
9050,779641.1184224427,627811.565790246,0.0,0.0,1,1
9051,779641.1184224427,627811.565790246,0.0,0.0,1,1
9052,779641.1184224427,627811.565790246,0.0,0.0,1,1
9053,779641.1184224427,627811.565790246,0.0,0.0,1,1
9054,779641.1184224427,627811.565790246,0.0,0.0,1,1
9055,779645.1184224427,627811.565790246,0.0,0.0,1,1
9056,779645.1184224427,627811.565790246,0.0,0.0,1,1
9057,779645.1184224427,627811.565790246,0.0,0.0,1,1
9058,779645.1184224427,627811.565790246,0.0,0.0,1,1
9059,779645.1184224427,627811.565790246,0.0,0.0,1,1
9060,779645.1184224427,627811.565790246,0.0,0.0,1,1
9061,779645.1184224427,627811.565790246,0.0,0.0,1,1
9062,779645.1184224427,627811.565790246,0.0,0.0,1,1
9063,779645.1184224427,627811.565790246,0.0,0.0,1,1
9064,779645.1184224427,627811.565790246,0.0,0.0,1,1
9065,779645.1184224427,627811.565790246,0.0,0.0,1,1
9066,779546.6184224427,627811.565790246,0.0,0.0,1,1
9067,779546.6184224427,627811.565790246,0.0,0.0,1,1
9068,779546.6184224427,627811.565790246,0.0,0.0,1,1
9069,779546.6184224427,627811.565790246,0.0,0.0,1,1
9070,779546.6184224427,627811.565790246,0.0,0.0,1,1
9071,779546.6184224427,627811.565790246,0.0,0.0,1,1
9072,779546.6184224427,627811.565790246,0.0,0.0,1,1
9073,779546.6184224427,627811.565790246,0.0,0.0,1,1
9074,779546.6184224427,627811.565790246,0.0,0.0,1,1
9075,779546.6184224427,627811.565790246,0.0,0.0,1,1
9076,779546.6184224427,627811.565790246,0.0,0.0,1,1
9077,779546.6184224427,627811.565790246,0.0,0.0,1,1
9078,779546.6184224427,627811.565790246,0.0,0.0,1,1
9079,779546.6184224427,627811.565790246,0.0,0.0,1,1
9080,779546.6184224427,627811.565790246,0.0,0.0,1,1
9081,779546.6184224427,627811.565790246,0.0,0.0,1,1
9082,779546.6184224427,627811.565790246,0.0,0.0,1,1
9083,779546.6184224427,627811.565790246,0.0,0.0,1,1
9084,779546.6184224427,627811.565790246,0.0,0.0,1,1
9085,779736.6184224427,627811.565790246,0.0,0.0,1,1
9086,779736.6184224427,627811.565790246,0.0,0.0,1,1
9087,779736.6184224427,627811.565790246,0.0,0.0,1,1
9088,786963.6052643935,627811.565790246,0.0,0.0,1,1
9089,786963.6052643935,627811.565790246,0.0,0.0,1,1
9090,787136.6052643935,627811.565790246,0.0,0.0,1,1
9091,787136.6052643935,627811.565790246,0.0,0.0,1,1
9092,787136.6052643935,627811.565790246,0.0,0.0,1,1
9093,787136.6052643935,627811.565790246,0.0,0.0,1,1
9094,787136.6052643935,627811.565790246,0.0,0.0,1,1
9095,787136.6052643935,627811.565790246,0.0,0.0,1,1
9096,786876.6052643935,627811.565790246,0.0,0.0,1,1
9097,786876.6052643935,627811.565790246,0.0,0.0,1,1
9098,786876.6052643935,627811.565790246,0.0,0.0,1,1
9099,786876.6052643935,627811.565790246,0.0,0.0,1,1
9100,786876.6052643935,627811.565790246,0.0,0.0,1,1
9101,786876.6052643935,627811.565790246,0.0,0.0,1,1
9102,790549.0394741476,627811.565790246,0.0,0.0,1,1
9103,790549.0394741476,627811.565790246,0.0,0.0,1,1
9104,790549.0394741476,627811.565790246,0.0,0.0,1,1
9105,790549.0394741476,627811.565790246,0.0,0.0,1,1
9106,790549.0394741476,627811.565790246,0.0,0.0,1,1
9107,790549.0394741476,627811.565790246,0.0,0.0,1,1
9108,790549.0394741476,627811.565790246,0.0,0.0,1,1
9109,790549.0394741476,627811.565790246,0.0,0.0,1,1
9110,790549.0394741476,627811.565790246,0.0,0.0,1,1
9111,795608.5394741476,627811.565790246,0.0,0.0,1,1
9112,795608.5394741476,627811.565790246,0.0,0.0,1,1
9113,795608.5394741476,627811.565790246,0.0,0.0,1,1
9114,795427.0394741476,627811.565790246,0.0,0.0,1,1
9115,795427.0394741476,627811.565790246,0.0,0.0,1,1
9116,795427.0394741476,627811.565790246,0.0,0.0,1,1
9117,795427.0394741476,627811.565790246,0.0,0.0,1,1
9118,794892.5263160984,627811.565790246,0.0,0.0,1,1
9119,794892.5263160984,627811.565790246,0.0,0.0,1,1
9120,794892.5263160984,627811.565790246,0.0,0.0,1,1
9121,794892.5263160984,627811.565790246,0.0,0.0,1,1
9122,794983.5263160984,627811.565790246,0.0,0.0,1,1
9123,794983.5263160984,627811.565790246,0.0,0.0,1,1
9124,794983.5263160984,627811.565790246,0.0,0.0,1,1
9125,794983.5263160984,627811.565790246,0.0,0.0,1,1
9126,794983.5263160984,627811.565790246,0.0,0.0,1,1
9127,794983.5263160984,627811.565790246,0.0,0.0,1,1
9128,794983.5263160984,627811.565790246,0.0,0.0,1,1
9129,794983.5263160984,627811.565790246,0.0,0.0,1,1
9130,794983.5263160984,627811.565790246,0.0,0.0,1,1
9131,794983.5263160984,627811.565790246,0.0,0.0,1,1
9132,794983.5263160984,627811.565790246,0.0,0.0,1,1
9133,794983.5263160984,627811.565790246,0.0,0.0,1,1
9134,794983.5263160984,627811.565790246,0.0,0.0,1,1
9135,794983.5263160984,627811.565790246,0.0,0.0,1,1
9136,794983.5263160984,627811.565790246,0.0,0.0,1,1
9137,794983.5263160984,627811.565790246,0.0,0.0,1,1
9138,794983.5263160984,627811.565790246,0.0,0.0,1,1
9139,794983.5263160984,627811.565790246,0.0,0.0,1,1
9140,794770.0263160984,627811.565790246,0.0,0.0,1,1
9141,794770.0263160984,627811.565790246,0.0,0.0,1,1
9142,794770.0263160984,627811.565790246,0.0,0.0,1,1
9143,794770.0263160984,627811.565790246,0.0,0.0,1,1
9144,794770.0263160984,627811.565790246,0.0,0.0,1,1
9145,794770.0263160984,627811.565790246,0.0,0.0,1,1
9146,794770.0263160984,627811.565790246,0.0,0.0,1,1
9147,794770.0263160984,627811.565790246,0.0,0.0,1,1
9148,794770.0263160984,627811.565790246,0.0,0.0,1,1
9149,794770.0263160984,627811.565790246,0.0,0.0,1,1
9150,794770.0263160984,627811.565790246,0.0,0.0,1,1
9151,794770.0263160984,627811.565790246,0.0,0.0,1,1
9152,794770.0263160984,627811.565790246,0.0,0.0,1,1
9153,794770.0263160984,627811.565790246,0.0,0.0,1,1
9154,794770.0263160984,627811.565790246,0.0,0.0,1,1
9155,794770.0263160984,627811.565790246,0.0,0.0,1,1
9156,794770.0263160984,627811.565790246,0.0,0.0,1,1
9157,794770.0263160984,627811.565790246,0.0,0.0,1,1
9158,794770.0263160984,627811.565790246,0.0,0.0,1,1
9159,794770.0263160984,627811.565790246,0.0,0.0,1,1
9160,794770.0263160984,627811.565790246,0.0,0.0,1,1
9161,794770.0263160984,627811.565790246,0.0,0.0,1,1
9162,794770.0263160984,627811.565790246,0.0,0.0,1,1
9163,794770.0263160984,627811.565790246,0.0,0.0,1,1
9164,794770.0263160984,627811.565790246,0.0,0.0,1,1
9165,794533.0263160984,627811.565790246,0.0,0.0,1,1
9166,794533.0263160984,627811.565790246,0.0,0.0,1,1
9167,794533.0263160984,627811.565790246,0.0,0.0,1,1
9168,794533.0263160984,627811.565790246,0.0,0.0,1,1
9169,794533.0263160984,627811.565790246,0.0,0.0,1,1
9170,794533.0263160984,627811.565790246,0.0,0.0,1,1
9171,794533.0263160984,627811.565790246,0.0,0.0,1,1
9172,794533.0263160984,627811.565790246,0.0,0.0,1,1
9173,794533.0263160984,627811.565790246,0.0,0.0,1,1
9174,794646.0263160984,627811.565790246,0.0,0.0,1,1
9175,794646.0263160984,627811.565790246,0.0,0.0,1,1
9176,794646.0263160984,627811.565790246,0.0,0.0,1,1
9177,794646.0263160984,627811.565790246,0.0,0.0,1,1
9178,794646.0263160984,627811.565790246,0.0,0.0,1,1
9179,794646.0263160984,627811.565790246,0.0,0.0,1,1
9180,794646.0263160984,627811.565790246,0.0,0.0,1,1
9181,794646.0263160984,627811.565790246,0.0,0.0,1,1
9182,790069.0263160984,627811.565790246,0.0,0.0,1,1
9183,790069.0263160984,627811.565790246,0.0,0.0,1,1
9184,790024.0263160984,627811.565790246,0.0,0.0,1,1
9185,790024.0263160984,627811.565790246,0.0,0.0,1,1
9186,790024.0263160984,627811.565790246,0.0,0.0,1,1
9187,790024.0263160984,627811.565790246,0.0,0.0,1,1
9188,790024.0263160984,627811.565790246,0.0,0.0,1,1
9189,790024.0263160984,627811.565790246,0.0,0.0,1,1
9190,790071.0263160984,627811.565790246,0.0,0.0,1,1
9191,790071.0263160984,627811.565790246,0.0,0.0,1,1
9192,790071.0263160984,627811.565790246,0.0,0.0,1,1
9193,790071.0263160984,627811.565790246,0.0,0.0,1,1
9194,790071.0263160984,627811.565790246,0.0,0.0,1,1
9195,790071.0263160984,627811.565790246,0.0,0.0,1,1
9196,790071.0263160984,627811.565790246,0.0,0.0,1,1
9197,790071.0263160984,627811.565790246,0.0,0.0,1,1
9198,790071.0263160984,627811.565790246,0.0,0.0,1,1
9199,790071.0263160984,627811.565790246,0.0,0.0,1,1
9200,790071.0263160984,627811.565790246,0.0,0.0,1,1
9201,790071.0263160984,627811.565790246,0.0,0.0,1,1
9202,790071.0263160984,627811.565790246,0.0,0.0,1,1
9203,790071.0263160984,627811.565790246,0.0,0.0,1,1
9204,790071.0263160984,627811.565790246,0.0,0.0,1,1
9205,790071.0263160984,627811.565790246,0.0,0.0,1,1
9206,790071.0263160984,627811.565790246,0.0,0.0,1,1
9207,790071.0263160984,627811.565790246,0.0,0.0,1,1
9208,790071.0263160984,627811.565790246,0.0,0.0,1,1
9209,790071.0263160984,627811.565790246,0.0,0.0,1,1
9210,790071.0263160984,627811.565790246,0.0,0.0,1,1
9211,790071.0263160984,627811.565790246,0.0,0.0,1,1
9212,790071.0263160984,627811.565790246,0.0,0.0,1,1
9213,790071.0263160984,627811.565790246,0.0,0.0,1,1
9214,790071.0263160984,627811.565790246,0.0,0.0,1,1
9215,790071.0263160984,627811.565790246,0.0,0.0,1,1
9216,790071.0263160984,627811.565790246,0.0,0.0,1,1
9217,790071.0263160984,627811.565790246,0.0,0.0,1,1
9218,790071.0263160984,627811.565790246,0.0,0.0,1,1
9219,790071.0263160984,627811.565790246,0.0,0.0,1,1
9220,790071.0263160984,627811.565790246,0.0,0.0,1,1
9221,790071.0263160984,627811.565790246,0.0,0.0,1,1
9222,790071.0263160984,627811.565790246,0.0,0.0,1,1
9223,790071.0263160984,627811.565790246,0.0,0.0,1,1
9224,790071.0263160984,627811.565790246,0.0,0.0,1,1
9225,790071.0263160984,627811.565790246,0.0,0.0,1,1
9226,790071.0263160984,627811.565790246,0.0,0.0,1,1
9227,790071.0263160984,627811.565790246,0.0,0.0,1,1
9228,790071.0263160984,627811.565790246,0.0,0.0,1,1
9229,790071.0263160984,627811.565790246,0.0,0.0,1,1
9230,790071.0263160984,627811.565790246,0.0,0.0,1,1
9231,790071.0263160984,627811.565790246,0.0,0.0,1,1
9232,790071.0263160984,627811.565790246,0.0,0.0,1,1
9233,790071.0263160984,627811.565790246,0.0,0.0,1,1
9234,790071.0263160984,627811.565790246,0.0,0.0,1,1
9235,790071.0263160984,627811.565790246,0.0,0.0,1,1
9236,790071.0263160984,627811.565790246,0.0,0.0,1,1
9237,790071.0263160984,627811.565790246,0.0,0.0,1,1
9238,790316.5263160984,627811.565790246,0.0,0.0,1,1
9239,790316.5263160984,627811.565790246,0.0,0.0,1,1
9240,790316.5263160984,627811.565790246,0.0,0.0,1,1
9241,790316.5263160984,627811.565790246,0.0,0.0,1,1
9242,790316.5263160984,627811.565790246,0.0,0.0,1,1
9243,790295.5263160984,627811.565790246,0.0,0.0,1,1
9244,790295.5263160984,627811.565790246,0.0,0.0,1,1
9245,790295.5263160984,627811.565790246,0.0,0.0,1,1
9246,790295.5263160984,627811.565790246,0.0,0.0,1,1
9247,790295.5263160984,627811.565790246,0.0,0.0,1,1
9248,790295.5263160984,627811.565790246,0.0,0.0,1,1
9249,789531.0263160984,627811.565790246,0.0,0.0,1,1
9250,789531.0263160984,627811.565790246,0.0,0.0,1,1
9251,787626.0526321968,627811.565790246,0.0,0.0,1,1
9252,787626.0526321968,627811.565790246,0.0,0.0,1,1
9253,787760.0526321968,627811.565790246,0.0,0.0,1,1
9254,787760.0526321968,627811.565790246,0.0,0.0,1,1
9255,787760.0526321968,627811.565790246,0.0,0.0,1,1
9256,787760.0526321968,627811.565790246,0.0,0.0,1,1
9257,787760.0526321968,627811.565790246,0.0,0.0,1,1
9258,787760.0526321968,627811.565790246,0.0,0.0,1,1
9259,787458.0263160984,627811.565790246,0.0,0.0,1,1
9260,787458.0263160984,627811.565790246,0.0,0.0,1,1
9261,787458.0263160984,627811.565790246,0.0,0.0,1,1
9262,787458.0263160984,627811.565790246,0.0,0.0,1,1
9263,787458.0263160984,627811.565790246,0.0,0.0,1,1
9264,787458.0263160984,627811.565790246,0.0,0.0,1,1
9265,787002.0263160984,627811.565790246,0.0,0.0,1,1
9266,787002.0263160984,627811.565790246,0.0,0.0,1,1
9267,787002.0263160984,627811.565790246,0.0,0.0,1,1
9268,787002.0263160984,627811.565790246,0.0,0.0,1,1
9269,787002.0263160984,627811.565790246,0.0,0.0,1,1
9270,787002.0263160984,627811.565790246,0.0,0.0,1,1
9271,787002.0263160984,627811.565790246,0.0,0.0,1,1
9272,787002.0263160984,627811.565790246,0.0,0.0,1,1
9273,787002.0263160984,627811.565790246,0.0,0.0,1,1
9274,787002.0263160984,627811.565790246,0.0,0.0,1,1
9275,787002.0263160984,627811.565790246,0.0,0.0,1,1
9276,787002.0263160984,627811.565790246,0.0,0.0,1,1
9277,787002.0263160984,627811.565790246,0.0,0.0,1,1
9278,787002.0263160984,627811.565790246,0.0,0.0,1,1
9279,787057.5263160984,627811.565790246,0.0,0.0,1,1
9280,787057.5263160984,627811.565790246,0.0,0.0,1,1
9281,787057.5263160984,627811.565790246,0.0,0.0,1,1
9282,787057.5263160984,627811.565790246,0.0,0.0,1,1
9283,787057.5263160984,627811.565790246,0.0,0.0,1,1
9284,787057.5263160984,627811.565790246,0.0,0.0,1,1
9285,787057.5263160984,627811.565790246,0.0,0.0,1,1
9286,787057.5263160984,627811.565790246,0.0,0.0,1,1
9287,787057.5263160984,627811.565790246,0.0,0.0,1,1
9288,787057.5263160984,627811.565790246,0.0,0.0,1,1
9289,787057.5263160984,627811.565790246,0.0,0.0,1,1
9290,787057.5263160984,627811.565790246,0.0,0.0,1,1
9291,787057.5263160984,627811.565790246,0.0,0.0,1,1
9292,787057.5263160984,627811.565790246,0.0,0.0,1,1
9293,787057.5263160984,627811.565790246,0.0,0.0,1,1
9294,787057.5263160984,627811.565790246,0.0,0.0,1,1
9295,787057.5263160984,627811.565790246,0.0,0.0,1,1
9296,787057.5263160984,627811.565790246,0.0,0.0,1,1
9297,787057.5263160984,627811.565790246,0.0,0.0,1,1
9298,787057.5263160984,627811.565790246,0.0,0.0,1,1
9299,787057.5263160984,627811.565790246,0.0,0.0,1,1
9300,787057.5263160984,627811.565790246,0.0,0.0,1,1
9301,787057.5263160984,627811.565790246,0.0,0.0,1,1
9302,787057.5263160984,627811.565790246,0.0,0.0,1,1
9303,787057.5263160984,627811.565790246,0.0,0.0,1,1
9304,787057.5263160984,627811.565790246,0.0,0.0,1,1
9305,787057.5263160984,627811.565790246,0.0,0.0,1,1
9306,787057.5263160984,627811.565790246,0.0,0.0,1,1
9307,787057.5263160984,627811.565790246,0.0,0.0,1,1
9308,787057.5263160984,627811.565790246,0.0,0.0,1,1
9309,787057.5263160984,627811.565790246,0.0,0.0,1,1
9310,787057.5263160984,627811.565790246,0.0,0.0,1,1
9311,787057.5263160984,627811.565790246,0.0,0.0,1,1
9312,787057.5263160984,627811.565790246,0.0,0.0,1,1
9313,787057.5263160984,627811.565790246,0.0,0.0,1,1
9314,787057.5263160984,627811.565790246,0.0,0.0,1,1
9315,787057.5263160984,627811.565790246,0.0,0.0,1,1
9316,787057.5263160984,627811.565790246,0.0,0.0,1,1
9317,787057.5263160984,627811.565790246,0.0,0.0,1,1
9318,787226.0263160984,627811.565790246,0.0,0.0,1,1
9319,787226.0263160984,627811.565790246,0.0,0.0,1,1
9320,787226.0263160984,627811.565790246,0.0,0.0,1,1
9321,787226.0263160984,627811.565790246,0.0,0.0,1,1
9322,787226.0263160984,627811.565790246,0.0,0.0,1,1
9323,787226.0263160984,627811.565790246,0.0,0.0,1,1
9324,787406.0263160984,627811.565790246,0.0,0.0,1,1
9325,787406.0263160984,627811.565790246,0.0,0.0,1,1
9326,787406.0263160984,627811.565790246,0.0,0.0,1,1
9327,787406.0263160984,627811.565790246,0.0,0.0,1,1
9328,787406.0263160984,627811.565790246,0.0,0.0,1,1
9329,787406.0263160984,627811.565790246,0.0,0.0,1,1
9330,787406.0263160984,627811.565790246,0.0,0.0,1,1
9331,787406.0263160984,627811.565790246,0.0,0.0,1,1
9332,787406.0263160984,627811.565790246,0.0,0.0,1,1
9333,787406.0263160984,627811.565790246,0.0,0.0,1,1
9334,787406.0263160984,627811.565790246,0.0,0.0,1,1
9335,787406.0263160984,627811.565790246,0.0,0.0,1,1
9336,787406.0263160984,627811.565790246,0.0,0.0,1,1
9337,787406.0263160984,627811.565790246,0.0,0.0,1,1
9338,787406.0263160984,627811.565790246,0.0,0.0,1,1
9339,787863.0526321968,627811.565790246,0.0,0.0,1,1
9340,787884.0526321968,627811.565790246,0.0,0.0,1,1
9341,787884.0526321968,627811.565790246,0.0,0.0,1,1
9342,787884.0526321968,627811.565790246,0.0,0.0,1,1
9343,787884.0526321968,627811.565790246,0.0,0.0,1,1
9344,787782.0526321968,627811.565790246,0.0,0.0,1,1
9345,787782.0526321968,627811.565790246,0.0,0.0,1,1
9346,787782.0526321968,627811.565790246,0.0,0.0,1,1
9347,787782.0526321968,627811.565790246,0.0,0.0,1,1
9348,787782.0526321968,627811.565790246,0.0,0.0,1,1
9349,787782.0526321968,627811.565790246,0.0,0.0,1,1
9350,787782.0526321968,627811.565790246,0.0,0.0,1,1
9351,787782.0526321968,627811.565790246,0.0,0.0,1,1
9352,787782.0526321968,627811.565790246,0.0,0.0,1,1
9353,787782.0526321968,627811.565790246,0.0,0.0,1,1
9354,787782.0526321968,627811.565790246,0.0,0.0,1,1
9355,787782.0526321968,627811.565790246,0.0,0.0,1,1
9356,788020.5526321968,627811.565790246,0.0,0.0,1,1
9357,788020.5526321968,627811.565790246,0.0,0.0,1,1
9358,788020.5526321968,627811.565790246,0.0,0.0,1,1
9359,788020.5526321968,627811.565790246,0.0,0.0,1,1
9360,788020.5526321968,627811.565790246,0.0,0.0,1,1
9361,788020.5526321968,627811.565790246,0.0,0.0,1,1
9362,788020.5526321968,627811.565790246,0.0,0.0,1,1
9363,788409.0263160984,627811.565790246,0.0,0.0,1,1
9364,788409.0263160984,627811.565790246,0.0,0.0,1,1
9365,788409.0263160984,627811.565790246,0.0,0.0,1,1
9366,788409.0263160984,627811.565790246,0.0,0.0,1,1
9367,788409.0263160984,627811.565790246,0.0,0.0,1,1
9368,788409.0263160984,627811.565790246,0.0,0.0,1,1
9369,788409.0263160984,627811.565790246,0.0,0.0,1,1
9370,788409.0263160984,627811.565790246,0.0,0.0,1,1
9371,788409.0263160984,627811.565790246,0.0,0.0,1,1
9372,788409.0263160984,627811.565790246,0.0,0.0,1,1
9373,788409.0263160984,627811.565790246,0.0,0.0,1,1
9374,788409.0263160984,627811.565790246,0.0,0.0,1,1
9375,788409.0263160984,627811.565790246,0.0,0.0,1,1
9376,788409.0263160984,627811.565790246,0.0,0.0,1,1
9377,788409.0263160984,627811.565790246,0.0,0.0,1,1
9378,788409.0263160984,627811.565790246,0.0,0.0,1,1
9379,788409.0263160984,627811.565790246,0.0,0.0,1,1
9380,788409.0263160984,627811.565790246,0.0,0.0,1,1
9381,788409.0263160984,627811.565790246,0.0,0.0,1,1
9382,788409.0263160984,627811.565790246,0.0,0.0,1,1
9383,788409.0263160984,627811.565790246,0.0,0.0,1,1
9384,788409.0263160984,627811.565790246,0.0,0.0,1,1
9385,788409.0263160984,627811.565790246,0.0,0.0,1,1
9386,788409.0263160984,627811.565790246,0.0,0.0,1,1
9387,788409.0263160984,627811.565790246,0.0,0.0,1,1
9388,788409.0263160984,627811.565790246,0.0,0.0,1,1
9389,788409.0263160984,627811.565790246,0.0,0.0,1,1
9390,788409.0263160984,627811.565790246,0.0,0.0,1,1
9391,788409.0263160984,627811.565790246,0.0,0.0,1,1
9392,788409.0263160984,627811.565790246,0.0,0.0,1,1
9393,788409.0263160984,627811.565790246,0.0,0.0,1,1
9394,788409.0263160984,627811.565790246,0.0,0.0,1,1
9395,787049.5,627811.565790246,0.0,0.0,1,1
9396,787049.5,627811.565790246,0.0,0.0,1,1
9397,787049.5,627811.565790246,0.0,0.0,1,1
9398,787049.5,627811.565790246,0.0,0.0,1,1
9399,787049.5,627811.565790246,0.0,0.0,1,1
9400,787049.5,627811.565790246,0.0,0.0,1,1
9401,787049.5,627811.565790246,0.0,0.0,1,1
9402,787049.5,627811.565790246,0.0,0.0,1,1
9403,786823.0,627811.565790246,0.0,0.0,1,1
9404,786823.0,627811.565790246,0.0,0.0,1,1
9405,786823.0,627811.565790246,0.0,0.0,1,1
9406,786823.0,627811.565790246,0.0,0.0,1,1
9407,786823.0,627811.565790246,0.0,0.0,1,1
9408,786823.0,627811.565790246,0.0,0.0,1,1
9409,786823.0,627811.565790246,0.0,0.0,1,1
9410,786823.0,627811.565790246,0.0,0.0,1,1
9411,786823.0,627811.565790246,0.0,0.0,1,1
9412,786823.0,627811.565790246,0.0,0.0,1,1
9413,786823.0,627811.565790246,0.0,0.0,1,1
9414,786823.0,627811.565790246,0.0,0.0,1,1
9415,786823.0,627811.565790246,0.0,0.0,1,1
9416,786823.0,627811.565790246,0.0,0.0,1,1
9417,787772.5,627811.565790246,0.0,0.0,1,1
9418,786397.5,627811.565790246,0.0,0.0,1,1
9419,786397.5,627811.565790246,0.0,0.0,1,1
9420,786397.5,627811.565790246,0.0,0.0,1,1
9421,786397.5,627811.565790246,0.0,0.0,1,1
9422,786397.5,627811.565790246,0.0,0.0,1,1
9423,786397.5,627811.565790246,0.0,0.0,1,1
9424,786397.5,627811.565790246,0.0,0.0,1,1
9425,786397.5,627811.565790246,0.0,0.0,1,1
9426,786397.5,627811.565790246,0.0,0.0,1,1
9427,786397.5,627811.565790246,0.0,0.0,1,1
9428,786397.5,627811.565790246,0.0,0.0,1,1
9429,786397.5,627811.565790246,0.0,0.0,1,1
9430,786397.5,627811.565790246,0.0,0.0,1,1
9431,786397.5,627811.565790246,0.0,0.0,1,1
9432,786397.5,627811.565790246,0.0,0.0,1,1
9433,785330.5,627811.565790246,0.0,0.0,1,1
9434,785330.5,627811.565790246,0.0,0.0,1,1
9435,785330.5,627811.565790246,0.0,0.0,1,1
9436,785330.5,627811.565790246,0.0,0.0,1,1
9437,785330.5,627811.565790246,0.0,0.0,1,1
9438,785330.5,627811.565790246,0.0,0.0,1,1
9439,785350.5,627811.565790246,0.0,0.0,1,1
9440,785350.5,627811.565790246,0.0,0.0,1,1
9441,785350.5,627811.565790246,0.0,0.0,1,1
9442,785350.5,627811.565790246,0.0,0.0,1,1
9443,785350.5,627811.565790246,0.0,0.0,1,1
9444,785350.5,627811.565790246,0.0,0.0,1,1
9445,785350.5,627811.565790246,0.0,0.0,1,1
9446,785350.5,627811.565790246,0.0,0.0,1,1
9447,785350.5,627811.565790246,0.0,0.0,1,1
9448,785350.5,627811.565790246,0.0,0.0,1,1
9449,785350.5,627811.565790246,0.0,0.0,1,1
9450,785350.5,627811.565790246,0.0,0.0,1,1
9451,785350.5,627811.565790246,0.0,0.0,1,1
9452,785350.5,627811.565790246,0.0,0.0,1,1
9453,784574.0,627811.565790246,0.0,0.0,1,1
9454,784574.0,627811.565790246,0.0,0.0,1,1
9455,784574.0,627811.565790246,0.0,0.0,1,1
9456,784574.0,627811.565790246,0.0,0.0,1,1
9457,784574.0,627811.565790246,0.0,0.0,1,1
9458,784574.0,627811.565790246,0.0,0.0,1,1
9459,784574.0,627811.565790246,0.0,0.0,1,1
9460,784574.0,627811.565790246,0.0,0.0,1,1
9461,784574.0,627811.565790246,0.0,0.0,1,1
9462,784574.0,627811.565790246,0.0,0.0,1,1
9463,784574.0,627811.565790246,0.0,0.0,1,1
9464,784574.0,627811.565790246,0.0,0.0,1,1
9465,784574.0,627811.565790246,0.0,0.0,1,1
9466,784574.0,627811.565790246,0.0,0.0,1,1
9467,784574.0,627811.565790246,0.0,0.0,1,1
9468,784574.0,627811.565790246,0.0,0.0,1,1
9469,784574.0,627811.565790246,0.0,0.0,1,1
9470,784574.0,627811.565790246,0.0,0.0,1,1
9471,784574.0,627811.565790246,0.0,0.0,1,1
9472,784574.0,627811.565790246,0.0,0.0,1,1
9473,784574.0,627811.565790246,0.0,0.0,1,1
9474,784574.0,627811.565790246,0.0,0.0,1,1
9475,783595.5,627811.565790246,0.0,0.0,1,1
9476,783595.5,627811.565790246,0.0,0.0,1,1
9477,783595.5,627811.565790246,0.0,0.0,1,1
9478,783595.5,627811.565790246,0.0,0.0,1,1
9479,783595.5,627811.565790246,0.0,0.0,1,1
9480,783595.5,627811.565790246,0.0,0.0,1,1
9481,783595.5,627811.565790246,0.0,0.0,1,1
9482,783595.5,627811.565790246,0.0,0.0,1,1
9483,783595.5,627811.565790246,0.0,0.0,1,1
9484,783618.5,627811.565790246,0.0,0.0,1,1
9485,783618.5,627811.565790246,0.0,0.0,1,1
9486,783618.5,627811.565790246,0.0,0.0,1,1
9487,783618.5,627811.565790246,0.0,0.0,1,1
9488,783618.5,627811.565790246,0.0,0.0,1,1
9489,783618.5,627811.565790246,0.0,0.0,1,1
9490,783618.5,627811.565790246,0.0,0.0,1,1
9491,783618.5,627811.565790246,0.0,0.0,1,1
9492,783618.5,627811.565790246,0.0,0.0,1,1
9493,783618.5,627811.565790246,0.0,0.0,1,1
9494,783618.5,627811.565790246,0.0,0.0,1,1
9495,783618.5,627811.565790246,0.0,0.0,1,1
9496,783618.5,627811.565790246,0.0,0.0,1,1
9497,782784.5,627811.565790246,0.0,0.0,1,1
9498,782784.5,627811.565790246,0.0,0.0,1,1
9499,782784.5,627811.565790246,0.0,0.0,1,1
9500,782784.5,627811.565790246,0.0,0.0,1,1
9501,782784.5,627811.565790246,0.0,0.0,1,1
9502,782784.5,627811.565790246,0.0,0.0,1,1
9503,782784.5,627811.565790246,0.0,0.0,1,1
9504,783040.0,627811.565790246,0.0,0.0,1,1
9505,783040.0,627811.565790246,0.0,0.0,1,1
9506,783040.0,627811.565790246,0.0,0.0,1,1
9507,783040.0,627811.565790246,0.0,0.0,1,1
9508,783040.0,627811.565790246,0.0,0.0,1,1
9509,783040.0,627811.565790246,0.0,0.0,1,1
9510,783040.0,627811.565790246,0.0,0.0,1,1
9511,783040.0,627811.565790246,0.0,0.0,1,1
9512,783040.0,627811.565790246,0.0,0.0,1,1
9513,783040.0,627811.565790246,0.0,0.0,1,1
9514,783040.0,627811.565790246,0.0,0.0,1,1
9515,783040.0,627811.565790246,0.0,0.0,1,1
9516,783040.0,627811.565790246,0.0,0.0,1,1
9517,783040.0,627811.565790246,0.0,0.0,1,1
9518,783040.0,627811.565790246,0.0,0.0,1,1
9519,783040.0,627811.565790246,0.0,0.0,1,1
9520,783040.0,627811.565790246,0.0,0.0,1,1
9521,783040.0,627811.565790246,0.0,0.0,1,1
9522,783040.0,627811.565790246,0.0,0.0,1,1
9523,783040.0,627811.565790246,0.0,0.0,1,1
9524,783040.0,627811.565790246,0.0,0.0,1,1
9525,783040.0,627811.565790246,0.0,0.0,1,1
9526,783040.0,627811.565790246,0.0,0.0,1,1
9527,783040.0,627811.565790246,0.0,0.0,1,1
9528,783040.0,627811.565790246,0.0,0.0,1,1
9529,783040.0,627811.565790246,0.0,0.0,1,1
9530,783040.0,627811.565790246,0.0,0.0,1,1
9531,783040.0,627811.565790246,0.0,0.0,1,1
9532,783040.0,627811.565790246,0.0,0.0,1,1
9533,782910.0,627811.565790246,0.0,0.0,1,1
9534,782910.0,627811.565790246,0.0,0.0,1,1
9535,782910.0,627811.565790246,0.0,0.0,1,1
9536,782910.0,627811.565790246,0.0,0.0,1,1
9537,782910.0,627811.565790246,0.0,0.0,1,1
9538,782910.0,627811.565790246,0.0,0.0,1,1
9539,782910.0,627811.565790246,0.0,0.0,1,1
9540,782910.0,627811.565790246,0.0,0.0,1,1
9541,782910.0,627811.565790246,0.0,0.0,1,1
9542,782910.0,627811.565790246,0.0,0.0,1,1
9543,782910.0,627811.565790246,0.0,0.0,1,1
9544,782910.0,627811.565790246,0.0,0.0,1,1
9545,783091.0,627811.565790246,0.0,0.0,1,1
9546,782678.5,627811.565790246,0.0,0.0,1,1
9547,782678.5,627811.565790246,0.0,0.0,1,1
9548,782678.5,627811.565790246,0.0,0.0,1,1
9549,782905.0,627811.565790246,0.0,0.0,1,1
9550,782905.0,627811.565790246,0.0,0.0,1,1
9551,782905.0,627811.565790246,0.0,0.0,1,1
9552,782905.0,627811.565790246,0.0,0.0,1,1
9553,782905.0,627811.565790246,0.0,0.0,1,1
9554,782905.0,627811.565790246,0.0,0.0,1,1
9555,782905.0,627811.565790246,0.0,0.0,1,1
9556,782893.0,627811.565790246,0.0,0.0,1,1
9557,782893.0,627811.565790246,0.0,0.0,1,1
9558,782893.0,627811.565790246,0.0,0.0,1,1
9559,782893.0,627811.565790246,0.0,0.0,1,1
9560,782893.0,627811.565790246,0.0,0.0,1,1
9561,782893.0,627811.565790246,0.0,0.0,1,1
9562,782893.0,627811.565790246,0.0,0.0,1,1
9563,782730.0,627811.565790246,0.0,0.0,1,1
9564,782730.0,627811.565790246,0.0,0.0,1,1
9565,782730.0,627811.565790246,0.0,0.0,1,1
9566,782730.0,627811.565790246,0.0,0.0,1,1
9567,782730.0,627811.565790246,0.0,0.0,1,1
9568,782730.0,627811.565790246,0.0,0.0,1,1
9569,782730.0,627811.565790246,0.0,0.0,1,1
9570,782730.0,627811.565790246,0.0,0.0,1,1
9571,782730.0,627811.565790246,0.0,0.0,1,1
9572,782730.0,627811.565790246,0.0,0.0,1,1
9573,782730.0,627811.565790246,0.0,0.0,1,1
9574,782730.0,627811.565790246,0.0,0.0,1,1
9575,782730.0,627811.565790246,0.0,0.0,1,1
9576,782730.0,627811.565790246,0.0,0.0,1,1
9577,782730.0,627811.565790246,0.0,0.0,1,1
9578,782745.5,627811.565790246,0.0,0.0,1,1
9579,782745.5,627811.565790246,0.0,0.0,1,1
9580,782745.5,627811.565790246,0.0,0.0,1,1
9581,782745.5,627811.565790246,0.0,0.0,1,1
9582,782745.5,627811.565790246,0.0,0.0,1,1
9583,782745.5,627811.565790246,0.0,0.0,1,1
9584,782745.5,627811.565790246,0.0,0.0,1,1
9585,782745.5,627811.565790246,0.0,0.0,1,1
9586,782745.5,627811.565790246,0.0,0.0,1,1
9587,782745.5,627811.565790246,0.0,0.0,1,1
9588,782745.5,627811.565790246,0.0,0.0,1,1
9589,782745.5,627811.565790246,0.0,0.0,1,1
9590,782745.5,627811.565790246,0.0,0.0,1,1
9591,782745.5,627811.565790246,0.0,0.0,1,1
9592,782745.5,627811.565790246,0.0,0.0,1,1
9593,782745.5,627811.565790246,0.0,0.0,1,1
9594,782745.5,627811.565790246,0.0,0.0,1,1
9595,782745.5,627811.565790246,0.0,0.0,1,1
9596,782745.5,627811.565790246,0.0,0.0,1,1
9597,782831.5,627811.565790246,0.0,0.0,1,1
9598,782831.5,627811.565790246,0.0,0.0,1,1
9599,782831.5,627811.565790246,0.0,0.0,1,1
9600,782831.5,627811.565790246,0.0,0.0,1,1
9601,782831.5,627811.565790246,0.0,0.0,1,1
9602,782831.5,627811.565790246,0.0,0.0,1,1
9603,782831.5,627811.565790246,0.0,0.0,1,1
9604,782831.5,627811.565790246,0.0,0.0,1,1
9605,782831.5,627811.565790246,0.0,0.0,1,1
9606,782831.5,627811.565790246,0.0,0.0,1,1
9607,782831.5,627811.565790246,0.0,0.0,1,1
9608,782831.5,627811.565790246,0.0,0.0,1,1
9609,782831.5,627811.565790246,0.0,0.0,1,1
9610,782831.5,627811.565790246,0.0,0.0,1,1
9611,782831.5,627811.565790246,0.0,0.0,1,1
9612,782831.5,627811.565790246,0.0,0.0,1,1
9613,782831.5,627811.565790246,0.0,0.0,1,1
9614,782831.5,627811.565790246,0.0,0.0,1,1
9615,782831.5,627811.565790246,0.0,0.0,1,1
9616,783038.5,627811.565790246,0.0,0.0,1,1
9617,783038.5,627811.565790246,0.0,0.0,1,1
9618,783038.5,627811.565790246,0.0,0.0,1,1
9619,783038.5,627811.565790246,0.0,0.0,1,1
9620,783382.5,627811.565790246,0.0,0.0,1,1
9621,783382.5,627811.565790246,0.0,0.0,1,1
9622,783382.5,627811.565790246,0.0,0.0,1,1
9623,783382.5,627811.565790246,0.0,0.0,1,1
9624,783382.5,627811.565790246,0.0,0.0,1,1
9625,783382.5,627811.565790246,0.0,0.0,1,1
9626,783382.5,627811.565790246,0.0,0.0,1,1
9627,783382.5,627811.565790246,0.0,0.0,1,1
9628,783382.5,627811.565790246,0.0,0.0,1,1
9629,783382.5,627811.565790246,0.0,0.0,1,1
9630,783382.5,627811.565790246,0.0,0.0,1,1
9631,783382.5,627811.565790246,0.0,0.0,1,1
9632,783382.5,627811.565790246,0.0,0.0,1,1
9633,783382.5,627811.565790246,0.0,0.0,1,1
9634,783382.5,627811.565790246,0.0,0.0,1,1
9635,783382.5,627811.565790246,0.0,0.0,1,1
9636,783382.5,627811.565790246,0.0,0.0,1,1
9637,783382.5,627811.565790246,0.0,0.0,1,1
9638,783382.5,627811.565790246,0.0,0.0,1,1
9639,783382.5,627811.565790246,0.0,0.0,1,1
9640,783382.5,627811.565790246,0.0,0.0,1,1
9641,783382.5,627811.565790246,0.0,0.0,1,1
9642,783382.5,627811.565790246,0.0,0.0,1,1
9643,783382.5,627811.565790246,0.0,0.0,1,1
9644,783382.5,627811.565790246,0.0,0.0,1,1
9645,783426.0,627811.565790246,0.0,0.0,1,1
9646,783426.0,627811.565790246,0.0,0.0,1,1
9647,783426.0,627811.565790246,0.0,0.0,1,1
9648,783426.0,627811.565790246,0.0,0.0,1,1
9649,783426.0,627811.565790246,0.0,0.0,1,1
9650,783426.0,627811.565790246,0.0,0.0,1,1
9651,783426.0,627811.565790246,0.0,0.0,1,1
9652,783426.0,627811.565790246,0.0,0.0,1,1
9653,783426.0,627811.565790246,0.0,0.0,1,1
9654,783426.0,627811.565790246,0.0,0.0,1,1
9655,783426.0,627811.565790246,0.0,0.0,1,1
9656,783426.0,627811.565790246,0.0,0.0,1,1
9657,783426.0,627811.565790246,0.0,0.0,1,1
9658,783426.0,627811.565790246,0.0,0.0,1,1
9659,783426.0,627811.565790246,0.0,0.0,1,1
9660,783426.0,627811.565790246,0.0,0.0,1,1
9661,783426.0,627811.565790246,0.0,0.0,1,1
9662,783426.0,627811.565790246,0.0,0.0,1,1
9663,783426.0,627811.565790246,0.0,0.0,1,1
9664,783426.0,627811.565790246,0.0,0.0,1,1
9665,783426.0,627811.565790246,0.0,0.0,1,1
9666,783384.0,627811.565790246,0.0,0.0,1,1
9667,783848.0,627811.565790246,0.0,0.0,1,1
9668,783848.0,627811.565790246,0.0,0.0,1,1
9669,783848.0,627811.565790246,0.0,0.0,1,1
9670,783848.0,627811.565790246,0.0,0.0,1,1
9671,783848.0,627811.565790246,0.0,0.0,1,1
9672,783848.0,627811.565790246,0.0,0.0,1,1
9673,783848.0,627811.565790246,0.0,0.0,1,1
9674,783848.0,627811.565790246,0.0,0.0,1,1
9675,783848.0,627811.565790246,0.0,0.0,1,1
9676,783848.0,627811.565790246,0.0,0.0,1,1
9677,783848.0,627811.565790246,0.0,0.0,1,1
9678,783848.0,627811.565790246,0.0,0.0,1,1
9679,783848.0,627811.565790246,0.0,0.0,1,1
9680,783848.0,627811.565790246,0.0,0.0,1,1
9681,784030.5,627811.565790246,0.0,0.0,1,1
9682,784030.5,627811.565790246,0.0,0.0,1,1
9683,784030.5,627811.565790246,0.0,0.0,1,1
9684,784084.5,627811.565790246,0.0,0.0,1,1
9685,784084.5,627811.565790246,0.0,0.0,1,1
9686,784084.5,627811.565790246,0.0,0.0,1,1
9687,783224.0,627811.565790246,0.0,0.0,1,1
9688,783224.0,627811.565790246,0.0,0.0,1,1
9689,783224.0,627811.565790246,0.0,0.0,1,1
9690,783224.0,627811.565790246,0.0,0.0,1,1
9691,783224.0,627811.565790246,0.0,0.0,1,1
9692,783224.0,627811.565790246,0.0,0.0,1,1
9693,783224.0,627811.565790246,0.0,0.0,1,1
9694,783224.0,627811.565790246,0.0,0.0,1,1
9695,783224.0,627811.565790246,0.0,0.0,1,1
9696,783224.0,627811.565790246,0.0,0.0,1,1
9697,783224.0,627811.565790246,0.0,0.0,1,1
9698,783224.0,627811.565790246,0.0,0.0,1,1
9699,783133.0,627811.565790246,0.0,0.0,1,1
9700,783133.0,627811.565790246,0.0,0.0,1,1
9701,783133.0,627811.565790246,0.0,0.0,1,1
9702,783133.0,627811.565790246,0.0,0.0,1,1
9703,783133.0,627811.565790246,0.0,0.0,1,1
9704,783133.0,627811.565790246,0.0,0.0,1,1
9705,783133.0,627811.565790246,0.0,0.0,1,1
9706,783133.0,627811.565790246,0.0,0.0,1,1
9707,783133.0,627811.565790246,0.0,0.0,1,1
9708,783133.0,627811.565790246,0.0,0.0,1,1
9709,783133.0,627811.565790246,0.0,0.0,1,1
9710,783133.0,627811.565790246,0.0,0.0,1,1
9711,783133.0,627811.565790246,0.0,0.0,1,1
9712,783133.0,627811.565790246,0.0,0.0,1,1
9713,783133.0,627811.565790246,0.0,0.0,1,1
9714,783133.0,627811.565790246,0.0,0.0,1,1
9715,783133.0,627811.565790246,0.0,0.0,1,1
9716,783133.0,627811.565790246,0.0,0.0,1,1
9717,783133.0,627811.565790246,0.0,0.0,1,1
9718,783133.0,627811.565790246,0.0,0.0,1,1
9719,783133.0,627811.565790246,0.0,0.0,1,1
9720,783133.0,627811.565790246,0.0,0.0,1,1
9721,783133.0,627811.565790246,0.0,0.0,1,1
9722,783133.0,627811.565790246,0.0,0.0,1,1
9723,783133.0,627811.565790246,0.0,0.0,1,1
9724,783133.0,627811.565790246,0.0,0.0,1,1
9725,783133.0,627811.565790246,0.0,0.0,1,1
9726,783133.0,627811.565790246,0.0,0.0,1,1
9727,783133.0,627811.565790246,0.0,0.0,1,1
9728,783133.0,627811.565790246,0.0,0.0,1,1
9729,783133.0,627811.565790246,0.0,0.0,1,1
9730,783133.0,627811.565790246,0.0,0.0,1,1
9731,783133.0,627811.565790246,0.0,0.0,1,1
9732,783133.0,627811.565790246,0.0,0.0,1,1
9733,783133.0,627811.565790246,0.0,0.0,1,1
9734,783133.0,627811.565790246,0.0,0.0,1,1
9735,783133.0,627811.565790246,0.0,0.0,1,1
9736,783133.0,627811.565790246,0.0,0.0,1,1
9737,783133.0,627811.565790246,0.0,0.0,1,1
9738,783133.0,627811.565790246,0.0,0.0,1,1
9739,783133.0,627811.565790246,0.0,0.0,1,1
9740,783133.0,627811.565790246,0.0,0.0,1,1
9741,783133.0,627811.565790246,0.0,0.0,1,1
9742,783133.0,627811.565790246,0.0,0.0,1,1
9743,783133.0,627811.565790246,0.0,0.0,1,1
9744,783133.0,627811.565790246,0.0,0.0,1,1
9745,783133.0,627811.565790246,0.0,0.0,1,1
9746,782960.0,627811.565790246,0.0,0.0,1,1
9747,782960.0,627811.565790246,0.0,0.0,1,1
9748,782960.0,627811.565790246,0.0,0.0,1,1
9749,782965.0,627811.565790246,0.0,0.0,1,1
9750,782965.0,627811.565790246,0.0,0.0,1,1
9751,782965.0,627811.565790246,0.0,0.0,1,1
9752,782965.0,627811.565790246,0.0,0.0,1,1
9753,782965.0,627811.565790246,0.0,0.0,1,1
9754,782965.0,627811.565790246,0.0,0.0,1,1
9755,782965.0,627811.565790246,0.0,0.0,1,1
9756,782965.0,627811.565790246,0.0,0.0,1,1
9757,782965.0,627811.565790246,0.0,0.0,1,1
9758,782965.0,627811.565790246,0.0,0.0,1,1
9759,782965.0,627811.565790246,0.0,0.0,1,1
9760,782965.0,627811.565790246,0.0,0.0,1,1
9761,782965.0,627811.565790246,0.0,0.0,1,1
9762,782956.0,627811.565790246,0.0,0.0,1,1
9763,782956.0,627811.565790246,0.0,0.0,1,1
9764,782956.0,627811.565790246,0.0,0.0,1,1
9765,782956.0,627811.565790246,0.0,0.0,1,1
9766,782956.0,627811.565790246,0.0,0.0,1,1
9767,782956.0,627811.565790246,0.0,0.0,1,1
9768,782956.0,627811.565790246,0.0,0.0,1,1
9769,782956.0,627811.565790246,0.0,0.0,1,1
9770,782956.0,627811.565790246,0.0,0.0,1,1
9771,782956.0,627811.565790246,0.0,0.0,1,1
9772,782956.0,627811.565790246,0.0,0.0,1,1
9773,782956.0,627811.565790246,0.0,0.0,1,1
9774,782956.0,627811.565790246,0.0,0.0,1,1
9775,782956.0,627811.565790246,0.0,0.0,1,1
9776,782956.0,627811.565790246,0.0,0.0,1,1
9777,782956.0,627811.565790246,0.0,0.0,1,1
9778,782956.0,627811.565790246,0.0,0.0,1,1
9779,782956.0,627811.565790246,0.0,0.0,1,1
9780,782956.0,627811.565790246,0.0,0.0,1,1
9781,782956.0,627811.565790246,0.0,0.0,1,1
9782,782956.0,627811.565790246,0.0,0.0,1,1
9783,782956.0,627811.565790246,0.0,0.0,1,1
9784,782956.0,627811.565790246,0.0,0.0,1,1
9785,782956.0,627811.565790246,0.0,0.0,1,1
9786,782956.0,627811.565790246,0.0,0.0,1,1
9787,782956.0,627811.565790246,0.0,0.0,1,1
9788,782956.0,627811.565790246,0.0,0.0,1,1
9789,782956.0,627811.565790246,0.0,0.0,1,1
9790,782956.0,627811.565790246,0.0,0.0,1,1
9791,782956.0,627811.565790246,0.0,0.0,1,1
9792,782956.0,627811.565790246,0.0,0.0,1,1
9793,782956.0,627811.565790246,0.0,0.0,1,1
9794,782956.0,627811.565790246,0.0,0.0,1,1
9795,782818.5,627811.565790246,0.0,0.0,1,1
9796,782818.5,627811.565790246,0.0,0.0,1,1
9797,782818.5,627811.565790246,0.0,0.0,1,1
9798,782818.5,627811.565790246,0.0,0.0,1,1
9799,782818.5,627811.565790246,0.0,0.0,1,1
9800,782818.5,627811.565790246,0.0,0.0,1,1
9801,782818.5,627811.565790246,0.0,0.0,1,1
9802,782818.5,627811.565790246,0.0,0.0,1,1
9803,782818.5,627811.565790246,0.0,0.0,1,1
9804,782818.5,627811.565790246,0.0,0.0,1,1
9805,782818.5,627811.565790246,0.0,0.0,1,1
9806,788978.5,627811.565790246,0.0,0.0,1,1
9807,788978.5,627811.565790246,0.0,0.0,1,1
9808,788978.5,627811.565790246,0.0,0.0,1,1
9809,788978.5,627811.565790246,0.0,0.0,1,1
9810,788978.5,627811.565790246,0.0,0.0,1,1
9811,788978.5,627811.565790246,0.0,0.0,1,1
9812,788978.5,627811.565790246,0.0,0.0,1,1
9813,788978.5,627811.565790246,0.0,0.0,1,1
9814,788978.5,627811.565790246,0.0,0.0,1,1
9815,788978.5,627811.565790246,0.0,0.0,1,1
9816,788978.5,627811.565790246,0.0,0.0,1,1
9817,788978.5,627811.565790246,0.0,0.0,1,1
9818,788978.5,627811.565790246,0.0,0.0,1,1
9819,788978.5,627811.565790246,0.0,0.0,1,1
9820,788978.5,627811.565790246,0.0,0.0,1,1
9821,788978.5,627811.565790246,0.0,0.0,1,1
9822,788978.5,627811.565790246,0.0,0.0,1,1
9823,788978.5,627811.565790246,0.0,0.0,1,1
9824,788978.5,627811.565790246,0.0,0.0,1,1
9825,788978.5,627811.565790246,0.0,0.0,1,1
9826,788978.5,627811.565790246,0.0,0.0,1,1
9827,788978.5,627811.565790246,0.0,0.0,1,1
9828,788978.5,627811.565790246,0.0,0.0,1,1
9829,788978.5,627811.565790246,0.0,0.0,1,1
9830,788978.5,627811.565790246,0.0,0.0,1,1
9831,789049.5,627811.565790246,0.0,0.0,1,1
9832,789049.5,627811.565790246,0.0,0.0,1,1
9833,789049.5,627811.565790246,0.0,0.0,1,1
9834,789049.5,627811.565790246,0.0,0.0,1,1
9835,789049.5,627811.565790246,0.0,0.0,1,1
9836,789049.5,627811.565790246,0.0,0.0,1,1
9837,789049.5,627811.565790246,0.0,0.0,1,1
9838,789049.5,627811.565790246,0.0,0.0,1,1
9839,789049.5,627811.565790246,0.0,0.0,1,1
9840,789049.5,627811.565790246,0.0,0.0,1,1
9841,789049.5,627811.565790246,0.0,0.0,1,1
9842,789002.5,627811.565790246,0.0,0.0,1,1
9843,789002.5,627811.565790246,0.0,0.0,1,1
9844,789002.5,627811.565790246,0.0,0.0,1,1
9845,789002.5,627811.565790246,0.0,0.0,1,1
9846,789002.5,627811.565790246,0.0,0.0,1,1
9847,789002.5,627811.565790246,0.0,0.0,1,1
9848,789002.5,627811.565790246,0.0,0.0,1,1
9849,789002.5,627811.565790246,0.0,0.0,1,1
9850,789002.5,627811.565790246,0.0,0.0,1,1
9851,788787.0,627811.565790246,0.0,0.0,1,1
9852,788787.0,627811.565790246,0.0,0.0,1,1
9853,788787.0,627811.565790246,0.0,0.0,1,1
9854,788787.0,627811.565790246,0.0,0.0,1,1
9855,788787.0,627811.565790246,0.0,0.0,1,1
9856,788787.0,627811.565790246,0.0,0.0,1,1
9857,788787.0,627811.565790246,0.0,0.0,1,1
9858,788787.0,627811.565790246,0.0,0.0,1,1
9859,788787.0,627811.565790246,0.0,0.0,1,1
9860,788787.0,627811.565790246,0.0,0.0,1,1
9861,788787.0,627811.565790246,0.0,0.0,1,1
9862,788787.0,627811.565790246,0.0,0.0,1,1
9863,788787.0,627811.565790246,0.0,0.0,1,1
9864,788787.0,627811.565790246,0.0,0.0,1,1
9865,788787.0,627811.565790246,0.0,0.0,1,1
9866,788787.0,627811.565790246,0.0,0.0,1,1
9867,788787.0,627811.565790246,0.0,0.0,1,1
9868,788787.0,627811.565790246,0.0,0.0,1,1
9869,788787.0,627811.565790246,0.0,0.0,1,1
9870,788787.0,627811.565790246,0.0,0.0,1,1
9871,788787.0,627811.565790246,0.0,0.0,1,1
9872,788787.0,627811.565790246,0.0,0.0,1,1
9873,788787.0,627811.565790246,0.0,0.0,1,1
9874,788787.0,627811.565790246,0.0,0.0,1,1
9875,788787.0,627811.565790246,0.0,0.0,1,1
9876,788787.0,627811.565790246,0.0,0.0,1,1
9877,788641.0,627811.565790246,0.0,0.0,1,1
9878,788641.0,627811.565790246,0.0,0.0,1,1
9879,788641.0,627811.565790246,0.0,0.0,1,1
9880,788461.5,627811.565790246,0.0,0.0,1,1
9881,788461.5,627811.565790246,0.0,0.0,1,1
9882,788461.5,627811.565790246,0.0,0.0,1,1
9883,789084.5,627811.565790246,0.0,0.0,1,1
9884,789084.5,627811.565790246,0.0,0.0,1,1
9885,789084.5,627811.565790246,0.0,0.0,1,1
9886,789084.5,627811.565790246,0.0,0.0,1,1
9887,789084.5,627811.565790246,0.0,0.0,1,1
9888,789084.5,627811.565790246,0.0,0.0,1,1
9889,789084.5,627811.565790246,0.0,0.0,1,1
9890,789160.5,627811.565790246,0.0,0.0,1,1
9891,789160.5,627811.565790246,0.0,0.0,1,1
9892,789160.5,627811.565790246,0.0,0.0,1,1
9893,789160.5,627811.565790246,0.0,0.0,1,1
9894,789160.5,627811.565790246,0.0,0.0,1,1
9895,789160.5,627811.565790246,0.0,0.0,1,1
9896,789160.5,627811.565790246,0.0,0.0,1,1
9897,789160.5,627811.565790246,0.0,0.0,1,1
9898,789160.5,627811.565790246,0.0,0.0,1,1
9899,789160.5,627811.565790246,0.0,0.0,1,1
9900,789160.5,627811.565790246,0.0,0.0,1,1
9901,789160.5,627811.565790246,0.0,0.0,1,1
9902,789160.5,627811.565790246,0.0,0.0,1,1
9903,789236.5,627811.565790246,0.0,0.0,1,1
9904,789236.5,627811.565790246,0.0,0.0,1,1
9905,789236.5,627811.565790246,0.0,0.0,1,1
9906,789236.5,627811.565790246,0.0,0.0,1,1
9907,789236.5,627811.565790246,0.0,0.0,1,1
9908,789236.5,627811.565790246,0.0,0.0,1,1
9909,787423.5,627811.565790246,0.0,0.0,1,1
9910,787423.5,627811.565790246,0.0,0.0,1,1
9911,788149.5,627811.565790246,0.0,0.0,1,1
9912,788149.5,627811.565790246,0.0,0.0,1,1
9913,788149.5,627811.565790246,0.0,0.0,1,1
9914,788149.5,627811.565790246,0.0,0.0,1,1
9915,788331.5,627811.565790246,0.0,0.0,1,1
9916,788331.5,627811.565790246,0.0,0.0,1,1
9917,788331.5,627811.565790246,0.0,0.0,1,1
9918,788331.5,627811.565790246,0.0,0.0,1,1
9919,788331.5,627811.565790246,0.0,0.0,1,1
9920,788331.5,627811.565790246,0.0,0.0,1,1
9921,788331.5,627811.565790246,0.0,0.0,1,1
9922,788331.5,627811.565790246,0.0,0.0,1,1
9923,788331.5,627811.565790246,0.0,0.0,1,1
9924,788331.5,627811.565790246,0.0,0.0,1,1
9925,788331.5,627811.565790246,0.0,0.0,1,1
9926,788371.5,627811.565790246,0.0,0.0,1,1
9927,788371.5,627811.565790246,0.0,0.0,1,1
9928,788371.5,627811.565790246,0.0,0.0,1,1
9929,788357.5,627811.565790246,0.0,0.0,1,1
9930,788357.5,627811.565790246,0.0,0.0,1,1
9931,788357.5,627811.565790246,0.0,0.0,1,1
9932,788357.5,627811.565790246,0.0,0.0,1,1
9933,788357.5,627811.565790246,0.0,0.0,1,1
9934,788357.5,627811.565790246,0.0,0.0,1,1
9935,788357.5,627811.565790246,0.0,0.0,1,1
9936,788357.5,627811.565790246,0.0,0.0,1,1
9937,788357.5,627811.565790246,0.0,0.0,1,1
9938,788357.5,627811.565790246,0.0,0.0,1,1
9939,788357.5,627811.565790246,0.0,0.0,1,1
9940,788357.5,627811.565790246,0.0,0.0,1,1
9941,788357.5,627811.565790246,0.0,0.0,1,1
9942,788357.5,627811.565790246,0.0,0.0,1,1
9943,788377.5,627811.565790246,0.0,0.0,1,1
9944,788377.5,627811.565790246,0.0,0.0,1,1
9945,789166.5,627811.565790246,0.0,0.0,1,1
9946,789166.5,627811.565790246,0.0,0.0,1,1
9947,788223.0,627811.565790246,0.0,0.0,1,1
9948,788223.0,627811.565790246,0.0,0.0,1,1
9949,788223.0,627811.565790246,0.0,0.0,1,1
9950,788223.0,627811.565790246,0.0,0.0,1,1
9951,788223.0,627811.565790246,0.0,0.0,1,1
9952,788223.0,627811.565790246,0.0,0.0,1,1
9953,788223.0,627811.565790246,0.0,0.0,1,1
9954,788223.0,627811.565790246,0.0,0.0,1,1
9955,788223.0,627811.565790246,0.0,0.0,1,1
9956,788223.0,627811.565790246,0.0,0.0,1,1
9957,788223.0,627811.565790246,0.0,0.0,1,1
9958,788223.0,627811.565790246,0.0,0.0,1,1
9959,788223.0,627811.565790246,0.0,0.0,1,1
9960,788223.0,627811.565790246,0.0,0.0,1,1
9961,788223.0,627811.565790246,0.0,0.0,1,1
9962,788223.0,627811.565790246,0.0,0.0,1,1
9963,788223.0,627811.565790246,0.0,0.0,1,1
9964,788223.0,627811.565790246,0.0,0.0,1,1
9965,788223.0,627811.565790246,0.0,0.0,1,1
9966,788223.0,627811.565790246,0.0,0.0,1,1
9967,787878.0,627811.565790246,0.0,0.0,1,1
9968,787878.0,627811.565790246,0.0,0.0,1,1
9969,787878.0,627811.565790246,0.0,0.0,1,1
9970,787878.0,627811.565790246,0.0,0.0,1,1
9971,787878.0,627811.565790246,0.0,0.0,1,1
9972,787878.0,627811.565790246,0.0,0.0,1,1
9973,787878.0,627811.565790246,0.0,0.0,1,1
9974,787878.0,627811.565790246,0.0,0.0,1,1
9975,787851.0,627811.565790246,0.0,0.0,1,1
9976,787851.0,627811.565790246,0.0,0.0,1,1
9977,787851.0,627811.565790246,0.0,0.0,1,1
9978,787851.0,627811.565790246,0.0,0.0,1,1
9979,787851.0,627811.565790246,0.0,0.0,1,1
9980,787851.0,627811.565790246,0.0,0.0,1,1
9981,787851.0,627811.565790246,0.0,0.0,1,1
9982,787851.0,627811.565790246,0.0,0.0,1,1
9983,788041.0,627811.565790246,0.0,0.0,1,1
9984,788041.0,627811.565790246,0.0,0.0,1,1
9985,788041.0,627811.565790246,0.0,0.0,1,1
9986,788041.0,627811.565790246,0.0,0.0,1,1
9987,788041.0,627811.565790246,0.0,0.0,1,1
9988,788041.0,627811.565790246,0.0,0.0,1,1
9989,787712.0,627811.565790246,0.0,0.0,1,1
9990,787712.0,627811.565790246,0.0,0.0,1,1
9991,787712.0,627811.565790246,0.0,0.0,1,1
9992,787712.0,627811.565790246,0.0,0.0,1,1
9993,787712.0,627811.565790246,0.0,0.0,1,1
9994,787712.0,627811.565790246,0.0,0.0,1,1
9995,787712.0,627811.565790246,0.0,0.0,1,1
9996,787712.0,627811.565790246,0.0,0.0,1,1
9997,787712.0,627811.565790246,0.0,0.0,1,1
9998,787712.0,627811.565790246,0.0,0.0,1,1
9999,787712.0,627811.565790246,0.0,0.0,1,1
10000,787712.0,627811.565790246,0.0,0.0,1,1
10001,787392.0,627811.565790246,0.0,0.0,1,1
10002,787392.0,627811.565790246,0.0,0.0,1,1
10003,787392.0,627811.565790246,0.0,0.0,1,1
10004,787392.0,627811.565790246,0.0,0.0,1,1
10005,787392.0,627811.565790246,0.0,0.0,1,1
10006,787392.0,627811.565790246,0.0,0.0,1,1
10007,787392.0,627811.565790246,0.0,0.0,1,1
10008,787392.0,627811.565790246,0.0,0.0,1,1
10009,787392.0,627811.565790246,0.0,0.0,1,1
10010,787520.0,627811.565790246,0.0,0.0,1,1
10011,787520.0,627811.565790246,0.0,0.0,1,1
10012,787520.0,627811.565790246,0.0,0.0,1,1
10013,786588.5,627811.565790246,0.0,0.0,1,1
10014,786588.5,627811.565790246,0.0,0.0,1,1
10015,786588.5,627811.565790246,0.0,0.0,1,1
10016,786588.5,627811.565790246,0.0,0.0,1,1
10017,786588.5,627811.565790246,0.0,0.0,1,1
10018,786588.5,627811.565790246,0.0,0.0,1,1
10019,786075.5,627811.565790246,0.0,0.0,1,1
10020,786072.0,627811.565790246,0.0,0.0,1,1
10021,786072.0,627811.565790246,0.0,0.0,1,1
10022,786072.0,627811.565790246,0.0,0.0,1,1
10023,786072.0,627811.565790246,0.0,0.0,1,1
10024,786072.0,627811.565790246,0.0,0.0,1,1
10025,786072.0,627811.565790246,0.0,0.0,1,1
10026,786072.0,627811.565790246,0.0,0.0,1,1
10027,786072.0,627811.565790246,0.0,0.0,1,1
10028,786072.0,627811.565790246,0.0,0.0,1,1
10029,786072.0,627811.565790246,0.0,0.0,1,1
10030,786072.0,627811.565790246,0.0,0.0,1,1
10031,784478.0,627811.565790246,0.0,0.0,1,1
10032,784478.0,627811.565790246,0.0,0.0,1,1
10033,784478.0,627811.565790246,0.0,0.0,1,1
10034,784478.0,627811.565790246,0.0,0.0,1,1
10035,784478.0,627811.565790246,0.0,0.0,1,1
10036,784478.0,627811.565790246,0.0,0.0,1,1
10037,784478.0,627811.565790246,0.0,0.0,1,1
10038,784478.0,627811.565790246,0.0,0.0,1,1
10039,784478.0,627811.565790246,0.0,0.0,1,1
10040,784478.0,627811.565790246,0.0,0.0,1,1
10041,784478.0,627811.565790246,0.0,0.0,1,1
10042,784478.0,627811.565790246,0.0,0.0,1,1
10043,784478.0,627811.565790246,0.0,0.0,1,1
10044,784478.0,627811.565790246,0.0,0.0,1,1
10045,784478.0,627811.565790246,0.0,0.0,1,1
10046,784478.0,627811.565790246,0.0,0.0,1,1
10047,784478.0,627811.565790246,0.0,0.0,1,1
10048,784478.0,627811.565790246,0.0,0.0,1,1
10049,787476.0,627811.565790246,0.0,0.0,1,1
10050,787476.0,627811.565790246,0.0,0.0,1,1
10051,787476.0,627811.565790246,0.0,0.0,1,1
10052,787476.0,627811.565790246,0.0,0.0,1,1
10053,787476.0,627811.565790246,0.0,0.0,1,1
10054,787476.0,627811.565790246,0.0,0.0,1,1
10055,788164.0,627811.565790246,0.0,0.0,1,1
10056,788164.0,627811.565790246,0.0,0.0,1,1
10057,788164.0,627811.565790246,0.0,0.0,1,1
10058,788164.0,627811.565790246,0.0,0.0,1,1
10059,788164.0,627811.565790246,0.0,0.0,1,1
10060,788164.0,627811.565790246,0.0,0.0,1,1
10061,788164.0,627811.565790246,0.0,0.0,1,1
10062,788164.0,627811.565790246,0.0,0.0,1,1
10063,788164.0,627811.565790246,0.0,0.0,1,1
10064,788164.0,627811.565790246,0.0,0.0,1,1
10065,788164.0,627811.565790246,0.0,0.0,1,1
10066,788164.0,627811.565790246,0.0,0.0,1,1
10067,788122.5,627811.565790246,0.0,0.0,1,1
10068,788122.5,627811.565790246,0.0,0.0,1,1
10069,788122.5,627811.565790246,0.0,0.0,1,1
10070,788122.5,627811.565790246,0.0,0.0,1,1
10071,788122.5,627811.565790246,0.0,0.0,1,1
10072,788122.5,627811.565790246,0.0,0.0,1,1
10073,788122.5,627811.565790246,0.0,0.0,1,1
10074,788122.5,627811.565790246,0.0,0.0,1,1
10075,788122.5,627811.565790246,0.0,0.0,1,1
10076,788122.5,627811.565790246,0.0,0.0,1,1
10077,788122.5,627811.565790246,0.0,0.0,1,1
10078,788122.5,627811.565790246,0.0,0.0,1,1
10079,788122.5,627811.565790246,0.0,0.0,1,1
10080,788122.5,627811.565790246,0.0,0.0,1,1
10081,788122.5,627811.565790246,0.0,0.0,1,1
10082,788122.5,627811.565790246,0.0,0.0,1,1
10083,788122.5,627811.565790246,0.0,0.0,1,1
10084,788122.5,627811.565790246,0.0,0.0,1,1
10085,788122.5,627811.565790246,0.0,0.0,1,1
10086,788122.5,627811.565790246,0.0,0.0,1,1
10087,788122.5,627811.565790246,0.0,0.0,1,1
10088,788122.5,627811.565790246,0.0,0.0,1,1
10089,788122.5,627811.565790246,0.0,0.0,1,1
10090,788122.5,627811.565790246,0.0,0.0,1,1
10091,789952.0,627811.565790246,0.0,0.0,1,1
10092,790068.0,627811.565790246,0.0,0.0,1,1
10093,789832.5,627811.565790246,0.0,0.0,1,1
10094,789832.5,627811.565790246,0.0,0.0,1,1
10095,789832.5,627811.565790246,0.0,0.0,1,1
10096,789832.5,627811.565790246,0.0,0.0,1,1
10097,789832.5,627811.565790246,0.0,0.0,1,1
10098,789832.5,627811.565790246,0.0,0.0,1,1
10099,789832.5,627811.565790246,0.0,0.0,1,1
10100,789832.5,627811.565790246,0.0,0.0,1,1
10101,789832.5,627811.565790246,0.0,0.0,1,1
10102,789832.5,627811.565790246,0.0,0.0,1,1
10103,789832.5,627811.565790246,0.0,0.0,1,1
10104,789832.5,627811.565790246,0.0,0.0,1,1
10105,789832.5,627811.565790246,0.0,0.0,1,1
10106,789832.5,627811.565790246,0.0,0.0,1,1
10107,789832.5,627811.565790246,0.0,0.0,1,1
10108,789897.0,627811.565790246,0.0,0.0,1,1
10109,789897.0,627811.565790246,0.0,0.0,1,1
10110,789897.0,627811.565790246,0.0,0.0,1,1
10111,789897.0,627811.565790246,0.0,0.0,1,1
10112,789897.0,627811.565790246,0.0,0.0,1,1
10113,791535.5,627811.565790246,0.0,0.0,1,1
10114,791535.5,627811.565790246,0.0,0.0,1,1
10115,791535.5,627811.565790246,0.0,0.0,1,1
10116,791033.0,627811.565790246,0.0,0.0,1,1
10117,791033.0,627811.565790246,0.0,0.0,1,1
10118,791033.0,627811.565790246,0.0,0.0,1,1
10119,791033.0,627811.565790246,0.0,0.0,1,1
10120,792082.5,627811.565790246,0.0,0.0,1,1
10121,792082.5,627811.565790246,0.0,0.0,1,1
10122,792082.5,627811.565790246,0.0,0.0,1,1
10123,792082.5,627811.565790246,0.0,0.0,1,1
10124,792082.5,627811.565790246,0.0,0.0,1,1
10125,792082.5,627811.565790246,0.0,0.0,1,1
10126,791920.0,627811.565790246,0.0,0.0,1,1
10127,791920.0,627811.565790246,0.0,0.0,1,1
10128,791920.0,627811.565790246,0.0,0.0,1,1
10129,791920.0,627811.565790246,0.0,0.0,1,1
10130,791920.0,627811.565790246,0.0,0.0,1,1
10131,791920.0,627811.565790246,0.0,0.0,1,1
10132,791920.0,627811.565790246,0.0,0.0,1,1
10133,791920.0,627811.565790246,0.0,0.0,1,1
10134,791920.0,627811.565790246,0.0,0.0,1,1
10135,791920.0,627811.565790246,0.0,0.0,1,1
10136,791920.0,627811.565790246,0.0,0.0,1,1
10137,791920.0,627811.565790246,0.0,0.0,1,1
10138,791920.0,627811.565790246,0.0,0.0,1,1
10139,791920.0,627811.565790246,0.0,0.0,1,1
10140,791920.0,627811.565790246,0.0,0.0,1,1
10141,791920.0,627811.565790246,0.0,0.0,1,1
10142,791920.0,627811.565790246,0.0,0.0,1,1
10143,791920.0,627811.565790246,0.0,0.0,1,1
10144,791878.0,627811.565790246,0.0,0.0,1,1
10145,791878.0,627811.565790246,0.0,0.0,1,1
10146,791878.0,627811.565790246,0.0,0.0,1,1
10147,791878.0,627811.565790246,0.0,0.0,1,1
10148,791878.0,627811.565790246,0.0,0.0,1,1
10149,791878.0,627811.565790246,0.0,0.0,1,1
10150,791878.0,627811.565790246,0.0,0.0,1,1
10151,791878.0,627811.565790246,0.0,0.0,1,1
10152,791878.0,627811.565790246,0.0,0.0,1,1
10153,791878.0,627811.565790246,0.0,0.0,1,1
10154,791878.0,627811.565790246,0.0,0.0,1,1
10155,791878.0,627811.565790246,0.0,0.0,1,1
10156,791878.0,627811.565790246,0.0,0.0,1,1
10157,791878.0,627811.565790246,0.0,0.0,1,1
10158,791878.0,627811.565790246,0.0,0.0,1,1
10159,791878.0,627811.565790246,0.0,0.0,1,1
10160,791878.0,627811.565790246,0.0,0.0,1,1
10161,791878.0,627811.565790246,0.0,0.0,1,1
10162,791878.0,627811.565790246,0.0,0.0,1,1
10163,791878.0,627811.565790246,0.0,0.0,1,1
10164,791878.0,627811.565790246,0.0,0.0,1,1
10165,791878.0,627811.565790246,0.0,0.0,1,1
10166,791878.0,627811.565790246,0.0,0.0,1,1
10167,791878.0,627811.565790246,0.0,0.0,1,1
10168,791872.0,627811.565790246,0.0,0.0,1,1
10169,791872.0,627811.565790246,0.0,0.0,1,1
10170,791872.0,627811.565790246,0.0,0.0,1,1
10171,791872.0,627811.565790246,0.0,0.0,1,1
10172,791872.0,627811.565790246,0.0,0.0,1,1
10173,791872.0,627811.565790246,0.0,0.0,1,1
10174,791872.0,627811.565790246,0.0,0.0,1,1
10175,791872.0,627811.565790246,0.0,0.0,1,1
10176,791872.0,627811.565790246,0.0,0.0,1,1
10177,791872.0,627811.565790246,0.0,0.0,1,1
10178,791872.0,627811.565790246,0.0,0.0,1,1
10179,791872.0,627811.565790246,0.0,0.0,1,1
10180,791872.0,627811.565790246,0.0,0.0,1,1
10181,791872.0,627811.565790246,0.0,0.0,1,1
10182,791872.0,627811.565790246,0.0,0.0,1,1
10183,791872.0,627811.565790246,0.0,0.0,1,1
10184,791872.0,627811.565790246,0.0,0.0,1,1
10185,791872.0,627811.565790246,0.0,0.0,1,1
10186,791872.0,627811.565790246,0.0,0.0,1,1
10187,791872.0,627811.565790246,0.0,0.0,1,1
10188,791872.0,627811.565790246,0.0,0.0,1,1
10189,791872.0,627811.565790246,0.0,0.0,1,1
10190,791872.0,627811.565790246,0.0,0.0,1,1
10191,791872.0,627811.565790246,0.0,0.0,1,1
10192,791872.0,627811.565790246,0.0,0.0,1,1
10193,791872.0,627811.565790246,0.0,0.0,1,1
10194,791872.0,627811.565790246,0.0,0.0,1,1
10195,791872.0,627811.565790246,0.0,0.0,1,1
10196,791872.0,627811.565790246,0.0,0.0,1,1
10197,791872.0,627811.565790246,0.0,0.0,1,1
10198,791872.0,627811.565790246,0.0,0.0,1,1
10199,791872.0,627811.565790246,0.0,0.0,1,1
10200,791872.0,627811.565790246,0.0,0.0,1,1
10201,791872.0,627811.565790246,0.0,0.0,1,1
10202,791872.0,627811.565790246,0.0,0.0,1,1
10203,791872.0,627811.565790246,0.0,0.0,1,1
10204,791872.0,627811.565790246,0.0,0.0,1,1
10205,791872.0,627811.565790246,0.0,0.0,1,1
10206,791872.0,627811.565790246,0.0,0.0,1,1
10207,791872.0,627811.565790246,0.0,0.0,1,1
10208,791872.0,627811.565790246,0.0,0.0,1,1
10209,791872.0,627811.565790246,0.0,0.0,1,1
10210,792187.5,627811.565790246,0.0,0.0,1,1
10211,792187.5,627811.565790246,0.0,0.0,1,1
10212,792187.5,627811.565790246,0.0,0.0,1,1
10213,790454.5,627811.565790246,0.0,0.0,1,1
10214,790454.5,627811.565790246,0.0,0.0,1,1
10215,790454.5,627811.565790246,0.0,0.0,1,1
10216,790454.5,627811.565790246,0.0,0.0,1,1
10217,790454.5,627811.565790246,0.0,0.0,1,1
10218,790454.5,627811.565790246,0.0,0.0,1,1
10219,790454.5,627811.565790246,0.0,0.0,1,1
10220,790454.5,627811.565790246,0.0,0.0,1,1
10221,790454.5,627811.565790246,0.0,0.0,1,1
10222,790454.5,627811.565790246,0.0,0.0,1,1
10223,790454.5,627811.565790246,0.0,0.0,1,1
10224,790454.5,627811.565790246,0.0,0.0,1,1
10225,790454.5,627811.565790246,0.0,0.0,1,1
10226,790454.5,627811.565790246,0.0,0.0,1,1
10227,790454.5,627811.565790246,0.0,0.0,1,1
10228,790454.5,627811.565790246,0.0,0.0,1,1
10229,790454.5,627811.565790246,0.0,0.0,1,1
10230,790454.5,627811.565790246,0.0,0.0,1,1
10231,790454.5,627811.565790246,0.0,0.0,1,1
10232,790454.5,627811.565790246,0.0,0.0,1,1
10233,790454.5,627811.565790246,0.0,0.0,1,1
10234,790454.5,627811.565790246,0.0,0.0,1,1
10235,790454.5,627811.565790246,0.0,0.0,1,1
10236,790454.5,627811.565790246,0.0,0.0,1,1
10237,790325.5,627811.565790246,0.0,0.0,1,1
10238,790325.5,627811.565790246,0.0,0.0,1,1
10239,790325.5,627811.565790246,0.0,0.0,1,1
10240,790325.5,627811.565790246,0.0,0.0,1,1
10241,790325.5,627811.565790246,0.0,0.0,1,1
10242,790325.5,627811.565790246,0.0,0.0,1,1
10243,790325.5,627811.565790246,0.0,0.0,1,1
10244,790325.5,627811.565790246,0.0,0.0,1,1
10245,790325.5,627811.565790246,0.0,0.0,1,1
10246,790420.5,627811.565790246,0.0,0.0,1,1
10247,790420.5,627811.565790246,0.0,0.0,1,1
10248,790420.5,627811.565790246,0.0,0.0,1,1
10249,790420.5,627811.565790246,0.0,0.0,1,1
10250,790420.5,627811.565790246,0.0,0.0,1,1
10251,787886.0,627811.565790246,0.0,0.0,1,1
10252,787886.0,627811.565790246,0.0,0.0,1,1
10253,787886.0,627811.565790246,0.0,0.0,1,1
10254,787886.0,627811.565790246,0.0,0.0,1,1
10255,787886.0,627811.565790246,0.0,0.0,1,1
10256,787886.0,627811.565790246,0.0,0.0,1,1
10257,788319.5,627811.565790246,0.0,0.0,1,1
10258,788319.5,627811.565790246,0.0,0.0,1,1
10259,788303.5,627811.565790246,0.0,0.0,1,1
10260,788303.5,627811.565790246,0.0,0.0,1,1
10261,788303.5,627811.565790246,0.0,0.0,1,1
10262,788303.5,627811.565790246,0.0,0.0,1,1
10263,788303.5,627811.565790246,0.0,0.0,1,1
10264,788303.5,627811.565790246,0.0,0.0,1,1
10265,788303.5,627811.565790246,0.0,0.0,1,1
10266,788303.5,627811.565790246,0.0,0.0,1,1
10267,788303.5,627811.565790246,0.0,0.0,1,1
10268,788303.5,627811.565790246,0.0,0.0,1,1
10269,788303.5,627811.565790246,0.0,0.0,1,1
10270,788303.5,627811.565790246,0.0,0.0,1,1
10271,788303.5,627811.565790246,0.0,0.0,1,1
10272,788303.5,627811.565790246,0.0,0.0,1,1
10273,788303.5,627811.565790246,0.0,0.0,1,1
10274,788303.5,627811.565790246,0.0,0.0,1,1
10275,788303.5,627811.565790246,0.0,0.0,1,1
10276,788303.5,627811.565790246,0.0,0.0,1,1
10277,788303.5,627811.565790246,0.0,0.0,1,1
10278,788303.5,627811.565790246,0.0,0.0,1,1
10279,787910.5,627811.565790246,0.0,0.0,1,1
10280,787910.5,627811.565790246,0.0,0.0,1,1
10281,787910.5,627811.565790246,0.0,0.0,1,1
10282,787910.5,627811.565790246,0.0,0.0,1,1
10283,787553.0,627811.565790246,0.0,0.0,1,1
10284,787571.0,627811.565790246,0.0,0.0,1,1
10285,787571.0,627811.565790246,0.0,0.0,1,1
10286,787571.0,627811.565790246,0.0,0.0,1,1
10287,787571.0,627811.565790246,0.0,0.0,1,1
10288,787571.0,627811.565790246,0.0,0.0,1,1
10289,787571.0,627811.565790246,0.0,0.0,1,1
10290,787571.0,627811.565790246,0.0,0.0,1,1
10291,787571.0,627811.565790246,0.0,0.0,1,1
10292,787571.0,627811.565790246,0.0,0.0,1,1
10293,787571.0,627811.565790246,0.0,0.0,1,1
10294,787571.0,627811.565790246,0.0,0.0,1,1
10295,787571.0,627811.565790246,0.0,0.0,1,1
10296,787571.0,627811.565790246,0.0,0.0,1,1
10297,787571.0,627811.565790246,0.0,0.0,1,1
10298,787571.0,627811.565790246,0.0,0.0,1,1
10299,787571.0,627811.565790246,0.0,0.0,1,1
10300,787571.0,627811.565790246,0.0,0.0,1,1
10301,787571.0,627811.565790246,0.0,0.0,1,1
10302,787884.5,627811.565790246,0.0,0.0,1,1
10303,787884.5,627811.565790246,0.0,0.0,1,1
10304,787884.5,627811.565790246,0.0,0.0,1,1
10305,787884.5,627811.565790246,0.0,0.0,1,1
10306,787884.5,627811.565790246,0.0,0.0,1,1
10307,787884.5,627811.565790246,0.0,0.0,1,1
10308,787884.5,627811.565790246,0.0,0.0,1,1
10309,787884.5,627811.565790246,0.0,0.0,1,1
10310,787935.5,627811.565790246,0.0,0.0,1,1
10311,787935.5,627811.565790246,0.0,0.0,1,1
10312,787935.5,627811.565790246,0.0,0.0,1,1
10313,787935.5,627811.565790246,0.0,0.0,1,1
10314,787935.5,627811.565790246,0.0,0.0,1,1
10315,787935.5,627811.565790246,0.0,0.0,1,1
10316,787935.5,627811.565790246,0.0,0.0,1,1
10317,787935.5,627811.565790246,0.0,0.0,1,1
10318,790241.0,627811.565790246,0.0,0.0,1,1
10319,790241.0,627811.565790246,0.0,0.0,1,1
10320,787270.5,627811.565790246,0.0,0.0,1,1
10321,787270.5,627811.565790246,0.0,0.0,1,1
10322,787270.5,627811.565790246,0.0,0.0,1,1
10323,787270.5,627811.565790246,0.0,0.0,1,1
10324,787270.5,627811.565790246,0.0,0.0,1,1
10325,787270.5,627811.565790246,0.0,0.0,1,1
10326,787270.5,627811.565790246,0.0,0.0,1,1
10327,787270.5,627811.565790246,0.0,0.0,1,1
10328,787270.5,627811.565790246,0.0,0.0,1,1
10329,787270.5,627811.565790246,0.0,0.0,1,1
10330,787270.5,627811.565790246,0.0,0.0,1,1
10331,787270.5,627811.565790246,0.0,0.0,1,1
10332,786792.0,627811.565790246,0.0,0.0,1,1
10333,786792.0,627811.565790246,0.0,0.0,1,1
10334,786792.0,627811.565790246,0.0,0.0,1,1
10335,786792.0,627811.565790246,0.0,0.0,1,1
10336,786792.0,627811.565790246,0.0,0.0,1,1
10337,786692.0,627811.565790246,0.0,0.0,1,1
10338,786692.0,627811.565790246,0.0,0.0,1,1
10339,786692.0,627811.565790246,0.0,0.0,1,1
10340,786692.0,627811.565790246,0.0,0.0,1,1
10341,786692.0,627811.565790246,0.0,0.0,1,1
10342,786692.0,627811.565790246,0.0,0.0,1,1
10343,786692.0,627811.565790246,0.0,0.0,1,1
10344,786692.0,627811.565790246,0.0,0.0,1,1
10345,787869.5,627811.565790246,0.0,0.0,1,1
10346,793620.0,627811.565790246,0.0,0.0,1,1
10347,793506.0,627811.565790246,0.0,0.0,1,1
10348,793506.0,627811.565790246,0.0,0.0,1,1
10349,793506.0,627811.565790246,0.0,0.0,1,1
10350,793506.0,627811.565790246,0.0,0.0,1,1
10351,793506.0,627811.565790246,0.0,0.0,1,1
10352,793506.0,627811.565790246,0.0,0.0,1,1
10353,793506.0,627811.565790246,0.0,0.0,1,1
10354,793506.0,627811.565790246,0.0,0.0,1,1
10355,793506.0,627811.565790246,0.0,0.0,1,1
10356,793506.0,627811.565790246,0.0,0.0,1,1
10357,793506.0,627811.565790246,0.0,0.0,1,1
10358,793506.0,627811.565790246,0.0,0.0,1,1
10359,793506.0,627811.565790246,0.0,0.0,1,1
10360,793506.0,627811.565790246,0.0,0.0,1,1
10361,793506.0,627811.565790246,0.0,0.0,1,1
10362,793506.0,627811.565790246,0.0,0.0,1,1
10363,793506.0,627811.565790246,0.0,0.0,1,1
10364,793506.0,627811.565790246,0.0,0.0,1,1
10365,793506.0,627811.565790246,0.0,0.0,1,1
10366,793506.0,627811.565790246,0.0,0.0,1,1
10367,793506.0,627811.565790246,0.0,0.0,1,1
10368,793506.0,627811.565790246,0.0,0.0,1,1
10369,793506.0,627811.565790246,0.0,0.0,1,1
10370,793506.0,627811.565790246,0.0,0.0,1,1
10371,793506.0,627811.565790246,0.0,0.0,1,1
10372,793506.0,627811.565790246,0.0,0.0,1,1
10373,792715.5,627811.565790246,0.0,0.0,1,1
10374,792715.5,627811.565790246,0.0,0.0,1,1
10375,792715.5,627811.565790246,0.0,0.0,1,1
10376,790041.0,627811.565790246,0.0,0.0,1,1
10377,790041.0,627811.565790246,0.0,0.0,1,1
10378,790041.0,627811.565790246,0.0,0.0,1,1
10379,790041.0,627811.565790246,0.0,0.0,1,1
10380,790041.0,627811.565790246,0.0,0.0,1,1
10381,790041.0,627811.565790246,0.0,0.0,1,1
10382,790041.0,627811.565790246,0.0,0.0,1,1
10383,790041.0,627811.565790246,0.0,0.0,1,1
10384,790041.0,627811.565790246,0.0,0.0,1,1
10385,790041.0,627811.565790246,0.0,0.0,1,1
10386,790041.0,627811.565790246,0.0,0.0,1,1
10387,790041.0,627811.565790246,0.0,0.0,1,1
10388,790041.0,627811.565790246,0.0,0.0,1,1
10389,790041.0,627811.565790246,0.0,0.0,1,1
10390,790005.0,627811.565790246,0.0,0.0,1,1
10391,790005.0,627811.565790246,0.0,0.0,1,1
10392,790005.0,627811.565790246,0.0,0.0,1,1
10393,790005.0,627811.565790246,0.0,0.0,1,1
10394,790005.0,627811.565790246,0.0,0.0,1,1
10395,790005.0,627811.565790246,0.0,0.0,1,1
10396,790005.0,627811.565790246,0.0,0.0,1,1
10397,790005.0,627811.565790246,0.0,0.0,1,1
10398,790005.0,627811.565790246,0.0,0.0,1,1
10399,789352.0,627811.565790246,0.0,0.0,1,1
10400,789352.0,627811.565790246,0.0,0.0,1,1
10401,789352.0,627811.565790246,0.0,0.0,1,1
10402,789352.0,627811.565790246,0.0,0.0,1,1
10403,789352.0,627811.565790246,0.0,0.0,1,1
10404,789352.0,627811.565790246,0.0,0.0,1,1
10405,789352.0,627811.565790246,0.0,0.0,1,1
10406,789352.0,627811.565790246,0.0,0.0,1,1
10407,789352.0,627811.565790246,0.0,0.0,1,1
10408,789327.5,627811.565790246,0.0,0.0,1,1
10409,789327.5,627811.565790246,0.0,0.0,1,1
10410,789327.5,627811.565790246,0.0,0.0,1,1
10411,789327.5,627811.565790246,0.0,0.0,1,1
10412,789327.5,627811.565790246,0.0,0.0,1,1
10413,789327.5,627811.565790246,0.0,0.0,1,1
10414,789327.5,627811.565790246,0.0,0.0,1,1
10415,789327.5,627811.565790246,0.0,0.0,1,1
10416,789327.5,627811.565790246,0.0,0.0,1,1
10417,789327.5,627811.565790246,0.0,0.0,1,1
10418,789327.5,627811.565790246,0.0,0.0,1,1
10419,789327.5,627811.565790246,0.0,0.0,1,1
10420,789327.5,627811.565790246,0.0,0.0,1,1
10421,789327.5,627811.565790246,0.0,0.0,1,1
10422,789327.5,627811.565790246,0.0,0.0,1,1
10423,789327.5,627811.565790246,0.0,0.0,1,1
10424,789327.5,627811.565790246,0.0,0.0,1,1
10425,789327.5,627811.565790246,0.0,0.0,1,1
10426,789327.5,627811.565790246,0.0,0.0,1,1
10427,789327.5,627811.565790246,0.0,0.0,1,1
10428,789327.5,627811.565790246,0.0,0.0,1,1
10429,789327.5,627811.565790246,0.0,0.0,1,1
10430,789327.5,627811.565790246,0.0,0.0,1,1
10431,789327.5,627811.565790246,0.0,0.0,1,1
10432,789327.5,627811.565790246,0.0,0.0,1,1
10433,789327.5,627811.565790246,0.0,0.0,1,1
10434,789327.5,627811.565790246,0.0,0.0,1,1
10435,789327.5,627811.565790246,0.0,0.0,1,1
10436,789327.5,627811.565790246,0.0,0.0,1,1
10437,789327.5,627811.565790246,0.0,0.0,1,1
10438,789327.5,627811.565790246,0.0,0.0,1,1
10439,788487.5,627811.565790246,0.0,0.0,1,1
10440,788487.5,627811.565790246,0.0,0.0,1,1
10441,788487.5,627811.565790246,0.0,0.0,1,1
10442,788487.5,627811.565790246,0.0,0.0,1,1
10443,788487.5,627811.565790246,0.0,0.0,1,1
10444,788487.5,627811.565790246,0.0,0.0,1,1
10445,788487.5,627811.565790246,0.0,0.0,1,1
10446,788487.5,627811.565790246,0.0,0.0,1,1
10447,788487.5,627811.565790246,0.0,0.0,1,1
10448,788487.5,627811.565790246,0.0,0.0,1,1
10449,788487.5,627811.565790246,0.0,0.0,1,1
10450,788487.5,627811.565790246,0.0,0.0,1,1
10451,788487.5,627811.565790246,0.0,0.0,1,1
10452,788487.5,627811.565790246,0.0,0.0,1,1
10453,788487.5,627811.565790246,0.0,0.0,1,1
10454,788487.5,627811.565790246,0.0,0.0,1,1
10455,788487.5,627811.565790246,0.0,0.0,1,1
10456,788487.5,627811.565790246,0.0,0.0,1,1
10457,788487.5,627811.565790246,0.0,0.0,1,1
10458,788487.5,627811.565790246,0.0,0.0,1,1
10459,788481.5,627811.565790246,0.0,0.0,1,1
10460,788481.5,627811.565790246,0.0,0.0,1,1
10461,788481.5,627811.565790246,0.0,0.0,1,1
10462,788481.5,627811.565790246,0.0,0.0,1,1
10463,788481.5,627811.565790246,0.0,0.0,1,1
10464,788481.5,627811.565790246,0.0,0.0,1,1
10465,788481.5,627811.565790246,0.0,0.0,1,1
10466,788481.5,627811.565790246,0.0,0.0,1,1
10467,788481.5,627811.565790246,0.0,0.0,1,1
10468,788276.0,627811.565790246,0.0,0.0,1,1
10469,788276.0,627811.565790246,0.0,0.0,1,1
10470,788276.0,627811.565790246,0.0,0.0,1,1
10471,788276.0,627811.565790246,0.0,0.0,1,1
10472,788276.0,627811.565790246,0.0,0.0,1,1
10473,788276.0,627811.565790246,0.0,0.0,1,1
10474,788276.0,627811.565790246,0.0,0.0,1,1
10475,788276.0,627811.565790246,0.0,0.0,1,1
10476,788276.0,627811.565790246,0.0,0.0,1,1
10477,788276.0,627811.565790246,0.0,0.0,1,1
10478,788276.0,627811.565790246,0.0,0.0,1,1
10479,788276.0,627811.565790246,0.0,0.0,1,1
10480,788276.0,627811.565790246,0.0,0.0,1,1
10481,788276.0,627811.565790246,0.0,0.0,1,1
10482,788276.0,627811.565790246,0.0,0.0,1,1
10483,788276.0,627811.565790246,0.0,0.0,1,1
10484,788276.0,627811.565790246,0.0,0.0,1,1
10485,788276.0,627811.565790246,0.0,0.0,1,1
10486,788276.0,627811.565790246,0.0,0.0,1,1
10487,788276.0,627811.565790246,0.0,0.0,1,1
10488,788276.0,627811.565790246,0.0,0.0,1,1
10489,788276.0,627811.565790246,0.0,0.0,1,1
10490,788276.0,627811.565790246,0.0,0.0,1,1
10491,788276.0,627811.565790246,0.0,0.0,1,1
10492,788276.0,627811.565790246,0.0,0.0,1,1
10493,788276.0,627811.565790246,0.0,0.0,1,1
10494,788276.0,627811.565790246,0.0,0.0,1,1
10495,788276.0,627811.565790246,0.0,0.0,1,1
10496,788276.0,627811.565790246,0.0,0.0,1,1
10497,788276.0,627811.565790246,0.0,0.0,1,1
10498,788276.0,627811.565790246,0.0,0.0,1,1
10499,788276.0,627811.565790246,0.0,0.0,1,1
10500,788276.0,627811.565790246,0.0,0.0,1,1
10501,788276.0,627811.565790246,0.0,0.0,1,1
10502,788276.0,627811.565790246,0.0,0.0,1,1
10503,788276.0,627811.565790246,0.0,0.0,1,1
10504,788276.0,627811.565790246,0.0,0.0,1,1
10505,788276.0,627811.565790246,0.0,0.0,1,1
10506,788276.0,627811.565790246,0.0,0.0,1,1
10507,788276.0,627811.565790246,0.0,0.0,1,1
10508,788276.0,627811.565790246,0.0,0.0,1,1
10509,788276.0,627811.565790246,0.0,0.0,1,1
10510,788276.0,627811.565790246,0.0,0.0,1,1
10511,788276.0,627811.565790246,0.0,0.0,1,1
10512,788276.0,627811.565790246,0.0,0.0,1,1
10513,788276.0,627811.565790246,0.0,0.0,1,1
10514,788276.0,627811.565790246,0.0,0.0,1,1
10515,788276.0,627811.565790246,0.0,0.0,1,1
10516,788276.0,627811.565790246,0.0,0.0,1,1
10517,788276.0,627811.565790246,0.0,0.0,1,1
10518,788276.0,627811.565790246,0.0,0.0,1,1
10519,788276.0,627811.565790246,0.0,0.0,1,1
10520,788276.0,627811.565790246,0.0,0.0,1,1
10521,788276.0,627811.565790246,0.0,0.0,1,1
10522,788764.5,627811.565790246,0.0,0.0,1,1
10523,788764.5,627811.565790246,0.0,0.0,1,1
10524,788764.5,627811.565790246,0.0,0.0,1,1
10525,788764.5,627811.565790246,0.0,0.0,1,1
10526,788764.5,627811.565790246,0.0,0.0,1,1
10527,788764.5,627811.565790246,0.0,0.0,1,1
10528,788764.5,627811.565790246,0.0,0.0,1,1
10529,788764.5,627811.565790246,0.0,0.0,1,1
10530,788764.5,627811.565790246,0.0,0.0,1,1
10531,788764.5,627811.565790246,0.0,0.0,1,1
10532,788764.5,627811.565790246,0.0,0.0,1,1
10533,788764.5,627811.565790246,0.0,0.0,1,1
10534,788764.5,627811.565790246,0.0,0.0,1,1
10535,788764.5,627811.565790246,0.0,0.0,1,1
10536,788764.5,627811.565790246,0.0,0.0,1,1
10537,788764.5,627811.565790246,0.0,0.0,1,1
10538,788787.0,627811.565790246,0.0,0.0,1,1
10539,788787.0,627811.565790246,0.0,0.0,1,1
10540,788787.0,627811.565790246,0.0,0.0,1,1
10541,788787.0,627811.565790246,0.0,0.0,1,1
10542,788787.0,627811.565790246,0.0,0.0,1,1
10543,788787.0,627811.565790246,0.0,0.0,1,1
10544,788787.0,627811.565790246,0.0,0.0,1,1
10545,788722.5,627811.565790246,0.0,0.0,1,1
10546,788722.5,627811.565790246,0.0,0.0,1,1
10547,788722.5,627811.565790246,0.0,0.0,1,1
10548,788722.5,627811.565790246,0.0,0.0,1,1
10549,788722.5,627811.565790246,0.0,0.0,1,1
10550,788722.5,627811.565790246,0.0,0.0,1,1
10551,788722.5,627811.565790246,0.0,0.0,1,1
10552,788722.5,627811.565790246,0.0,0.0,1,1
10553,788722.5,627811.565790246,0.0,0.0,1,1
10554,788722.5,627811.565790246,0.0,0.0,1,1
10555,788722.5,627811.565790246,0.0,0.0,1,1
10556,788722.5,627811.565790246,0.0,0.0,1,1
10557,788722.5,627811.565790246,0.0,0.0,1,1
10558,788722.5,627811.565790246,0.0,0.0,1,1
10559,788722.5,627811.565790246,0.0,0.0,1,1
10560,788722.5,627811.565790246,0.0,0.0,1,1
10561,788722.5,627811.565790246,0.0,0.0,1,1
10562,788722.5,627811.565790246,0.0,0.0,1,1
10563,788722.5,627811.565790246,0.0,0.0,1,1
10564,788722.5,627811.565790246,0.0,0.0,1,1
10565,788722.5,627811.565790246,0.0,0.0,1,1
10566,788722.5,627811.565790246,0.0,0.0,1,1
10567,788581.0,627811.565790246,0.0,0.0,1,1
10568,788581.0,627811.565790246,0.0,0.0,1,1
10569,788581.0,627811.565790246,0.0,0.0,1,1
10570,788581.0,627811.565790246,0.0,0.0,1,1
10571,788581.0,627811.565790246,0.0,0.0,1,1
10572,788581.0,627811.565790246,0.0,0.0,1,1
10573,788581.0,627811.565790246,0.0,0.0,1,1
10574,788581.0,627811.565790246,0.0,0.0,1,1
10575,788581.0,627811.565790246,0.0,0.0,1,1
10576,788581.0,627811.565790246,0.0,0.0,1,1
10577,788581.0,627811.565790246,0.0,0.0,1,1
10578,788581.0,627811.565790246,0.0,0.0,1,1
10579,788581.0,627811.565790246,0.0,0.0,1,1
10580,788581.0,627811.565790246,0.0,0.0,1,1
10581,788581.0,627811.565790246,0.0,0.0,1,1
10582,788581.0,627811.565790246,0.0,0.0,1,1
10583,788581.0,627811.565790246,0.0,0.0,1,1
10584,788581.0,627811.565790246,0.0,0.0,1,1
10585,788581.0,627811.565790246,0.0,0.0,1,1
10586,788581.0,627811.565790246,0.0,0.0,1,1
10587,788581.0,627811.565790246,0.0,0.0,1,1
10588,788581.0,627811.565790246,0.0,0.0,1,1
10589,788581.0,627811.565790246,0.0,0.0,1,1
10590,788581.0,627811.565790246,0.0,0.0,1,1
10591,788581.0,627811.565790246,0.0,0.0,1,1
10592,788581.0,627811.565790246,0.0,0.0,1,1
10593,788581.0,627811.565790246,0.0,0.0,1,1
10594,788581.0,627811.565790246,0.0,0.0,1,1
10595,790093.5,627811.565790246,0.0,0.0,1,1
10596,790093.5,627811.565790246,0.0,0.0,1,1
10597,790093.5,627811.565790246,0.0,0.0,1,1
10598,790093.5,627811.565790246,0.0,0.0,1,1
10599,790166.5,627811.565790246,0.0,0.0,1,1
10600,790166.5,627811.565790246,0.0,0.0,1,1
10601,790166.5,627811.565790246,0.0,0.0,1,1
10602,790166.5,627811.565790246,0.0,0.0,1,1
10603,790166.5,627811.565790246,0.0,0.0,1,1
10604,790166.5,627811.565790246,0.0,0.0,1,1
10605,790166.5,627811.565790246,0.0,0.0,1,1
10606,790166.5,627811.565790246,0.0,0.0,1,1
10607,790166.5,627811.565790246,0.0,0.0,1,1
10608,790166.5,627811.565790246,0.0,0.0,1,1
10609,790166.5,627811.565790246,0.0,0.0,1,1
10610,790166.5,627811.565790246,0.0,0.0,1,1
10611,790166.5,627811.565790246,0.0,0.0,1,1
10612,790166.5,627811.565790246,0.0,0.0,1,1
10613,790166.5,627811.565790246,0.0,0.0,1,1
10614,790166.5,627811.565790246,0.0,0.0,1,1
10615,790166.5,627811.565790246,0.0,0.0,1,1
10616,790166.5,627811.565790246,0.0,0.0,1,1
10617,790166.5,627811.565790246,0.0,0.0,1,1
10618,790166.5,627811.565790246,0.0,0.0,1,1
10619,790166.5,627811.565790246,0.0,0.0,1,1
10620,790166.5,627811.565790246,0.0,0.0,1,1
10621,790166.5,627811.565790246,0.0,0.0,1,1
10622,790166.5,627811.565790246,0.0,0.0,1,1
10623,790166.5,627811.565790246,0.0,0.0,1,1
10624,790166.5,627811.565790246,0.0,0.0,1,1
10625,790166.5,627811.565790246,0.0,0.0,1,1
10626,790166.5,627811.565790246,0.0,0.0,1,1
10627,790166.5,627811.565790246,0.0,0.0,1,1
10628,790146.5,627811.565790246,0.0,0.0,1,1
10629,790146.5,627811.565790246,0.0,0.0,1,1
10630,790146.5,627811.565790246,0.0,0.0,1,1
10631,790146.5,627811.565790246,0.0,0.0,1,1
10632,790146.5,627811.565790246,0.0,0.0,1,1
10633,790146.5,627811.565790246,0.0,0.0,1,1
10634,790146.5,627811.565790246,0.0,0.0,1,1
10635,790146.5,627811.565790246,0.0,0.0,1,1
10636,790146.5,627811.565790246,0.0,0.0,1,1
10637,790146.5,627811.565790246,0.0,0.0,1,1
10638,790146.5,627811.565790246,0.0,0.0,1,1
10639,790146.5,627811.565790246,0.0,0.0,1,1
10640,790146.5,627811.565790246,0.0,0.0,1,1
10641,790146.5,627811.565790246,0.0,0.0,1,1
10642,790146.5,627811.565790246,0.0,0.0,1,1
10643,790146.5,627811.565790246,0.0,0.0,1,1
10644,790146.5,627811.565790246,0.0,0.0,1,1
10645,790146.5,627811.565790246,0.0,0.0,1,1
10646,790146.5,627811.565790246,0.0,0.0,1,1
10647,790146.5,627811.565790246,0.0,0.0,1,1
10648,790146.5,627811.565790246,0.0,0.0,1,1
10649,790146.5,627811.565790246,0.0,0.0,1,1
10650,790146.5,627811.565790246,0.0,0.0,1,1
10651,790146.5,627811.565790246,0.0,0.0,1,1
10652,790146.5,627811.565790246,0.0,0.0,1,1
10653,790146.5,627811.565790246,0.0,0.0,1,1
10654,790146.5,627811.565790246,0.0,0.0,1,1
10655,790146.5,627811.565790246,0.0,0.0,1,1
10656,790146.5,627811.565790246,0.0,0.0,1,1
10657,790146.5,627811.565790246,0.0,0.0,1,1
10658,790146.5,627811.565790246,0.0,0.0,1,1
10659,790146.5,627811.565790246,0.0,0.0,1,1
10660,790146.5,627811.565790246,0.0,0.0,1,1
10661,790146.5,627811.565790246,0.0,0.0,1,1
10662,791228.0,627811.565790246,0.0,0.0,1,1
10663,791228.0,627811.565790246,0.0,0.0,1,1
10664,791228.0,627811.565790246,0.0,0.0,1,1
10665,791228.0,627811.565790246,0.0,0.0,1,1
10666,791228.0,627811.565790246,0.0,0.0,1,1
10667,791228.0,627811.565790246,0.0,0.0,1,1
10668,791228.0,627811.565790246,0.0,0.0,1,1
10669,791335.0,627811.565790246,0.0,0.0,1,1
10670,791335.0,627811.565790246,0.0,0.0,1,1
10671,791335.0,627811.565790246,0.0,0.0,1,1
10672,791335.0,627811.565790246,0.0,0.0,1,1
10673,791335.0,627811.565790246,0.0,0.0,1,1
10674,791335.0,627811.565790246,0.0,0.0,1,1
10675,791335.0,627811.565790246,0.0,0.0,1,1
10676,791335.0,627811.565790246,0.0,0.0,1,1
10677,791335.0,627811.565790246,0.0,0.0,1,1
10678,791335.0,627811.565790246,0.0,0.0,1,1
10679,791335.0,627811.565790246,0.0,0.0,1,1
10680,791335.0,627811.565790246,0.0,0.0,1,1
10681,791335.0,627811.565790246,0.0,0.0,1,1
10682,791335.0,627811.565790246,0.0,0.0,1,1
10683,791335.0,627811.565790246,0.0,0.0,1,1
10684,791335.0,627811.565790246,0.0,0.0,1,1
10685,791335.0,627811.565790246,0.0,0.0,1,1
10686,791335.0,627811.565790246,0.0,0.0,1,1
10687,791335.0,627811.565790246,0.0,0.0,1,1
10688,791335.0,627811.565790246,0.0,0.0,1,1
10689,791335.0,627811.565790246,0.0,0.0,1,1
10690,791335.0,627811.565790246,0.0,0.0,1,1
10691,791335.0,627811.565790246,0.0,0.0,1,1
10692,791335.0,627811.565790246,0.0,0.0,1,1
10693,791335.0,627811.565790246,0.0,0.0,1,1
10694,791335.0,627811.565790246,0.0,0.0,1,1
10695,791335.0,627811.565790246,0.0,0.0,1,1
10696,791335.0,627811.565790246,0.0,0.0,1,1
10697,791335.0,627811.565790246,0.0,0.0,1,1
10698,791335.0,627811.565790246,0.0,0.0,1,1
10699,791335.0,627811.565790246,0.0,0.0,1,1
10700,791368.0,627811.565790246,0.0,0.0,1,1
10701,791368.0,627811.565790246,0.0,0.0,1,1
10702,791368.0,627811.565790246,0.0,0.0,1,1
10703,791368.0,627811.565790246,0.0,0.0,1,1
10704,791368.0,627811.565790246,0.0,0.0,1,1
10705,791368.0,627811.565790246,0.0,0.0,1,1
10706,791368.0,627811.565790246,0.0,0.0,1,1
10707,791368.0,627811.565790246,0.0,0.0,1,1
10708,791368.0,627811.565790246,0.0,0.0,1,1
10709,791368.0,627811.565790246,0.0,0.0,1,1
10710,791368.0,627811.565790246,0.0,0.0,1,1
10711,791368.0,627811.565790246,0.0,0.0,1,1
10712,791368.0,627811.565790246,0.0,0.0,1,1
10713,791368.0,627811.565790246,0.0,0.0,1,1
10714,791368.0,627811.565790246,0.0,0.0,1,1
10715,791368.0,627811.565790246,0.0,0.0,1,1
10716,791368.0,627811.565790246,0.0,0.0,1,1
10717,791368.0,627811.565790246,0.0,0.0,1,1
10718,791368.0,627811.565790246,0.0,0.0,1,1
10719,791368.0,627811.565790246,0.0,0.0,1,1
10720,791368.0,627811.565790246,0.0,0.0,1,1
10721,791368.0,627811.565790246,0.0,0.0,1,1
10722,791368.0,627811.565790246,0.0,0.0,1,1
10723,791368.0,627811.565790246,0.0,0.0,1,1
10724,791368.0,627811.565790246,0.0,0.0,1,1
10725,791368.0,627811.565790246,0.0,0.0,1,1
10726,791368.0,627811.565790246,0.0,0.0,1,1
10727,791368.0,627811.565790246,0.0,0.0,1,1
10728,791368.0,627811.565790246,0.0,0.0,1,1
10729,791368.0,627811.565790246,0.0,0.0,1,1
10730,791368.0,627811.565790246,0.0,0.0,1,1
10731,791368.0,627811.565790246,0.0,0.0,1,1
10732,791368.0,627811.565790246,0.0,0.0,1,1
10733,791368.0,627811.565790246,0.0,0.0,1,1
10734,791368.0,627811.565790246,0.0,0.0,1,1
10735,791368.0,627811.565790246,0.0,0.0,1,1
10736,791368.0,627811.565790246,0.0,0.0,1,1
10737,791368.0,627811.565790246,0.0,0.0,1,1
10738,791368.0,627811.565790246,0.0,0.0,1,1
10739,791368.0,627811.565790246,0.0,0.0,1,1
10740,791368.0,627811.565790246,0.0,0.0,1,1
10741,791368.0,627811.565790246,0.0,0.0,1,1
10742,791368.0,627811.565790246,0.0,0.0,1,1
10743,791356.0,627811.565790246,0.0,0.0,1,1
10744,791356.0,627811.565790246,0.0,0.0,1,1
10745,791356.0,627811.565790246,0.0,0.0,1,1
10746,791356.0,627811.565790246,0.0,0.0,1,1
10747,791356.0,627811.565790246,0.0,0.0,1,1
10748,791356.0,627811.565790246,0.0,0.0,1,1
10749,791356.0,627811.565790246,0.0,0.0,1,1
10750,791356.0,627811.565790246,0.0,0.0,1,1
10751,791356.0,627811.565790246,0.0,0.0,1,1
10752,791356.0,627811.565790246,0.0,0.0,1,1
10753,791356.0,627811.565790246,0.0,0.0,1,1
10754,791356.0,627811.565790246,0.0,0.0,1,1
10755,791356.0,627811.565790246,0.0,0.0,1,1
10756,791356.0,627811.565790246,0.0,0.0,1,1
10757,791356.0,627811.565790246,0.0,0.0,1,1
10758,791356.0,627811.565790246,0.0,0.0,1,1
10759,791356.0,627811.565790246,0.0,0.0,1,1
10760,791356.0,627811.565790246,0.0,0.0,1,1
10761,791356.0,627811.565790246,0.0,0.0,1,1
10762,791356.0,627811.565790246,0.0,0.0,1,1
10763,791356.0,627811.565790246,0.0,0.0,1,1
10764,791356.0,627811.565790246,0.0,0.0,1,1
10765,791356.0,627811.565790246,0.0,0.0,1,1
10766,791356.0,627811.565790246,0.0,0.0,1,1
10767,791356.0,627811.565790246,0.0,0.0,1,1
10768,791356.0,627811.565790246,0.0,0.0,1,1
10769,791356.0,627811.565790246,0.0,0.0,1,1
10770,791356.0,627811.565790246,0.0,0.0,1,1
10771,791356.0,627811.565790246,0.0,0.0,1,1
10772,791356.0,627811.565790246,0.0,0.0,1,1
10773,791356.0,627811.565790246,0.0,0.0,1,1
10774,791356.0,627811.565790246,0.0,0.0,1,1
10775,791356.0,627811.565790246,0.0,0.0,1,1
10776,791356.0,627811.565790246,0.0,0.0,1,1
10777,791356.0,627811.565790246,0.0,0.0,1,1
10778,791356.0,627811.565790246,0.0,0.0,1,1
10779,791356.0,627811.565790246,0.0,0.0,1,1
10780,791356.0,627811.565790246,0.0,0.0,1,1
10781,791356.0,627811.565790246,0.0,0.0,1,1
10782,791356.0,627811.565790246,0.0,0.0,1,1
10783,791356.0,627811.565790246,0.0,0.0,1,1
10784,791356.0,627811.565790246,0.0,0.0,1,1
10785,791356.0,627811.565790246,0.0,0.0,1,1
10786,791356.0,627811.565790246,0.0,0.0,1,1
10787,791356.0,627811.565790246,0.0,0.0,1,1
10788,791356.0,627811.565790246,0.0,0.0,1,1
10789,791356.0,627811.565790246,0.0,0.0,1,1
10790,791356.0,627811.565790246,0.0,0.0,1,1
10791,791356.0,627811.565790246,0.0,0.0,1,1
10792,791356.0,627811.565790246,0.0,0.0,1,1
10793,791356.0,627811.565790246,0.0,0.0,1,1
10794,791356.0,627811.565790246,0.0,0.0,1,1
10795,791356.0,627811.565790246,0.0,0.0,1,1
10796,791356.0,627811.565790246,0.0,0.0,1,1
10797,791356.0,627811.565790246,0.0,0.0,1,1
10798,791426.5,627811.565790246,0.0,0.0,1,1
10799,791426.5,627811.565790246,0.0,0.0,1,1
10800,791426.5,627811.565790246,0.0,0.0,1,1
10801,791426.5,627811.565790246,0.0,0.0,1,1
10802,791426.5,627811.565790246,0.0,0.0,1,1
10803,791426.5,627811.565790246,0.0,0.0,1,1
10804,791426.5,627811.565790246,0.0,0.0,1,1
10805,791426.5,627811.565790246,0.0,0.0,1,1
10806,791426.5,627811.565790246,0.0,0.0,1,1
10807,791426.5,627811.565790246,0.0,0.0,1,1
10808,791426.5,627811.565790246,0.0,0.0,1,1
10809,791426.5,627811.565790246,0.0,0.0,1,1
10810,791426.5,627811.565790246,0.0,0.0,1,1
10811,791426.5,627811.565790246,0.0,0.0,1,1
10812,791426.5,627811.565790246,0.0,0.0,1,1
10813,791426.5,627811.565790246,0.0,0.0,1,1
10814,791426.5,627811.565790246,0.0,0.0,1,1
10815,791426.5,627811.565790246,0.0,0.0,1,1
10816,791454.0,627811.565790246,0.0,0.0,1,1
10817,791454.0,627811.565790246,0.0,0.0,1,1
10818,791519.5,627811.565790246,0.0,0.0,1,1
10819,791519.5,627811.565790246,0.0,0.0,1,1
10820,792084.0,627811.565790246,0.0,0.0,1,1
10821,792084.0,627811.565790246,0.0,0.0,1,1
10822,792084.0,627811.565790246,0.0,0.0,1,1
10823,792084.0,627811.565790246,0.0,0.0,1,1
10824,792084.0,627811.565790246,0.0,0.0,1,1
10825,792084.0,627811.565790246,0.0,0.0,1,1
10826,792084.0,627811.565790246,0.0,0.0,1,1
10827,792084.0,627811.565790246,0.0,0.0,1,1
10828,792084.0,627811.565790246,0.0,0.0,1,1
10829,792084.0,627811.565790246,0.0,0.0,1,1
10830,792084.0,627811.565790246,0.0,0.0,1,1
10831,792084.0,627811.565790246,0.0,0.0,1,1
10832,792084.0,627811.565790246,0.0,0.0,1,1
10833,792084.0,627811.565790246,0.0,0.0,1,1
10834,792084.0,627811.565790246,0.0,0.0,1,1
10835,792084.0,627811.565790246,0.0,0.0,1,1
10836,792084.0,627811.565790246,0.0,0.0,1,1
10837,792084.0,627811.565790246,0.0,0.0,1,1
10838,792084.0,627811.565790246,0.0,0.0,1,1
10839,792084.0,627811.565790246,0.0,0.0,1,1
10840,792084.0,627811.565790246,0.0,0.0,1,1
10841,791064.0,627811.565790246,0.0,0.0,1,1
10842,791064.0,627811.565790246,0.0,0.0,1,1
10843,791064.0,627811.565790246,0.0,0.0,1,1
10844,791064.0,627811.565790246,0.0,0.0,1,1
10845,791064.0,627811.565790246,0.0,0.0,1,1
10846,791064.0,627811.565790246,0.0,0.0,1,1
10847,791064.0,627811.565790246,0.0,0.0,1,1
10848,791450.5,627811.565790246,0.0,0.0,1,1
10849,791450.5,627811.565790246,0.0,0.0,1,1
10850,791450.5,627811.565790246,0.0,0.0,1,1
10851,791450.5,627811.565790246,0.0,0.0,1,1
10852,791450.5,627811.565790246,0.0,0.0,1,1
10853,791450.5,627811.565790246,0.0,0.0,1,1
10854,791450.5,627811.565790246,0.0,0.0,1,1
10855,790479.0,627811.565790246,0.0,0.0,1,1
10856,790479.0,627811.565790246,0.0,0.0,1,1
10857,790500.0,627811.565790246,0.0,0.0,1,1
10858,790500.0,627811.565790246,0.0,0.0,1,1
10859,790500.0,627811.565790246,0.0,0.0,1,1
10860,790500.0,627811.565790246,0.0,0.0,1,1
10861,790500.0,627811.565790246,0.0,0.0,1,1
10862,790500.0,627811.565790246,0.0,0.0,1,1
10863,790500.0,627811.565790246,0.0,0.0,1,1
10864,790500.0,627811.565790246,0.0,0.0,1,1
10865,789757.5,627811.565790246,0.0,0.0,1,1
10866,789757.5,627811.565790246,0.0,0.0,1,1
10867,789757.5,627811.565790246,0.0,0.0,1,1
10868,789757.5,627811.565790246,0.0,0.0,1,1
10869,789757.5,627811.565790246,0.0,0.0,1,1
10870,789757.5,627811.565790246,0.0,0.0,1,1
10871,789757.5,627811.565790246,0.0,0.0,1,1
10872,789757.5,627811.565790246,0.0,0.0,1,1
10873,789757.5,627811.565790246,0.0,0.0,1,1
10874,789757.5,627811.565790246,0.0,0.0,1,1
10875,789757.5,627811.565790246,0.0,0.0,1,1
10876,789757.5,627811.565790246,0.0,0.0,1,1
10877,789757.5,627811.565790246,0.0,0.0,1,1
10878,789757.5,627811.565790246,0.0,0.0,1,1
10879,789757.5,627811.565790246,0.0,0.0,1,1
10880,789757.5,627811.565790246,0.0,0.0,1,1
10881,789757.5,627811.565790246,0.0,0.0,1,1
10882,789757.5,627811.565790246,0.0,0.0,1,1
10883,789757.5,627811.565790246,0.0,0.0,1,1
10884,789757.5,627811.565790246,0.0,0.0,1,1
10885,789757.5,627811.565790246,0.0,0.0,1,1
10886,789757.5,627811.565790246,0.0,0.0,1,1
10887,789757.5,627811.565790246,0.0,0.0,1,1
10888,789757.5,627811.565790246,0.0,0.0,1,1
10889,789757.5,627811.565790246,0.0,0.0,1,1
10890,789757.5,627811.565790246,0.0,0.0,1,1
10891,789757.5,627811.565790246,0.0,0.0,1,1
10892,789757.5,627811.565790246,0.0,0.0,1,1
10893,789757.5,627811.565790246,0.0,0.0,1,1
10894,789757.5,627811.565790246,0.0,0.0,1,1
10895,789757.5,627811.565790246,0.0,0.0,1,1
10896,789696.5,627811.565790246,0.0,0.0,1,1
10897,789696.5,627811.565790246,0.0,0.0,1,1
10898,789696.5,627811.565790246,0.0,0.0,1,1
10899,789696.5,627811.565790246,0.0,0.0,1,1
10900,790517.0,627811.565790246,0.0,0.0,1,1
10901,790517.0,627811.565790246,0.0,0.0,1,1
10902,790517.0,627811.565790246,0.0,0.0,1,1
10903,790517.0,627811.565790246,0.0,0.0,1,1
10904,790517.0,627811.565790246,0.0,0.0,1,1
10905,790517.0,627811.565790246,0.0,0.0,1,1
10906,790517.0,627811.565790246,0.0,0.0,1,1
10907,790517.0,627811.565790246,0.0,0.0,1,1
10908,790578.0,627811.565790246,0.0,0.0,1,1
10909,790578.0,627811.565790246,0.0,0.0,1,1
10910,790578.0,627811.565790246,0.0,0.0,1,1
10911,790578.0,627811.565790246,0.0,0.0,1,1
10912,790578.0,627811.565790246,0.0,0.0,1,1
10913,790578.0,627811.565790246,0.0,0.0,1,1
10914,790578.0,627811.565790246,0.0,0.0,1,1
10915,790578.0,627811.565790246,0.0,0.0,1,1
10916,789263.5,627811.565790246,0.0,0.0,1,1
10917,789263.5,627811.565790246,0.0,0.0,1,1
10918,789263.5,627811.565790246,0.0,0.0,1,1
10919,789263.5,627811.565790246,0.0,0.0,1,1
10920,789263.5,627811.565790246,0.0,0.0,1,1
10921,789263.5,627811.565790246,0.0,0.0,1,1
10922,789263.5,627811.565790246,0.0,0.0,1,1
10923,789263.5,627811.565790246,0.0,0.0,1,1
10924,789263.5,627811.565790246,0.0,0.0,1,1
10925,789263.5,627811.565790246,0.0,0.0,1,1
10926,789263.5,627811.565790246,0.0,0.0,1,1
10927,789263.5,627811.565790246,0.0,0.0,1,1
10928,789263.5,627811.565790246,0.0,0.0,1,1
10929,789263.5,627811.565790246,0.0,0.0,1,1
10930,789263.5,627811.565790246,0.0,0.0,1,1
10931,789263.5,627811.565790246,0.0,0.0,1,1
10932,789263.5,627811.565790246,0.0,0.0,1,1
10933,789263.5,627811.565790246,0.0,0.0,1,1
10934,789263.5,627811.565790246,0.0,0.0,1,1
10935,789263.5,627811.565790246,0.0,0.0,1,1
10936,789263.5,627811.565790246,0.0,0.0,1,1
10937,789263.5,627811.565790246,0.0,0.0,1,1
10938,789263.5,627811.565790246,0.0,0.0,1,1
10939,789263.5,627811.565790246,0.0,0.0,1,1
10940,789263.5,627811.565790246,0.0,0.0,1,1
10941,789402.5,627811.565790246,0.0,0.0,1,1
10942,789402.5,627811.565790246,0.0,0.0,1,1
10943,789402.5,627811.565790246,0.0,0.0,1,1
10944,789402.5,627811.565790246,0.0,0.0,1,1
10945,789402.5,627811.565790246,0.0,0.0,1,1
10946,789402.5,627811.565790246,0.0,0.0,1,1
10947,789402.5,627811.565790246,0.0,0.0,1,1
10948,789402.5,627811.565790246,0.0,0.0,1,1
10949,789402.5,627811.565790246,0.0,0.0,1,1
10950,789402.5,627811.565790246,0.0,0.0,1,1
10951,789402.5,627811.565790246,0.0,0.0,1,1
10952,789402.5,627811.565790246,0.0,0.0,1,1
10953,789402.5,627811.565790246,0.0,0.0,1,1
10954,789043.5,627811.565790246,0.0,0.0,1,1
10955,789043.5,627811.565790246,0.0,0.0,1,1
10956,789043.5,627811.565790246,0.0,0.0,1,1
10957,789043.5,627811.565790246,0.0,0.0,1,1
10958,789043.5,627811.565790246,0.0,0.0,1,1
10959,789043.5,627811.565790246,0.0,0.0,1,1
10960,789043.5,627811.565790246,0.0,0.0,1,1
10961,790421.0,627811.565790246,0.0,0.0,1,1
10962,790421.0,627811.565790246,0.0,0.0,1,1
10963,790421.0,627811.565790246,0.0,0.0,1,1
10964,790421.0,627811.565790246,0.0,0.0,1,1
10965,790421.0,627811.565790246,0.0,0.0,1,1
10966,790421.0,627811.565790246,0.0,0.0,1,1
10967,790171.5,627811.565790246,0.0,0.0,1,1
10968,790171.5,627811.565790246,0.0,0.0,1,1
10969,790902.5,627811.565790246,0.0,0.0,1,1
10970,790902.5,627811.565790246,0.0,0.0,1,1
10971,790902.5,627811.565790246,0.0,0.0,1,1
10972,790902.5,627811.565790246,0.0,0.0,1,1
10973,790902.5,627811.565790246,0.0,0.0,1,1
10974,791217.5,627811.565790246,0.0,0.0,1,1
10975,791217.5,627811.565790246,0.0,0.0,1,1
10976,791217.5,627811.565790246,0.0,0.0,1,1
10977,791217.5,627811.565790246,0.0,0.0,1,1
10978,791217.5,627811.565790246,0.0,0.0,1,1
10979,791220.5,627811.565790246,0.0,0.0,1,1
10980,791220.5,627811.565790246,0.0,0.0,1,1
10981,791220.5,627811.565790246,0.0,0.0,1,1
10982,791220.5,627811.565790246,0.0,0.0,1,1
10983,791220.5,627811.565790246,0.0,0.0,1,1
10984,791116.0,627811.565790246,0.0,0.0,1,1
10985,791116.0,627811.565790246,0.0,0.0,1,1
10986,791116.0,627811.565790246,0.0,0.0,1,1
10987,791116.0,627811.565790246,0.0,0.0,1,1
10988,791116.0,627811.565790246,0.0,0.0,1,1
10989,791116.0,627811.565790246,0.0,0.0,1,1
10990,791116.0,627811.565790246,0.0,0.0,1,1
10991,791116.0,627811.565790246,0.0,0.0,1,1
10992,791116.0,627811.565790246,0.0,0.0,1,1
10993,791487.5,627811.565790246,0.0,0.0,1,1
10994,791487.5,627811.565790246,0.0,0.0,1,1
10995,791247.5,627811.565790246,0.0,0.0,1,1
10996,791247.5,627811.565790246,0.0,0.0,1,1
10997,791247.5,627811.565790246,0.0,0.0,1,1
10998,791136.5,627811.565790246,0.0,0.0,1,1
10999,791136.5,627811.565790246,0.0,0.0,1,1
11000,791136.5,627811.565790246,0.0,0.0,1,1
11001,791136.5,627811.565790246,0.0,0.0,1,1
11002,791136.5,627811.565790246,0.0,0.0,1,1
11003,791136.5,627811.565790246,0.0,0.0,1,1
11004,791136.5,627811.565790246,0.0,0.0,1,1
11005,791136.5,627811.565790246,0.0,0.0,1,1
11006,791136.5,627811.565790246,0.0,0.0,1,1
11007,791136.5,627811.565790246,0.0,0.0,1,1
11008,791136.5,627811.565790246,0.0,0.0,1,1
11009,791136.5,627811.565790246,0.0,0.0,1,1
11010,791136.5,627811.565790246,0.0,0.0,1,1
11011,791136.5,627811.565790246,0.0,0.0,1,1
11012,791136.5,627811.565790246,0.0,0.0,1,1
11013,791136.5,627811.565790246,0.0,0.0,1,1
11014,791136.5,627811.565790246,0.0,0.0,1,1
11015,791136.5,627811.565790246,0.0,0.0,1,1
11016,791323.0,627811.565790246,0.0,0.0,1,1
11017,791323.0,627811.565790246,0.0,0.0,1,1
11018,791323.0,627811.565790246,0.0,0.0,1,1
11019,791323.0,627811.565790246,0.0,0.0,1,1
11020,791323.0,627811.565790246,0.0,0.0,1,1
11021,791323.0,627811.565790246,0.0,0.0,1,1
11022,791323.0,627811.565790246,0.0,0.0,1,1
11023,791323.0,627811.565790246,0.0,0.0,1,1
11024,791323.0,627811.565790246,0.0,0.0,1,1
11025,791323.0,627811.565790246,0.0,0.0,1,1
11026,791323.0,627811.565790246,0.0,0.0,1,1
11027,791323.0,627811.565790246,0.0,0.0,1,1
11028,791323.0,627811.565790246,0.0,0.0,1,1
11029,791323.0,627811.565790246,0.0,0.0,1,1
11030,791323.0,627811.565790246,0.0,0.0,1,1
11031,791323.0,627811.565790246,0.0,0.0,1,1
11032,791638.0,627811.565790246,0.0,0.0,1,1
11033,791638.0,627811.565790246,0.0,0.0,1,1
11034,791638.0,627811.565790246,0.0,0.0,1,1
11035,791638.0,627811.565790246,0.0,0.0,1,1
11036,791638.0,627811.565790246,0.0,0.0,1,1
11037,791638.0,627811.565790246,0.0,0.0,1,1
11038,791638.0,627811.565790246,0.0,0.0,1,1
11039,791638.0,627811.565790246,0.0,0.0,1,1
11040,791638.0,627811.565790246,0.0,0.0,1,1
11041,791638.0,627811.565790246,0.0,0.0,1,1
11042,791638.0,627811.565790246,0.0,0.0,1,1
11043,791638.0,627811.565790246,0.0,0.0,1,1
11044,791638.0,627811.565790246,0.0,0.0,1,1
11045,791638.0,627811.565790246,0.0,0.0,1,1
11046,791486.0,627811.565790246,0.0,0.0,1,1
11047,791462.0,627811.565790246,0.0,0.0,1,1
11048,791462.0,627811.565790246,0.0,0.0,1,1
11049,791462.0,627811.565790246,0.0,0.0,1,1
11050,791462.0,627811.565790246,0.0,0.0,1,1
11051,791462.0,627811.565790246,0.0,0.0,1,1
11052,791462.0,627811.565790246,0.0,0.0,1,1
11053,791462.0,627811.565790246,0.0,0.0,1,1
11054,791462.0,627811.565790246,0.0,0.0,1,1
11055,791462.0,627811.565790246,0.0,0.0,1,1
11056,791462.0,627811.565790246,0.0,0.0,1,1
11057,791462.0,627811.565790246,0.0,0.0,1,1
11058,791462.0,627811.565790246,0.0,0.0,1,1
11059,791462.0,627811.565790246,0.0,0.0,1,1
11060,791462.0,627811.565790246,0.0,0.0,1,1
11061,791462.0,627811.565790246,0.0,0.0,1,1
11062,791462.0,627811.565790246,0.0,0.0,1,1
11063,791462.0,627811.565790246,0.0,0.0,1,1
11064,791462.0,627811.565790246,0.0,0.0,1,1
11065,791462.0,627811.565790246,0.0,0.0,1,1
11066,791462.0,627811.565790246,0.0,0.0,1,1
11067,790226.5,627811.565790246,0.0,0.0,1,1
11068,790226.5,627811.565790246,0.0,0.0,1,1
11069,790226.5,627811.565790246,0.0,0.0,1,1
11070,790226.5,627811.565790246,0.0,0.0,1,1
11071,790337.5,627811.565790246,0.0,0.0,1,1
11072,790337.5,627811.565790246,0.0,0.0,1,1
11073,790337.5,627811.565790246,0.0,0.0,1,1
11074,790337.5,627811.565790246,0.0,0.0,1,1
11075,790337.5,627811.565790246,0.0,0.0,1,1
11076,790337.5,627811.565790246,0.0,0.0,1,1
11077,790337.5,627811.565790246,0.0,0.0,1,1
11078,790337.5,627811.565790246,0.0,0.0,1,1
11079,790337.5,627811.565790246,0.0,0.0,1,1
11080,790337.5,627811.565790246,0.0,0.0,1,1
11081,790337.5,627811.565790246,0.0,0.0,1,1
11082,790340.5,627811.565790246,0.0,0.0,1,1
11083,790340.5,627811.565790246,0.0,0.0,1,1
11084,790340.5,627811.565790246,0.0,0.0,1,1
11085,790340.5,627811.565790246,0.0,0.0,1,1
11086,790340.5,627811.565790246,0.0,0.0,1,1
11087,790340.5,627811.565790246,0.0,0.0,1,1
11088,790340.5,627811.565790246,0.0,0.0,1,1
11089,790340.5,627811.565790246,0.0,0.0,1,1
11090,790340.5,627811.565790246,0.0,0.0,1,1
11091,790340.5,627811.565790246,0.0,0.0,1,1
11092,790340.5,627811.565790246,0.0,0.0,1,1
11093,790340.5,627811.565790246,0.0,0.0,1,1
11094,790340.5,627811.565790246,0.0,0.0,1,1
11095,790340.5,627811.565790246,0.0,0.0,1,1
11096,790340.5,627811.565790246,0.0,0.0,1,1
11097,790340.5,627811.565790246,0.0,0.0,1,1
11098,790340.5,627811.565790246,0.0,0.0,1,1
11099,790340.5,627811.565790246,0.0,0.0,1,1
11100,790340.5,627811.565790246,0.0,0.0,1,1
11101,790022.5,627811.565790246,0.0,0.0,1,1
11102,790022.5,627811.565790246,0.0,0.0,1,1
11103,790022.5,627811.565790246,0.0,0.0,1,1
11104,790022.5,627811.565790246,0.0,0.0,1,1
11105,790022.5,627811.565790246,0.0,0.0,1,1
11106,790022.5,627811.565790246,0.0,0.0,1,1
11107,790022.5,627811.565790246,0.0,0.0,1,1
11108,790022.5,627811.565790246,0.0,0.0,1,1
11109,790022.5,627811.565790246,0.0,0.0,1,1
11110,790022.5,627811.565790246,0.0,0.0,1,1
11111,790022.5,627811.565790246,0.0,0.0,1,1
11112,790022.5,627811.565790246,0.0,0.0,1,1
11113,790022.5,627811.565790246,0.0,0.0,1,1
11114,790022.5,627811.565790246,0.0,0.0,1,1
11115,790022.5,627811.565790246,0.0,0.0,1,1
11116,790022.5,627811.565790246,0.0,0.0,1,1
11117,790022.5,627811.565790246,0.0,0.0,1,1
11118,790022.5,627811.565790246,0.0,0.0,1,1
11119,790022.5,627811.565790246,0.0,0.0,1,1
11120,790022.5,627811.565790246,0.0,0.0,1,1
11121,790022.5,627811.565790246,0.0,0.0,1,1
11122,790022.5,627811.565790246,0.0,0.0,1,1
11123,790022.5,627811.565790246,0.0,0.0,1,1
11124,790022.5,627811.565790246,0.0,0.0,1,1
11125,790022.5,627811.565790246,0.0,0.0,1,1
11126,790022.5,627811.565790246,0.0,0.0,1,1
11127,790022.5,627811.565790246,0.0,0.0,1,1
11128,790022.5,627811.565790246,0.0,0.0,1,1
11129,791398.0,627811.565790246,0.0,0.0,1,1
11130,791398.0,627811.565790246,0.0,0.0,1,1
11131,791398.0,627811.565790246,0.0,0.0,1,1
11132,791398.0,627811.565790246,0.0,0.0,1,1
11133,791398.0,627811.565790246,0.0,0.0,1,1
11134,791398.0,627811.565790246,0.0,0.0,1,1
11135,791398.0,627811.565790246,0.0,0.0,1,1
11136,791398.0,627811.565790246,0.0,0.0,1,1
11137,791398.0,627811.565790246,0.0,0.0,1,1
11138,791398.0,627811.565790246,0.0,0.0,1,1
11139,791398.0,627811.565790246,0.0,0.0,1,1
11140,791398.0,627811.565790246,0.0,0.0,1,1
11141,791398.0,627811.565790246,0.0,0.0,1,1
11142,791593.5,627811.565790246,0.0,0.0,1,1
11143,791593.5,627811.565790246,0.0,0.0,1,1
11144,791593.5,627811.565790246,0.0,0.0,1,1
11145,791593.5,627811.565790246,0.0,0.0,1,1
11146,791593.5,627811.565790246,0.0,0.0,1,1
11147,791593.5,627811.565790246,0.0,0.0,1,1
11148,791593.5,627811.565790246,0.0,0.0,1,1
11149,791593.5,627811.565790246,0.0,0.0,1,1
11150,791593.5,627811.565790246,0.0,0.0,1,1
11151,791593.5,627811.565790246,0.0,0.0,1,1
11152,791593.5,627811.565790246,0.0,0.0,1,1
11153,791593.5,627811.565790246,0.0,0.0,1,1
11154,791593.5,627811.565790246,0.0,0.0,1,1
11155,791593.5,627811.565790246,0.0,0.0,1,1
11156,791593.5,627811.565790246,0.0,0.0,1,1
11157,791593.5,627811.565790246,0.0,0.0,1,1
11158,791593.5,627811.565790246,0.0,0.0,1,1
11159,791593.5,627811.565790246,0.0,0.0,1,1
11160,791593.5,627811.565790246,0.0,0.0,1,1
11161,791833.5,627811.565790246,0.0,0.0,1,1
11162,791833.5,627811.565790246,0.0,0.0,1,1
11163,791833.5,627811.565790246,0.0,0.0,1,1
11164,791833.5,627811.565790246,0.0,0.0,1,1
11165,791833.5,627811.565790246,0.0,0.0,1,1
11166,791833.5,627811.565790246,0.0,0.0,1,1
11167,791833.5,627811.565790246,0.0,0.0,1,1
11168,791833.5,627811.565790246,0.0,0.0,1,1
11169,791833.5,627811.565790246,0.0,0.0,1,1
11170,791833.5,627811.565790246,0.0,0.0,1,1
11171,791833.5,627811.565790246,0.0,0.0,1,1
11172,791833.5,627811.565790246,0.0,0.0,1,1
11173,791833.5,627811.565790246,0.0,0.0,1,1
11174,791697.5,627811.565790246,0.0,0.0,1,1
11175,791697.5,627811.565790246,0.0,0.0,1,1
11176,791697.5,627811.565790246,0.0,0.0,1,1
11177,791697.5,627811.565790246,0.0,0.0,1,1
11178,791697.5,627811.565790246,0.0,0.0,1,1
11179,791697.5,627811.565790246,0.0,0.0,1,1
11180,791697.5,627811.565790246,0.0,0.0,1,1
11181,791697.5,627811.565790246,0.0,0.0,1,1
11182,791697.5,627811.565790246,0.0,0.0,1,1
11183,791697.5,627811.565790246,0.0,0.0,1,1
11184,791697.5,627811.565790246,0.0,0.0,1,1
11185,791697.5,627811.565790246,0.0,0.0,1,1
11186,791697.5,627811.565790246,0.0,0.0,1,1
11187,791697.5,627811.565790246,0.0,0.0,1,1
11188,791697.5,627811.565790246,0.0,0.0,1,1
11189,791697.5,627811.565790246,0.0,0.0,1,1
11190,791697.5,627811.565790246,0.0,0.0,1,1
11191,791697.5,627811.565790246,0.0,0.0,1,1
11192,791697.5,627811.565790246,0.0,0.0,1,1
11193,791697.5,627811.565790246,0.0,0.0,1,1
11194,791697.5,627811.565790246,0.0,0.0,1,1
11195,791697.5,627811.565790246,0.0,0.0,1,1
11196,791697.5,627811.565790246,0.0,0.0,1,1
11197,791697.5,627811.565790246,0.0,0.0,1,1
11198,791697.5,627811.565790246,0.0,0.0,1,1
11199,791697.5,627811.565790246,0.0,0.0,1,1
11200,791697.5,627811.565790246,0.0,0.0,1,1
11201,791697.5,627811.565790246,0.0,0.0,1,1
11202,791697.5,627811.565790246,0.0,0.0,1,1
11203,791697.5,627811.565790246,0.0,0.0,1,1
11204,791697.5,627811.565790246,0.0,0.0,1,1
11205,791697.5,627811.565790246,0.0,0.0,1,1
11206,791959.0,627811.565790246,0.0,0.0,1,1
11207,791959.0,627811.565790246,0.0,0.0,1,1
11208,791959.0,627811.565790246,0.0,0.0,1,1
11209,791959.0,627811.565790246,0.0,0.0,1,1
11210,791959.0,627811.565790246,0.0,0.0,1,1
11211,791959.0,627811.565790246,0.0,0.0,1,1
11212,791959.0,627811.565790246,0.0,0.0,1,1
11213,791959.0,627811.565790246,0.0,0.0,1,1
11214,791959.0,627811.565790246,0.0,0.0,1,1
11215,791959.0,627811.565790246,0.0,0.0,1,1
11216,791959.0,627811.565790246,0.0,0.0,1,1
11217,791959.0,627811.565790246,0.0,0.0,1,1
11218,791959.0,627811.565790246,0.0,0.0,1,1
11219,791959.0,627811.565790246,0.0,0.0,1,1
11220,792276.0,627811.565790246,0.0,0.0,1,1
11221,792276.0,627811.565790246,0.0,0.0,1,1
11222,792276.0,627811.565790246,0.0,0.0,1,1
11223,792276.0,627811.565790246,0.0,0.0,1,1
11224,791470.5,627811.565790246,0.0,0.0,1,1
11225,791470.5,627811.565790246,0.0,0.0,1,1
11226,791470.5,627811.565790246,0.0,0.0,1,1
11227,791470.5,627811.565790246,0.0,0.0,1,1
11228,791470.5,627811.565790246,0.0,0.0,1,1
11229,792659.5,627811.565790246,0.0,0.0,1,1
11230,792659.5,627811.565790246,0.0,0.0,1,1
11231,792659.5,627811.565790246,0.0,0.0,1,1
11232,792659.5,627811.565790246,0.0,0.0,1,1
11233,792659.5,627811.565790246,0.0,0.0,1,1
11234,792659.5,627811.565790246,0.0,0.0,1,1
11235,792659.5,627811.565790246,0.0,0.0,1,1
11236,792659.5,627811.565790246,0.0,0.0,1,1
11237,792659.5,627811.565790246,0.0,0.0,1,1
11238,792659.5,627811.565790246,0.0,0.0,1,1
11239,792659.5,627811.565790246,0.0,0.0,1,1
11240,792659.5,627811.565790246,0.0,0.0,1,1
11241,792659.5,627811.565790246,0.0,0.0,1,1
11242,792659.5,627811.565790246,0.0,0.0,1,1
11243,792659.5,627811.565790246,0.0,0.0,1,1
11244,792659.5,627811.565790246,0.0,0.0,1,1
11245,792659.5,627811.565790246,0.0,0.0,1,1
11246,792659.5,627811.565790246,0.0,0.0,1,1
11247,792671.5,627811.565790246,0.0,0.0,1,1
11248,792671.5,627811.565790246,0.0,0.0,1,1
11249,792671.5,627811.565790246,0.0,0.0,1,1
11250,792671.5,627811.565790246,0.0,0.0,1,1
11251,792671.5,627811.565790246,0.0,0.0,1,1
11252,792671.5,627811.565790246,0.0,0.0,1,1
11253,792671.5,627811.565790246,0.0,0.0,1,1
11254,792671.5,627811.565790246,0.0,0.0,1,1
11255,792671.5,627811.565790246,0.0,0.0,1,1
11256,792671.5,627811.565790246,0.0,0.0,1,1
11257,792671.5,627811.565790246,0.0,0.0,1,1
11258,793407.5,627811.565790246,0.0,0.0,1,1
11259,793407.5,627811.565790246,0.0,0.0,1,1
11260,793407.5,627811.565790246,0.0,0.0,1,1
11261,793407.5,627811.565790246,0.0,0.0,1,1
11262,793407.5,627811.565790246,0.0,0.0,1,1
11263,793407.5,627811.565790246,0.0,0.0,1,1
11264,793075.5,627811.565790246,0.0,0.0,1,1
11265,793075.5,627811.565790246,0.0,0.0,1,1
11266,793075.5,627811.565790246,0.0,0.0,1,1
11267,793075.5,627811.565790246,0.0,0.0,1,1
11268,793075.5,627811.565790246,0.0,0.0,1,1
11269,793075.5,627811.565790246,0.0,0.0,1,1
11270,793075.5,627811.565790246,0.0,0.0,1,1
11271,793075.5,627811.565790246,0.0,0.0,1,1
11272,793075.5,627811.565790246,0.0,0.0,1,1
11273,793075.5,627811.565790246,0.0,0.0,1,1
11274,793075.5,627811.565790246,0.0,0.0,1,1
11275,793075.5,627811.565790246,0.0,0.0,1,1
11276,793075.5,627811.565790246,0.0,0.0,1,1
11277,793075.5,627811.565790246,0.0,0.0,1,1
11278,793075.5,627811.565790246,0.0,0.0,1,1
11279,793075.5,627811.565790246,0.0,0.0,1,1
11280,793075.5,627811.565790246,0.0,0.0,1,1
11281,793075.5,627811.565790246,0.0,0.0,1,1
11282,793075.5,627811.565790246,0.0,0.0,1,1
11283,793075.5,627811.565790246,0.0,0.0,1,1
11284,793075.5,627811.565790246,0.0,0.0,1,1
11285,793075.5,627811.565790246,0.0,0.0,1,1
11286,793075.5,627811.565790246,0.0,0.0,1,1
11287,793075.5,627811.565790246,0.0,0.0,1,1
11288,793075.5,627811.565790246,0.0,0.0,1,1
11289,793075.5,627811.565790246,0.0,0.0,1,1
11290,793075.5,627811.565790246,0.0,0.0,1,1
11291,793075.5,627811.565790246,0.0,0.0,1,1
11292,793075.5,627811.565790246,0.0,0.0,1,1
11293,793075.5,627811.565790246,0.0,0.0,1,1
11294,793075.5,627811.565790246,0.0,0.0,1,1
11295,793075.5,627811.565790246,0.0,0.0,1,1
11296,793075.5,627811.565790246,0.0,0.0,1,1
11297,793663.5,627811.565790246,0.0,0.0,1,1
11298,793663.5,627811.565790246,0.0,0.0,1,1
11299,793663.5,627811.565790246,0.0,0.0,1,1
11300,793663.5,627811.565790246,0.0,0.0,1,1
11301,793663.5,627811.565790246,0.0,0.0,1,1
11302,793663.5,627811.565790246,0.0,0.0,1,1
11303,793663.5,627811.565790246,0.0,0.0,1,1
11304,793663.5,627811.565790246,0.0,0.0,1,1
11305,793663.5,627811.565790246,0.0,0.0,1,1
11306,793663.5,627811.565790246,0.0,0.0,1,1
11307,793663.5,627811.565790246,0.0,0.0,1,1
11308,793663.5,627811.565790246,0.0,0.0,1,1
11309,793663.5,627811.565790246,0.0,0.0,1,1
11310,793663.5,627811.565790246,0.0,0.0,1,1
11311,793663.5,627811.565790246,0.0,0.0,1,1
11312,793663.5,627811.565790246,0.0,0.0,1,1
11313,793663.5,627811.565790246,0.0,0.0,1,1
11314,793663.5,627811.565790246,0.0,0.0,1,1
11315,793663.5,627811.565790246,0.0,0.0,1,1
11316,793464.5,627811.565790246,0.0,0.0,1,1
11317,793464.5,627811.565790246,0.0,0.0,1,1
11318,793464.5,627811.565790246,0.0,0.0,1,1
11319,793464.5,627811.565790246,0.0,0.0,1,1
11320,793464.5,627811.565790246,0.0,0.0,1,1
11321,792577.5,627811.565790246,0.0,0.0,1,1
11322,792577.5,627811.565790246,0.0,0.0,1,1
11323,792577.5,627811.565790246,0.0,0.0,1,1
11324,792577.5,627811.565790246,0.0,0.0,1,1
11325,792577.5,627811.565790246,0.0,0.0,1,1
11326,792577.5,627811.565790246,0.0,0.0,1,1
11327,792577.5,627811.565790246,0.0,0.0,1,1
11328,792577.5,627811.565790246,0.0,0.0,1,1
11329,792577.5,627811.565790246,0.0,0.0,1,1
11330,792577.5,627811.565790246,0.0,0.0,1,1
11331,792577.5,627811.565790246,0.0,0.0,1,1
11332,792577.5,627811.565790246,0.0,0.0,1,1
11333,792577.5,627811.565790246,0.0,0.0,1,1
11334,792577.5,627811.565790246,0.0,0.0,1,1
11335,792577.5,627811.565790246,0.0,0.0,1,1
11336,792577.5,627811.565790246,0.0,0.0,1,1
11337,792577.5,627811.565790246,0.0,0.0,1,1
11338,792577.5,627811.565790246,0.0,0.0,1,1
11339,792577.5,627811.565790246,0.0,0.0,1,1
11340,792577.5,627811.565790246,0.0,0.0,1,1
11341,792577.5,627811.565790246,0.0,0.0,1,1
11342,792577.5,627811.565790246,0.0,0.0,1,1
11343,792577.5,627811.565790246,0.0,0.0,1,1
11344,792577.5,627811.565790246,0.0,0.0,1,1
11345,792577.5,627811.565790246,0.0,0.0,1,1
11346,792577.5,627811.565790246,0.0,0.0,1,1
11347,792577.5,627811.565790246,0.0,0.0,1,1
11348,792577.5,627811.565790246,0.0,0.0,1,1
11349,792577.5,627811.565790246,0.0,0.0,1,1
11350,792577.5,627811.565790246,0.0,0.0,1,1
11351,792577.5,627811.565790246,0.0,0.0,1,1
11352,792577.5,627811.565790246,0.0,0.0,1,1
11353,792577.5,627811.565790246,0.0,0.0,1,1
11354,792577.5,627811.565790246,0.0,0.0,1,1
11355,792577.5,627811.565790246,0.0,0.0,1,1
11356,792577.5,627811.565790246,0.0,0.0,1,1
11357,792577.5,627811.565790246,0.0,0.0,1,1
11358,792771.0,627811.565790246,0.0,0.0,1,1
11359,792771.0,627811.565790246,0.0,0.0,1,1
11360,792771.0,627811.565790246,0.0,0.0,1,1
11361,792771.0,627811.565790246,0.0,0.0,1,1
11362,792771.0,627811.565790246,0.0,0.0,1,1
11363,792771.0,627811.565790246,0.0,0.0,1,1
11364,792771.0,627811.565790246,0.0,0.0,1,1
11365,791898.0,627811.565790246,0.0,0.0,1,1
11366,791657.0,627811.565790246,0.0,0.0,1,1
11367,791657.0,627811.565790246,0.0,0.0,1,1
11368,791657.0,627811.565790246,0.0,0.0,1,1
11369,791657.0,627811.565790246,0.0,0.0,1,1
11370,791657.0,627811.565790246,0.0,0.0,1,1
11371,791657.0,627811.565790246,0.0,0.0,1,1
11372,791374.0,627811.565790246,0.0,0.0,1,1
11373,791374.0,627811.565790246,0.0,0.0,1,1
11374,791618.0,627811.565790246,0.0,0.0,1,1
11375,791618.0,627811.565790246,0.0,0.0,1,1
11376,791618.0,627811.565790246,0.0,0.0,1,1
11377,791618.0,627811.565790246,0.0,0.0,1,1
11378,791618.0,627811.565790246,0.0,0.0,1,1
11379,791618.0,627811.565790246,0.0,0.0,1,1
11380,791618.0,627811.565790246,0.0,0.0,1,1
11381,791618.0,627811.565790246,0.0,0.0,1,1
11382,791618.0,627811.565790246,0.0,0.0,1,1
11383,791618.0,627811.565790246,0.0,0.0,1,1
11384,791618.0,627811.565790246,0.0,0.0,1,1
11385,791618.0,627811.565790246,0.0,0.0,1,1
11386,791583.5,627811.565790246,0.0,0.0,1,1
11387,791583.5,627811.565790246,0.0,0.0,1,1
11388,791583.5,627811.565790246,0.0,0.0,1,1
11389,791583.5,627811.565790246,0.0,0.0,1,1
11390,791583.5,627811.565790246,0.0,0.0,1,1
11391,791583.5,627811.565790246,0.0,0.0,1,1
11392,791583.5,627811.565790246,0.0,0.0,1,1
11393,791583.5,627811.565790246,0.0,0.0,1,1
11394,791583.5,627811.565790246,0.0,0.0,1,1
11395,792158.5,627811.565790246,0.0,0.0,1,1
11396,792158.5,627811.565790246,0.0,0.0,1,1
11397,792218.0,627811.565790246,0.0,0.0,1,1
11398,792218.0,627811.565790246,0.0,0.0,1,1
11399,792218.0,627811.565790246,0.0,0.0,1,1
11400,792218.0,627811.565790246,0.0,0.0,1,1
11401,792218.0,627811.565790246,0.0,0.0,1,1
11402,792218.0,627811.565790246,0.0,0.0,1,1
11403,792417.0,627811.565790246,0.0,0.0,1,1
11404,792417.0,627811.565790246,0.0,0.0,1,1
11405,792417.0,627811.565790246,0.0,0.0,1,1
11406,792417.0,627811.565790246,0.0,0.0,1,1
11407,792417.0,627811.565790246,0.0,0.0,1,1
11408,792417.0,627811.565790246,0.0,0.0,1,1
11409,792417.0,627811.565790246,0.0,0.0,1,1
11410,792458.5,627811.565790246,0.0,0.0,1,1
11411,792458.5,627811.565790246,0.0,0.0,1,1
11412,792458.5,627811.565790246,0.0,0.0,1,1
11413,792458.5,627811.565790246,0.0,0.0,1,1
11414,792355.5,627811.565790246,0.0,0.0,1,1
11415,792355.5,627811.565790246,0.0,0.0,1,1
11416,792355.5,627811.565790246,0.0,0.0,1,1
11417,792355.5,627811.565790246,0.0,0.0,1,1
11418,792355.5,627811.565790246,0.0,0.0,1,1
11419,792355.5,627811.565790246,0.0,0.0,1,1
11420,792355.5,627811.565790246,0.0,0.0,1,1
11421,792355.5,627811.565790246,0.0,0.0,1,1
11422,792355.5,627811.565790246,0.0,0.0,1,1
11423,792355.5,627811.565790246,0.0,0.0,1,1
11424,792458.5,627811.565790246,0.0,0.0,1,1
11425,792458.5,627811.565790246,0.0,0.0,1,1
11426,792458.5,627811.565790246,0.0,0.0,1,1
11427,792458.5,627811.565790246,0.0,0.0,1,1
11428,792458.5,627811.565790246,0.0,0.0,1,1
11429,792458.5,627811.565790246,0.0,0.0,1,1
11430,792458.5,627811.565790246,0.0,0.0,1,1
11431,792458.5,627811.565790246,0.0,0.0,1,1
11432,792458.5,627811.565790246,0.0,0.0,1,1
11433,792458.5,627811.565790246,0.0,0.0,1,1
11434,792458.5,627811.565790246,0.0,0.0,1,1
11435,792458.5,627811.565790246,0.0,0.0,1,1
11436,792458.5,627811.565790246,0.0,0.0,1,1
11437,792458.5,627811.565790246,0.0,0.0,1,1
11438,792535.0,627811.565790246,0.0,0.0,1,1
11439,792535.0,627811.565790246,0.0,0.0,1,1
11440,792535.0,627811.565790246,0.0,0.0,1,1
11441,792535.0,627811.565790246,0.0,0.0,1,1
11442,792535.0,627811.565790246,0.0,0.0,1,1
11443,792535.0,627811.565790246,0.0,0.0,1,1
11444,792535.0,627811.565790246,0.0,0.0,1,1
11445,792535.0,627811.565790246,0.0,0.0,1,1
11446,792535.0,627811.565790246,0.0,0.0,1,1
11447,792535.0,627811.565790246,0.0,0.0,1,1
11448,792499.5,627811.565790246,0.0,0.0,1,1
11449,792499.5,627811.565790246,0.0,0.0,1,1
11450,792499.5,627811.565790246,0.0,0.0,1,1
11451,792499.5,627811.565790246,0.0,0.0,1,1
11452,792499.5,627811.565790246,0.0,0.0,1,1
11453,792499.5,627811.565790246,0.0,0.0,1,1
11454,792499.5,627811.565790246,0.0,0.0,1,1
11455,792499.5,627811.565790246,0.0,0.0,1,1
11456,792499.5,627811.565790246,0.0,0.0,1,1
11457,792499.5,627811.565790246,0.0,0.0,1,1
11458,792499.5,627811.565790246,0.0,0.0,1,1
11459,792499.5,627811.565790246,0.0,0.0,1,1
11460,792499.5,627811.565790246,0.0,0.0,1,1
11461,792499.5,627811.565790246,0.0,0.0,1,1
11462,792499.5,627811.565790246,0.0,0.0,1,1
11463,792499.5,627811.565790246,0.0,0.0,1,1
11464,792499.5,627811.565790246,0.0,0.0,1,1
11465,792499.5,627811.565790246,0.0,0.0,1,1
11466,792499.5,627811.565790246,0.0,0.0,1,1
11467,792499.5,627811.565790246,0.0,0.0,1,1
11468,792499.5,627811.565790246,0.0,0.0,1,1
11469,792499.5,627811.565790246,0.0,0.0,1,1
11470,792499.5,627811.565790246,0.0,0.0,1,1
11471,792499.5,627811.565790246,0.0,0.0,1,1
11472,792499.5,627811.565790246,0.0,0.0,1,1
11473,792499.5,627811.565790246,0.0,0.0,1,1
11474,792499.5,627811.565790246,0.0,0.0,1,1
11475,792499.5,627811.565790246,0.0,0.0,1,1
11476,792499.5,627811.565790246,0.0,0.0,1,1
11477,792499.5,627811.565790246,0.0,0.0,1,1
11478,792499.5,627811.565790246,0.0,0.0,1,1
11479,792499.5,627811.565790246,0.0,0.0,1,1
11480,792499.5,627811.565790246,0.0,0.0,1,1
11481,792401.5,627811.565790246,0.0,0.0,1,1
11482,792401.5,627811.565790246,0.0,0.0,1,1
11483,792401.5,627811.565790246,0.0,0.0,1,1
11484,792401.5,627811.565790246,0.0,0.0,1,1
11485,792401.5,627811.565790246,0.0,0.0,1,1
11486,792401.5,627811.565790246,0.0,0.0,1,1
11487,792401.5,627811.565790246,0.0,0.0,1,1
11488,792401.5,627811.565790246,0.0,0.0,1,1
11489,792401.5,627811.565790246,0.0,0.0,1,1
11490,792401.5,627811.565790246,0.0,0.0,1,1
11491,792401.5,627811.565790246,0.0,0.0,1,1
11492,792401.5,627811.565790246,0.0,0.0,1,1
11493,792401.5,627811.565790246,0.0,0.0,1,1
11494,792401.5,627811.565790246,0.0,0.0,1,1
11495,792521.5,627811.565790246,0.0,0.0,1,1
11496,792521.5,627811.565790246,0.0,0.0,1,1
11497,792521.5,627811.565790246,0.0,0.0,1,1
11498,792521.5,627811.565790246,0.0,0.0,1,1
11499,792521.5,627811.565790246,0.0,0.0,1,1
11500,792521.5,627811.565790246,0.0,0.0,1,1
11501,792521.5,627811.565790246,0.0,0.0,1,1
11502,792521.5,627811.565790246,0.0,0.0,1,1
11503,792521.5,627811.565790246,0.0,0.0,1,1
11504,792521.5,627811.565790246,0.0,0.0,1,1
11505,792521.5,627811.565790246,0.0,0.0,1,1
11506,792521.5,627811.565790246,0.0,0.0,1,1
11507,792521.5,627811.565790246,0.0,0.0,1,1
11508,792521.5,627811.565790246,0.0,0.0,1,1
11509,792521.5,627811.565790246,0.0,0.0,1,1
11510,792521.5,627811.565790246,0.0,0.0,1,1
11511,792521.5,627811.565790246,0.0,0.0,1,1
11512,792521.5,627811.565790246,0.0,0.0,1,1
11513,792521.5,627811.565790246,0.0,0.0,1,1
11514,792521.5,627811.565790246,0.0,0.0,1,1
11515,792521.5,627811.565790246,0.0,0.0,1,1
11516,792521.5,627811.565790246,0.0,0.0,1,1
11517,792521.5,627811.565790246,0.0,0.0,1,1
11518,792666.0,627811.565790246,0.0,0.0,1,1
11519,792666.0,627811.565790246,0.0,0.0,1,1
11520,792666.0,627811.565790246,0.0,0.0,1,1
11521,792666.0,627811.565790246,0.0,0.0,1,1
11522,792666.0,627811.565790246,0.0,0.0,1,1
11523,792666.0,627811.565790246,0.0,0.0,1,1
11524,792666.0,627811.565790246,0.0,0.0,1,1
11525,792666.0,627811.565790246,0.0,0.0,1,1
11526,792666.0,627811.565790246,0.0,0.0,1,1
11527,792666.0,627811.565790246,0.0,0.0,1,1
11528,792666.0,627811.565790246,0.0,0.0,1,1
11529,792666.0,627811.565790246,0.0,0.0,1,1
11530,792666.0,627811.565790246,0.0,0.0,1,1
11531,792666.0,627811.565790246,0.0,0.0,1,1
11532,792666.0,627811.565790246,0.0,0.0,1,1
11533,792666.0,627811.565790246,0.0,0.0,1,1
11534,792666.0,627811.565790246,0.0,0.0,1,1
11535,792666.0,627811.565790246,0.0,0.0,1,1
11536,792666.0,627811.565790246,0.0,0.0,1,1
11537,792666.0,627811.565790246,0.0,0.0,1,1
11538,792666.0,627811.565790246,0.0,0.0,1,1
11539,792666.0,627811.565790246,0.0,0.0,1,1
11540,792652.5,627811.565790246,0.0,0.0,1,1
11541,793257.5,627811.565790246,0.0,0.0,1,1
11542,793257.5,627811.565790246,0.0,0.0,1,1
11543,793257.5,627811.565790246,0.0,0.0,1,1
11544,793257.5,627811.565790246,0.0,0.0,1,1
11545,793257.5,627811.565790246,0.0,0.0,1,1
11546,793257.5,627811.565790246,0.0,0.0,1,1
11547,793257.5,627811.565790246,0.0,0.0,1,1
11548,793257.5,627811.565790246,0.0,0.0,1,1
11549,793257.5,627811.565790246,0.0,0.0,1,1
11550,793257.5,627811.565790246,0.0,0.0,1,1
11551,793257.5,627811.565790246,0.0,0.0,1,1
11552,793257.5,627811.565790246,0.0,0.0,1,1
11553,793257.5,627811.565790246,0.0,0.0,1,1
11554,793257.5,627811.565790246,0.0,0.0,1,1
11555,793257.5,627811.565790246,0.0,0.0,1,1
11556,793257.5,627811.565790246,0.0,0.0,1,1
11557,793257.5,627811.565790246,0.0,0.0,1,1
11558,793257.5,627811.565790246,0.0,0.0,1,1
11559,793257.5,627811.565790246,0.0,0.0,1,1
11560,793257.5,627811.565790246,0.0,0.0,1,1
11561,793257.5,627811.565790246,0.0,0.0,1,1
11562,793257.5,627811.565790246,0.0,0.0,1,1
11563,793257.5,627811.565790246,0.0,0.0,1,1
11564,793257.5,627811.565790246,0.0,0.0,1,1
11565,793257.5,627811.565790246,0.0,0.0,1,1
11566,793257.5,627811.565790246,0.0,0.0,1,1
11567,795250.0,627811.565790246,0.0,0.0,1,1
11568,795250.0,627811.565790246,0.0,0.0,1,1
11569,795250.0,627811.565790246,0.0,0.0,1,1
11570,795250.0,627811.565790246,0.0,0.0,1,1
11571,795250.0,627811.565790246,0.0,0.0,1,1
11572,795250.0,627811.565790246,0.0,0.0,1,1
11573,795250.0,627811.565790246,0.0,0.0,1,1
11574,795250.0,627811.565790246,0.0,0.0,1,1
11575,795250.0,627811.565790246,0.0,0.0,1,1
11576,795250.0,627811.565790246,0.0,0.0,1,1
11577,795250.0,627811.565790246,0.0,0.0,1,1
11578,795250.0,627811.565790246,0.0,0.0,1,1
11579,795250.0,627811.565790246,0.0,0.0,1,1
11580,795250.0,627811.565790246,0.0,0.0,1,1
11581,795250.0,627811.565790246,0.0,0.0,1,1
11582,795250.0,627811.565790246,0.0,0.0,1,1
11583,795250.0,627811.565790246,0.0,0.0,1,1
11584,795250.0,627811.565790246,0.0,0.0,1,1
11585,795250.0,627811.565790246,0.0,0.0,1,1
11586,795250.0,627811.565790246,0.0,0.0,1,1
11587,795140.5,627811.565790246,0.0,0.0,1,1
11588,795140.5,627811.565790246,0.0,0.0,1,1
11589,795140.5,627811.565790246,0.0,0.0,1,1
11590,795140.5,627811.565790246,0.0,0.0,1,1
11591,795140.5,627811.565790246,0.0,0.0,1,1
11592,795140.5,627811.565790246,0.0,0.0,1,1
11593,795140.5,627811.565790246,0.0,0.0,1,1
11594,795515.5,627811.565790246,0.0,0.0,1,1
11595,795515.5,627811.565790246,0.0,0.0,1,1
11596,795515.5,627811.565790246,0.0,0.0,1,1
11597,795515.5,627811.565790246,0.0,0.0,1,1
11598,795515.5,627811.565790246,0.0,0.0,1,1
11599,795515.5,627811.565790246,0.0,0.0,1,1
11600,795515.5,627811.565790246,0.0,0.0,1,1
11601,795515.5,627811.565790246,0.0,0.0,1,1
11602,795515.5,627811.565790246,0.0,0.0,1,1
11603,795791.0,627811.565790246,0.0,0.0,1,1
11604,795791.0,627811.565790246,0.0,0.0,1,1
11605,795791.0,627811.565790246,0.0,0.0,1,1
11606,795791.0,627811.565790246,0.0,0.0,1,1
11607,795791.0,627811.565790246,0.0,0.0,1,1
11608,795791.0,627811.565790246,0.0,0.0,1,1
11609,795791.0,627811.565790246,0.0,0.0,1,1
11610,795791.0,627811.565790246,0.0,0.0,1,1
11611,795791.0,627811.565790246,0.0,0.0,1,1
11612,795721.0,627811.565790246,0.0,0.0,1,1
11613,795721.0,627811.565790246,0.0,0.0,1,1
11614,795721.0,627811.565790246,0.0,0.0,1,1
11615,795721.0,627811.565790246,0.0,0.0,1,1
11616,795721.0,627811.565790246,0.0,0.0,1,1
11617,795721.0,627811.565790246,0.0,0.0,1,1
11618,795721.0,627811.565790246,0.0,0.0,1,1
11619,795721.0,627811.565790246,0.0,0.0,1,1
11620,795721.0,627811.565790246,0.0,0.0,1,1
11621,795721.0,627811.565790246,0.0,0.0,1,1
11622,795721.0,627811.565790246,0.0,0.0,1,1
11623,795721.0,627811.565790246,0.0,0.0,1,1
11624,795721.0,627811.565790246,0.0,0.0,1,1
11625,795721.0,627811.565790246,0.0,0.0,1,1
11626,795721.0,627811.565790246,0.0,0.0,1,1
11627,795721.0,627811.565790246,0.0,0.0,1,1
11628,795721.0,627811.565790246,0.0,0.0,1,1
11629,795721.0,627811.565790246,0.0,0.0,1,1
11630,795721.0,627811.565790246,0.0,0.0,1,1
11631,795686.0,627811.565790246,0.0,0.0,1,1
11632,795686.0,627811.565790246,0.0,0.0,1,1
11633,795686.0,627811.565790246,0.0,0.0,1,1
11634,795686.0,627811.565790246,0.0,0.0,1,1
11635,795686.0,627811.565790246,0.0,0.0,1,1
11636,795686.0,627811.565790246,0.0,0.0,1,1
11637,795686.0,627811.565790246,0.0,0.0,1,1
11638,795686.0,627811.565790246,0.0,0.0,1,1
11639,795686.0,627811.565790246,0.0,0.0,1,1
11640,795448.0131580492,627811.565790246,0.0,0.0,1,1
11641,795448.0131580492,627811.565790246,0.0,0.0,1,1
11642,795448.0131580492,627811.565790246,0.0,0.0,1,1
11643,795448.0131580492,627811.565790246,0.0,0.0,1,1
11644,795448.0131580492,627811.565790246,0.0,0.0,1,1
11645,795448.0131580492,627811.565790246,0.0,0.0,1,1
11646,795448.0131580492,627811.565790246,0.0,0.0,1,1
11647,795448.0131580492,627811.565790246,0.0,0.0,1,1
11648,795448.0131580492,627811.565790246,0.0,0.0,1,1
11649,795448.0131580492,627811.565790246,0.0,0.0,1,1
11650,795448.0131580492,627811.565790246,0.0,0.0,1,1
11651,795448.0131580492,627811.565790246,0.0,0.0,1,1
11652,795448.0131580492,627811.565790246,0.0,0.0,1,1
11653,795448.0131580492,627811.565790246,0.0,0.0,1,1
11654,795448.0131580492,627811.565790246,0.0,0.0,1,1
11655,795448.0131580492,627811.565790246,0.0,0.0,1,1
11656,795448.0131580492,627811.565790246,0.0,0.0,1,1
11657,795448.0131580492,627811.565790246,0.0,0.0,1,1
11658,795448.0131580492,627811.565790246,0.0,0.0,1,1
11659,795448.0131580492,627811.565790246,0.0,0.0,1,1
11660,795448.0131580492,627811.565790246,0.0,0.0,1,1
11661,795448.0131580492,627811.565790246,0.0,0.0,1,1
11662,795448.0131580492,627811.565790246,0.0,0.0,1,1
11663,795448.0131580492,627811.565790246,0.0,0.0,1,1
11664,795448.0131580492,627811.565790246,0.0,0.0,1,1
11665,795448.0131580492,627811.565790246,0.0,0.0,1,1
11666,795448.0131580492,627811.565790246,0.0,0.0,1,1
11667,795219.0,627811.565790246,0.0,0.0,1,1
11668,795219.0,627811.565790246,0.0,0.0,1,1
11669,795219.0,627811.565790246,0.0,0.0,1,1
11670,795219.0,627811.565790246,0.0,0.0,1,1
11671,795219.0,627811.565790246,0.0,0.0,1,1
11672,795219.0,627811.565790246,0.0,0.0,1,1
11673,795219.0,627811.565790246,0.0,0.0,1,1
11674,795219.0,627811.565790246,0.0,0.0,1,1
11675,795219.0,627811.565790246,0.0,0.0,1,1
11676,795219.0,627811.565790246,0.0,0.0,1,1
11677,795219.0,627811.565790246,0.0,0.0,1,1
11678,795219.0,627811.565790246,0.0,0.0,1,1
11679,795219.0,627811.565790246,0.0,0.0,1,1
11680,795219.0,627811.565790246,0.0,0.0,1,1
11681,795219.0,627811.565790246,0.0,0.0,1,1
11682,795219.0,627811.565790246,0.0,0.0,1,1
11683,795219.0,627811.565790246,0.0,0.0,1,1
11684,795219.0,627811.565790246,0.0,0.0,1,1
11685,795231.0,627811.565790246,0.0,0.0,1,1
11686,795231.0,627811.565790246,0.0,0.0,1,1
11687,795231.0,627811.565790246,0.0,0.0,1,1
11688,795231.0,627811.565790246,0.0,0.0,1,1
11689,795231.0,627811.565790246,0.0,0.0,1,1
11690,795231.0,627811.565790246,0.0,0.0,1,1
11691,795231.0,627811.565790246,0.0,0.0,1,1
11692,795231.0,627811.565790246,0.0,0.0,1,1
11693,795231.0,627811.565790246,0.0,0.0,1,1
11694,795231.0,627811.565790246,0.0,0.0,1,1
11695,795231.0,627811.565790246,0.0,0.0,1,1
11696,795231.0,627811.565790246,0.0,0.0,1,1
11697,795231.0,627811.565790246,0.0,0.0,1,1
11698,795231.0,627811.565790246,0.0,0.0,1,1
11699,795231.0,627811.565790246,0.0,0.0,1,1
11700,795231.0,627811.565790246,0.0,0.0,1,1
11701,795231.0,627811.565790246,0.0,0.0,1,1
11702,795231.0,627811.565790246,0.0,0.0,1,1
11703,795231.0,627811.565790246,0.0,0.0,1,1
11704,795231.0,627811.565790246,0.0,0.0,1,1
11705,795231.0,627811.565790246,0.0,0.0,1,1
11706,795231.0,627811.565790246,0.0,0.0,1,1
11707,795231.0,627811.565790246,0.0,0.0,1,1
11708,795422.0131580492,627811.565790246,0.0,0.0,1,1
11709,795422.0131580492,627811.565790246,0.0,0.0,1,1
11710,795422.0131580492,627811.565790246,0.0,0.0,1,1
11711,795422.0131580492,627811.565790246,0.0,0.0,1,1
11712,795422.0131580492,627811.565790246,0.0,0.0,1,1
11713,795422.0131580492,627811.565790246,0.0,0.0,1,1
11714,795422.0131580492,627811.565790246,0.0,0.0,1,1
11715,795274.5263160984,627811.565790246,0.0,0.0,1,1
11716,795262.5263160984,627811.565790246,0.0,0.0,1,1
11717,795262.5263160984,627811.565790246,0.0,0.0,1,1
11718,795584.0263160984,627811.565790246,0.0,0.0,1,1
11719,795584.0263160984,627811.565790246,0.0,0.0,1,1
11720,795584.0263160984,627811.565790246,0.0,0.0,1,1
11721,795584.0263160984,627811.565790246,0.0,0.0,1,1
11722,795584.0263160984,627811.565790246,0.0,0.0,1,1
11723,795584.0263160984,627811.565790246,0.0,0.0,1,1
11724,795584.0263160984,627811.565790246,0.0,0.0,1,1
11725,795584.0263160984,627811.565790246,0.0,0.0,1,1
11726,795563.0263160984,627811.565790246,0.0,0.0,1,1
11727,795563.0263160984,627811.565790246,0.0,0.0,1,1
11728,795563.0263160984,627811.565790246,0.0,0.0,1,1
11729,795563.0263160984,627811.565790246,0.0,0.0,1,1
11730,795563.0263160984,627811.565790246,0.0,0.0,1,1
11731,795563.0263160984,627811.565790246,0.0,0.0,1,1
11732,795563.0263160984,627811.565790246,0.0,0.0,1,1
11733,795583.0263160984,627811.565790246,0.0,0.0,1,1
11734,795583.0263160984,627811.565790246,0.0,0.0,1,1
11735,795583.0263160984,627811.565790246,0.0,0.0,1,1
11736,795350.0263160984,627811.565790246,0.0,0.0,1,1
11737,795725.5263160984,627811.565790246,0.0,0.0,1,1
11738,795725.5263160984,627811.565790246,0.0,0.0,1,1
11739,795725.5263160984,627811.565790246,0.0,0.0,1,1
11740,795725.5263160984,627811.565790246,0.0,0.0,1,1
11741,795725.5263160984,627811.565790246,0.0,0.0,1,1
11742,795725.5263160984,627811.565790246,0.0,0.0,1,1
11743,795725.5263160984,627811.565790246,0.0,0.0,1,1
11744,795725.5263160984,627811.565790246,0.0,0.0,1,1
11745,795725.5263160984,627811.565790246,0.0,0.0,1,1
11746,795725.5263160984,627811.565790246,0.0,0.0,1,1
11747,795725.5263160984,627811.565790246,0.0,0.0,1,1
11748,795620.5263160984,627811.565790246,0.0,0.0,1,1
11749,795620.5263160984,627811.565790246,0.0,0.0,1,1
11750,795620.5263160984,627811.565790246,0.0,0.0,1,1
11751,795620.5263160984,627811.565790246,0.0,0.0,1,1
11752,795620.5263160984,627811.565790246,0.0,0.0,1,1
11753,795620.5263160984,627811.565790246,0.0,0.0,1,1
11754,795620.5263160984,627811.565790246,0.0,0.0,1,1
11755,795620.5263160984,627811.565790246,0.0,0.0,1,1
11756,795620.5263160984,627811.565790246,0.0,0.0,1,1
11757,795620.5263160984,627811.565790246,0.0,0.0,1,1
11758,795620.5263160984,627811.565790246,0.0,0.0,1,1
11759,795620.5263160984,627811.565790246,0.0,0.0,1,1
11760,795620.5263160984,627811.565790246,0.0,0.0,1,1
11761,795620.5263160984,627811.565790246,0.0,0.0,1,1
11762,795620.5263160984,627811.565790246,0.0,0.0,1,1
11763,795506.5131580492,627811.565790246,0.0,0.0,1,1
11764,795506.5131580492,627811.565790246,0.0,0.0,1,1
11765,795506.5131580492,627811.565790246,0.0,0.0,1,1
11766,795506.5131580492,627811.565790246,0.0,0.0,1,1
11767,795506.5131580492,627811.565790246,0.0,0.0,1,1
11768,795506.5131580492,627811.565790246,0.0,0.0,1,1
11769,795506.5131580492,627811.565790246,0.0,0.0,1,1
11770,795506.5131580492,627811.565790246,0.0,0.0,1,1
11771,795506.5131580492,627811.565790246,0.0,0.0,1,1
11772,795506.5131580492,627811.565790246,0.0,0.0,1,1
11773,795506.5131580492,627811.565790246,0.0,0.0,1,1
11774,795506.5131580492,627811.565790246,0.0,0.0,1,1
11775,795506.5131580492,627811.565790246,0.0,0.0,1,1
11776,795506.5131580492,627811.565790246,0.0,0.0,1,1
11777,795506.5131580492,627811.565790246,0.0,0.0,1,1
11778,795506.5131580492,627811.565790246,0.0,0.0,1,1
11779,795506.5131580492,627811.565790246,0.0,0.0,1,1
11780,795506.5131580492,627811.565790246,0.0,0.0,1,1
11781,795506.5131580492,627811.565790246,0.0,0.0,1,1
11782,795506.5131580492,627811.565790246,0.0,0.0,1,1
11783,795506.5131580492,627811.565790246,0.0,0.0,1,1
11784,795506.5131580492,627811.565790246,0.0,0.0,1,1
11785,795506.5131580492,627811.565790246,0.0,0.0,1,1
11786,795506.5131580492,627811.565790246,0.0,0.0,1,1
11787,795506.5131580492,627811.565790246,0.0,0.0,1,1
11788,795506.5131580492,627811.565790246,0.0,0.0,1,1
11789,795506.5131580492,627811.565790246,0.0,0.0,1,1
11790,795506.5131580492,627811.565790246,0.0,0.0,1,1
11791,795405.5131580492,627811.565790246,0.0,0.0,1,1
11792,795405.5131580492,627811.565790246,0.0,0.0,1,1
11793,795405.5131580492,627811.565790246,0.0,0.0,1,1
11794,795405.5131580492,627811.565790246,0.0,0.0,1,1
11795,795405.5131580492,627811.565790246,0.0,0.0,1,1
11796,795506.5131580492,627811.565790246,0.0,0.0,1,1
11797,795506.5131580492,627811.565790246,0.0,0.0,1,1
11798,794231.0263160984,627811.565790246,0.0,0.0,1,1
11799,794231.0263160984,627811.565790246,0.0,0.0,1,1
11800,794231.0263160984,627811.565790246,0.0,0.0,1,1
11801,794231.0263160984,627811.565790246,0.0,0.0,1,1
11802,794231.0263160984,627811.565790246,0.0,0.0,1,1
11803,794231.0263160984,627811.565790246,0.0,0.0,1,1
11804,794231.0263160984,627811.565790246,0.0,0.0,1,1
11805,794231.0263160984,627811.565790246,0.0,0.0,1,1
11806,794231.0263160984,627811.565790246,0.0,0.0,1,1
11807,794231.0263160984,627811.565790246,0.0,0.0,1,1
11808,792735.0394741475,627811.565790246,0.0,0.0,1,1
11809,792735.0394741475,627811.565790246,0.0,0.0,1,1
11810,792735.0394741475,627811.565790246,0.0,0.0,1,1
11811,792735.0394741475,627811.565790246,0.0,0.0,1,1
11812,792735.0394741475,627811.565790246,0.0,0.0,1,1
11813,792735.0394741475,627811.565790246,0.0,0.0,1,1
11814,792735.0394741475,627811.565790246,0.0,0.0,1,1
11815,792735.0394741475,627811.565790246,0.0,0.0,1,1
11816,792735.0394741475,627811.565790246,0.0,0.0,1,1
11817,792735.0394741475,627811.565790246,0.0,0.0,1,1
11818,792735.0394741475,627811.565790246,0.0,0.0,1,1
11819,792735.0394741475,627811.565790246,0.0,0.0,1,1
11820,792735.0394741475,627811.565790246,0.0,0.0,1,1
11821,792735.0394741475,627811.565790246,0.0,0.0,1,1
11822,792479.0394741475,627811.565790246,0.0,0.0,1,1
11823,792479.0394741475,627811.565790246,0.0,0.0,1,1
11824,792520.0394741475,627811.565790246,0.0,0.0,1,1
11825,792520.0394741475,627811.565790246,0.0,0.0,1,1
11826,792520.0394741475,627811.565790246,0.0,0.0,1,1
11827,792520.0394741475,627811.565790246,0.0,0.0,1,1
11828,792520.0394741475,627811.565790246,0.0,0.0,1,1
11829,792520.0394741475,627811.565790246,0.0,0.0,1,1
11830,792520.0394741475,627811.565790246,0.0,0.0,1,1
11831,792520.0394741475,627811.565790246,0.0,0.0,1,1
11832,792520.0394741475,627811.565790246,0.0,0.0,1,1
11833,792520.0394741475,627811.565790246,0.0,0.0,1,1
11834,792520.0394741475,627811.565790246,0.0,0.0,1,1
11835,792520.0394741475,627811.565790246,0.0,0.0,1,1
11836,792520.0394741475,627811.565790246,0.0,0.0,1,1
11837,792520.0394741475,627811.565790246,0.0,0.0,1,1
11838,792520.0394741475,627811.565790246,0.0,0.0,1,1
11839,792520.0394741475,627811.565790246,0.0,0.0,1,1
11840,792520.0394741475,627811.565790246,0.0,0.0,1,1
11841,792520.0394741475,627811.565790246,0.0,0.0,1,1
11842,792520.0394741475,627811.565790246,0.0,0.0,1,1
11843,792520.0394741475,627811.565790246,0.0,0.0,1,1
11844,792520.0394741475,627811.565790246,0.0,0.0,1,1
11845,792520.0394741475,627811.565790246,0.0,0.0,1,1
11846,792520.0394741475,627811.565790246,0.0,0.0,1,1
11847,792520.0394741475,627811.565790246,0.0,0.0,1,1
11848,792520.0394741475,627811.565790246,0.0,0.0,1,1
11849,792520.0394741475,627811.565790246,0.0,0.0,1,1
11850,792520.0394741475,627811.565790246,0.0,0.0,1,1
11851,792520.0394741475,627811.565790246,0.0,0.0,1,1
11852,792520.0394741475,627811.565790246,0.0,0.0,1,1
11853,792520.0394741475,627811.565790246,0.0,0.0,1,1
11854,792520.0394741475,627811.565790246,0.0,0.0,1,1
11855,792520.0394741475,627811.565790246,0.0,0.0,1,1
11856,791088.5394741475,627811.565790246,0.0,0.0,1,1
11857,791088.5394741475,627811.565790246,0.0,0.0,1,1
11858,791088.5394741475,627811.565790246,0.0,0.0,1,1
11859,791088.5394741475,627811.565790246,0.0,0.0,1,1
11860,791088.5394741475,627811.565790246,0.0,0.0,1,1
11861,791088.5394741475,627811.565790246,0.0,0.0,1,1
11862,791088.5394741475,627811.565790246,0.0,0.0,1,1
11863,791088.5394741475,627811.565790246,0.0,0.0,1,1
11864,791088.5394741475,627811.565790246,0.0,0.0,1,1
11865,791088.5394741475,627811.565790246,0.0,0.0,1,1
11866,791088.5394741475,627811.565790246,0.0,0.0,1,1
11867,791088.5394741475,627811.565790246,0.0,0.0,1,1
11868,791088.5394741475,627811.565790246,0.0,0.0,1,1
11869,791088.5394741475,627811.565790246,0.0,0.0,1,1
11870,791088.5394741475,627811.565790246,0.0,0.0,1,1
11871,791088.5394741475,627811.565790246,0.0,0.0,1,1
11872,791088.5394741475,627811.565790246,0.0,0.0,1,1
11873,791088.5394741475,627811.565790246,0.0,0.0,1,1
11874,791235.5394741475,627811.565790246,0.0,0.0,1,1
11875,791235.5394741475,627811.565790246,0.0,0.0,1,1
11876,791235.5394741475,627811.565790246,0.0,0.0,1,1
11877,791235.5394741475,627811.565790246,0.0,0.0,1,1
11878,791187.5394741475,627811.565790246,0.0,0.0,1,1
11879,791187.5394741475,627811.565790246,0.0,0.0,1,1
11880,785477.1052643934,627811.565790246,0.0,0.0,1,1
11881,785477.1052643934,627811.565790246,0.0,0.0,1,1
11882,785678.6052643934,627811.565790246,0.0,0.0,1,1
11883,785678.6052643934,627811.565790246,0.0,0.0,1,1
11884,785678.6052643934,627811.565790246,0.0,0.0,1,1
11885,785678.6052643934,627811.565790246,0.0,0.0,1,1
11886,785678.6052643934,627811.565790246,0.0,0.0,1,1
11887,785678.6052643934,627811.565790246,0.0,0.0,1,1
11888,785678.6052643934,627811.565790246,0.0,0.0,1,1
11889,785678.6052643934,627811.565790246,0.0,0.0,1,1
11890,785678.6052643934,627811.565790246,0.0,0.0,1,1
11891,785678.6052643934,627811.565790246,0.0,0.0,1,1
11892,785678.6052643934,627811.565790246,0.0,0.0,1,1
11893,785678.6052643934,627811.565790246,0.0,0.0,1,1
11894,785678.6052643934,627811.565790246,0.0,0.0,1,1
11895,785678.6052643934,627811.565790246,0.0,0.0,1,1
11896,785678.6052643934,627811.565790246,0.0,0.0,1,1
11897,785678.6052643934,627811.565790246,0.0,0.0,1,1
11898,785678.6052643934,627811.565790246,0.0,0.0,1,1
11899,785678.6052643934,627811.565790246,0.0,0.0,1,1
11900,785678.6052643934,627811.565790246,0.0,0.0,1,1
11901,785678.6052643934,627811.565790246,0.0,0.0,1,1
11902,785678.6052643934,627811.565790246,0.0,0.0,1,1
11903,785678.6052643934,627811.565790246,0.0,0.0,1,1
11904,785678.6052643934,627811.565790246,0.0,0.0,1,1
11905,785678.6052643934,627811.565790246,0.0,0.0,1,1
11906,785678.6052643934,627811.565790246,0.0,0.0,1,1
11907,785678.6052643934,627811.565790246,0.0,0.0,1,1
11908,785678.6052643934,627811.565790246,0.0,0.0,1,1
11909,785678.6052643934,627811.565790246,0.0,0.0,1,1
11910,785678.6052643934,627811.565790246,0.0,0.0,1,1
11911,785678.6052643934,627811.565790246,0.0,0.0,1,1
11912,785705.6052643934,627811.565790246,0.0,0.0,1,1
11913,785705.6052643934,627811.565790246,0.0,0.0,1,1
11914,785705.6052643934,627811.565790246,0.0,0.0,1,1
11915,785705.6052643934,627811.565790246,0.0,0.0,1,1
11916,785705.6052643934,627811.565790246,0.0,0.0,1,1
11917,785705.6052643934,627811.565790246,0.0,0.0,1,1
11918,785705.6052643934,627811.565790246,0.0,0.0,1,1
11919,785705.6052643934,627811.565790246,0.0,0.0,1,1
11920,785705.6052643934,627811.565790246,0.0,0.0,1,1
11921,785705.6052643934,627811.565790246,0.0,0.0,1,1
11922,785705.6052643934,627811.565790246,0.0,0.0,1,1
11923,785705.6052643934,627811.565790246,0.0,0.0,1,1
11924,785705.6052643934,627811.565790246,0.0,0.0,1,1
11925,785705.6052643934,627811.565790246,0.0,0.0,1,1
11926,785705.6052643934,627811.565790246,0.0,0.0,1,1
11927,785705.6052643934,627811.565790246,0.0,0.0,1,1
11928,785705.6052643934,627811.565790246,0.0,0.0,1,1
11929,785705.6052643934,627811.565790246,0.0,0.0,1,1
11930,785513.0921063443,627811.565790246,0.0,0.0,1,1
11931,784981.5789482951,627811.565790246,0.0,0.0,1,1
11932,784981.5789482951,627811.565790246,0.0,0.0,1,1
11933,784981.5789482951,627811.565790246,0.0,0.0,1,1
11934,784981.5789482951,627811.565790246,0.0,0.0,1,1
11935,784605.565790246,627811.565790246,0.0,0.0,1,1
11936,784605.565790246,627811.565790246,0.0,0.0,1,1
11937,784605.565790246,627811.565790246,0.0,0.0,1,1
11938,784605.565790246,627811.565790246,0.0,0.0,1,1
11939,784605.565790246,627811.565790246,0.0,0.0,1,1
11940,784605.565790246,627811.565790246,0.0,0.0,1,1
11941,784605.565790246,627811.565790246,0.0,0.0,1,1
11942,784605.565790246,627811.565790246,0.0,0.0,1,1
11943,784605.565790246,627811.565790246,0.0,0.0,1,1
11944,784605.565790246,627811.565790246,0.0,0.0,1,1
11945,784605.565790246,627811.565790246,0.0,0.0,1,1
11946,784605.565790246,627811.565790246,0.0,0.0,1,1
11947,784605.565790246,627811.565790246,0.0,0.0,1,1
11948,784605.565790246,627811.565790246,0.0,0.0,1,1
11949,784605.565790246,627811.565790246,0.0,0.0,1,1
11950,784605.565790246,627811.565790246,0.0,0.0,1,1
11951,784605.565790246,627811.565790246,0.0,0.0,1,1
11952,784605.565790246,627811.565790246,0.0,0.0,1,1
11953,784605.565790246,627811.565790246,0.0,0.0,1,1
11954,784605.565790246,627811.565790246,0.0,0.0,1,1
11955,784605.565790246,627811.565790246,0.0,0.0,1,1
11956,784605.565790246,627811.565790246,0.0,0.0,1,1
11957,784605.565790246,627811.565790246,0.0,0.0,1,1
11958,784605.565790246,627811.565790246,0.0,0.0,1,1
11959,784605.565790246,627811.565790246,0.0,0.0,1,1
11960,784605.565790246,627811.565790246,0.0,0.0,1,1
11961,784605.565790246,627811.565790246,0.0,0.0,1,1
11962,784605.565790246,627811.565790246,0.0,0.0,1,1
11963,784605.565790246,627811.565790246,0.0,0.0,1,1
11964,784605.565790246,627811.565790246,0.0,0.0,1,1
11965,785022.0394741476,627811.565790246,0.0,0.0,1,1
11966,785022.0394741476,627811.565790246,0.0,0.0,1,1
11967,785022.0394741476,627811.565790246,0.0,0.0,1,1
11968,785022.0394741476,627811.565790246,0.0,0.0,1,1
11969,785022.0394741476,627811.565790246,0.0,0.0,1,1
11970,785022.0394741476,627811.565790246,0.0,0.0,1,1
11971,785022.0394741476,627811.565790246,0.0,0.0,1,1
11972,785022.0394741476,627811.565790246,0.0,0.0,1,1
11973,785022.0394741476,627811.565790246,0.0,0.0,1,1
11974,785022.0394741476,627811.565790246,0.0,0.0,1,1
11975,785022.0394741476,627811.565790246,0.0,0.0,1,1
11976,785022.0394741476,627811.565790246,0.0,0.0,1,1
11977,785022.0394741476,627811.565790246,0.0,0.0,1,1
11978,785022.0394741476,627811.565790246,0.0,0.0,1,1
11979,785022.0394741476,627811.565790246,0.0,0.0,1,1
11980,785022.0394741476,627811.565790246,0.0,0.0,1,1
11981,785022.0394741476,627811.565790246,0.0,0.0,1,1
11982,785022.0394741476,627811.565790246,0.0,0.0,1,1
11983,785022.0394741476,627811.565790246,0.0,0.0,1,1
11984,785022.0394741476,627811.565790246,0.0,0.0,1,1
11985,785022.0394741476,627811.565790246,0.0,0.0,1,1
11986,785022.0394741476,627811.565790246,0.0,0.0,1,1
11987,785022.0394741476,627811.565790246,0.0,0.0,1,1
11988,785022.0394741476,627811.565790246,0.0,0.0,1,1
11989,785022.0394741476,627811.565790246,0.0,0.0,1,1
11990,785022.0394741476,627811.565790246,0.0,0.0,1,1
11991,785022.0394741476,627811.565790246,0.0,0.0,1,1
11992,785022.0394741476,627811.565790246,0.0,0.0,1,1
11993,785022.0394741476,627811.565790246,0.0,0.0,1,1
11994,785022.0394741476,627811.565790246,0.0,0.0,1,1
11995,785022.0394741476,627811.565790246,0.0,0.0,1,1
11996,785022.0394741476,627811.565790246,0.0,0.0,1,1
11997,785022.0394741476,627811.565790246,0.0,0.0,1,1
11998,785022.0394741476,627811.565790246,0.0,0.0,1,1
11999,785022.0394741476,627811.565790246,0.0,0.0,1,1
12000,785022.0394741476,627811.565790246,0.0,0.0,1,1
12001,785022.0394741476,627811.565790246,0.0,0.0,1,1
12002,785022.0394741476,627811.565790246,0.0,0.0,1,1
12003,784515.0394741476,627811.565790246,0.0,0.0,1,1
12004,784515.0394741476,627811.565790246,0.0,0.0,1,1
12005,784515.0394741476,627811.565790246,0.0,0.0,1,1
12006,784515.0394741476,627811.565790246,0.0,0.0,1,1
12007,784515.0394741476,627811.565790246,0.0,0.0,1,1
12008,784515.0394741476,627811.565790246,0.0,0.0,1,1
12009,784515.0394741476,627811.565790246,0.0,0.0,1,1
12010,784515.0394741476,627811.565790246,0.0,0.0,1,1
12011,784515.0394741476,627811.565790246,0.0,0.0,1,1
12012,784599.0394741476,627811.565790246,0.0,0.0,1,1
12013,784599.0394741476,627811.565790246,0.0,0.0,1,1
12014,784599.0394741476,627811.565790246,0.0,0.0,1,1
12015,784599.0394741476,627811.565790246,0.0,0.0,1,1
12016,784678.5394741476,627811.565790246,0.0,0.0,1,1
12017,784678.5394741476,627811.565790246,0.0,0.0,1,1
12018,784678.5394741476,627811.565790246,0.0,0.0,1,1
12019,784678.5394741476,627811.565790246,0.0,0.0,1,1
12020,784678.5394741476,627811.565790246,0.0,0.0,1,1
12021,784678.5394741476,627811.565790246,0.0,0.0,1,1
12022,784678.5394741476,627811.565790246,0.0,0.0,1,1
12023,784678.5394741476,627811.565790246,0.0,0.0,1,1
12024,784678.5394741476,627811.565790246,0.0,0.0,1,1
12025,784678.5394741476,627811.565790246,0.0,0.0,1,1
12026,784678.5394741476,627811.565790246,0.0,0.0,1,1
12027,784678.5394741476,627811.565790246,0.0,0.0,1,1
12028,784678.5394741476,627811.565790246,0.0,0.0,1,1
12029,784678.5394741476,627811.565790246,0.0,0.0,1,1
12030,784678.5394741476,627811.565790246,0.0,0.0,1,1
12031,784678.5394741476,627811.565790246,0.0,0.0,1,1
12032,784678.5394741476,627811.565790246,0.0,0.0,1,1
12033,784678.5394741476,627811.565790246,0.0,0.0,1,1
12034,784678.5394741476,627811.565790246,0.0,0.0,1,1
12035,784599.0394741476,627811.565790246,0.0,0.0,1,1
12036,784706.5394741476,627811.565790246,0.0,0.0,1,1
12037,784706.5394741476,627811.565790246,0.0,0.0,1,1
12038,784622.5394741476,627811.565790246,0.0,0.0,1,1
12039,784622.5394741476,627811.565790246,0.0,0.0,1,1
12040,784622.5394741476,627811.565790246,0.0,0.0,1,1
12041,784622.5394741476,627811.565790246,0.0,0.0,1,1
12042,784622.5394741476,627811.565790246,0.0,0.0,1,1
12043,784573.0394741476,627811.565790246,0.0,0.0,1,1
12044,784573.0394741476,627811.565790246,0.0,0.0,1,1
12045,784573.0394741476,627811.565790246,0.0,0.0,1,1
12046,784573.0394741476,627811.565790246,0.0,0.0,1,1
12047,784573.0394741476,627811.565790246,0.0,0.0,1,1
12048,784573.0394741476,627811.565790246,0.0,0.0,1,1
12049,784573.0394741476,627811.565790246,0.0,0.0,1,1
12050,784657.0394741476,627811.565790246,0.0,0.0,1,1
12051,784657.0394741476,627811.565790246,0.0,0.0,1,1
12052,784389.5394741476,627811.565790246,0.0,0.0,1,1
12053,784389.5394741476,627811.565790246,0.0,0.0,1,1
12054,784389.5394741476,627811.565790246,0.0,0.0,1,1
12055,784389.5394741476,627811.565790246,0.0,0.0,1,1
12056,784389.5394741476,627811.565790246,0.0,0.0,1,1
12057,784389.5394741476,627811.565790246,0.0,0.0,1,1
12058,784389.5394741476,627811.565790246,0.0,0.0,1,1
12059,784389.5394741476,627811.565790246,0.0,0.0,1,1
12060,784389.5394741476,627811.565790246,0.0,0.0,1,1
12061,784389.5394741476,627811.565790246,0.0,0.0,1,1
12062,784389.5394741476,627811.565790246,0.0,0.0,1,1
12063,784389.5394741476,627811.565790246,0.0,0.0,1,1
12064,784389.5394741476,627811.565790246,0.0,0.0,1,1
12065,784389.5394741476,627811.565790246,0.0,0.0,1,1
12066,784389.5394741476,627811.565790246,0.0,0.0,1,1
12067,784389.5394741476,627811.565790246,0.0,0.0,1,1
12068,784389.5394741476,627811.565790246,0.0,0.0,1,1
12069,784389.5394741476,627811.565790246,0.0,0.0,1,1
12070,784389.5394741476,627811.565790246,0.0,0.0,1,1
12071,784389.5394741476,627811.565790246,0.0,0.0,1,1
12072,784389.5394741476,627811.565790246,0.0,0.0,1,1
12073,784389.5394741476,627811.565790246,0.0,0.0,1,1
12074,784389.5394741476,627811.565790246,0.0,0.0,1,1
12075,784389.5394741476,627811.565790246,0.0,0.0,1,1
12076,784389.5394741476,627811.565790246,0.0,0.0,1,1
12077,784389.5394741476,627811.565790246,0.0,0.0,1,1
12078,784389.5394741476,627811.565790246,0.0,0.0,1,1
12079,784389.5394741476,627811.565790246,0.0,0.0,1,1
12080,784389.5394741476,627811.565790246,0.0,0.0,1,1
12081,784389.5394741476,627811.565790246,0.0,0.0,1,1
12082,784389.5394741476,627811.565790246,0.0,0.0,1,1
12083,784389.5394741476,627811.565790246,0.0,0.0,1,1
12084,784389.5394741476,627811.565790246,0.0,0.0,1,1
12085,784389.5394741476,627811.565790246,0.0,0.0,1,1
12086,784389.5394741476,627811.565790246,0.0,0.0,1,1
12087,784389.5394741476,627811.565790246,0.0,0.0,1,1
12088,786862.5394741476,627811.565790246,0.0,0.0,1,1
12089,786862.5394741476,627811.565790246,0.0,0.0,1,1
12090,786862.5394741476,627811.565790246,0.0,0.0,1,1
12091,786862.5394741476,627811.565790246,0.0,0.0,1,1
12092,786862.5394741476,627811.565790246,0.0,0.0,1,1
12093,786862.5394741476,627811.565790246,0.0,0.0,1,1
12094,786862.5394741476,627811.565790246,0.0,0.0,1,1
12095,786862.5394741476,627811.565790246,0.0,0.0,1,1
12096,786862.5394741476,627811.565790246,0.0,0.0,1,1
12097,786862.5394741476,627811.565790246,0.0,0.0,1,1
12098,786862.5394741476,627811.565790246,0.0,0.0,1,1
12099,786862.5394741476,627811.565790246,0.0,0.0,1,1
12100,786862.5394741476,627811.565790246,0.0,0.0,1,1
12101,786862.5394741476,627811.565790246,0.0,0.0,1,1
12102,786862.5394741476,627811.565790246,0.0,0.0,1,1
12103,786862.5394741476,627811.565790246,0.0,0.0,1,1
12104,786862.5394741476,627811.565790246,0.0,0.0,1,1
12105,786862.5394741476,627811.565790246,0.0,0.0,1,1
12106,786862.5394741476,627811.565790246,0.0,0.0,1,1
12107,786862.5394741476,627811.565790246,0.0,0.0,1,1
12108,787183.0394741476,627811.565790246,0.0,0.0,1,1
12109,787183.0394741476,627811.565790246,0.0,0.0,1,1
12110,787183.0394741476,627811.565790246,0.0,0.0,1,1
12111,787183.0394741476,627811.565790246,0.0,0.0,1,1
12112,787183.0394741476,627811.565790246,0.0,0.0,1,1
12113,787183.0394741476,627811.565790246,0.0,0.0,1,1
12114,787183.0394741476,627811.565790246,0.0,0.0,1,1
12115,787183.0394741476,627811.565790246,0.0,0.0,1,1
12116,787183.0394741476,627811.565790246,0.0,0.0,1,1
12117,787183.0394741476,627811.565790246,0.0,0.0,1,1
12118,787183.0394741476,627811.565790246,0.0,0.0,1,1
12119,787183.0394741476,627811.565790246,0.0,0.0,1,1
12120,787183.0394741476,627811.565790246,0.0,0.0,1,1
12121,787183.0394741476,627811.565790246,0.0,0.0,1,1
12122,787183.0394741476,627811.565790246,0.0,0.0,1,1
12123,787183.0394741476,627811.565790246,0.0,0.0,1,1
12124,787183.0394741476,627811.565790246,0.0,0.0,1,1
12125,787183.0394741476,627811.565790246,0.0,0.0,1,1
12126,787183.0394741476,627811.565790246,0.0,0.0,1,1
12127,787183.0394741476,627811.565790246,0.0,0.0,1,1
12128,787183.0394741476,627811.565790246,0.0,0.0,1,1
12129,787183.0394741476,627811.565790246,0.0,0.0,1,1
12130,787183.0394741476,627811.565790246,0.0,0.0,1,1
12131,787183.0394741476,627811.565790246,0.0,0.0,1,1
12132,787183.0394741476,627811.565790246,0.0,0.0,1,1
12133,787183.0394741476,627811.565790246,0.0,0.0,1,1
12134,787183.0394741476,627811.565790246,0.0,0.0,1,1
12135,787183.0394741476,627811.565790246,0.0,0.0,1,1
12136,787183.0394741476,627811.565790246,0.0,0.0,1,1
12137,787183.0394741476,627811.565790246,0.0,0.0,1,1
12138,787183.0394741476,627811.565790246,0.0,0.0,1,1
12139,787183.0394741476,627811.565790246,0.0,0.0,1,1
12140,787183.0394741476,627811.565790246,0.0,0.0,1,1
12141,787183.0394741476,627811.565790246,0.0,0.0,1,1
12142,787183.0394741476,627811.565790246,0.0,0.0,1,1
12143,787183.0394741476,627811.565790246,0.0,0.0,1,1
12144,787172.0394741476,627811.565790246,0.0,0.0,1,1
12145,787172.0394741476,627811.565790246,0.0,0.0,1,1
12146,787172.0394741476,627811.565790246,0.0,0.0,1,1
12147,787172.0394741476,627811.565790246,0.0,0.0,1,1
12148,787172.0394741476,627811.565790246,0.0,0.0,1,1
12149,787172.0394741476,627811.565790246,0.0,0.0,1,1
12150,787172.0394741476,627811.565790246,0.0,0.0,1,1
12151,787172.0394741476,627811.565790246,0.0,0.0,1,1
12152,787172.0394741476,627811.565790246,0.0,0.0,1,1
12153,787172.0394741476,627811.565790246,0.0,0.0,1,1
12154,787172.0394741476,627811.565790246,0.0,0.0,1,1
12155,787172.0394741476,627811.565790246,0.0,0.0,1,1
12156,787172.0394741476,627811.565790246,0.0,0.0,1,1
12157,787172.0394741476,627811.565790246,0.0,0.0,1,1
12158,787172.0394741476,627811.565790246,0.0,0.0,1,1
12159,787172.0394741476,627811.565790246,0.0,0.0,1,1
12160,787172.0394741476,627811.565790246,0.0,0.0,1,1
12161,787172.0394741476,627811.565790246,0.0,0.0,1,1
12162,787172.0394741476,627811.565790246,0.0,0.0,1,1
12163,787172.0394741476,627811.565790246,0.0,0.0,1,1
12164,787172.0394741476,627811.565790246,0.0,0.0,1,1
12165,787172.0394741476,627811.565790246,0.0,0.0,1,1
12166,787172.0394741476,627811.565790246,0.0,0.0,1,1
12167,787172.0394741476,627811.565790246,0.0,0.0,1,1
12168,787172.0394741476,627811.565790246,0.0,0.0,1,1
12169,787172.0394741476,627811.565790246,0.0,0.0,1,1
12170,787172.0394741476,627811.565790246,0.0,0.0,1,1
12171,787172.0394741476,627811.565790246,0.0,0.0,1,1
12172,787260.0394741476,627811.565790246,0.0,0.0,1,1
12173,787260.0394741476,627811.565790246,0.0,0.0,1,1
12174,787260.0394741476,627811.565790246,0.0,0.0,1,1
12175,787260.0394741476,627811.565790246,0.0,0.0,1,1
12176,787260.0394741476,627811.565790246,0.0,0.0,1,1
12177,787260.0394741476,627811.565790246,0.0,0.0,1,1
12178,787260.0394741476,627811.565790246,0.0,0.0,1,1
12179,787260.0394741476,627811.565790246,0.0,0.0,1,1
12180,787260.0394741476,627811.565790246,0.0,0.0,1,1
12181,787260.0394741476,627811.565790246,0.0,0.0,1,1
12182,787260.0394741476,627811.565790246,0.0,0.0,1,1
12183,787260.0394741476,627811.565790246,0.0,0.0,1,1
12184,787260.0394741476,627811.565790246,0.0,0.0,1,1
12185,787260.0394741476,627811.565790246,0.0,0.0,1,1
12186,787260.0394741476,627811.565790246,0.0,0.0,1,1
12187,787260.0394741476,627811.565790246,0.0,0.0,1,1
12188,787260.0394741476,627811.565790246,0.0,0.0,1,1
12189,787152.0394741476,627811.565790246,0.0,0.0,1,1
12190,787152.0394741476,627811.565790246,0.0,0.0,1,1
12191,787152.0394741476,627811.565790246,0.0,0.0,1,1
12192,787152.0394741476,627811.565790246,0.0,0.0,1,1
12193,787152.0394741476,627811.565790246,0.0,0.0,1,1
12194,787152.0394741476,627811.565790246,0.0,0.0,1,1
12195,786638.0263160984,627811.565790246,0.0,0.0,1,1
12196,786638.0263160984,627811.565790246,0.0,0.0,1,1
12197,786638.0263160984,627811.565790246,0.0,0.0,1,1
12198,786638.0263160984,627811.565790246,0.0,0.0,1,1
12199,786681.0263160984,627811.565790246,0.0,0.0,1,1
12200,786695.5263160984,627811.565790246,0.0,0.0,1,1
12201,786695.5263160984,627811.565790246,0.0,0.0,1,1
12202,786695.5263160984,627811.565790246,0.0,0.0,1,1
12203,786695.5263160984,627811.565790246,0.0,0.0,1,1
12204,786695.5263160984,627811.565790246,0.0,0.0,1,1
12205,786695.5263160984,627811.565790246,0.0,0.0,1,1
12206,786695.5263160984,627811.565790246,0.0,0.0,1,1
12207,786695.5263160984,627811.565790246,0.0,0.0,1,1
12208,786796.5263160984,627811.565790246,0.0,0.0,1,1
12209,786796.5263160984,627811.565790246,0.0,0.0,1,1
12210,786796.5263160984,627811.565790246,0.0,0.0,1,1
12211,786796.5263160984,627811.565790246,0.0,0.0,1,1
12212,786796.5263160984,627811.565790246,0.0,0.0,1,1
12213,786796.5263160984,627811.565790246,0.0,0.0,1,1
12214,786796.5263160984,627811.565790246,0.0,0.0,1,1
12215,786796.5263160984,627811.565790246,0.0,0.0,1,1
12216,786926.5,627811.565790246,0.0,0.0,1,1
12217,786926.5,627811.565790246,0.0,0.0,1,1
12218,786926.5,627811.565790246,0.0,0.0,1,1
12219,786926.5,627811.565790246,0.0,0.0,1,1
12220,786926.5,627811.565790246,0.0,0.0,1,1
12221,786926.5,627811.565790246,0.0,0.0,1,1
12222,786121.0,627811.565790246,0.0,0.0,1,1
12223,786121.0,627811.565790246,0.0,0.0,1,1
12224,786121.0,627811.565790246,0.0,0.0,1,1
12225,786121.0,627811.565790246,0.0,0.0,1,1
12226,786121.0,627811.565790246,0.0,0.0,1,1
12227,786121.0,627811.565790246,0.0,0.0,1,1
12228,786121.0,627811.565790246,0.0,0.0,1,1
12229,786121.0,627811.565790246,0.0,0.0,1,1
12230,786121.0,627811.565790246,0.0,0.0,1,1
12231,786121.0,627811.565790246,0.0,0.0,1,1
12232,786121.0,627811.565790246,0.0,0.0,1,1
12233,786121.0,627811.565790246,0.0,0.0,1,1
12234,786121.0,627811.565790246,0.0,0.0,1,1
12235,786121.0,627811.565790246,0.0,0.0,1,1
12236,786121.0,627811.565790246,0.0,0.0,1,1
12237,786121.0,627811.565790246,0.0,0.0,1,1
12238,788242.0,627811.565790246,0.0,0.0,1,1
12239,788242.0,627811.565790246,0.0,0.0,1,1
12240,788242.0,627811.565790246,0.0,0.0,1,1
12241,788242.0,627811.565790246,0.0,0.0,1,1
12242,788242.0,627811.565790246,0.0,0.0,1,1
12243,788237.5,627811.565790246,0.0,0.0,1,1
12244,788237.5,627811.565790246,0.0,0.0,1,1
12245,788237.5,627811.565790246,0.0,0.0,1,1
12246,788237.5,627811.565790246,0.0,0.0,1,1
12247,788237.5,627811.565790246,0.0,0.0,1,1
12248,788237.5,627811.565790246,0.0,0.0,1,1
12249,788237.5,627811.565790246,0.0,0.0,1,1
12250,788237.5,627811.565790246,0.0,0.0,1,1
12251,788237.5,627811.565790246,0.0,0.0,1,1
12252,788237.5,627811.565790246,0.0,0.0,1,1
12253,788237.5,627811.565790246,0.0,0.0,1,1
12254,788237.5,627811.565790246,0.0,0.0,1,1
12255,788237.5,627811.565790246,0.0,0.0,1,1
12256,788237.5,627811.565790246,0.0,0.0,1,1
12257,788237.5,627811.565790246,0.0,0.0,1,1
12258,788237.5,627811.565790246,0.0,0.0,1,1
12259,788237.5,627811.565790246,0.0,0.0,1,1
12260,788237.5,627811.565790246,0.0,0.0,1,1
12261,788237.5,627811.565790246,0.0,0.0,1,1
12262,788237.5,627811.565790246,0.0,0.0,1,1
12263,788237.5,627811.565790246,0.0,0.0,1,1
12264,788237.5,627811.565790246,0.0,0.0,1,1
12265,788237.5,627811.565790246,0.0,0.0,1,1
12266,788237.5,627811.565790246,0.0,0.0,1,1
12267,788237.5,627811.565790246,0.0,0.0,1,1
12268,788237.5,627811.565790246,0.0,0.0,1,1
12269,788237.5,627811.565790246,0.0,0.0,1,1
12270,788237.5,627811.565790246,0.0,0.0,1,1
12271,788237.5,627811.565790246,0.0,0.0,1,1
12272,788237.5,627811.565790246,0.0,0.0,1,1
12273,788237.5,627811.565790246,0.0,0.0,1,1
12274,788237.5,627811.565790246,0.0,0.0,1,1
12275,788482.0,627811.565790246,0.0,0.0,1,1
12276,788482.0,627811.565790246,0.0,0.0,1,1
12277,788482.0,627811.565790246,0.0,0.0,1,1
12278,788482.0,627811.565790246,0.0,0.0,1,1
12279,788482.0,627811.565790246,0.0,0.0,1,1
12280,788482.0,627811.565790246,0.0,0.0,1,1
12281,788482.0,627811.565790246,0.0,0.0,1,1
12282,788482.0,627811.565790246,0.0,0.0,1,1
12283,788482.0,627811.565790246,0.0,0.0,1,1
12284,788482.0,627811.565790246,0.0,0.0,1,1
12285,789048.5131580492,627811.565790246,0.0,0.0,1,1
12286,789048.5131580492,627811.565790246,0.0,0.0,1,1
12287,789048.5131580492,627811.565790246,0.0,0.0,1,1
12288,789048.5131580492,627811.565790246,0.0,0.0,1,1
12289,789048.5131580492,627811.565790246,0.0,0.0,1,1
12290,789227.5263160984,627811.565790246,0.0,0.0,1,1
12291,789227.5263160984,627811.565790246,0.0,0.0,1,1
12292,789227.5263160984,627811.565790246,0.0,0.0,1,1
12293,789057.0394741476,627811.565790246,0.0,0.0,1,1
12294,789057.0394741476,627811.565790246,0.0,0.0,1,1
12295,789057.0394741476,627811.565790246,0.0,0.0,1,1
12296,789057.0394741476,627811.565790246,0.0,0.0,1,1
12297,789057.0394741476,627811.565790246,0.0,0.0,1,1
12298,789057.0394741476,627811.565790246,0.0,0.0,1,1
12299,789057.0394741476,627811.565790246,0.0,0.0,1,1
12300,789057.0394741476,627811.565790246,0.0,0.0,1,1
12301,789057.0394741476,627811.565790246,0.0,0.0,1,1
12302,789057.0394741476,627811.565790246,0.0,0.0,1,1
12303,789057.0394741476,627811.565790246,0.0,0.0,1,1
12304,789057.0394741476,627811.565790246,0.0,0.0,1,1
12305,789057.0394741476,627811.565790246,0.0,0.0,1,1
12306,789057.0394741476,627811.565790246,0.0,0.0,1,1
12307,789057.0394741476,627811.565790246,0.0,0.0,1,1
12308,789057.0394741476,627811.565790246,0.0,0.0,1,1
12309,789057.0394741476,627811.565790246,0.0,0.0,1,1
12310,789057.0394741476,627811.565790246,0.0,0.0,1,1
12311,789057.0394741476,627811.565790246,0.0,0.0,1,1
12312,789057.0394741476,627811.565790246,0.0,0.0,1,1
12313,789057.0394741476,627811.565790246,0.0,0.0,1,1
12314,789057.0394741476,627811.565790246,0.0,0.0,1,1
12315,789057.0394741476,627811.565790246,0.0,0.0,1,1
12316,789057.0394741476,627811.565790246,0.0,0.0,1,1
12317,789057.0394741476,627811.565790246,0.0,0.0,1,1
12318,789057.0394741476,627811.565790246,0.0,0.0,1,1
12319,789057.0394741476,627811.565790246,0.0,0.0,1,1
12320,789057.0394741476,627811.565790246,0.0,0.0,1,1
12321,789057.0394741476,627811.565790246,0.0,0.0,1,1
12322,789057.0394741476,627811.565790246,0.0,0.0,1,1
12323,789057.0394741476,627811.565790246,0.0,0.0,1,1
12324,789057.0394741476,627811.565790246,0.0,0.0,1,1
12325,789057.0394741476,627811.565790246,0.0,0.0,1,1
12326,789057.0394741476,627811.565790246,0.0,0.0,1,1
12327,789057.0394741476,627811.565790246,0.0,0.0,1,1
12328,789057.0394741476,627811.565790246,0.0,0.0,1,1
12329,789057.0394741476,627811.565790246,0.0,0.0,1,1
12330,789057.0394741476,627811.565790246,0.0,0.0,1,1
12331,789058.5394741476,627811.565790246,0.0,0.0,1,1
12332,789058.5394741476,627811.565790246,0.0,0.0,1,1
12333,789058.5394741476,627811.565790246,0.0,0.0,1,1
12334,789058.5394741476,627811.565790246,0.0,0.0,1,1
12335,789058.5394741476,627811.565790246,0.0,0.0,1,1
12336,789058.5394741476,627811.565790246,0.0,0.0,1,1
12337,789058.5394741476,627811.565790246,0.0,0.0,1,1
12338,789058.5394741476,627811.565790246,0.0,0.0,1,1
12339,789058.5394741476,627811.565790246,0.0,0.0,1,1
12340,789058.5394741476,627811.565790246,0.0,0.0,1,1
12341,789058.5394741476,627811.565790246,0.0,0.0,1,1
12342,789058.5394741476,627811.565790246,0.0,0.0,1,1
12343,789058.5394741476,627811.565790246,0.0,0.0,1,1
12344,789058.5394741476,627811.565790246,0.0,0.0,1,1
12345,789058.5394741476,627811.565790246,0.0,0.0,1,1
12346,789058.5394741476,627811.565790246,0.0,0.0,1,1
12347,789058.5394741476,627811.565790246,0.0,0.0,1,1
12348,789058.5394741476,627811.565790246,0.0,0.0,1,1
12349,789058.5394741476,627811.565790246,0.0,0.0,1,1
12350,789058.5394741476,627811.565790246,0.0,0.0,1,1
12351,789058.5394741476,627811.565790246,0.0,0.0,1,1
12352,789058.5394741476,627811.565790246,0.0,0.0,1,1
12353,789058.5394741476,627811.565790246,0.0,0.0,1,1
12354,789058.5394741476,627811.565790246,0.0,0.0,1,1
12355,789058.5394741476,627811.565790246,0.0,0.0,1,1
12356,789058.5394741476,627811.565790246,0.0,0.0,1,1
12357,789058.5394741476,627811.565790246,0.0,0.0,1,1
12358,789058.5394741476,627811.565790246,0.0,0.0,1,1
12359,789058.5394741476,627811.565790246,0.0,0.0,1,1
12360,789058.5394741476,627811.565790246,0.0,0.0,1,1
12361,789058.5394741476,627811.565790246,0.0,0.0,1,1
12362,789058.5394741476,627811.565790246,0.0,0.0,1,1
12363,789058.5394741476,627811.565790246,0.0,0.0,1,1
12364,789058.5394741476,627811.565790246,0.0,0.0,1,1
12365,789058.5394741476,627811.565790246,0.0,0.0,1,1
12366,789058.5394741476,627811.565790246,0.0,0.0,1,1
12367,789425.5394741476,627811.565790246,0.0,0.0,1,1
12368,789425.5394741476,627811.565790246,0.0,0.0,1,1
12369,789425.5394741476,627811.565790246,0.0,0.0,1,1
12370,789425.5394741476,627811.565790246,0.0,0.0,1,1
12371,789425.5394741476,627811.565790246,0.0,0.0,1,1
12372,789425.5394741476,627811.565790246,0.0,0.0,1,1
12373,789425.5394741476,627811.565790246,0.0,0.0,1,1
12374,789425.5394741476,627811.565790246,0.0,0.0,1,1
12375,789357.5394741476,627811.565790246,0.0,0.0,1,1
12376,789357.5394741476,627811.565790246,0.0,0.0,1,1
12377,789357.5394741476,627811.565790246,0.0,0.0,1,1
12378,789357.5394741476,627811.565790246,0.0,0.0,1,1
12379,789357.5394741476,627811.565790246,0.0,0.0,1,1
12380,789357.5394741476,627811.565790246,0.0,0.0,1,1
12381,789357.5394741476,627811.565790246,0.0,0.0,1,1
12382,789357.5394741476,627811.565790246,0.0,0.0,1,1
12383,789357.5394741476,627811.565790246,0.0,0.0,1,1
12384,789357.5394741476,627811.565790246,0.0,0.0,1,1
12385,789357.5394741476,627811.565790246,0.0,0.0,1,1
12386,789357.5394741476,627811.565790246,0.0,0.0,1,1
12387,789357.5394741476,627811.565790246,0.0,0.0,1,1
12388,789357.5394741476,627811.565790246,0.0,0.0,1,1
12389,789357.5394741476,627811.565790246,0.0,0.0,1,1
12390,789357.5394741476,627811.565790246,0.0,0.0,1,1
12391,789357.5394741476,627811.565790246,0.0,0.0,1,1
12392,789357.5394741476,627811.565790246,0.0,0.0,1,1
12393,789357.5394741476,627811.565790246,0.0,0.0,1,1
12394,789478.5394741476,627811.565790246,0.0,0.0,1,1
12395,789478.5394741476,627811.565790246,0.0,0.0,1,1
12396,789070.5263160984,627811.565790246,0.0,0.0,1,1
12397,789070.5263160984,627811.565790246,0.0,0.0,1,1
12398,789070.5263160984,627811.565790246,0.0,0.0,1,1
12399,789070.5263160984,627811.565790246,0.0,0.0,1,1
12400,789070.5263160984,627811.565790246,0.0,0.0,1,1
12401,789070.5263160984,627811.565790246,0.0,0.0,1,1
12402,789070.5263160984,627811.565790246,0.0,0.0,1,1
12403,789070.5263160984,627811.565790246,0.0,0.0,1,1
12404,789070.5263160984,627811.565790246,0.0,0.0,1,1
12405,789070.5263160984,627811.565790246,0.0,0.0,1,1
12406,789070.5263160984,627811.565790246,0.0,0.0,1,1
12407,789070.5263160984,627811.565790246,0.0,0.0,1,1
12408,789070.5263160984,627811.565790246,0.0,0.0,1,1
12409,789070.5263160984,627811.565790246,0.0,0.0,1,1
12410,789070.5263160984,627811.565790246,0.0,0.0,1,1
12411,789070.5263160984,627811.565790246,0.0,0.0,1,1
12412,789070.5263160984,627811.565790246,0.0,0.0,1,1
12413,789070.5263160984,627811.565790246,0.0,0.0,1,1
12414,789070.5263160984,627811.565790246,0.0,0.0,1,1
12415,787771.5394741476,627811.565790246,0.0,0.0,1,1
12416,787771.5394741476,627811.565790246,0.0,0.0,1,1
12417,787771.5394741476,627811.565790246,0.0,0.0,1,1
12418,787771.5394741476,627811.565790246,0.0,0.0,1,1
12419,787771.5394741476,627811.565790246,0.0,0.0,1,1
12420,787771.5394741476,627811.565790246,0.0,0.0,1,1
12421,787771.5394741476,627811.565790246,0.0,0.0,1,1
12422,787771.5394741476,627811.565790246,0.0,0.0,1,1
12423,787771.5394741476,627811.565790246,0.0,0.0,1,1
12424,787771.5394741476,627811.565790246,0.0,0.0,1,1
12425,787771.5394741476,627811.565790246,0.0,0.0,1,1
12426,787771.5394741476,627811.565790246,0.0,0.0,1,1
12427,787771.5394741476,627811.565790246,0.0,0.0,1,1
12428,787771.5394741476,627811.565790246,0.0,0.0,1,1
12429,787771.5394741476,627811.565790246,0.0,0.0,1,1
12430,787771.5394741476,627811.565790246,0.0,0.0,1,1
12431,787771.5394741476,627811.565790246,0.0,0.0,1,1
12432,787771.5394741476,627811.565790246,0.0,0.0,1,1
12433,787771.5394741476,627811.565790246,0.0,0.0,1,1
12434,787771.5394741476,627811.565790246,0.0,0.0,1,1
12435,787771.5394741476,627811.565790246,0.0,0.0,1,1
12436,787771.5394741476,627811.565790246,0.0,0.0,1,1
12437,787771.5394741476,627811.565790246,0.0,0.0,1,1
12438,787771.5394741476,627811.565790246,0.0,0.0,1,1
12439,787771.5394741476,627811.565790246,0.0,0.0,1,1
12440,787771.5394741476,627811.565790246,0.0,0.0,1,1
12441,787771.5394741476,627811.565790246,0.0,0.0,1,1
12442,787771.5394741476,627811.565790246,0.0,0.0,1,1
12443,787771.5394741476,627811.565790246,0.0,0.0,1,1
12444,787771.5394741476,627811.565790246,0.0,0.0,1,1
12445,787771.5394741476,627811.565790246,0.0,0.0,1,1
12446,787771.5394741476,627811.565790246,0.0,0.0,1,1
12447,787771.5394741476,627811.565790246,0.0,0.0,1,1
12448,787771.5394741476,627811.565790246,0.0,0.0,1,1
12449,787771.5394741476,627811.565790246,0.0,0.0,1,1
12450,787771.5394741476,627811.565790246,0.0,0.0,1,1
12451,787771.5394741476,627811.565790246,0.0,0.0,1,1
12452,787672.5526321968,627811.565790246,0.0,0.0,1,1
12453,787672.5526321968,627811.565790246,0.0,0.0,1,1
12454,787672.5526321968,627811.565790246,0.0,0.0,1,1
12455,787672.5526321968,627811.565790246,0.0,0.0,1,1
12456,787672.5526321968,627811.565790246,0.0,0.0,1,1
12457,787672.5526321968,627811.565790246,0.0,0.0,1,1
12458,787672.5526321968,627811.565790246,0.0,0.0,1,1
12459,787672.5526321968,627811.565790246,0.0,0.0,1,1
12460,787672.5526321968,627811.565790246,0.0,0.0,1,1
12461,787672.5526321968,627811.565790246,0.0,0.0,1,1
12462,787672.5526321968,627811.565790246,0.0,0.0,1,1
12463,787672.5526321968,627811.565790246,0.0,0.0,1,1
12464,787672.5526321968,627811.565790246,0.0,0.0,1,1
12465,787672.5526321968,627811.565790246,0.0,0.0,1,1
12466,787672.5526321968,627811.565790246,0.0,0.0,1,1
12467,787672.5526321968,627811.565790246,0.0,0.0,1,1
12468,787672.5526321968,627811.565790246,0.0,0.0,1,1
12469,787672.5526321968,627811.565790246,0.0,0.0,1,1
12470,787672.5526321968,627811.565790246,0.0,0.0,1,1
12471,787672.5526321968,627811.565790246,0.0,0.0,1,1
12472,787672.5526321968,627811.565790246,0.0,0.0,1,1
12473,787672.5526321968,627811.565790246,0.0,0.0,1,1
12474,787672.5526321968,627811.565790246,0.0,0.0,1,1
12475,787672.5526321968,627811.565790246,0.0,0.0,1,1
12476,787672.5526321968,627811.565790246,0.0,0.0,1,1
12477,787672.5526321968,627811.565790246,0.0,0.0,1,1
12478,787672.5526321968,627811.565790246,0.0,0.0,1,1
12479,787672.5526321968,627811.565790246,0.0,0.0,1,1
12480,787672.5526321968,627811.565790246,0.0,0.0,1,1
12481,787672.5526321968,627811.565790246,0.0,0.0,1,1
12482,787672.5526321968,627811.565790246,0.0,0.0,1,1
12483,787672.5526321968,627811.565790246,0.0,0.0,1,1
12484,787672.5526321968,627811.565790246,0.0,0.0,1,1
12485,787672.5526321968,627811.565790246,0.0,0.0,1,1
12486,787672.5526321968,627811.565790246,0.0,0.0,1,1
12487,787672.5526321968,627811.565790246,0.0,0.0,1,1
12488,787672.5526321968,627811.565790246,0.0,0.0,1,1
12489,787672.5526321968,627811.565790246,0.0,0.0,1,1
12490,787000.5263160984,627811.565790246,0.0,0.0,1,1
12491,787000.5263160984,627811.565790246,0.0,0.0,1,1
12492,787000.5263160984,627811.565790246,0.0,0.0,1,1
12493,787000.5263160984,627811.565790246,0.0,0.0,1,1
12494,787000.5263160984,627811.565790246,0.0,0.0,1,1
12495,787000.5263160984,627811.565790246,0.0,0.0,1,1
12496,787000.5263160984,627811.565790246,0.0,0.0,1,1
12497,787000.5263160984,627811.565790246,0.0,0.0,1,1
12498,787000.5263160984,627811.565790246,0.0,0.0,1,1
12499,787000.5263160984,627811.565790246,0.0,0.0,1,1
12500,787000.5263160984,627811.565790246,0.0,0.0,1,1
12501,787000.5263160984,627811.565790246,0.0,0.0,1,1
12502,787000.5263160984,627811.565790246,0.0,0.0,1,1
12503,787000.5263160984,627811.565790246,0.0,0.0,1,1
12504,787000.5263160984,627811.565790246,0.0,0.0,1,1
12505,787000.5263160984,627811.565790246,0.0,0.0,1,1
12506,787000.5263160984,627811.565790246,0.0,0.0,1,1
12507,787059.5263160984,627811.565790246,0.0,0.0,1,1
12508,787059.5263160984,627811.565790246,0.0,0.0,1,1
12509,787059.5263160984,627811.565790246,0.0,0.0,1,1
12510,787059.5263160984,627811.565790246,0.0,0.0,1,1
12511,787059.5263160984,627811.565790246,0.0,0.0,1,1
12512,787059.5263160984,627811.565790246,0.0,0.0,1,1
12513,787059.5263160984,627811.565790246,0.0,0.0,1,1
12514,787059.5263160984,627811.565790246,0.0,0.0,1,1
12515,787059.5263160984,627811.565790246,0.0,0.0,1,1
12516,787059.5263160984,627811.565790246,0.0,0.0,1,1
12517,787059.5263160984,627811.565790246,0.0,0.0,1,1
12518,787059.5263160984,627811.565790246,0.0,0.0,1,1
12519,787059.5263160984,627811.565790246,0.0,0.0,1,1
12520,787059.5263160984,627811.565790246,0.0,0.0,1,1
12521,787059.5263160984,627811.565790246,0.0,0.0,1,1
12522,787059.5263160984,627811.565790246,0.0,0.0,1,1
12523,787059.5263160984,627811.565790246,0.0,0.0,1,1
12524,787059.5263160984,627811.565790246,0.0,0.0,1,1
12525,787059.5263160984,627811.565790246,0.0,0.0,1,1
12526,787059.5263160984,627811.565790246,0.0,0.0,1,1
12527,787059.5263160984,627811.565790246,0.0,0.0,1,1
12528,786982.0131580492,627811.565790246,0.0,0.0,1,1
12529,786982.0131580492,627811.565790246,0.0,0.0,1,1
12530,786982.0131580492,627811.565790246,0.0,0.0,1,1
12531,786923.0131580492,627811.565790246,0.0,0.0,1,1
12532,787097.0131580492,627811.565790246,0.0,0.0,1,1
12533,787097.0131580492,627811.565790246,0.0,0.0,1,1
12534,787006.5,627811.565790246,0.0,0.0,1,1
12535,787006.5,627811.565790246,0.0,0.0,1,1
12536,787006.5,627811.565790246,0.0,0.0,1,1
12537,787006.5,627811.565790246,0.0,0.0,1,1
12538,787006.5,627811.565790246,0.0,0.0,1,1
12539,787006.5,627811.565790246,0.0,0.0,1,1
12540,787006.5,627811.565790246,0.0,0.0,1,1
12541,787006.5,627811.565790246,0.0,0.0,1,1
12542,787006.5,627811.565790246,0.0,0.0,1,1
12543,787006.5,627811.565790246,0.0,0.0,1,1
12544,787006.5,627811.565790246,0.0,0.0,1,1
12545,787006.5,627811.565790246,0.0,0.0,1,1
12546,787006.5,627811.565790246,0.0,0.0,1,1
12547,787595.5,627811.565790246,0.0,0.0,1,1
12548,787595.5,627811.565790246,0.0,0.0,1,1
12549,787595.5,627811.565790246,0.0,0.0,1,1
12550,787595.5,627811.565790246,0.0,0.0,1,1
12551,787595.5,627811.565790246,0.0,0.0,1,1
12552,787595.5,627811.565790246,0.0,0.0,1,1
12553,787595.5,627811.565790246,0.0,0.0,1,1
12554,787691.5,627811.565790246,0.0,0.0,1,1
12555,787693.0,627811.565790246,0.0,0.0,1,1
12556,787693.0,627811.565790246,0.0,0.0,1,1
12557,787693.0,627811.565790246,0.0,0.0,1,1
12558,787693.0,627811.565790246,0.0,0.0,1,1
12559,787693.0,627811.565790246,0.0,0.0,1,1
12560,787693.0,627811.565790246,0.0,0.0,1,1
12561,787693.0,627811.565790246,0.0,0.0,1,1
12562,787693.0,627811.565790246,0.0,0.0,1,1
12563,787693.0,627811.565790246,0.0,0.0,1,1
12564,787693.0,627811.565790246,0.0,0.0,1,1
12565,787693.0,627811.565790246,0.0,0.0,1,1
12566,787693.0,627811.565790246,0.0,0.0,1,1
12567,787693.0,627811.565790246,0.0,0.0,1,1
12568,787693.0,627811.565790246,0.0,0.0,1,1
12569,787693.0,627811.565790246,0.0,0.0,1,1
12570,787693.0,627811.565790246,0.0,0.0,1,1
12571,787693.0,627811.565790246,0.0,0.0,1,1
12572,787693.0,627811.565790246,0.0,0.0,1,1
12573,787693.0,627811.565790246,0.0,0.0,1,1
12574,787693.0,627811.565790246,0.0,0.0,1,1
12575,787693.0,627811.565790246,0.0,0.0,1,1
12576,787693.0,627811.565790246,0.0,0.0,1,1
12577,787693.0,627811.565790246,0.0,0.0,1,1
12578,787621.5,627811.565790246,0.0,0.0,1,1
12579,787621.5,627811.565790246,0.0,0.0,1,1
12580,787621.5,627811.565790246,0.0,0.0,1,1
12581,787621.5,627811.565790246,0.0,0.0,1,1
12582,787621.5,627811.565790246,0.0,0.0,1,1
12583,787621.5,627811.565790246,0.0,0.0,1,1
12584,787621.5,627811.565790246,0.0,0.0,1,1
12585,787412.0,627811.565790246,0.0,0.0,1,1
12586,787412.0,627811.565790246,0.0,0.0,1,1
12587,787412.0,627811.565790246,0.0,0.0,1,1
12588,787319.0,627811.565790246,0.0,0.0,1,1
12589,787319.0,627811.565790246,0.0,0.0,1,1
12590,787319.0,627811.565790246,0.0,0.0,1,1
12591,787319.0,627811.565790246,0.0,0.0,1,1
12592,787309.0,627811.565790246,0.0,0.0,1,1
12593,787309.0,627811.565790246,0.0,0.0,1,1
12594,787309.0,627811.565790246,0.0,0.0,1,1
12595,787309.0,627811.565790246,0.0,0.0,1,1
12596,787309.0,627811.565790246,0.0,0.0,1,1
12597,787309.0,627811.565790246,0.0,0.0,1,1
12598,787309.0,627811.565790246,0.0,0.0,1,1
12599,787309.0,627811.565790246,0.0,0.0,1,1
12600,787309.0,627811.565790246,0.0,0.0,1,1
12601,787309.0,627811.565790246,0.0,0.0,1,1
12602,787309.0,627811.565790246,0.0,0.0,1,1
12603,787309.0,627811.565790246,0.0,0.0,1,1
12604,787098.0,627811.565790246,0.0,0.0,1,1
12605,787098.0,627811.565790246,0.0,0.0,1,1
12606,787098.0,627811.565790246,0.0,0.0,1,1
12607,787098.0,627811.565790246,0.0,0.0,1,1
12608,787098.0,627811.565790246,0.0,0.0,1,1
12609,787098.0,627811.565790246,0.0,0.0,1,1
12610,787098.0,627811.565790246,0.0,0.0,1,1
12611,787098.0,627811.565790246,0.0,0.0,1,1
12612,787098.0,627811.565790246,0.0,0.0,1,1
12613,787098.0,627811.565790246,0.0,0.0,1,1
12614,787098.0,627811.565790246,0.0,0.0,1,1
12615,787098.0,627811.565790246,0.0,0.0,1,1
12616,787098.0,627811.565790246,0.0,0.0,1,1
12617,787098.0,627811.565790246,0.0,0.0,1,1
12618,787098.0,627811.565790246,0.0,0.0,1,1
12619,787098.0,627811.565790246,0.0,0.0,1,1
12620,787098.0,627811.565790246,0.0,0.0,1,1
12621,787098.0,627811.565790246,0.0,0.0,1,1
12622,787098.0,627811.565790246,0.0,0.0,1,1
12623,787098.0,627811.565790246,0.0,0.0,1,1
12624,787098.0,627811.565790246,0.0,0.0,1,1
12625,787098.0,627811.565790246,0.0,0.0,1,1
12626,785203.5,627811.565790246,0.0,0.0,1,1
12627,785203.5,627811.565790246,0.0,0.0,1,1
12628,785203.5,627811.565790246,0.0,0.0,1,1
12629,785203.5,627811.565790246,0.0,0.0,1,1
12630,785203.5,627811.565790246,0.0,0.0,1,1
12631,785203.5,627811.565790246,0.0,0.0,1,1
12632,785203.5,627811.565790246,0.0,0.0,1,1
12633,785203.5,627811.565790246,0.0,0.0,1,1
12634,785203.5,627811.565790246,0.0,0.0,1,1
12635,785203.5,627811.565790246,0.0,0.0,1,1
12636,785203.5,627811.565790246,0.0,0.0,1,1
12637,785203.5,627811.565790246,0.0,0.0,1,1
12638,785203.5,627811.565790246,0.0,0.0,1,1
12639,785203.5,627811.565790246,0.0,0.0,1,1
12640,785203.5,627811.565790246,0.0,0.0,1,1
12641,785203.5,627811.565790246,0.0,0.0,1,1
12642,785203.5,627811.565790246,0.0,0.0,1,1
12643,785203.5,627811.565790246,0.0,0.0,1,1
12644,785203.5,627811.565790246,0.0,0.0,1,1
12645,785203.5,627811.565790246,0.0,0.0,1,1
12646,785203.5,627811.565790246,0.0,0.0,1,1
12647,785203.5,627811.565790246,0.0,0.0,1,1
12648,785203.5,627811.565790246,0.0,0.0,1,1
12649,785203.5,627811.565790246,0.0,0.0,1,1
12650,785203.5,627811.565790246,0.0,0.0,1,1
12651,785203.5,627811.565790246,0.0,0.0,1,1
12652,785203.5,627811.565790246,0.0,0.0,1,1
12653,785203.5,627811.565790246,0.0,0.0,1,1
12654,785203.5,627811.565790246,0.0,0.0,1,1
12655,785203.5,627811.565790246,0.0,0.0,1,1
12656,785203.5,627811.565790246,0.0,0.0,1,1
12657,785203.5,627811.565790246,0.0,0.0,1,1
12658,785412.5,627811.565790246,0.0,0.0,1,1
12659,785412.5,627811.565790246,0.0,0.0,1,1
12660,785412.5,627811.565790246,0.0,0.0,1,1
12661,785189.0,627811.565790246,0.0,0.0,1,1
12662,785189.0,627811.565790246,0.0,0.0,1,1
12663,785189.0,627811.565790246,0.0,0.0,1,1
12664,785189.0,627811.565790246,0.0,0.0,1,1
12665,785189.0,627811.565790246,0.0,0.0,1,1
12666,785189.0,627811.565790246,0.0,0.0,1,1
12667,785189.0,627811.565790246,0.0,0.0,1,1
12668,785189.0,627811.565790246,0.0,0.0,1,1
12669,785189.0,627811.565790246,0.0,0.0,1,1
12670,785189.0,627811.565790246,0.0,0.0,1,1
12671,785189.0,627811.565790246,0.0,0.0,1,1
12672,785189.0,627811.565790246,0.0,0.0,1,1
12673,785189.0,627811.565790246,0.0,0.0,1,1
12674,785189.0,627811.565790246,0.0,0.0,1,1
12675,785189.0,627811.565790246,0.0,0.0,1,1
12676,785189.0,627811.565790246,0.0,0.0,1,1
12677,785189.0,627811.565790246,0.0,0.0,1,1
12678,785189.0,627811.565790246,0.0,0.0,1,1
12679,785189.0,627811.565790246,0.0,0.0,1,1
12680,785189.0,627811.565790246,0.0,0.0,1,1
12681,785189.0,627811.565790246,0.0,0.0,1,1
12682,785189.0,627811.565790246,0.0,0.0,1,1
12683,785189.0,627811.565790246,0.0,0.0,1,1
12684,785189.0,627811.565790246,0.0,0.0,1,1
12685,785189.0,627811.565790246,0.0,0.0,1,1
12686,785189.0,627811.565790246,0.0,0.0,1,1
12687,785412.5,627811.565790246,0.0,0.0,1,1
12688,785412.5,627811.565790246,0.0,0.0,1,1
12689,785412.5,627811.565790246,0.0,0.0,1,1
12690,785412.5,627811.565790246,0.0,0.0,1,1
12691,785412.5,627811.565790246,0.0,0.0,1,1
12692,785412.5,627811.565790246,0.0,0.0,1,1
12693,785412.5,627811.565790246,0.0,0.0,1,1
12694,785412.5,627811.565790246,0.0,0.0,1,1
12695,785412.5,627811.565790246,0.0,0.0,1,1
12696,785412.5,627811.565790246,0.0,0.0,1,1
12697,785412.5,627811.565790246,0.0,0.0,1,1
12698,785412.5,627811.565790246,0.0,0.0,1,1
12699,785412.5,627811.565790246,0.0,0.0,1,1
12700,785412.5,627811.565790246,0.0,0.0,1,1
12701,785412.5,627811.565790246,0.0,0.0,1,1
12702,785412.5,627811.565790246,0.0,0.0,1,1
12703,785412.5,627811.565790246,0.0,0.0,1,1
12704,785412.5,627811.565790246,0.0,0.0,1,1
12705,785412.5,627811.565790246,0.0,0.0,1,1
12706,785412.5,627811.565790246,0.0,0.0,1,1
12707,785412.5,627811.565790246,0.0,0.0,1,1
12708,785412.5,627811.565790246,0.0,0.0,1,1
12709,785412.5,627811.565790246,0.0,0.0,1,1
12710,785412.5,627811.565790246,0.0,0.0,1,1
12711,785412.5,627811.565790246,0.0,0.0,1,1
12712,785412.5,627811.565790246,0.0,0.0,1,1
12713,785412.5,627811.565790246,0.0,0.0,1,1
12714,785412.5,627811.565790246,0.0,0.0,1,1
12715,785412.5,627811.565790246,0.0,0.0,1,1
12716,785412.5,627811.565790246,0.0,0.0,1,1
12717,789127.5,627811.565790246,0.0,0.0,1,1
12718,789127.5,627811.565790246,0.0,0.0,1,1
12719,789127.5,627811.565790246,0.0,0.0,1,1
12720,789127.5,627811.565790246,0.0,0.0,1,1
12721,789127.5,627811.565790246,0.0,0.0,1,1
12722,789127.5,627811.565790246,0.0,0.0,1,1
12723,789127.5,627811.565790246,0.0,0.0,1,1
12724,789127.5,627811.565790246,0.0,0.0,1,1
12725,789127.5,627811.565790246,0.0,0.0,1,1
12726,789127.5,627811.565790246,0.0,0.0,1,1
12727,789127.5,627811.565790246,0.0,0.0,1,1
12728,789019.0,627811.565790246,0.0,0.0,1,1
12729,789019.0,627811.565790246,0.0,0.0,1,1
12730,789019.0,627811.565790246,0.0,0.0,1,1
12731,789019.0,627811.565790246,0.0,0.0,1,1
12732,789019.0,627811.565790246,0.0,0.0,1,1
12733,789019.0,627811.565790246,0.0,0.0,1,1
12734,789019.0,627811.565790246,0.0,0.0,1,1
12735,789019.0,627811.565790246,0.0,0.0,1,1
12736,789019.0,627811.565790246,0.0,0.0,1,1
12737,789019.0,627811.565790246,0.0,0.0,1,1
12738,789019.0,627811.565790246,0.0,0.0,1,1
12739,789019.0,627811.565790246,0.0,0.0,1,1
12740,789019.0,627811.565790246,0.0,0.0,1,1
12741,789019.0,627811.565790246,0.0,0.0,1,1
12742,789019.0,627811.565790246,0.0,0.0,1,1
12743,789019.0,627811.565790246,0.0,0.0,1,1
12744,789019.0,627811.565790246,0.0,0.0,1,1
12745,789019.0,627811.565790246,0.0,0.0,1,1
12746,789019.0,627811.565790246,0.0,0.0,1,1
12747,789019.0,627811.565790246,0.0,0.0,1,1
12748,789019.0,627811.565790246,0.0,0.0,1,1
12749,788868.5,627811.565790246,0.0,0.0,1,1
12750,788868.5,627811.565790246,0.0,0.0,1,1
12751,788696.5,627811.565790246,0.0,0.0,1,1
12752,788696.5,627811.565790246,0.0,0.0,1,1
12753,788696.5,627811.565790246,0.0,0.0,1,1
12754,788696.5,627811.565790246,0.0,0.0,1,1
12755,788696.5,627811.565790246,0.0,0.0,1,1
12756,788696.5,627811.565790246,0.0,0.0,1,1
12757,788696.5,627811.565790246,0.0,0.0,1,1
12758,788696.5,627811.565790246,0.0,0.0,1,1
12759,788696.5,627811.565790246,0.0,0.0,1,1
12760,788696.5,627811.565790246,0.0,0.0,1,1
12761,788696.5,627811.565790246,0.0,0.0,1,1
12762,788696.5,627811.565790246,0.0,0.0,1,1
12763,788825.5,627811.565790246,0.0,0.0,1,1
12764,788825.5,627811.565790246,0.0,0.0,1,1
12765,788825.5,627811.565790246,0.0,0.0,1,1
12766,788825.5,627811.565790246,0.0,0.0,1,1
12767,788825.5,627811.565790246,0.0,0.0,1,1
12768,788825.5,627811.565790246,0.0,0.0,1,1
12769,788825.5,627811.565790246,0.0,0.0,1,1
12770,788825.5,627811.565790246,0.0,0.0,1,1
12771,788825.5,627811.565790246,0.0,0.0,1,1
12772,788825.5,627811.565790246,0.0,0.0,1,1
12773,788825.5,627811.565790246,0.0,0.0,1,1
12774,788825.5,627811.565790246,0.0,0.0,1,1
12775,788825.5,627811.565790246,0.0,0.0,1,1
12776,788825.5,627811.565790246,0.0,0.0,1,1
12777,788825.5,627811.565790246,0.0,0.0,1,1
12778,788825.5,627811.565790246,0.0,0.0,1,1
12779,788825.5,627811.565790246,0.0,0.0,1,1
12780,788825.5,627811.565790246,0.0,0.0,1,1
12781,788825.5,627811.565790246,0.0,0.0,1,1
12782,788825.5,627811.565790246,0.0,0.0,1,1
12783,788825.5,627811.565790246,0.0,0.0,1,1
12784,788825.5,627811.565790246,0.0,0.0,1,1
12785,788825.5,627811.565790246,0.0,0.0,1,1
12786,788825.5,627811.565790246,0.0,0.0,1,1
12787,788825.5,627811.565790246,0.0,0.0,1,1
12788,788825.5,627811.565790246,0.0,0.0,1,1
12789,788825.5,627811.565790246,0.0,0.0,1,1
12790,788884.5,627811.565790246,0.0,0.0,1,1
12791,788884.5,627811.565790246,0.0,0.0,1,1
12792,788884.5,627811.565790246,0.0,0.0,1,1
12793,788884.5,627811.565790246,0.0,0.0,1,1
12794,788884.5,627811.565790246,0.0,0.0,1,1
12795,788250.0,627811.565790246,0.0,0.0,1,1
12796,788250.0,627811.565790246,0.0,0.0,1,1
12797,788250.0,627811.565790246,0.0,0.0,1,1
12798,788250.0,627811.565790246,0.0,0.0,1,1
12799,787809.5,627811.565790246,0.0,0.0,1,1
12800,787809.5,627811.565790246,0.0,0.0,1,1
12801,787809.5,627811.565790246,0.0,0.0,1,1
12802,787809.5,627811.565790246,0.0,0.0,1,1
12803,787498.0,627811.565790246,0.0,0.0,1,1
12804,787498.0,627811.565790246,0.0,0.0,1,1
12805,787498.0,627811.565790246,0.0,0.0,1,1
12806,787498.0,627811.565790246,0.0,0.0,1,1
12807,787498.0,627811.565790246,0.0,0.0,1,1
12808,787498.0,627811.565790246,0.0,0.0,1,1
12809,787498.0,627811.565790246,0.0,0.0,1,1
12810,787498.0,627811.565790246,0.0,0.0,1,1
12811,787498.0,627811.565790246,0.0,0.0,1,1
12812,787498.0,627811.565790246,0.0,0.0,1,1
12813,787498.0,627811.565790246,0.0,0.0,1,1
12814,787498.0,627811.565790246,0.0,0.0,1,1
12815,787498.0,627811.565790246,0.0,0.0,1,1
12816,787498.0,627811.565790246,0.0,0.0,1,1
12817,787498.0,627811.565790246,0.0,0.0,1,1
12818,787498.0,627811.565790246,0.0,0.0,1,1
12819,787498.0,627811.565790246,0.0,0.0,1,1
12820,787498.0,627811.565790246,0.0,0.0,1,1
12821,787498.0,627811.565790246,0.0,0.0,1,1
12822,787498.0,627811.565790246,0.0,0.0,1,1
12823,787498.0,627811.565790246,0.0,0.0,1,1
12824,787498.0,627811.565790246,0.0,0.0,1,1
12825,787498.0,627811.565790246,0.0,0.0,1,1
12826,787498.0,627811.565790246,0.0,0.0,1,1
12827,787498.0,627811.565790246,0.0,0.0,1,1
12828,787498.0,627811.565790246,0.0,0.0,1,1
12829,787498.0,627811.565790246,0.0,0.0,1,1
12830,787498.0,627811.565790246,0.0,0.0,1,1
12831,787498.0,627811.565790246,0.0,0.0,1,1
12832,787498.0,627811.565790246,0.0,0.0,1,1
12833,787498.0,627811.565790246,0.0,0.0,1,1
12834,787686.0,627811.565790246,0.0,0.0,1,1
12835,787686.0,627811.565790246,0.0,0.0,1,1
12836,787686.0,627811.565790246,0.0,0.0,1,1
12837,787686.0,627811.565790246,0.0,0.0,1,1
12838,787715.0,627811.565790246,0.0,0.0,1,1
12839,787715.0,627811.565790246,0.0,0.0,1,1
12840,787792.0,627811.565790246,0.0,0.0,1,1
12841,787911.5,627811.565790246,0.0,0.0,1,1
12842,787911.5,627811.565790246,0.0,0.0,1,1
12843,787911.5,627811.565790246,0.0,0.0,1,1
12844,787911.5,627811.565790246,0.0,0.0,1,1
12845,787911.5,627811.565790246,0.0,0.0,1,1
12846,787911.5,627811.565790246,0.0,0.0,1,1
12847,787911.5,627811.565790246,0.0,0.0,1,1
12848,787911.5,627811.565790246,0.0,0.0,1,1
12849,787911.5,627811.565790246,0.0,0.0,1,1
12850,787911.5,627811.565790246,0.0,0.0,1,1
12851,787911.5,627811.565790246,0.0,0.0,1,1
12852,787796.0,627811.565790246,0.0,0.0,1,1
12853,787796.0,627811.565790246,0.0,0.0,1,1
12854,787796.0,627811.565790246,0.0,0.0,1,1
12855,787796.0,627811.565790246,0.0,0.0,1,1
12856,787796.0,627811.565790246,0.0,0.0,1,1
12857,787796.0,627811.565790246,0.0,0.0,1,1
12858,787796.0,627811.565790246,0.0,0.0,1,1
12859,787796.0,627811.565790246,0.0,0.0,1,1
12860,787796.0,627811.565790246,0.0,0.0,1,1
12861,787796.0,627811.565790246,0.0,0.0,1,1
12862,787796.0,627811.565790246,0.0,0.0,1,1
12863,787796.0,627811.565790246,0.0,0.0,1,1
12864,787504.5,627811.565790246,0.0,0.0,1,1
12865,787504.5,627811.565790246,0.0,0.0,1,1
12866,787504.5,627811.565790246,0.0,0.0,1,1
12867,787504.5,627811.565790246,0.0,0.0,1,1
12868,787504.5,627811.565790246,0.0,0.0,1,1
12869,787504.5,627811.565790246,0.0,0.0,1,1
12870,787504.5,627811.565790246,0.0,0.0,1,1
12871,787504.5,627811.565790246,0.0,0.0,1,1
12872,787504.5,627811.565790246,0.0,0.0,1,1
12873,787504.5,627811.565790246,0.0,0.0,1,1
12874,787341.5,627811.565790246,0.0,0.0,1,1
12875,787341.5,627811.565790246,0.0,0.0,1,1
12876,787341.5,627811.565790246,0.0,0.0,1,1
12877,787341.5,627811.565790246,0.0,0.0,1,1
12878,787341.5,627811.565790246,0.0,0.0,1,1
12879,787341.5,627811.565790246,0.0,0.0,1,1
12880,787341.5,627811.565790246,0.0,0.0,1,1
12881,787341.5,627811.565790246,0.0,0.0,1,1
12882,787341.5,627811.565790246,0.0,0.0,1,1
12883,787341.5,627811.565790246,0.0,0.0,1,1
12884,787341.5,627811.565790246,0.0,0.0,1,1
12885,787341.5,627811.565790246,0.0,0.0,1,1
12886,787431.5,627811.565790246,0.0,0.0,1,1
12887,787431.5,627811.565790246,0.0,0.0,1,1
12888,787431.5,627811.565790246,0.0,0.0,1,1
12889,787431.5,627811.565790246,0.0,0.0,1,1
12890,787431.5,627811.565790246,0.0,0.0,1,1
12891,787431.5,627811.565790246,0.0,0.0,1,1
12892,787431.5,627811.565790246,0.0,0.0,1,1
12893,787431.5,627811.565790246,0.0,0.0,1,1
12894,787431.5,627811.565790246,0.0,0.0,1,1
12895,787431.5,627811.565790246,0.0,0.0,1,1
12896,787431.5,627811.565790246,0.0,0.0,1,1
12897,787431.5,627811.565790246,0.0,0.0,1,1
12898,787431.5,627811.565790246,0.0,0.0,1,1
12899,787431.5,627811.565790246,0.0,0.0,1,1
12900,787431.5,627811.565790246,0.0,0.0,1,1
12901,787470.0,627811.565790246,0.0,0.0,1,1
12902,787470.0,627811.565790246,0.0,0.0,1,1
12903,787470.0,627811.565790246,0.0,0.0,1,1
12904,787470.0,627811.565790246,0.0,0.0,1,1
12905,787470.0,627811.565790246,0.0,0.0,1,1
12906,787470.0,627811.565790246,0.0,0.0,1,1
12907,787470.0,627811.565790246,0.0,0.0,1,1
12908,787526.0,627811.565790246,0.0,0.0,1,1
12909,787526.0,627811.565790246,0.0,0.0,1,1
12910,787526.0,627811.565790246,0.0,0.0,1,1
12911,787526.0,627811.565790246,0.0,0.0,1,1
12912,787526.0,627811.565790246,0.0,0.0,1,1
12913,787583.0,627811.565790246,0.0,0.0,1,1
12914,787583.0,627811.565790246,0.0,0.0,1,1
12915,787583.0,627811.565790246,0.0,0.0,1,1
12916,787755.0,627811.565790246,0.0,0.0,1,1
12917,787755.0,627811.565790246,0.0,0.0,1,1
12918,787755.0,627811.565790246,0.0,0.0,1,1
12919,787755.0,627811.565790246,0.0,0.0,1,1
12920,787755.0,627811.565790246,0.0,0.0,1,1
12921,787755.0,627811.565790246,0.0,0.0,1,1
12922,787755.0,627811.565790246,0.0,0.0,1,1
12923,787755.0,627811.565790246,0.0,0.0,1,1
12924,787580.0,627811.565790246,0.0,0.0,1,1
12925,787580.0,627811.565790246,0.0,0.0,1,1
12926,787580.0,627811.565790246,0.0,0.0,1,1
12927,787580.0,627811.565790246,0.0,0.0,1,1
12928,787580.0,627811.565790246,0.0,0.0,1,1
12929,787580.0,627811.565790246,0.0,0.0,1,1
12930,787580.0,627811.565790246,0.0,0.0,1,1
12931,787580.0,627811.565790246,0.0,0.0,1,1
12932,787580.0,627811.565790246,0.0,0.0,1,1
12933,787580.0,627811.565790246,0.0,0.0,1,1
12934,787580.0,627811.565790246,0.0,0.0,1,1
12935,787580.0,627811.565790246,0.0,0.0,1,1
12936,787580.0,627811.565790246,0.0,0.0,1,1
12937,787580.0,627811.565790246,0.0,0.0,1,1
12938,787580.0,627811.565790246,0.0,0.0,1,1
12939,787580.0,627811.565790246,0.0,0.0,1,1
12940,787580.0,627811.565790246,0.0,0.0,1,1
12941,787580.0,627811.565790246,0.0,0.0,1,1
12942,787580.0,627811.565790246,0.0,0.0,1,1
12943,787580.0,627811.565790246,0.0,0.0,1,1
12944,787580.0,627811.565790246,0.0,0.0,1,1
12945,787580.0,627811.565790246,0.0,0.0,1,1
12946,787580.0,627811.565790246,0.0,0.0,1,1
12947,787580.0,627811.565790246,0.0,0.0,1,1
12948,787580.0,627811.565790246,0.0,0.0,1,1
12949,787580.0,627811.565790246,0.0,0.0,1,1
12950,787580.0,627811.565790246,0.0,0.0,1,1
12951,787580.0,627811.565790246,0.0,0.0,1,1
12952,787580.0,627811.565790246,0.0,0.0,1,1
12953,787580.0,627811.565790246,0.0,0.0,1,1
12954,787580.0,627811.565790246,0.0,0.0,1,1
12955,787580.0,627811.565790246,0.0,0.0,1,1
12956,787580.0,627811.565790246,0.0,0.0,1,1
12957,787580.0,627811.565790246,0.0,0.0,1,1
12958,787580.0,627811.565790246,0.0,0.0,1,1
12959,787580.0,627811.565790246,0.0,0.0,1,1
12960,786629.5,627811.565790246,0.0,0.0,1,1
12961,786629.5,627811.565790246,0.0,0.0,1,1
12962,786629.5,627811.565790246,0.0,0.0,1,1
12963,786801.5,627811.565790246,0.0,0.0,1,1
12964,786801.5,627811.565790246,0.0,0.0,1,1
12965,786801.5,627811.565790246,0.0,0.0,1,1
12966,786801.5,627811.565790246,0.0,0.0,1,1
12967,786506.0,627811.565790246,0.0,0.0,1,1
12968,786506.0,627811.565790246,0.0,0.0,1,1
12969,786506.0,627811.565790246,0.0,0.0,1,1
12970,786506.0,627811.565790246,0.0,0.0,1,1
12971,786506.0,627811.565790246,0.0,0.0,1,1
12972,786506.0,627811.565790246,0.0,0.0,1,1
12973,786506.0,627811.565790246,0.0,0.0,1,1
12974,786670.0,627811.565790246,0.0,0.0,1,1
12975,785679.0,627811.565790246,0.0,0.0,1,1
12976,785679.0,627811.565790246,0.0,0.0,1,1
12977,785679.0,627811.565790246,0.0,0.0,1,1
12978,785679.0,627811.565790246,0.0,0.0,1,1
12979,785679.0,627811.565790246,0.0,0.0,1,1
12980,785679.0,627811.565790246,0.0,0.0,1,1
12981,785679.0,627811.565790246,0.0,0.0,1,1
12982,785679.0,627811.565790246,0.0,0.0,1,1
12983,785679.0,627811.565790246,0.0,0.0,1,1
12984,785679.0,627811.565790246,0.0,0.0,1,1
12985,785679.0,627811.565790246,0.0,0.0,1,1
12986,785679.0,627811.565790246,0.0,0.0,1,1
12987,785679.0,627811.565790246,0.0,0.0,1,1
12988,785679.0,627811.565790246,0.0,0.0,1,1
12989,785679.0,627811.565790246,0.0,0.0,1,1
12990,785679.0,627811.565790246,0.0,0.0,1,1
12991,785679.0,627811.565790246,0.0,0.0,1,1
12992,785679.0,627811.565790246,0.0,0.0,1,1
12993,785561.5,627811.565790246,0.0,0.0,1,1
12994,785561.5,627811.565790246,0.0,0.0,1,1
12995,785561.5,627811.565790246,0.0,0.0,1,1
12996,785561.5,627811.565790246,0.0,0.0,1,1
12997,785561.5,627811.565790246,0.0,0.0,1,1
12998,785561.5,627811.565790246,0.0,0.0,1,1
12999,785561.5,627811.565790246,0.0,0.0,1,1
13000,785561.5,627811.565790246,0.0,0.0,1,1
13001,785561.5,627811.565790246,0.0,0.0,1,1
13002,785561.5,627811.565790246,0.0,0.0,1,1
13003,785561.5,627811.565790246,0.0,0.0,1,1
13004,785561.5,627811.565790246,0.0,0.0,1,1
13005,785561.5,627811.565790246,0.0,0.0,1,1
13006,785561.5,627811.565790246,0.0,0.0,1,1
13007,785561.5,627811.565790246,0.0,0.0,1,1
13008,785561.5,627811.565790246,0.0,0.0,1,1
13009,785561.5,627811.565790246,0.0,0.0,1,1
13010,785561.5,627811.565790246,0.0,0.0,1,1
13011,785561.5,627811.565790246,0.0,0.0,1,1
13012,785561.5,627811.565790246,0.0,0.0,1,1
13013,785561.5,627811.565790246,0.0,0.0,1,1
13014,785561.5,627811.565790246,0.0,0.0,1,1
13015,785561.5,627811.565790246,0.0,0.0,1,1
13016,785561.5,627811.565790246,0.0,0.0,1,1
13017,785561.5,627811.565790246,0.0,0.0,1,1
13018,785561.5,627811.565790246,0.0,0.0,1,1
13019,785561.5,627811.565790246,0.0,0.0,1,1
13020,785561.5,627811.565790246,0.0,0.0,1,1
13021,785561.5,627811.565790246,0.0,0.0,1,1
13022,785561.5,627811.565790246,0.0,0.0,1,1
13023,785561.5,627811.565790246,0.0,0.0,1,1
13024,785561.5,627811.565790246,0.0,0.0,1,1
13025,785561.5,627811.565790246,0.0,0.0,1,1
13026,785561.5,627811.565790246,0.0,0.0,1,1
13027,785561.5,627811.565790246,0.0,0.0,1,1
13028,785561.5,627811.565790246,0.0,0.0,1,1
13029,785435.5,627811.565790246,0.0,0.0,1,1
13030,785435.5,627811.565790246,0.0,0.0,1,1
13031,785435.5,627811.565790246,0.0,0.0,1,1
13032,785435.5,627811.565790246,0.0,0.0,1,1
13033,785435.5,627811.565790246,0.0,0.0,1,1
13034,785435.5,627811.565790246,0.0,0.0,1,1
13035,785435.5,627811.565790246,0.0,0.0,1,1
13036,785435.5,627811.565790246,0.0,0.0,1,1
13037,785435.5,627811.565790246,0.0,0.0,1,1
13038,785435.5,627811.565790246,0.0,0.0,1,1
13039,785435.5,627811.565790246,0.0,0.0,1,1
13040,785435.5,627811.565790246,0.0,0.0,1,1
13041,785435.5,627811.565790246,0.0,0.0,1,1
13042,785435.5,627811.565790246,0.0,0.0,1,1
13043,785435.5,627811.565790246,0.0,0.0,1,1
13044,785435.5,627811.565790246,0.0,0.0,1,1
13045,785435.5,627811.565790246,0.0,0.0,1,1
13046,785435.5,627811.565790246,0.0,0.0,1,1
13047,785435.5,627811.565790246,0.0,0.0,1,1
13048,785435.5,627811.565790246,0.0,0.0,1,1
13049,785435.5,627811.565790246,0.0,0.0,1,1
13050,785435.5,627811.565790246,0.0,0.0,1,1
13051,785435.5,627811.565790246,0.0,0.0,1,1
13052,785435.5,627811.565790246,0.0,0.0,1,1
13053,785435.5,627811.565790246,0.0,0.0,1,1
13054,785435.5,627811.565790246,0.0,0.0,1,1
13055,785435.5,627811.565790246,0.0,0.0,1,1
13056,785435.5,627811.565790246,0.0,0.0,1,1
13057,785435.5,627811.565790246,0.0,0.0,1,1
13058,785435.5,627811.565790246,0.0,0.0,1,1
13059,785435.5,627811.565790246,0.0,0.0,1,1
13060,785435.5,627811.565790246,0.0,0.0,1,1
13061,785435.5,627811.565790246,0.0,0.0,1,1
13062,785435.5,627811.565790246,0.0,0.0,1,1
13063,785435.5,627811.565790246,0.0,0.0,1,1
13064,785435.5,627811.565790246,0.0,0.0,1,1
13065,785435.5,627811.565790246,0.0,0.0,1,1
13066,785435.5,627811.565790246,0.0,0.0,1,1
13067,785435.5,627811.565790246,0.0,0.0,1,1
13068,785435.5,627811.565790246,0.0,0.0,1,1
13069,785435.5,627811.565790246,0.0,0.0,1,1
13070,785435.5,627811.565790246,0.0,0.0,1,1
13071,785435.5,627811.565790246,0.0,0.0,1,1
13072,785435.5,627811.565790246,0.0,0.0,1,1
13073,785435.5,627811.565790246,0.0,0.0,1,1
13074,785435.5,627811.565790246,0.0,0.0,1,1
13075,785435.5,627811.565790246,0.0,0.0,1,1
13076,784486.0,627811.565790246,0.0,0.0,1,1
13077,784486.0,627811.565790246,0.0,0.0,1,1
13078,784486.0,627811.565790246,0.0,0.0,1,1
13079,784087.5,627811.565790246,0.0,0.0,1,1
13080,784087.5,627811.565790246,0.0,0.0,1,1
13081,784087.5,627811.565790246,0.0,0.0,1,1
13082,784087.5,627811.565790246,0.0,0.0,1,1
13083,784087.5,627811.565790246,0.0,0.0,1,1
13084,784087.5,627811.565790246,0.0,0.0,1,1
13085,784087.5,627811.565790246,0.0,0.0,1,1
13086,784087.5,627811.565790246,0.0,0.0,1,1
13087,784087.5,627811.565790246,0.0,0.0,1,1
13088,784087.5,627811.565790246,0.0,0.0,1,1
13089,784087.5,627811.565790246,0.0,0.0,1,1
13090,784087.5,627811.565790246,0.0,0.0,1,1
13091,784087.5,627811.565790246,0.0,0.0,1,1
13092,782674.5,627811.565790246,0.0,0.0,1,1
13093,782674.5,627811.565790246,0.0,0.0,1,1
13094,782674.5,627811.565790246,0.0,0.0,1,1
13095,782674.5,627811.565790246,0.0,0.0,1,1
13096,782674.5,627811.565790246,0.0,0.0,1,1
13097,782674.5,627811.565790246,0.0,0.0,1,1
13098,782674.5,627811.565790246,0.0,0.0,1,1
13099,782662.5,627811.565790246,0.0,0.0,1,1
13100,782662.5,627811.565790246,0.0,0.0,1,1
13101,782662.5,627811.565790246,0.0,0.0,1,1
13102,782662.5,627811.565790246,0.0,0.0,1,1
13103,782662.5,627811.565790246,0.0,0.0,1,1
13104,782662.5,627811.565790246,0.0,0.0,1,1
13105,782662.5,627811.565790246,0.0,0.0,1,1
13106,782662.5,627811.565790246,0.0,0.0,1,1
13107,782662.5,627811.565790246,0.0,0.0,1,1
13108,782578.5,627811.565790246,0.0,0.0,1,1
13109,782578.5,627811.565790246,0.0,0.0,1,1
13110,782578.5,627811.565790246,0.0,0.0,1,1
13111,782578.5,627811.565790246,0.0,0.0,1,1
13112,782578.5,627811.565790246,0.0,0.0,1,1
13113,782578.5,627811.565790246,0.0,0.0,1,1
13114,782578.5,627811.565790246,0.0,0.0,1,1
13115,782578.5,627811.565790246,0.0,0.0,1,1
13116,782578.5,627811.565790246,0.0,0.0,1,1
13117,783685.5,627811.565790246,0.0,0.0,1,1
13118,783685.5,627811.565790246,0.0,0.0,1,1
13119,783685.5,627811.565790246,0.0,0.0,1,1
13120,783685.5,627811.565790246,0.0,0.0,1,1
13121,783685.5,627811.565790246,0.0,0.0,1,1
13122,783685.5,627811.565790246,0.0,0.0,1,1
13123,783685.5,627811.565790246,0.0,0.0,1,1
13124,783685.5,627811.565790246,0.0,0.0,1,1
13125,783685.5,627811.565790246,0.0,0.0,1,1
13126,783685.5,627811.565790246,0.0,0.0,1,1
13127,783685.5,627811.565790246,0.0,0.0,1,1
13128,783685.5,627811.565790246,0.0,0.0,1,1
13129,783685.5,627811.565790246,0.0,0.0,1,1
13130,783685.5,627811.565790246,0.0,0.0,1,1
13131,783685.5,627811.565790246,0.0,0.0,1,1
13132,783685.5,627811.565790246,0.0,0.0,1,1
13133,783685.5,627811.565790246,0.0,0.0,1,1
13134,783685.5,627811.565790246,0.0,0.0,1,1
13135,783685.5,627811.565790246,0.0,0.0,1,1
13136,783685.5,627811.565790246,0.0,0.0,1,1
13137,783685.5,627811.565790246,0.0,0.0,1,1
13138,783685.5,627811.565790246,0.0,0.0,1,1
13139,783685.5,627811.565790246,0.0,0.0,1,1
13140,783685.5,627811.565790246,0.0,0.0,1,1
13141,783685.5,627811.565790246,0.0,0.0,1,1
13142,783685.5,627811.565790246,0.0,0.0,1,1
13143,783685.5,627811.565790246,0.0,0.0,1,1
13144,783685.5,627811.565790246,0.0,0.0,1,1
13145,782649.0,627811.565790246,0.0,0.0,1,1
13146,782649.0,627811.565790246,0.0,0.0,1,1
13147,782649.0,627811.565790246,0.0,0.0,1,1
13148,782649.0,627811.565790246,0.0,0.0,1,1
13149,782649.0,627811.565790246,0.0,0.0,1,1
13150,782649.0,627811.565790246,0.0,0.0,1,1
13151,782649.0,627811.565790246,0.0,0.0,1,1
13152,782649.0,627811.565790246,0.0,0.0,1,1
13153,782649.0,627811.565790246,0.0,0.0,1,1
13154,782649.0,627811.565790246,0.0,0.0,1,1
13155,782649.0,627811.565790246,0.0,0.0,1,1
13156,782649.0,627811.565790246,0.0,0.0,1,1
13157,782388.0,627811.565790246,0.0,0.0,1,1
13158,782388.0,627811.565790246,0.0,0.0,1,1
13159,782388.0,627811.565790246,0.0,0.0,1,1
13160,782388.0,627811.565790246,0.0,0.0,1,1
13161,782388.0,627811.565790246,0.0,0.0,1,1
13162,782388.0,627811.565790246,0.0,0.0,1,1
13163,782388.0,627811.565790246,0.0,0.0,1,1
13164,782388.0,627811.565790246,0.0,0.0,1,1
13165,782388.0,627811.565790246,0.0,0.0,1,1
13166,782388.0,627811.565790246,0.0,0.0,1,1
13167,782388.0,627811.565790246,0.0,0.0,1,1
13168,782388.0,627811.565790246,0.0,0.0,1,1
13169,782388.0,627811.565790246,0.0,0.0,1,1
13170,782388.0,627811.565790246,0.0,0.0,1,1
13171,782388.0,627811.565790246,0.0,0.0,1,1
13172,782388.0,627811.565790246,0.0,0.0,1,1
13173,782388.0,627811.565790246,0.0,0.0,1,1
13174,782388.0,627811.565790246,0.0,0.0,1,1
13175,782388.0,627811.565790246,0.0,0.0,1,1
13176,782388.0,627811.565790246,0.0,0.0,1,1
13177,782388.0,627811.565790246,0.0,0.0,1,1
13178,782388.0,627811.565790246,0.0,0.0,1,1
13179,782252.0,627811.565790246,0.0,0.0,1,1
13180,782252.0,627811.565790246,0.0,0.0,1,1
13181,782252.0,627811.565790246,0.0,0.0,1,1
13182,782252.0,627811.565790246,0.0,0.0,1,1
13183,782252.0,627811.565790246,0.0,0.0,1,1
13184,782252.0,627811.565790246,0.0,0.0,1,1
13185,782252.0,627811.565790246,0.0,0.0,1,1
13186,782252.0,627811.565790246,0.0,0.0,1,1
13187,782252.0,627811.565790246,0.0,0.0,1,1
13188,782252.0,627811.565790246,0.0,0.0,1,1
13189,782252.0,627811.565790246,0.0,0.0,1,1
13190,782252.0,627811.565790246,0.0,0.0,1,1
13191,782252.0,627811.565790246,0.0,0.0,1,1
13192,782252.0,627811.565790246,0.0,0.0,1,1
13193,782252.0,627811.565790246,0.0,0.0,1,1
13194,782210.5,627811.565790246,0.0,0.0,1,1
13195,782210.5,627811.565790246,0.0,0.0,1,1
13196,782210.5,627811.565790246,0.0,0.0,1,1
13197,782210.5,627811.565790246,0.0,0.0,1,1
13198,782210.5,627811.565790246,0.0,0.0,1,1
13199,782210.5,627811.565790246,0.0,0.0,1,1
13200,782210.5,627811.565790246,0.0,0.0,1,1
13201,782210.5,627811.565790246,0.0,0.0,1,1
13202,782210.5,627811.565790246,0.0,0.0,1,1
13203,782210.5,627811.565790246,0.0,0.0,1,1
13204,782210.5,627811.565790246,0.0,0.0,1,1
13205,781497.0,627811.565790246,0.0,0.0,1,1
13206,781497.0,627811.565790246,0.0,0.0,1,1
13207,781497.0,627811.565790246,0.0,0.0,1,1
13208,781497.0,627811.565790246,0.0,0.0,1,1
13209,781497.0,627811.565790246,0.0,0.0,1,1
13210,781497.0,627811.565790246,0.0,0.0,1,1
13211,781497.0,627811.565790246,0.0,0.0,1,1
13212,781497.0,627811.565790246,0.0,0.0,1,1
13213,781497.0,627811.565790246,0.0,0.0,1,1
13214,781497.0,627811.565790246,0.0,0.0,1,1
13215,781497.0,627811.565790246,0.0,0.0,1,1
13216,781497.0,627811.565790246,0.0,0.0,1,1
13217,781497.0,627811.565790246,0.0,0.0,1,1
13218,781497.0,627811.565790246,0.0,0.0,1,1
13219,781497.0,627811.565790246,0.0,0.0,1,1
13220,781497.0,627811.565790246,0.0,0.0,1,1
13221,781497.0,627811.565790246,0.0,0.0,1,1
13222,781497.0,627811.565790246,0.0,0.0,1,1
13223,781497.0,627811.565790246,0.0,0.0,1,1
13224,781497.0,627811.565790246,0.0,0.0,1,1
13225,781497.0,627811.565790246,0.0,0.0,1,1
13226,780905.5,627811.565790246,0.0,0.0,1,1
13227,780905.5,627811.565790246,0.0,0.0,1,1
13228,780905.5,627811.565790246,0.0,0.0,1,1
13229,780905.5,627811.565790246,0.0,0.0,1,1
13230,780905.5,627811.565790246,0.0,0.0,1,1
13231,780905.5,627811.565790246,0.0,0.0,1,1
13232,781128.0,627811.565790246,0.0,0.0,1,1
13233,781128.0,627811.565790246,0.0,0.0,1,1
13234,781128.0,627811.565790246,0.0,0.0,1,1
13235,781128.0,627811.565790246,0.0,0.0,1,1
13236,781128.0,627811.565790246,0.0,0.0,1,1
13237,781128.0,627811.565790246,0.0,0.0,1,1
13238,781128.0,627811.565790246,0.0,0.0,1,1
13239,781128.0,627811.565790246,0.0,0.0,1,1
13240,781128.0,627811.565790246,0.0,0.0,1,1
13241,781128.0,627811.565790246,0.0,0.0,1,1
13242,781128.0,627811.565790246,0.0,0.0,1,1
13243,781128.0,627811.565790246,0.0,0.0,1,1
13244,781128.0,627811.565790246,0.0,0.0,1,1
13245,781128.0,627811.565790246,0.0,0.0,1,1
13246,781128.0,627811.565790246,0.0,0.0,1,1
13247,781128.0,627811.565790246,0.0,0.0,1,1
13248,781128.0,627811.565790246,0.0,0.0,1,1
13249,781128.0,627811.565790246,0.0,0.0,1,1
13250,781128.0,627811.565790246,0.0,0.0,1,1
13251,781128.0,627811.565790246,0.0,0.0,1,1
13252,781128.0,627811.565790246,0.0,0.0,1,1
13253,781128.0,627811.565790246,0.0,0.0,1,1
13254,781128.0,627811.565790246,0.0,0.0,1,1
13255,781128.0,627811.565790246,0.0,0.0,1,1
13256,781128.0,627811.565790246,0.0,0.0,1,1
13257,781128.0,627811.565790246,0.0,0.0,1,1
13258,781128.0,627811.565790246,0.0,0.0,1,1
13259,781128.0,627811.565790246,0.0,0.0,1,1
13260,781128.0,627811.565790246,0.0,0.0,1,1
13261,781128.0,627811.565790246,0.0,0.0,1,1
13262,781128.0,627811.565790246,0.0,0.0,1,1
13263,781128.0,627811.565790246,0.0,0.0,1,1
13264,781128.0,627811.565790246,0.0,0.0,1,1
13265,781128.0,627811.565790246,0.0,0.0,1,1
13266,781109.0,627811.565790246,0.0,0.0,1,1
13267,781109.0,627811.565790246,0.0,0.0,1,1
13268,781109.0,627811.565790246,0.0,0.0,1,1
13269,779985.5,627811.565790246,0.0,0.0,1,1
13270,779985.5,627811.565790246,0.0,0.0,1,1
13271,779985.5,627811.565790246,0.0,0.0,1,1
13272,779985.5,627811.565790246,0.0,0.0,1,1
13273,779985.5,627811.565790246,0.0,0.0,1,1
13274,779985.5,627811.565790246,0.0,0.0,1,1
13275,779985.5,627811.565790246,0.0,0.0,1,1
13276,779985.5,627811.565790246,0.0,0.0,1,1
13277,779985.5,627811.565790246,0.0,0.0,1,1
13278,779985.5,627811.565790246,0.0,0.0,1,1
13279,779985.5,627811.565790246,0.0,0.0,1,1
13280,780135.5,627811.565790246,0.0,0.0,1,1
13281,780135.5,627811.565790246,0.0,0.0,1,1
13282,780135.5,627811.565790246,0.0,0.0,1,1
13283,780135.5,627811.565790246,0.0,0.0,1,1
13284,780135.5,627811.565790246,0.0,0.0,1,1
13285,780135.5,627811.565790246,0.0,0.0,1,1
13286,780135.5,627811.565790246,0.0,0.0,1,1
13287,780135.5,627811.565790246,0.0,0.0,1,1
13288,780135.5,627811.565790246,0.0,0.0,1,1
13289,780135.5,627811.565790246,0.0,0.0,1,1
13290,780135.5,627811.565790246,0.0,0.0,1,1
13291,780135.5,627811.565790246,0.0,0.0,1,1
13292,780099.5,627811.565790246,0.0,0.0,1,1
13293,780097.5,627811.565790246,0.0,0.0,1,1
13294,780097.5,627811.565790246,0.0,0.0,1,1
13295,780097.5,627811.565790246,0.0,0.0,1,1
13296,780097.5,627811.565790246,0.0,0.0,1,1
13297,780097.5,627811.565790246,0.0,0.0,1,1
13298,780097.5,627811.565790246,0.0,0.0,1,1
13299,780097.5,627811.565790246,0.0,0.0,1,1
13300,780097.5,627811.565790246,0.0,0.0,1,1
13301,780097.5,627811.565790246,0.0,0.0,1,1
13302,780097.5,627811.565790246,0.0,0.0,1,1
13303,780097.5,627811.565790246,0.0,0.0,1,1
13304,780097.5,627811.565790246,0.0,0.0,1,1
13305,780097.5,627811.565790246,0.0,0.0,1,1
13306,780097.5,627811.565790246,0.0,0.0,1,1
13307,780097.5,627811.565790246,0.0,0.0,1,1
13308,780097.5,627811.565790246,0.0,0.0,1,1
13309,780097.5,627811.565790246,0.0,0.0,1,1
13310,780097.5,627811.565790246,0.0,0.0,1,1
13311,780097.5,627811.565790246,0.0,0.0,1,1
13312,780097.5,627811.565790246,0.0,0.0,1,1
13313,780097.5,627811.565790246,0.0,0.0,1,1
13314,780097.5,627811.565790246,0.0,0.0,1,1
13315,780097.5,627811.565790246,0.0,0.0,1,1
13316,780097.5,627811.565790246,0.0,0.0,1,1
13317,780097.5,627811.565790246,0.0,0.0,1,1
13318,780097.5,627811.565790246,0.0,0.0,1,1
13319,780097.5,627811.565790246,0.0,0.0,1,1
13320,780097.5,627811.565790246,0.0,0.0,1,1
13321,780097.5,627811.565790246,0.0,0.0,1,1
13322,780097.5,627811.565790246,0.0,0.0,1,1
13323,780097.5,627811.565790246,0.0,0.0,1,1
13324,780097.5,627811.565790246,0.0,0.0,1,1
13325,780097.5,627811.565790246,0.0,0.0,1,1
13326,780097.5,627811.565790246,0.0,0.0,1,1
13327,780097.5,627811.565790246,0.0,0.0,1,1
13328,779937.5,627811.565790246,0.0,0.0,1,1
13329,779937.5,627811.565790246,0.0,0.0,1,1
13330,779937.5,627811.565790246,0.0,0.0,1,1
13331,779774.0,627811.565790246,0.0,0.0,1,1
13332,779774.0,627811.565790246,0.0,0.0,1,1
13333,779774.0,627811.565790246,0.0,0.0,1,1
13334,779774.0,627811.565790246,0.0,0.0,1,1
13335,779774.0,627811.565790246,0.0,0.0,1,1
13336,779774.0,627811.565790246,0.0,0.0,1,1
13337,779774.0,627811.565790246,0.0,0.0,1,1
13338,779774.0,627811.565790246,0.0,0.0,1,1
13339,779774.0,627811.565790246,0.0,0.0,1,1
13340,779774.0,627811.565790246,0.0,0.0,1,1
13341,779774.0,627811.565790246,0.0,0.0,1,1
13342,779774.0,627811.565790246,0.0,0.0,1,1
13343,779774.0,627811.565790246,0.0,0.0,1,1
13344,779774.0,627811.565790246,0.0,0.0,1,1
13345,779774.0,627811.565790246,0.0,0.0,1,1
13346,779774.0,627811.565790246,0.0,0.0,1,1
13347,779774.0,627811.565790246,0.0,0.0,1,1
13348,779774.0,627811.565790246,0.0,0.0,1,1
13349,779774.0,627811.565790246,0.0,0.0,1,1
13350,779774.0,627811.565790246,0.0,0.0,1,1
13351,779774.0,627811.565790246,0.0,0.0,1,1
13352,780808.0,627811.565790246,0.0,0.0,1,1
13353,780808.0,627811.565790246,0.0,0.0,1,1
13354,780808.0,627811.565790246,0.0,0.0,1,1
13355,781212.0,627811.565790246,0.0,0.0,1,1
13356,781212.0,627811.565790246,0.0,0.0,1,1
13357,781212.0,627811.565790246,0.0,0.0,1,1
13358,781212.0,627811.565790246,0.0,0.0,1,1
13359,781212.0,627811.565790246,0.0,0.0,1,1
13360,781212.0,627811.565790246,0.0,0.0,1,1
13361,781212.0,627811.565790246,0.0,0.0,1,1
13362,781212.0,627811.565790246,0.0,0.0,1,1
13363,781212.0,627811.565790246,0.0,0.0,1,1
13364,782144.0,627811.565790246,0.0,0.0,1,1
13365,782144.0,627811.565790246,0.0,0.0,1,1
13366,782144.0,627811.565790246,0.0,0.0,1,1
13367,782144.0,627811.565790246,0.0,0.0,1,1
13368,782144.0,627811.565790246,0.0,0.0,1,1
13369,784931.5,627811.565790246,0.0,0.0,1,1
13370,784931.5,627811.565790246,0.0,0.0,1,1
13371,784931.5,627811.565790246,0.0,0.0,1,1
13372,784931.5,627811.565790246,0.0,0.0,1,1
13373,784931.5,627811.565790246,0.0,0.0,1,1
13374,784931.5,627811.565790246,0.0,0.0,1,1
13375,784931.5,627811.565790246,0.0,0.0,1,1
13376,784931.5,627811.565790246,0.0,0.0,1,1
13377,784931.5,627811.565790246,0.0,0.0,1,1
13378,784931.5,627811.565790246,0.0,0.0,1,1
13379,784931.5,627811.565790246,0.0,0.0,1,1
13380,784931.5,627811.565790246,0.0,0.0,1,1
13381,784931.5,627811.565790246,0.0,0.0,1,1
13382,785279.5,627811.565790246,0.0,0.0,1,1
13383,785279.5,627811.565790246,0.0,0.0,1,1
13384,785279.5,627811.565790246,0.0,0.0,1,1
13385,785279.5,627811.565790246,0.0,0.0,1,1
13386,785279.5,627811.565790246,0.0,0.0,1,1
13387,785279.5,627811.565790246,0.0,0.0,1,1
13388,785279.5,627811.565790246,0.0,0.0,1,1
13389,785279.5,627811.565790246,0.0,0.0,1,1
13390,785279.5,627811.565790246,0.0,0.0,1,1
13391,785279.5,627811.565790246,0.0,0.0,1,1
13392,785279.5,627811.565790246,0.0,0.0,1,1
13393,785279.5,627811.565790246,0.0,0.0,1,1
13394,785279.5,627811.565790246,0.0,0.0,1,1
13395,785279.5,627811.565790246,0.0,0.0,1,1
13396,785279.5,627811.565790246,0.0,0.0,1,1
13397,785279.5,627811.565790246,0.0,0.0,1,1
13398,785279.5,627811.565790246,0.0,0.0,1,1
13399,785279.5,627811.565790246,0.0,0.0,1,1
13400,785279.5,627811.565790246,0.0,0.0,1,1
13401,785279.5,627811.565790246,0.0,0.0,1,1
13402,785279.5,627811.565790246,0.0,0.0,1,1
13403,785279.5,627811.565790246,0.0,0.0,1,1
13404,785279.5,627811.565790246,0.0,0.0,1,1
13405,785279.5,627811.565790246,0.0,0.0,1,1
13406,785279.5,627811.565790246,0.0,0.0,1,1
13407,785279.5,627811.565790246,0.0,0.0,1,1
13408,785279.5,627811.565790246,0.0,0.0,1,1
13409,785279.5,627811.565790246,0.0,0.0,1,1
13410,785279.5,627811.565790246,0.0,0.0,1,1
13411,785279.5,627811.565790246,0.0,0.0,1,1
13412,785279.5,627811.565790246,0.0,0.0,1,1
13413,785279.5,627811.565790246,0.0,0.0,1,1
13414,785279.5,627811.565790246,0.0,0.0,1,1
13415,785279.5,627811.565790246,0.0,0.0,1,1
13416,785279.5,627811.565790246,0.0,0.0,1,1
13417,785279.5,627811.565790246,0.0,0.0,1,1
13418,785279.5,627811.565790246,0.0,0.0,1,1
13419,785370.5,627811.565790246,0.0,0.0,1,1
13420,785398.5,627811.565790246,0.0,0.0,1,1
13421,785398.5,627811.565790246,0.0,0.0,1,1
13422,785398.5,627811.565790246,0.0,0.0,1,1
13423,785398.5,627811.565790246,0.0,0.0,1,1
13424,785398.5,627811.565790246,0.0,0.0,1,1
13425,785398.5,627811.565790246,0.0,0.0,1,1
13426,785398.5,627811.565790246,0.0,0.0,1,1
13427,785398.5,627811.565790246,0.0,0.0,1,1
13428,785398.5,627811.565790246,0.0,0.0,1,1
13429,785398.5,627811.565790246,0.0,0.0,1,1
13430,785398.5,627811.565790246,0.0,0.0,1,1
13431,785398.5,627811.565790246,0.0,0.0,1,1
13432,785398.5,627811.565790246,0.0,0.0,1,1
13433,785398.5,627811.565790246,0.0,0.0,1,1
13434,785398.5,627811.565790246,0.0,0.0,1,1
13435,785398.5,627811.565790246,0.0,0.0,1,1
13436,785398.5,627811.565790246,0.0,0.0,1,1
13437,785398.5,627811.565790246,0.0,0.0,1,1
13438,785398.5,627811.565790246,0.0,0.0,1,1
13439,785398.5,627811.565790246,0.0,0.0,1,1
13440,785398.5,627811.565790246,0.0,0.0,1,1
13441,785398.5,627811.565790246,0.0,0.0,1,1
13442,785398.5,627811.565790246,0.0,0.0,1,1
13443,785398.5,627811.565790246,0.0,0.0,1,1
13444,785338.5,627811.565790246,0.0,0.0,1,1
13445,785338.5,627811.565790246,0.0,0.0,1,1
13446,785338.5,627811.565790246,0.0,0.0,1,1
13447,785338.5,627811.565790246,0.0,0.0,1,1
13448,785338.5,627811.565790246,0.0,0.0,1,1
13449,785338.5,627811.565790246,0.0,0.0,1,1
13450,784954.5,627811.565790246,0.0,0.0,1,1
13451,784954.5,627811.565790246,0.0,0.0,1,1
13452,784954.5,627811.565790246,0.0,0.0,1,1
13453,784954.5,627811.565790246,0.0,0.0,1,1
13454,784954.5,627811.565790246,0.0,0.0,1,1
13455,784954.5,627811.565790246,0.0,0.0,1,1
13456,784954.5,627811.565790246,0.0,0.0,1,1
13457,784954.5,627811.565790246,0.0,0.0,1,1
13458,784954.5,627811.565790246,0.0,0.0,1,1
13459,784954.5,627811.565790246,0.0,0.0,1,1
13460,784954.5,627811.565790246,0.0,0.0,1,1
13461,784954.5,627811.565790246,0.0,0.0,1,1
13462,784954.5,627811.565790246,0.0,0.0,1,1
13463,784954.5,627811.565790246,0.0,0.0,1,1
13464,784954.5,627811.565790246,0.0,0.0,1,1
13465,784954.5,627811.565790246,0.0,0.0,1,1
13466,784954.5,627811.565790246,0.0,0.0,1,1
13467,784954.5,627811.565790246,0.0,0.0,1,1
13468,784954.5,627811.565790246,0.0,0.0,1,1
13469,784954.5,627811.565790246,0.0,0.0,1,1
13470,784954.5,627811.565790246,0.0,0.0,1,1
13471,784954.5,627811.565790246,0.0,0.0,1,1
13472,785379.5,627811.565790246,0.0,0.0,1,1
13473,785379.5,627811.565790246,0.0,0.0,1,1
13474,785379.5,627811.565790246,0.0,0.0,1,1
13475,785379.5,627811.565790246,0.0,0.0,1,1
13476,785379.5,627811.565790246,0.0,0.0,1,1
13477,785379.5,627811.565790246,0.0,0.0,1,1
13478,785379.5,627811.565790246,0.0,0.0,1,1
13479,785379.5,627811.565790246,0.0,0.0,1,1
13480,785379.5,627811.565790246,0.0,0.0,1,1
13481,785379.5,627811.565790246,0.0,0.0,1,1
13482,785379.5,627811.565790246,0.0,0.0,1,1
13483,785379.5,627811.565790246,0.0,0.0,1,1
13484,785379.5,627811.565790246,0.0,0.0,1,1
13485,785379.5,627811.565790246,0.0,0.0,1,1
13486,785379.5,627811.565790246,0.0,0.0,1,1
13487,785379.5,627811.565790246,0.0,0.0,1,1
13488,785379.5,627811.565790246,0.0,0.0,1,1
13489,785379.5,627811.565790246,0.0,0.0,1,1
13490,785379.5,627811.565790246,0.0,0.0,1,1
13491,785379.5,627811.565790246,0.0,0.0,1,1
13492,785379.5,627811.565790246,0.0,0.0,1,1
13493,785379.5,627811.565790246,0.0,0.0,1,1
13494,785379.5,627811.565790246,0.0,0.0,1,1
13495,785379.5,627811.565790246,0.0,0.0,1,1
13496,785379.5,627811.565790246,0.0,0.0,1,1
13497,785379.5,627811.565790246,0.0,0.0,1,1
13498,785379.5,627811.565790246,0.0,0.0,1,1
13499,785379.5,627811.565790246,0.0,0.0,1,1
13500,785379.5,627811.565790246,0.0,0.0,1,1
13501,785544.5,627811.565790246,0.0,0.0,1,1
13502,785544.5,627811.565790246,0.0,0.0,1,1
13503,785574.0,627811.565790246,0.0,0.0,1,1
13504,785574.0,627811.565790246,0.0,0.0,1,1
13505,785574.0,627811.565790246,0.0,0.0,1,1
13506,785574.0,627811.565790246,0.0,0.0,1,1
13507,785574.0,627811.565790246,0.0,0.0,1,1
13508,785574.0,627811.565790246,0.0,0.0,1,1
13509,785574.0,627811.565790246,0.0,0.0,1,1
13510,785574.0,627811.565790246,0.0,0.0,1,1
13511,785826.5,627811.565790246,0.0,0.0,1,1
13512,785826.5,627811.565790246,0.0,0.0,1,1
13513,785661.5,627811.565790246,0.0,0.0,1,1
13514,785661.5,627811.565790246,0.0,0.0,1,1
13515,785661.5,627811.565790246,0.0,0.0,1,1
13516,785596.5,627811.565790246,0.0,0.0,1,1
13517,785596.5,627811.565790246,0.0,0.0,1,1
13518,785596.5,627811.565790246,0.0,0.0,1,1
13519,785596.5,627811.565790246,0.0,0.0,1,1
13520,785596.5,627811.565790246,0.0,0.0,1,1
13521,785206.5,627811.565790246,0.0,0.0,1,1
13522,785206.5,627811.565790246,0.0,0.0,1,1
13523,785206.5,627811.565790246,0.0,0.0,1,1
13524,785206.5,627811.565790246,0.0,0.0,1,1
13525,785206.5,627811.565790246,0.0,0.0,1,1
13526,785206.5,627811.565790246,0.0,0.0,1,1
13527,785206.5,627811.565790246,0.0,0.0,1,1
13528,785206.5,627811.565790246,0.0,0.0,1,1
13529,785206.5,627811.565790246,0.0,0.0,1,1
13530,785206.5,627811.565790246,0.0,0.0,1,1
13531,785206.5,627811.565790246,0.0,0.0,1,1
13532,785206.5,627811.565790246,0.0,0.0,1,1
13533,785206.5,627811.565790246,0.0,0.0,1,1
13534,785206.5,627811.565790246,0.0,0.0,1,1
13535,785206.5,627811.565790246,0.0,0.0,1,1
13536,785206.5,627811.565790246,0.0,0.0,1,1
13537,785206.5,627811.565790246,0.0,0.0,1,1
13538,785206.5,627811.565790246,0.0,0.0,1,1
13539,785206.5,627811.565790246,0.0,0.0,1,1
13540,785206.5,627811.565790246,0.0,0.0,1,1
13541,785206.5,627811.565790246,0.0,0.0,1,1
13542,785206.5,627811.565790246,0.0,0.0,1,1
13543,785206.5,627811.565790246,0.0,0.0,1,1
13544,785206.5,627811.565790246,0.0,0.0,1,1
13545,785206.5,627811.565790246,0.0,0.0,1,1
13546,785206.5,627811.565790246,0.0,0.0,1,1
13547,785206.5,627811.565790246,0.0,0.0,1,1
13548,785206.5,627811.565790246,0.0,0.0,1,1
13549,785206.5,627811.565790246,0.0,0.0,1,1
13550,785206.5,627811.565790246,0.0,0.0,1,1
13551,785206.5,627811.565790246,0.0,0.0,1,1
13552,785206.5,627811.565790246,0.0,0.0,1,1
13553,785206.5,627811.565790246,0.0,0.0,1,1
13554,785206.5,627811.565790246,0.0,0.0,1,1
13555,785206.5,627811.565790246,0.0,0.0,1,1
13556,785219.5,627811.565790246,0.0,0.0,1,1
13557,784887.5,627811.565790246,0.0,0.0,1,1
13558,784887.5,627811.565790246,0.0,0.0,1,1
13559,784887.5,627811.565790246,0.0,0.0,1,1
13560,784887.5,627811.565790246,0.0,0.0,1,1
13561,784887.5,627811.565790246,0.0,0.0,1,1
13562,784887.5,627811.565790246,0.0,0.0,1,1
13563,784887.5,627811.565790246,0.0,0.0,1,1
13564,784891.5,627811.565790246,0.0,0.0,1,1
13565,784891.5,627811.565790246,0.0,0.0,1,1
13566,784891.5,627811.565790246,0.0,0.0,1,1
13567,784891.5,627811.565790246,0.0,0.0,1,1
13568,784891.5,627811.565790246,0.0,0.0,1,1
13569,784891.5,627811.565790246,0.0,0.0,1,1
13570,785143.0,627811.565790246,0.0,0.0,1,1
13571,785143.0,627811.565790246,0.0,0.0,1,1
13572,785143.0,627811.565790246,0.0,0.0,1,1
13573,785143.0,627811.565790246,0.0,0.0,1,1
13574,785143.0,627811.565790246,0.0,0.0,1,1
13575,785143.0,627811.565790246,0.0,0.0,1,1
13576,785143.0,627811.565790246,0.0,0.0,1,1
13577,784767.5,627811.565790246,0.0,0.0,1,1
13578,784767.5,627811.565790246,0.0,0.0,1,1
13579,784767.5,627811.565790246,0.0,0.0,1,1
13580,784767.5,627811.565790246,0.0,0.0,1,1
13581,784818.5,627811.565790246,0.0,0.0,1,1
13582,784818.5,627811.565790246,0.0,0.0,1,1
13583,785424.0,627811.565790246,0.0,0.0,1,1
13584,785424.0,627811.565790246,0.0,0.0,1,1
13585,785424.0,627811.565790246,0.0,0.0,1,1
13586,785424.0,627811.565790246,0.0,0.0,1,1
13587,785424.0,627811.565790246,0.0,0.0,1,1
13588,785424.0,627811.565790246,0.0,0.0,1,1
13589,785358.0,627811.565790246,0.0,0.0,1,1
13590,785358.0,627811.565790246,0.0,0.0,1,1
13591,785358.0,627811.565790246,0.0,0.0,1,1
13592,785358.0,627811.565790246,0.0,0.0,1,1
13593,785358.0,627811.565790246,0.0,0.0,1,1
13594,785358.0,627811.565790246,0.0,0.0,1,1
13595,785358.0,627811.565790246,0.0,0.0,1,1
13596,785358.0,627811.565790246,0.0,0.0,1,1
13597,785358.0,627811.565790246,0.0,0.0,1,1
13598,785358.0,627811.565790246,0.0,0.0,1,1
13599,785358.0,627811.565790246,0.0,0.0,1,1
13600,785358.0,627811.565790246,0.0,0.0,1,1
13601,785358.0,627811.565790246,0.0,0.0,1,1
13602,785358.0,627811.565790246,0.0,0.0,1,1
13603,785358.0,627811.565790246,0.0,0.0,1,1
13604,785358.0,627811.565790246,0.0,0.0,1,1
13605,785358.0,627811.565790246,0.0,0.0,1,1
13606,785358.0,627811.565790246,0.0,0.0,1,1
13607,784925.5,627811.565790246,0.0,0.0,1,1
13608,784925.5,627811.565790246,0.0,0.0,1,1
13609,784925.5,627811.565790246,0.0,0.0,1,1
13610,784925.5,627811.565790246,0.0,0.0,1,1
13611,784925.5,627811.565790246,0.0,0.0,1,1
13612,784925.5,627811.565790246,0.0,0.0,1,1
13613,784241.0,627811.565790246,0.0,0.0,1,1
13614,784241.0,627811.565790246,0.0,0.0,1,1
13615,784241.0,627811.565790246,0.0,0.0,1,1
13616,784241.0,627811.565790246,0.0,0.0,1,1
13617,784241.0,627811.565790246,0.0,0.0,1,1
13618,784241.0,627811.565790246,0.0,0.0,1,1
13619,784241.0,627811.565790246,0.0,0.0,1,1
13620,784241.0,627811.565790246,0.0,0.0,1,1
13621,784241.0,627811.565790246,0.0,0.0,1,1
13622,784241.0,627811.565790246,0.0,0.0,1,1
13623,784241.0,627811.565790246,0.0,0.0,1,1
13624,784241.0,627811.565790246,0.0,0.0,1,1
13625,784241.0,627811.565790246,0.0,0.0,1,1
13626,784241.0,627811.565790246,0.0,0.0,1,1
13627,784241.0,627811.565790246,0.0,0.0,1,1
13628,784241.0,627811.565790246,0.0,0.0,1,1
13629,784241.0,627811.565790246,0.0,0.0,1,1
13630,784345.0,627811.565790246,0.0,0.0,1,1
13631,784345.0,627811.565790246,0.0,0.0,1,1
13632,784610.0,627811.565790246,0.0,0.0,1,1
13633,784610.0,627811.565790246,0.0,0.0,1,1
13634,784610.0,627811.565790246,0.0,0.0,1,1
13635,784610.0,627811.565790246,0.0,0.0,1,1
13636,784610.0,627811.565790246,0.0,0.0,1,1
13637,784610.0,627811.565790246,0.0,0.0,1,1
13638,784610.0,627811.565790246,0.0,0.0,1,1
13639,784610.0,627811.565790246,0.0,0.0,1,1
13640,784610.0,627811.565790246,0.0,0.0,1,1
13641,784610.0,627811.565790246,0.0,0.0,1,1
13642,784610.0,627811.565790246,0.0,0.0,1,1
13643,784610.0,627811.565790246,0.0,0.0,1,1
13644,784610.0,627811.565790246,0.0,0.0,1,1
13645,784610.0,627811.565790246,0.0,0.0,1,1
13646,784610.0,627811.565790246,0.0,0.0,1,1
13647,784610.0,627811.565790246,0.0,0.0,1,1
13648,784610.0,627811.565790246,0.0,0.0,1,1
13649,785028.5,627811.565790246,0.0,0.0,1,1
13650,785028.5,627811.565790246,0.0,0.0,1,1
13651,785028.5,627811.565790246,0.0,0.0,1,1
13652,785028.5,627811.565790246,0.0,0.0,1,1
13653,785028.5,627811.565790246,0.0,0.0,1,1
13654,785028.5,627811.565790246,0.0,0.0,1,1
13655,785028.5,627811.565790246,0.0,0.0,1,1
13656,785344.0,627811.565790246,0.0,0.0,1,1
13657,785344.0,627811.565790246,0.0,0.0,1,1
13658,785344.0,627811.565790246,0.0,0.0,1,1
13659,785344.0,627811.565790246,0.0,0.0,1,1
13660,785344.0,627811.565790246,0.0,0.0,1,1
13661,785344.0,627811.565790246,0.0,0.0,1,1
13662,785344.0,627811.565790246,0.0,0.0,1,1
13663,785344.0,627811.565790246,0.0,0.0,1,1
13664,785344.0,627811.565790246,0.0,0.0,1,1
13665,785344.0,627811.565790246,0.0,0.0,1,1
13666,785344.0,627811.565790246,0.0,0.0,1,1
13667,785344.0,627811.565790246,0.0,0.0,1,1
13668,785344.0,627811.565790246,0.0,0.0,1,1
13669,785344.0,627811.565790246,0.0,0.0,1,1
13670,785344.0,627811.565790246,0.0,0.0,1,1
13671,785344.0,627811.565790246,0.0,0.0,1,1
13672,785344.0,627811.565790246,0.0,0.0,1,1
13673,785344.0,627811.565790246,0.0,0.0,1,1
13674,785344.0,627811.565790246,0.0,0.0,1,1
13675,785344.0,627811.565790246,0.0,0.0,1,1
13676,785344.0,627811.565790246,0.0,0.0,1,1
13677,785344.0,627811.565790246,0.0,0.0,1,1
13678,785344.0,627811.565790246,0.0,0.0,1,1
13679,785344.0,627811.565790246,0.0,0.0,1,1
13680,785344.0,627811.565790246,0.0,0.0,1,1
13681,785344.0,627811.565790246,0.0,0.0,1,1
13682,785344.0,627811.565790246,0.0,0.0,1,1
13683,785344.0,627811.565790246,0.0,0.0,1,1
13684,785344.0,627811.565790246,0.0,0.0,1,1
13685,785344.0,627811.565790246,0.0,0.0,1,1
13686,785084.5,627811.565790246,0.0,0.0,1,1
13687,785084.5,627811.565790246,0.0,0.0,1,1
13688,785084.5,627811.565790246,0.0,0.0,1,1
13689,785084.5,627811.565790246,0.0,0.0,1,1
13690,785084.5,627811.565790246,0.0,0.0,1,1
13691,785084.5,627811.565790246,0.0,0.0,1,1
13692,785084.5,627811.565790246,0.0,0.0,1,1
13693,785084.5,627811.565790246,0.0,0.0,1,1
13694,785084.5,627811.565790246,0.0,0.0,1,1
13695,785084.5,627811.565790246,0.0,0.0,1,1
13696,785084.5,627811.565790246,0.0,0.0,1,1
13697,785084.5,627811.565790246,0.0,0.0,1,1
13698,785084.5,627811.565790246,0.0,0.0,1,1
13699,785084.5,627811.565790246,0.0,0.0,1,1
13700,785084.5,627811.565790246,0.0,0.0,1,1
13701,785084.5,627811.565790246,0.0,0.0,1,1
13702,785084.5,627811.565790246,0.0,0.0,1,1
13703,785084.5,627811.565790246,0.0,0.0,1,1
13704,784512.5,627811.565790246,0.0,0.0,1,1
13705,784512.5,627811.565790246,0.0,0.0,1,1
13706,784512.5,627811.565790246,0.0,0.0,1,1
13707,784512.5,627811.565790246,0.0,0.0,1,1
13708,784512.5,627811.565790246,0.0,0.0,1,1
13709,784512.5,627811.565790246,0.0,0.0,1,1
13710,784512.5,627811.565790246,0.0,0.0,1,1
13711,784512.5,627811.565790246,0.0,0.0,1,1
13712,784512.5,627811.565790246,0.0,0.0,1,1
13713,784512.5,627811.565790246,0.0,0.0,1,1
13714,784512.5,627811.565790246,0.0,0.0,1,1
13715,784512.5,627811.565790246,0.0,0.0,1,1
13716,784512.5,627811.565790246,0.0,0.0,1,1
13717,784512.5,627811.565790246,0.0,0.0,1,1
13718,784512.5,627811.565790246,0.0,0.0,1,1
13719,784512.5,627811.565790246,0.0,0.0,1,1
13720,784512.5,627811.565790246,0.0,0.0,1,1
13721,784512.5,627811.565790246,0.0,0.0,1,1
13722,784512.5,627811.565790246,0.0,0.0,1,1
13723,784512.5,627811.565790246,0.0,0.0,1,1
13724,784512.5,627811.565790246,0.0,0.0,1,1
13725,784443.5,627811.565790246,0.0,0.0,1,1
13726,784443.5,627811.565790246,0.0,0.0,1,1
13727,784443.5,627811.565790246,0.0,0.0,1,1
13728,784460.5,627811.565790246,0.0,0.0,1,1
13729,784460.5,627811.565790246,0.0,0.0,1,1
13730,784460.5,627811.565790246,0.0,0.0,1,1
13731,784460.5,627811.565790246,0.0,0.0,1,1
13732,784460.5,627811.565790246,0.0,0.0,1,1
13733,784460.5,627811.565790246,0.0,0.0,1,1
13734,784460.5,627811.565790246,0.0,0.0,1,1
13735,784460.5,627811.565790246,0.0,0.0,1,1
13736,784460.5,627811.565790246,0.0,0.0,1,1
13737,784460.5,627811.565790246,0.0,0.0,1,1
13738,784460.5,627811.565790246,0.0,0.0,1,1
13739,784460.5,627811.565790246,0.0,0.0,1,1
13740,784430.0,627811.565790246,0.0,0.0,1,1
13741,783920.0,627811.565790246,0.0,0.0,1,1
13742,783920.0,627811.565790246,0.0,0.0,1,1
13743,783980.0,627811.565790246,0.0,0.0,1,1
13744,783980.0,627811.565790246,0.0,0.0,1,1
13745,783980.0,627811.565790246,0.0,0.0,1,1
13746,783980.0,627811.565790246,0.0,0.0,1,1
13747,783980.0,627811.565790246,0.0,0.0,1,1
13748,783980.0,627811.565790246,0.0,0.0,1,1
13749,783980.0,627811.565790246,0.0,0.0,1,1
13750,783980.0,627811.565790246,0.0,0.0,1,1
13751,784232.5,627811.565790246,0.0,0.0,1,1
13752,784232.5,627811.565790246,0.0,0.0,1,1
13753,784232.5,627811.565790246,0.0,0.0,1,1
13754,784232.5,627811.565790246,0.0,0.0,1,1
13755,784232.5,627811.565790246,0.0,0.0,1,1
13756,784232.5,627811.565790246,0.0,0.0,1,1
13757,784232.5,627811.565790246,0.0,0.0,1,1
13758,784232.5,627811.565790246,0.0,0.0,1,1
13759,784232.5,627811.565790246,0.0,0.0,1,1
13760,784232.5,627811.565790246,0.0,0.0,1,1
13761,784232.5,627811.565790246,0.0,0.0,1,1
13762,784232.5,627811.565790246,0.0,0.0,1,1
13763,784232.5,627811.565790246,0.0,0.0,1,1
13764,784232.5,627811.565790246,0.0,0.0,1,1
13765,783757.5,627811.565790246,0.0,0.0,1,1
13766,783757.5,627811.565790246,0.0,0.0,1,1
13767,783757.5,627811.565790246,0.0,0.0,1,1
13768,783757.5,627811.565790246,0.0,0.0,1,1
13769,783757.5,627811.565790246,0.0,0.0,1,1
13770,783757.5,627811.565790246,0.0,0.0,1,1
13771,783757.5,627811.565790246,0.0,0.0,1,1
13772,783757.5,627811.565790246,0.0,0.0,1,1
13773,783757.5,627811.565790246,0.0,0.0,1,1
13774,783757.5,627811.565790246,0.0,0.0,1,1
13775,783757.5,627811.565790246,0.0,0.0,1,1
13776,783757.5,627811.565790246,0.0,0.0,1,1
13777,783757.5,627811.565790246,0.0,0.0,1,1
13778,783757.5,627811.565790246,0.0,0.0,1,1
13779,789505.0,627811.565790246,0.0,0.0,1,1
13780,789443.0,627811.565790246,0.0,0.0,1,1
13781,789443.0,627811.565790246,0.0,0.0,1,1
13782,789443.0,627811.565790246,0.0,0.0,1,1
13783,789443.0,627811.565790246,0.0,0.0,1,1
13784,789443.0,627811.565790246,0.0,0.0,1,1
13785,789443.0,627811.565790246,0.0,0.0,1,1
13786,789443.0,627811.565790246,0.0,0.0,1,1
13787,789443.0,627811.565790246,0.0,0.0,1,1
13788,789443.0,627811.565790246,0.0,0.0,1,1
13789,789443.0,627811.565790246,0.0,0.0,1,1
13790,789099.0,627811.565790246,0.0,0.0,1,1
13791,789099.0,627811.565790246,0.0,0.0,1,1
13792,789099.0,627811.565790246,0.0,0.0,1,1
13793,789099.0,627811.565790246,0.0,0.0,1,1
13794,789099.0,627811.565790246,0.0,0.0,1,1
13795,789099.0,627811.565790246,0.0,0.0,1,1
13796,789099.0,627811.565790246,0.0,0.0,1,1
13797,789099.0,627811.565790246,0.0,0.0,1,1
13798,789099.0,627811.565790246,0.0,0.0,1,1
13799,789099.0,627811.565790246,0.0,0.0,1,1
13800,789099.0,627811.565790246,0.0,0.0,1,1
13801,789099.0,627811.565790246,0.0,0.0,1,1
13802,789099.0,627811.565790246,0.0,0.0,1,1
13803,789099.0,627811.565790246,0.0,0.0,1,1
13804,789099.0,627811.565790246,0.0,0.0,1,1
13805,789099.0,627811.565790246,0.0,0.0,1,1
13806,789099.0,627811.565790246,0.0,0.0,1,1
13807,789099.0,627811.565790246,0.0,0.0,1,1
13808,789099.0,627811.565790246,0.0,0.0,1,1
13809,789099.0,627811.565790246,0.0,0.0,1,1
13810,789099.0,627811.565790246,0.0,0.0,1,1
13811,789099.0,627811.565790246,0.0,0.0,1,1
13812,789099.0,627811.565790246,0.0,0.0,1,1
13813,789099.0,627811.565790246,0.0,0.0,1,1
13814,789099.0,627811.565790246,0.0,0.0,1,1
13815,789099.0,627811.565790246,0.0,0.0,1,1
13816,789099.0,627811.565790246,0.0,0.0,1,1
13817,789099.0,627811.565790246,0.0,0.0,1,1
13818,788750.0,627811.565790246,0.0,0.0,1,1
13819,788750.0,627811.565790246,0.0,0.0,1,1
13820,788750.0,627811.565790246,0.0,0.0,1,1
13821,789959.5,627811.565790246,0.0,0.0,1,1
13822,789959.5,627811.565790246,0.0,0.0,1,1
13823,789959.5,627811.565790246,0.0,0.0,1,1
13824,789959.5,627811.565790246,0.0,0.0,1,1
13825,789959.5,627811.565790246,0.0,0.0,1,1
13826,789855.5,627811.565790246,0.0,0.0,1,1
13827,789946.5,627811.565790246,0.0,0.0,1,1
13828,789946.5,627811.565790246,0.0,0.0,1,1
13829,789946.5,627811.565790246,0.0,0.0,1,1
13830,789946.5,627811.565790246,0.0,0.0,1,1
13831,789946.5,627811.565790246,0.0,0.0,1,1
13832,789946.5,627811.565790246,0.0,0.0,1,1
13833,789946.5,627811.565790246,0.0,0.0,1,1
13834,789946.5,627811.565790246,0.0,0.0,1,1
13835,789946.5,627811.565790246,0.0,0.0,1,1
13836,789946.5,627811.565790246,0.0,0.0,1,1
13837,789946.5,627811.565790246,0.0,0.0,1,1
13838,789946.5,627811.565790246,0.0,0.0,1,1
13839,789946.5,627811.565790246,0.0,0.0,1,1
13840,789946.5,627811.565790246,0.0,0.0,1,1
13841,789946.5,627811.565790246,0.0,0.0,1,1
13842,789946.5,627811.565790246,0.0,0.0,1,1
13843,789946.5,627811.565790246,0.0,0.0,1,1
13844,789946.5,627811.565790246,0.0,0.0,1,1
13845,789946.5,627811.565790246,0.0,0.0,1,1
13846,789946.5,627811.565790246,0.0,0.0,1,1
13847,789946.5,627811.565790246,0.0,0.0,1,1
13848,789946.5,627811.565790246,0.0,0.0,1,1
13849,789946.5,627811.565790246,0.0,0.0,1,1
13850,789946.5,627811.565790246,0.0,0.0,1,1
13851,789946.5,627811.565790246,0.0,0.0,1,1
13852,789946.5,627811.565790246,0.0,0.0,1,1
13853,789946.5,627811.565790246,0.0,0.0,1,1
13854,789946.5,627811.565790246,0.0,0.0,1,1
13855,789946.5,627811.565790246,0.0,0.0,1,1
13856,789946.5,627811.565790246,0.0,0.0,1,1
13857,789946.5,627811.565790246,0.0,0.0,1,1
13858,789946.5,627811.565790246,0.0,0.0,1,1
13859,790668.5,627811.565790246,0.0,0.0,1,1
13860,790964.5,627811.565790246,0.0,0.0,1,1
13861,790964.5,627811.565790246,0.0,0.0,1,1
13862,792721.0,627811.565790246,0.0,0.0,1,1
13863,792721.0,627811.565790246,0.0,0.0,1,1
13864,792721.0,627811.565790246,0.0,0.0,1,1
13865,792721.0,627811.565790246,0.0,0.0,1,1
13866,792721.0,627811.565790246,0.0,0.0,1,1
13867,792721.0,627811.565790246,0.0,0.0,1,1
13868,792721.0,627811.565790246,0.0,0.0,1,1
13869,792721.0,627811.565790246,0.0,0.0,1,1
13870,792721.0,627811.565790246,0.0,0.0,1,1
13871,792721.0,627811.565790246,0.0,0.0,1,1
13872,792721.0,627811.565790246,0.0,0.0,1,1
13873,792721.0,627811.565790246,0.0,0.0,1,1
13874,792721.0,627811.565790246,0.0,0.0,1,1
13875,792721.0,627811.565790246,0.0,0.0,1,1
13876,792721.0,627811.565790246,0.0,0.0,1,1
13877,792721.0,627811.565790246,0.0,0.0,1,1
13878,792721.0,627811.565790246,0.0,0.0,1,1
13879,792721.0,627811.565790246,0.0,0.0,1,1
13880,792721.0,627811.565790246,0.0,0.0,1,1
13881,792721.0,627811.565790246,0.0,0.0,1,1
13882,792721.0,627811.565790246,0.0,0.0,1,1
13883,792721.0,627811.565790246,0.0,0.0,1,1
13884,792721.0,627811.565790246,0.0,0.0,1,1
13885,792721.0,627811.565790246,0.0,0.0,1,1
13886,792721.0,627811.565790246,0.0,0.0,1,1
13887,792721.0,627811.565790246,0.0,0.0,1,1
13888,792721.0,627811.565790246,0.0,0.0,1,1
13889,792721.0,627811.565790246,0.0,0.0,1,1
13890,792721.0,627811.565790246,0.0,0.0,1,1
13891,792721.0,627811.565790246,0.0,0.0,1,1
13892,792721.0,627811.565790246,0.0,0.0,1,1
13893,792721.0,627811.565790246,0.0,0.0,1,1
13894,792721.0,627811.565790246,0.0,0.0,1,1
13895,792721.0,627811.565790246,0.0,0.0,1,1
13896,792721.0,627811.565790246,0.0,0.0,1,1
13897,792721.0,627811.565790246,0.0,0.0,1,1
13898,792721.0,627811.565790246,0.0,0.0,1,1
13899,792642.0,627811.565790246,0.0,0.0,1,1
13900,792125.5,627811.565790246,0.0,0.0,1,1
13901,792125.5,627811.565790246,0.0,0.0,1,1
13902,792125.5,627811.565790246,0.0,0.0,1,1
13903,792125.5,627811.565790246,0.0,0.0,1,1
13904,792125.5,627811.565790246,0.0,0.0,1,1
13905,792125.5,627811.565790246,0.0,0.0,1,1
13906,792125.5,627811.565790246,0.0,0.0,1,1
13907,792125.5,627811.565790246,0.0,0.0,1,1
13908,792125.5,627811.565790246,0.0,0.0,1,1
13909,792125.5,627811.565790246,0.0,0.0,1,1
13910,792125.5,627811.565790246,0.0,0.0,1,1
13911,792125.5,627811.565790246,0.0,0.0,1,1
13912,792125.5,627811.565790246,0.0,0.0,1,1
13913,792125.5,627811.565790246,0.0,0.0,1,1
13914,792125.5,627811.565790246,0.0,0.0,1,1
13915,792125.5,627811.565790246,0.0,0.0,1,1
13916,792125.5,627811.565790246,0.0,0.0,1,1
13917,792125.5,627811.565790246,0.0,0.0,1,1
13918,792125.5,627811.565790246,0.0,0.0,1,1
13919,792125.5,627811.565790246,0.0,0.0,1,1
13920,792125.5,627811.565790246,0.0,0.0,1,1
13921,792125.5,627811.565790246,0.0,0.0,1,1
13922,792030.5,627811.565790246,0.0,0.0,1,1
13923,792034.0,627811.565790246,0.0,0.0,1,1
13924,792034.0,627811.565790246,0.0,0.0,1,1
13925,792034.0,627811.565790246,0.0,0.0,1,1
13926,792034.0,627811.565790246,0.0,0.0,1,1
13927,791949.5,627811.565790246,0.0,0.0,1,1
13928,791949.5,627811.565790246,0.0,0.0,1,1
13929,791949.5,627811.565790246,0.0,0.0,1,1
13930,791949.5,627811.565790246,0.0,0.0,1,1
13931,791949.5,627811.565790246,0.0,0.0,1,1
13932,791949.5,627811.565790246,0.0,0.0,1,1
13933,791949.5,627811.565790246,0.0,0.0,1,1
13934,791949.5,627811.565790246,0.0,0.0,1,1
13935,791949.5,627811.565790246,0.0,0.0,1,1
13936,791949.5,627811.565790246,0.0,0.0,1,1
13937,791949.5,627811.565790246,0.0,0.0,1,1
13938,791949.5,627811.565790246,0.0,0.0,1,1
13939,791949.5,627811.565790246,0.0,0.0,1,1
13940,791949.5,627811.565790246,0.0,0.0,1,1
13941,791949.5,627811.565790246,0.0,0.0,1,1
13942,791949.5,627811.565790246,0.0,0.0,1,1
13943,791949.5,627811.565790246,0.0,0.0,1,1
13944,791949.5,627811.565790246,0.0,0.0,1,1
13945,791949.5,627811.565790246,0.0,0.0,1,1
13946,791949.5,627811.565790246,0.0,0.0,1,1
13947,791949.5,627811.565790246,0.0,0.0,1,1
13948,791949.5,627811.565790246,0.0,0.0,1,1
13949,791949.5,627811.565790246,0.0,0.0,1,1
13950,791949.5,627811.565790246,0.0,0.0,1,1
13951,791949.5,627811.565790246,0.0,0.0,1,1
13952,791949.5,627811.565790246,0.0,0.0,1,1
13953,791949.5,627811.565790246,0.0,0.0,1,1
13954,791949.5,627811.565790246,0.0,0.0,1,1
13955,791949.5,627811.565790246,0.0,0.0,1,1
13956,791949.5,627811.565790246,0.0,0.0,1,1
13957,791949.5,627811.565790246,0.0,0.0,1,1
13958,791949.5,627811.565790246,0.0,0.0,1,1
13959,791949.5,627811.565790246,0.0,0.0,1,1
13960,791949.5,627811.565790246,0.0,0.0,1,1
13961,791949.5,627811.565790246,0.0,0.0,1,1
13962,791949.5,627811.565790246,0.0,0.0,1,1
13963,791949.5,627811.565790246,0.0,0.0,1,1
13964,791949.5,627811.565790246,0.0,0.0,1,1
13965,791949.5,627811.565790246,0.0,0.0,1,1
13966,791949.5,627811.565790246,0.0,0.0,1,1
13967,791949.5,627811.565790246,0.0,0.0,1,1
13968,791949.5,627811.565790246,0.0,0.0,1,1
13969,791949.5,627811.565790246,0.0,0.0,1,1
13970,791949.5,627811.565790246,0.0,0.0,1,1
13971,791949.5,627811.565790246,0.0,0.0,1,1
13972,791949.5,627811.565790246,0.0,0.0,1,1
13973,791949.5,627811.565790246,0.0,0.0,1,1
13974,791949.5,627811.565790246,0.0,0.0,1,1
13975,791949.5,627811.565790246,0.0,0.0,1,1
13976,791683.0,627811.565790246,0.0,0.0,1,1
13977,791683.0,627811.565790246,0.0,0.0,1,1
13978,791683.0,627811.565790246,0.0,0.0,1,1
13979,791683.0,627811.565790246,0.0,0.0,1,1
13980,791683.0,627811.565790246,0.0,0.0,1,1
13981,791683.0,627811.565790246,0.0,0.0,1,1
13982,791683.0,627811.565790246,0.0,0.0,1,1
13983,791683.0,627811.565790246,0.0,0.0,1,1
13984,791683.0,627811.565790246,0.0,0.0,1,1
13985,791683.0,627811.565790246,0.0,0.0,1,1
13986,791821.0,627811.565790246,0.0,0.0,1,1
13987,791821.0,627811.565790246,0.0,0.0,1,1
13988,791821.0,627811.565790246,0.0,0.0,1,1
13989,791821.0,627811.565790246,0.0,0.0,1,1
13990,791821.0,627811.565790246,0.0,0.0,1,1
13991,791821.0,627811.565790246,0.0,0.0,1,1
13992,791821.0,627811.565790246,0.0,0.0,1,1
13993,791821.0,627811.565790246,0.0,0.0,1,1
13994,791850.0,627811.565790246,0.0,0.0,1,1
13995,791850.0,627811.565790246,0.0,0.0,1,1
13996,791850.0,627811.565790246,0.0,0.0,1,1
13997,791850.0,627811.565790246,0.0,0.0,1,1
13998,791850.0,627811.565790246,0.0,0.0,1,1
13999,791418.5,627811.565790246,0.0,0.0,1,1
14000,791418.5,627811.565790246,0.0,0.0,1,1
14001,791418.5,627811.565790246,0.0,0.0,1,1
14002,791418.5,627811.565790246,0.0,0.0,1,1
14003,791418.5,627811.565790246,0.0,0.0,1,1
14004,791418.5,627811.565790246,0.0,0.0,1,1
14005,791418.5,627811.565790246,0.0,0.0,1,1
14006,791418.5,627811.565790246,0.0,0.0,1,1
14007,791418.5,627811.565790246,0.0,0.0,1,1
14008,791418.5,627811.565790246,0.0,0.0,1,1
14009,791418.5,627811.565790246,0.0,0.0,1,1
14010,791418.5,627811.565790246,0.0,0.0,1,1
14011,791418.5,627811.565790246,0.0,0.0,1,1
14012,791418.5,627811.565790246,0.0,0.0,1,1
14013,791418.5,627811.565790246,0.0,0.0,1,1
14014,791418.5,627811.565790246,0.0,0.0,1,1
14015,791418.5,627811.565790246,0.0,0.0,1,1
14016,791418.5,627811.565790246,0.0,0.0,1,1
14017,791418.5,627811.565790246,0.0,0.0,1,1
14018,791418.5,627811.565790246,0.0,0.0,1,1
14019,791418.5,627811.565790246,0.0,0.0,1,1
14020,791418.5,627811.565790246,0.0,0.0,1,1
14021,791418.5,627811.565790246,0.0,0.0,1,1
14022,791418.5,627811.565790246,0.0,0.0,1,1
14023,791418.5,627811.565790246,0.0,0.0,1,1
14024,791418.5,627811.565790246,0.0,0.0,1,1
14025,791418.5,627811.565790246,0.0,0.0,1,1
14026,791418.5,627811.565790246,0.0,0.0,1,1
14027,791418.5,627811.565790246,0.0,0.0,1,1
14028,800354.0,627811.565790246,0.0,0.0,1,1
14029,800354.0,627811.565790246,0.0,0.0,1,1
14030,800354.0,627811.565790246,0.0,0.0,1,1
14031,800354.0,627811.565790246,0.0,0.0,1,1
14032,800354.0,627811.565790246,0.0,0.0,1,1
14033,800354.0,627811.565790246,0.0,0.0,1,1
14034,800354.0,627811.565790246,0.0,0.0,1,1
14035,800321.0,627811.565790246,0.0,0.0,1,1
14036,800321.0,627811.565790246,0.0,0.0,1,1
14037,800321.0,627811.565790246,0.0,0.0,1,1
14038,800321.0,627811.565790246,0.0,0.0,1,1
14039,800321.0,627811.565790246,0.0,0.0,1,1
14040,800321.0,627811.565790246,0.0,0.0,1,1
14041,800321.0,627811.565790246,0.0,0.0,1,1
14042,800321.0,627811.565790246,0.0,0.0,1,1
14043,800321.0,627811.565790246,0.0,0.0,1,1
14044,800321.0,627811.565790246,0.0,0.0,1,1
14045,800321.0,627811.565790246,0.0,0.0,1,1
14046,800137.0,627811.565790246,0.0,0.0,1,1
14047,800137.0,627811.565790246,0.0,0.0,1,1
14048,800137.0,627811.565790246,0.0,0.0,1,1
14049,800137.0,627811.565790246,0.0,0.0,1,1
14050,800137.0,627811.565790246,0.0,0.0,1,1
14051,800137.0,627811.565790246,0.0,0.0,1,1
14052,800137.0,627811.565790246,0.0,0.0,1,1
14053,800137.0,627811.565790246,0.0,0.0,1,1
14054,800137.0,627811.565790246,0.0,0.0,1,1
14055,800137.0,627811.565790246,0.0,0.0,1,1
14056,800137.0,627811.565790246,0.0,0.0,1,1
14057,800137.0,627811.565790246,0.0,0.0,1,1
14058,800137.0,627811.565790246,0.0,0.0,1,1
14059,801136.5,627811.565790246,0.0,0.0,1,1
14060,801136.5,627811.565790246,0.0,0.0,1,1
14061,801134.5,627811.565790246,0.0,0.0,1,1
14062,801134.5,627811.565790246,0.0,0.0,1,1
14063,801134.5,627811.565790246,0.0,0.0,1,1
14064,801134.5,627811.565790246,0.0,0.0,1,1
14065,801134.5,627811.565790246,0.0,0.0,1,1
14066,801242.5,627811.565790246,0.0,0.0,1,1
14067,801242.5,627811.565790246,0.0,0.0,1,1
14068,801242.5,627811.565790246,0.0,0.0,1,1
14069,801242.5,627811.565790246,0.0,0.0,1,1
14070,801242.5,627811.565790246,0.0,0.0,1,1
14071,801242.5,627811.565790246,0.0,0.0,1,1
14072,801242.5,627811.565790246,0.0,0.0,1,1
14073,801242.5,627811.565790246,0.0,0.0,1,1
14074,801242.5,627811.565790246,0.0,0.0,1,1
14075,801242.5,627811.565790246,0.0,0.0,1,1
14076,801242.5,627811.565790246,0.0,0.0,1,1
14077,801242.5,627811.565790246,0.0,0.0,1,1
14078,801242.5,627811.565790246,0.0,0.0,1,1
14079,801242.5,627811.565790246,0.0,0.0,1,1
14080,801242.5,627811.565790246,0.0,0.0,1,1
14081,801242.5,627811.565790246,0.0,0.0,1,1
14082,801242.5,627811.565790246,0.0,0.0,1,1
14083,801242.5,627811.565790246,0.0,0.0,1,1
14084,801242.5,627811.565790246,0.0,0.0,1,1
14085,801242.5,627811.565790246,0.0,0.0,1,1
14086,801242.5,627811.565790246,0.0,0.0,1,1
14087,801242.5,627811.565790246,0.0,0.0,1,1
14088,801242.5,627811.565790246,0.0,0.0,1,1
14089,801242.5,627811.565790246,0.0,0.0,1,1
14090,801242.5,627811.565790246,0.0,0.0,1,1
14091,801242.5,627811.565790246,0.0,0.0,1,1
14092,801242.5,627811.565790246,0.0,0.0,1,1
14093,801242.5,627811.565790246,0.0,0.0,1,1
14094,801242.5,627811.565790246,0.0,0.0,1,1
14095,801242.5,627811.565790246,0.0,0.0,1,1
14096,801242.5,627811.565790246,0.0,0.0,1,1
14097,801242.5,627811.565790246,0.0,0.0,1,1
14098,801242.5,627811.565790246,0.0,0.0,1,1
14099,801242.5,627811.565790246,0.0,0.0,1,1
14100,801242.5,627811.565790246,0.0,0.0,1,1
14101,801242.5,627811.565790246,0.0,0.0,1,1
14102,801242.5,627811.565790246,0.0,0.0,1,1
14103,801242.5,627811.565790246,0.0,0.0,1,1
14104,801242.5,627811.565790246,0.0,0.0,1,1
14105,801242.5,627811.565790246,0.0,0.0,1,1
14106,801242.5,627811.565790246,0.0,0.0,1,1
14107,801242.5,627811.565790246,0.0,0.0,1,1
14108,801242.5,627811.565790246,0.0,0.0,1,1
14109,801242.5,627811.565790246,0.0,0.0,1,1
14110,801242.5,627811.565790246,0.0,0.0,1,1
14111,801242.5,627811.565790246,0.0,0.0,1,1
14112,801242.5,627811.565790246,0.0,0.0,1,1
14113,801242.5,627811.565790246,0.0,0.0,1,1
14114,801242.5,627811.565790246,0.0,0.0,1,1
14115,801242.5,627811.565790246,0.0,0.0,1,1
14116,801242.5,627811.565790246,0.0,0.0,1,1
14117,801242.5,627811.565790246,0.0,0.0,1,1
14118,801242.5,627811.565790246,0.0,0.0,1,1
14119,801242.5,627811.565790246,0.0,0.0,1,1
14120,801242.5,627811.565790246,0.0,0.0,1,1
14121,801242.5,627811.565790246,0.0,0.0,1,1
14122,801242.5,627811.565790246,0.0,0.0,1,1
14123,801242.5,627811.565790246,0.0,0.0,1,1
14124,801242.5,627811.565790246,0.0,0.0,1,1
14125,801242.5,627811.565790246,0.0,0.0,1,1
14126,801242.5,627811.565790246,0.0,0.0,1,1
14127,801242.5,627811.565790246,0.0,0.0,1,1
14128,801242.5,627811.565790246,0.0,0.0,1,1
14129,801242.5,627811.565790246,0.0,0.0,1,1
14130,801242.5,627811.565790246,0.0,0.0,1,1
14131,801242.5,627811.565790246,0.0,0.0,1,1
14132,801242.5,627811.565790246,0.0,0.0,1,1
14133,801242.5,627811.565790246,0.0,0.0,1,1
14134,801242.5,627811.565790246,0.0,0.0,1,1
14135,801242.5,627811.565790246,0.0,0.0,1,1
14136,801242.5,627811.565790246,0.0,0.0,1,1
14137,801242.5,627811.565790246,0.0,0.0,1,1
14138,801242.5,627811.565790246,0.0,0.0,1,1
14139,801242.5,627811.565790246,0.0,0.0,1,1
14140,801242.5,627811.565790246,0.0,0.0,1,1
14141,801242.5,627811.565790246,0.0,0.0,1,1
14142,801242.5,627811.565790246,0.0,0.0,1,1
14143,801242.5,627811.565790246,0.0,0.0,1,1
14144,801242.5,627811.565790246,0.0,0.0,1,1
14145,806321.5,627811.565790246,0.0,0.0,1,1
14146,806321.5,627811.565790246,0.0,0.0,1,1
14147,806321.5,627811.565790246,0.0,0.0,1,1
14148,806321.5,627811.565790246,0.0,0.0,1,1
14149,806321.5,627811.565790246,0.0,0.0,1,1
14150,806321.5,627811.565790246,0.0,0.0,1,1
14151,806321.5,627811.565790246,0.0,0.0,1,1
14152,806321.5,627811.565790246,0.0,0.0,1,1
14153,806321.5,627811.565790246,0.0,0.0,1,1
14154,806321.5,627811.565790246,0.0,0.0,1,1
14155,806321.5,627811.565790246,0.0,0.0,1,1
14156,806321.5,627811.565790246,0.0,0.0,1,1
14157,806321.5,627811.565790246,0.0,0.0,1,1
14158,806321.5,627811.565790246,0.0,0.0,1,1
14159,806321.5,627811.565790246,0.0,0.0,1,1
14160,806451.5,627811.565790246,0.0,0.0,1,1
14161,806451.5,627811.565790246,0.0,0.0,1,1
14162,806451.5,627811.565790246,0.0,0.0,1,1
14163,806967.5,627811.565790246,0.0,0.0,1,1
14164,806967.5,627811.565790246,0.0,0.0,1,1
14165,806967.5,627811.565790246,0.0,0.0,1,1
14166,806967.5,627811.565790246,0.0,0.0,1,1
14167,806918.5,627811.565790246,0.0,0.0,1,1
14168,806918.5,627811.565790246,0.0,0.0,1,1
14169,806918.5,627811.565790246,0.0,0.0,1,1
14170,806918.5,627811.565790246,0.0,0.0,1,1
14171,806918.5,627811.565790246,0.0,0.0,1,1
14172,806918.5,627811.565790246,0.0,0.0,1,1
14173,806918.5,627811.565790246,0.0,0.0,1,1
14174,806918.5,627811.565790246,0.0,0.0,1,1
14175,806918.5,627811.565790246,0.0,0.0,1,1
14176,806918.5,627811.565790246,0.0,0.0,1,1
14177,806918.5,627811.565790246,0.0,0.0,1,1
14178,806918.5,627811.565790246,0.0,0.0,1,1
14179,806918.5,627811.565790246,0.0,0.0,1,1
14180,806918.5,627811.565790246,0.0,0.0,1,1
14181,806918.5,627811.565790246,0.0,0.0,1,1
14182,806918.5,627811.565790246,0.0,0.0,1,1
14183,806918.5,627811.565790246,0.0,0.0,1,1
14184,808614.5,627811.565790246,0.0,0.0,1,1
14185,808614.5,627811.565790246,0.0,0.0,1,1
14186,808614.5,627811.565790246,0.0,0.0,1,1
14187,808614.5,627811.565790246,0.0,0.0,1,1
14188,808614.5,627811.565790246,0.0,0.0,1,1
14189,808614.5,627811.565790246,0.0,0.0,1,1
14190,808614.5,627811.565790246,0.0,0.0,1,1
14191,808614.5,627811.565790246,0.0,0.0,1,1
14192,808398.5,627811.565790246,0.0,0.0,1,1
14193,808398.5,627811.565790246,0.0,0.0,1,1
14194,808398.5,627811.565790246,0.0,0.0,1,1
14195,808398.5,627811.565790246,0.0,0.0,1,1
14196,808398.5,627811.565790246,0.0,0.0,1,1
14197,808398.5,627811.565790246,0.0,0.0,1,1
14198,808398.5,627811.565790246,0.0,0.0,1,1
14199,808617.5,627811.565790246,0.0,0.0,1,1
14200,808617.5,627811.565790246,0.0,0.0,1,1
14201,808617.5,627811.565790246,0.0,0.0,1,1
14202,808277.0,627811.565790246,0.0,0.0,1,1
14203,808277.0,627811.565790246,0.0,0.0,1,1
14204,808277.0,627811.565790246,0.0,0.0,1,1
14205,808277.0,627811.565790246,0.0,0.0,1,1
14206,808277.0,627811.565790246,0.0,0.0,1,1
14207,808277.0,627811.565790246,0.0,0.0,1,1
14208,808277.0,627811.565790246,0.0,0.0,1,1
14209,808277.0,627811.565790246,0.0,0.0,1,1
14210,808277.0,627811.565790246,0.0,0.0,1,1
14211,808277.0,627811.565790246,0.0,0.0,1,1
14212,808277.0,627811.565790246,0.0,0.0,1,1
14213,808277.0,627811.565790246,0.0,0.0,1,1
14214,808277.0,627811.565790246,0.0,0.0,1,1
14215,808277.0,627811.565790246,0.0,0.0,1,1
14216,808277.0,627811.565790246,0.0,0.0,1,1
14217,808277.0,627811.565790246,0.0,0.0,1,1
14218,808277.0,627811.565790246,0.0,0.0,1,1
14219,808277.0,627811.565790246,0.0,0.0,1,1
14220,808277.0,627811.565790246,0.0,0.0,1,1
14221,808277.0,627811.565790246,0.0,0.0,1,1
14222,808277.0,627811.565790246,0.0,0.0,1,1
14223,808277.0,627811.565790246,0.0,0.0,1,1
14224,807407.0,627811.565790246,0.0,0.0,1,1
14225,807407.0,627811.565790246,0.0,0.0,1,1
14226,807407.0,627811.565790246,0.0,0.0,1,1
14227,807407.0,627811.565790246,0.0,0.0,1,1
14228,807407.0,627811.565790246,0.0,0.0,1,1
14229,807254.5,627811.565790246,0.0,0.0,1,1
14230,807254.5,627811.565790246,0.0,0.0,1,1
14231,807254.5,627811.565790246,0.0,0.0,1,1
14232,807254.5,627811.565790246,0.0,0.0,1,1
14233,807254.5,627811.565790246,0.0,0.0,1,1
14234,807254.5,627811.565790246,0.0,0.0,1,1
14235,807254.5,627811.565790246,0.0,0.0,1,1
14236,807254.5,627811.565790246,0.0,0.0,1,1
14237,807254.5,627811.565790246,0.0,0.0,1,1
14238,807254.5,627811.565790246,0.0,0.0,1,1
14239,807254.5,627811.565790246,0.0,0.0,1,1
14240,807254.5,627811.565790246,0.0,0.0,1,1
14241,807254.5,627811.565790246,0.0,0.0,1,1
14242,807709.5,627811.565790246,0.0,0.0,1,1
14243,807709.5,627811.565790246,0.0,0.0,1,1
14244,807709.5,627811.565790246,0.0,0.0,1,1
14245,807709.5,627811.565790246,0.0,0.0,1,1
14246,807709.5,627811.565790246,0.0,0.0,1,1
14247,807709.5,627811.565790246,0.0,0.0,1,1
14248,807709.5,627811.565790246,0.0,0.0,1,1
14249,807709.5,627811.565790246,0.0,0.0,1,1
14250,807709.5,627811.565790246,0.0,0.0,1,1
14251,807709.5,627811.565790246,0.0,0.0,1,1
14252,807709.5,627811.565790246,0.0,0.0,1,1
14253,807709.5,627811.565790246,0.0,0.0,1,1
14254,807709.5,627811.565790246,0.0,0.0,1,1
14255,807709.5,627811.565790246,0.0,0.0,1,1
14256,807709.5,627811.565790246,0.0,0.0,1,1
14257,807709.5,627811.565790246,0.0,0.0,1,1
14258,807709.5,627811.565790246,0.0,0.0,1,1
14259,807709.5,627811.565790246,0.0,0.0,1,1
14260,807709.5,627811.565790246,0.0,0.0,1,1
14261,807709.5,627811.565790246,0.0,0.0,1,1
14262,807709.5,627811.565790246,0.0,0.0,1,1
14263,807709.5,627811.565790246,0.0,0.0,1,1
14264,807709.5,627811.565790246,0.0,0.0,1,1
14265,807709.5,627811.565790246,0.0,0.0,1,1
14266,807709.5,627811.565790246,0.0,0.0,1,1
14267,807709.5,627811.565790246,0.0,0.0,1,1
14268,807709.5,627811.565790246,0.0,0.0,1,1
14269,807709.5,627811.565790246,0.0,0.0,1,1
14270,807709.5,627811.565790246,0.0,0.0,1,1
14271,807709.5,627811.565790246,0.0,0.0,1,1
14272,807709.5,627811.565790246,0.0,0.0,1,1
14273,807709.5,627811.565790246,0.0,0.0,1,1
14274,807709.5,627811.565790246,0.0,0.0,1,1
14275,807709.5,627811.565790246,0.0,0.0,1,1
14276,807709.5,627811.565790246,0.0,0.0,1,1
14277,807683.5,627811.565790246,0.0,0.0,1,1
14278,807683.5,627811.565790246,0.0,0.0,1,1
14279,807683.5,627811.565790246,0.0,0.0,1,1
14280,807683.5,627811.565790246,0.0,0.0,1,1
14281,807683.5,627811.565790246,0.0,0.0,1,1
14282,807683.5,627811.565790246,0.0,0.0,1,1
14283,807683.5,627811.565790246,0.0,0.0,1,1
14284,807683.5,627811.565790246,0.0,0.0,1,1
14285,807683.5,627811.565790246,0.0,0.0,1,1
14286,807683.5,627811.565790246,0.0,0.0,1,1
14287,807683.5,627811.565790246,0.0,0.0,1,1
14288,807480.5,627811.565790246,0.0,0.0,1,1
14289,807480.5,627811.565790246,0.0,0.0,1,1
14290,807480.5,627811.565790246,0.0,0.0,1,1
14291,807480.5,627811.565790246,0.0,0.0,1,1
14292,807480.5,627811.565790246,0.0,0.0,1,1
14293,807480.5,627811.565790246,0.0,0.0,1,1
14294,807454.0,627811.565790246,0.0,0.0,1,1
14295,807454.0,627811.565790246,0.0,0.0,1,1
14296,807454.0,627811.565790246,0.0,0.0,1,1
14297,807454.0,627811.565790246,0.0,0.0,1,1
14298,807454.0,627811.565790246,0.0,0.0,1,1
14299,807454.0,627811.565790246,0.0,0.0,1,1
14300,807454.0,627811.565790246,0.0,0.0,1,1
14301,807454.0,627811.565790246,0.0,0.0,1,1
14302,807454.0,627811.565790246,0.0,0.0,1,1
14303,807454.0,627811.565790246,0.0,0.0,1,1
14304,807454.0,627811.565790246,0.0,0.0,1,1
14305,807454.0,627811.565790246,0.0,0.0,1,1
14306,807454.0,627811.565790246,0.0,0.0,1,1
14307,807454.0,627811.565790246,0.0,0.0,1,1
14308,807454.0,627811.565790246,0.0,0.0,1,1
14309,807454.0,627811.565790246,0.0,0.0,1,1
14310,807454.0,627811.565790246,0.0,0.0,1,1
14311,807454.0,627811.565790246,0.0,0.0,1,1
14312,807454.0,627811.565790246,0.0,0.0,1,1
14313,807454.0,627811.565790246,0.0,0.0,1,1
14314,807454.0,627811.565790246,0.0,0.0,1,1
14315,807454.0,627811.565790246,0.0,0.0,1,1
14316,807454.0,627811.565790246,0.0,0.0,1,1
14317,807454.0,627811.565790246,0.0,0.0,1,1
14318,807454.0,627811.565790246,0.0,0.0,1,1
14319,807454.0,627811.565790246,0.0,0.0,1,1
14320,807454.0,627811.565790246,0.0,0.0,1,1
14321,807454.0,627811.565790246,0.0,0.0,1,1
14322,807454.0,627811.565790246,0.0,0.0,1,1
14323,807454.0,627811.565790246,0.0,0.0,1,1
14324,807454.0,627811.565790246,0.0,0.0,1,1
14325,807454.0,627811.565790246,0.0,0.0,1,1
14326,807454.0,627811.565790246,0.0,0.0,1,1
14327,807454.0,627811.565790246,0.0,0.0,1,1
14328,807454.0,627811.565790246,0.0,0.0,1,1
14329,807454.0,627811.565790246,0.0,0.0,1,1
14330,807454.0,627811.565790246,0.0,0.0,1,1
14331,807454.0,627811.565790246,0.0,0.0,1,1
14332,807454.0,627811.565790246,0.0,0.0,1,1
14333,807454.0,627811.565790246,0.0,0.0,1,1
14334,807454.0,627811.565790246,0.0,0.0,1,1
14335,807454.0,627811.565790246,0.0,0.0,1,1
14336,807454.0,627811.565790246,0.0,0.0,1,1
14337,807454.0,627811.565790246,0.0,0.0,1,1
14338,807454.0,627811.565790246,0.0,0.0,1,1
14339,807454.0,627811.565790246,0.0,0.0,1,1
14340,807454.0,627811.565790246,0.0,0.0,1,1
14341,807454.0,627811.565790246,0.0,0.0,1,1
14342,807454.0,627811.565790246,0.0,0.0,1,1
14343,807454.0,627811.565790246,0.0,0.0,1,1
14344,807454.0,627811.565790246,0.0,0.0,1,1
14345,806612.0,627811.565790246,0.0,0.0,1,1
14346,806612.0,627811.565790246,0.0,0.0,1,1
14347,806612.0,627811.565790246,0.0,0.0,1,1
14348,806612.0,627811.565790246,0.0,0.0,1,1
14349,806612.0,627811.565790246,0.0,0.0,1,1
14350,806612.0,627811.565790246,0.0,0.0,1,1
14351,806612.0,627811.565790246,0.0,0.0,1,1
14352,806612.0,627811.565790246,0.0,0.0,1,1
14353,806612.0,627811.565790246,0.0,0.0,1,1
14354,806612.0,627811.565790246,0.0,0.0,1,1
14355,806612.0,627811.565790246,0.0,0.0,1,1
14356,806612.0,627811.565790246,0.0,0.0,1,1
14357,806612.0,627811.565790246,0.0,0.0,1,1
14358,806612.0,627811.565790246,0.0,0.0,1,1
14359,806612.0,627811.565790246,0.0,0.0,1,1
14360,806612.0,627811.565790246,0.0,0.0,1,1
14361,806612.0,627811.565790246,0.0,0.0,1,1
14362,806612.0,627811.565790246,0.0,0.0,1,1
14363,806612.0,627811.565790246,0.0,0.0,1,1
14364,806612.0,627811.565790246,0.0,0.0,1,1
14365,806612.0,627811.565790246,0.0,0.0,1,1
14366,806612.0,627811.565790246,0.0,0.0,1,1
14367,806612.0,627811.565790246,0.0,0.0,1,1
14368,806612.0,627811.565790246,0.0,0.0,1,1
14369,806612.0,627811.565790246,0.0,0.0,1,1
14370,806612.0,627811.565790246,0.0,0.0,1,1
14371,806612.0,627811.565790246,0.0,0.0,1,1
14372,806612.0,627811.565790246,0.0,0.0,1,1
14373,806612.0,627811.565790246,0.0,0.0,1,1
14374,806612.0,627811.565790246,0.0,0.0,1,1
14375,806612.0,627811.565790246,0.0,0.0,1,1
14376,806612.0,627811.565790246,0.0,0.0,1,1
14377,806344.0,627811.565790246,0.0,0.0,1,1
14378,806344.0,627811.565790246,0.0,0.0,1,1
14379,806344.0,627811.565790246,0.0,0.0,1,1
14380,806344.0,627811.565790246,0.0,0.0,1,1
14381,806344.0,627811.565790246,0.0,0.0,1,1
14382,806344.0,627811.565790246,0.0,0.0,1,1
14383,806344.0,627811.565790246,0.0,0.0,1,1
14384,806054.0,627811.565790246,0.0,0.0,1,1
14385,806054.0,627811.565790246,0.0,0.0,1,1
14386,806054.0,627811.565790246,0.0,0.0,1,1
14387,806054.0,627811.565790246,0.0,0.0,1,1
14388,806054.0,627811.565790246,0.0,0.0,1,1
14389,806054.0,627811.565790246,0.0,0.0,1,1
14390,806054.0,627811.565790246,0.0,0.0,1,1
14391,806054.0,627811.565790246,0.0,0.0,1,1
14392,806054.0,627811.565790246,0.0,0.0,1,1
14393,806054.0,627811.565790246,0.0,0.0,1,1
14394,806568.0,627811.565790246,0.0,0.0,1,1
14395,806568.0,627811.565790246,0.0,0.0,1,1
14396,806568.0,627811.565790246,0.0,0.0,1,1
14397,806568.0,627811.565790246,0.0,0.0,1,1
14398,806481.0,627811.565790246,0.0,0.0,1,1
14399,806481.0,627811.565790246,0.0,0.0,1,1
14400,806481.0,627811.565790246,0.0,0.0,1,1
14401,806481.0,627811.565790246,0.0,0.0,1,1
14402,806481.0,627811.565790246,0.0,0.0,1,1
14403,806481.0,627811.565790246,0.0,0.0,1,1
14404,806481.0,627811.565790246,0.0,0.0,1,1
14405,806481.0,627811.565790246,0.0,0.0,1,1
14406,806481.0,627811.565790246,0.0,0.0,1,1
14407,806481.0,627811.565790246,0.0,0.0,1,1
14408,806481.0,627811.565790246,0.0,0.0,1,1
14409,806481.0,627811.565790246,0.0,0.0,1,1
14410,806481.0,627811.565790246,0.0,0.0,1,1
14411,807127.5,627811.565790246,0.0,0.0,1,1
14412,807127.5,627811.565790246,0.0,0.0,1,1
14413,807127.5,627811.565790246,0.0,0.0,1,1
14414,807127.5,627811.565790246,0.0,0.0,1,1
14415,807127.5,627811.565790246,0.0,0.0,1,1
14416,807127.5,627811.565790246,0.0,0.0,1,1
14417,807127.5,627811.565790246,0.0,0.0,1,1
14418,807127.5,627811.565790246,0.0,0.0,1,1
14419,807127.5,627811.565790246,0.0,0.0,1,1
14420,807127.5,627811.565790246,0.0,0.0,1,1
14421,807127.5,627811.565790246,0.0,0.0,1,1
14422,807127.5,627811.565790246,0.0,0.0,1,1
14423,807127.5,627811.565790246,0.0,0.0,1,1
14424,807127.5,627811.565790246,0.0,0.0,1,1
14425,807127.5,627811.565790246,0.0,0.0,1,1
14426,807127.5,627811.565790246,0.0,0.0,1,1
14427,807127.5,627811.565790246,0.0,0.0,1,1
14428,807127.5,627811.565790246,0.0,0.0,1,1
14429,807127.5,627811.565790246,0.0,0.0,1,1
14430,807127.5,627811.565790246,0.0,0.0,1,1
14431,807127.5,627811.565790246,0.0,0.0,1,1
14432,807127.5,627811.565790246,0.0,0.0,1,1
14433,807127.5,627811.565790246,0.0,0.0,1,1
14434,807127.5,627811.565790246,0.0,0.0,1,1
14435,807127.5,627811.565790246,0.0,0.0,1,1
14436,807127.5,627811.565790246,0.0,0.0,1,1
14437,807146.0,627811.565790246,0.0,0.0,1,1
14438,807146.0,627811.565790246,0.0,0.0,1,1
14439,807146.0,627811.565790246,0.0,0.0,1,1
14440,807146.0,627811.565790246,0.0,0.0,1,1
14441,807146.0,627811.565790246,0.0,0.0,1,1
14442,807146.0,627811.565790246,0.0,0.0,1,1
14443,807146.0,627811.565790246,0.0,0.0,1,1
14444,807146.0,627811.565790246,0.0,0.0,1,1
14445,807146.0,627811.565790246,0.0,0.0,1,1
14446,807146.0,627811.565790246,0.0,0.0,1,1
14447,807146.0,627811.565790246,0.0,0.0,1,1
14448,807146.0,627811.565790246,0.0,0.0,1,1
14449,807146.0,627811.565790246,0.0,0.0,1,1
14450,807146.0,627811.565790246,0.0,0.0,1,1
14451,807146.0,627811.565790246,0.0,0.0,1,1
14452,807811.0,627811.565790246,0.0,0.0,1,1
14453,807811.0,627811.565790246,0.0,0.0,1,1
14454,807811.0,627811.565790246,0.0,0.0,1,1
14455,807811.0,627811.565790246,0.0,0.0,1,1
14456,807811.0,627811.565790246,0.0,0.0,1,1
14457,807811.0,627811.565790246,0.0,0.0,1,1
14458,807811.0,627811.565790246,0.0,0.0,1,1
14459,807811.0,627811.565790246,0.0,0.0,1,1
14460,807811.0,627811.565790246,0.0,0.0,1,1
14461,807811.0,627811.565790246,0.0,0.0,1,1
14462,807811.0,627811.565790246,0.0,0.0,1,1
14463,807811.0,627811.565790246,0.0,0.0,1,1
14464,807964.5,627811.565790246,0.0,0.0,1,1
14465,810106.5,627811.565790246,0.0,0.0,1,1
14466,810106.5,627811.565790246,0.0,0.0,1,1
14467,810106.5,627811.565790246,0.0,0.0,1,1
14468,810106.5,627811.565790246,0.0,0.0,1,1
14469,810106.5,627811.565790246,0.0,0.0,1,1
14470,810106.5,627811.565790246,0.0,0.0,1,1
14471,810106.5,627811.565790246,0.0,0.0,1,1
14472,810071.5,627811.565790246,0.0,0.0,1,1
14473,810071.5,627811.565790246,0.0,0.0,1,1
14474,810071.5,627811.565790246,0.0,0.0,1,1
14475,810071.5,627811.565790246,0.0,0.0,1,1
14476,810071.5,627811.565790246,0.0,0.0,1,1
14477,810071.5,627811.565790246,0.0,0.0,1,1
14478,810071.5,627811.565790246,0.0,0.0,1,1
14479,810071.5,627811.565790246,0.0,0.0,1,1
14480,810071.5,627811.565790246,0.0,0.0,1,1
14481,810071.5,627811.565790246,0.0,0.0,1,1
14482,810071.5,627811.565790246,0.0,0.0,1,1
14483,810071.5,627811.565790246,0.0,0.0,1,1
14484,810071.5,627811.565790246,0.0,0.0,1,1
14485,810071.5,627811.565790246,0.0,0.0,1,1
14486,810071.5,627811.565790246,0.0,0.0,1,1
14487,810071.5,627811.565790246,0.0,0.0,1,1
14488,810071.5,627811.565790246,0.0,0.0,1,1
14489,810071.5,627811.565790246,0.0,0.0,1,1
14490,810071.5,627811.565790246,0.0,0.0,1,1
14491,810071.5,627811.565790246,0.0,0.0,1,1
14492,810071.5,627811.565790246,0.0,0.0,1,1
14493,810071.5,627811.565790246,0.0,0.0,1,1
14494,810071.5,627811.565790246,0.0,0.0,1,1
14495,810071.5,627811.565790246,0.0,0.0,1,1
14496,810071.5,627811.565790246,0.0,0.0,1,1
14497,810071.5,627811.565790246,0.0,0.0,1,1
14498,810049.0,627811.565790246,0.0,0.0,1,1
14499,810049.0,627811.565790246,0.0,0.0,1,1
14500,810049.0,627811.565790246,0.0,0.0,1,1
14501,810049.0,627811.565790246,0.0,0.0,1,1
14502,810049.0,627811.565790246,0.0,0.0,1,1
14503,810049.0,627811.565790246,0.0,0.0,1,1
14504,810049.0,627811.565790246,0.0,0.0,1,1
14505,810049.0,627811.565790246,0.0,0.0,1,1
14506,810049.0,627811.565790246,0.0,0.0,1,1
14507,810172.5,627811.565790246,0.0,0.0,1,1
14508,810172.5,627811.565790246,0.0,0.0,1,1
14509,810172.5,627811.565790246,0.0,0.0,1,1
14510,810172.5,627811.565790246,0.0,0.0,1,1
14511,810172.5,627811.565790246,0.0,0.0,1,1
14512,810172.5,627811.565790246,0.0,0.0,1,1
14513,810172.5,627811.565790246,0.0,0.0,1,1
14514,810172.5,627811.565790246,0.0,0.0,1,1
14515,810172.5,627811.565790246,0.0,0.0,1,1
14516,810172.5,627811.565790246,0.0,0.0,1,1
14517,810172.5,627811.565790246,0.0,0.0,1,1
14518,810172.5,627811.565790246,0.0,0.0,1,1
14519,810172.5,627811.565790246,0.0,0.0,1,1
14520,810172.5,627811.565790246,0.0,0.0,1,1
14521,810172.5,627811.565790246,0.0,0.0,1,1
14522,810172.5,627811.565790246,0.0,0.0,1,1
14523,810172.5,627811.565790246,0.0,0.0,1,1
14524,810172.5,627811.565790246,0.0,0.0,1,1
14525,810172.5,627811.565790246,0.0,0.0,1,1
14526,810489.5,627811.565790246,0.0,0.0,1,1
14527,810489.5,627811.565790246,0.0,0.0,1,1
14528,809578.5,627811.565790246,0.0,0.0,1,1
14529,809374.0,627811.565790246,0.0,0.0,1,1
14530,809374.0,627811.565790246,0.0,0.0,1,1
14531,809374.0,627811.565790246,0.0,0.0,1,1
14532,809374.0,627811.565790246,0.0,0.0,1,1
14533,809374.0,627811.565790246,0.0,0.0,1,1
14534,809374.0,627811.565790246,0.0,0.0,1,1
14535,809374.0,627811.565790246,0.0,0.0,1,1
14536,809374.0,627811.565790246,0.0,0.0,1,1
14537,809374.0,627811.565790246,0.0,0.0,1,1
14538,809536.0,627811.565790246,0.0,0.0,1,1
14539,809536.0,627811.565790246,0.0,0.0,1,1
14540,809536.0,627811.565790246,0.0,0.0,1,1
14541,809536.0,627811.565790246,0.0,0.0,1,1
14542,809536.0,627811.565790246,0.0,0.0,1,1
14543,809536.0,627811.565790246,0.0,0.0,1,1
14544,809536.0,627811.565790246,0.0,0.0,1,1
14545,809536.0,627811.565790246,0.0,0.0,1,1
14546,809536.0,627811.565790246,0.0,0.0,1,1
14547,809536.0,627811.565790246,0.0,0.0,1,1
14548,809536.0,627811.565790246,0.0,0.0,1,1
14549,809536.0,627811.565790246,0.0,0.0,1,1
14550,809536.0,627811.565790246,0.0,0.0,1,1
14551,809536.0,627811.565790246,0.0,0.0,1,1
14552,809536.0,627811.565790246,0.0,0.0,1,1
14553,809536.0,627811.565790246,0.0,0.0,1,1
14554,809536.0,627811.565790246,0.0,0.0,1,1
14555,809536.0,627811.565790246,0.0,0.0,1,1
14556,809536.0,627811.565790246,0.0,0.0,1,1
14557,809536.0,627811.565790246,0.0,0.0,1,1
14558,809536.0,627811.565790246,0.0,0.0,1,1
14559,809536.0,627811.565790246,0.0,0.0,1,1
14560,809536.0,627811.565790246,0.0,0.0,1,1
14561,809536.0,627811.565790246,0.0,0.0,1,1
14562,809536.0,627811.565790246,0.0,0.0,1,1
14563,809536.0,627811.565790246,0.0,0.0,1,1
14564,809536.0,627811.565790246,0.0,0.0,1,1
14565,809536.0,627811.565790246,0.0,0.0,1,1
14566,809536.0,627811.565790246,0.0,0.0,1,1
14567,809536.0,627811.565790246,0.0,0.0,1,1
14568,809536.0,627811.565790246,0.0,0.0,1,1
14569,809536.0,627811.565790246,0.0,0.0,1,1
14570,809536.0,627811.565790246,0.0,0.0,1,1
14571,809536.0,627811.565790246,0.0,0.0,1,1
14572,809536.0,627811.565790246,0.0,0.0,1,1
14573,809536.0,627811.565790246,0.0,0.0,1,1
14574,809536.0,627811.565790246,0.0,0.0,1,1
14575,809557.0,627811.565790246,0.0,0.0,1,1
14576,809557.0,627811.565790246,0.0,0.0,1,1
14577,809557.0,627811.565790246,0.0,0.0,1,1
14578,809557.0,627811.565790246,0.0,0.0,1,1
14579,809557.0,627811.565790246,0.0,0.0,1,1
14580,809557.0,627811.565790246,0.0,0.0,1,1
14581,809557.0,627811.565790246,0.0,0.0,1,1
14582,809557.0,627811.565790246,0.0,0.0,1,1
14583,809557.0,627811.565790246,0.0,0.0,1,1
14584,809557.0,627811.565790246,0.0,0.0,1,1
14585,809557.0,627811.565790246,0.0,0.0,1,1
14586,809557.0,627811.565790246,0.0,0.0,1,1
14587,809557.0,627811.565790246,0.0,0.0,1,1
14588,809557.0,627811.565790246,0.0,0.0,1,1
14589,809557.0,627811.565790246,0.0,0.0,1,1
14590,809557.0,627811.565790246,0.0,0.0,1,1
14591,809557.0,627811.565790246,0.0,0.0,1,1
14592,809557.0,627811.565790246,0.0,0.0,1,1
14593,809557.0,627811.565790246,0.0,0.0,1,1
14594,809557.0,627811.565790246,0.0,0.0,1,1
14595,809557.0,627811.565790246,0.0,0.0,1,1
14596,809557.0,627811.565790246,0.0,0.0,1,1
14597,809557.0,627811.565790246,0.0,0.0,1,1
14598,809557.0,627811.565790246,0.0,0.0,1,1
14599,809557.0,627811.565790246,0.0,0.0,1,1
14600,809557.0,627811.565790246,0.0,0.0,1,1
14601,809557.0,627811.565790246,0.0,0.0,1,1
14602,809557.0,627811.565790246,0.0,0.0,1,1
14603,809557.0,627811.565790246,0.0,0.0,1,1
14604,809557.0,627811.565790246,0.0,0.0,1,1
14605,809557.0,627811.565790246,0.0,0.0,1,1
14606,809557.0,627811.565790246,0.0,0.0,1,1
14607,809557.0,627811.565790246,0.0,0.0,1,1
14608,809557.0,627811.565790246,0.0,0.0,1,1
14609,809557.0,627811.565790246,0.0,0.0,1,1
14610,809557.0,627811.565790246,0.0,0.0,1,1
14611,810107.0,627811.565790246,0.0,0.0,1,1
14612,810107.0,627811.565790246,0.0,0.0,1,1
14613,810107.0,627811.565790246,0.0,0.0,1,1
14614,810107.0,627811.565790246,0.0,0.0,1,1
14615,810107.0,627811.565790246,0.0,0.0,1,1
14616,810107.0,627811.565790246,0.0,0.0,1,1
14617,810107.0,627811.565790246,0.0,0.0,1,1
14618,810107.0,627811.565790246,0.0,0.0,1,1
14619,811065.5,627811.565790246,0.0,0.0,1,1
14620,811065.5,627811.565790246,0.0,0.0,1,1
14621,811065.5,627811.565790246,0.0,0.0,1,1
14622,811065.5,627811.565790246,0.0,0.0,1,1
14623,811065.5,627811.565790246,0.0,0.0,1,1
14624,811065.5,627811.565790246,0.0,0.0,1,1
14625,811065.5,627811.565790246,0.0,0.0,1,1
14626,811065.5,627811.565790246,0.0,0.0,1,1
14627,811065.5,627811.565790246,0.0,0.0,1,1
14628,811065.5,627811.565790246,0.0,0.0,1,1
14629,811065.5,627811.565790246,0.0,0.0,1,1
14630,811065.5,627811.565790246,0.0,0.0,1,1
14631,811065.5,627811.565790246,0.0,0.0,1,1
14632,811065.5,627811.565790246,0.0,0.0,1,1
14633,811065.5,627811.565790246,0.0,0.0,1,1
14634,811065.5,627811.565790246,0.0,0.0,1,1
14635,811065.5,627811.565790246,0.0,0.0,1,1
14636,811065.5,627811.565790246,0.0,0.0,1,1
14637,811065.5,627811.565790246,0.0,0.0,1,1
14638,811065.5,627811.565790246,0.0,0.0,1,1
14639,811065.5,627811.565790246,0.0,0.0,1,1
14640,811041.0,627811.565790246,0.0,0.0,1,1
14641,811041.0,627811.565790246,0.0,0.0,1,1
14642,811041.0,627811.565790246,0.0,0.0,1,1
14643,811041.0,627811.565790246,0.0,0.0,1,1
14644,811041.0,627811.565790246,0.0,0.0,1,1
14645,811041.0,627811.565790246,0.0,0.0,1,1
14646,811041.0,627811.565790246,0.0,0.0,1,1
14647,811041.0,627811.565790246,0.0,0.0,1,1
14648,811041.0,627811.565790246,0.0,0.0,1,1
14649,811041.0,627811.565790246,0.0,0.0,1,1
14650,811041.0,627811.565790246,0.0,0.0,1,1
14651,811041.0,627811.565790246,0.0,0.0,1,1
14652,811041.0,627811.565790246,0.0,0.0,1,1
14653,811041.0,627811.565790246,0.0,0.0,1,1
14654,811041.0,627811.565790246,0.0,0.0,1,1
14655,811041.0,627811.565790246,0.0,0.0,1,1
14656,811041.0,627811.565790246,0.0,0.0,1,1
14657,811041.0,627811.565790246,0.0,0.0,1,1
14658,811041.0,627811.565790246,0.0,0.0,1,1
14659,811041.0,627811.565790246,0.0,0.0,1,1
14660,811041.0,627811.565790246,0.0,0.0,1,1
14661,811041.0,627811.565790246,0.0,0.0,1,1
14662,811041.0,627811.565790246,0.0,0.0,1,1
14663,811041.0,627811.565790246,0.0,0.0,1,1
14664,811041.0,627811.565790246,0.0,0.0,1,1
14665,811041.0,627811.565790246,0.0,0.0,1,1
14666,811041.0,627811.565790246,0.0,0.0,1,1
14667,811041.0,627811.565790246,0.0,0.0,1,1
14668,808889.0,627811.565790246,0.0,0.0,1,1
14669,808889.0,627811.565790246,0.0,0.0,1,1
14670,808889.0,627811.565790246,0.0,0.0,1,1
14671,808889.0,627811.565790246,0.0,0.0,1,1
14672,808889.0,627811.565790246,0.0,0.0,1,1
14673,808889.0,627811.565790246,0.0,0.0,1,1
14674,808889.0,627811.565790246,0.0,0.0,1,1
14675,808889.0,627811.565790246,0.0,0.0,1,1
14676,808889.0,627811.565790246,0.0,0.0,1,1
14677,808912.0,627811.565790246,0.0,0.0,1,1
14678,808912.0,627811.565790246,0.0,0.0,1,1
14679,808912.0,627811.565790246,0.0,0.0,1,1
14680,808912.0,627811.565790246,0.0,0.0,1,1
14681,808912.0,627811.565790246,0.0,0.0,1,1
14682,808912.0,627811.565790246,0.0,0.0,1,1
14683,808912.0,627811.565790246,0.0,0.0,1,1
14684,808912.0,627811.565790246,0.0,0.0,1,1
14685,808912.0,627811.565790246,0.0,0.0,1,1
14686,808912.0,627811.565790246,0.0,0.0,1,1
14687,808912.0,627811.565790246,0.0,0.0,1,1
14688,808912.0,627811.565790246,0.0,0.0,1,1
14689,808986.0,627811.565790246,0.0,0.0,1,1
14690,808986.0,627811.565790246,0.0,0.0,1,1
14691,808986.0,627811.565790246,0.0,0.0,1,1
14692,808986.0,627811.565790246,0.0,0.0,1,1
14693,808986.0,627811.565790246,0.0,0.0,1,1
14694,808986.0,627811.565790246,0.0,0.0,1,1
14695,808986.0,627811.565790246,0.0,0.0,1,1
14696,808986.0,627811.565790246,0.0,0.0,1,1
14697,808986.0,627811.565790246,0.0,0.0,1,1
14698,808986.0,627811.565790246,0.0,0.0,1,1
14699,808986.0,627811.565790246,0.0,0.0,1,1
14700,808986.0,627811.565790246,0.0,0.0,1,1
14701,808986.0,627811.565790246,0.0,0.0,1,1
14702,808986.0,627811.565790246,0.0,0.0,1,1
14703,808986.0,627811.565790246,0.0,0.0,1,1
14704,808986.0,627811.565790246,0.0,0.0,1,1
14705,808986.0,627811.565790246,0.0,0.0,1,1
14706,807988.0,627811.565790246,0.0,0.0,1,1
14707,807988.0,627811.565790246,0.0,0.0,1,1
14708,807988.0,627811.565790246,0.0,0.0,1,1
14709,807988.0,627811.565790246,0.0,0.0,1,1
14710,807988.0,627811.565790246,0.0,0.0,1,1
14711,807988.0,627811.565790246,0.0,0.0,1,1
14712,807988.0,627811.565790246,0.0,0.0,1,1
14713,807988.0,627811.565790246,0.0,0.0,1,1
14714,807988.0,627811.565790246,0.0,0.0,1,1
14715,807988.0,627811.565790246,0.0,0.0,1,1
14716,807988.0,627811.565790246,0.0,0.0,1,1
14717,807988.0,627811.565790246,0.0,0.0,1,1
14718,807988.0,627811.565790246,0.0,0.0,1,1
14719,807988.0,627811.565790246,0.0,0.0,1,1
14720,807988.0,627811.565790246,0.0,0.0,1,1
14721,807988.0,627811.565790246,0.0,0.0,1,1
14722,807988.0,627811.565790246,0.0,0.0,1,1
14723,807988.0,627811.565790246,0.0,0.0,1,1
14724,807988.0,627811.565790246,0.0,0.0,1,1
14725,807988.0,627811.565790246,0.0,0.0,1,1
14726,807988.0,627811.565790246,0.0,0.0,1,1
14727,807988.0,627811.565790246,0.0,0.0,1,1
14728,807988.0,627811.565790246,0.0,0.0,1,1
14729,807988.0,627811.565790246,0.0,0.0,1,1
14730,807988.0,627811.565790246,0.0,0.0,1,1
14731,807988.0,627811.565790246,0.0,0.0,1,1
14732,807988.0,627811.565790246,0.0,0.0,1,1
14733,807988.0,627811.565790246,0.0,0.0,1,1
14734,807988.0,627811.565790246,0.0,0.0,1,1
14735,807988.0,627811.565790246,0.0,0.0,1,1
14736,807988.0,627811.565790246,0.0,0.0,1,1
14737,807988.0,627811.565790246,0.0,0.0,1,1
14738,807988.0,627811.565790246,0.0,0.0,1,1
14739,807988.0,627811.565790246,0.0,0.0,1,1
14740,807988.0,627811.565790246,0.0,0.0,1,1
14741,807988.0,627811.565790246,0.0,0.0,1,1
14742,807988.0,627811.565790246,0.0,0.0,1,1
14743,807988.0,627811.565790246,0.0,0.0,1,1
14744,807988.0,627811.565790246,0.0,0.0,1,1
14745,807988.0,627811.565790246,0.0,0.0,1,1
14746,807988.0,627811.565790246,0.0,0.0,1,1
14747,807988.0,627811.565790246,0.0,0.0,1,1
14748,807988.0,627811.565790246,0.0,0.0,1,1
14749,807988.0,627811.565790246,0.0,0.0,1,1
14750,807988.0,627811.565790246,0.0,0.0,1,1
14751,807988.0,627811.565790246,0.0,0.0,1,1
14752,807988.0,627811.565790246,0.0,0.0,1,1
14753,807988.0,627811.565790246,0.0,0.0,1,1
14754,807988.0,627811.565790246,0.0,0.0,1,1
14755,807988.0,627811.565790246,0.0,0.0,1,1
14756,807988.0,627811.565790246,0.0,0.0,1,1
14757,807988.0,627811.565790246,0.0,0.0,1,1
14758,807988.0,627811.565790246,0.0,0.0,1,1
14759,807988.0,627811.565790246,0.0,0.0,1,1
14760,807988.0,627811.565790246,0.0,0.0,1,1
14761,807988.0,627811.565790246,0.0,0.0,1,1
14762,807988.0,627811.565790246,0.0,0.0,1,1
14763,807988.0,627811.565790246,0.0,0.0,1,1
14764,807988.0,627811.565790246,0.0,0.0,1,1
14765,807988.0,627811.565790246,0.0,0.0,1,1
14766,807988.0,627811.565790246,0.0,0.0,1,1
14767,807988.0,627811.565790246,0.0,0.0,1,1
14768,807988.0,627811.565790246,0.0,0.0,1,1
14769,807988.0,627811.565790246,0.0,0.0,1,1
14770,807988.0,627811.565790246,0.0,0.0,1,1
14771,807988.0,627811.565790246,0.0,0.0,1,1
14772,807988.0,627811.565790246,0.0,0.0,1,1
14773,807988.0,627811.565790246,0.0,0.0,1,1
14774,807988.0,627811.565790246,0.0,0.0,1,1
14775,807988.0,627811.565790246,0.0,0.0,1,1
14776,807952.0,627811.565790246,0.0,0.0,1,1
14777,807952.0,627811.565790246,0.0,0.0,1,1
14778,807952.0,627811.565790246,0.0,0.0,1,1
14779,807627.0,627811.565790246,0.0,0.0,1,1
14780,807627.0,627811.565790246,0.0,0.0,1,1
14781,807627.0,627811.565790246,0.0,0.0,1,1
14782,807627.0,627811.565790246,0.0,0.0,1,1
14783,807627.0,627811.565790246,0.0,0.0,1,1
14784,807627.0,627811.565790246,0.0,0.0,1,1
14785,807627.0,627811.565790246,0.0,0.0,1,1
14786,807627.0,627811.565790246,0.0,0.0,1,1
14787,807627.0,627811.565790246,0.0,0.0,1,1
14788,807627.0,627811.565790246,0.0,0.0,1,1
14789,807627.0,627811.565790246,0.0,0.0,1,1
14790,807627.0,627811.565790246,0.0,0.0,1,1
14791,807627.0,627811.565790246,0.0,0.0,1,1
14792,807173.5,627811.565790246,0.0,0.0,1,1
14793,807173.5,627811.565790246,0.0,0.0,1,1
14794,807173.5,627811.565790246,0.0,0.0,1,1
14795,807173.5,627811.565790246,0.0,0.0,1,1
14796,807173.5,627811.565790246,0.0,0.0,1,1
14797,807160.5,627811.565790246,0.0,0.0,1,1
14798,807160.5,627811.565790246,0.0,0.0,1,1
14799,807160.5,627811.565790246,0.0,0.0,1,1
14800,807258.5,627811.565790246,0.0,0.0,1,1
14801,807258.5,627811.565790246,0.0,0.0,1,1
14802,807509.0,627811.565790246,0.0,0.0,1,1
14803,807509.0,627811.565790246,0.0,0.0,1,1
14804,807509.0,627811.565790246,0.0,0.0,1,1
14805,807509.0,627811.565790246,0.0,0.0,1,1
14806,807509.0,627811.565790246,0.0,0.0,1,1
14807,807509.0,627811.565790246,0.0,0.0,1,1
14808,807509.0,627811.565790246,0.0,0.0,1,1
14809,807509.0,627811.565790246,0.0,0.0,1,1
14810,807509.0,627811.565790246,0.0,0.0,1,1
14811,807509.0,627811.565790246,0.0,0.0,1,1
14812,807509.0,627811.565790246,0.0,0.0,1,1
14813,807509.0,627811.565790246,0.0,0.0,1,1
14814,807509.0,627811.565790246,0.0,0.0,1,1
14815,807509.0,627811.565790246,0.0,0.0,1,1
14816,807373.0,627811.565790246,0.0,0.0,1,1
14817,807373.0,627811.565790246,0.0,0.0,1,1
14818,807373.0,627811.565790246,0.0,0.0,1,1
14819,807373.0,627811.565790246,0.0,0.0,1,1
14820,807373.0,627811.565790246,0.0,0.0,1,1
14821,807373.0,627811.565790246,0.0,0.0,1,1
14822,807373.0,627811.565790246,0.0,0.0,1,1
14823,807373.0,627811.565790246,0.0,0.0,1,1
14824,807373.0,627811.565790246,0.0,0.0,1,1
14825,807373.0,627811.565790246,0.0,0.0,1,1
14826,807522.0,627811.565790246,0.0,0.0,1,1
14827,807522.0,627811.565790246,0.0,0.0,1,1
14828,807522.0,627811.565790246,0.0,0.0,1,1
14829,807522.0,627811.565790246,0.0,0.0,1,1
14830,807522.0,627811.565790246,0.0,0.0,1,1
14831,807522.0,627811.565790246,0.0,0.0,1,1
14832,807522.0,627811.565790246,0.0,0.0,1,1
14833,807522.0,627811.565790246,0.0,0.0,1,1
14834,807522.0,627811.565790246,0.0,0.0,1,1
14835,807522.0,627811.565790246,0.0,0.0,1,1
14836,807522.0,627811.565790246,0.0,0.0,1,1
14837,807522.0,627811.565790246,0.0,0.0,1,1
14838,807067.0,627811.565790246,0.0,0.0,1,1
14839,807067.0,627811.565790246,0.0,0.0,1,1
14840,807067.0,627811.565790246,0.0,0.0,1,1
14841,807067.0,627811.565790246,0.0,0.0,1,1
14842,807067.0,627811.565790246,0.0,0.0,1,1
14843,807067.0,627811.565790246,0.0,0.0,1,1
14844,807067.0,627811.565790246,0.0,0.0,1,1
14845,807067.0,627811.565790246,0.0,0.0,1,1
14846,807067.0,627811.565790246,0.0,0.0,1,1
14847,807067.0,627811.565790246,0.0,0.0,1,1
14848,807067.0,627811.565790246,0.0,0.0,1,1
14849,807067.0,627811.565790246,0.0,0.0,1,1
14850,807067.0,627811.565790246,0.0,0.0,1,1
14851,807067.0,627811.565790246,0.0,0.0,1,1
14852,807067.0,627811.565790246,0.0,0.0,1,1
14853,807067.0,627811.565790246,0.0,0.0,1,1
14854,807067.0,627811.565790246,0.0,0.0,1,1
14855,807067.0,627811.565790246,0.0,0.0,1,1
14856,807067.0,627811.565790246,0.0,0.0,1,1
14857,807067.0,627811.565790246,0.0,0.0,1,1
14858,807067.0,627811.565790246,0.0,0.0,1,1
14859,807067.0,627811.565790246,0.0,0.0,1,1
14860,807067.0,627811.565790246,0.0,0.0,1,1
14861,807067.0,627811.565790246,0.0,0.0,1,1
14862,807067.0,627811.565790246,0.0,0.0,1,1
14863,807067.0,627811.565790246,0.0,0.0,1,1
14864,806859.0,627811.565790246,0.0,0.0,1,1
14865,806859.0,627811.565790246,0.0,0.0,1,1
14866,806859.0,627811.565790246,0.0,0.0,1,1
14867,806854.0,627811.565790246,0.0,0.0,1,1
14868,806854.0,627811.565790246,0.0,0.0,1,1
14869,806854.0,627811.565790246,0.0,0.0,1,1
14870,806854.0,627811.565790246,0.0,0.0,1,1
14871,806854.0,627811.565790246,0.0,0.0,1,1
14872,806854.0,627811.565790246,0.0,0.0,1,1
14873,806854.0,627811.565790246,0.0,0.0,1,1
14874,806854.0,627811.565790246,0.0,0.0,1,1
14875,806854.0,627811.565790246,0.0,0.0,1,1
14876,806854.0,627811.565790246,0.0,0.0,1,1
14877,806854.0,627811.565790246,0.0,0.0,1,1
14878,806854.0,627811.565790246,0.0,0.0,1,1
14879,806854.0,627811.565790246,0.0,0.0,1,1
14880,806854.0,627811.565790246,0.0,0.0,1,1
14881,806854.0,627811.565790246,0.0,0.0,1,1
14882,806854.0,627811.565790246,0.0,0.0,1,1
14883,806854.0,627811.565790246,0.0,0.0,1,1
14884,806854.0,627811.565790246,0.0,0.0,1,1
14885,806854.0,627811.565790246,0.0,0.0,1,1
14886,806854.0,627811.565790246,0.0,0.0,1,1
14887,806854.0,627811.565790246,0.0,0.0,1,1
14888,806854.0,627811.565790246,0.0,0.0,1,1
14889,806854.0,627811.565790246,0.0,0.0,1,1
14890,806854.0,627811.565790246,0.0,0.0,1,1
14891,806854.0,627811.565790246,0.0,0.0,1,1
14892,804719.0131580492,627811.565790246,0.0,0.0,1,1
14893,804719.0131580492,627811.565790246,0.0,0.0,1,1
14894,804719.0131580492,627811.565790246,0.0,0.0,1,1
14895,804719.0131580492,627811.565790246,0.0,0.0,1,1
14896,804719.0131580492,627811.565790246,0.0,0.0,1,1
14897,804719.0131580492,627811.565790246,0.0,0.0,1,1
14898,804719.0131580492,627811.565790246,0.0,0.0,1,1
14899,804719.0131580492,627811.565790246,0.0,0.0,1,1
14900,804719.0131580492,627811.565790246,0.0,0.0,1,1
14901,804719.0131580492,627811.565790246,0.0,0.0,1,1
14902,804719.0131580492,627811.565790246,0.0,0.0,1,1
14903,804719.0131580492,627811.565790246,0.0,0.0,1,1
14904,804719.0131580492,627811.565790246,0.0,0.0,1,1
14905,804719.0131580492,627811.565790246,0.0,0.0,1,1
14906,804719.0131580492,627811.565790246,0.0,0.0,1,1
14907,804719.0131580492,627811.565790246,0.0,0.0,1,1
14908,804719.0131580492,627811.565790246,0.0,0.0,1,1
14909,804719.0131580492,627811.565790246,0.0,0.0,1,1
14910,804719.0131580492,627811.565790246,0.0,0.0,1,1
14911,804719.0131580492,627811.565790246,0.0,0.0,1,1
14912,804719.0131580492,627811.565790246,0.0,0.0,1,1
14913,804719.0131580492,627811.565790246,0.0,0.0,1,1
14914,804719.0131580492,627811.565790246,0.0,0.0,1,1
14915,804719.0131580492,627811.565790246,0.0,0.0,1,1
14916,804719.0131580492,627811.565790246,0.0,0.0,1,1
14917,804719.0131580492,627811.565790246,0.0,0.0,1,1
14918,804719.0131580492,627811.565790246,0.0,0.0,1,1
14919,804719.0131580492,627811.565790246,0.0,0.0,1,1
14920,804719.0131580492,627811.565790246,0.0,0.0,1,1
14921,804719.0131580492,627811.565790246,0.0,0.0,1,1
14922,804719.0131580492,627811.565790246,0.0,0.0,1,1
14923,804719.0131580492,627811.565790246,0.0,0.0,1,1
14924,804719.0131580492,627811.565790246,0.0,0.0,1,1
14925,804719.0131580492,627811.565790246,0.0,0.0,1,1
14926,804719.0131580492,627811.565790246,0.0,0.0,1,1
14927,804719.0131580492,627811.565790246,0.0,0.0,1,1
14928,804719.0131580492,627811.565790246,0.0,0.0,1,1
14929,804719.0131580492,627811.565790246,0.0,0.0,1,1
14930,804719.0131580492,627811.565790246,0.0,0.0,1,1
14931,804719.0131580492,627811.565790246,0.0,0.0,1,1
14932,804719.0131580492,627811.565790246,0.0,0.0,1,1
14933,804719.0131580492,627811.565790246,0.0,0.0,1,1
14934,804719.0131580492,627811.565790246,0.0,0.0,1,1
14935,804719.0131580492,627811.565790246,0.0,0.0,1,1
14936,804719.0131580492,627811.565790246,0.0,0.0,1,1
14937,804719.0131580492,627811.565790246,0.0,0.0,1,1
14938,804719.0131580492,627811.565790246,0.0,0.0,1,1
14939,804719.0131580492,627811.565790246,0.0,0.0,1,1
14940,804719.0131580492,627811.565790246,0.0,0.0,1,1
14941,804719.0131580492,627811.565790246,0.0,0.0,1,1
14942,804719.0131580492,627811.565790246,0.0,0.0,1,1
14943,804719.0131580492,627811.565790246,0.0,0.0,1,1
14944,804719.0131580492,627811.565790246,0.0,0.0,1,1
14945,804719.0131580492,627811.565790246,0.0,0.0,1,1
14946,804719.0131580492,627811.565790246,0.0,0.0,1,1
14947,804719.0131580492,627811.565790246,0.0,0.0,1,1
14948,804719.0131580492,627811.565790246,0.0,0.0,1,1
14949,804719.0131580492,627811.565790246,0.0,0.0,1,1
14950,804719.0131580492,627811.565790246,0.0,0.0,1,1
14951,804719.0131580492,627811.565790246,0.0,0.0,1,1
14952,804719.0131580492,627811.565790246,0.0,0.0,1,1
14953,804747.5131580492,627811.565790246,0.0,0.0,1,1
14954,804747.5131580492,627811.565790246,0.0,0.0,1,1
14955,804747.5131580492,627811.565790246,0.0,0.0,1,1
14956,804888.5131580492,627811.565790246,0.0,0.0,1,1
14957,804888.5131580492,627811.565790246,0.0,0.0,1,1
14958,804888.5131580492,627811.565790246,0.0,0.0,1,1
14959,804888.5131580492,627811.565790246,0.0,0.0,1,1
14960,804888.5131580492,627811.565790246,0.0,0.0,1,1
14961,804888.5131580492,627811.565790246,0.0,0.0,1,1
14962,804888.5131580492,627811.565790246,0.0,0.0,1,1
14963,804888.5131580492,627811.565790246,0.0,0.0,1,1
14964,804888.5131580492,627811.565790246,0.0,0.0,1,1
14965,804888.5131580492,627811.565790246,0.0,0.0,1,1
14966,804888.5131580492,627811.565790246,0.0,0.0,1,1
14967,804888.5131580492,627811.565790246,0.0,0.0,1,1
14968,804946.0131580492,627811.565790246,0.0,0.0,1,1
14969,804946.0131580492,627811.565790246,0.0,0.0,1,1
14970,804946.0131580492,627811.565790246,0.0,0.0,1,1
14971,804946.0131580492,627811.565790246,0.0,0.0,1,1
14972,804946.0131580492,627811.565790246,0.0,0.0,1,1
14973,804946.0131580492,627811.565790246,0.0,0.0,1,1
14974,804946.0131580492,627811.565790246,0.0,0.0,1,1
14975,804946.0131580492,627811.565790246,0.0,0.0,1,1
14976,805035.5131580492,627811.565790246,0.0,0.0,1,1
14977,805035.5131580492,627811.565790246,0.0,0.0,1,1
14978,805035.5131580492,627811.565790246,0.0,0.0,1,1
14979,805035.5131580492,627811.565790246,0.0,0.0,1,1
14980,805035.5131580492,627811.565790246,0.0,0.0,1,1
14981,805035.5131580492,627811.565790246,0.0,0.0,1,1
14982,805035.5131580492,627811.565790246,0.0,0.0,1,1
14983,805035.5131580492,627811.565790246,0.0,0.0,1,1
14984,805035.5131580492,627811.565790246,0.0,0.0,1,1
14985,805035.5131580492,627811.565790246,0.0,0.0,1,1
14986,805035.5131580492,627811.565790246,0.0,0.0,1,1
14987,805035.5131580492,627811.565790246,0.0,0.0,1,1
14988,805035.5131580492,627811.565790246,0.0,0.0,1,1
14989,805035.5131580492,627811.565790246,0.0,0.0,1,1
14990,805035.5131580492,627811.565790246,0.0,0.0,1,1
14991,805035.5131580492,627811.565790246,0.0,0.0,1,1
14992,805035.5131580492,627811.565790246,0.0,0.0,1,1
14993,805035.5131580492,627811.565790246,0.0,0.0,1,1
14994,805035.5131580492,627811.565790246,0.0,0.0,1,1
14995,805035.5131580492,627811.565790246,0.0,0.0,1,1
14996,805035.5131580492,627811.565790246,0.0,0.0,1,1
14997,805035.5131580492,627811.565790246,0.0,0.0,1,1
14998,805035.5131580492,627811.565790246,0.0,0.0,1,1
14999,805035.5131580492,627811.565790246,0.0,0.0,1,1
15000,805035.5131580492,627811.565790246,0.0,0.0,1,1
15001,805035.5131580492,627811.565790246,0.0,0.0,1,1
15002,805035.5131580492,627811.565790246,0.0,0.0,1,1
15003,805035.5131580492,627811.565790246,0.0,0.0,1,1
15004,805035.5131580492,627811.565790246,0.0,0.0,1,1
15005,805035.5131580492,627811.565790246,0.0,0.0,1,1
15006,805035.5131580492,627811.565790246,0.0,0.0,1,1
15007,805035.5131580492,627811.565790246,0.0,0.0,1,1
15008,805035.5131580492,627811.565790246,0.0,0.0,1,1
15009,805035.5131580492,627811.565790246,0.0,0.0,1,1
15010,805035.5131580492,627811.565790246,0.0,0.0,1,1
15011,805073.5131580492,627811.565790246,0.0,0.0,1,1
15012,805073.5131580492,627811.565790246,0.0,0.0,1,1
15013,805073.5131580492,627811.565790246,0.0,0.0,1,1
15014,805073.5131580492,627811.565790246,0.0,0.0,1,1
15015,805073.5131580492,627811.565790246,0.0,0.0,1,1
15016,805075.0131580492,627811.565790246,0.0,0.0,1,1
15017,805075.0131580492,627811.565790246,0.0,0.0,1,1
15018,805075.0131580492,627811.565790246,0.0,0.0,1,1
15019,805014.5131580492,627811.565790246,0.0,0.0,1,1
15020,805014.5131580492,627811.565790246,0.0,0.0,1,1
15021,805014.5131580492,627811.565790246,0.0,0.0,1,1
15022,805014.5131580492,627811.565790246,0.0,0.0,1,1
15023,805014.5131580492,627811.565790246,0.0,0.0,1,1
15024,805014.5131580492,627811.565790246,0.0,0.0,1,1
15025,805014.5131580492,627811.565790246,0.0,0.0,1,1
15026,805014.5131580492,627811.565790246,0.0,0.0,1,1
15027,805014.5131580492,627811.565790246,0.0,0.0,1,1
15028,805131.0131580492,627811.565790246,0.0,0.0,1,1
15029,805131.0131580492,627811.565790246,0.0,0.0,1,1
15030,805131.0131580492,627811.565790246,0.0,0.0,1,1
15031,805131.0131580492,627811.565790246,0.0,0.0,1,1
15032,805131.0131580492,627811.565790246,0.0,0.0,1,1
15033,805131.0131580492,627811.565790246,0.0,0.0,1,1
15034,805131.0131580492,627811.565790246,0.0,0.0,1,1
15035,805131.0131580492,627811.565790246,0.0,0.0,1,1
15036,805131.0131580492,627811.565790246,0.0,0.0,1,1
15037,805131.0131580492,627811.565790246,0.0,0.0,1,1
15038,805131.0131580492,627811.565790246,0.0,0.0,1,1
15039,805131.0131580492,627811.565790246,0.0,0.0,1,1
15040,805131.0131580492,627811.565790246,0.0,0.0,1,1
15041,805131.0131580492,627811.565790246,0.0,0.0,1,1
15042,805131.0131580492,627811.565790246,0.0,0.0,1,1
15043,805131.0131580492,627811.565790246,0.0,0.0,1,1
15044,805131.0131580492,627811.565790246,0.0,0.0,1,1
15045,805131.0131580492,627811.565790246,0.0,0.0,1,1
15046,805131.0131580492,627811.565790246,0.0,0.0,1,1
15047,805131.0131580492,627811.565790246,0.0,0.0,1,1
15048,805131.0131580492,627811.565790246,0.0,0.0,1,1
15049,805048.5131580492,627811.565790246,0.0,0.0,1,1
15050,805048.5131580492,627811.565790246,0.0,0.0,1,1
15051,805048.5131580492,627811.565790246,0.0,0.0,1,1
15052,805027.5131580492,627811.565790246,0.0,0.0,1,1
15053,805027.5131580492,627811.565790246,0.0,0.0,1,1
15054,805027.5131580492,627811.565790246,0.0,0.0,1,1
15055,805027.5131580492,627811.565790246,0.0,0.0,1,1
15056,803811.5263160984,627811.565790246,0.0,0.0,1,1
15057,803811.5263160984,627811.565790246,0.0,0.0,1,1
15058,803811.5263160984,627811.565790246,0.0,0.0,1,1
15059,803811.5263160984,627811.565790246,0.0,0.0,1,1
15060,803811.5263160984,627811.565790246,0.0,0.0,1,1
15061,804451.5263160984,627811.565790246,0.0,0.0,1,1
15062,804451.5263160984,627811.565790246,0.0,0.0,1,1
15063,804451.5263160984,627811.565790246,0.0,0.0,1,1
15064,804451.5263160984,627811.565790246,0.0,0.0,1,1
15065,804451.5263160984,627811.565790246,0.0,0.0,1,1
15066,804451.5263160984,627811.565790246,0.0,0.0,1,1
15067,804451.5263160984,627811.565790246,0.0,0.0,1,1
15068,804451.5263160984,627811.565790246,0.0,0.0,1,1
15069,804451.5263160984,627811.565790246,0.0,0.0,1,1
15070,804451.5263160984,627811.565790246,0.0,0.0,1,1
15071,804451.5263160984,627811.565790246,0.0,0.0,1,1
15072,804451.5263160984,627811.565790246,0.0,0.0,1,1
15073,804451.5263160984,627811.565790246,0.0,0.0,1,1
15074,804451.5263160984,627811.565790246,0.0,0.0,1,1
15075,804451.5263160984,627811.565790246,0.0,0.0,1,1
15076,804451.5263160984,627811.565790246,0.0,0.0,1,1
15077,804451.5263160984,627811.565790246,0.0,0.0,1,1
15078,804451.5263160984,627811.565790246,0.0,0.0,1,1
15079,804451.5263160984,627811.565790246,0.0,0.0,1,1
15080,804451.5263160984,627811.565790246,0.0,0.0,1,1
15081,804451.5263160984,627811.565790246,0.0,0.0,1,1
15082,804451.5263160984,627811.565790246,0.0,0.0,1,1
15083,804451.5263160984,627811.565790246,0.0,0.0,1,1
15084,804451.5263160984,627811.565790246,0.0,0.0,1,1
15085,804451.5263160984,627811.565790246,0.0,0.0,1,1
15086,804451.5263160984,627811.565790246,0.0,0.0,1,1
15087,804451.5263160984,627811.565790246,0.0,0.0,1,1
15088,804451.5263160984,627811.565790246,0.0,0.0,1,1
15089,804451.5263160984,627811.565790246,0.0,0.0,1,1
15090,804451.5263160984,627811.565790246,0.0,0.0,1,1
15091,804451.5263160984,627811.565790246,0.0,0.0,1,1
15092,804451.5263160984,627811.565790246,0.0,0.0,1,1
15093,804451.5263160984,627811.565790246,0.0,0.0,1,1
15094,804451.5263160984,627811.565790246,0.0,0.0,1,1
15095,804451.5263160984,627811.565790246,0.0,0.0,1,1
15096,804451.5263160984,627811.565790246,0.0,0.0,1,1
15097,804451.5263160984,627811.565790246,0.0,0.0,1,1
15098,804451.5263160984,627811.565790246,0.0,0.0,1,1
15099,804451.5263160984,627811.565790246,0.0,0.0,1,1
15100,804451.5263160984,627811.565790246,0.0,0.0,1,1
15101,804451.5263160984,627811.565790246,0.0,0.0,1,1
15102,804451.5263160984,627811.565790246,0.0,0.0,1,1
15103,804451.5263160984,627811.565790246,0.0,0.0,1,1
15104,804451.5263160984,627811.565790246,0.0,0.0,1,1
15105,804451.5263160984,627811.565790246,0.0,0.0,1,1
15106,804451.5263160984,627811.565790246,0.0,0.0,1,1
15107,804451.5263160984,627811.565790246,0.0,0.0,1,1
15108,804451.5263160984,627811.565790246,0.0,0.0,1,1
15109,804451.5263160984,627811.565790246,0.0,0.0,1,1
15110,804451.5263160984,627811.565790246,0.0,0.0,1,1
15111,804451.5263160984,627811.565790246,0.0,0.0,1,1
15112,804451.5263160984,627811.565790246,0.0,0.0,1,1
15113,804451.5263160984,627811.565790246,0.0,0.0,1,1
15114,804432.5263160984,627811.565790246,0.0,0.0,1,1
15115,804432.5263160984,627811.565790246,0.0,0.0,1,1
15116,804432.5263160984,627811.565790246,0.0,0.0,1,1
15117,804432.5263160984,627811.565790246,0.0,0.0,1,1
15118,804432.5263160984,627811.565790246,0.0,0.0,1,1
15119,804432.5263160984,627811.565790246,0.0,0.0,1,1
15120,804432.5263160984,627811.565790246,0.0,0.0,1,1
15121,804432.5263160984,627811.565790246,0.0,0.0,1,1
15122,804432.5263160984,627811.565790246,0.0,0.0,1,1
15123,804432.5263160984,627811.565790246,0.0,0.0,1,1
15124,804432.5263160984,627811.565790246,0.0,0.0,1,1
15125,804432.5263160984,627811.565790246,0.0,0.0,1,1
15126,804432.5263160984,627811.565790246,0.0,0.0,1,1
15127,804432.5263160984,627811.565790246,0.0,0.0,1,1
15128,804432.5263160984,627811.565790246,0.0,0.0,1,1
15129,804432.5263160984,627811.565790246,0.0,0.0,1,1
15130,804432.5263160984,627811.565790246,0.0,0.0,1,1
15131,804828.0263160984,627811.565790246,0.0,0.0,1,1
15132,804828.0263160984,627811.565790246,0.0,0.0,1,1
15133,804828.0263160984,627811.565790246,0.0,0.0,1,1
15134,804828.0263160984,627811.565790246,0.0,0.0,1,1
15135,804828.0263160984,627811.565790246,0.0,0.0,1,1
15136,804828.0263160984,627811.565790246,0.0,0.0,1,1
15137,805562.0263160984,627811.565790246,0.0,0.0,1,1
15138,805562.0263160984,627811.565790246,0.0,0.0,1,1
15139,808846.0394741476,627811.565790246,0.0,0.0,1,1
15140,808846.0394741476,627811.565790246,0.0,0.0,1,1
15141,808951.0394741476,627811.565790246,0.0,0.0,1,1
15142,808951.0394741476,627811.565790246,0.0,0.0,1,1
15143,808951.0394741476,627811.565790246,0.0,0.0,1,1
15144,808951.0394741476,627811.565790246,0.0,0.0,1,1
15145,808951.0394741476,627811.565790246,0.0,0.0,1,1
15146,808951.0394741476,627811.565790246,0.0,0.0,1,1
15147,808951.0394741476,627811.565790246,0.0,0.0,1,1
15148,808951.0394741476,627811.565790246,0.0,0.0,1,1
15149,808951.0394741476,627811.565790246,0.0,0.0,1,1
15150,808951.0394741476,627811.565790246,0.0,0.0,1,1
15151,808951.0394741476,627811.565790246,0.0,0.0,1,1
15152,808951.0394741476,627811.565790246,0.0,0.0,1,1
15153,808951.0394741476,627811.565790246,0.0,0.0,1,1
15154,807370.0,627811.565790246,0.0,0.0,1,1
15155,807370.0,627811.565790246,0.0,0.0,1,1
15156,807370.0,627811.565790246,0.0,0.0,1,1
15157,807370.0,627811.565790246,0.0,0.0,1,1
15158,807370.0,627811.565790246,0.0,0.0,1,1
15159,807370.0,627811.565790246,0.0,0.0,1,1
15160,807370.0,627811.565790246,0.0,0.0,1,1
15161,807370.0,627811.565790246,0.0,0.0,1,1
15162,807370.0,627811.565790246,0.0,0.0,1,1
15163,807370.0,627811.565790246,0.0,0.0,1,1
15164,807370.0,627811.565790246,0.0,0.0,1,1
15165,807370.0,627811.565790246,0.0,0.0,1,1
15166,807370.0,627811.565790246,0.0,0.0,1,1
15167,807370.0,627811.565790246,0.0,0.0,1,1
15168,807370.0,627811.565790246,0.0,0.0,1,1
15169,807370.0,627811.565790246,0.0,0.0,1,1
15170,807370.0,627811.565790246,0.0,0.0,1,1
15171,807370.0,627811.565790246,0.0,0.0,1,1
15172,807370.0,627811.565790246,0.0,0.0,1,1
15173,807370.0,627811.565790246,0.0,0.0,1,1
15174,807370.0,627811.565790246,0.0,0.0,1,1
15175,807368.5,627811.565790246,0.0,0.0,1,1
15176,807368.5,627811.565790246,0.0,0.0,1,1
15177,807368.5,627811.565790246,0.0,0.0,1,1
15178,807368.5,627811.565790246,0.0,0.0,1,1
15179,807368.5,627811.565790246,0.0,0.0,1,1
15180,807368.5,627811.565790246,0.0,0.0,1,1
15181,807368.5,627811.565790246,0.0,0.0,1,1
15182,807368.5,627811.565790246,0.0,0.0,1,1
15183,807368.5,627811.565790246,0.0,0.0,1,1
15184,807368.5,627811.565790246,0.0,0.0,1,1
15185,807368.5,627811.565790246,0.0,0.0,1,1
15186,807368.5,627811.565790246,0.0,0.0,1,1
15187,807368.5,627811.565790246,0.0,0.0,1,1
15188,807368.5,627811.565790246,0.0,0.0,1,1
15189,807351.0,627811.565790246,0.0,0.0,1,1
15190,807351.0,627811.565790246,0.0,0.0,1,1
15191,807351.0,627811.565790246,0.0,0.0,1,1
15192,807351.0,627811.565790246,0.0,0.0,1,1
15193,807351.0,627811.565790246,0.0,0.0,1,1
15194,807351.0,627811.565790246,0.0,0.0,1,1
15195,807351.0,627811.565790246,0.0,0.0,1,1
15196,807351.0,627811.565790246,0.0,0.0,1,1
15197,807351.0,627811.565790246,0.0,0.0,1,1
15198,807351.0,627811.565790246,0.0,0.0,1,1
15199,807351.0,627811.565790246,0.0,0.0,1,1
15200,807351.0,627811.565790246,0.0,0.0,1,1
15201,807351.0,627811.565790246,0.0,0.0,1,1
15202,807351.0,627811.565790246,0.0,0.0,1,1
15203,807351.0,627811.565790246,0.0,0.0,1,1
15204,807351.0,627811.565790246,0.0,0.0,1,1
15205,807351.0,627811.565790246,0.0,0.0,1,1
15206,807351.0,627811.565790246,0.0,0.0,1,1
15207,807351.0,627811.565790246,0.0,0.0,1,1
15208,807351.0,627811.565790246,0.0,0.0,1,1
15209,807770.0,627811.565790246,0.0,0.0,1,1
15210,807770.0,627811.565790246,0.0,0.0,1,1
15211,807770.0,627811.565790246,0.0,0.0,1,1
15212,807770.0,627811.565790246,0.0,0.0,1,1
15213,807770.0,627811.565790246,0.0,0.0,1,1
15214,807770.0,627811.565790246,0.0,0.0,1,1
15215,807770.0,627811.565790246,0.0,0.0,1,1
15216,807770.0,627811.565790246,0.0,0.0,1,1
15217,807770.0,627811.565790246,0.0,0.0,1,1
15218,807770.0,627811.565790246,0.0,0.0,1,1
15219,807770.0,627811.565790246,0.0,0.0,1,1
15220,807770.0,627811.565790246,0.0,0.0,1,1
15221,807770.0,627811.565790246,0.0,0.0,1,1
15222,807770.0,627811.565790246,0.0,0.0,1,1
15223,807770.0,627811.565790246,0.0,0.0,1,1
15224,807770.0,627811.565790246,0.0,0.0,1,1
15225,807770.0,627811.565790246,0.0,0.0,1,1
15226,807770.0,627811.565790246,0.0,0.0,1,1
15227,807770.0,627811.565790246,0.0,0.0,1,1
15228,807770.0,627811.565790246,0.0,0.0,1,1
15229,807770.0,627811.565790246,0.0,0.0,1,1
15230,807770.0,627811.565790246,0.0,0.0,1,1
15231,807770.0,627811.565790246,0.0,0.0,1,1
15232,807770.0,627811.565790246,0.0,0.0,1,1
15233,807770.0,627811.565790246,0.0,0.0,1,1
15234,807770.0,627811.565790246,0.0,0.0,1,1
15235,807770.0,627811.565790246,0.0,0.0,1,1
15236,807770.0,627811.565790246,0.0,0.0,1,1
15237,807770.0,627811.565790246,0.0,0.0,1,1
15238,807770.0,627811.565790246,0.0,0.0,1,1
15239,807770.0,627811.565790246,0.0,0.0,1,1
15240,807770.0,627811.565790246,0.0,0.0,1,1
15241,807770.0,627811.565790246,0.0,0.0,1,1
15242,807770.0,627811.565790246,0.0,0.0,1,1
15243,807770.0,627811.565790246,0.0,0.0,1,1
15244,807770.0,627811.565790246,0.0,0.0,1,1
15245,807232.0,627811.565790246,0.0,0.0,1,1
15246,807232.0,627811.565790246,0.0,0.0,1,1
15247,807232.0,627811.565790246,0.0,0.0,1,1
15248,807232.0,627811.565790246,0.0,0.0,1,1
15249,807232.0,627811.565790246,0.0,0.0,1,1
15250,807232.0,627811.565790246,0.0,0.0,1,1
15251,807232.0,627811.565790246,0.0,0.0,1,1
15252,807232.0,627811.565790246,0.0,0.0,1,1
15253,807232.0,627811.565790246,0.0,0.0,1,1
15254,807232.0,627811.565790246,0.0,0.0,1,1
15255,807311.5,627811.565790246,0.0,0.0,1,1
15256,807311.5,627811.565790246,0.0,0.0,1,1
15257,807311.5,627811.565790246,0.0,0.0,1,1
15258,807311.5,627811.565790246,0.0,0.0,1,1
15259,807311.5,627811.565790246,0.0,0.0,1,1
15260,807311.5,627811.565790246,0.0,0.0,1,1
15261,807311.5,627811.565790246,0.0,0.0,1,1
15262,807311.5,627811.565790246,0.0,0.0,1,1
15263,807311.5,627811.565790246,0.0,0.0,1,1
15264,807311.5,627811.565790246,0.0,0.0,1,1
15265,807311.5,627811.565790246,0.0,0.0,1,1
15266,807311.5,627811.565790246,0.0,0.0,1,1
15267,807311.5,627811.565790246,0.0,0.0,1,1
15268,807311.5,627811.565790246,0.0,0.0,1,1
15269,807311.5,627811.565790246,0.0,0.0,1,1
15270,807849.5,627811.565790246,0.0,0.0,1,1
15271,810375.0,627811.565790246,0.0,0.0,1,1
15272,810375.0,627811.565790246,0.0,0.0,1,1
15273,810375.0,627811.565790246,0.0,0.0,1,1
15274,810375.0,627811.565790246,0.0,0.0,1,1
15275,810375.0,627811.565790246,0.0,0.0,1,1
15276,810375.0,627811.565790246,0.0,0.0,1,1
15277,810579.0,627811.565790246,0.0,0.0,1,1
15278,810579.0,627811.565790246,0.0,0.0,1,1
15279,810579.0,627811.565790246,0.0,0.0,1,1
15280,810579.0,627811.565790246,0.0,0.0,1,1
15281,810579.0,627811.565790246,0.0,0.0,1,1
15282,810579.0,627811.565790246,0.0,0.0,1,1
15283,810579.0,627811.565790246,0.0,0.0,1,1
15284,810579.0,627811.565790246,0.0,0.0,1,1
15285,810579.0,627811.565790246,0.0,0.0,1,1
15286,810579.0,627811.565790246,0.0,0.0,1,1
15287,810579.0,627811.565790246,0.0,0.0,1,1
15288,810579.0,627811.565790246,0.0,0.0,1,1
15289,810579.0,627811.565790246,0.0,0.0,1,1
15290,810579.0,627811.565790246,0.0,0.0,1,1
15291,810579.0,627811.565790246,0.0,0.0,1,1
15292,810579.0,627811.565790246,0.0,0.0,1,1
15293,810579.0,627811.565790246,0.0,0.0,1,1
15294,810579.0,627811.565790246,0.0,0.0,1,1
15295,807735.5131580492,627811.565790246,0.0,0.0,1,1
15296,807735.5131580492,627811.565790246,0.0,0.0,1,1
15297,807735.5131580492,627811.565790246,0.0,0.0,1,1
15298,807735.5131580492,627811.565790246,0.0,0.0,1,1
15299,807735.5131580492,627811.565790246,0.0,0.0,1,1
15300,807735.5131580492,627811.565790246,0.0,0.0,1,1
15301,807735.5131580492,627811.565790246,0.0,0.0,1,1
15302,807735.5131580492,627811.565790246,0.0,0.0,1,1
15303,807735.5131580492,627811.565790246,0.0,0.0,1,1
15304,807735.5131580492,627811.565790246,0.0,0.0,1,1
15305,807735.5131580492,627811.565790246,0.0,0.0,1,1
15306,807735.5131580492,627811.565790246,0.0,0.0,1,1
15307,807735.5131580492,627811.565790246,0.0,0.0,1,1
15308,807735.5131580492,627811.565790246,0.0,0.0,1,1
15309,806565.5131580492,627811.565790246,0.0,0.0,1,1
15310,806565.5131580492,627811.565790246,0.0,0.0,1,1
15311,806565.5131580492,627811.565790246,0.0,0.0,1,1
15312,806601.5131580492,627811.565790246,0.0,0.0,1,1
15313,806601.5131580492,627811.565790246,0.0,0.0,1,1
15314,806601.5131580492,627811.565790246,0.0,0.0,1,1
15315,806601.5131580492,627811.565790246,0.0,0.0,1,1
15316,806601.5131580492,627811.565790246,0.0,0.0,1,1
15317,806682.5131580492,627811.565790246,0.0,0.0,1,1
15318,806682.5131580492,627811.565790246,0.0,0.0,1,1
15319,806682.5131580492,627811.565790246,0.0,0.0,1,1
15320,806682.5131580492,627811.565790246,0.0,0.0,1,1
15321,806767.5131580492,627811.565790246,0.0,0.0,1,1
15322,806767.5131580492,627811.565790246,0.0,0.0,1,1
15323,806767.5131580492,627811.565790246,0.0,0.0,1,1
15324,806767.5131580492,627811.565790246,0.0,0.0,1,1
15325,806767.5131580492,627811.565790246,0.0,0.0,1,1
15326,806767.5131580492,627811.565790246,0.0,0.0,1,1
15327,806767.5131580492,627811.565790246,0.0,0.0,1,1
15328,806767.5131580492,627811.565790246,0.0,0.0,1,1
15329,806767.5131580492,627811.565790246,0.0,0.0,1,1
15330,806767.5131580492,627811.565790246,0.0,0.0,1,1
15331,806767.5131580492,627811.565790246,0.0,0.0,1,1
15332,806767.5131580492,627811.565790246,0.0,0.0,1,1
15333,806767.5131580492,627811.565790246,0.0,0.0,1,1
15334,806767.5131580492,627811.565790246,0.0,0.0,1,1
15335,806767.5131580492,627811.565790246,0.0,0.0,1,1
15336,806767.5131580492,627811.565790246,0.0,0.0,1,1
15337,806767.5131580492,627811.565790246,0.0,0.0,1,1
15338,806767.5131580492,627811.565790246,0.0,0.0,1,1
15339,806767.5131580492,627811.565790246,0.0,0.0,1,1
15340,810405.0,627811.565790246,0.0,0.0,1,1
15341,810405.0,627811.565790246,0.0,0.0,1,1
15342,810405.0,627811.565790246,0.0,0.0,1,1
15343,810405.0,627811.565790246,0.0,0.0,1,1
15344,810405.0,627811.565790246,0.0,0.0,1,1
15345,810405.0,627811.565790246,0.0,0.0,1,1
15346,810405.0,627811.565790246,0.0,0.0,1,1
15347,809989.5,627811.565790246,0.0,0.0,1,1
15348,809989.5,627811.565790246,0.0,0.0,1,1
15349,809989.5,627811.565790246,0.0,0.0,1,1
15350,809849.5,627811.565790246,0.0,0.0,1,1
15351,809849.5,627811.565790246,0.0,0.0,1,1
15352,809849.5,627811.565790246,0.0,0.0,1,1
15353,809849.5,627811.565790246,0.0,0.0,1,1
15354,809849.5,627811.565790246,0.0,0.0,1,1
15355,809849.5,627811.565790246,0.0,0.0,1,1
15356,809849.5,627811.565790246,0.0,0.0,1,1
15357,809891.5,627811.565790246,0.0,0.0,1,1
15358,809891.5,627811.565790246,0.0,0.0,1,1
15359,809891.5,627811.565790246,0.0,0.0,1,1
15360,809891.5,627811.565790246,0.0,0.0,1,1
15361,809891.5,627811.565790246,0.0,0.0,1,1
15362,809891.5,627811.565790246,0.0,0.0,1,1
15363,809891.5,627811.565790246,0.0,0.0,1,1
15364,809891.5,627811.565790246,0.0,0.0,1,1
15365,809891.5,627811.565790246,0.0,0.0,1,1
15366,809891.5,627811.565790246,0.0,0.0,1,1
15367,809891.5,627811.565790246,0.0,0.0,1,1
15368,809891.5,627811.565790246,0.0,0.0,1,1
15369,809891.5,627811.565790246,0.0,0.0,1,1
15370,809891.5,627811.565790246,0.0,0.0,1,1
15371,809891.5,627811.565790246,0.0,0.0,1,1
15372,809891.5,627811.565790246,0.0,0.0,1,1
15373,809891.5,627811.565790246,0.0,0.0,1,1
15374,809891.5,627811.565790246,0.0,0.0,1,1
15375,809891.5,627811.565790246,0.0,0.0,1,1
15376,809891.5,627811.565790246,0.0,0.0,1,1
15377,809891.5,627811.565790246,0.0,0.0,1,1
15378,809891.5,627811.565790246,0.0,0.0,1,1
15379,809891.5,627811.565790246,0.0,0.0,1,1
15380,809891.5,627811.565790246,0.0,0.0,1,1
15381,809891.5,627811.565790246,0.0,0.0,1,1
15382,809891.5,627811.565790246,0.0,0.0,1,1
15383,809891.5,627811.565790246,0.0,0.0,1,1
15384,809891.5,627811.565790246,0.0,0.0,1,1
15385,809891.5,627811.565790246,0.0,0.0,1,1
15386,809891.5,627811.565790246,0.0,0.0,1,1
15387,809891.5,627811.565790246,0.0,0.0,1,1
15388,809891.5,627811.565790246,0.0,0.0,1,1
15389,809891.5,627811.565790246,0.0,0.0,1,1
15390,809891.5,627811.565790246,0.0,0.0,1,1
15391,809891.5,627811.565790246,0.0,0.0,1,1
15392,809891.5,627811.565790246,0.0,0.0,1,1
15393,809891.5,627811.565790246,0.0,0.0,1,1
15394,809891.5,627811.565790246,0.0,0.0,1,1
15395,809891.5,627811.565790246,0.0,0.0,1,1
15396,809891.5,627811.565790246,0.0,0.0,1,1
15397,809891.5,627811.565790246,0.0,0.0,1,1
15398,809891.5,627811.565790246,0.0,0.0,1,1
15399,809891.5,627811.565790246,0.0,0.0,1,1
15400,809891.5,627811.565790246,0.0,0.0,1,1
15401,809891.5,627811.565790246,0.0,0.0,1,1
15402,809891.5,627811.565790246,0.0,0.0,1,1
15403,809891.5,627811.565790246,0.0,0.0,1,1
15404,809891.5,627811.565790246,0.0,0.0,1,1
15405,809891.5,627811.565790246,0.0,0.0,1,1
15406,809891.5,627811.565790246,0.0,0.0,1,1
15407,809891.5,627811.565790246,0.0,0.0,1,1
15408,809891.5,627811.565790246,0.0,0.0,1,1
15409,809794.5131580492,627811.565790246,0.0,0.0,1,1
15410,809794.5131580492,627811.565790246,0.0,0.0,1,1
15411,809794.5131580492,627811.565790246,0.0,0.0,1,1
15412,809794.5131580492,627811.565790246,0.0,0.0,1,1
15413,809794.5131580492,627811.565790246,0.0,0.0,1,1
15414,809794.5131580492,627811.565790246,0.0,0.0,1,1
15415,809794.5131580492,627811.565790246,0.0,0.0,1,1
15416,809905.5131580492,627811.565790246,0.0,0.0,1,1
15417,809905.5131580492,627811.565790246,0.0,0.0,1,1
15418,810373.5,627811.565790246,0.0,0.0,1,1
15419,810373.5,627811.565790246,0.0,0.0,1,1
15420,810373.5,627811.565790246,0.0,0.0,1,1
15421,810373.5,627811.565790246,0.0,0.0,1,1
15422,810373.5,627811.565790246,0.0,0.0,1,1
15423,810373.5,627811.565790246,0.0,0.0,1,1
15424,810373.5,627811.565790246,0.0,0.0,1,1
15425,810373.5,627811.565790246,0.0,0.0,1,1
15426,810373.5,627811.565790246,0.0,0.0,1,1
15427,810373.5,627811.565790246,0.0,0.0,1,1
15428,810373.5,627811.565790246,0.0,0.0,1,1
15429,810373.5,627811.565790246,0.0,0.0,1,1
15430,810373.5,627811.565790246,0.0,0.0,1,1
15431,810373.5,627811.565790246,0.0,0.0,1,1
15432,810373.5,627811.565790246,0.0,0.0,1,1
15433,810373.5,627811.565790246,0.0,0.0,1,1
15434,810397.0,627811.565790246,0.0,0.0,1,1
15435,810397.0,627811.565790246,0.0,0.0,1,1
15436,810397.0,627811.565790246,0.0,0.0,1,1
15437,810397.0,627811.565790246,0.0,0.0,1,1
15438,810397.0,627811.565790246,0.0,0.0,1,1
15439,810397.0,627811.565790246,0.0,0.0,1,1
15440,810397.0,627811.565790246,0.0,0.0,1,1
15441,810397.0,627811.565790246,0.0,0.0,1,1
15442,810397.0,627811.565790246,0.0,0.0,1,1
15443,810397.0,627811.565790246,0.0,0.0,1,1
15444,810278.0,627811.565790246,0.0,0.0,1,1
15445,810278.0,627811.565790246,0.0,0.0,1,1
15446,810278.0,627811.565790246,0.0,0.0,1,1
15447,810278.0,627811.565790246,0.0,0.0,1,1
15448,810278.0,627811.565790246,0.0,0.0,1,1
15449,810278.0,627811.565790246,0.0,0.0,1,1
15450,810278.0,627811.565790246,0.0,0.0,1,1
15451,810240.0,627811.565790246,0.0,0.0,1,1
15452,810240.0,627811.565790246,0.0,0.0,1,1
15453,810240.0,627811.565790246,0.0,0.0,1,1
15454,808767.5,627811.565790246,0.0,0.0,1,1
15455,808767.5,627811.565790246,0.0,0.0,1,1
15456,808767.5,627811.565790246,0.0,0.0,1,1
15457,808767.5,627811.565790246,0.0,0.0,1,1
15458,808767.5,627811.565790246,0.0,0.0,1,1
15459,808767.5,627811.565790246,0.0,0.0,1,1
15460,808767.5,627811.565790246,0.0,0.0,1,1
15461,808767.5,627811.565790246,0.0,0.0,1,1
15462,808773.5,627811.565790246,0.0,0.0,1,1
15463,808773.5,627811.565790246,0.0,0.0,1,1
15464,808773.5,627811.565790246,0.0,0.0,1,1
15465,808773.5,627811.565790246,0.0,0.0,1,1
15466,808773.5,627811.565790246,0.0,0.0,1,1
15467,808773.5,627811.565790246,0.0,0.0,1,1
15468,808773.5,627811.565790246,0.0,0.0,1,1
15469,808773.5,627811.565790246,0.0,0.0,1,1
15470,808773.5,627811.565790246,0.0,0.0,1,1
15471,808773.5,627811.565790246,0.0,0.0,1,1
15472,808773.5,627811.565790246,0.0,0.0,1,1
15473,808773.5,627811.565790246,0.0,0.0,1,1
15474,808773.5,627811.565790246,0.0,0.0,1,1
15475,808773.5,627811.565790246,0.0,0.0,1,1
15476,808773.5,627811.565790246,0.0,0.0,1,1
15477,808773.5,627811.565790246,0.0,0.0,1,1
15478,808773.5,627811.565790246,0.0,0.0,1,1
15479,808773.5,627811.565790246,0.0,0.0,1,1
15480,808773.5,627811.565790246,0.0,0.0,1,1
15481,808773.5,627811.565790246,0.0,0.0,1,1
15482,808773.5,627811.565790246,0.0,0.0,1,1
15483,808773.5,627811.565790246,0.0,0.0,1,1
15484,808773.5,627811.565790246,0.0,0.0,1,1
15485,808773.5,627811.565790246,0.0,0.0,1,1
15486,808796.5,627811.565790246,0.0,0.0,1,1
15487,808796.5,627811.565790246,0.0,0.0,1,1
15488,808796.5,627811.565790246,0.0,0.0,1,1
15489,808796.5,627811.565790246,0.0,0.0,1,1
15490,808796.5,627811.565790246,0.0,0.0,1,1
15491,808796.5,627811.565790246,0.0,0.0,1,1
15492,808831.5,627811.565790246,0.0,0.0,1,1
15493,808831.5,627811.565790246,0.0,0.0,1,1
15494,808831.5,627811.565790246,0.0,0.0,1,1
15495,808831.5,627811.565790246,0.0,0.0,1,1
15496,808831.5,627811.565790246,0.0,0.0,1,1
15497,808831.5,627811.565790246,0.0,0.0,1,1
15498,808831.5,627811.565790246,0.0,0.0,1,1
15499,808831.5,627811.565790246,0.0,0.0,1,1
15500,808831.5,627811.565790246,0.0,0.0,1,1
15501,808831.5,627811.565790246,0.0,0.0,1,1
15502,808831.5,627811.565790246,0.0,0.0,1,1
15503,808412.5,627811.565790246,0.0,0.0,1,1
15504,808412.5,627811.565790246,0.0,0.0,1,1
15505,808412.5,627811.565790246,0.0,0.0,1,1
15506,808412.5,627811.565790246,0.0,0.0,1,1
15507,808412.5,627811.565790246,0.0,0.0,1,1
15508,808412.5,627811.565790246,0.0,0.0,1,1
15509,808412.5,627811.565790246,0.0,0.0,1,1
15510,808412.5,627811.565790246,0.0,0.0,1,1
15511,808412.5,627811.565790246,0.0,0.0,1,1
15512,808412.5,627811.565790246,0.0,0.0,1,1
15513,808412.5,627811.565790246,0.0,0.0,1,1
15514,808412.5,627811.565790246,0.0,0.0,1,1
15515,808412.5,627811.565790246,0.0,0.0,1,1
15516,808412.5,627811.565790246,0.0,0.0,1,1
15517,808412.5,627811.565790246,0.0,0.0,1,1
15518,808412.5,627811.565790246,0.0,0.0,1,1
15519,808412.5,627811.565790246,0.0,0.0,1,1
15520,808412.5,627811.565790246,0.0,0.0,1,1
15521,808412.5,627811.565790246,0.0,0.0,1,1
15522,808412.5,627811.565790246,0.0,0.0,1,1
15523,808412.5,627811.565790246,0.0,0.0,1,1
15524,808412.5,627811.565790246,0.0,0.0,1,1
15525,808412.5,627811.565790246,0.0,0.0,1,1
15526,808412.5,627811.565790246,0.0,0.0,1,1
15527,808412.5,627811.565790246,0.0,0.0,1,1
15528,808412.5,627811.565790246,0.0,0.0,1,1
15529,808412.5,627811.565790246,0.0,0.0,1,1
15530,808412.5,627811.565790246,0.0,0.0,1,1
15531,808412.5,627811.565790246,0.0,0.0,1,1
15532,808412.5,627811.565790246,0.0,0.0,1,1
15533,808412.5,627811.565790246,0.0,0.0,1,1
15534,808412.5,627811.565790246,0.0,0.0,1,1
15535,808412.5,627811.565790246,0.0,0.0,1,1
15536,808412.5,627811.565790246,0.0,0.0,1,1
15537,808412.5,627811.565790246,0.0,0.0,1,1
15538,808412.5,627811.565790246,0.0,0.0,1,1
15539,808854.0,627811.565790246,0.0,0.0,1,1
15540,808886.0,627811.565790246,0.0,0.0,1,1
15541,808886.0,627811.565790246,0.0,0.0,1,1
15542,808886.0,627811.565790246,0.0,0.0,1,1
15543,808886.0,627811.565790246,0.0,0.0,1,1
15544,808886.0,627811.565790246,0.0,0.0,1,1
15545,808886.0,627811.565790246,0.0,0.0,1,1
15546,808827.0,627811.565790246,0.0,0.0,1,1
15547,808827.0,627811.565790246,0.0,0.0,1,1
15548,808827.0,627811.565790246,0.0,0.0,1,1
15549,808596.5,627811.565790246,0.0,0.0,1,1
15550,808596.5,627811.565790246,0.0,0.0,1,1
15551,808596.5,627811.565790246,0.0,0.0,1,1
15552,808596.5,627811.565790246,0.0,0.0,1,1
15553,808596.5,627811.565790246,0.0,0.0,1,1
15554,808703.0,627811.565790246,0.0,0.0,1,1
15555,808703.0,627811.565790246,0.0,0.0,1,1
15556,808703.0,627811.565790246,0.0,0.0,1,1
15557,808703.0,627811.565790246,0.0,0.0,1,1
15558,808703.0,627811.565790246,0.0,0.0,1,1
15559,808703.0,627811.565790246,0.0,0.0,1,1
15560,808703.0,627811.565790246,0.0,0.0,1,1
15561,808703.0,627811.565790246,0.0,0.0,1,1
15562,808703.0,627811.565790246,0.0,0.0,1,1
15563,808703.0,627811.565790246,0.0,0.0,1,1
15564,808703.0,627811.565790246,0.0,0.0,1,1
15565,808703.0,627811.565790246,0.0,0.0,1,1
15566,808703.0,627811.565790246,0.0,0.0,1,1
15567,808703.0,627811.565790246,0.0,0.0,1,1
15568,808703.0,627811.565790246,0.0,0.0,1,1
15569,808703.0,627811.565790246,0.0,0.0,1,1
15570,808703.0,627811.565790246,0.0,0.0,1,1
15571,808703.0,627811.565790246,0.0,0.0,1,1
15572,808703.0,627811.565790246,0.0,0.0,1,1
15573,808703.0,627811.565790246,0.0,0.0,1,1
15574,808703.0,627811.565790246,0.0,0.0,1,1
15575,808703.0,627811.565790246,0.0,0.0,1,1
15576,808687.0,627811.565790246,0.0,0.0,1,1
15577,808687.0,627811.565790246,0.0,0.0,1,1
15578,808687.0,627811.565790246,0.0,0.0,1,1
15579,808687.0,627811.565790246,0.0,0.0,1,1
15580,808687.0,627811.565790246,0.0,0.0,1,1
15581,808687.0,627811.565790246,0.0,0.0,1,1
15582,808687.0,627811.565790246,0.0,0.0,1,1
15583,808687.0,627811.565790246,0.0,0.0,1,1
15584,808687.0,627811.565790246,0.0,0.0,1,1
15585,808687.0,627811.565790246,0.0,0.0,1,1
15586,808687.0,627811.565790246,0.0,0.0,1,1
15587,808687.0,627811.565790246,0.0,0.0,1,1
15588,808687.0,627811.565790246,0.0,0.0,1,1
15589,808687.0,627811.565790246,0.0,0.0,1,1
15590,808687.0,627811.565790246,0.0,0.0,1,1
15591,808687.0,627811.565790246,0.0,0.0,1,1
15592,808687.0,627811.565790246,0.0,0.0,1,1
15593,808249.0,627811.565790246,0.0,0.0,1,1
15594,808249.0,627811.565790246,0.0,0.0,1,1
15595,808249.0,627811.565790246,0.0,0.0,1,1
15596,808249.0,627811.565790246,0.0,0.0,1,1
15597,808249.0,627811.565790246,0.0,0.0,1,1
15598,808249.0,627811.565790246,0.0,0.0,1,1
15599,808249.0,627811.565790246,0.0,0.0,1,1
15600,808249.0,627811.565790246,0.0,0.0,1,1
15601,808249.0,627811.565790246,0.0,0.0,1,1
15602,808208.0,627811.565790246,0.0,0.0,1,1
15603,808208.0,627811.565790246,0.0,0.0,1,1
15604,808208.0,627811.565790246,0.0,0.0,1,1
15605,808208.0,627811.565790246,0.0,0.0,1,1
15606,808208.0,627811.565790246,0.0,0.0,1,1
15607,808208.0,627811.565790246,0.0,0.0,1,1
15608,808208.0,627811.565790246,0.0,0.0,1,1
15609,808208.0,627811.565790246,0.0,0.0,1,1
15610,809156.5,627811.565790246,0.0,0.0,1,1
15611,809156.5,627811.565790246,0.0,0.0,1,1
15612,809156.5,627811.565790246,0.0,0.0,1,1
15613,809156.5,627811.565790246,0.0,0.0,1,1
15614,809156.5,627811.565790246,0.0,0.0,1,1
15615,809156.5,627811.565790246,0.0,0.0,1,1
15616,809156.5,627811.565790246,0.0,0.0,1,1
15617,810442.5,627811.565790246,0.0,0.0,1,1
15618,810442.5,627811.565790246,0.0,0.0,1,1
15619,810442.5,627811.565790246,0.0,0.0,1,1
15620,810442.5,627811.565790246,0.0,0.0,1,1
15621,810442.5,627811.565790246,0.0,0.0,1,1
15622,810442.5,627811.565790246,0.0,0.0,1,1
15623,810442.5,627811.565790246,0.0,0.0,1,1
15624,810442.5,627811.565790246,0.0,0.0,1,1
15625,810442.5,627811.565790246,0.0,0.0,1,1
15626,810442.5,627811.565790246,0.0,0.0,1,1
15627,810442.5,627811.565790246,0.0,0.0,1,1
15628,810442.5,627811.565790246,0.0,0.0,1,1
15629,810442.5,627811.565790246,0.0,0.0,1,1
15630,810442.5,627811.565790246,0.0,0.0,1,1
15631,810442.5,627811.565790246,0.0,0.0,1,1
15632,810442.5,627811.565790246,0.0,0.0,1,1
15633,810442.5,627811.565790246,0.0,0.0,1,1
15634,810442.5,627811.565790246,0.0,0.0,1,1
15635,810442.5,627811.565790246,0.0,0.0,1,1
15636,810442.5,627811.565790246,0.0,0.0,1,1
15637,810410.5,627811.565790246,0.0,0.0,1,1
15638,810410.5,627811.565790246,0.0,0.0,1,1
15639,810410.5,627811.565790246,0.0,0.0,1,1
15640,810410.5,627811.565790246,0.0,0.0,1,1
15641,810410.5,627811.565790246,0.0,0.0,1,1
15642,810410.5,627811.565790246,0.0,0.0,1,1
15643,810410.5,627811.565790246,0.0,0.0,1,1
15644,810410.5,627811.565790246,0.0,0.0,1,1
15645,810410.5,627811.565790246,0.0,0.0,1,1
15646,810410.5,627811.565790246,0.0,0.0,1,1
15647,810410.5,627811.565790246,0.0,0.0,1,1
15648,810410.5,627811.565790246,0.0,0.0,1,1
15649,810410.5,627811.565790246,0.0,0.0,1,1
15650,810410.5,627811.565790246,0.0,0.0,1,1
15651,810410.5,627811.565790246,0.0,0.0,1,1
15652,810410.5,627811.565790246,0.0,0.0,1,1
15653,810410.5,627811.565790246,0.0,0.0,1,1
15654,810410.5,627811.565790246,0.0,0.0,1,1
15655,810410.5,627811.565790246,0.0,0.0,1,1
15656,810410.5,627811.565790246,0.0,0.0,1,1
15657,810410.5,627811.565790246,0.0,0.0,1,1
15658,810410.5,627811.565790246,0.0,0.0,1,1
15659,810410.5,627811.565790246,0.0,0.0,1,1
15660,810410.5,627811.565790246,0.0,0.0,1,1
15661,810410.5,627811.565790246,0.0,0.0,1,1
15662,810410.5,627811.565790246,0.0,0.0,1,1
15663,810410.5,627811.565790246,0.0,0.0,1,1
15664,810410.5,627811.565790246,0.0,0.0,1,1
15665,810410.5,627811.565790246,0.0,0.0,1,1
15666,810410.5,627811.565790246,0.0,0.0,1,1
15667,810380.0,627811.565790246,0.0,0.0,1,1
15668,810396.0,627811.565790246,0.0,0.0,1,1
15669,810396.0,627811.565790246,0.0,0.0,1,1
15670,810396.0,627811.565790246,0.0,0.0,1,1
15671,810396.0,627811.565790246,0.0,0.0,1,1
15672,810396.0,627811.565790246,0.0,0.0,1,1
15673,810396.0,627811.565790246,0.0,0.0,1,1
15674,810396.0,627811.565790246,0.0,0.0,1,1
15675,810431.0,627811.565790246,0.0,0.0,1,1
15676,810431.0,627811.565790246,0.0,0.0,1,1
15677,810431.0,627811.565790246,0.0,0.0,1,1
15678,810431.0,627811.565790246,0.0,0.0,1,1
15679,810431.0,627811.565790246,0.0,0.0,1,1
15680,810431.0,627811.565790246,0.0,0.0,1,1
15681,810431.0,627811.565790246,0.0,0.0,1,1
15682,810431.0,627811.565790246,0.0,0.0,1,1
15683,810431.0,627811.565790246,0.0,0.0,1,1
15684,810431.0,627811.565790246,0.0,0.0,1,1
15685,810431.0,627811.565790246,0.0,0.0,1,1
15686,810431.0,627811.565790246,0.0,0.0,1,1
15687,810431.0,627811.565790246,0.0,0.0,1,1
15688,810431.0,627811.565790246,0.0,0.0,1,1
15689,810431.0,627811.565790246,0.0,0.0,1,1
15690,810431.0,627811.565790246,0.0,0.0,1,1
15691,810431.0,627811.565790246,0.0,0.0,1,1
15692,810431.0,627811.565790246,0.0,0.0,1,1
15693,810116.0,627811.565790246,0.0,0.0,1,1
15694,810116.0,627811.565790246,0.0,0.0,1,1
15695,810116.0,627811.565790246,0.0,0.0,1,1
15696,810116.0,627811.565790246,0.0,0.0,1,1
15697,810116.0,627811.565790246,0.0,0.0,1,1
15698,810116.0,627811.565790246,0.0,0.0,1,1
15699,810116.0,627811.565790246,0.0,0.0,1,1
15700,810116.0,627811.565790246,0.0,0.0,1,1
15701,810116.0,627811.565790246,0.0,0.0,1,1
15702,810116.0,627811.565790246,0.0,0.0,1,1
15703,810116.0,627811.565790246,0.0,0.0,1,1
15704,810116.0,627811.565790246,0.0,0.0,1,1
15705,810116.0,627811.565790246,0.0,0.0,1,1
15706,810116.0,627811.565790246,0.0,0.0,1,1
15707,810116.0,627811.565790246,0.0,0.0,1,1
15708,810116.0,627811.565790246,0.0,0.0,1,1
15709,810116.0,627811.565790246,0.0,0.0,1,1
15710,810116.0,627811.565790246,0.0,0.0,1,1
15711,810116.0,627811.565790246,0.0,0.0,1,1
15712,810116.0,627811.565790246,0.0,0.0,1,1
15713,810116.0,627811.565790246,0.0,0.0,1,1
15714,810116.0,627811.565790246,0.0,0.0,1,1
15715,810116.0,627811.565790246,0.0,0.0,1,1
15716,810116.0,627811.565790246,0.0,0.0,1,1
15717,810116.0,627811.565790246,0.0,0.0,1,1
15718,810116.0,627811.565790246,0.0,0.0,1,1
15719,810116.0,627811.565790246,0.0,0.0,1,1
15720,810116.0,627811.565790246,0.0,0.0,1,1
15721,810116.0,627811.565790246,0.0,0.0,1,1
15722,810116.0,627811.565790246,0.0,0.0,1,1
15723,810116.0,627811.565790246,0.0,0.0,1,1
15724,810116.0,627811.565790246,0.0,0.0,1,1
15725,810116.0,627811.565790246,0.0,0.0,1,1
15726,810116.0,627811.565790246,0.0,0.0,1,1
15727,810116.0,627811.565790246,0.0,0.0,1,1
15728,810116.0,627811.565790246,0.0,0.0,1,1
15729,810116.0,627811.565790246,0.0,0.0,1,1
15730,810116.0,627811.565790246,0.0,0.0,1,1
15731,810116.0,627811.565790246,0.0,0.0,1,1
15732,810116.0,627811.565790246,0.0,0.0,1,1
15733,810116.0,627811.565790246,0.0,0.0,1,1
15734,810116.0,627811.565790246,0.0,0.0,1,1
15735,810116.0,627811.565790246,0.0,0.0,1,1
15736,810116.0,627811.565790246,0.0,0.0,1,1
15737,810116.0,627811.565790246,0.0,0.0,1,1
15738,810062.5,627811.565790246,0.0,0.0,1,1
15739,810062.5,627811.565790246,0.0,0.0,1,1
15740,810062.5,627811.565790246,0.0,0.0,1,1
15741,810062.5,627811.565790246,0.0,0.0,1,1
15742,810062.5,627811.565790246,0.0,0.0,1,1
15743,810062.5,627811.565790246,0.0,0.0,1,1
15744,810062.5,627811.565790246,0.0,0.0,1,1
15745,810062.5,627811.565790246,0.0,0.0,1,1
15746,810062.5,627811.565790246,0.0,0.0,1,1
15747,810062.5,627811.565790246,0.0,0.0,1,1
15748,810093.0,627811.565790246,0.0,0.0,1,1
15749,810093.0,627811.565790246,0.0,0.0,1,1
15750,810093.0,627811.565790246,0.0,0.0,1,1
15751,810093.0,627811.565790246,0.0,0.0,1,1
15752,810093.0,627811.565790246,0.0,0.0,1,1
15753,810093.0,627811.565790246,0.0,0.0,1,1
15754,810093.0,627811.565790246,0.0,0.0,1,1
15755,810093.0,627811.565790246,0.0,0.0,1,1
15756,810093.0,627811.565790246,0.0,0.0,1,1
15757,810093.0,627811.565790246,0.0,0.0,1,1
15758,810093.0,627811.565790246,0.0,0.0,1,1
15759,810093.0,627811.565790246,0.0,0.0,1,1
15760,810093.0,627811.565790246,0.0,0.0,1,1
15761,810093.0,627811.565790246,0.0,0.0,1,1
15762,810093.0,627811.565790246,0.0,0.0,1,1
15763,810093.0,627811.565790246,0.0,0.0,1,1
15764,810093.0,627811.565790246,0.0,0.0,1,1
15765,810093.0,627811.565790246,0.0,0.0,1,1
15766,810093.0,627811.565790246,0.0,0.0,1,1
15767,810093.0,627811.565790246,0.0,0.0,1,1
15768,810093.0,627811.565790246,0.0,0.0,1,1
15769,810093.0,627811.565790246,0.0,0.0,1,1
15770,810093.0,627811.565790246,0.0,0.0,1,1
15771,810093.0,627811.565790246,0.0,0.0,1,1
15772,810093.0,627811.565790246,0.0,0.0,1,1
15773,810093.0,627811.565790246,0.0,0.0,1,1
15774,810093.0,627811.565790246,0.0,0.0,1,1
15775,810093.0,627811.565790246,0.0,0.0,1,1
15776,810093.0,627811.565790246,0.0,0.0,1,1
15777,810093.0,627811.565790246,0.0,0.0,1,1
15778,810093.0,627811.565790246,0.0,0.0,1,1
15779,810093.0,627811.565790246,0.0,0.0,1,1
15780,810093.0,627811.565790246,0.0,0.0,1,1
15781,810093.0,627811.565790246,0.0,0.0,1,1
15782,810093.0,627811.565790246,0.0,0.0,1,1
15783,810093.0,627811.565790246,0.0,0.0,1,1
15784,810093.0,627811.565790246,0.0,0.0,1,1
15785,810093.0,627811.565790246,0.0,0.0,1,1
15786,810093.0,627811.565790246,0.0,0.0,1,1
15787,810093.0,627811.565790246,0.0,0.0,1,1
15788,810093.0,627811.565790246,0.0,0.0,1,1
15789,810093.0,627811.565790246,0.0,0.0,1,1
15790,810093.0,627811.565790246,0.0,0.0,1,1
15791,810093.0,627811.565790246,0.0,0.0,1,1
15792,810093.0,627811.565790246,0.0,0.0,1,1
15793,810093.0,627811.565790246,0.0,0.0,1,1
15794,810093.0,627811.565790246,0.0,0.0,1,1
15795,810093.0,627811.565790246,0.0,0.0,1,1
15796,810093.0,627811.565790246,0.0,0.0,1,1
15797,810093.0,627811.565790246,0.0,0.0,1,1
15798,810093.0,627811.565790246,0.0,0.0,1,1
15799,810093.0,627811.565790246,0.0,0.0,1,1
15800,810093.0,627811.565790246,0.0,0.0,1,1
15801,810093.0,627811.565790246,0.0,0.0,1,1
15802,810093.0,627811.565790246,0.0,0.0,1,1
15803,810093.0,627811.565790246,0.0,0.0,1,1
15804,810093.0,627811.565790246,0.0,0.0,1,1
15805,809928.5,627811.565790246,0.0,0.0,1,1
15806,809928.5,627811.565790246,0.0,0.0,1,1
15807,809928.5,627811.565790246,0.0,0.0,1,1
15808,809928.5,627811.565790246,0.0,0.0,1,1
15809,809928.5,627811.565790246,0.0,0.0,1,1
15810,809928.5,627811.565790246,0.0,0.0,1,1
15811,809928.5,627811.565790246,0.0,0.0,1,1
15812,809928.5,627811.565790246,0.0,0.0,1,1
15813,809928.5,627811.565790246,0.0,0.0,1,1
15814,809928.5,627811.565790246,0.0,0.0,1,1
15815,809928.5,627811.565790246,0.0,0.0,1,1
15816,809928.5,627811.565790246,0.0,0.0,1,1
15817,809928.5,627811.565790246,0.0,0.0,1,1
15818,809928.5,627811.565790246,0.0,0.0,1,1
15819,809928.5,627811.565790246,0.0,0.0,1,1
15820,809928.5,627811.565790246,0.0,0.0,1,1
15821,809928.5,627811.565790246,0.0,0.0,1,1
15822,809928.5,627811.565790246,0.0,0.0,1,1
15823,809928.5,627811.565790246,0.0,0.0,1,1
15824,809928.5,627811.565790246,0.0,0.0,1,1
15825,809928.5,627811.565790246,0.0,0.0,1,1
15826,809928.5,627811.565790246,0.0,0.0,1,1
15827,808641.5,627811.565790246,0.0,0.0,1,1
15828,808641.5,627811.565790246,0.0,0.0,1,1
15829,808641.5,627811.565790246,0.0,0.0,1,1
15830,808641.5,627811.565790246,0.0,0.0,1,1
15831,808641.5,627811.565790246,0.0,0.0,1,1
15832,808641.5,627811.565790246,0.0,0.0,1,1
15833,808641.5,627811.565790246,0.0,0.0,1,1
15834,808172.5,627811.565790246,0.0,0.0,1,1
15835,808172.5,627811.565790246,0.0,0.0,1,1
15836,808172.5,627811.565790246,0.0,0.0,1,1
15837,808172.5,627811.565790246,0.0,0.0,1,1
15838,808172.5,627811.565790246,0.0,0.0,1,1
15839,808172.5,627811.565790246,0.0,0.0,1,1
15840,808172.5,627811.565790246,0.0,0.0,1,1
15841,808172.5,627811.565790246,0.0,0.0,1,1
15842,808172.5,627811.565790246,0.0,0.0,1,1
15843,808172.5,627811.565790246,0.0,0.0,1,1
15844,808172.5,627811.565790246,0.0,0.0,1,1
15845,808172.5,627811.565790246,0.0,0.0,1,1
15846,808172.5,627811.565790246,0.0,0.0,1,1
15847,808172.5,627811.565790246,0.0,0.0,1,1
15848,808172.5,627811.565790246,0.0,0.0,1,1
15849,808172.5,627811.565790246,0.0,0.0,1,1
15850,808172.5,627811.565790246,0.0,0.0,1,1
15851,808039.0,627811.565790246,0.0,0.0,1,1
15852,808039.0,627811.565790246,0.0,0.0,1,1
15853,808039.0,627811.565790246,0.0,0.0,1,1
15854,807807.0,627811.565790246,0.0,0.0,1,1
15855,807807.0,627811.565790246,0.0,0.0,1,1
15856,807807.0,627811.565790246,0.0,0.0,1,1
15857,807807.0,627811.565790246,0.0,0.0,1,1
15858,807807.0,627811.565790246,0.0,0.0,1,1
15859,807807.0,627811.565790246,0.0,0.0,1,1
15860,807807.0,627811.565790246,0.0,0.0,1,1
15861,807938.5,627811.565790246,0.0,0.0,1,1
15862,807938.5,627811.565790246,0.0,0.0,1,1
15863,807938.5,627811.565790246,0.0,0.0,1,1
15864,807997.5,627811.565790246,0.0,0.0,1,1
15865,807997.5,627811.565790246,0.0,0.0,1,1
15866,807997.5,627811.565790246,0.0,0.0,1,1
15867,807997.5,627811.565790246,0.0,0.0,1,1
15868,807997.5,627811.565790246,0.0,0.0,1,1
15869,807997.5,627811.565790246,0.0,0.0,1,1
15870,807997.5,627811.565790246,0.0,0.0,1,1
15871,807997.5,627811.565790246,0.0,0.0,1,1
15872,807997.5,627811.565790246,0.0,0.0,1,1
15873,807997.5,627811.565790246,0.0,0.0,1,1
15874,807997.5,627811.565790246,0.0,0.0,1,1
15875,807997.5,627811.565790246,0.0,0.0,1,1
15876,807997.5,627811.565790246,0.0,0.0,1,1
15877,807997.5,627811.565790246,0.0,0.0,1,1
15878,808990.5,627811.565790246,0.0,0.0,1,1
15879,808990.5,627811.565790246,0.0,0.0,1,1
15880,808990.5,627811.565790246,0.0,0.0,1,1
15881,808990.5,627811.565790246,0.0,0.0,1,1
15882,809069.5,627811.565790246,0.0,0.0,1,1
15883,809069.5,627811.565790246,0.0,0.0,1,1
15884,809069.5,627811.565790246,0.0,0.0,1,1
15885,809069.5,627811.565790246,0.0,0.0,1,1
15886,809069.5,627811.565790246,0.0,0.0,1,1
15887,809069.5,627811.565790246,0.0,0.0,1,1
15888,809069.5,627811.565790246,0.0,0.0,1,1
15889,809069.5,627811.565790246,0.0,0.0,1,1
15890,809069.5,627811.565790246,0.0,0.0,1,1
15891,809069.5,627811.565790246,0.0,0.0,1,1
15892,809069.5,627811.565790246,0.0,0.0,1,1
15893,809069.5,627811.565790246,0.0,0.0,1,1
15894,809069.5,627811.565790246,0.0,0.0,1,1
15895,809069.5,627811.565790246,0.0,0.0,1,1
15896,809069.5,627811.565790246,0.0,0.0,1,1
15897,809069.5,627811.565790246,0.0,0.0,1,1
15898,809069.5,627811.565790246,0.0,0.0,1,1
15899,809069.5,627811.565790246,0.0,0.0,1,1
15900,809104.5,627811.565790246,0.0,0.0,1,1
15901,809104.5,627811.565790246,0.0,0.0,1,1
15902,809104.5,627811.565790246,0.0,0.0,1,1
15903,809104.5,627811.565790246,0.0,0.0,1,1
15904,809104.5,627811.565790246,0.0,0.0,1,1
15905,809104.5,627811.565790246,0.0,0.0,1,1
15906,809104.5,627811.565790246,0.0,0.0,1,1
15907,809104.5,627811.565790246,0.0,0.0,1,1
15908,809104.5,627811.565790246,0.0,0.0,1,1
15909,809104.5,627811.565790246,0.0,0.0,1,1
15910,809104.5,627811.565790246,0.0,0.0,1,1
15911,809104.5,627811.565790246,0.0,0.0,1,1
15912,809104.5,627811.565790246,0.0,0.0,1,1
15913,809104.5,627811.565790246,0.0,0.0,1,1
15914,809081.5,627811.565790246,0.0,0.0,1,1
15915,809081.5,627811.565790246,0.0,0.0,1,1
15916,809081.5,627811.565790246,0.0,0.0,1,1
15917,809081.5,627811.565790246,0.0,0.0,1,1
15918,809081.5,627811.565790246,0.0,0.0,1,1
15919,809081.5,627811.565790246,0.0,0.0,1,1
15920,809081.5,627811.565790246,0.0,0.0,1,1
15921,809081.5,627811.565790246,0.0,0.0,1,1
15922,809081.5,627811.565790246,0.0,0.0,1,1
15923,809081.5,627811.565790246,0.0,0.0,1,1
15924,809081.5,627811.565790246,0.0,0.0,1,1
15925,809081.5,627811.565790246,0.0,0.0,1,1
15926,809081.5,627811.565790246,0.0,0.0,1,1
15927,809081.5,627811.565790246,0.0,0.0,1,1
15928,809081.5,627811.565790246,0.0,0.0,1,1
15929,809081.5,627811.565790246,0.0,0.0,1,1
15930,809081.5,627811.565790246,0.0,0.0,1,1
15931,809081.5,627811.565790246,0.0,0.0,1,1
15932,809081.5,627811.565790246,0.0,0.0,1,1
15933,809081.5,627811.565790246,0.0,0.0,1,1
15934,809081.5,627811.565790246,0.0,0.0,1,1
15935,809081.5,627811.565790246,0.0,0.0,1,1
15936,809081.5,627811.565790246,0.0,0.0,1,1
15937,809081.5,627811.565790246,0.0,0.0,1,1
15938,809081.5,627811.565790246,0.0,0.0,1,1
15939,809081.5,627811.565790246,0.0,0.0,1,1
15940,809081.5,627811.565790246,0.0,0.0,1,1
15941,809081.5,627811.565790246,0.0,0.0,1,1
15942,809081.5,627811.565790246,0.0,0.0,1,1
15943,809081.5,627811.565790246,0.0,0.0,1,1
15944,809081.5,627811.565790246,0.0,0.0,1,1
15945,809081.5,627811.565790246,0.0,0.0,1,1
15946,809081.5,627811.565790246,0.0,0.0,1,1
15947,809081.5,627811.565790246,0.0,0.0,1,1
15948,809081.5,627811.565790246,0.0,0.0,1,1
15949,809081.5,627811.565790246,0.0,0.0,1,1
15950,809081.5,627811.565790246,0.0,0.0,1,1
15951,809081.5,627811.565790246,0.0,0.0,1,1
15952,809081.5,627811.565790246,0.0,0.0,1,1
15953,809102.5,627811.565790246,0.0,0.0,1,1
15954,809102.5,627811.565790246,0.0,0.0,1,1
15955,809102.5,627811.565790246,0.0,0.0,1,1
15956,809102.5,627811.565790246,0.0,0.0,1,1
15957,809102.5,627811.565790246,0.0,0.0,1,1
15958,809232.0,627811.565790246,0.0,0.0,1,1
15959,809232.0,627811.565790246,0.0,0.0,1,1
15960,809232.0,627811.565790246,0.0,0.0,1,1
15961,809232.0,627811.565790246,0.0,0.0,1,1
15962,809232.0,627811.565790246,0.0,0.0,1,1
15963,809232.0,627811.565790246,0.0,0.0,1,1
15964,809232.0,627811.565790246,0.0,0.0,1,1
15965,809232.0,627811.565790246,0.0,0.0,1,1
15966,809232.0,627811.565790246,0.0,0.0,1,1
15967,809232.0,627811.565790246,0.0,0.0,1,1
15968,809232.0,627811.565790246,0.0,0.0,1,1
15969,809232.0,627811.565790246,0.0,0.0,1,1
15970,809232.0,627811.565790246,0.0,0.0,1,1
15971,809232.0,627811.565790246,0.0,0.0,1,1
15972,809232.0,627811.565790246,0.0,0.0,1,1
15973,809232.0,627811.565790246,0.0,0.0,1,1
15974,809232.0,627811.565790246,0.0,0.0,1,1
15975,809232.0,627811.565790246,0.0,0.0,1,1
15976,809232.0,627811.565790246,0.0,0.0,1,1
15977,809232.0,627811.565790246,0.0,0.0,1,1
15978,809232.0,627811.565790246,0.0,0.0,1,1
15979,809232.0,627811.565790246,0.0,0.0,1,1
15980,809232.0,627811.565790246,0.0,0.0,1,1
15981,809232.0,627811.565790246,0.0,0.0,1,1
15982,809232.0,627811.565790246,0.0,0.0,1,1
15983,809232.0,627811.565790246,0.0,0.0,1,1
15984,809232.0,627811.565790246,0.0,0.0,1,1
15985,809232.0,627811.565790246,0.0,0.0,1,1
15986,809232.0,627811.565790246,0.0,0.0,1,1
15987,809232.0,627811.565790246,0.0,0.0,1,1
15988,809232.0,627811.565790246,0.0,0.0,1,1
15989,809232.0,627811.565790246,0.0,0.0,1,1
15990,809232.0,627811.565790246,0.0,0.0,1,1
15991,809232.0,627811.565790246,0.0,0.0,1,1
15992,809232.0,627811.565790246,0.0,0.0,1,1
15993,809232.0,627811.565790246,0.0,0.0,1,1
15994,809232.0,627811.565790246,0.0,0.0,1,1
15995,809232.0,627811.565790246,0.0,0.0,1,1
15996,808672.5,627811.565790246,0.0,0.0,1,1
15997,808672.5,627811.565790246,0.0,0.0,1,1
15998,808543.0,627811.565790246,0.0,0.0,1,1
15999,808543.0,627811.565790246,0.0,0.0,1,1
16000,808543.0,627811.565790246,0.0,0.0,1,1
16001,808543.0,627811.565790246,0.0,0.0,1,1
16002,808543.0,627811.565790246,0.0,0.0,1,1
16003,808543.0,627811.565790246,0.0,0.0,1,1
16004,808543.0,627811.565790246,0.0,0.0,1,1
16005,808543.0,627811.565790246,0.0,0.0,1,1
16006,808543.0,627811.565790246,0.0,0.0,1,1
16007,808543.0,627811.565790246,0.0,0.0,1,1
16008,808543.0,627811.565790246,0.0,0.0,1,1
16009,808543.0,627811.565790246,0.0,0.0,1,1
16010,808543.0,627811.565790246,0.0,0.0,1,1
16011,808543.0,627811.565790246,0.0,0.0,1,1
16012,808543.0,627811.565790246,0.0,0.0,1,1
16013,808543.0,627811.565790246,0.0,0.0,1,1
16014,808543.0,627811.565790246,0.0,0.0,1,1
16015,808543.0,627811.565790246,0.0,0.0,1,1
16016,808543.0,627811.565790246,0.0,0.0,1,1
16017,808543.0,627811.565790246,0.0,0.0,1,1
16018,808543.0,627811.565790246,0.0,0.0,1,1
16019,808543.0,627811.565790246,0.0,0.0,1,1
16020,808543.0,627811.565790246,0.0,0.0,1,1
16021,809612.5,627811.565790246,0.0,0.0,1,1
16022,809612.5,627811.565790246,0.0,0.0,1,1
16023,809612.5,627811.565790246,0.0,0.0,1,1
16024,809612.5,627811.565790246,0.0,0.0,1,1
16025,809612.5,627811.565790246,0.0,0.0,1,1
16026,809615.5,627811.565790246,0.0,0.0,1,1
16027,809615.5,627811.565790246,0.0,0.0,1,1
16028,809615.5,627811.565790246,0.0,0.0,1,1
16029,809615.5,627811.565790246,0.0,0.0,1,1
16030,809615.5,627811.565790246,0.0,0.0,1,1
16031,810165.0,627811.565790246,0.0,0.0,1,1
16032,810165.0,627811.565790246,0.0,0.0,1,1
16033,810165.0,627811.565790246,0.0,0.0,1,1
16034,810165.0,627811.565790246,0.0,0.0,1,1
16035,810165.0,627811.565790246,0.0,0.0,1,1
16036,810165.0,627811.565790246,0.0,0.0,1,1
16037,810165.0,627811.565790246,0.0,0.0,1,1
16038,810165.0,627811.565790246,0.0,0.0,1,1
16039,810165.0,627811.565790246,0.0,0.0,1,1
16040,810165.0,627811.565790246,0.0,0.0,1,1
16041,810165.0,627811.565790246,0.0,0.0,1,1
16042,810165.0,627811.565790246,0.0,0.0,1,1
16043,810165.0,627811.565790246,0.0,0.0,1,1
16044,810165.0,627811.565790246,0.0,0.0,1,1
16045,810165.0,627811.565790246,0.0,0.0,1,1
16046,810165.0,627811.565790246,0.0,0.0,1,1
16047,810165.0,627811.565790246,0.0,0.0,1,1
16048,810165.0,627811.565790246,0.0,0.0,1,1
16049,810165.0,627811.565790246,0.0,0.0,1,1
16050,810165.0,627811.565790246,0.0,0.0,1,1
16051,810165.0,627811.565790246,0.0,0.0,1,1
16052,810165.0,627811.565790246,0.0,0.0,1,1
16053,810165.0,627811.565790246,0.0,0.0,1,1
16054,810165.0,627811.565790246,0.0,0.0,1,1
16055,810165.0,627811.565790246,0.0,0.0,1,1
16056,810165.0,627811.565790246,0.0,0.0,1,1
16057,810165.0,627811.565790246,0.0,0.0,1,1
16058,810165.0,627811.565790246,0.0,0.0,1,1
16059,810165.0,627811.565790246,0.0,0.0,1,1
16060,810165.0,627811.565790246,0.0,0.0,1,1
16061,810165.0,627811.565790246,0.0,0.0,1,1
16062,810165.0,627811.565790246,0.0,0.0,1,1
16063,810165.0,627811.565790246,0.0,0.0,1,1
16064,810165.0,627811.565790246,0.0,0.0,1,1
16065,810165.0,627811.565790246,0.0,0.0,1,1
16066,810165.0,627811.565790246,0.0,0.0,1,1
16067,810165.0,627811.565790246,0.0,0.0,1,1
16068,810165.0,627811.565790246,0.0,0.0,1,1
16069,810165.0,627811.565790246,0.0,0.0,1,1
16070,810165.0,627811.565790246,0.0,0.0,1,1
16071,810165.0,627811.565790246,0.0,0.0,1,1
16072,810165.0,627811.565790246,0.0,0.0,1,1
16073,810165.0,627811.565790246,0.0,0.0,1,1
16074,810165.0,627811.565790246,0.0,0.0,1,1
16075,810165.0,627811.565790246,0.0,0.0,1,1
16076,810165.0,627811.565790246,0.0,0.0,1,1
16077,810165.0,627811.565790246,0.0,0.0,1,1
16078,810165.0,627811.565790246,0.0,0.0,1,1
16079,810165.0,627811.565790246,0.0,0.0,1,1
16080,810165.0,627811.565790246,0.0,0.0,1,1
16081,810165.0,627811.565790246,0.0,0.0,1,1
16082,810165.0,627811.565790246,0.0,0.0,1,1
16083,809929.5,627811.565790246,0.0,0.0,1,1
16084,809929.5,627811.565790246,0.0,0.0,1,1
16085,809929.5,627811.565790246,0.0,0.0,1,1
16086,809929.5,627811.565790246,0.0,0.0,1,1
16087,809929.5,627811.565790246,0.0,0.0,1,1
16088,809929.5,627811.565790246,0.0,0.0,1,1
16089,809929.5,627811.565790246,0.0,0.0,1,1
16090,809929.5,627811.565790246,0.0,0.0,1,1
16091,809929.5,627811.565790246,0.0,0.0,1,1
16092,809929.5,627811.565790246,0.0,0.0,1,1
16093,809929.5,627811.565790246,0.0,0.0,1,1
16094,809929.5,627811.565790246,0.0,0.0,1,1
16095,809929.5,627811.565790246,0.0,0.0,1,1
16096,809929.5,627811.565790246,0.0,0.0,1,1
16097,809929.5,627811.565790246,0.0,0.0,1,1
16098,809929.5,627811.565790246,0.0,0.0,1,1
16099,809929.5,627811.565790246,0.0,0.0,1,1
16100,809929.5,627811.565790246,0.0,0.0,1,1
16101,809929.5,627811.565790246,0.0,0.0,1,1
16102,809929.5,627811.565790246,0.0,0.0,1,1
16103,809929.5,627811.565790246,0.0,0.0,1,1
16104,809929.5,627811.565790246,0.0,0.0,1,1
16105,809929.5,627811.565790246,0.0,0.0,1,1
16106,810063.5,627811.565790246,0.0,0.0,1,1
16107,810063.5,627811.565790246,0.0,0.0,1,1
16108,810063.5,627811.565790246,0.0,0.0,1,1
16109,810063.5,627811.565790246,0.0,0.0,1,1
16110,810063.5,627811.565790246,0.0,0.0,1,1
16111,810063.5,627811.565790246,0.0,0.0,1,1
16112,810063.5,627811.565790246,0.0,0.0,1,1
16113,810063.5,627811.565790246,0.0,0.0,1,1
16114,810063.5,627811.565790246,0.0,0.0,1,1
16115,810063.5,627811.565790246,0.0,0.0,1,1
16116,810063.5,627811.565790246,0.0,0.0,1,1
16117,810063.5,627811.565790246,0.0,0.0,1,1
16118,810063.5,627811.565790246,0.0,0.0,1,1
16119,810063.5,627811.565790246,0.0,0.0,1,1
16120,810063.5,627811.565790246,0.0,0.0,1,1
16121,810063.5,627811.565790246,0.0,0.0,1,1
16122,810063.5,627811.565790246,0.0,0.0,1,1
16123,810063.5,627811.565790246,0.0,0.0,1,1
16124,810063.5,627811.565790246,0.0,0.0,1,1
16125,810063.5,627811.565790246,0.0,0.0,1,1
16126,810063.5,627811.565790246,0.0,0.0,1,1
16127,810063.5,627811.565790246,0.0,0.0,1,1
16128,810063.5,627811.565790246,0.0,0.0,1,1
16129,810063.5,627811.565790246,0.0,0.0,1,1
16130,810063.5,627811.565790246,0.0,0.0,1,1
16131,810063.5,627811.565790246,0.0,0.0,1,1
16132,810063.5,627811.565790246,0.0,0.0,1,1
16133,810063.5,627811.565790246,0.0,0.0,1,1
16134,810063.5,627811.565790246,0.0,0.0,1,1
16135,810063.5,627811.565790246,0.0,0.0,1,1
16136,810063.5,627811.565790246,0.0,0.0,1,1
16137,810063.5,627811.565790246,0.0,0.0,1,1
16138,810063.5,627811.565790246,0.0,0.0,1,1
16139,810063.5,627811.565790246,0.0,0.0,1,1
16140,810063.5,627811.565790246,0.0,0.0,1,1
16141,810063.5,627811.565790246,0.0,0.0,1,1
16142,810063.5,627811.565790246,0.0,0.0,1,1
16143,810063.5,627811.565790246,0.0,0.0,1,1
16144,810063.5,627811.565790246,0.0,0.0,1,1
16145,810063.5,627811.565790246,0.0,0.0,1,1
16146,810063.5,627811.565790246,0.0,0.0,1,1
16147,810063.5,627811.565790246,0.0,0.0,1,1
16148,810063.5,627811.565790246,0.0,0.0,1,1
16149,810063.5,627811.565790246,0.0,0.0,1,1
16150,810063.5,627811.565790246,0.0,0.0,1,1
16151,810063.5,627811.565790246,0.0,0.0,1,1
16152,810063.5,627811.565790246,0.0,0.0,1,1
16153,810063.5,627811.565790246,0.0,0.0,1,1
16154,810063.5,627811.565790246,0.0,0.0,1,1
16155,810063.5,627811.565790246,0.0,0.0,1,1
16156,810063.5,627811.565790246,0.0,0.0,1,1
16157,810063.5,627811.565790246,0.0,0.0,1,1
16158,810063.5,627811.565790246,0.0,0.0,1,1
16159,810063.5,627811.565790246,0.0,0.0,1,1
16160,810469.5,627811.565790246,0.0,0.0,1,1
16161,810469.5,627811.565790246,0.0,0.0,1,1
16162,810469.5,627811.565790246,0.0,0.0,1,1
16163,810469.5,627811.565790246,0.0,0.0,1,1
16164,810469.5,627811.565790246,0.0,0.0,1,1
16165,810469.5,627811.565790246,0.0,0.0,1,1
16166,810469.5,627811.565790246,0.0,0.0,1,1
16167,810469.5,627811.565790246,0.0,0.0,1,1
16168,810469.5,627811.565790246,0.0,0.0,1,1
16169,810469.5,627811.565790246,0.0,0.0,1,1
16170,810469.5,627811.565790246,0.0,0.0,1,1
16171,810469.5,627811.565790246,0.0,0.0,1,1
16172,810469.5,627811.565790246,0.0,0.0,1,1
16173,810469.5,627811.565790246,0.0,0.0,1,1
16174,810469.5,627811.565790246,0.0,0.0,1,1
16175,810469.5,627811.565790246,0.0,0.0,1,1
16176,810469.5,627811.565790246,0.0,0.0,1,1
16177,810469.5,627811.565790246,0.0,0.0,1,1
16178,810469.5,627811.565790246,0.0,0.0,1,1
16179,810469.5,627811.565790246,0.0,0.0,1,1
16180,810469.5,627811.565790246,0.0,0.0,1,1
16181,810469.5,627811.565790246,0.0,0.0,1,1
16182,810469.5,627811.565790246,0.0,0.0,1,1
16183,810469.5,627811.565790246,0.0,0.0,1,1
16184,810469.5,627811.565790246,0.0,0.0,1,1
16185,810469.5,627811.565790246,0.0,0.0,1,1
16186,810469.5,627811.565790246,0.0,0.0,1,1
16187,810469.5,627811.565790246,0.0,0.0,1,1
16188,810469.5,627811.565790246,0.0,0.0,1,1
16189,810469.5,627811.565790246,0.0,0.0,1,1
16190,810469.5,627811.565790246,0.0,0.0,1,1
16191,810469.5,627811.565790246,0.0,0.0,1,1
16192,810469.5,627811.565790246,0.0,0.0,1,1
16193,810469.5,627811.565790246,0.0,0.0,1,1
16194,810469.5,627811.565790246,0.0,0.0,1,1
16195,810469.5,627811.565790246,0.0,0.0,1,1
16196,810469.5,627811.565790246,0.0,0.0,1,1
16197,810469.5,627811.565790246,0.0,0.0,1,1
16198,810469.5,627811.565790246,0.0,0.0,1,1
16199,810469.5,627811.565790246,0.0,0.0,1,1
16200,810469.5,627811.565790246,0.0,0.0,1,1
16201,810469.5,627811.565790246,0.0,0.0,1,1
16202,810469.5,627811.565790246,0.0,0.0,1,1
16203,810469.5,627811.565790246,0.0,0.0,1,1
16204,810469.5,627811.565790246,0.0,0.0,1,1
16205,810469.5,627811.565790246,0.0,0.0,1,1
16206,810469.5,627811.565790246,0.0,0.0,1,1
16207,810469.5,627811.565790246,0.0,0.0,1,1
16208,810469.5,627811.565790246,0.0,0.0,1,1
16209,810469.5,627811.565790246,0.0,0.0,1,1
16210,808811.0,627811.565790246,0.0,0.0,1,1
16211,808811.0,627811.565790246,0.0,0.0,1,1
16212,808858.0,627811.565790246,0.0,0.0,1,1
16213,808858.0,627811.565790246,0.0,0.0,1,1
16214,808858.0,627811.565790246,0.0,0.0,1,1
16215,808858.0,627811.565790246,0.0,0.0,1,1
16216,808858.0,627811.565790246,0.0,0.0,1,1
16217,808858.0,627811.565790246,0.0,0.0,1,1
16218,808858.0,627811.565790246,0.0,0.0,1,1
16219,808858.0,627811.565790246,0.0,0.0,1,1
16220,808858.0,627811.565790246,0.0,0.0,1,1
16221,808858.0,627811.565790246,0.0,0.0,1,1
16222,808858.0,627811.565790246,0.0,0.0,1,1
16223,808778.0,627811.565790246,0.0,0.0,1,1
16224,808678.5,627811.565790246,0.0,0.0,1,1
16225,808678.5,627811.565790246,0.0,0.0,1,1
16226,808678.5,627811.565790246,0.0,0.0,1,1
16227,808678.5,627811.565790246,0.0,0.0,1,1
16228,808678.5,627811.565790246,0.0,0.0,1,1
16229,808678.5,627811.565790246,0.0,0.0,1,1
16230,808678.5,627811.565790246,0.0,0.0,1,1
16231,808678.5,627811.565790246,0.0,0.0,1,1
16232,808678.5,627811.565790246,0.0,0.0,1,1
16233,808678.5,627811.565790246,0.0,0.0,1,1
16234,808678.5,627811.565790246,0.0,0.0,1,1
16235,808678.5,627811.565790246,0.0,0.0,1,1
16236,808678.5,627811.565790246,0.0,0.0,1,1
16237,808678.5,627811.565790246,0.0,0.0,1,1
16238,808678.5,627811.565790246,0.0,0.0,1,1
16239,808678.5,627811.565790246,0.0,0.0,1,1
16240,808678.5,627811.565790246,0.0,0.0,1,1
16241,808678.5,627811.565790246,0.0,0.0,1,1
16242,808678.5,627811.565790246,0.0,0.0,1,1
16243,808678.5,627811.565790246,0.0,0.0,1,1
16244,808678.5,627811.565790246,0.0,0.0,1,1
16245,808678.5,627811.565790246,0.0,0.0,1,1
16246,808678.5,627811.565790246,0.0,0.0,1,1
16247,808678.5,627811.565790246,0.0,0.0,1,1
16248,808678.5,627811.565790246,0.0,0.0,1,1
16249,808678.5,627811.565790246,0.0,0.0,1,1
16250,808678.5,627811.565790246,0.0,0.0,1,1
16251,808678.5,627811.565790246,0.0,0.0,1,1
16252,808678.5,627811.565790246,0.0,0.0,1,1
16253,808678.5,627811.565790246,0.0,0.0,1,1
16254,808678.5,627811.565790246,0.0,0.0,1,1
16255,808678.5,627811.565790246,0.0,0.0,1,1
16256,808678.5,627811.565790246,0.0,0.0,1,1
16257,809012.5,627811.565790246,0.0,0.0,1,1
16258,809012.5,627811.565790246,0.0,0.0,1,1
16259,809012.5,627811.565790246,0.0,0.0,1,1
16260,809012.5,627811.565790246,0.0,0.0,1,1
16261,809012.5,627811.565790246,0.0,0.0,1,1
16262,809012.5,627811.565790246,0.0,0.0,1,1
16263,809012.5,627811.565790246,0.0,0.0,1,1
16264,809012.5,627811.565790246,0.0,0.0,1,1
16265,809012.5,627811.565790246,0.0,0.0,1,1
16266,809012.5,627811.565790246,0.0,0.0,1,1
16267,809012.5,627811.565790246,0.0,0.0,1,1
16268,809012.5,627811.565790246,0.0,0.0,1,1
16269,809012.5,627811.565790246,0.0,0.0,1,1
16270,809012.5,627811.565790246,0.0,0.0,1,1
16271,809012.5,627811.565790246,0.0,0.0,1,1
16272,809115.0,627811.565790246,0.0,0.0,1,1
16273,809115.0,627811.565790246,0.0,0.0,1,1
16274,809115.0,627811.565790246,0.0,0.0,1,1
16275,809115.0,627811.565790246,0.0,0.0,1,1
16276,809115.0,627811.565790246,0.0,0.0,1,1
16277,809115.0,627811.565790246,0.0,0.0,1,1
16278,809115.0,627811.565790246,0.0,0.0,1,1
16279,809115.0,627811.565790246,0.0,0.0,1,1
16280,809115.0,627811.565790246,0.0,0.0,1,1
16281,809115.0,627811.565790246,0.0,0.0,1,1
16282,809115.0,627811.565790246,0.0,0.0,1,1
16283,809600.5,627811.565790246,0.0,0.0,1,1
16284,809600.5,627811.565790246,0.0,0.0,1,1
16285,809600.5,627811.565790246,0.0,0.0,1,1
16286,809600.5,627811.565790246,0.0,0.0,1,1
16287,809600.5,627811.565790246,0.0,0.0,1,1
16288,809600.5,627811.565790246,0.0,0.0,1,1
16289,809600.5,627811.565790246,0.0,0.0,1,1
16290,809600.5,627811.565790246,0.0,0.0,1,1
16291,809485.0,627811.565790246,0.0,0.0,1,1
16292,809485.0,627811.565790246,0.0,0.0,1,1
16293,809485.0,627811.565790246,0.0,0.0,1,1
16294,809485.0,627811.565790246,0.0,0.0,1,1
16295,809485.0,627811.565790246,0.0,0.0,1,1
16296,809485.0,627811.565790246,0.0,0.0,1,1
16297,809485.0,627811.565790246,0.0,0.0,1,1
16298,809443.0,627811.565790246,0.0,0.0,1,1
16299,809443.0,627811.565790246,0.0,0.0,1,1
16300,809443.0,627811.565790246,0.0,0.0,1,1
16301,809443.0,627811.565790246,0.0,0.0,1,1
16302,809443.0,627811.565790246,0.0,0.0,1,1
16303,809443.0,627811.565790246,0.0,0.0,1,1
16304,809443.0,627811.565790246,0.0,0.0,1,1
16305,809443.0,627811.565790246,0.0,0.0,1,1
16306,809443.0,627811.565790246,0.0,0.0,1,1
16307,809443.0,627811.565790246,0.0,0.0,1,1
16308,809443.0,627811.565790246,0.0,0.0,1,1
16309,809443.0,627811.565790246,0.0,0.0,1,1
16310,809443.0,627811.565790246,0.0,0.0,1,1
16311,809443.0,627811.565790246,0.0,0.0,1,1
16312,809443.0,627811.565790246,0.0,0.0,1,1
16313,809365.0,627811.565790246,0.0,0.0,1,1
16314,809365.0,627811.565790246,0.0,0.0,1,1
16315,809365.0,627811.565790246,0.0,0.0,1,1
16316,809365.0,627811.565790246,0.0,0.0,1,1
16317,809365.0,627811.565790246,0.0,0.0,1,1
16318,809365.0,627811.565790246,0.0,0.0,1,1
16319,809365.0,627811.565790246,0.0,0.0,1,1
16320,809365.0,627811.565790246,0.0,0.0,1,1
16321,809365.0,627811.565790246,0.0,0.0,1,1
16322,809365.0,627811.565790246,0.0,0.0,1,1
16323,809365.0,627811.565790246,0.0,0.0,1,1
16324,809365.0,627811.565790246,0.0,0.0,1,1
16325,809365.0,627811.565790246,0.0,0.0,1,1
16326,809365.0,627811.565790246,0.0,0.0,1,1
16327,809365.0,627811.565790246,0.0,0.0,1,1
16328,809365.0,627811.565790246,0.0,0.0,1,1
16329,809365.0,627811.565790246,0.0,0.0,1,1
16330,809365.0,627811.565790246,0.0,0.0,1,1
16331,809365.0,627811.565790246,0.0,0.0,1,1
16332,809365.0,627811.565790246,0.0,0.0,1,1
16333,809365.0,627811.565790246,0.0,0.0,1,1
16334,809365.0,627811.565790246,0.0,0.0,1,1
16335,809365.0,627811.565790246,0.0,0.0,1,1
16336,809620.0,627811.565790246,0.0,0.0,1,1
16337,809620.0,627811.565790246,0.0,0.0,1,1
16338,809620.0,627811.565790246,0.0,0.0,1,1
16339,809620.0,627811.565790246,0.0,0.0,1,1
16340,809620.0,627811.565790246,0.0,0.0,1,1
16341,809620.0,627811.565790246,0.0,0.0,1,1
16342,809620.0,627811.565790246,0.0,0.0,1,1
16343,809620.0,627811.565790246,0.0,0.0,1,1
16344,809620.0,627811.565790246,0.0,0.0,1,1
16345,809620.0,627811.565790246,0.0,0.0,1,1
16346,809620.0,627811.565790246,0.0,0.0,1,1
16347,809620.0,627811.565790246,0.0,0.0,1,1
16348,809620.0,627811.565790246,0.0,0.0,1,1
16349,810226.5,627811.565790246,0.0,0.0,1,1
16350,810226.5,627811.565790246,0.0,0.0,1,1
16351,810226.5,627811.565790246,0.0,0.0,1,1
16352,810226.5,627811.565790246,0.0,0.0,1,1
16353,810226.5,627811.565790246,0.0,0.0,1,1
16354,810226.5,627811.565790246,0.0,0.0,1,1
16355,810226.5,627811.565790246,0.0,0.0,1,1
16356,810226.5,627811.565790246,0.0,0.0,1,1
16357,810226.5,627811.565790246,0.0,0.0,1,1
16358,810226.5,627811.565790246,0.0,0.0,1,1
16359,810226.5,627811.565790246,0.0,0.0,1,1
16360,810226.5,627811.565790246,0.0,0.0,1,1
16361,810226.5,627811.565790246,0.0,0.0,1,1
16362,810226.5,627811.565790246,0.0,0.0,1,1
16363,810226.5,627811.565790246,0.0,0.0,1,1
16364,810226.5,627811.565790246,0.0,0.0,1,1
16365,810226.5,627811.565790246,0.0,0.0,1,1
16366,810226.5,627811.565790246,0.0,0.0,1,1
16367,810226.5,627811.565790246,0.0,0.0,1,1
16368,810226.5,627811.565790246,0.0,0.0,1,1
16369,810226.5,627811.565790246,0.0,0.0,1,1
16370,810226.5,627811.565790246,0.0,0.0,1,1
16371,809649.0,627811.565790246,0.0,0.0,1,1
16372,809649.0,627811.565790246,0.0,0.0,1,1
16373,809649.0,627811.565790246,0.0,0.0,1,1
16374,806903.5,627811.565790246,0.0,0.0,1,1
16375,806903.5,627811.565790246,0.0,0.0,1,1
16376,806903.5,627811.565790246,0.0,0.0,1,1
16377,806903.5,627811.565790246,0.0,0.0,1,1
16378,806903.5,627811.565790246,0.0,0.0,1,1
16379,806903.5,627811.565790246,0.0,0.0,1,1
16380,806903.5,627811.565790246,0.0,0.0,1,1
16381,806903.5,627811.565790246,0.0,0.0,1,1
16382,806903.5,627811.565790246,0.0,0.0,1,1
16383,806903.5,627811.565790246,0.0,0.0,1,1
16384,806903.5,627811.565790246,0.0,0.0,1,1
16385,806903.5,627811.565790246,0.0,0.0,1,1
16386,806903.5,627811.565790246,0.0,0.0,1,1
16387,806903.5,627811.565790246,0.0,0.0,1,1
16388,806903.5,627811.565790246,0.0,0.0,1,1
16389,806903.5,627811.565790246,0.0,0.0,1,1
16390,806903.5,627811.565790246,0.0,0.0,1,1
16391,806903.5,627811.565790246,0.0,0.0,1,1
16392,806903.5,627811.565790246,0.0,0.0,1,1
16393,806903.5,627811.565790246,0.0,0.0,1,1
16394,806903.5,627811.565790246,0.0,0.0,1,1
16395,806903.5,627811.565790246,0.0,0.0,1,1
16396,807032.5,627811.565790246,0.0,0.0,1,1
16397,807032.5,627811.565790246,0.0,0.0,1,1
16398,807032.5,627811.565790246,0.0,0.0,1,1
16399,807032.5,627811.565790246,0.0,0.0,1,1
16400,807032.5,627811.565790246,0.0,0.0,1,1
16401,807032.5,627811.565790246,0.0,0.0,1,1
16402,807032.5,627811.565790246,0.0,0.0,1,1
16403,807052.5,627811.565790246,0.0,0.0,1,1
16404,807052.5,627811.565790246,0.0,0.0,1,1
16405,807052.5,627811.565790246,0.0,0.0,1,1
16406,807052.5,627811.565790246,0.0,0.0,1,1
16407,807052.5,627811.565790246,0.0,0.0,1,1
16408,807052.5,627811.565790246,0.0,0.0,1,1
16409,807052.5,627811.565790246,0.0,0.0,1,1
16410,807052.5,627811.565790246,0.0,0.0,1,1
16411,807052.5,627811.565790246,0.0,0.0,1,1
16412,807052.5,627811.565790246,0.0,0.0,1,1
16413,807052.5,627811.565790246,0.0,0.0,1,1
16414,807052.5,627811.565790246,0.0,0.0,1,1
16415,807052.5,627811.565790246,0.0,0.0,1,1
16416,807052.5,627811.565790246,0.0,0.0,1,1
16417,807052.5,627811.565790246,0.0,0.0,1,1
16418,807052.5,627811.565790246,0.0,0.0,1,1
16419,807052.5,627811.565790246,0.0,0.0,1,1
16420,807052.5,627811.565790246,0.0,0.0,1,1
16421,807052.5,627811.565790246,0.0,0.0,1,1
16422,807052.5,627811.565790246,0.0,0.0,1,1
16423,807052.5,627811.565790246,0.0,0.0,1,1
16424,807052.5,627811.565790246,0.0,0.0,1,1
16425,807052.5,627811.565790246,0.0,0.0,1,1
16426,807052.5,627811.565790246,0.0,0.0,1,1
16427,807052.5,627811.565790246,0.0,0.0,1,1
16428,807052.5,627811.565790246,0.0,0.0,1,1
16429,807052.5,627811.565790246,0.0,0.0,1,1
16430,807052.5,627811.565790246,0.0,0.0,1,1
16431,807052.5,627811.565790246,0.0,0.0,1,1
16432,807052.5,627811.565790246,0.0,0.0,1,1
16433,807052.5,627811.565790246,0.0,0.0,1,1
16434,807052.5,627811.565790246,0.0,0.0,1,1
16435,807052.5,627811.565790246,0.0,0.0,1,1
16436,807052.5,627811.565790246,0.0,0.0,1,1
16437,807052.5,627811.565790246,0.0,0.0,1,1
16438,807052.5,627811.565790246,0.0,0.0,1,1
16439,807743.0,627811.565790246,0.0,0.0,1,1
16440,807743.0,627811.565790246,0.0,0.0,1,1
16441,807743.0,627811.565790246,0.0,0.0,1,1
16442,809237.0,627811.565790246,0.0,0.0,1,1
16443,809237.0,627811.565790246,0.0,0.0,1,1
16444,809237.0,627811.565790246,0.0,0.0,1,1
16445,809237.0,627811.565790246,0.0,0.0,1,1
16446,809237.0,627811.565790246,0.0,0.0,1,1
16447,809237.0,627811.565790246,0.0,0.0,1,1
16448,809237.0,627811.565790246,0.0,0.0,1,1
16449,809237.0,627811.565790246,0.0,0.0,1,1
16450,809237.0,627811.565790246,0.0,0.0,1,1
16451,809237.0,627811.565790246,0.0,0.0,1,1
16452,809410.5,627811.565790246,0.0,0.0,1,1
16453,809410.5,627811.565790246,0.0,0.0,1,1
16454,809410.5,627811.565790246,0.0,0.0,1,1
16455,809410.5,627811.565790246,0.0,0.0,1,1
16456,809410.5,627811.565790246,0.0,0.0,1,1
16457,809410.5,627811.565790246,0.0,0.0,1,1
16458,809410.5,627811.565790246,0.0,0.0,1,1
16459,809410.5,627811.565790246,0.0,0.0,1,1
16460,809410.5,627811.565790246,0.0,0.0,1,1
16461,809410.5,627811.565790246,0.0,0.0,1,1
16462,809339.5,627811.565790246,0.0,0.0,1,1
16463,809339.5,627811.565790246,0.0,0.0,1,1
16464,809339.5,627811.565790246,0.0,0.0,1,1
16465,809339.5,627811.565790246,0.0,0.0,1,1
16466,809339.5,627811.565790246,0.0,0.0,1,1
16467,809339.5,627811.565790246,0.0,0.0,1,1
16468,809339.5,627811.565790246,0.0,0.0,1,1
16469,809339.5,627811.565790246,0.0,0.0,1,1
16470,809339.5,627811.565790246,0.0,0.0,1,1
16471,809339.5,627811.565790246,0.0,0.0,1,1
16472,809339.5,627811.565790246,0.0,0.0,1,1
16473,809339.5,627811.565790246,0.0,0.0,1,1
16474,809339.5,627811.565790246,0.0,0.0,1,1
16475,809339.5,627811.565790246,0.0,0.0,1,1
16476,809339.5,627811.565790246,0.0,0.0,1,1
16477,809339.5,627811.565790246,0.0,0.0,1,1
16478,809339.5,627811.565790246,0.0,0.0,1,1
16479,809339.5,627811.565790246,0.0,0.0,1,1
16480,809339.5,627811.565790246,0.0,0.0,1,1
16481,809339.5,627811.565790246,0.0,0.0,1,1
16482,809563.5,627811.565790246,0.0,0.0,1,1
16483,809563.5,627811.565790246,0.0,0.0,1,1
16484,809563.5,627811.565790246,0.0,0.0,1,1
16485,809563.5,627811.565790246,0.0,0.0,1,1
16486,809563.5,627811.565790246,0.0,0.0,1,1
16487,809563.5,627811.565790246,0.0,0.0,1,1
16488,809563.5,627811.565790246,0.0,0.0,1,1
16489,809563.5,627811.565790246,0.0,0.0,1,1
16490,809563.5,627811.565790246,0.0,0.0,1,1
16491,809563.5,627811.565790246,0.0,0.0,1,1
16492,808733.0,627811.565790246,0.0,0.0,1,1
16493,808733.0,627811.565790246,0.0,0.0,1,1
16494,808733.0,627811.565790246,0.0,0.0,1,1
16495,808733.0,627811.565790246,0.0,0.0,1,1
16496,808733.0,627811.565790246,0.0,0.0,1,1
16497,808804.0,627811.565790246,0.0,0.0,1,1
16498,808656.0,627811.565790246,0.0,0.0,1,1
16499,808656.0,627811.565790246,0.0,0.0,1,1
16500,808656.0,627811.565790246,0.0,0.0,1,1
16501,808656.0,627811.565790246,0.0,0.0,1,1
16502,808656.0,627811.565790246,0.0,0.0,1,1
16503,808656.0,627811.565790246,0.0,0.0,1,1
16504,808656.0,627811.565790246,0.0,0.0,1,1
16505,808656.0,627811.565790246,0.0,0.0,1,1
16506,808656.0,627811.565790246,0.0,0.0,1,1
16507,808656.0,627811.565790246,0.0,0.0,1,1
16508,808656.0,627811.565790246,0.0,0.0,1,1
16509,808656.0,627811.565790246,0.0,0.0,1,1
16510,808656.0,627811.565790246,0.0,0.0,1,1
16511,808656.0,627811.565790246,0.0,0.0,1,1
16512,808656.0,627811.565790246,0.0,0.0,1,1
16513,808656.0,627811.565790246,0.0,0.0,1,1
16514,808656.0,627811.565790246,0.0,0.0,1,1
16515,808656.0,627811.565790246,0.0,0.0,1,1
16516,808758.0,627811.565790246,0.0,0.0,1,1
16517,808758.0,627811.565790246,0.0,0.0,1,1
16518,808758.0,627811.565790246,0.0,0.0,1,1
16519,808758.0,627811.565790246,0.0,0.0,1,1
16520,808758.0,627811.565790246,0.0,0.0,1,1
16521,808758.0,627811.565790246,0.0,0.0,1,1
16522,808758.0,627811.565790246,0.0,0.0,1,1
16523,808758.0,627811.565790246,0.0,0.0,1,1
16524,808758.0,627811.565790246,0.0,0.0,1,1
16525,808758.0,627811.565790246,0.0,0.0,1,1
16526,808758.0,627811.565790246,0.0,0.0,1,1
16527,808758.0,627811.565790246,0.0,0.0,1,1
16528,808758.0,627811.565790246,0.0,0.0,1,1
16529,808758.0,627811.565790246,0.0,0.0,1,1
16530,808732.5,627811.565790246,0.0,0.0,1,1
16531,808732.5,627811.565790246,0.0,0.0,1,1
16532,808732.5,627811.565790246,0.0,0.0,1,1
16533,808732.5,627811.565790246,0.0,0.0,1,1
16534,808732.5,627811.565790246,0.0,0.0,1,1
16535,808732.5,627811.565790246,0.0,0.0,1,1
16536,808502.5,627811.565790246,0.0,0.0,1,1
16537,808502.5,627811.565790246,0.0,0.0,1,1
16538,808502.5,627811.565790246,0.0,0.0,1,1
16539,808502.5,627811.565790246,0.0,0.0,1,1
16540,808502.5,627811.565790246,0.0,0.0,1,1
16541,808502.5,627811.565790246,0.0,0.0,1,1
16542,808502.5,627811.565790246,0.0,0.0,1,1
16543,808502.5,627811.565790246,0.0,0.0,1,1
16544,808502.5,627811.565790246,0.0,0.0,1,1
16545,808502.5,627811.565790246,0.0,0.0,1,1
16546,808502.5,627811.565790246,0.0,0.0,1,1
16547,811153.0,627811.565790246,0.0,0.0,1,1
16548,811153.0,627811.565790246,0.0,0.0,1,1
16549,811153.0,627811.565790246,0.0,0.0,1,1
16550,811153.0,627811.565790246,0.0,0.0,1,1
16551,811153.0,627811.565790246,0.0,0.0,1,1
16552,811153.0,627811.565790246,0.0,0.0,1,1
16553,811153.0,627811.565790246,0.0,0.0,1,1
16554,811153.0,627811.565790246,0.0,0.0,1,1
16555,811153.0,627811.565790246,0.0,0.0,1,1
16556,811153.0,627811.565790246,0.0,0.0,1,1
16557,811153.0,627811.565790246,0.0,0.0,1,1
16558,811153.0,627811.565790246,0.0,0.0,1,1
16559,811153.0,627811.565790246,0.0,0.0,1,1
16560,811153.0,627811.565790246,0.0,0.0,1,1
16561,811153.0,627811.565790246,0.0,0.0,1,1
16562,811153.0,627811.565790246,0.0,0.0,1,1
16563,811153.0,627811.565790246,0.0,0.0,1,1
16564,811153.0,627811.565790246,0.0,0.0,1,1
16565,811153.0,627811.565790246,0.0,0.0,1,1
16566,811153.0,627811.565790246,0.0,0.0,1,1
16567,811153.0,627811.565790246,0.0,0.0,1,1
16568,811153.0,627811.565790246,0.0,0.0,1,1
16569,811153.0,627811.565790246,0.0,0.0,1,1
16570,811153.0,627811.565790246,0.0,0.0,1,1
16571,811153.0,627811.565790246,0.0,0.0,1,1
16572,811153.0,627811.565790246,0.0,0.0,1,1
16573,811153.0,627811.565790246,0.0,0.0,1,1
16574,811153.0,627811.565790246,0.0,0.0,1,1
16575,811153.0,627811.565790246,0.0,0.0,1,1
16576,811153.0,627811.565790246,0.0,0.0,1,1
16577,811153.0,627811.565790246,0.0,0.0,1,1
16578,811153.0,627811.565790246,0.0,0.0,1,1
16579,811153.0,627811.565790246,0.0,0.0,1,1
16580,811153.0,627811.565790246,0.0,0.0,1,1
16581,811153.0,627811.565790246,0.0,0.0,1,1
16582,811153.0,627811.565790246,0.0,0.0,1,1
16583,811153.0,627811.565790246,0.0,0.0,1,1
16584,811153.0,627811.565790246,0.0,0.0,1,1
16585,811153.0,627811.565790246,0.0,0.0,1,1
16586,811153.0,627811.565790246,0.0,0.0,1,1
16587,811153.0,627811.565790246,0.0,0.0,1,1
16588,811153.0,627811.565790246,0.0,0.0,1,1
16589,811153.0,627811.565790246,0.0,0.0,1,1
16590,809091.0,627811.565790246,0.0,0.0,1,1
16591,809091.0,627811.565790246,0.0,0.0,1,1
16592,809091.0,627811.565790246,0.0,0.0,1,1
16593,809091.0,627811.565790246,0.0,0.0,1,1
16594,809091.0,627811.565790246,0.0,0.0,1,1
16595,809091.0,627811.565790246,0.0,0.0,1,1
16596,809091.0,627811.565790246,0.0,0.0,1,1
16597,808985.5,627811.565790246,0.0,0.0,1,1
16598,808985.5,627811.565790246,0.0,0.0,1,1
16599,808985.5,627811.565790246,0.0,0.0,1,1
16600,808985.5,627811.565790246,0.0,0.0,1,1
16601,808985.5,627811.565790246,0.0,0.0,1,1
16602,808985.5,627811.565790246,0.0,0.0,1,1
16603,808985.5,627811.565790246,0.0,0.0,1,1
16604,808985.5,627811.565790246,0.0,0.0,1,1
16605,808985.5,627811.565790246,0.0,0.0,1,1
16606,808985.5,627811.565790246,0.0,0.0,1,1
16607,808985.5,627811.565790246,0.0,0.0,1,1
16608,808985.5,627811.565790246,0.0,0.0,1,1
16609,808985.5,627811.565790246,0.0,0.0,1,1
16610,809558.0,627811.565790246,0.0,0.0,1,1
16611,809558.0,627811.565790246,0.0,0.0,1,1
16612,809558.0,627811.565790246,0.0,0.0,1,1
16613,809558.0,627811.565790246,0.0,0.0,1,1
16614,809558.0,627811.565790246,0.0,0.0,1,1
16615,809558.0,627811.565790246,0.0,0.0,1,1
16616,809608.0,627811.565790246,0.0,0.0,1,1
16617,809608.0,627811.565790246,0.0,0.0,1,1
16618,809608.0,627811.565790246,0.0,0.0,1,1
16619,808797.0,627811.565790246,0.0,0.0,1,1
16620,808797.0,627811.565790246,0.0,0.0,1,1
16621,808797.0,627811.565790246,0.0,0.0,1,1
16622,808797.0,627811.565790246,0.0,0.0,1,1
16623,810471.5,627811.565790246,0.0,0.0,1,1
16624,810471.5,627811.565790246,0.0,0.0,1,1
16625,810471.5,627811.565790246,0.0,0.0,1,1
16626,810471.5,627811.565790246,0.0,0.0,1,1
16627,810463.5,627811.565790246,0.0,0.0,1,1
16628,809906.0,627811.565790246,0.0,0.0,1,1
16629,809906.0,627811.565790246,0.0,0.0,1,1
16630,809906.0,627811.565790246,0.0,0.0,1,1
16631,809906.0,627811.565790246,0.0,0.0,1,1
16632,809906.0,627811.565790246,0.0,0.0,1,1
16633,809906.0,627811.565790246,0.0,0.0,1,1
16634,809906.0,627811.565790246,0.0,0.0,1,1
16635,809906.0,627811.565790246,0.0,0.0,1,1
16636,810463.5,627811.565790246,0.0,0.0,1,1
16637,810463.5,627811.565790246,0.0,0.0,1,1
16638,810463.5,627811.565790246,0.0,0.0,1,1
16639,810463.5,627811.565790246,0.0,0.0,1,1
16640,810463.5,627811.565790246,0.0,0.0,1,1
16641,810463.5,627811.565790246,0.0,0.0,1,1
16642,810463.5,627811.565790246,0.0,0.0,1,1
16643,810463.5,627811.565790246,0.0,0.0,1,1
16644,810463.5,627811.565790246,0.0,0.0,1,1
16645,810463.5,627811.565790246,0.0,0.0,1,1
16646,810463.5,627811.565790246,0.0,0.0,1,1
16647,810463.5,627811.565790246,0.0,0.0,1,1
16648,810463.5,627811.565790246,0.0,0.0,1,1
16649,810463.5,627811.565790246,0.0,0.0,1,1
16650,810463.5,627811.565790246,0.0,0.0,1,1
16651,810463.5,627811.565790246,0.0,0.0,1,1
16652,810463.5,627811.565790246,0.0,0.0,1,1
16653,810463.5,627811.565790246,0.0,0.0,1,1
16654,810463.5,627811.565790246,0.0,0.0,1,1
16655,810463.5,627811.565790246,0.0,0.0,1,1
16656,809457.5,627811.565790246,0.0,0.0,1,1
16657,809457.5,627811.565790246,0.0,0.0,1,1
16658,809457.5,627811.565790246,0.0,0.0,1,1
16659,809457.5,627811.565790246,0.0,0.0,1,1
16660,809457.5,627811.565790246,0.0,0.0,1,1
16661,809457.5,627811.565790246,0.0,0.0,1,1
16662,809457.5,627811.565790246,0.0,0.0,1,1
16663,809457.5,627811.565790246,0.0,0.0,1,1
16664,809457.5,627811.565790246,0.0,0.0,1,1
16665,809457.5,627811.565790246,0.0,0.0,1,1
16666,809457.5,627811.565790246,0.0,0.0,1,1
16667,809457.5,627811.565790246,0.0,0.0,1,1
16668,809457.5,627811.565790246,0.0,0.0,1,1
16669,809457.5,627811.565790246,0.0,0.0,1,1
16670,809352.0,627811.565790246,0.0,0.0,1,1
16671,809352.0,627811.565790246,0.0,0.0,1,1
16672,809352.0,627811.565790246,0.0,0.0,1,1
16673,809352.0,627811.565790246,0.0,0.0,1,1
16674,809352.0,627811.565790246,0.0,0.0,1,1
16675,809352.0,627811.565790246,0.0,0.0,1,1
16676,809352.0,627811.565790246,0.0,0.0,1,1
16677,809352.0,627811.565790246,0.0,0.0,1,1
16678,809352.0,627811.565790246,0.0,0.0,1,1
16679,809352.0,627811.565790246,0.0,0.0,1,1
16680,809352.0,627811.565790246,0.0,0.0,1,1
16681,809352.0,627811.565790246,0.0,0.0,1,1
16682,809352.0,627811.565790246,0.0,0.0,1,1
16683,809352.0,627811.565790246,0.0,0.0,1,1
16684,809352.0,627811.565790246,0.0,0.0,1,1
16685,809352.0,627811.565790246,0.0,0.0,1,1
16686,809362.0,627811.565790246,0.0,0.0,1,1
16687,809362.0,627811.565790246,0.0,0.0,1,1
16688,809362.0,627811.565790246,0.0,0.0,1,1
16689,809362.0,627811.565790246,0.0,0.0,1,1
16690,809362.0,627811.565790246,0.0,0.0,1,1
16691,809362.0,627811.565790246,0.0,0.0,1,1
16692,809362.0,627811.565790246,0.0,0.0,1,1
16693,809362.0,627811.565790246,0.0,0.0,1,1
16694,809362.0,627811.565790246,0.0,0.0,1,1
16695,809362.0,627811.565790246,0.0,0.0,1,1
16696,809362.0,627811.565790246,0.0,0.0,1,1
16697,809362.0,627811.565790246,0.0,0.0,1,1
16698,809362.0,627811.565790246,0.0,0.0,1,1
16699,814621.5,627811.565790246,0.0,0.0,1,1
16700,814621.5,627811.565790246,0.0,0.0,1,1
16701,814621.5,627811.565790246,0.0,0.0,1,1
16702,814621.5,627811.565790246,0.0,0.0,1,1
16703,814601.5,627811.565790246,0.0,0.0,1,1
16704,814601.5,627811.565790246,0.0,0.0,1,1
16705,814601.5,627811.565790246,0.0,0.0,1,1
16706,814601.5,627811.565790246,0.0,0.0,1,1
16707,814601.5,627811.565790246,0.0,0.0,1,1
16708,814601.5,627811.565790246,0.0,0.0,1,1
16709,814601.5,627811.565790246,0.0,0.0,1,1
16710,814601.5,627811.565790246,0.0,0.0,1,1
16711,814601.5,627811.565790246,0.0,0.0,1,1
16712,814601.5,627811.565790246,0.0,0.0,1,1
16713,814601.5,627811.565790246,0.0,0.0,1,1
16714,814601.5,627811.565790246,0.0,0.0,1,1
16715,814590.5,627811.565790246,0.0,0.0,1,1
16716,814590.5,627811.565790246,0.0,0.0,1,1
16717,814590.5,627811.565790246,0.0,0.0,1,1
16718,814590.5,627811.565790246,0.0,0.0,1,1
16719,814590.5,627811.565790246,0.0,0.0,1,1
16720,814590.5,627811.565790246,0.0,0.0,1,1
16721,814590.5,627811.565790246,0.0,0.0,1,1
16722,814590.5,627811.565790246,0.0,0.0,1,1
16723,814590.5,627811.565790246,0.0,0.0,1,1
16724,814590.5,627811.565790246,0.0,0.0,1,1
16725,814549.0,627811.565790246,0.0,0.0,1,1
16726,814549.0,627811.565790246,0.0,0.0,1,1
16727,814549.0,627811.565790246,0.0,0.0,1,1
16728,814690.0,627811.565790246,0.0,0.0,1,1
16729,814690.0,627811.565790246,0.0,0.0,1,1
16730,814690.0,627811.565790246,0.0,0.0,1,1
16731,814690.0,627811.565790246,0.0,0.0,1,1
16732,814690.0,627811.565790246,0.0,0.0,1,1
16733,814690.0,627811.565790246,0.0,0.0,1,1
16734,814690.0,627811.565790246,0.0,0.0,1,1
16735,814690.0,627811.565790246,0.0,0.0,1,1
16736,814690.0,627811.565790246,0.0,0.0,1,1
16737,814690.0,627811.565790246,0.0,0.0,1,1
16738,814690.0,627811.565790246,0.0,0.0,1,1
16739,814690.0,627811.565790246,0.0,0.0,1,1
16740,814690.0,627811.565790246,0.0,0.0,1,1
16741,814690.0,627811.565790246,0.0,0.0,1,1
16742,814690.0,627811.565790246,0.0,0.0,1,1
16743,814690.0,627811.565790246,0.0,0.0,1,1
16744,814680.0,627811.565790246,0.0,0.0,1,1
16745,814680.0,627811.565790246,0.0,0.0,1,1
16746,814680.0,627811.565790246,0.0,0.0,1,1
16747,814680.0,627811.565790246,0.0,0.0,1,1
16748,814680.0,627811.565790246,0.0,0.0,1,1
16749,814680.0,627811.565790246,0.0,0.0,1,1
16750,814680.0,627811.565790246,0.0,0.0,1,1
16751,814680.0,627811.565790246,0.0,0.0,1,1
16752,814680.0,627811.565790246,0.0,0.0,1,1
16753,814680.0,627811.565790246,0.0,0.0,1,1
16754,814680.0,627811.565790246,0.0,0.0,1,1
16755,814680.0,627811.565790246,0.0,0.0,1,1
16756,814680.0,627811.565790246,0.0,0.0,1,1
16757,814680.0,627811.565790246,0.0,0.0,1,1
16758,814680.0,627811.565790246,0.0,0.0,1,1
16759,814680.0,627811.565790246,0.0,0.0,1,1
16760,814680.0,627811.565790246,0.0,0.0,1,1
16761,814680.0,627811.565790246,0.0,0.0,1,1
16762,814680.0,627811.565790246,0.0,0.0,1,1
16763,814680.0,627811.565790246,0.0,0.0,1,1
16764,814680.0,627811.565790246,0.0,0.0,1,1
16765,814680.0,627811.565790246,0.0,0.0,1,1
16766,814680.0,627811.565790246,0.0,0.0,1,1
16767,814680.0,627811.565790246,0.0,0.0,1,1
16768,814680.0,627811.565790246,0.0,0.0,1,1
16769,814680.0,627811.565790246,0.0,0.0,1,1
16770,814680.0,627811.565790246,0.0,0.0,1,1
16771,814680.0,627811.565790246,0.0,0.0,1,1
16772,814680.0,627811.565790246,0.0,0.0,1,1
16773,814680.0,627811.565790246,0.0,0.0,1,1
16774,814680.0,627811.565790246,0.0,0.0,1,1
16775,814680.0,627811.565790246,0.0,0.0,1,1
16776,814680.0,627811.565790246,0.0,0.0,1,1
16777,814680.0,627811.565790246,0.0,0.0,1,1
16778,815153.0,627811.565790246,0.0,0.0,1,1
16779,815153.0,627811.565790246,0.0,0.0,1,1
16780,815153.0,627811.565790246,0.0,0.0,1,1
16781,815153.0,627811.565790246,0.0,0.0,1,1
16782,815153.0,627811.565790246,0.0,0.0,1,1
16783,815153.0,627811.565790246,0.0,0.0,1,1
16784,815153.0,627811.565790246,0.0,0.0,1,1
16785,815153.0,627811.565790246,0.0,0.0,1,1
16786,815153.0,627811.565790246,0.0,0.0,1,1
16787,815153.0,627811.565790246,0.0,0.0,1,1
16788,815855.0,627811.565790246,0.0,0.0,1,1
16789,815855.0,627811.565790246,0.0,0.0,1,1
16790,815855.0,627811.565790246,0.0,0.0,1,1
16791,815855.0,627811.565790246,0.0,0.0,1,1
16792,815855.0,627811.565790246,0.0,0.0,1,1
16793,815855.0,627811.565790246,0.0,0.0,1,1
16794,815855.0,627811.565790246,0.0,0.0,1,1
16795,815855.0,627811.565790246,0.0,0.0,1,1
16796,815855.0,627811.565790246,0.0,0.0,1,1
16797,815855.0,627811.565790246,0.0,0.0,1,1
16798,815855.0,627811.565790246,0.0,0.0,1,1
16799,815855.0,627811.565790246,0.0,0.0,1,1
16800,815855.0,627811.565790246,0.0,0.0,1,1
16801,815855.0,627811.565790246,0.0,0.0,1,1
16802,815855.0,627811.565790246,0.0,0.0,1,1
16803,815855.0,627811.565790246,0.0,0.0,1,1
16804,815855.0,627811.565790246,0.0,0.0,1,1
16805,815855.0,627811.565790246,0.0,0.0,1,1
16806,815855.0,627811.565790246,0.0,0.0,1,1
16807,815855.0,627811.565790246,0.0,0.0,1,1
16808,815855.0,627811.565790246,0.0,0.0,1,1
16809,815855.0,627811.565790246,0.0,0.0,1,1
16810,815855.0,627811.565790246,0.0,0.0,1,1
16811,815855.0,627811.565790246,0.0,0.0,1,1
16812,815855.0,627811.565790246,0.0,0.0,1,1
16813,815855.0,627811.565790246,0.0,0.0,1,1
16814,815855.0,627811.565790246,0.0,0.0,1,1
16815,815855.0,627811.565790246,0.0,0.0,1,1
16816,815855.0,627811.565790246,0.0,0.0,1,1
16817,815855.0,627811.565790246,0.0,0.0,1,1
16818,815755.5,627811.565790246,0.0,0.0,1,1
16819,815755.5,627811.565790246,0.0,0.0,1,1
16820,815755.5,627811.565790246,0.0,0.0,1,1
16821,815755.5,627811.565790246,0.0,0.0,1,1
16822,815755.5,627811.565790246,0.0,0.0,1,1
16823,815755.5,627811.565790246,0.0,0.0,1,1
16824,815755.5,627811.565790246,0.0,0.0,1,1
16825,815755.5,627811.565790246,0.0,0.0,1,1
16826,816115.0,627811.565790246,0.0,0.0,1,1
16827,816115.0,627811.565790246,0.0,0.0,1,1
16828,816115.0,627811.565790246,0.0,0.0,1,1
16829,816115.0,627811.565790246,0.0,0.0,1,1
16830,816115.0,627811.565790246,0.0,0.0,1,1
16831,816115.0,627811.565790246,0.0,0.0,1,1
16832,816115.0,627811.565790246,0.0,0.0,1,1
16833,816115.0,627811.565790246,0.0,0.0,1,1
16834,816115.0,627811.565790246,0.0,0.0,1,1
16835,816115.0,627811.565790246,0.0,0.0,1,1
16836,816115.0,627811.565790246,0.0,0.0,1,1
16837,816115.0,627811.565790246,0.0,0.0,1,1
16838,816115.0,627811.565790246,0.0,0.0,1,1
16839,816115.0,627811.565790246,0.0,0.0,1,1
16840,816115.0,627811.565790246,0.0,0.0,1,1
16841,816115.0,627811.565790246,0.0,0.0,1,1
16842,816115.0,627811.565790246,0.0,0.0,1,1
16843,816115.0,627811.565790246,0.0,0.0,1,1
16844,816115.0,627811.565790246,0.0,0.0,1,1
16845,816115.0,627811.565790246,0.0,0.0,1,1
16846,816115.0,627811.565790246,0.0,0.0,1,1
16847,816115.0,627811.565790246,0.0,0.0,1,1
16848,816115.0,627811.565790246,0.0,0.0,1,1
16849,816115.0,627811.565790246,0.0,0.0,1,1
16850,816115.0,627811.565790246,0.0,0.0,1,1
16851,816115.0,627811.565790246,0.0,0.0,1,1
16852,816115.0,627811.565790246,0.0,0.0,1,1
16853,816115.0,627811.565790246,0.0,0.0,1,1
16854,816115.0,627811.565790246,0.0,0.0,1,1
16855,816115.0,627811.565790246,0.0,0.0,1,1
16856,816115.0,627811.565790246,0.0,0.0,1,1
16857,816115.0,627811.565790246,0.0,0.0,1,1
16858,816115.0,627811.565790246,0.0,0.0,1,1
16859,816115.0,627811.565790246,0.0,0.0,1,1
16860,816115.0,627811.565790246,0.0,0.0,1,1
16861,816115.0,627811.565790246,0.0,0.0,1,1
16862,816115.0,627811.565790246,0.0,0.0,1,1
16863,816115.0,627811.565790246,0.0,0.0,1,1
16864,816115.0,627811.565790246,0.0,0.0,1,1
16865,816115.0,627811.565790246,0.0,0.0,1,1
16866,816115.0,627811.565790246,0.0,0.0,1,1
16867,816115.0,627811.565790246,0.0,0.0,1,1
16868,816115.0,627811.565790246,0.0,0.0,1,1
16869,816115.0,627811.565790246,0.0,0.0,1,1
16870,816115.0,627811.565790246,0.0,0.0,1,1
16871,816115.0,627811.565790246,0.0,0.0,1,1
16872,816115.0,627811.565790246,0.0,0.0,1,1
16873,816115.0,627811.565790246,0.0,0.0,1,1
16874,816115.0,627811.565790246,0.0,0.0,1,1
16875,816115.0,627811.565790246,0.0,0.0,1,1
16876,816115.0,627811.565790246,0.0,0.0,1,1
16877,816115.0,627811.565790246,0.0,0.0,1,1
16878,816115.0,627811.565790246,0.0,0.0,1,1
16879,816115.0,627811.565790246,0.0,0.0,1,1
16880,816115.0,627811.565790246,0.0,0.0,1,1
16881,816115.0,627811.565790246,0.0,0.0,1,1
16882,816115.0,627811.565790246,0.0,0.0,1,1
16883,816115.0,627811.565790246,0.0,0.0,1,1
16884,816115.0,627811.565790246,0.0,0.0,1,1
16885,816115.0,627811.565790246,0.0,0.0,1,1
16886,816115.0,627811.565790246,0.0,0.0,1,1
16887,816115.0,627811.565790246,0.0,0.0,1,1
16888,816115.0,627811.565790246,0.0,0.0,1,1
16889,816115.0,627811.565790246,0.0,0.0,1,1
16890,816115.0,627811.565790246,0.0,0.0,1,1
16891,816115.0,627811.565790246,0.0,0.0,1,1
16892,816115.0,627811.565790246,0.0,0.0,1,1
16893,816115.0,627811.565790246,0.0,0.0,1,1
16894,816115.0,627811.565790246,0.0,0.0,1,1
16895,816115.0,627811.565790246,0.0,0.0,1,1
16896,816115.0,627811.565790246,0.0,0.0,1,1
16897,816115.0,627811.565790246,0.0,0.0,1,1
16898,816115.0,627811.565790246,0.0,0.0,1,1
16899,816115.0,627811.565790246,0.0,0.0,1,1
16900,816115.0,627811.565790246,0.0,0.0,1,1
16901,816115.0,627811.565790246,0.0,0.0,1,1
16902,816115.0,627811.565790246,0.0,0.0,1,1
16903,816115.0,627811.565790246,0.0,0.0,1,1
16904,816115.0,627811.565790246,0.0,0.0,1,1
16905,816115.0,627811.565790246,0.0,0.0,1,1
16906,816115.0,627811.565790246,0.0,0.0,1,1
16907,816115.0,627811.565790246,0.0,0.0,1,1
16908,816115.0,627811.565790246,0.0,0.0,1,1
16909,816161.5,627811.565790246,0.0,0.0,1,1
16910,816161.5,627811.565790246,0.0,0.0,1,1
16911,816107.5,627811.565790246,0.0,0.0,1,1
16912,816107.5,627811.565790246,0.0,0.0,1,1
16913,816107.5,627811.565790246,0.0,0.0,1,1
16914,816107.5,627811.565790246,0.0,0.0,1,1
16915,816056.5,627811.565790246,0.0,0.0,1,1
16916,816056.5,627811.565790246,0.0,0.0,1,1
16917,816056.5,627811.565790246,0.0,0.0,1,1
16918,816056.5,627811.565790246,0.0,0.0,1,1
16919,816056.5,627811.565790246,0.0,0.0,1,1
16920,816056.5,627811.565790246,0.0,0.0,1,1
16921,816056.5,627811.565790246,0.0,0.0,1,1
16922,816056.5,627811.565790246,0.0,0.0,1,1
16923,816056.5,627811.565790246,0.0,0.0,1,1
16924,816056.5,627811.565790246,0.0,0.0,1,1
16925,816056.5,627811.565790246,0.0,0.0,1,1
16926,816056.5,627811.565790246,0.0,0.0,1,1
16927,816056.5,627811.565790246,0.0,0.0,1,1
16928,816056.5,627811.565790246,0.0,0.0,1,1
16929,816056.5,627811.565790246,0.0,0.0,1,1
16930,816056.5,627811.565790246,0.0,0.0,1,1
16931,816056.5,627811.565790246,0.0,0.0,1,1
16932,816056.5,627811.565790246,0.0,0.0,1,1
16933,816056.5,627811.565790246,0.0,0.0,1,1
16934,816056.5,627811.565790246,0.0,0.0,1,1
16935,816056.5,627811.565790246,0.0,0.0,1,1
16936,816056.5,627811.565790246,0.0,0.0,1,1
16937,816056.5,627811.565790246,0.0,0.0,1,1
16938,816056.5,627811.565790246,0.0,0.0,1,1
16939,816056.5,627811.565790246,0.0,0.0,1,1
16940,816056.5,627811.565790246,0.0,0.0,1,1
16941,816056.5,627811.565790246,0.0,0.0,1,1
16942,816056.5,627811.565790246,0.0,0.0,1,1
16943,816056.5,627811.565790246,0.0,0.0,1,1
16944,816056.5,627811.565790246,0.0,0.0,1,1
16945,816056.5,627811.565790246,0.0,0.0,1,1
16946,816056.5,627811.565790246,0.0,0.0,1,1
16947,816020.5,627811.565790246,0.0,0.0,1,1
16948,816020.5,627811.565790246,0.0,0.0,1,1
16949,816020.5,627811.565790246,0.0,0.0,1,1
16950,816020.5,627811.565790246,0.0,0.0,1,1
16951,816020.5,627811.565790246,0.0,0.0,1,1
16952,816020.5,627811.565790246,0.0,0.0,1,1
16953,816020.5,627811.565790246,0.0,0.0,1,1
16954,816020.5,627811.565790246,0.0,0.0,1,1
16955,816020.5,627811.565790246,0.0,0.0,1,1
16956,816020.5,627811.565790246,0.0,0.0,1,1
16957,816313.5,627811.565790246,0.0,0.0,1,1
16958,816313.5,627811.565790246,0.0,0.0,1,1
16959,816313.5,627811.565790246,0.0,0.0,1,1
16960,816313.5,627811.565790246,0.0,0.0,1,1
16961,816313.5,627811.565790246,0.0,0.0,1,1
16962,816313.5,627811.565790246,0.0,0.0,1,1
16963,816313.5,627811.565790246,0.0,0.0,1,1
16964,816313.5,627811.565790246,0.0,0.0,1,1
16965,816313.5,627811.565790246,0.0,0.0,1,1
16966,816313.5,627811.565790246,0.0,0.0,1,1
16967,816313.5,627811.565790246,0.0,0.0,1,1
16968,816313.5,627811.565790246,0.0,0.0,1,1
16969,816313.5,627811.565790246,0.0,0.0,1,1
16970,816313.5,627811.565790246,0.0,0.0,1,1
16971,816692.0,627811.565790246,0.0,0.0,1,1
16972,816692.0,627811.565790246,0.0,0.0,1,1
16973,816692.0,627811.565790246,0.0,0.0,1,1
16974,816692.0,627811.565790246,0.0,0.0,1,1
16975,816692.0,627811.565790246,0.0,0.0,1,1
16976,816692.0,627811.565790246,0.0,0.0,1,1
16977,816692.0,627811.565790246,0.0,0.0,1,1
16978,816692.0,627811.565790246,0.0,0.0,1,1
16979,816692.0,627811.565790246,0.0,0.0,1,1
16980,816692.0,627811.565790246,0.0,0.0,1,1
16981,816692.0,627811.565790246,0.0,0.0,1,1
16982,816692.0,627811.565790246,0.0,0.0,1,1
16983,816692.0,627811.565790246,0.0,0.0,1,1
16984,816692.0,627811.565790246,0.0,0.0,1,1
16985,816071.0,627811.565790246,0.0,0.0,1,1
16986,816071.0,627811.565790246,0.0,0.0,1,1
16987,816071.0,627811.565790246,0.0,0.0,1,1
16988,816071.0,627811.565790246,0.0,0.0,1,1
16989,816071.0,627811.565790246,0.0,0.0,1,1
16990,816071.0,627811.565790246,0.0,0.0,1,1
16991,816071.0,627811.565790246,0.0,0.0,1,1
16992,816071.0,627811.565790246,0.0,0.0,1,1
16993,816071.0,627811.565790246,0.0,0.0,1,1
16994,816071.0,627811.565790246,0.0,0.0,1,1
16995,815805.5,627811.565790246,0.0,0.0,1,1
16996,815805.5,627811.565790246,0.0,0.0,1,1
16997,815805.5,627811.565790246,0.0,0.0,1,1
16998,815805.5,627811.565790246,0.0,0.0,1,1
16999,815805.5,627811.565790246,0.0,0.0,1,1
17000,815805.5,627811.565790246,0.0,0.0,1,1
17001,815805.5,627811.565790246,0.0,0.0,1,1
17002,814426.0,627811.565790246,0.0,0.0,1,1
17003,814426.0,627811.565790246,0.0,0.0,1,1
17004,814114.0,627811.565790246,0.0,0.0,1,1
17005,814114.0,627811.565790246,0.0,0.0,1,1
17006,814114.0,627811.565790246,0.0,0.0,1,1
17007,814114.0,627811.565790246,0.0,0.0,1,1
17008,814114.0,627811.565790246,0.0,0.0,1,1
17009,814114.0,627811.565790246,0.0,0.0,1,1
17010,814114.0,627811.565790246,0.0,0.0,1,1
17011,814114.0,627811.565790246,0.0,0.0,1,1
17012,814114.0,627811.565790246,0.0,0.0,1,1
17013,814114.0,627811.565790246,0.0,0.0,1,1
17014,814114.0,627811.565790246,0.0,0.0,1,1
17015,814114.0,627811.565790246,0.0,0.0,1,1
17016,814824.0,627811.565790246,0.0,0.0,1,1
17017,814824.0,627811.565790246,0.0,0.0,1,1
17018,814824.0,627811.565790246,0.0,0.0,1,1
17019,814824.0,627811.565790246,0.0,0.0,1,1
17020,814824.0,627811.565790246,0.0,0.0,1,1
17021,814824.0,627811.565790246,0.0,0.0,1,1
17022,814824.0,627811.565790246,0.0,0.0,1,1
17023,814824.0,627811.565790246,0.0,0.0,1,1
17024,814824.0,627811.565790246,0.0,0.0,1,1
17025,814824.0,627811.565790246,0.0,0.0,1,1
17026,814824.0,627811.565790246,0.0,0.0,1,1
17027,814824.0,627811.565790246,0.0,0.0,1,1
17028,814908.0,627811.565790246,0.0,0.0,1,1
17029,814908.0,627811.565790246,0.0,0.0,1,1
17030,814908.0,627811.565790246,0.0,0.0,1,1
17031,814908.0,627811.565790246,0.0,0.0,1,1
17032,814908.0,627811.565790246,0.0,0.0,1,1
17033,814908.0,627811.565790246,0.0,0.0,1,1
17034,814908.0,627811.565790246,0.0,0.0,1,1
17035,814908.0,627811.565790246,0.0,0.0,1,1
17036,815622.0,627811.565790246,0.0,0.0,1,1
17037,815622.0,627811.565790246,0.0,0.0,1,1
17038,815622.0,627811.565790246,0.0,0.0,1,1
17039,815622.0,627811.565790246,0.0,0.0,1,1
17040,815622.0,627811.565790246,0.0,0.0,1,1
17041,815622.0,627811.565790246,0.0,0.0,1,1
17042,815622.0,627811.565790246,0.0,0.0,1,1
17043,815622.0,627811.565790246,0.0,0.0,1,1
17044,815622.0,627811.565790246,0.0,0.0,1,1
17045,815622.0,627811.565790246,0.0,0.0,1,1
17046,815622.0,627811.565790246,0.0,0.0,1,1
17047,815622.0,627811.565790246,0.0,0.0,1,1
17048,815622.0,627811.565790246,0.0,0.0,1,1
17049,816745.5,627811.565790246,0.0,0.0,1,1
17050,816745.5,627811.565790246,0.0,0.0,1,1
17051,816745.5,627811.565790246,0.0,0.0,1,1
17052,816745.5,627811.565790246,0.0,0.0,1,1
17053,816745.5,627811.565790246,0.0,0.0,1,1
17054,816745.5,627811.565790246,0.0,0.0,1,1
17055,816745.5,627811.565790246,0.0,0.0,1,1
17056,816745.5,627811.565790246,0.0,0.0,1,1
17057,816745.5,627811.565790246,0.0,0.0,1,1
17058,816745.5,627811.565790246,0.0,0.0,1,1
17059,816745.5,627811.565790246,0.0,0.0,1,1
17060,816745.5,627811.565790246,0.0,0.0,1,1
17061,816745.5,627811.565790246,0.0,0.0,1,1
17062,816745.5,627811.565790246,0.0,0.0,1,1
17063,816745.5,627811.565790246,0.0,0.0,1,1
17064,816745.5,627811.565790246,0.0,0.0,1,1
17065,818828.5,627811.565790246,0.0,0.0,1,1
17066,818828.5,627811.565790246,0.0,0.0,1,1
17067,818828.5,627811.565790246,0.0,0.0,1,1
17068,818828.5,627811.565790246,0.0,0.0,1,1
17069,818828.5,627811.565790246,0.0,0.0,1,1
17070,818828.5,627811.565790246,0.0,0.0,1,1
17071,818828.5,627811.565790246,0.0,0.0,1,1
17072,818828.5,627811.565790246,0.0,0.0,1,1
17073,818828.5,627811.565790246,0.0,0.0,1,1
17074,818828.5,627811.565790246,0.0,0.0,1,1
17075,818828.5,627811.565790246,0.0,0.0,1,1
17076,818828.5,627811.565790246,0.0,0.0,1,1
17077,818828.5,627811.565790246,0.0,0.0,1,1
17078,818828.5,627811.565790246,0.0,0.0,1,1
17079,818828.5,627811.565790246,0.0,0.0,1,1
17080,818828.5,627811.565790246,0.0,0.0,1,1
17081,819139.0,627811.565790246,0.0,0.0,1,1
17082,819139.0,627811.565790246,0.0,0.0,1,1
17083,819139.0,627811.565790246,0.0,0.0,1,1
17084,819139.0,627811.565790246,0.0,0.0,1,1
17085,818258.5,627811.565790246,0.0,0.0,1,1
17086,818258.5,627811.565790246,0.0,0.0,1,1
17087,818258.5,627811.565790246,0.0,0.0,1,1
17088,818258.5,627811.565790246,0.0,0.0,1,1
17089,818258.5,627811.565790246,0.0,0.0,1,1
17090,818258.5,627811.565790246,0.0,0.0,1,1
17091,818258.5,627811.565790246,0.0,0.0,1,1
17092,818258.5,627811.565790246,0.0,0.0,1,1
17093,818258.5,627811.565790246,0.0,0.0,1,1
17094,818258.5,627811.565790246,0.0,0.0,1,1
17095,818258.5,627811.565790246,0.0,0.0,1,1
17096,818258.5,627811.565790246,0.0,0.0,1,1
17097,818258.5,627811.565790246,0.0,0.0,1,1
17098,818258.5,627811.565790246,0.0,0.0,1,1
17099,818258.5,627811.565790246,0.0,0.0,1,1
17100,818258.5,627811.565790246,0.0,0.0,1,1
17101,818258.5,627811.565790246,0.0,0.0,1,1
17102,818258.5,627811.565790246,0.0,0.0,1,1
17103,818258.5,627811.565790246,0.0,0.0,1,1
17104,818258.5,627811.565790246,0.0,0.0,1,1
17105,818258.5,627811.565790246,0.0,0.0,1,1
17106,818258.5,627811.565790246,0.0,0.0,1,1
17107,818258.5,627811.565790246,0.0,0.0,1,1
17108,818258.5,627811.565790246,0.0,0.0,1,1
17109,818258.5,627811.565790246,0.0,0.0,1,1
17110,818258.5,627811.565790246,0.0,0.0,1,1
17111,818258.5,627811.565790246,0.0,0.0,1,1
17112,818258.5,627811.565790246,0.0,0.0,1,1
17113,818258.5,627811.565790246,0.0,0.0,1,1
17114,818258.5,627811.565790246,0.0,0.0,1,1
17115,818258.5,627811.565790246,0.0,0.0,1,1
17116,818258.5,627811.565790246,0.0,0.0,1,1
17117,818258.5,627811.565790246,0.0,0.0,1,1
17118,818258.5,627811.565790246,0.0,0.0,1,1
17119,818258.5,627811.565790246,0.0,0.0,1,1
17120,817467.0,627811.565790246,0.0,0.0,1,1
17121,817467.0,627811.565790246,0.0,0.0,1,1
17122,817467.0,627811.565790246,0.0,0.0,1,1
17123,817467.0,627811.565790246,0.0,0.0,1,1
17124,817467.0,627811.565790246,0.0,0.0,1,1
17125,817467.0,627811.565790246,0.0,0.0,1,1
17126,817467.0,627811.565790246,0.0,0.0,1,1
17127,817467.0,627811.565790246,0.0,0.0,1,1
17128,817467.0,627811.565790246,0.0,0.0,1,1
17129,817467.0,627811.565790246,0.0,0.0,1,1
17130,817467.0,627811.565790246,0.0,0.0,1,1
17131,817467.0,627811.565790246,0.0,0.0,1,1
17132,817414.5,627811.565790246,0.0,0.0,1,1
17133,817414.5,627811.565790246,0.0,0.0,1,1
17134,817414.5,627811.565790246,0.0,0.0,1,1
17135,817414.5,627811.565790246,0.0,0.0,1,1
17136,817414.5,627811.565790246,0.0,0.0,1,1
17137,817414.5,627811.565790246,0.0,0.0,1,1
17138,817414.5,627811.565790246,0.0,0.0,1,1
17139,817414.5,627811.565790246,0.0,0.0,1,1
17140,817414.5,627811.565790246,0.0,0.0,1,1
17141,817414.5,627811.565790246,0.0,0.0,1,1
17142,817414.5,627811.565790246,0.0,0.0,1,1
17143,817414.5,627811.565790246,0.0,0.0,1,1
17144,817414.5,627811.565790246,0.0,0.0,1,1
17145,817414.5,627811.565790246,0.0,0.0,1,1
17146,817414.5,627811.565790246,0.0,0.0,1,1
17147,817414.5,627811.565790246,0.0,0.0,1,1
17148,817414.5,627811.565790246,0.0,0.0,1,1
17149,818222.5,627811.565790246,0.0,0.0,1,1
17150,818224.0,627811.565790246,0.0,0.0,1,1
17151,818224.0,627811.565790246,0.0,0.0,1,1
17152,818108.5,627811.565790246,0.0,0.0,1,1
17153,818108.5,627811.565790246,0.0,0.0,1,1
17154,818108.5,627811.565790246,0.0,0.0,1,1
17155,818108.5,627811.565790246,0.0,0.0,1,1
17156,818108.5,627811.565790246,0.0,0.0,1,1
17157,818108.5,627811.565790246,0.0,0.0,1,1
17158,818108.5,627811.565790246,0.0,0.0,1,1
17159,818108.5,627811.565790246,0.0,0.0,1,1
17160,818108.5,627811.565790246,0.0,0.0,1,1
17161,818108.5,627811.565790246,0.0,0.0,1,1
17162,818108.5,627811.565790246,0.0,0.0,1,1
17163,818108.5,627811.565790246,0.0,0.0,1,1
17164,818108.5,627811.565790246,0.0,0.0,1,1
17165,818108.5,627811.565790246,0.0,0.0,1,1
17166,818108.5,627811.565790246,0.0,0.0,1,1
17167,818108.5,627811.565790246,0.0,0.0,1,1
17168,818108.5,627811.565790246,0.0,0.0,1,1
17169,818108.5,627811.565790246,0.0,0.0,1,1
17170,818108.5,627811.565790246,0.0,0.0,1,1
17171,818108.5,627811.565790246,0.0,0.0,1,1
17172,818108.5,627811.565790246,0.0,0.0,1,1
17173,818108.5,627811.565790246,0.0,0.0,1,1
17174,818108.5,627811.565790246,0.0,0.0,1,1
17175,818108.5,627811.565790246,0.0,0.0,1,1
17176,818108.5,627811.565790246,0.0,0.0,1,1
17177,818108.5,627811.565790246,0.0,0.0,1,1
17178,818108.5,627811.565790246,0.0,0.0,1,1
17179,818108.5,627811.565790246,0.0,0.0,1,1
17180,818108.5,627811.565790246,0.0,0.0,1,1
17181,818108.5,627811.565790246,0.0,0.0,1,1
17182,818108.5,627811.565790246,0.0,0.0,1,1
17183,818108.5,627811.565790246,0.0,0.0,1,1
17184,818108.5,627811.565790246,0.0,0.0,1,1
17185,818108.5,627811.565790246,0.0,0.0,1,1
17186,818108.5,627811.565790246,0.0,0.0,1,1
17187,818103.5,627811.565790246,0.0,0.0,1,1
17188,818103.5,627811.565790246,0.0,0.0,1,1
17189,818103.5,627811.565790246,0.0,0.0,1,1
17190,818103.5,627811.565790246,0.0,0.0,1,1
17191,818103.5,627811.565790246,0.0,0.0,1,1
17192,818103.5,627811.565790246,0.0,0.0,1,1
17193,818103.5,627811.565790246,0.0,0.0,1,1
17194,818103.5,627811.565790246,0.0,0.0,1,1
17195,818103.5,627811.565790246,0.0,0.0,1,1
17196,818103.5,627811.565790246,0.0,0.0,1,1
17197,818103.5,627811.565790246,0.0,0.0,1,1
17198,818103.5,627811.565790246,0.0,0.0,1,1
17199,818103.5,627811.565790246,0.0,0.0,1,1
17200,818103.5,627811.565790246,0.0,0.0,1,1
17201,818103.5,627811.565790246,0.0,0.0,1,1
17202,818103.5,627811.565790246,0.0,0.0,1,1
17203,818103.5,627811.565790246,0.0,0.0,1,1
17204,818103.5,627811.565790246,0.0,0.0,1,1
17205,818103.5,627811.565790246,0.0,0.0,1,1
17206,818103.5,627811.565790246,0.0,0.0,1,1
17207,818115.5,627811.565790246,0.0,0.0,1,1
17208,818115.5,627811.565790246,0.0,0.0,1,1
17209,818115.5,627811.565790246,0.0,0.0,1,1
17210,819316.5,627811.565790246,0.0,0.0,1,1
17211,819316.5,627811.565790246,0.0,0.0,1,1
17212,819316.5,627811.565790246,0.0,0.0,1,1
17213,819316.5,627811.565790246,0.0,0.0,1,1
17214,819316.5,627811.565790246,0.0,0.0,1,1
17215,819316.5,627811.565790246,0.0,0.0,1,1
17216,819316.5,627811.565790246,0.0,0.0,1,1
17217,819316.5,627811.565790246,0.0,0.0,1,1
17218,819316.5,627811.565790246,0.0,0.0,1,1
17219,819316.5,627811.565790246,0.0,0.0,1,1
17220,819316.5,627811.565790246,0.0,0.0,1,1
17221,819316.5,627811.565790246,0.0,0.0,1,1
17222,819316.5,627811.565790246,0.0,0.0,1,1
17223,819316.5,627811.565790246,0.0,0.0,1,1
17224,819316.5,627811.565790246,0.0,0.0,1,1
17225,819316.5,627811.565790246,0.0,0.0,1,1
17226,819316.5,627811.565790246,0.0,0.0,1,1
17227,819316.5,627811.565790246,0.0,0.0,1,1
17228,819374.5,627811.565790246,0.0,0.0,1,1
17229,819374.5,627811.565790246,0.0,0.0,1,1
17230,819374.5,627811.565790246,0.0,0.0,1,1
17231,819374.5,627811.565790246,0.0,0.0,1,1
17232,819374.5,627811.565790246,0.0,0.0,1,1
17233,819374.5,627811.565790246,0.0,0.0,1,1
17234,819374.5,627811.565790246,0.0,0.0,1,1
17235,819374.5,627811.565790246,0.0,0.0,1,1
17236,819374.5,627811.565790246,0.0,0.0,1,1
17237,819374.5,627811.565790246,0.0,0.0,1,1
17238,819374.5,627811.565790246,0.0,0.0,1,1
17239,819374.5,627811.565790246,0.0,0.0,1,1
17240,819374.5,627811.565790246,0.0,0.0,1,1
17241,819374.5,627811.565790246,0.0,0.0,1,1
17242,819374.5,627811.565790246,0.0,0.0,1,1
17243,819374.5,627811.565790246,0.0,0.0,1,1
17244,819374.5,627811.565790246,0.0,0.0,1,1
17245,819374.5,627811.565790246,0.0,0.0,1,1
17246,819374.5,627811.565790246,0.0,0.0,1,1
17247,819374.5,627811.565790246,0.0,0.0,1,1
17248,819374.5,627811.565790246,0.0,0.0,1,1
17249,819374.5,627811.565790246,0.0,0.0,1,1
17250,819374.5,627811.565790246,0.0,0.0,1,1
17251,819374.5,627811.565790246,0.0,0.0,1,1
17252,819374.5,627811.565790246,0.0,0.0,1,1
17253,819374.5,627811.565790246,0.0,0.0,1,1
17254,819374.5,627811.565790246,0.0,0.0,1,1
17255,819374.5,627811.565790246,0.0,0.0,1,1
17256,819374.5,627811.565790246,0.0,0.0,1,1
17257,819374.5,627811.565790246,0.0,0.0,1,1
17258,819255.5,627811.565790246,0.0,0.0,1,1
17259,819255.5,627811.565790246,0.0,0.0,1,1
17260,819371.0,627811.565790246,0.0,0.0,1,1
17261,819371.0,627811.565790246,0.0,0.0,1,1
17262,819371.0,627811.565790246,0.0,0.0,1,1
17263,819371.0,627811.565790246,0.0,0.0,1,1
17264,819371.0,627811.565790246,0.0,0.0,1,1
17265,819371.0,627811.565790246,0.0,0.0,1,1
17266,819371.0,627811.565790246,0.0,0.0,1,1
17267,819371.0,627811.565790246,0.0,0.0,1,1
17268,819371.0,627811.565790246,0.0,0.0,1,1
17269,819371.0,627811.565790246,0.0,0.0,1,1
17270,819371.0,627811.565790246,0.0,0.0,1,1
17271,819371.0,627811.565790246,0.0,0.0,1,1
17272,819371.0,627811.565790246,0.0,0.0,1,1
17273,819371.0,627811.565790246,0.0,0.0,1,1
17274,819371.0,627811.565790246,0.0,0.0,1,1
17275,817278.0,627811.565790246,0.0,0.0,1,1
17276,817293.0,627811.565790246,0.0,0.0,1,1
17277,817293.0,627811.565790246,0.0,0.0,1,1
17278,817293.0,627811.565790246,0.0,0.0,1,1
17279,817293.0,627811.565790246,0.0,0.0,1,1
17280,817293.0,627811.565790246,0.0,0.0,1,1
17281,817293.0,627811.565790246,0.0,0.0,1,1
17282,817293.0,627811.565790246,0.0,0.0,1,1
17283,817293.0,627811.565790246,0.0,0.0,1,1
17284,817293.0,627811.565790246,0.0,0.0,1,1
17285,816814.5,627811.565790246,0.0,0.0,1,1
17286,816814.5,627811.565790246,0.0,0.0,1,1
17287,816814.5,627811.565790246,0.0,0.0,1,1
17288,816814.5,627811.565790246,0.0,0.0,1,1
17289,816814.5,627811.565790246,0.0,0.0,1,1
17290,816814.5,627811.565790246,0.0,0.0,1,1
17291,816814.5,627811.565790246,0.0,0.0,1,1
17292,816814.5,627811.565790246,0.0,0.0,1,1
17293,816814.5,627811.565790246,0.0,0.0,1,1
17294,816814.5,627811.565790246,0.0,0.0,1,1
17295,816814.5,627811.565790246,0.0,0.0,1,1
17296,816814.5,627811.565790246,0.0,0.0,1,1
17297,816814.5,627811.565790246,0.0,0.0,1,1
17298,816814.5,627811.565790246,0.0,0.0,1,1
17299,816814.5,627811.565790246,0.0,0.0,1,1
17300,816802.0,627811.565790246,0.0,0.0,1,1
17301,816802.0,627811.565790246,0.0,0.0,1,1
17302,816802.0,627811.565790246,0.0,0.0,1,1
17303,816802.0,627811.565790246,0.0,0.0,1,1
17304,816802.0,627811.565790246,0.0,0.0,1,1
17305,816802.0,627811.565790246,0.0,0.0,1,1
17306,816802.0,627811.565790246,0.0,0.0,1,1
17307,816802.0,627811.565790246,0.0,0.0,1,1
17308,816802.0,627811.565790246,0.0,0.0,1,1
17309,816802.0,627811.565790246,0.0,0.0,1,1
17310,816802.0,627811.565790246,0.0,0.0,1,1
17311,816802.0,627811.565790246,0.0,0.0,1,1
17312,816802.0,627811.565790246,0.0,0.0,1,1
17313,816802.0,627811.565790246,0.0,0.0,1,1
17314,816802.0,627811.565790246,0.0,0.0,1,1
17315,816802.0,627811.565790246,0.0,0.0,1,1
17316,816671.0,627811.565790246,0.0,0.0,1,1
17317,820795.0,627811.565790246,0.0,0.0,1,1
17318,820795.0,627811.565790246,0.0,0.0,1,1
17319,820795.0,627811.565790246,0.0,0.0,1,1
17320,821520.5,627811.565790246,0.0,0.0,1,1
17321,821520.5,627811.565790246,0.0,0.0,1,1
17322,821520.5,627811.565790246,0.0,0.0,1,1
17323,821520.5,627811.565790246,0.0,0.0,1,1
17324,821520.5,627811.565790246,0.0,0.0,1,1
17325,821520.5,627811.565790246,0.0,0.0,1,1
17326,821520.5,627811.565790246,0.0,0.0,1,1
17327,821520.5,627811.565790246,0.0,0.0,1,1
17328,821520.5,627811.565790246,0.0,0.0,1,1
17329,821520.5,627811.565790246,0.0,0.0,1,1
17330,821520.5,627811.565790246,0.0,0.0,1,1
17331,821520.5,627811.565790246,0.0,0.0,1,1
17332,821520.5,627811.565790246,0.0,0.0,1,1
17333,821520.5,627811.565790246,0.0,0.0,1,1
17334,821520.5,627811.565790246,0.0,0.0,1,1
17335,821520.5,627811.565790246,0.0,0.0,1,1
17336,821520.5,627811.565790246,0.0,0.0,1,1
17337,821520.5,627811.565790246,0.0,0.0,1,1
17338,821520.5,627811.565790246,0.0,0.0,1,1
17339,821520.5,627811.565790246,0.0,0.0,1,1
17340,821520.5,627811.565790246,0.0,0.0,1,1
17341,821520.5,627811.565790246,0.0,0.0,1,1
17342,821608.0,627811.565790246,0.0,0.0,1,1
17343,821608.0,627811.565790246,0.0,0.0,1,1
17344,821608.0,627811.565790246,0.0,0.0,1,1
17345,821608.0,627811.565790246,0.0,0.0,1,1
17346,821608.0,627811.565790246,0.0,0.0,1,1
17347,821608.0,627811.565790246,0.0,0.0,1,1
17348,821608.0,627811.565790246,0.0,0.0,1,1
17349,821608.0,627811.565790246,0.0,0.0,1,1
17350,821608.0,627811.565790246,0.0,0.0,1,1
17351,821608.0,627811.565790246,0.0,0.0,1,1
17352,821608.0,627811.565790246,0.0,0.0,1,1
17353,821608.0,627811.565790246,0.0,0.0,1,1
17354,821608.0,627811.565790246,0.0,0.0,1,1
17355,821608.0,627811.565790246,0.0,0.0,1,1
17356,821608.0,627811.565790246,0.0,0.0,1,1
17357,821608.0,627811.565790246,0.0,0.0,1,1
17358,821608.0,627811.565790246,0.0,0.0,1,1
17359,821608.0,627811.565790246,0.0,0.0,1,1
17360,821608.0,627811.565790246,0.0,0.0,1,1
17361,821608.0,627811.565790246,0.0,0.0,1,1
17362,821608.0,627811.565790246,0.0,0.0,1,1
17363,821608.0,627811.565790246,0.0,0.0,1,1
17364,821608.0,627811.565790246,0.0,0.0,1,1
17365,821608.0,627811.565790246,0.0,0.0,1,1
17366,816758.0,627811.565790246,0.0,0.0,1,1
17367,816758.0,627811.565790246,0.0,0.0,1,1
17368,816758.0,627811.565790246,0.0,0.0,1,1
17369,816758.0,627811.565790246,0.0,0.0,1,1
17370,816758.0,627811.565790246,0.0,0.0,1,1
17371,816758.0,627811.565790246,0.0,0.0,1,1
17372,816758.0,627811.565790246,0.0,0.0,1,1
17373,816758.0,627811.565790246,0.0,0.0,1,1
17374,816758.0,627811.565790246,0.0,0.0,1,1
17375,816758.0,627811.565790246,0.0,0.0,1,1
17376,816758.0,627811.565790246,0.0,0.0,1,1
17377,816758.0,627811.565790246,0.0,0.0,1,1
17378,816758.0,627811.565790246,0.0,0.0,1,1
17379,816758.0,627811.565790246,0.0,0.0,1,1
17380,816758.0,627811.565790246,0.0,0.0,1,1
17381,816758.0,627811.565790246,0.0,0.0,1,1
17382,816758.0,627811.565790246,0.0,0.0,1,1
17383,816758.0,627811.565790246,0.0,0.0,1,1
17384,816758.0,627811.565790246,0.0,0.0,1,1
17385,816758.0,627811.565790246,0.0,0.0,1,1
17386,816758.0,627811.565790246,0.0,0.0,1,1
17387,816758.0,627811.565790246,0.0,0.0,1,1
17388,816758.0,627811.565790246,0.0,0.0,1,1
17389,816659.0,627811.565790246,0.0,0.0,1,1
17390,816659.0,627811.565790246,0.0,0.0,1,1
17391,816659.0,627811.565790246,0.0,0.0,1,1
17392,816659.0,627811.565790246,0.0,0.0,1,1
17393,816659.0,627811.565790246,0.0,0.0,1,1
17394,816659.0,627811.565790246,0.0,0.0,1,1
17395,816659.0,627811.565790246,0.0,0.0,1,1
17396,816659.0,627811.565790246,0.0,0.0,1,1
17397,816659.0,627811.565790246,0.0,0.0,1,1
17398,816659.0,627811.565790246,0.0,0.0,1,1
17399,816659.0,627811.565790246,0.0,0.0,1,1
17400,816659.0,627811.565790246,0.0,0.0,1,1
17401,816659.0,627811.565790246,0.0,0.0,1,1
17402,816659.0,627811.565790246,0.0,0.0,1,1
17403,816659.0,627811.565790246,0.0,0.0,1,1
17404,816659.0,627811.565790246,0.0,0.0,1,1
17405,816659.0,627811.565790246,0.0,0.0,1,1
17406,816659.0,627811.565790246,0.0,0.0,1,1
17407,816659.0,627811.565790246,0.0,0.0,1,1
17408,816659.0,627811.565790246,0.0,0.0,1,1
17409,816659.0,627811.565790246,0.0,0.0,1,1
17410,816659.0,627811.565790246,0.0,0.0,1,1
17411,816659.0,627811.565790246,0.0,0.0,1,1
17412,816659.0,627811.565790246,0.0,0.0,1,1
17413,816659.0,627811.565790246,0.0,0.0,1,1
17414,816659.0,627811.565790246,0.0,0.0,1,1
17415,816659.0,627811.565790246,0.0,0.0,1,1
17416,816659.0,627811.565790246,0.0,0.0,1,1
17417,816659.0,627811.565790246,0.0,0.0,1,1
17418,816758.0,627811.565790246,0.0,0.0,1,1
17419,816318.0,627811.565790246,0.0,0.0,1,1
17420,816318.0,627811.565790246,0.0,0.0,1,1
17421,816318.0,627811.565790246,0.0,0.0,1,1
17422,816318.0,627811.565790246,0.0,0.0,1,1
17423,816318.0,627811.565790246,0.0,0.0,1,1
17424,816318.0,627811.565790246,0.0,0.0,1,1
17425,816318.0,627811.565790246,0.0,0.0,1,1
17426,816318.0,627811.565790246,0.0,0.0,1,1
17427,816318.0,627811.565790246,0.0,0.0,1,1
17428,816318.0,627811.565790246,0.0,0.0,1,1
17429,816318.0,627811.565790246,0.0,0.0,1,1
17430,816318.0,627811.565790246,0.0,0.0,1,1
17431,816318.0,627811.565790246,0.0,0.0,1,1
17432,816318.0,627811.565790246,0.0,0.0,1,1
17433,816835.5,627811.565790246,0.0,0.0,1,1
17434,816835.5,627811.565790246,0.0,0.0,1,1
17435,816835.5,627811.565790246,0.0,0.0,1,1
17436,816835.5,627811.565790246,0.0,0.0,1,1
17437,816835.5,627811.565790246,0.0,0.0,1,1
17438,816835.5,627811.565790246,0.0,0.0,1,1
17439,816835.5,627811.565790246,0.0,0.0,1,1
17440,816835.5,627811.565790246,0.0,0.0,1,1
17441,816778.5,627811.565790246,0.0,0.0,1,1
17442,816778.5,627811.565790246,0.0,0.0,1,1
17443,816778.5,627811.565790246,0.0,0.0,1,1
17444,816778.5,627811.565790246,0.0,0.0,1,1
17445,816778.5,627811.565790246,0.0,0.0,1,1
17446,816778.5,627811.565790246,0.0,0.0,1,1
17447,816778.5,627811.565790246,0.0,0.0,1,1
17448,816778.5,627811.565790246,0.0,0.0,1,1
17449,816778.5,627811.565790246,0.0,0.0,1,1
17450,816778.5,627811.565790246,0.0,0.0,1,1
17451,816778.5,627811.565790246,0.0,0.0,1,1
17452,816778.5,627811.565790246,0.0,0.0,1,1
17453,816778.5,627811.565790246,0.0,0.0,1,1
17454,816778.5,627811.565790246,0.0,0.0,1,1
17455,816778.5,627811.565790246,0.0,0.0,1,1
17456,816778.5,627811.565790246,0.0,0.0,1,1
17457,816778.5,627811.565790246,0.0,0.0,1,1
17458,816778.5,627811.565790246,0.0,0.0,1,1
17459,816778.5,627811.565790246,0.0,0.0,1,1
17460,816778.5,627811.565790246,0.0,0.0,1,1
17461,816778.5,627811.565790246,0.0,0.0,1,1
17462,816778.5,627811.565790246,0.0,0.0,1,1
17463,816778.5,627811.565790246,0.0,0.0,1,1
17464,816778.5,627811.565790246,0.0,0.0,1,1
17465,816778.5,627811.565790246,0.0,0.0,1,1
17466,816778.5,627811.565790246,0.0,0.0,1,1
17467,816778.5,627811.565790246,0.0,0.0,1,1
17468,816778.5,627811.565790246,0.0,0.0,1,1
17469,816778.5,627811.565790246,0.0,0.0,1,1
17470,816778.5,627811.565790246,0.0,0.0,1,1
17471,816778.5,627811.565790246,0.0,0.0,1,1
17472,816778.5,627811.565790246,0.0,0.0,1,1
17473,815540.0,627811.565790246,0.0,0.0,1,1
17474,815540.0,627811.565790246,0.0,0.0,1,1
17475,815540.0,627811.565790246,0.0,0.0,1,1
17476,815540.0,627811.565790246,0.0,0.0,1,1
17477,815540.0,627811.565790246,0.0,0.0,1,1
17478,815540.0,627811.565790246,0.0,0.0,1,1
17479,815540.0,627811.565790246,0.0,0.0,1,1
17480,815540.0,627811.565790246,0.0,0.0,1,1
17481,815540.0,627811.565790246,0.0,0.0,1,1
17482,815540.0,627811.565790246,0.0,0.0,1,1
17483,815540.0,627811.565790246,0.0,0.0,1,1
17484,815540.0,627811.565790246,0.0,0.0,1,1
17485,815540.0,627811.565790246,0.0,0.0,1,1
17486,815540.0,627811.565790246,0.0,0.0,1,1
17487,815540.0,627811.565790246,0.0,0.0,1,1
17488,815606.5,627811.565790246,0.0,0.0,1,1
17489,815606.5,627811.565790246,0.0,0.0,1,1
17490,815606.5,627811.565790246,0.0,0.0,1,1
17491,815606.5,627811.565790246,0.0,0.0,1,1
17492,815606.5,627811.565790246,0.0,0.0,1,1
17493,815606.5,627811.565790246,0.0,0.0,1,1
17494,815606.5,627811.565790246,0.0,0.0,1,1
17495,815606.5,627811.565790246,0.0,0.0,1,1
17496,815606.5,627811.565790246,0.0,0.0,1,1
17497,815606.5,627811.565790246,0.0,0.0,1,1
17498,815606.5,627811.565790246,0.0,0.0,1,1
17499,815606.5,627811.565790246,0.0,0.0,1,1
17500,815606.5,627811.565790246,0.0,0.0,1,1
17501,815606.5,627811.565790246,0.0,0.0,1,1
17502,815946.0,627811.565790246,0.0,0.0,1,1
17503,815894.5,627811.565790246,0.0,0.0,1,1
17504,815894.5,627811.565790246,0.0,0.0,1,1
17505,815894.5,627811.565790246,0.0,0.0,1,1
17506,815894.5,627811.565790246,0.0,0.0,1,1
17507,815894.5,627811.565790246,0.0,0.0,1,1
17508,815894.5,627811.565790246,0.0,0.0,1,1
17509,816667.0,627811.565790246,0.0,0.0,1,1
17510,816667.0,627811.565790246,0.0,0.0,1,1
17511,816667.0,627811.565790246,0.0,0.0,1,1
17512,816667.0,627811.565790246,0.0,0.0,1,1
17513,816667.0,627811.565790246,0.0,0.0,1,1
17514,816667.0,627811.565790246,0.0,0.0,1,1
17515,816667.0,627811.565790246,0.0,0.0,1,1
17516,816682.0,627811.565790246,0.0,0.0,1,1
17517,816682.0,627811.565790246,0.0,0.0,1,1
17518,816554.0,627811.565790246,0.0,0.0,1,1
17519,816554.0,627811.565790246,0.0,0.0,1,1
17520,816554.0,627811.565790246,0.0,0.0,1,1
17521,816554.0,627811.565790246,0.0,0.0,1,1
17522,816554.0,627811.565790246,0.0,0.0,1,1
17523,816554.0,627811.565790246,0.0,0.0,1,1
17524,816554.0,627811.565790246,0.0,0.0,1,1
17525,816554.0,627811.565790246,0.0,0.0,1,1
17526,816554.0,627811.565790246,0.0,0.0,1,1
17527,816554.0,627811.565790246,0.0,0.0,1,1
17528,816554.0,627811.565790246,0.0,0.0,1,1
17529,816554.0,627811.565790246,0.0,0.0,1,1
17530,816481.0,627811.565790246,0.0,0.0,1,1
17531,816655.0,627811.565790246,0.0,0.0,1,1
17532,816655.0,627811.565790246,0.0,0.0,1,1
17533,816655.0,627811.565790246,0.0,0.0,1,1
17534,816655.0,627811.565790246,0.0,0.0,1,1
17535,816655.0,627811.565790246,0.0,0.0,1,1
17536,816655.0,627811.565790246,0.0,0.0,1,1
17537,816655.0,627811.565790246,0.0,0.0,1,1
17538,816655.0,627811.565790246,0.0,0.0,1,1
17539,816655.0,627811.565790246,0.0,0.0,1,1
17540,816655.0,627811.565790246,0.0,0.0,1,1
17541,816655.0,627811.565790246,0.0,0.0,1,1
17542,816655.0,627811.565790246,0.0,0.0,1,1
17543,816655.0,627811.565790246,0.0,0.0,1,1
17544,816655.0,627811.565790246,0.0,0.0,1,1
17545,816655.0,627811.565790246,0.0,0.0,1,1
17546,819590.0,627811.565790246,0.0,0.0,1,1
17547,819590.0,627811.565790246,0.0,0.0,1,1
17548,819590.0,627811.565790246,0.0,0.0,1,1
17549,819590.0,627811.565790246,0.0,0.0,1,1
17550,819590.0,627811.565790246,0.0,0.0,1,1
17551,819590.0,627811.565790246,0.0,0.0,1,1
17552,819590.0,627811.565790246,0.0,0.0,1,1
17553,819410.5,627811.565790246,0.0,0.0,1,1
17554,819410.5,627811.565790246,0.0,0.0,1,1
17555,819410.5,627811.565790246,0.0,0.0,1,1
17556,819410.5,627811.565790246,0.0,0.0,1,1
17557,819410.5,627811.565790246,0.0,0.0,1,1
17558,819410.5,627811.565790246,0.0,0.0,1,1
17559,819410.5,627811.565790246,0.0,0.0,1,1
17560,819410.5,627811.565790246,0.0,0.0,1,1
17561,819410.5,627811.565790246,0.0,0.0,1,1
17562,819410.5,627811.565790246,0.0,0.0,1,1
17563,819041.5,627811.565790246,0.0,0.0,1,1
17564,819041.5,627811.565790246,0.0,0.0,1,1
17565,819041.5,627811.565790246,0.0,0.0,1,1
17566,819041.5,627811.565790246,0.0,0.0,1,1
17567,819041.5,627811.565790246,0.0,0.0,1,1
17568,819041.5,627811.565790246,0.0,0.0,1,1
17569,819041.5,627811.565790246,0.0,0.0,1,1
17570,819041.5,627811.565790246,0.0,0.0,1,1
17571,819041.5,627811.565790246,0.0,0.0,1,1
17572,819041.5,627811.565790246,0.0,0.0,1,1
17573,819041.5,627811.565790246,0.0,0.0,1,1
17574,819041.5,627811.565790246,0.0,0.0,1,1
17575,819041.5,627811.565790246,0.0,0.0,1,1
17576,819041.5,627811.565790246,0.0,0.0,1,1
17577,819041.5,627811.565790246,0.0,0.0,1,1
17578,819041.5,627811.565790246,0.0,0.0,1,1
17579,819041.5,627811.565790246,0.0,0.0,1,1
17580,819041.5,627811.565790246,0.0,0.0,1,1
17581,819041.5,627811.565790246,0.0,0.0,1,1
17582,819041.5,627811.565790246,0.0,0.0,1,1
17583,819041.5,627811.565790246,0.0,0.0,1,1
17584,819041.5,627811.565790246,0.0,0.0,1,1
17585,819041.5,627811.565790246,0.0,0.0,1,1
17586,819041.5,627811.565790246,0.0,0.0,1,1
17587,819041.5,627811.565790246,0.0,0.0,1,1
17588,819041.5,627811.565790246,0.0,0.0,1,1
17589,819041.5,627811.565790246,0.0,0.0,1,1
17590,819041.5,627811.565790246,0.0,0.0,1,1
17591,819041.5,627811.565790246,0.0,0.0,1,1
17592,819041.5,627811.565790246,0.0,0.0,1,1
17593,819041.5,627811.565790246,0.0,0.0,1,1
17594,819041.5,627811.565790246,0.0,0.0,1,1
17595,819041.5,627811.565790246,0.0,0.0,1,1
17596,819041.5,627811.565790246,0.0,0.0,1,1
17597,819041.5,627811.565790246,0.0,0.0,1,1
17598,819041.5,627811.565790246,0.0,0.0,1,1
17599,818867.5,627811.565790246,0.0,0.0,1,1
17600,818867.5,627811.565790246,0.0,0.0,1,1
17601,818867.5,627811.565790246,0.0,0.0,1,1
17602,818867.5,627811.565790246,0.0,0.0,1,1
17603,818867.5,627811.565790246,0.0,0.0,1,1
17604,818867.5,627811.565790246,0.0,0.0,1,1
17605,818867.5,627811.565790246,0.0,0.0,1,1
17606,818867.5,627811.565790246,0.0,0.0,1,1
17607,818867.5,627811.565790246,0.0,0.0,1,1
17608,818867.5,627811.565790246,0.0,0.0,1,1
17609,818867.5,627811.565790246,0.0,0.0,1,1
17610,818867.5,627811.565790246,0.0,0.0,1,1
17611,818867.5,627811.565790246,0.0,0.0,1,1
17612,818867.5,627811.565790246,0.0,0.0,1,1
17613,818867.5,627811.565790246,0.0,0.0,1,1
17614,818867.5,627811.565790246,0.0,0.0,1,1
17615,818867.5,627811.565790246,0.0,0.0,1,1
17616,818867.5,627811.565790246,0.0,0.0,1,1
17617,818867.5,627811.565790246,0.0,0.0,1,1
17618,818867.5,627811.565790246,0.0,0.0,1,1
17619,818867.5,627811.565790246,0.0,0.0,1,1
17620,818867.5,627811.565790246,0.0,0.0,1,1
17621,818867.5,627811.565790246,0.0,0.0,1,1
17622,818867.5,627811.565790246,0.0,0.0,1,1
17623,818867.5,627811.565790246,0.0,0.0,1,1
17624,818867.5,627811.565790246,0.0,0.0,1,1
17625,818867.5,627811.565790246,0.0,0.0,1,1
17626,818867.5,627811.565790246,0.0,0.0,1,1
17627,818867.5,627811.565790246,0.0,0.0,1,1
17628,818867.5,627811.565790246,0.0,0.0,1,1
17629,818997.5,627811.565790246,0.0,0.0,1,1
17630,818997.5,627811.565790246,0.0,0.0,1,1
17631,818997.5,627811.565790246,0.0,0.0,1,1
17632,818997.5,627811.565790246,0.0,0.0,1,1
17633,818997.5,627811.565790246,0.0,0.0,1,1
17634,818997.5,627811.565790246,0.0,0.0,1,1
17635,818997.5,627811.565790246,0.0,0.0,1,1
17636,818997.5,627811.565790246,0.0,0.0,1,1
17637,819042.5,627811.565790246,0.0,0.0,1,1
17638,819042.5,627811.565790246,0.0,0.0,1,1
17639,819042.5,627811.565790246,0.0,0.0,1,1
17640,819042.5,627811.565790246,0.0,0.0,1,1
17641,819042.5,627811.565790246,0.0,0.0,1,1
17642,819042.5,627811.565790246,0.0,0.0,1,1
17643,819042.5,627811.565790246,0.0,0.0,1,1
17644,819042.5,627811.565790246,0.0,0.0,1,1
17645,819042.5,627811.565790246,0.0,0.0,1,1
17646,819042.5,627811.565790246,0.0,0.0,1,1
17647,819042.5,627811.565790246,0.0,0.0,1,1
17648,819042.5,627811.565790246,0.0,0.0,1,1
17649,819042.5,627811.565790246,0.0,0.0,1,1
17650,819042.5,627811.565790246,0.0,0.0,1,1
17651,819042.5,627811.565790246,0.0,0.0,1,1
17652,819042.5,627811.565790246,0.0,0.0,1,1
17653,819042.5,627811.565790246,0.0,0.0,1,1
17654,819042.5,627811.565790246,0.0,0.0,1,1
17655,819042.5,627811.565790246,0.0,0.0,1,1
17656,819042.5,627811.565790246,0.0,0.0,1,1
17657,819042.5,627811.565790246,0.0,0.0,1,1
17658,819042.5,627811.565790246,0.0,0.0,1,1
17659,819042.5,627811.565790246,0.0,0.0,1,1
17660,819042.5,627811.565790246,0.0,0.0,1,1
17661,819018.5,627811.565790246,0.0,0.0,1,1
17662,819018.5,627811.565790246,0.0,0.0,1,1
17663,819018.5,627811.565790246,0.0,0.0,1,1
17664,819018.5,627811.565790246,0.0,0.0,1,1
17665,819018.5,627811.565790246,0.0,0.0,1,1
17666,819018.5,627811.565790246,0.0,0.0,1,1
17667,819018.5,627811.565790246,0.0,0.0,1,1
17668,819018.5,627811.565790246,0.0,0.0,1,1
17669,819018.5,627811.565790246,0.0,0.0,1,1
17670,819018.5,627811.565790246,0.0,0.0,1,1
17671,819018.5,627811.565790246,0.0,0.0,1,1
17672,819018.5,627811.565790246,0.0,0.0,1,1
17673,819018.5,627811.565790246,0.0,0.0,1,1
17674,819018.5,627811.565790246,0.0,0.0,1,1
17675,819018.5,627811.565790246,0.0,0.0,1,1
17676,819018.5,627811.565790246,0.0,0.0,1,1
17677,819018.5,627811.565790246,0.0,0.0,1,1
17678,819018.5,627811.565790246,0.0,0.0,1,1
17679,819018.5,627811.565790246,0.0,0.0,1,1
17680,819018.5,627811.565790246,0.0,0.0,1,1
17681,819018.5,627811.565790246,0.0,0.0,1,1
17682,819018.5,627811.565790246,0.0,0.0,1,1
17683,819018.5,627811.565790246,0.0,0.0,1,1
17684,819018.5,627811.565790246,0.0,0.0,1,1
17685,819018.5,627811.565790246,0.0,0.0,1,1
17686,818977.5,627811.565790246,0.0,0.0,1,1
17687,818977.5,627811.565790246,0.0,0.0,1,1
17688,818977.5,627811.565790246,0.0,0.0,1,1
17689,818977.5,627811.565790246,0.0,0.0,1,1
17690,818977.5,627811.565790246,0.0,0.0,1,1
17691,818977.5,627811.565790246,0.0,0.0,1,1
17692,818977.5,627811.565790246,0.0,0.0,1,1
17693,818977.5,627811.565790246,0.0,0.0,1,1
17694,818977.5,627811.565790246,0.0,0.0,1,1
17695,818977.5,627811.565790246,0.0,0.0,1,1
17696,818977.5,627811.565790246,0.0,0.0,1,1
17697,818977.5,627811.565790246,0.0,0.0,1,1
17698,818977.5,627811.565790246,0.0,0.0,1,1
17699,818907.0,627811.565790246,0.0,0.0,1,1
17700,818907.0,627811.565790246,0.0,0.0,1,1
17701,820234.0,627811.565790246,0.0,0.0,1,1
17702,820234.0,627811.565790246,0.0,0.0,1,1
17703,820541.5,627811.565790246,0.0,0.0,1,1
17704,820541.5,627811.565790246,0.0,0.0,1,1
17705,820541.5,627811.565790246,0.0,0.0,1,1
17706,820541.5,627811.565790246,0.0,0.0,1,1
17707,820541.5,627811.565790246,0.0,0.0,1,1
17708,820541.5,627811.565790246,0.0,0.0,1,1
17709,820541.5,627811.565790246,0.0,0.0,1,1
17710,820541.5,627811.565790246,0.0,0.0,1,1
17711,820541.5,627811.565790246,0.0,0.0,1,1
17712,820541.5,627811.565790246,0.0,0.0,1,1
17713,820541.5,627811.565790246,0.0,0.0,1,1
17714,821823.5,627811.565790246,0.0,0.0,1,1
17715,821414.5,627811.565790246,0.0,0.0,1,1
17716,821414.5,627811.565790246,0.0,0.0,1,1
17717,821414.5,627811.565790246,0.0,0.0,1,1
17718,821414.5,627811.565790246,0.0,0.0,1,1
17719,821414.5,627811.565790246,0.0,0.0,1,1
17720,821414.5,627811.565790246,0.0,0.0,1,1
17721,821309.5,627811.565790246,0.0,0.0,1,1
17722,821309.5,627811.565790246,0.0,0.0,1,1
17723,821309.5,627811.565790246,0.0,0.0,1,1
17724,821309.5,627811.565790246,0.0,0.0,1,1
17725,821309.5,627811.565790246,0.0,0.0,1,1
17726,821309.5,627811.565790246,0.0,0.0,1,1
17727,821309.5,627811.565790246,0.0,0.0,1,1
17728,821309.5,627811.565790246,0.0,0.0,1,1
17729,821309.5,627811.565790246,0.0,0.0,1,1
17730,821309.5,627811.565790246,0.0,0.0,1,1
17731,821309.5,627811.565790246,0.0,0.0,1,1
17732,821309.5,627811.565790246,0.0,0.0,1,1
17733,821309.5,627811.565790246,0.0,0.0,1,1
17734,821309.5,627811.565790246,0.0,0.0,1,1
17735,821309.5,627811.565790246,0.0,0.0,1,1
17736,821309.5,627811.565790246,0.0,0.0,1,1
17737,821309.5,627811.565790246,0.0,0.0,1,1
17738,821309.5,627811.565790246,0.0,0.0,1,1
17739,821309.5,627811.565790246,0.0,0.0,1,1
17740,821309.5,627811.565790246,0.0,0.0,1,1
17741,821309.5,627811.565790246,0.0,0.0,1,1
17742,821309.5,627811.565790246,0.0,0.0,1,1
17743,821309.5,627811.565790246,0.0,0.0,1,1
17744,821309.5,627811.565790246,0.0,0.0,1,1
17745,821309.5,627811.565790246,0.0,0.0,1,1
17746,821309.5,627811.565790246,0.0,0.0,1,1
17747,821309.5,627811.565790246,0.0,0.0,1,1
17748,821309.5,627811.565790246,0.0,0.0,1,1
17749,821309.5,627811.565790246,0.0,0.0,1,1
17750,821309.5,627811.565790246,0.0,0.0,1,1
17751,821309.5,627811.565790246,0.0,0.0,1,1
17752,821309.5,627811.565790246,0.0,0.0,1,1
17753,821309.5,627811.565790246,0.0,0.0,1,1
17754,821309.5,627811.565790246,0.0,0.0,1,1
17755,821309.5,627811.565790246,0.0,0.0,1,1
17756,821309.5,627811.565790246,0.0,0.0,1,1
17757,821309.5,627811.565790246,0.0,0.0,1,1
17758,821309.5,627811.565790246,0.0,0.0,1,1
17759,821802.0,627811.565790246,0.0,0.0,1,1
17760,821802.0,627811.565790246,0.0,0.0,1,1
17761,821802.0,627811.565790246,0.0,0.0,1,1
17762,821802.0,627811.565790246,0.0,0.0,1,1
17763,821802.0,627811.565790246,0.0,0.0,1,1
17764,821802.0,627811.565790246,0.0,0.0,1,1
17765,821802.0,627811.565790246,0.0,0.0,1,1
17766,821802.0,627811.565790246,0.0,0.0,1,1
17767,821802.0,627811.565790246,0.0,0.0,1,1
17768,821802.0,627811.565790246,0.0,0.0,1,1
17769,821802.0,627811.565790246,0.0,0.0,1,1
17770,821802.0,627811.565790246,0.0,0.0,1,1
17771,821802.0,627811.565790246,0.0,0.0,1,1
17772,821802.0,627811.565790246,0.0,0.0,1,1
17773,821802.0,627811.565790246,0.0,0.0,1,1
17774,821802.0,627811.565790246,0.0,0.0,1,1
17775,824044.0,627811.565790246,0.0,0.0,1,1
17776,824044.0,627811.565790246,0.0,0.0,1,1
17777,823888.5,627811.565790246,0.0,0.0,1,1
17778,824633.5,627811.565790246,0.0,0.0,1,1
17779,824633.5,627811.565790246,0.0,0.0,1,1
17780,824633.5,627811.565790246,0.0,0.0,1,1
17781,824633.5,627811.565790246,0.0,0.0,1,1
17782,824633.5,627811.565790246,0.0,0.0,1,1
17783,824633.5,627811.565790246,0.0,0.0,1,1
17784,824633.5,627811.565790246,0.0,0.0,1,1
17785,824633.5,627811.565790246,0.0,0.0,1,1
17786,824633.5,627811.565790246,0.0,0.0,1,1
17787,824633.5,627811.565790246,0.0,0.0,1,1
17788,824633.5,627811.565790246,0.0,0.0,1,1
17789,824633.5,627811.565790246,0.0,0.0,1,1
17790,824633.5,627811.565790246,0.0,0.0,1,1
17791,824633.5,627811.565790246,0.0,0.0,1,1
17792,824633.5,627811.565790246,0.0,0.0,1,1
17793,824633.5,627811.565790246,0.0,0.0,1,1
17794,824633.5,627811.565790246,0.0,0.0,1,1
17795,824633.5,627811.565790246,0.0,0.0,1,1
17796,824633.5,627811.565790246,0.0,0.0,1,1
17797,825392.0,627811.565790246,0.0,0.0,1,1
17798,825392.0,627811.565790246,0.0,0.0,1,1
17799,825392.0,627811.565790246,0.0,0.0,1,1
17800,825392.0,627811.565790246,0.0,0.0,1,1
17801,825392.0,627811.565790246,0.0,0.0,1,1
17802,825392.0,627811.565790246,0.0,0.0,1,1
17803,826062.5,627811.565790246,0.0,0.0,1,1
17804,826062.5,627811.565790246,0.0,0.0,1,1
17805,826062.5,627811.565790246,0.0,0.0,1,1
17806,826062.5,627811.565790246,0.0,0.0,1,1
17807,826062.5,627811.565790246,0.0,0.0,1,1
17808,826062.5,627811.565790246,0.0,0.0,1,1
17809,826062.5,627811.565790246,0.0,0.0,1,1
17810,826062.5,627811.565790246,0.0,0.0,1,1
17811,826062.5,627811.565790246,0.0,0.0,1,1
17812,826062.5,627811.565790246,0.0,0.0,1,1
17813,826062.5,627811.565790246,0.0,0.0,1,1
17814,826062.5,627811.565790246,0.0,0.0,1,1
17815,826062.5,627811.565790246,0.0,0.0,1,1
17816,826062.5,627811.565790246,0.0,0.0,1,1
17817,826062.5,627811.565790246,0.0,0.0,1,1
17818,826062.5,627811.565790246,0.0,0.0,1,1
17819,826062.5,627811.565790246,0.0,0.0,1,1
17820,826062.5,627811.565790246,0.0,0.0,1,1
17821,826062.5,627811.565790246,0.0,0.0,1,1
17822,826062.5,627811.565790246,0.0,0.0,1,1
17823,826062.5,627811.565790246,0.0,0.0,1,1
17824,826062.5,627811.565790246,0.0,0.0,1,1
17825,826062.5,627811.565790246,0.0,0.0,1,1
17826,826062.5,627811.565790246,0.0,0.0,1,1
17827,826062.5,627811.565790246,0.0,0.0,1,1
17828,826062.5,627811.565790246,0.0,0.0,1,1
17829,826062.5,627811.565790246,0.0,0.0,1,1
17830,826062.5,627811.565790246,0.0,0.0,1,1
17831,826062.5,627811.565790246,0.0,0.0,1,1
17832,826062.5,627811.565790246,0.0,0.0,1,1
17833,826062.5,627811.565790246,0.0,0.0,1,1
17834,826062.5,627811.565790246,0.0,0.0,1,1
17835,826062.5,627811.565790246,0.0,0.0,1,1
17836,826062.5,627811.565790246,0.0,0.0,1,1
17837,826062.5,627811.565790246,0.0,0.0,1,1
17838,826062.5,627811.565790246,0.0,0.0,1,1
17839,826062.5,627811.565790246,0.0,0.0,1,1
17840,826062.5,627811.565790246,0.0,0.0,1,1
17841,826062.5,627811.565790246,0.0,0.0,1,1
17842,826062.5,627811.565790246,0.0,0.0,1,1
17843,826062.5,627811.565790246,0.0,0.0,1,1
17844,826062.5,627811.565790246,0.0,0.0,1,1
17845,826062.5,627811.565790246,0.0,0.0,1,1
17846,826062.5,627811.565790246,0.0,0.0,1,1
17847,826062.5,627811.565790246,0.0,0.0,1,1
17848,826062.5,627811.565790246,0.0,0.0,1,1
17849,826062.5,627811.565790246,0.0,0.0,1,1
17850,826062.5,627811.565790246,0.0,0.0,1,1
17851,826062.5,627811.565790246,0.0,0.0,1,1
17852,826062.5,627811.565790246,0.0,0.0,1,1
17853,826062.5,627811.565790246,0.0,0.0,1,1
17854,826062.5,627811.565790246,0.0,0.0,1,1
17855,826062.5,627811.565790246,0.0,0.0,1,1
17856,826062.5,627811.565790246,0.0,0.0,1,1
17857,826062.5,627811.565790246,0.0,0.0,1,1
17858,826062.5,627811.565790246,0.0,0.0,1,1
17859,826062.5,627811.565790246,0.0,0.0,1,1
17860,826062.5,627811.565790246,0.0,0.0,1,1
17861,826062.5,627811.565790246,0.0,0.0,1,1
17862,826062.5,627811.565790246,0.0,0.0,1,1
17863,825987.5,627811.565790246,0.0,0.0,1,1
17864,825987.5,627811.565790246,0.0,0.0,1,1
17865,825987.5,627811.565790246,0.0,0.0,1,1
17866,825987.5,627811.565790246,0.0,0.0,1,1
17867,825987.5,627811.565790246,0.0,0.0,1,1
17868,825987.5,627811.565790246,0.0,0.0,1,1
17869,825987.5,627811.565790246,0.0,0.0,1,1
17870,825987.5,627811.565790246,0.0,0.0,1,1
17871,825987.5,627811.565790246,0.0,0.0,1,1
17872,825987.5,627811.565790246,0.0,0.0,1,1
17873,825987.5,627811.565790246,0.0,0.0,1,1
17874,825987.5,627811.565790246,0.0,0.0,1,1
17875,825947.0,627811.565790246,0.0,0.0,1,1
17876,825947.0,627811.565790246,0.0,0.0,1,1
17877,825947.0,627811.565790246,0.0,0.0,1,1
17878,825947.0,627811.565790246,0.0,0.0,1,1
17879,825947.0,627811.565790246,0.0,0.0,1,1
17880,825947.0,627811.565790246,0.0,0.0,1,1
17881,825947.0,627811.565790246,0.0,0.0,1,1
17882,825947.0,627811.565790246,0.0,0.0,1,1
17883,825947.0,627811.565790246,0.0,0.0,1,1
17884,825947.0,627811.565790246,0.0,0.0,1,1
17885,825947.0,627811.565790246,0.0,0.0,1,1
17886,825947.0,627811.565790246,0.0,0.0,1,1
17887,825947.0,627811.565790246,0.0,0.0,1,1
17888,825947.0,627811.565790246,0.0,0.0,1,1
17889,825947.0,627811.565790246,0.0,0.0,1,1
17890,825947.0,627811.565790246,0.0,0.0,1,1
17891,825947.0,627811.565790246,0.0,0.0,1,1
17892,827003.0,627811.565790246,0.0,0.0,1,1
17893,827003.0,627811.565790246,0.0,0.0,1,1
17894,827003.0,627811.565790246,0.0,0.0,1,1
17895,827003.0,627811.565790246,0.0,0.0,1,1
17896,827003.0,627811.565790246,0.0,0.0,1,1
17897,827003.0,627811.565790246,0.0,0.0,1,1
17898,827003.0,627811.565790246,0.0,0.0,1,1
17899,827003.0,627811.565790246,0.0,0.0,1,1
17900,827225.5,627811.565790246,0.0,0.0,1,1
17901,827225.5,627811.565790246,0.0,0.0,1,1
17902,827225.5,627811.565790246,0.0,0.0,1,1
17903,827225.5,627811.565790246,0.0,0.0,1,1
17904,827225.5,627811.565790246,0.0,0.0,1,1
17905,827225.5,627811.565790246,0.0,0.0,1,1
17906,827109.0,627811.565790246,0.0,0.0,1,1
17907,827109.0,627811.565790246,0.0,0.0,1,1
17908,827109.0,627811.565790246,0.0,0.0,1,1
17909,827355.5,627811.565790246,0.0,0.0,1,1
17910,827355.5,627811.565790246,0.0,0.0,1,1
17911,827355.5,627811.565790246,0.0,0.0,1,1
17912,827355.5,627811.565790246,0.0,0.0,1,1
17913,827355.5,627811.565790246,0.0,0.0,1,1
17914,827355.5,627811.565790246,0.0,0.0,1,1
17915,827355.5,627811.565790246,0.0,0.0,1,1
17916,827355.5,627811.565790246,0.0,0.0,1,1
17917,827355.5,627811.565790246,0.0,0.0,1,1
17918,827355.5,627811.565790246,0.0,0.0,1,1
17919,827355.5,627811.565790246,0.0,0.0,1,1
17920,827355.5,627811.565790246,0.0,0.0,1,1
17921,827355.5,627811.565790246,0.0,0.0,1,1
17922,827355.5,627811.565790246,0.0,0.0,1,1
17923,827355.5,627811.565790246,0.0,0.0,1,1
17924,827355.5,627811.565790246,0.0,0.0,1,1
17925,827355.5,627811.565790246,0.0,0.0,1,1
17926,827355.5,627811.565790246,0.0,0.0,1,1
17927,827355.5,627811.565790246,0.0,0.0,1,1
17928,827355.5,627811.565790246,0.0,0.0,1,1
17929,827355.5,627811.565790246,0.0,0.0,1,1
17930,827355.5,627811.565790246,0.0,0.0,1,1
17931,827355.5,627811.565790246,0.0,0.0,1,1
17932,827355.5,627811.565790246,0.0,0.0,1,1
17933,827355.5,627811.565790246,0.0,0.0,1,1
17934,827355.5,627811.565790246,0.0,0.0,1,1
17935,827355.5,627811.565790246,0.0,0.0,1,1
17936,827355.5,627811.565790246,0.0,0.0,1,1
17937,827355.5,627811.565790246,0.0,0.0,1,1
17938,827355.5,627811.565790246,0.0,0.0,1,1
17939,827355.5,627811.565790246,0.0,0.0,1,1
17940,827355.5,627811.565790246,0.0,0.0,1,1
17941,827355.5,627811.565790246,0.0,0.0,1,1
17942,827355.5,627811.565790246,0.0,0.0,1,1
17943,827355.5,627811.565790246,0.0,0.0,1,1
17944,828328.5,627811.565790246,0.0,0.0,1,1
17945,828328.5,627811.565790246,0.0,0.0,1,1
17946,828328.5,627811.565790246,0.0,0.0,1,1
17947,828328.5,627811.565790246,0.0,0.0,1,1
17948,828328.5,627811.565790246,0.0,0.0,1,1
17949,828328.5,627811.565790246,0.0,0.0,1,1
17950,828328.5,627811.565790246,0.0,0.0,1,1
17951,828328.5,627811.565790246,0.0,0.0,1,1
17952,828740.5,627811.565790246,0.0,0.0,1,1
17953,827871.5,627811.565790246,0.0,0.0,1,1
17954,827871.5,627811.565790246,0.0,0.0,1,1
17955,827871.5,627811.565790246,0.0,0.0,1,1
17956,827871.5,627811.565790246,0.0,0.0,1,1
17957,827871.5,627811.565790246,0.0,0.0,1,1
17958,827871.5,627811.565790246,0.0,0.0,1,1
17959,827871.5,627811.565790246,0.0,0.0,1,1
17960,828480.5,627811.565790246,0.0,0.0,1,1
17961,828480.5,627811.565790246,0.0,0.0,1,1
17962,828480.5,627811.565790246,0.0,0.0,1,1
17963,828480.5,627811.565790246,0.0,0.0,1,1
17964,828480.5,627811.565790246,0.0,0.0,1,1
17965,828480.5,627811.565790246,0.0,0.0,1,1
17966,828480.5,627811.565790246,0.0,0.0,1,1
17967,828480.5,627811.565790246,0.0,0.0,1,1
17968,828480.5,627811.565790246,0.0,0.0,1,1
17969,828480.5,627811.565790246,0.0,0.0,1,1
17970,828480.5,627811.565790246,0.0,0.0,1,1
17971,828480.5,627811.565790246,0.0,0.0,1,1
17972,828480.5,627811.565790246,0.0,0.0,1,1
17973,828380.5,627811.565790246,0.0,0.0,1,1
17974,828380.5,627811.565790246,0.0,0.0,1,1
17975,828380.5,627811.565790246,0.0,0.0,1,1
17976,828380.5,627811.565790246,0.0,0.0,1,1
17977,828380.5,627811.565790246,0.0,0.0,1,1
17978,828380.5,627811.565790246,0.0,0.0,1,1
17979,828380.5,627811.565790246,0.0,0.0,1,1
17980,828380.5,627811.565790246,0.0,0.0,1,1
17981,828380.5,627811.565790246,0.0,0.0,1,1
17982,828380.5,627811.565790246,0.0,0.0,1,1
17983,828380.5,627811.565790246,0.0,0.0,1,1
17984,828380.5,627811.565790246,0.0,0.0,1,1
17985,828380.5,627811.565790246,0.0,0.0,1,1
17986,828380.5,627811.565790246,0.0,0.0,1,1
17987,828380.5,627811.565790246,0.0,0.0,1,1
17988,828380.5,627811.565790246,0.0,0.0,1,1
17989,828380.5,627811.565790246,0.0,0.0,1,1
17990,828380.5,627811.565790246,0.0,0.0,1,1
17991,828380.5,627811.565790246,0.0,0.0,1,1
17992,828380.5,627811.565790246,0.0,0.0,1,1
17993,828380.5,627811.565790246,0.0,0.0,1,1
17994,828380.5,627811.565790246,0.0,0.0,1,1
17995,828380.5,627811.565790246,0.0,0.0,1,1
17996,828380.5,627811.565790246,0.0,0.0,1,1
17997,828380.5,627811.565790246,0.0,0.0,1,1
17998,828380.5,627811.565790246,0.0,0.0,1,1
17999,828380.5,627811.565790246,0.0,0.0,1,1
18000,828380.5,627811.565790246,0.0,0.0,1,1
