iteration,current_hpwl,best_hpwl,current_overflow,best_overflow,current_feasible,best_feasible
1,457592.0,457592.0,0.0,0.0,1,1
2,463275.0,457592.0,0.0,0.0,1,1
3,463275.0,457592.0,0.0,0.0,1,1
4,463275.0,457592.0,0.0,0.0,1,1
5,463275.0,457592.0,0.0,0.0,1,1
6,463404.5,457592.0,0.0,0.0,1,1
7,463404.5,457592.0,0.0,0.0,1,1
8,463404.5,457592.0,0.0,0.0,1,1
9,463404.5,457592.0,0.0,0.0,1,1
10,463276.5,457592.0,0.0,0.0,1,1
11,463276.5,457592.0,0.0,0.0,1,1
12,463276.5,457592.0,0.0,0.0,1,1
13,463276.5,457592.0,0.0,0.0,1,1
14,463128.5,457592.0,0.0,0.0,1,1
15,463128.5,457592.0,0.0,0.0,1,1
16,463128.5,457592.0,0.0,0.0,1,1
17,463128.5,457592.0,0.0,0.0,1,1
18,467499.5,457592.0,0.0,0.0,1,1
19,467499.5,457592.0,0.0,0.0,1,1
20,467499.5,457592.0,0.0,0.0,1,1
21,467499.5,457592.0,0.0,0.0,1,1
22,467499.5,457592.0,0.0,0.0,1,1
23,467735.0,457592.0,0.0,0.0,1,1
24,467735.0,457592.0,0.0,0.0,1,1
25,467735.0,457592.0,0.0,0.0,1,1
26,467735.0,457592.0,0.0,0.0,1,1
27,467735.0,457592.0,0.0,0.0,1,1
28,467735.0,457592.0,0.0,0.0,1,1
29,467991.5,457592.0,0.0,0.0,1,1
30,467991.5,457592.0,0.0,0.0,1,1
31,467991.5,457592.0,0.0,0.0,1,1
32,469755.5,457592.0,0.0,0.0,1,1
33,469755.5,457592.0,0.0,0.0,1,1
34,469755.5,457592.0,0.0,0.0,1,1
35,469755.5,457592.0,0.0,0.0,1,1
36,469755.5,457592.0,0.0,0.0,1,1
37,469755.5,457592.0,0.0,0.0,1,1
38,469755.5,457592.0,0.0,0.0,1,1
39,469755.5,457592.0,0.0,0.0,1,1
40,469755.5,457592.0,0.0,0.0,1,1
41,469755.5,457592.0,0.0,0.0,1,1
42,469755.5,457592.0,0.0,0.0,1,1
43,469755.5,457592.0,0.0,0.0,1,1
44,469755.5,457592.0,0.0,0.0,1,1
45,469755.5,457592.0,0.0,0.0,1,1
46,470131.0,457592.0,0.0,0.0,1,1
47,470131.0,457592.0,0.0,0.0,1,1
48,470131.0,457592.0,0.0,0.0,1,1
49,470131.0,457592.0,0.0,0.0,1,1
50,470131.0,457592.0,0.0,0.0,1,1
51,470131.0,457592.0,0.0,0.0,1,1
52,470131.0,457592.0,0.0,0.0,1,1
53,470131.0,457592.0,0.0,0.0,1,1
54,470560.0,457592.0,0.0,0.0,1,1
55,470457.5,457592.0,0.0,0.0,1,1
56,470457.5,457592.0,0.0,0.0,1,1
57,470457.5,457592.0,0.0,0.0,1,1
58,470457.5,457592.0,0.0,0.0,1,1
59,470457.5,457592.0,0.0,0.0,1,1
60,470457.5,457592.0,0.0,0.0,1,1
61,470457.5,457592.0,0.0,0.0,1,1
62,470457.5,457592.0,0.0,0.0,1,1
63,470393.5,457592.0,0.0,0.0,1,1
64,470393.5,457592.0,0.0,0.0,1,1
65,470393.5,457592.0,0.0,0.0,1,1
66,470393.5,457592.0,0.0,0.0,1,1
67,470393.5,457592.0,0.0,0.0,1,1
68,470393.5,457592.0,0.0,0.0,1,1
69,470393.5,457592.0,0.0,0.0,1,1
70,470393.5,457592.0,0.0,0.0,1,1
71,470393.5,457592.0,0.0,0.0,1,1
72,471507.5,457592.0,0.0,0.0,1,1
73,471507.5,457592.0,0.0,0.0,1,1
74,471507.5,457592.0,0.0,0.0,1,1
75,471507.5,457592.0,0.0,0.0,1,1
76,471507.5,457592.0,0.0,0.0,1,1
77,471507.5,457592.0,0.0,0.0,1,1
78,471507.5,457592.0,0.0,0.0,1,1
79,471507.5,457592.0,0.0,0.0,1,1
80,471507.5,457592.0,0.0,0.0,1,1
81,471610.0,457592.0,0.0,0.0,1,1
82,471610.0,457592.0,0.0,0.0,1,1
83,471610.0,457592.0,0.0,0.0,1,1
84,471610.0,457592.0,0.0,0.0,1,1
85,471610.0,457592.0,0.0,0.0,1,1
86,471610.0,457592.0,0.0,0.0,1,1
87,471610.0,457592.0,0.0,0.0,1,1
88,471610.0,457592.0,0.0,0.0,1,1
89,471610.0,457592.0,0.0,0.0,1,1
90,471348.5,457592.0,0.0,0.0,1,1
91,475482.5,457592.0,0.0,0.0,1,1
92,475482.5,457592.0,0.0,0.0,1,1
93,475482.5,457592.0,0.0,0.0,1,1
94,475482.5,457592.0,0.0,0.0,1,1
95,475482.5,457592.0,0.0,0.0,1,1
96,475482.5,457592.0,0.0,0.0,1,1
97,475482.5,457592.0,0.0,0.0,1,1
98,475482.5,457592.0,0.0,0.0,1,1
99,475482.5,457592.0,0.0,0.0,1,1
100,475482.5,457592.0,0.0,0.0,1,1
101,475482.5,457592.0,0.0,0.0,1,1
102,475482.5,457592.0,0.0,0.0,1,1
103,475482.5,457592.0,0.0,0.0,1,1
104,475482.5,457592.0,0.0,0.0,1,1
105,475482.5,457592.0,0.0,0.0,1,1
106,475482.5,457592.0,0.0,0.0,1,1
107,475482.5,457592.0,0.0,0.0,1,1
108,475482.5,457592.0,0.0,0.0,1,1
109,475461.0,457592.0,0.0,0.0,1,1
110,475461.0,457592.0,0.0,0.0,1,1
111,475461.0,457592.0,0.0,0.0,1,1
112,475461.0,457592.0,0.0,0.0,1,1
113,475461.0,457592.0,0.0,0.0,1,1
114,475461.0,457592.0,0.0,0.0,1,1
115,475754.0,457592.0,0.0,0.0,1,1
116,475754.0,457592.0,0.0,0.0,1,1
117,476117.5,457592.0,0.0,0.0,1,1
118,476117.5,457592.0,0.0,0.0,1,1
119,476117.5,457592.0,0.0,0.0,1,1
120,476117.5,457592.0,0.0,0.0,1,1
121,476117.5,457592.0,0.0,0.0,1,1
122,476117.5,457592.0,0.0,0.0,1,1
123,476117.5,457592.0,0.0,0.0,1,1
124,476117.5,457592.0,0.0,0.0,1,1
125,476117.5,457592.0,0.0,0.0,1,1
126,476117.5,457592.0,0.0,0.0,1,1
127,476117.5,457592.0,0.0,0.0,1,1
128,476117.5,457592.0,0.0,0.0,1,1
129,476117.5,457592.0,0.0,0.0,1,1
130,476117.5,457592.0,0.0,0.0,1,1
131,476117.5,457592.0,0.0,0.0,1,1
132,475296.0,457592.0,0.0,0.0,1,1
133,475296.0,457592.0,0.0,0.0,1,1
134,475296.0,457592.0,0.0,0.0,1,1
135,475296.0,457592.0,0.0,0.0,1,1
136,475296.0,457592.0,0.0,0.0,1,1
137,475296.0,457592.0,0.0,0.0,1,1
138,475296.0,457592.0,0.0,0.0,1,1
139,475296.0,457592.0,0.0,0.0,1,1
140,475296.0,457592.0,0.0,0.0,1,1
141,475296.0,457592.0,0.0,0.0,1,1
142,475266.0,457592.0,0.0,0.0,1,1
143,475266.0,457592.0,0.0,0.0,1,1
144,475266.0,457592.0,0.0,0.0,1,1
145,475266.0,457592.0,0.0,0.0,1,1
146,475266.0,457592.0,0.0,0.0,1,1
147,475266.0,457592.0,0.0,0.0,1,1
148,475266.0,457592.0,0.0,0.0,1,1
149,476740.0,457592.0,0.0,0.0,1,1
150,476740.0,457592.0,0.0,0.0,1,1
151,476740.0,457592.0,0.0,0.0,1,1
152,476740.0,457592.0,0.0,0.0,1,1
153,476740.0,457592.0,0.0,0.0,1,1
154,476740.0,457592.0,0.0,0.0,1,1
155,476740.0,457592.0,0.0,0.0,1,1
156,476740.0,457592.0,0.0,0.0,1,1
157,476740.0,457592.0,0.0,0.0,1,1
158,476740.0,457592.0,0.0,0.0,1,1
159,476740.0,457592.0,0.0,0.0,1,1
160,476748.0,457592.0,0.0,0.0,1,1
161,476748.0,457592.0,0.0,0.0,1,1
162,476748.0,457592.0,0.0,0.0,1,1
163,476748.0,457592.0,0.0,0.0,1,1
164,476748.0,457592.0,0.0,0.0,1,1
165,476748.0,457592.0,0.0,0.0,1,1
166,476748.0,457592.0,0.0,0.0,1,1
167,476748.0,457592.0,0.0,0.0,1,1
168,476748.0,457592.0,0.0,0.0,1,1
169,476748.0,457592.0,0.0,0.0,1,1
170,476748.0,457592.0,0.0,0.0,1,1
171,476748.0,457592.0,0.0,0.0,1,1
172,476748.0,457592.0,0.0,0.0,1,1
173,476748.0,457592.0,0.0,0.0,1,1
174,476748.0,457592.0,0.0,0.0,1,1
175,476748.0,457592.0,0.0,0.0,1,1
176,476748.0,457592.0,0.0,0.0,1,1
177,476748.0,457592.0,0.0,0.0,1,1
178,476748.0,457592.0,0.0,0.0,1,1
179,476748.0,457592.0,0.0,0.0,1,1
180,476748.0,457592.0,0.0,0.0,1,1
181,476685.0,457592.0,0.0,0.0,1,1
182,476685.0,457592.0,0.0,0.0,1,1
183,476685.0,457592.0,0.0,0.0,1,1
184,476685.0,457592.0,0.0,0.0,1,1
185,476685.0,457592.0,0.0,0.0,1,1
186,476685.0,457592.0,0.0,0.0,1,1
187,476685.0,457592.0,0.0,0.0,1,1
188,476685.0,457592.0,0.0,0.0,1,1
189,476685.0,457592.0,0.0,0.0,1,1
190,476685.0,457592.0,0.0,0.0,1,1
191,476679.0,457592.0,0.0,0.0,1,1
192,476679.0,457592.0,0.0,0.0,1,1
193,476679.0,457592.0,0.0,0.0,1,1
194,476679.0,457592.0,0.0,0.0,1,1
195,476679.0,457592.0,0.0,0.0,1,1
196,476679.0,457592.0,0.0,0.0,1,1
197,476679.0,457592.0,0.0,0.0,1,1
198,476679.0,457592.0,0.0,0.0,1,1
199,476679.0,457592.0,0.0,0.0,1,1
200,476679.0,457592.0,0.0,0.0,1,1
201,476679.0,457592.0,0.0,0.0,1,1
202,476679.0,457592.0,0.0,0.0,1,1
203,476679.0,457592.0,0.0,0.0,1,1
204,476679.0,457592.0,0.0,0.0,1,1
205,476679.0,457592.0,0.0,0.0,1,1
206,476679.0,457592.0,0.0,0.0,1,1
207,476679.0,457592.0,0.0,0.0,1,1
208,476679.0,457592.0,0.0,0.0,1,1
209,476679.0,457592.0,0.0,0.0,1,1
210,476679.0,457592.0,0.0,0.0,1,1
211,476679.0,457592.0,0.0,0.0,1,1
212,476679.0,457592.0,0.0,0.0,1,1
213,476679.0,457592.0,0.0,0.0,1,1
214,476605.0,457592.0,0.0,0.0,1,1
215,476605.0,457592.0,0.0,0.0,1,1
216,476605.0,457592.0,0.0,0.0,1,1
217,476605.0,457592.0,0.0,0.0,1,1
218,476605.0,457592.0,0.0,0.0,1,1
219,476605.0,457592.0,0.0,0.0,1,1
220,476605.0,457592.0,0.0,0.0,1,1
221,476605.0,457592.0,0.0,0.0,1,1
222,476605.0,457592.0,0.0,0.0,1,1
223,476605.0,457592.0,0.0,0.0,1,1
224,476605.0,457592.0,0.0,0.0,1,1
225,476605.0,457592.0,0.0,0.0,1,1
226,476605.0,457592.0,0.0,0.0,1,1
227,476605.0,457592.0,0.0,0.0,1,1
228,476605.0,457592.0,0.0,0.0,1,1
229,476605.0,457592.0,0.0,0.0,1,1
230,476605.0,457592.0,0.0,0.0,1,1
231,476605.0,457592.0,0.0,0.0,1,1
232,476605.0,457592.0,0.0,0.0,1,1
233,476605.0,457592.0,0.0,0.0,1,1
234,476605.0,457592.0,0.0,0.0,1,1
235,476605.0,457592.0,0.0,0.0,1,1
236,476605.0,457592.0,0.0,0.0,1,1
237,476605.0,457592.0,0.0,0.0,1,1
238,474896.0,457592.0,0.0,0.0,1,1
239,474896.0,457592.0,0.0,0.0,1,1
240,474896.0,457592.0,0.0,0.0,1,1
241,474896.0,457592.0,0.0,0.0,1,1
242,474896.0,457592.0,0.0,0.0,1,1
243,474896.0,457592.0,0.0,0.0,1,1
244,474896.0,457592.0,0.0,0.0,1,1
245,474896.0,457592.0,0.0,0.0,1,1
246,474896.0,457592.0,0.0,0.0,1,1
247,479231.5,457592.0,0.0,0.0,1,1
248,479231.5,457592.0,0.0,0.0,1,1
249,479231.5,457592.0,0.0,0.0,1,1
250,479231.5,457592.0,0.0,0.0,1,1
251,479727.5,457592.0,0.0,0.0,1,1
252,479727.5,457592.0,0.0,0.0,1,1
253,479727.5,457592.0,0.0,0.0,1,1
254,479727.5,457592.0,0.0,0.0,1,1
255,479727.5,457592.0,0.0,0.0,1,1
256,479727.5,457592.0,0.0,0.0,1,1
257,479727.5,457592.0,0.0,0.0,1,1
258,479727.5,457592.0,0.0,0.0,1,1
259,479727.5,457592.0,0.0,0.0,1,1
260,479727.5,457592.0,0.0,0.0,1,1
261,479727.5,457592.0,0.0,0.0,1,1
262,479727.5,457592.0,0.0,0.0,1,1
263,479727.5,457592.0,0.0,0.0,1,1
264,479727.5,457592.0,0.0,0.0,1,1
265,479471.5,457592.0,0.0,0.0,1,1
266,479471.5,457592.0,0.0,0.0,1,1
267,479471.5,457592.0,0.0,0.0,1,1
268,479471.5,457592.0,0.0,0.0,1,1
269,479471.5,457592.0,0.0,0.0,1,1
270,479471.5,457592.0,0.0,0.0,1,1
271,479471.5,457592.0,0.0,0.0,1,1
272,479471.5,457592.0,0.0,0.0,1,1
273,479471.5,457592.0,0.0,0.0,1,1
274,479471.5,457592.0,0.0,0.0,1,1
275,479471.5,457592.0,0.0,0.0,1,1
276,479471.5,457592.0,0.0,0.0,1,1
277,479471.5,457592.0,0.0,0.0,1,1
278,479471.5,457592.0,0.0,0.0,1,1
279,479471.5,457592.0,0.0,0.0,1,1
280,479471.5,457592.0,0.0,0.0,1,1
281,479471.5,457592.0,0.0,0.0,1,1
282,479471.5,457592.0,0.0,0.0,1,1
283,479471.5,457592.0,0.0,0.0,1,1
284,479471.5,457592.0,0.0,0.0,1,1
285,479833.0,457592.0,0.0,0.0,1,1
286,479833.0,457592.0,0.0,0.0,1,1
287,479833.0,457592.0,0.0,0.0,1,1
288,479833.0,457592.0,0.0,0.0,1,1
289,479833.0,457592.0,0.0,0.0,1,1
290,479833.0,457592.0,0.0,0.0,1,1
291,479833.0,457592.0,0.0,0.0,1,1
292,479833.0,457592.0,0.0,0.0,1,1
293,479833.0,457592.0,0.0,0.0,1,1
294,479833.0,457592.0,0.0,0.0,1,1
295,479833.0,457592.0,0.0,0.0,1,1
296,479833.0,457592.0,0.0,0.0,1,1
297,479833.0,457592.0,0.0,0.0,1,1
298,479833.0,457592.0,0.0,0.0,1,1
299,479833.0,457592.0,0.0,0.0,1,1
300,479943.5,457592.0,0.0,0.0,1,1
301,479943.5,457592.0,0.0,0.0,1,1
302,479943.5,457592.0,0.0,0.0,1,1
303,479943.5,457592.0,0.0,0.0,1,1
304,479659.0,457592.0,0.0,0.0,1,1
305,479659.0,457592.0,0.0,0.0,1,1
306,479659.0,457592.0,0.0,0.0,1,1
307,479659.0,457592.0,0.0,0.0,1,1
308,479659.0,457592.0,0.0,0.0,1,1
309,479659.0,457592.0,0.0,0.0,1,1
310,479659.0,457592.0,0.0,0.0,1,1
311,479659.0,457592.0,0.0,0.0,1,1
312,479659.0,457592.0,0.0,0.0,1,1
313,479659.0,457592.0,0.0,0.0,1,1
314,479864.0,457592.0,0.0,0.0,1,1
315,479864.0,457592.0,0.0,0.0,1,1
316,479864.0,457592.0,0.0,0.0,1,1
317,479318.0,457592.0,0.0,0.0,1,1
318,479318.0,457592.0,0.0,0.0,1,1
319,479237.0,457592.0,0.0,0.0,1,1
320,479237.0,457592.0,0.0,0.0,1,1
321,479237.0,457592.0,0.0,0.0,1,1
322,479237.0,457592.0,0.0,0.0,1,1
323,479237.0,457592.0,0.0,0.0,1,1
324,479237.0,457592.0,0.0,0.0,1,1
325,479237.0,457592.0,0.0,0.0,1,1
326,479237.0,457592.0,0.0,0.0,1,1
327,479237.0,457592.0,0.0,0.0,1,1
328,479237.0,457592.0,0.0,0.0,1,1
329,479237.0,457592.0,0.0,0.0,1,1
330,479237.0,457592.0,0.0,0.0,1,1
331,479237.0,457592.0,0.0,0.0,1,1
332,479237.0,457592.0,0.0,0.0,1,1
333,479237.0,457592.0,0.0,0.0,1,1
334,479237.0,457592.0,0.0,0.0,1,1
335,479210.0,457592.0,0.0,0.0,1,1
336,479210.0,457592.0,0.0,0.0,1,1
337,479210.0,457592.0,0.0,0.0,1,1
338,479210.0,457592.0,0.0,0.0,1,1
339,479210.0,457592.0,0.0,0.0,1,1
340,479210.0,457592.0,0.0,0.0,1,1
341,479210.0,457592.0,0.0,0.0,1,1
342,479210.0,457592.0,0.0,0.0,1,1
343,479210.0,457592.0,0.0,0.0,1,1
344,479210.0,457592.0,0.0,0.0,1,1
345,479210.0,457592.0,0.0,0.0,1,1
346,479210.0,457592.0,0.0,0.0,1,1
347,479230.5,457592.0,0.0,0.0,1,1
348,479230.5,457592.0,0.0,0.0,1,1
349,479230.5,457592.0,0.0,0.0,1,1
350,479230.5,457592.0,0.0,0.0,1,1
351,479230.5,457592.0,0.0,0.0,1,1
352,479230.5,457592.0,0.0,0.0,1,1
353,479230.5,457592.0,0.0,0.0,1,1
354,479230.5,457592.0,0.0,0.0,1,1
355,479230.5,457592.0,0.0,0.0,1,1
356,479230.5,457592.0,0.0,0.0,1,1
357,479230.5,457592.0,0.0,0.0,1,1
358,479230.5,457592.0,0.0,0.0,1,1
359,479230.5,457592.0,0.0,0.0,1,1
360,479230.5,457592.0,0.0,0.0,1,1
361,479230.5,457592.0,0.0,0.0,1,1
362,479230.5,457592.0,0.0,0.0,1,1
363,479230.5,457592.0,0.0,0.0,1,1
364,479230.5,457592.0,0.0,0.0,1,1
365,479230.5,457592.0,0.0,0.0,1,1
366,479230.5,457592.0,0.0,0.0,1,1
367,479230.5,457592.0,0.0,0.0,1,1
368,479230.5,457592.0,0.0,0.0,1,1
369,479230.5,457592.0,0.0,0.0,1,1
370,479230.5,457592.0,0.0,0.0,1,1
371,479218.0,457592.0,0.0,0.0,1,1
372,479218.0,457592.0,0.0,0.0,1,1
373,479218.0,457592.0,0.0,0.0,1,1
374,479218.0,457592.0,0.0,0.0,1,1
375,479218.0,457592.0,0.0,0.0,1,1
376,479218.0,457592.0,0.0,0.0,1,1
377,479218.0,457592.0,0.0,0.0,1,1
378,479218.0,457592.0,0.0,0.0,1,1
379,479218.0,457592.0,0.0,0.0,1,1
380,479218.0,457592.0,0.0,0.0,1,1
381,479218.0,457592.0,0.0,0.0,1,1
382,479218.0,457592.0,0.0,0.0,1,1
383,479218.0,457592.0,0.0,0.0,1,1
384,478935.5,457592.0,0.0,0.0,1,1
385,478935.5,457592.0,0.0,0.0,1,1
386,478935.5,457592.0,0.0,0.0,1,1
387,478935.5,457592.0,0.0,0.0,1,1
388,478935.5,457592.0,0.0,0.0,1,1
389,478935.5,457592.0,0.0,0.0,1,1
390,478935.5,457592.0,0.0,0.0,1,1
391,478935.5,457592.0,0.0,0.0,1,1
392,478935.5,457592.0,0.0,0.0,1,1
393,478935.5,457592.0,0.0,0.0,1,1
394,478935.5,457592.0,0.0,0.0,1,1
395,478935.5,457592.0,0.0,0.0,1,1
396,478935.5,457592.0,0.0,0.0,1,1
397,478935.5,457592.0,0.0,0.0,1,1
398,478935.5,457592.0,0.0,0.0,1,1
399,478935.5,457592.0,0.0,0.0,1,1
400,478935.5,457592.0,0.0,0.0,1,1
401,478935.5,457592.0,0.0,0.0,1,1
402,478935.5,457592.0,0.0,0.0,1,1
403,478935.5,457592.0,0.0,0.0,1,1
404,478935.5,457592.0,0.0,0.0,1,1
405,478935.5,457592.0,0.0,0.0,1,1
406,478935.5,457592.0,0.0,0.0,1,1
407,478935.5,457592.0,0.0,0.0,1,1
408,478935.5,457592.0,0.0,0.0,1,1
409,478873.5,457592.0,0.0,0.0,1,1
410,478873.5,457592.0,0.0,0.0,1,1
411,478932.5,457592.0,0.0,0.0,1,1
412,478932.5,457592.0,0.0,0.0,1,1
413,478932.5,457592.0,0.0,0.0,1,1
414,478211.5,457592.0,0.0,0.0,1,1
415,478211.5,457592.0,0.0,0.0,1,1
416,478211.5,457592.0,0.0,0.0,1,1
417,478211.5,457592.0,0.0,0.0,1,1
418,478211.5,457592.0,0.0,0.0,1,1
419,478211.5,457592.0,0.0,0.0,1,1
420,478211.5,457592.0,0.0,0.0,1,1
421,478211.5,457592.0,0.0,0.0,1,1
422,478388.0,457592.0,0.0,0.0,1,1
423,478388.0,457592.0,0.0,0.0,1,1
424,478388.0,457592.0,0.0,0.0,1,1
425,478388.0,457592.0,0.0,0.0,1,1
426,478388.0,457592.0,0.0,0.0,1,1
427,478388.0,457592.0,0.0,0.0,1,1
428,478388.0,457592.0,0.0,0.0,1,1
429,478388.0,457592.0,0.0,0.0,1,1
430,478388.0,457592.0,0.0,0.0,1,1
431,478944.0,457592.0,0.0,0.0,1,1
432,478944.0,457592.0,0.0,0.0,1,1
433,478944.0,457592.0,0.0,0.0,1,1
434,478944.0,457592.0,0.0,0.0,1,1
435,478944.0,457592.0,0.0,0.0,1,1
436,478944.0,457592.0,0.0,0.0,1,1
437,479105.0,457592.0,0.0,0.0,1,1
438,479105.0,457592.0,0.0,0.0,1,1
439,479105.0,457592.0,0.0,0.0,1,1
440,479105.0,457592.0,0.0,0.0,1,1
441,479105.0,457592.0,0.0,0.0,1,1
442,479105.0,457592.0,0.0,0.0,1,1
443,479105.0,457592.0,0.0,0.0,1,1
444,479105.0,457592.0,0.0,0.0,1,1
445,479110.0,457592.0,0.0,0.0,1,1
446,479110.0,457592.0,0.0,0.0,1,1
447,479110.0,457592.0,0.0,0.0,1,1
448,479110.0,457592.0,0.0,0.0,1,1
449,479110.0,457592.0,0.0,0.0,1,1
450,479110.0,457592.0,0.0,0.0,1,1
451,479110.0,457592.0,0.0,0.0,1,1
452,479110.0,457592.0,0.0,0.0,1,1
453,479339.0,457592.0,0.0,0.0,1,1
454,479339.0,457592.0,0.0,0.0,1,1
455,479339.0,457592.0,0.0,0.0,1,1
456,479339.0,457592.0,0.0,0.0,1,1
457,479339.0,457592.0,0.0,0.0,1,1
458,479339.0,457592.0,0.0,0.0,1,1
459,479339.0,457592.0,0.0,0.0,1,1
460,479339.0,457592.0,0.0,0.0,1,1
461,479339.0,457592.0,0.0,0.0,1,1
462,479059.5,457592.0,0.0,0.0,1,1
463,479059.5,457592.0,0.0,0.0,1,1
464,479059.5,457592.0,0.0,0.0,1,1
465,479059.5,457592.0,0.0,0.0,1,1
466,479059.5,457592.0,0.0,0.0,1,1
467,479059.5,457592.0,0.0,0.0,1,1
468,479000.5,457592.0,0.0,0.0,1,1
469,479000.5,457592.0,0.0,0.0,1,1
470,479000.5,457592.0,0.0,0.0,1,1
471,479000.5,457592.0,0.0,0.0,1,1
472,479000.5,457592.0,0.0,0.0,1,1
473,479000.5,457592.0,0.0,0.0,1,1
474,479000.5,457592.0,0.0,0.0,1,1
475,479000.5,457592.0,0.0,0.0,1,1
476,479000.5,457592.0,0.0,0.0,1,1
477,479115.0,457592.0,0.0,0.0,1,1
478,479115.0,457592.0,0.0,0.0,1,1
479,479182.5,457592.0,0.0,0.0,1,1
480,480539.0,457592.0,0.0,0.0,1,1
481,480503.0,457592.0,0.0,0.0,1,1
482,480503.0,457592.0,0.0,0.0,1,1
483,480503.0,457592.0,0.0,0.0,1,1
484,480503.0,457592.0,0.0,0.0,1,1
485,480539.0,457592.0,0.0,0.0,1,1
486,480539.0,457592.0,0.0,0.0,1,1
487,478740.5,457592.0,0.0,0.0,1,1
488,478740.5,457592.0,0.0,0.0,1,1
489,478740.5,457592.0,0.0,0.0,1,1
490,478740.5,457592.0,0.0,0.0,1,1
491,478740.5,457592.0,0.0,0.0,1,1
492,478740.5,457592.0,0.0,0.0,1,1
493,478740.5,457592.0,0.0,0.0,1,1
494,478740.5,457592.0,0.0,0.0,1,1
495,478740.5,457592.0,0.0,0.0,1,1
496,478740.5,457592.0,0.0,0.0,1,1
497,478740.5,457592.0,0.0,0.0,1,1
498,478740.5,457592.0,0.0,0.0,1,1
499,478740.5,457592.0,0.0,0.0,1,1
500,478740.5,457592.0,0.0,0.0,1,1
501,478740.5,457592.0,0.0,0.0,1,1
502,478740.5,457592.0,0.0,0.0,1,1
503,478740.5,457592.0,0.0,0.0,1,1
504,478740.5,457592.0,0.0,0.0,1,1
505,478740.5,457592.0,0.0,0.0,1,1
506,478740.5,457592.0,0.0,0.0,1,1
507,478740.5,457592.0,0.0,0.0,1,1
508,478740.5,457592.0,0.0,0.0,1,1
509,478740.5,457592.0,0.0,0.0,1,1
510,478740.5,457592.0,0.0,0.0,1,1
511,478740.5,457592.0,0.0,0.0,1,1
512,478740.5,457592.0,0.0,0.0,1,1
513,478740.5,457592.0,0.0,0.0,1,1
514,478740.5,457592.0,0.0,0.0,1,1
515,478740.5,457592.0,0.0,0.0,1,1
516,478689.5,457592.0,0.0,0.0,1,1
517,478689.5,457592.0,0.0,0.0,1,1
518,478689.5,457592.0,0.0,0.0,1,1
519,478689.5,457592.0,0.0,0.0,1,1
520,478689.5,457592.0,0.0,0.0,1,1
521,478689.5,457592.0,0.0,0.0,1,1
522,478689.5,457592.0,0.0,0.0,1,1
523,478689.5,457592.0,0.0,0.0,1,1
524,478689.5,457592.0,0.0,0.0,1,1
525,478689.5,457592.0,0.0,0.0,1,1
526,478689.5,457592.0,0.0,0.0,1,1
527,478689.5,457592.0,0.0,0.0,1,1
528,478689.5,457592.0,0.0,0.0,1,1
529,478689.5,457592.0,0.0,0.0,1,1
530,478689.5,457592.0,0.0,0.0,1,1
531,478689.5,457592.0,0.0,0.0,1,1
532,478689.5,457592.0,0.0,0.0,1,1
533,478689.5,457592.0,0.0,0.0,1,1
534,478689.5,457592.0,0.0,0.0,1,1
535,478689.5,457592.0,0.0,0.0,1,1
536,478689.5,457592.0,0.0,0.0,1,1
537,478689.5,457592.0,0.0,0.0,1,1
538,478515.5,457592.0,0.0,0.0,1,1
539,478515.5,457592.0,0.0,0.0,1,1
540,478515.5,457592.0,0.0,0.0,1,1
541,478515.5,457592.0,0.0,0.0,1,1
542,478515.5,457592.0,0.0,0.0,1,1
543,478515.5,457592.0,0.0,0.0,1,1
544,478515.5,457592.0,0.0,0.0,1,1
545,478515.5,457592.0,0.0,0.0,1,1
546,478515.5,457592.0,0.0,0.0,1,1
547,478515.5,457592.0,0.0,0.0,1,1
548,478515.5,457592.0,0.0,0.0,1,1
549,478515.5,457592.0,0.0,0.0,1,1
550,478515.5,457592.0,0.0,0.0,1,1
551,478515.5,457592.0,0.0,0.0,1,1
552,478515.5,457592.0,0.0,0.0,1,1
553,478515.5,457592.0,0.0,0.0,1,1
554,478515.5,457592.0,0.0,0.0,1,1
555,478515.5,457592.0,0.0,0.0,1,1
556,478515.5,457592.0,0.0,0.0,1,1
557,478515.5,457592.0,0.0,0.0,1,1
558,478515.5,457592.0,0.0,0.0,1,1
559,478515.5,457592.0,0.0,0.0,1,1
560,478515.5,457592.0,0.0,0.0,1,1
561,478515.5,457592.0,0.0,0.0,1,1
562,478515.5,457592.0,0.0,0.0,1,1
563,478515.5,457592.0,0.0,0.0,1,1
564,478515.5,457592.0,0.0,0.0,1,1
565,478515.5,457592.0,0.0,0.0,1,1
566,478515.5,457592.0,0.0,0.0,1,1
567,478515.5,457592.0,0.0,0.0,1,1
568,478515.5,457592.0,0.0,0.0,1,1
569,478515.5,457592.0,0.0,0.0,1,1
570,478515.5,457592.0,0.0,0.0,1,1
571,478515.5,457592.0,0.0,0.0,1,1
572,478515.5,457592.0,0.0,0.0,1,1
573,478515.5,457592.0,0.0,0.0,1,1
574,478486.5,457592.0,0.0,0.0,1,1
575,478486.5,457592.0,0.0,0.0,1,1
576,478486.5,457592.0,0.0,0.0,1,1
577,478486.5,457592.0,0.0,0.0,1,1
578,478486.5,457592.0,0.0,0.0,1,1
579,478486.5,457592.0,0.0,0.0,1,1
580,478486.5,457592.0,0.0,0.0,1,1
581,478486.5,457592.0,0.0,0.0,1,1
582,478486.5,457592.0,0.0,0.0,1,1
583,478486.5,457592.0,0.0,0.0,1,1
584,478486.5,457592.0,0.0,0.0,1,1
585,478486.5,457592.0,0.0,0.0,1,1
586,478486.5,457592.0,0.0,0.0,1,1
587,478486.5,457592.0,0.0,0.0,1,1
588,478486.5,457592.0,0.0,0.0,1,1
589,478486.5,457592.0,0.0,0.0,1,1
590,478017.0,457592.0,0.0,0.0,1,1
591,478017.0,457592.0,0.0,0.0,1,1
592,478017.0,457592.0,0.0,0.0,1,1
593,478017.0,457592.0,0.0,0.0,1,1
594,478017.0,457592.0,0.0,0.0,1,1
595,478017.0,457592.0,0.0,0.0,1,1
596,478017.0,457592.0,0.0,0.0,1,1
597,478017.0,457592.0,0.0,0.0,1,1
598,478017.0,457592.0,0.0,0.0,1,1
599,478017.0,457592.0,0.0,0.0,1,1
600,478017.0,457592.0,0.0,0.0,1,1
601,478017.0,457592.0,0.0,0.0,1,1
602,478017.0,457592.0,0.0,0.0,1,1
603,478005.0,457592.0,0.0,0.0,1,1
604,478005.0,457592.0,0.0,0.0,1,1
605,478005.0,457592.0,0.0,0.0,1,1
606,478005.0,457592.0,0.0,0.0,1,1
607,478005.0,457592.0,0.0,0.0,1,1
608,478005.0,457592.0,0.0,0.0,1,1
609,478005.0,457592.0,0.0,0.0,1,1
610,478005.0,457592.0,0.0,0.0,1,1
611,478005.0,457592.0,0.0,0.0,1,1
612,478005.0,457592.0,0.0,0.0,1,1
613,478005.0,457592.0,0.0,0.0,1,1
614,478005.0,457592.0,0.0,0.0,1,1
615,478005.0,457592.0,0.0,0.0,1,1
616,478005.0,457592.0,0.0,0.0,1,1
617,477894.5,457592.0,0.0,0.0,1,1
618,477894.5,457592.0,0.0,0.0,1,1
619,477894.5,457592.0,0.0,0.0,1,1
620,477894.5,457592.0,0.0,0.0,1,1
621,477894.5,457592.0,0.0,0.0,1,1
622,477894.5,457592.0,0.0,0.0,1,1
623,477894.5,457592.0,0.0,0.0,1,1
624,477894.5,457592.0,0.0,0.0,1,1
625,477894.5,457592.0,0.0,0.0,1,1
626,477894.5,457592.0,0.0,0.0,1,1
627,477894.5,457592.0,0.0,0.0,1,1
628,477894.5,457592.0,0.0,0.0,1,1
629,477894.5,457592.0,0.0,0.0,1,1
630,477894.5,457592.0,0.0,0.0,1,1
631,477894.5,457592.0,0.0,0.0,1,1
632,477894.5,457592.0,0.0,0.0,1,1
633,477894.5,457592.0,0.0,0.0,1,1
634,477894.5,457592.0,0.0,0.0,1,1
635,477894.5,457592.0,0.0,0.0,1,1
636,477894.5,457592.0,0.0,0.0,1,1
637,477894.5,457592.0,0.0,0.0,1,1
638,477894.5,457592.0,0.0,0.0,1,1
639,477894.5,457592.0,0.0,0.0,1,1
640,477894.5,457592.0,0.0,0.0,1,1
641,477894.5,457592.0,0.0,0.0,1,1
642,477894.5,457592.0,0.0,0.0,1,1
643,477894.5,457592.0,0.0,0.0,1,1
644,477894.5,457592.0,0.0,0.0,1,1
645,477894.5,457592.0,0.0,0.0,1,1
646,477894.5,457592.0,0.0,0.0,1,1
647,477894.5,457592.0,0.0,0.0,1,1
648,477894.5,457592.0,0.0,0.0,1,1
649,477894.5,457592.0,0.0,0.0,1,1
650,477894.5,457592.0,0.0,0.0,1,1
651,477894.5,457592.0,0.0,0.0,1,1
652,477894.5,457592.0,0.0,0.0,1,1
653,477894.5,457592.0,0.0,0.0,1,1
654,477894.5,457592.0,0.0,0.0,1,1
655,477894.5,457592.0,0.0,0.0,1,1
656,477894.5,457592.0,0.0,0.0,1,1
657,477894.5,457592.0,0.0,0.0,1,1
658,477894.5,457592.0,0.0,0.0,1,1
659,477894.5,457592.0,0.0,0.0,1,1
660,477894.5,457592.0,0.0,0.0,1,1
661,477894.5,457592.0,0.0,0.0,1,1
662,477894.5,457592.0,0.0,0.0,1,1
663,477894.5,457592.0,0.0,0.0,1,1
664,477894.5,457592.0,0.0,0.0,1,1
665,477894.5,457592.0,0.0,0.0,1,1
666,477894.5,457592.0,0.0,0.0,1,1
667,477894.5,457592.0,0.0,0.0,1,1
668,477894.5,457592.0,0.0,0.0,1,1
669,477894.5,457592.0,0.0,0.0,1,1
670,477894.5,457592.0,0.0,0.0,1,1
671,477894.5,457592.0,0.0,0.0,1,1
672,477894.5,457592.0,0.0,0.0,1,1
673,477894.5,457592.0,0.0,0.0,1,1
674,477894.5,457592.0,0.0,0.0,1,1
675,477894.5,457592.0,0.0,0.0,1,1
676,477894.5,457592.0,0.0,0.0,1,1
677,477894.5,457592.0,0.0,0.0,1,1
678,477894.5,457592.0,0.0,0.0,1,1
679,477894.5,457592.0,0.0,0.0,1,1
680,477894.5,457592.0,0.0,0.0,1,1
681,477894.5,457592.0,0.0,0.0,1,1
682,477894.5,457592.0,0.0,0.0,1,1
683,477894.5,457592.0,0.0,0.0,1,1
684,477894.5,457592.0,0.0,0.0,1,1
685,477894.5,457592.0,0.0,0.0,1,1
686,477894.5,457592.0,0.0,0.0,1,1
687,477894.5,457592.0,0.0,0.0,1,1
688,477894.5,457592.0,0.0,0.0,1,1
689,477894.5,457592.0,0.0,0.0,1,1
690,477894.5,457592.0,0.0,0.0,1,1
691,477894.5,457592.0,0.0,0.0,1,1
692,477894.5,457592.0,0.0,0.0,1,1
693,477894.5,457592.0,0.0,0.0,1,1
694,477894.5,457592.0,0.0,0.0,1,1
695,477894.5,457592.0,0.0,0.0,1,1
696,477894.5,457592.0,0.0,0.0,1,1
697,477894.5,457592.0,0.0,0.0,1,1
698,477894.5,457592.0,0.0,0.0,1,1
699,477894.5,457592.0,0.0,0.0,1,1
700,477894.5,457592.0,0.0,0.0,1,1
701,477894.5,457592.0,0.0,0.0,1,1
702,477894.5,457592.0,0.0,0.0,1,1
703,477894.5,457592.0,0.0,0.0,1,1
704,477894.5,457592.0,0.0,0.0,1,1
705,477894.5,457592.0,0.0,0.0,1,1
706,479741.0,457592.0,0.0,0.0,1,1
707,479741.0,457592.0,0.0,0.0,1,1
708,488804.5,457592.0,0.0,0.0,1,1
709,488878.5,457592.0,0.0,0.0,1,1
710,488878.5,457592.0,0.0,0.0,1,1
711,488878.5,457592.0,0.0,0.0,1,1
712,488878.5,457592.0,0.0,0.0,1,1
713,488878.5,457592.0,0.0,0.0,1,1
714,488878.5,457592.0,0.0,0.0,1,1
715,488878.5,457592.0,0.0,0.0,1,1
716,488878.5,457592.0,0.0,0.0,1,1
717,488878.5,457592.0,0.0,0.0,1,1
718,488878.5,457592.0,0.0,0.0,1,1
719,488878.5,457592.0,0.0,0.0,1,1
720,488878.5,457592.0,0.0,0.0,1,1
721,488878.5,457592.0,0.0,0.0,1,1
722,488878.5,457592.0,0.0,0.0,1,1
723,488878.5,457592.0,0.0,0.0,1,1
724,488878.5,457592.0,0.0,0.0,1,1
725,488878.5,457592.0,0.0,0.0,1,1
726,488878.5,457592.0,0.0,0.0,1,1
727,488878.5,457592.0,0.0,0.0,1,1
728,488878.5,457592.0,0.0,0.0,1,1
729,488878.5,457592.0,0.0,0.0,1,1
730,488878.5,457592.0,0.0,0.0,1,1
731,488878.5,457592.0,0.0,0.0,1,1
732,488878.5,457592.0,0.0,0.0,1,1
733,488878.5,457592.0,0.0,0.0,1,1
734,488878.5,457592.0,0.0,0.0,1,1
735,488878.5,457592.0,0.0,0.0,1,1
736,488878.5,457592.0,0.0,0.0,1,1
737,488878.5,457592.0,0.0,0.0,1,1
738,488878.5,457592.0,0.0,0.0,1,1
739,488878.5,457592.0,0.0,0.0,1,1
740,488878.5,457592.0,0.0,0.0,1,1
741,488878.5,457592.0,0.0,0.0,1,1
742,487032.0,457592.0,0.0,0.0,1,1
743,487032.0,457592.0,0.0,0.0,1,1
744,487032.0,457592.0,0.0,0.0,1,1
745,487032.0,457592.0,0.0,0.0,1,1
746,487032.0,457592.0,0.0,0.0,1,1
747,487032.0,457592.0,0.0,0.0,1,1
748,487032.0,457592.0,0.0,0.0,1,1
749,487032.0,457592.0,0.0,0.0,1,1
750,489228.0,457592.0,0.0,0.0,1,1
751,489228.0,457592.0,0.0,0.0,1,1
752,489228.0,457592.0,0.0,0.0,1,1
753,489228.0,457592.0,0.0,0.0,1,1
754,489352.0,457592.0,0.0,0.0,1,1
755,489352.0,457592.0,0.0,0.0,1,1
756,489352.0,457592.0,0.0,0.0,1,1
757,489352.0,457592.0,0.0,0.0,1,1
758,489352.0,457592.0,0.0,0.0,1,1
759,489352.0,457592.0,0.0,0.0,1,1
760,489352.0,457592.0,0.0,0.0,1,1
761,489352.0,457592.0,0.0,0.0,1,1
762,489352.0,457592.0,0.0,0.0,1,1
763,489352.0,457592.0,0.0,0.0,1,1
764,489352.0,457592.0,0.0,0.0,1,1
765,489352.0,457592.0,0.0,0.0,1,1
766,489352.0,457592.0,0.0,0.0,1,1
767,489352.0,457592.0,0.0,0.0,1,1
768,489352.0,457592.0,0.0,0.0,1,1
769,489352.0,457592.0,0.0,0.0,1,1
770,489352.0,457592.0,0.0,0.0,1,1
771,489352.0,457592.0,0.0,0.0,1,1
772,489352.0,457592.0,0.0,0.0,1,1
773,489352.0,457592.0,0.0,0.0,1,1
774,489352.0,457592.0,0.0,0.0,1,1
775,489352.0,457592.0,0.0,0.0,1,1
776,489352.0,457592.0,0.0,0.0,1,1
777,489352.0,457592.0,0.0,0.0,1,1
778,489352.0,457592.0,0.0,0.0,1,1
779,489352.0,457592.0,0.0,0.0,1,1
780,489352.0,457592.0,0.0,0.0,1,1
781,489352.0,457592.0,0.0,0.0,1,1
782,489352.0,457592.0,0.0,0.0,1,1
783,489611.0,457592.0,0.0,0.0,1,1
784,489611.0,457592.0,0.0,0.0,1,1
785,489611.0,457592.0,0.0,0.0,1,1
786,491592.5,457592.0,0.0,0.0,1,1
787,491592.5,457592.0,0.0,0.0,1,1
788,491592.5,457592.0,0.0,0.0,1,1
789,491592.5,457592.0,0.0,0.0,1,1
790,491592.5,457592.0,0.0,0.0,1,1
791,491592.5,457592.0,0.0,0.0,1,1
792,491592.5,457592.0,0.0,0.0,1,1
793,491592.5,457592.0,0.0,0.0,1,1
794,491592.5,457592.0,0.0,0.0,1,1
795,491592.5,457592.0,0.0,0.0,1,1
796,491592.5,457592.0,0.0,0.0,1,1
797,491651.5,457592.0,0.0,0.0,1,1
798,491651.5,457592.0,0.0,0.0,1,1
799,491651.5,457592.0,0.0,0.0,1,1
800,491651.5,457592.0,0.0,0.0,1,1
801,491651.5,457592.0,0.0,0.0,1,1
802,491651.5,457592.0,0.0,0.0,1,1
803,492394.5,457592.0,0.0,0.0,1,1
804,492394.5,457592.0,0.0,0.0,1,1
805,492394.5,457592.0,0.0,0.0,1,1
806,492394.5,457592.0,0.0,0.0,1,1
807,492394.5,457592.0,0.0,0.0,1,1
808,492394.5,457592.0,0.0,0.0,1,1
809,492394.5,457592.0,0.0,0.0,1,1
810,492394.5,457592.0,0.0,0.0,1,1
811,492864.0,457592.0,0.0,0.0,1,1
812,492864.0,457592.0,0.0,0.0,1,1
813,492864.0,457592.0,0.0,0.0,1,1
814,492864.0,457592.0,0.0,0.0,1,1
815,492864.0,457592.0,0.0,0.0,1,1
816,492864.0,457592.0,0.0,0.0,1,1
817,492864.0,457592.0,0.0,0.0,1,1
818,492864.0,457592.0,0.0,0.0,1,1
819,492864.0,457592.0,0.0,0.0,1,1
820,494123.0,457592.0,0.0,0.0,1,1
821,494123.0,457592.0,0.0,0.0,1,1
822,494123.0,457592.0,0.0,0.0,1,1
823,494123.0,457592.0,0.0,0.0,1,1
824,494123.0,457592.0,0.0,0.0,1,1
825,494123.0,457592.0,0.0,0.0,1,1
826,494123.0,457592.0,0.0,0.0,1,1
827,494123.0,457592.0,0.0,0.0,1,1
828,494123.0,457592.0,0.0,0.0,1,1
829,494123.0,457592.0,0.0,0.0,1,1
830,494123.0,457592.0,0.0,0.0,1,1
831,494123.0,457592.0,0.0,0.0,1,1
832,494379.0,457592.0,0.0,0.0,1,1
833,494379.0,457592.0,0.0,0.0,1,1
834,494379.0,457592.0,0.0,0.0,1,1
835,494379.0,457592.0,0.0,0.0,1,1
836,494379.0,457592.0,0.0,0.0,1,1
837,494379.0,457592.0,0.0,0.0,1,1
838,494379.0,457592.0,0.0,0.0,1,1
839,494379.0,457592.0,0.0,0.0,1,1
840,494379.0,457592.0,0.0,0.0,1,1
841,494379.0,457592.0,0.0,0.0,1,1
842,492402.5,457592.0,0.0,0.0,1,1
843,492402.5,457592.0,0.0,0.0,1,1
844,492402.5,457592.0,0.0,0.0,1,1
845,492402.5,457592.0,0.0,0.0,1,1
846,492402.5,457592.0,0.0,0.0,1,1
847,492402.5,457592.0,0.0,0.0,1,1
848,492402.5,457592.0,0.0,0.0,1,1
849,492402.5,457592.0,0.0,0.0,1,1
850,492402.5,457592.0,0.0,0.0,1,1
851,492124.5,457592.0,0.0,0.0,1,1
852,492124.5,457592.0,0.0,0.0,1,1
853,492124.5,457592.0,0.0,0.0,1,1
854,492124.5,457592.0,0.0,0.0,1,1
855,492124.5,457592.0,0.0,0.0,1,1
856,492124.5,457592.0,0.0,0.0,1,1
857,492124.5,457592.0,0.0,0.0,1,1
858,492124.5,457592.0,0.0,0.0,1,1
859,492124.5,457592.0,0.0,0.0,1,1
860,492124.5,457592.0,0.0,0.0,1,1
861,492124.5,457592.0,0.0,0.0,1,1
862,492124.5,457592.0,0.0,0.0,1,1
863,492124.5,457592.0,0.0,0.0,1,1
864,492124.5,457592.0,0.0,0.0,1,1
865,492321.0,457592.0,0.0,0.0,1,1
866,492321.0,457592.0,0.0,0.0,1,1
867,492321.0,457592.0,0.0,0.0,1,1
868,492321.0,457592.0,0.0,0.0,1,1
869,492321.0,457592.0,0.0,0.0,1,1
870,492321.0,457592.0,0.0,0.0,1,1
871,492321.0,457592.0,0.0,0.0,1,1
872,492321.0,457592.0,0.0,0.0,1,1
873,492321.0,457592.0,0.0,0.0,1,1
874,492321.0,457592.0,0.0,0.0,1,1
875,492321.0,457592.0,0.0,0.0,1,1
876,492321.0,457592.0,0.0,0.0,1,1
877,492321.0,457592.0,0.0,0.0,1,1
878,492321.0,457592.0,0.0,0.0,1,1
879,492300.0,457592.0,0.0,0.0,1,1
880,492300.0,457592.0,0.0,0.0,1,1
881,492300.0,457592.0,0.0,0.0,1,1
882,492300.0,457592.0,0.0,0.0,1,1
883,492300.0,457592.0,0.0,0.0,1,1
884,492300.0,457592.0,0.0,0.0,1,1
885,492300.0,457592.0,0.0,0.0,1,1
886,492300.0,457592.0,0.0,0.0,1,1
887,492044.0,457592.0,0.0,0.0,1,1
888,492044.0,457592.0,0.0,0.0,1,1
889,492044.0,457592.0,0.0,0.0,1,1
890,492044.0,457592.0,0.0,0.0,1,1
891,492044.0,457592.0,0.0,0.0,1,1
892,492044.0,457592.0,0.0,0.0,1,1
893,492044.0,457592.0,0.0,0.0,1,1
894,492044.0,457592.0,0.0,0.0,1,1
895,492044.0,457592.0,0.0,0.0,1,1
896,492044.0,457592.0,0.0,0.0,1,1
897,492044.0,457592.0,0.0,0.0,1,1
898,492044.0,457592.0,0.0,0.0,1,1
899,492044.0,457592.0,0.0,0.0,1,1
900,492044.0,457592.0,0.0,0.0,1,1
901,492044.0,457592.0,0.0,0.0,1,1
902,492044.0,457592.0,0.0,0.0,1,1
903,492044.0,457592.0,0.0,0.0,1,1
904,492044.0,457592.0,0.0,0.0,1,1
905,492044.0,457592.0,0.0,0.0,1,1
906,492044.0,457592.0,0.0,0.0,1,1
907,492044.0,457592.0,0.0,0.0,1,1
908,492044.0,457592.0,0.0,0.0,1,1
909,492044.0,457592.0,0.0,0.0,1,1
910,492044.0,457592.0,0.0,0.0,1,1
911,492044.0,457592.0,0.0,0.0,1,1
912,492044.0,457592.0,0.0,0.0,1,1
913,492044.0,457592.0,0.0,0.0,1,1
914,492044.0,457592.0,0.0,0.0,1,1
915,492044.0,457592.0,0.0,0.0,1,1
916,492044.0,457592.0,0.0,0.0,1,1
917,492044.0,457592.0,0.0,0.0,1,1
918,492044.0,457592.0,0.0,0.0,1,1
919,492044.0,457592.0,0.0,0.0,1,1
920,492044.0,457592.0,0.0,0.0,1,1
921,492044.0,457592.0,0.0,0.0,1,1
922,492044.0,457592.0,0.0,0.0,1,1
923,492044.0,457592.0,0.0,0.0,1,1
924,492044.0,457592.0,0.0,0.0,1,1
925,491818.5,457592.0,0.0,0.0,1,1
926,491818.5,457592.0,0.0,0.0,1,1
927,491818.5,457592.0,0.0,0.0,1,1
928,491818.5,457592.0,0.0,0.0,1,1
929,491818.5,457592.0,0.0,0.0,1,1
930,491818.5,457592.0,0.0,0.0,1,1
931,491818.5,457592.0,0.0,0.0,1,1
932,491818.5,457592.0,0.0,0.0,1,1
933,491818.5,457592.0,0.0,0.0,1,1
934,491818.5,457592.0,0.0,0.0,1,1
935,491818.5,457592.0,0.0,0.0,1,1
936,491818.5,457592.0,0.0,0.0,1,1
937,491818.5,457592.0,0.0,0.0,1,1
938,491818.5,457592.0,0.0,0.0,1,1
939,491818.5,457592.0,0.0,0.0,1,1
940,491818.5,457592.0,0.0,0.0,1,1
941,491818.5,457592.0,0.0,0.0,1,1
942,491573.0,457592.0,0.0,0.0,1,1
943,491573.0,457592.0,0.0,0.0,1,1
944,491573.0,457592.0,0.0,0.0,1,1
945,491573.0,457592.0,0.0,0.0,1,1
946,491573.0,457592.0,0.0,0.0,1,1
947,491573.0,457592.0,0.0,0.0,1,1
948,491573.0,457592.0,0.0,0.0,1,1
949,491818.5,457592.0,0.0,0.0,1,1
950,491818.5,457592.0,0.0,0.0,1,1
951,491818.5,457592.0,0.0,0.0,1,1
952,491818.5,457592.0,0.0,0.0,1,1
953,491818.5,457592.0,0.0,0.0,1,1
954,491818.5,457592.0,0.0,0.0,1,1
955,491818.5,457592.0,0.0,0.0,1,1
956,491818.5,457592.0,0.0,0.0,1,1
957,491818.5,457592.0,0.0,0.0,1,1
958,491926.5,457592.0,0.0,0.0,1,1
959,491926.5,457592.0,0.0,0.0,1,1
960,491817.5,457592.0,0.0,0.0,1,1
961,491817.5,457592.0,0.0,0.0,1,1
962,491817.5,457592.0,0.0,0.0,1,1
963,491817.5,457592.0,0.0,0.0,1,1
964,491817.5,457592.0,0.0,0.0,1,1
965,491817.5,457592.0,0.0,0.0,1,1
966,491817.5,457592.0,0.0,0.0,1,1
967,491817.5,457592.0,0.0,0.0,1,1
968,491817.5,457592.0,0.0,0.0,1,1
969,491817.5,457592.0,0.0,0.0,1,1
970,491817.5,457592.0,0.0,0.0,1,1
971,491578.5,457592.0,0.0,0.0,1,1
972,491578.5,457592.0,0.0,0.0,1,1
973,491578.5,457592.0,0.0,0.0,1,1
974,491578.5,457592.0,0.0,0.0,1,1
975,491578.5,457592.0,0.0,0.0,1,1
976,491578.5,457592.0,0.0,0.0,1,1
977,491578.5,457592.0,0.0,0.0,1,1
978,491578.5,457592.0,0.0,0.0,1,1
979,491578.5,457592.0,0.0,0.0,1,1
980,491578.5,457592.0,0.0,0.0,1,1
981,491578.5,457592.0,0.0,0.0,1,1
982,491578.5,457592.0,0.0,0.0,1,1
983,491578.5,457592.0,0.0,0.0,1,1
984,491578.5,457592.0,0.0,0.0,1,1
985,491578.5,457592.0,0.0,0.0,1,1
986,491578.5,457592.0,0.0,0.0,1,1
987,491578.5,457592.0,0.0,0.0,1,1
988,491578.5,457592.0,0.0,0.0,1,1
989,491470.0,457592.0,0.0,0.0,1,1
990,491470.0,457592.0,0.0,0.0,1,1
991,491470.0,457592.0,0.0,0.0,1,1
992,491470.0,457592.0,0.0,0.0,1,1
993,491470.0,457592.0,0.0,0.0,1,1
994,491470.0,457592.0,0.0,0.0,1,1
995,491470.0,457592.0,0.0,0.0,1,1
996,491470.0,457592.0,0.0,0.0,1,1
997,491470.0,457592.0,0.0,0.0,1,1
998,491470.0,457592.0,0.0,0.0,1,1
999,491470.0,457592.0,0.0,0.0,1,1
1000,491470.0,457592.0,0.0,0.0,1,1
1001,491470.0,457592.0,0.0,0.0,1,1
1002,491470.0,457592.0,0.0,0.0,1,1
1003,491470.0,457592.0,0.0,0.0,1,1
1004,491470.0,457592.0,0.0,0.0,1,1
1005,491470.0,457592.0,0.0,0.0,1,1
1006,491470.0,457592.0,0.0,0.0,1,1
1007,491470.0,457592.0,0.0,0.0,1,1
1008,491470.0,457592.0,0.0,0.0,1,1
1009,491470.0,457592.0,0.0,0.0,1,1
1010,491470.0,457592.0,0.0,0.0,1,1
1011,491470.0,457592.0,0.0,0.0,1,1
1012,491470.0,457592.0,0.0,0.0,1,1
1013,491470.0,457592.0,0.0,0.0,1,1
1014,491796.0,457592.0,0.0,0.0,1,1
1015,491796.0,457592.0,0.0,0.0,1,1
1016,491796.0,457592.0,0.0,0.0,1,1
1017,491796.0,457592.0,0.0,0.0,1,1
1018,491052.0,457592.0,0.0,0.0,1,1
1019,491052.0,457592.0,0.0,0.0,1,1
1020,491052.0,457592.0,0.0,0.0,1,1
1021,491052.0,457592.0,0.0,0.0,1,1
1022,491052.0,457592.0,0.0,0.0,1,1
1023,491070.0,457592.0,0.0,0.0,1,1
1024,491070.0,457592.0,0.0,0.0,1,1
1025,491070.0,457592.0,0.0,0.0,1,1
1026,491070.0,457592.0,0.0,0.0,1,1
1027,491070.0,457592.0,0.0,0.0,1,1
1028,491070.0,457592.0,0.0,0.0,1,1
1029,491070.0,457592.0,0.0,0.0,1,1
1030,491070.0,457592.0,0.0,0.0,1,1
1031,491070.0,457592.0,0.0,0.0,1,1
1032,491070.0,457592.0,0.0,0.0,1,1
1033,491070.0,457592.0,0.0,0.0,1,1
1034,491070.0,457592.0,0.0,0.0,1,1
1035,491070.0,457592.0,0.0,0.0,1,1
1036,491070.0,457592.0,0.0,0.0,1,1
1037,491070.0,457592.0,0.0,0.0,1,1
1038,492257.0,457592.0,0.0,0.0,1,1
1039,492257.0,457592.0,0.0,0.0,1,1
1040,492257.0,457592.0,0.0,0.0,1,1
1041,492257.0,457592.0,0.0,0.0,1,1
1042,492257.0,457592.0,0.0,0.0,1,1
1043,492509.0,457592.0,0.0,0.0,1,1
1044,494350.5,457592.0,0.0,0.0,1,1
1045,494350.5,457592.0,0.0,0.0,1,1
1046,494350.5,457592.0,0.0,0.0,1,1
1047,494350.5,457592.0,0.0,0.0,1,1
1048,494350.5,457592.0,0.0,0.0,1,1
1049,494350.5,457592.0,0.0,0.0,1,1
1050,494350.5,457592.0,0.0,0.0,1,1
1051,494350.5,457592.0,0.0,0.0,1,1
1052,494350.5,457592.0,0.0,0.0,1,1
1053,494350.5,457592.0,0.0,0.0,1,1
1054,494350.5,457592.0,0.0,0.0,1,1
1055,494350.5,457592.0,0.0,0.0,1,1
1056,494350.5,457592.0,0.0,0.0,1,1
1057,494350.5,457592.0,0.0,0.0,1,1
1058,494350.5,457592.0,0.0,0.0,1,1
1059,494350.5,457592.0,0.0,0.0,1,1
1060,494350.5,457592.0,0.0,0.0,1,1
1061,494350.5,457592.0,0.0,0.0,1,1
1062,494350.5,457592.0,0.0,0.0,1,1
1063,494350.5,457592.0,0.0,0.0,1,1
1064,494350.5,457592.0,0.0,0.0,1,1
1065,494350.5,457592.0,0.0,0.0,1,1
1066,494350.5,457592.0,0.0,0.0,1,1
1067,494350.5,457592.0,0.0,0.0,1,1
1068,494350.5,457592.0,0.0,0.0,1,1
1069,494350.5,457592.0,0.0,0.0,1,1
1070,494350.5,457592.0,0.0,0.0,1,1
1071,494350.5,457592.0,0.0,0.0,1,1
1072,494350.5,457592.0,0.0,0.0,1,1
1073,494350.5,457592.0,0.0,0.0,1,1
1074,494350.5,457592.0,0.0,0.0,1,1
1075,494350.5,457592.0,0.0,0.0,1,1
1076,494350.5,457592.0,0.0,0.0,1,1
1077,494350.5,457592.0,0.0,0.0,1,1
1078,494350.5,457592.0,0.0,0.0,1,1
1079,494350.5,457592.0,0.0,0.0,1,1
1080,494332.5,457592.0,0.0,0.0,1,1
1081,494332.5,457592.0,0.0,0.0,1,1
1082,494332.5,457592.0,0.0,0.0,1,1
1083,494332.5,457592.0,0.0,0.0,1,1
1084,494332.5,457592.0,0.0,0.0,1,1
1085,494332.5,457592.0,0.0,0.0,1,1
1086,494332.5,457592.0,0.0,0.0,1,1
1087,494332.5,457592.0,0.0,0.0,1,1
1088,494332.5,457592.0,0.0,0.0,1,1
1089,494332.5,457592.0,0.0,0.0,1,1
1090,494332.5,457592.0,0.0,0.0,1,1
1091,494332.5,457592.0,0.0,0.0,1,1
1092,494332.5,457592.0,0.0,0.0,1,1
1093,494332.5,457592.0,0.0,0.0,1,1
1094,494332.5,457592.0,0.0,0.0,1,1
1095,494332.5,457592.0,0.0,0.0,1,1
1096,494332.5,457592.0,0.0,0.0,1,1
1097,494332.5,457592.0,0.0,0.0,1,1
1098,494332.5,457592.0,0.0,0.0,1,1
1099,494332.5,457592.0,0.0,0.0,1,1
1100,494332.5,457592.0,0.0,0.0,1,1
1101,494332.5,457592.0,0.0,0.0,1,1
1102,494332.5,457592.0,0.0,0.0,1,1
1103,494332.5,457592.0,0.0,0.0,1,1
1104,494332.5,457592.0,0.0,0.0,1,1
1105,494332.5,457592.0,0.0,0.0,1,1
1106,494332.5,457592.0,0.0,0.0,1,1
1107,494332.5,457592.0,0.0,0.0,1,1
1108,494332.5,457592.0,0.0,0.0,1,1
1109,494332.5,457592.0,0.0,0.0,1,1
1110,494332.5,457592.0,0.0,0.0,1,1
1111,494332.5,457592.0,0.0,0.0,1,1
1112,494332.5,457592.0,0.0,0.0,1,1
1113,494332.5,457592.0,0.0,0.0,1,1
1114,494332.5,457592.0,0.0,0.0,1,1
1115,494332.5,457592.0,0.0,0.0,1,1
1116,494332.5,457592.0,0.0,0.0,1,1
1117,494332.5,457592.0,0.0,0.0,1,1
1118,494332.5,457592.0,0.0,0.0,1,1
1119,494332.5,457592.0,0.0,0.0,1,1
1120,494332.5,457592.0,0.0,0.0,1,1
1121,494332.5,457592.0,0.0,0.0,1,1
1122,494332.5,457592.0,0.0,0.0,1,1
1123,494332.5,457592.0,0.0,0.0,1,1
1124,494332.5,457592.0,0.0,0.0,1,1
1125,494263.5,457592.0,0.0,0.0,1,1
1126,494263.5,457592.0,0.0,0.0,1,1
1127,494263.5,457592.0,0.0,0.0,1,1
1128,494263.5,457592.0,0.0,0.0,1,1
1129,494263.5,457592.0,0.0,0.0,1,1
1130,494263.5,457592.0,0.0,0.0,1,1
1131,494263.5,457592.0,0.0,0.0,1,1
1132,494263.5,457592.0,0.0,0.0,1,1
1133,494263.5,457592.0,0.0,0.0,1,1
1134,494263.5,457592.0,0.0,0.0,1,1
1135,494263.5,457592.0,0.0,0.0,1,1
1136,494263.5,457592.0,0.0,0.0,1,1
1137,494263.5,457592.0,0.0,0.0,1,1
1138,494263.5,457592.0,0.0,0.0,1,1
1139,494263.5,457592.0,0.0,0.0,1,1
1140,494263.5,457592.0,0.0,0.0,1,1
1141,494263.5,457592.0,0.0,0.0,1,1
1142,494263.5,457592.0,0.0,0.0,1,1
1143,494263.5,457592.0,0.0,0.0,1,1
1144,494263.5,457592.0,0.0,0.0,1,1
1145,494263.5,457592.0,0.0,0.0,1,1
1146,494263.5,457592.0,0.0,0.0,1,1
1147,494263.5,457592.0,0.0,0.0,1,1
1148,494263.5,457592.0,0.0,0.0,1,1
1149,494263.5,457592.0,0.0,0.0,1,1
1150,494263.5,457592.0,0.0,0.0,1,1
1151,494263.5,457592.0,0.0,0.0,1,1
1152,494263.5,457592.0,0.0,0.0,1,1
1153,494211.5,457592.0,0.0,0.0,1,1
1154,494211.5,457592.0,0.0,0.0,1,1
1155,494211.5,457592.0,0.0,0.0,1,1
1156,494211.5,457592.0,0.0,0.0,1,1
1157,494211.5,457592.0,0.0,0.0,1,1
1158,494211.5,457592.0,0.0,0.0,1,1
1159,494211.5,457592.0,0.0,0.0,1,1
1160,494211.5,457592.0,0.0,0.0,1,1
1161,494211.5,457592.0,0.0,0.0,1,1
1162,494211.5,457592.0,0.0,0.0,1,1
1163,494211.5,457592.0,0.0,0.0,1,1
1164,494211.5,457592.0,0.0,0.0,1,1
1165,494211.5,457592.0,0.0,0.0,1,1
1166,494211.5,457592.0,0.0,0.0,1,1
1167,494211.5,457592.0,0.0,0.0,1,1
1168,494211.5,457592.0,0.0,0.0,1,1
1169,494211.5,457592.0,0.0,0.0,1,1
1170,494211.5,457592.0,0.0,0.0,1,1
1171,494266.5,457592.0,0.0,0.0,1,1
1172,494266.5,457592.0,0.0,0.0,1,1
1173,494266.5,457592.0,0.0,0.0,1,1
1174,494266.5,457592.0,0.0,0.0,1,1
1175,494266.5,457592.0,0.0,0.0,1,1
1176,499226.0,457592.0,0.0,0.0,1,1
1177,499226.0,457592.0,0.0,0.0,1,1
1178,499226.0,457592.0,0.0,0.0,1,1
1179,499226.0,457592.0,0.0,0.0,1,1
1180,499226.0,457592.0,0.0,0.0,1,1
1181,499226.0,457592.0,0.0,0.0,1,1
1182,499226.0,457592.0,0.0,0.0,1,1
1183,499226.0,457592.0,0.0,0.0,1,1
1184,499226.0,457592.0,0.0,0.0,1,1
1185,499226.0,457592.0,0.0,0.0,1,1
1186,499226.0,457592.0,0.0,0.0,1,1
1187,499226.0,457592.0,0.0,0.0,1,1
1188,499226.0,457592.0,0.0,0.0,1,1
1189,499226.0,457592.0,0.0,0.0,1,1
1190,499226.0,457592.0,0.0,0.0,1,1
1191,499226.0,457592.0,0.0,0.0,1,1
1192,499226.0,457592.0,0.0,0.0,1,1
1193,499226.0,457592.0,0.0,0.0,1,1
1194,499226.0,457592.0,0.0,0.0,1,1
1195,499226.0,457592.0,0.0,0.0,1,1
1196,499226.0,457592.0,0.0,0.0,1,1
1197,499226.0,457592.0,0.0,0.0,1,1
1198,499226.0,457592.0,0.0,0.0,1,1
1199,499226.0,457592.0,0.0,0.0,1,1
1200,499226.0,457592.0,0.0,0.0,1,1
1201,499226.0,457592.0,0.0,0.0,1,1
1202,499226.0,457592.0,0.0,0.0,1,1
1203,499226.0,457592.0,0.0,0.0,1,1
1204,499226.0,457592.0,0.0,0.0,1,1
1205,499226.0,457592.0,0.0,0.0,1,1
1206,499226.0,457592.0,0.0,0.0,1,1
1207,499226.0,457592.0,0.0,0.0,1,1
1208,499226.0,457592.0,0.0,0.0,1,1
1209,499226.0,457592.0,0.0,0.0,1,1
1210,499226.0,457592.0,0.0,0.0,1,1
1211,499226.0,457592.0,0.0,0.0,1,1
1212,499226.0,457592.0,0.0,0.0,1,1
1213,499226.0,457592.0,0.0,0.0,1,1
1214,499226.0,457592.0,0.0,0.0,1,1
1215,499226.0,457592.0,0.0,0.0,1,1
1216,499226.0,457592.0,0.0,0.0,1,1
1217,499226.0,457592.0,0.0,0.0,1,1
1218,499226.0,457592.0,0.0,0.0,1,1
1219,499226.0,457592.0,0.0,0.0,1,1
1220,499249.0,457592.0,0.0,0.0,1,1
1221,499249.0,457592.0,0.0,0.0,1,1
1222,499249.0,457592.0,0.0,0.0,1,1
1223,499249.0,457592.0,0.0,0.0,1,1
1224,499249.0,457592.0,0.0,0.0,1,1
1225,499249.0,457592.0,0.0,0.0,1,1
1226,499249.0,457592.0,0.0,0.0,1,1
1227,499249.0,457592.0,0.0,0.0,1,1
1228,499249.0,457592.0,0.0,0.0,1,1
1229,499249.0,457592.0,0.0,0.0,1,1
1230,499249.0,457592.0,0.0,0.0,1,1
1231,499249.0,457592.0,0.0,0.0,1,1
1232,499249.0,457592.0,0.0,0.0,1,1
1233,499249.0,457592.0,0.0,0.0,1,1
1234,499249.0,457592.0,0.0,0.0,1,1
1235,499249.0,457592.0,0.0,0.0,1,1
1236,499249.0,457592.0,0.0,0.0,1,1
1237,499249.0,457592.0,0.0,0.0,1,1
1238,499249.0,457592.0,0.0,0.0,1,1
1239,499249.0,457592.0,0.0,0.0,1,1
1240,499249.0,457592.0,0.0,0.0,1,1
1241,499249.0,457592.0,0.0,0.0,1,1
1242,499249.0,457592.0,0.0,0.0,1,1
1243,499249.0,457592.0,0.0,0.0,1,1
1244,499249.0,457592.0,0.0,0.0,1,1
1245,499249.0,457592.0,0.0,0.0,1,1
1246,499249.0,457592.0,0.0,0.0,1,1
1247,499249.0,457592.0,0.0,0.0,1,1
1248,499249.0,457592.0,0.0,0.0,1,1
1249,499249.0,457592.0,0.0,0.0,1,1
1250,499249.0,457592.0,0.0,0.0,1,1
1251,499249.0,457592.0,0.0,0.0,1,1
1252,499249.0,457592.0,0.0,0.0,1,1
1253,499249.0,457592.0,0.0,0.0,1,1
1254,499249.0,457592.0,0.0,0.0,1,1
1255,499249.0,457592.0,0.0,0.0,1,1
1256,499249.0,457592.0,0.0,0.0,1,1
1257,497326.5,457592.0,0.0,0.0,1,1
1258,497326.5,457592.0,0.0,0.0,1,1
1259,497326.5,457592.0,0.0,0.0,1,1
1260,497326.5,457592.0,0.0,0.0,1,1
1261,497326.5,457592.0,0.0,0.0,1,1
1262,497326.5,457592.0,0.0,0.0,1,1
1263,497326.5,457592.0,0.0,0.0,1,1
1264,497326.5,457592.0,0.0,0.0,1,1
1265,497326.5,457592.0,0.0,0.0,1,1
1266,497326.5,457592.0,0.0,0.0,1,1
1267,497326.5,457592.0,0.0,0.0,1,1
1268,497326.5,457592.0,0.0,0.0,1,1
1269,497326.5,457592.0,0.0,0.0,1,1
1270,497326.5,457592.0,0.0,0.0,1,1
1271,497326.5,457592.0,0.0,0.0,1,1
1272,496787.5,457592.0,0.0,0.0,1,1
1273,496787.5,457592.0,0.0,0.0,1,1
1274,496787.5,457592.0,0.0,0.0,1,1
1275,496787.5,457592.0,0.0,0.0,1,1
1276,496787.5,457592.0,0.0,0.0,1,1
1277,496787.5,457592.0,0.0,0.0,1,1
1278,496787.5,457592.0,0.0,0.0,1,1
1279,496787.5,457592.0,0.0,0.0,1,1
1280,496787.5,457592.0,0.0,0.0,1,1
1281,496787.5,457592.0,0.0,0.0,1,1
1282,498712.5,457592.0,0.0,0.0,1,1
1283,498712.5,457592.0,0.0,0.0,1,1
1284,498712.5,457592.0,0.0,0.0,1,1
1285,498712.5,457592.0,0.0,0.0,1,1
1286,498712.5,457592.0,0.0,0.0,1,1
1287,498712.5,457592.0,0.0,0.0,1,1
1288,498712.5,457592.0,0.0,0.0,1,1
1289,498712.5,457592.0,0.0,0.0,1,1
1290,498712.5,457592.0,0.0,0.0,1,1
1291,498712.5,457592.0,0.0,0.0,1,1
1292,498712.5,457592.0,0.0,0.0,1,1
1293,498712.5,457592.0,0.0,0.0,1,1
1294,498712.5,457592.0,0.0,0.0,1,1
1295,498712.5,457592.0,0.0,0.0,1,1
1296,499558.0,457592.0,0.0,0.0,1,1
1297,499558.0,457592.0,0.0,0.0,1,1
1298,499558.0,457592.0,0.0,0.0,1,1
1299,499558.0,457592.0,0.0,0.0,1,1
1300,499558.0,457592.0,0.0,0.0,1,1
1301,499558.0,457592.0,0.0,0.0,1,1
1302,499558.0,457592.0,0.0,0.0,1,1
1303,499539.0,457592.0,0.0,0.0,1,1
1304,499539.0,457592.0,0.0,0.0,1,1
1305,499539.0,457592.0,0.0,0.0,1,1
1306,497912.5,457592.0,0.0,0.0,1,1
1307,497912.5,457592.0,0.0,0.0,1,1
1308,497912.5,457592.0,0.0,0.0,1,1
1309,497912.5,457592.0,0.0,0.0,1,1
1310,497912.5,457592.0,0.0,0.0,1,1
1311,497912.5,457592.0,0.0,0.0,1,1
1312,497912.5,457592.0,0.0,0.0,1,1
1313,497912.5,457592.0,0.0,0.0,1,1
1314,497912.5,457592.0,0.0,0.0,1,1
1315,497912.5,457592.0,0.0,0.0,1,1
1316,497912.5,457592.0,0.0,0.0,1,1
1317,497912.5,457592.0,0.0,0.0,1,1
1318,497912.5,457592.0,0.0,0.0,1,1
1319,497912.5,457592.0,0.0,0.0,1,1
1320,497912.5,457592.0,0.0,0.0,1,1
1321,497912.5,457592.0,0.0,0.0,1,1
1322,497912.5,457592.0,0.0,0.0,1,1
1323,497912.5,457592.0,0.0,0.0,1,1
1324,497912.5,457592.0,0.0,0.0,1,1
1325,497912.5,457592.0,0.0,0.0,1,1
1326,497912.5,457592.0,0.0,0.0,1,1
1327,497912.5,457592.0,0.0,0.0,1,1
1328,497912.5,457592.0,0.0,0.0,1,1
1329,497912.5,457592.0,0.0,0.0,1,1
1330,497912.5,457592.0,0.0,0.0,1,1
1331,497912.5,457592.0,0.0,0.0,1,1
1332,497912.5,457592.0,0.0,0.0,1,1
1333,497912.5,457592.0,0.0,0.0,1,1
1334,497912.5,457592.0,0.0,0.0,1,1
1335,497912.5,457592.0,0.0,0.0,1,1
1336,497912.5,457592.0,0.0,0.0,1,1
1337,497912.5,457592.0,0.0,0.0,1,1
1338,497912.5,457592.0,0.0,0.0,1,1
1339,497912.5,457592.0,0.0,0.0,1,1
1340,497912.5,457592.0,0.0,0.0,1,1
1341,497912.5,457592.0,0.0,0.0,1,1
1342,497912.5,457592.0,0.0,0.0,1,1
1343,497912.5,457592.0,0.0,0.0,1,1
1344,497912.5,457592.0,0.0,0.0,1,1
1345,497912.5,457592.0,0.0,0.0,1,1
1346,497912.5,457592.0,0.0,0.0,1,1
1347,497912.5,457592.0,0.0,0.0,1,1
1348,497912.5,457592.0,0.0,0.0,1,1
1349,497912.5,457592.0,0.0,0.0,1,1
1350,497912.5,457592.0,0.0,0.0,1,1
1351,497933.0,457592.0,0.0,0.0,1,1
1352,497933.0,457592.0,0.0,0.0,1,1
1353,497933.0,457592.0,0.0,0.0,1,1
1354,497933.0,457592.0,0.0,0.0,1,1
1355,497933.0,457592.0,0.0,0.0,1,1
1356,497933.0,457592.0,0.0,0.0,1,1
1357,497933.0,457592.0,0.0,0.0,1,1
1358,497933.0,457592.0,0.0,0.0,1,1
1359,497933.0,457592.0,0.0,0.0,1,1
1360,497933.0,457592.0,0.0,0.0,1,1
1361,497933.0,457592.0,0.0,0.0,1,1
1362,497933.0,457592.0,0.0,0.0,1,1
1363,497933.0,457592.0,0.0,0.0,1,1
1364,497933.0,457592.0,0.0,0.0,1,1
1365,497933.0,457592.0,0.0,0.0,1,1
1366,497933.0,457592.0,0.0,0.0,1,1
1367,497933.0,457592.0,0.0,0.0,1,1
1368,497933.0,457592.0,0.0,0.0,1,1
1369,497933.0,457592.0,0.0,0.0,1,1
1370,497933.0,457592.0,0.0,0.0,1,1
1371,497933.0,457592.0,0.0,0.0,1,1
1372,497933.0,457592.0,0.0,0.0,1,1
1373,497933.0,457592.0,0.0,0.0,1,1
1374,497933.0,457592.0,0.0,0.0,1,1
1375,497933.0,457592.0,0.0,0.0,1,1
1376,497933.0,457592.0,0.0,0.0,1,1
1377,497933.0,457592.0,0.0,0.0,1,1
1378,497933.0,457592.0,0.0,0.0,1,1
1379,497933.0,457592.0,0.0,0.0,1,1
1380,497933.0,457592.0,0.0,0.0,1,1
1381,497933.0,457592.0,0.0,0.0,1,1
1382,497933.0,457592.0,0.0,0.0,1,1
1383,497933.0,457592.0,0.0,0.0,1,1
1384,497933.0,457592.0,0.0,0.0,1,1
1385,497933.0,457592.0,0.0,0.0,1,1
1386,497933.0,457592.0,0.0,0.0,1,1
1387,497933.0,457592.0,0.0,0.0,1,1
1388,497933.0,457592.0,0.0,0.0,1,1
1389,497933.0,457592.0,0.0,0.0,1,1
1390,497933.0,457592.0,0.0,0.0,1,1
1391,497933.0,457592.0,0.0,0.0,1,1
1392,497965.0,457592.0,0.0,0.0,1,1
1393,497965.0,457592.0,0.0,0.0,1,1
1394,497965.0,457592.0,0.0,0.0,1,1
1395,497965.0,457592.0,0.0,0.0,1,1
1396,497965.0,457592.0,0.0,0.0,1,1
1397,497965.0,457592.0,0.0,0.0,1,1
1398,497965.0,457592.0,0.0,0.0,1,1
1399,497965.0,457592.0,0.0,0.0,1,1
1400,497965.0,457592.0,0.0,0.0,1,1
1401,497965.0,457592.0,0.0,0.0,1,1
1402,497965.0,457592.0,0.0,0.0,1,1
1403,497965.0,457592.0,0.0,0.0,1,1
1404,497965.0,457592.0,0.0,0.0,1,1
1405,497965.0,457592.0,0.0,0.0,1,1
1406,497965.0,457592.0,0.0,0.0,1,1
1407,497965.0,457592.0,0.0,0.0,1,1
1408,497965.0,457592.0,0.0,0.0,1,1
1409,497965.0,457592.0,0.0,0.0,1,1
1410,497965.0,457592.0,0.0,0.0,1,1
1411,497965.0,457592.0,0.0,0.0,1,1
1412,497965.0,457592.0,0.0,0.0,1,1
1413,497965.0,457592.0,0.0,0.0,1,1
1414,497965.0,457592.0,0.0,0.0,1,1
1415,497965.0,457592.0,0.0,0.0,1,1
1416,497965.0,457592.0,0.0,0.0,1,1
1417,497965.0,457592.0,0.0,0.0,1,1
1418,497965.0,457592.0,0.0,0.0,1,1
1419,498089.0,457592.0,0.0,0.0,1,1
1420,498089.0,457592.0,0.0,0.0,1,1
1421,498342.5,457592.0,0.0,0.0,1,1
1422,498342.5,457592.0,0.0,0.0,1,1
1423,498861.5,457592.0,0.0,0.0,1,1
1424,498861.5,457592.0,0.0,0.0,1,1
1425,498861.5,457592.0,0.0,0.0,1,1
1426,498861.5,457592.0,0.0,0.0,1,1
1427,498861.5,457592.0,0.0,0.0,1,1
1428,498861.5,457592.0,0.0,0.0,1,1
1429,498861.5,457592.0,0.0,0.0,1,1
1430,498861.5,457592.0,0.0,0.0,1,1
1431,498861.5,457592.0,0.0,0.0,1,1
1432,498861.5,457592.0,0.0,0.0,1,1
1433,498861.5,457592.0,0.0,0.0,1,1
1434,498861.5,457592.0,0.0,0.0,1,1
1435,498861.5,457592.0,0.0,0.0,1,1
1436,498632.0,457592.0,0.0,0.0,1,1
1437,498651.5,457592.0,0.0,0.0,1,1
1438,498651.5,457592.0,0.0,0.0,1,1
1439,498651.5,457592.0,0.0,0.0,1,1
1440,498651.5,457592.0,0.0,0.0,1,1
1441,498651.5,457592.0,0.0,0.0,1,1
1442,498651.5,457592.0,0.0,0.0,1,1
1443,498651.5,457592.0,0.0,0.0,1,1
1444,498651.5,457592.0,0.0,0.0,1,1
1445,498651.5,457592.0,0.0,0.0,1,1
1446,498651.5,457592.0,0.0,0.0,1,1
1447,498651.5,457592.0,0.0,0.0,1,1
1448,498651.5,457592.0,0.0,0.0,1,1
1449,498651.5,457592.0,0.0,0.0,1,1
1450,498651.5,457592.0,0.0,0.0,1,1
1451,498651.5,457592.0,0.0,0.0,1,1
1452,498651.5,457592.0,0.0,0.0,1,1
1453,498651.5,457592.0,0.0,0.0,1,1
1454,498651.5,457592.0,0.0,0.0,1,1
1455,498651.5,457592.0,0.0,0.0,1,1
1456,498651.5,457592.0,0.0,0.0,1,1
1457,498651.5,457592.0,0.0,0.0,1,1
1458,498651.5,457592.0,0.0,0.0,1,1
1459,498651.5,457592.0,0.0,0.0,1,1
1460,498651.5,457592.0,0.0,0.0,1,1
1461,498651.5,457592.0,0.0,0.0,1,1
1462,498651.5,457592.0,0.0,0.0,1,1
1463,498651.5,457592.0,0.0,0.0,1,1
1464,498651.5,457592.0,0.0,0.0,1,1
1465,498651.5,457592.0,0.0,0.0,1,1
1466,498651.5,457592.0,0.0,0.0,1,1
1467,498651.5,457592.0,0.0,0.0,1,1
1468,498651.5,457592.0,0.0,0.0,1,1
1469,498651.5,457592.0,0.0,0.0,1,1
1470,498651.5,457592.0,0.0,0.0,1,1
1471,498651.5,457592.0,0.0,0.0,1,1
1472,498651.5,457592.0,0.0,0.0,1,1
1473,498651.5,457592.0,0.0,0.0,1,1
1474,498651.5,457592.0,0.0,0.0,1,1
1475,498651.5,457592.0,0.0,0.0,1,1
1476,498651.5,457592.0,0.0,0.0,1,1
1477,498651.5,457592.0,0.0,0.0,1,1
1478,498881.0,457592.0,0.0,0.0,1,1
1479,498881.0,457592.0,0.0,0.0,1,1
1480,498881.0,457592.0,0.0,0.0,1,1
1481,498881.0,457592.0,0.0,0.0,1,1
1482,498881.0,457592.0,0.0,0.0,1,1
1483,498881.0,457592.0,0.0,0.0,1,1
1484,498881.0,457592.0,0.0,0.0,1,1
1485,498881.0,457592.0,0.0,0.0,1,1
1486,498881.0,457592.0,0.0,0.0,1,1
1487,498881.0,457592.0,0.0,0.0,1,1
1488,498881.0,457592.0,0.0,0.0,1,1
1489,498881.0,457592.0,0.0,0.0,1,1
1490,498881.0,457592.0,0.0,0.0,1,1
1491,498881.0,457592.0,0.0,0.0,1,1
1492,498881.0,457592.0,0.0,0.0,1,1
1493,498881.0,457592.0,0.0,0.0,1,1
1494,498881.0,457592.0,0.0,0.0,1,1
1495,498881.0,457592.0,0.0,0.0,1,1
1496,498881.0,457592.0,0.0,0.0,1,1
1497,499042.0,457592.0,0.0,0.0,1,1
1498,497801.0,457592.0,0.0,0.0,1,1
1499,497801.0,457592.0,0.0,0.0,1,1
1500,497801.0,457592.0,0.0,0.0,1,1
1501,497801.0,457592.0,0.0,0.0,1,1
1502,497801.0,457592.0,0.0,0.0,1,1
1503,497801.0,457592.0,0.0,0.0,1,1
1504,497801.0,457592.0,0.0,0.0,1,1
1505,497751.5,457592.0,0.0,0.0,1,1
1506,497546.5,457592.0,0.0,0.0,1,1
1507,497546.5,457592.0,0.0,0.0,1,1
1508,497546.5,457592.0,0.0,0.0,1,1
1509,497546.5,457592.0,0.0,0.0,1,1
1510,497546.5,457592.0,0.0,0.0,1,1
1511,497546.5,457592.0,0.0,0.0,1,1
1512,497546.5,457592.0,0.0,0.0,1,1
1513,497546.5,457592.0,0.0,0.0,1,1
1514,497546.5,457592.0,0.0,0.0,1,1
1515,497546.5,457592.0,0.0,0.0,1,1
1516,497546.5,457592.0,0.0,0.0,1,1
1517,497546.5,457592.0,0.0,0.0,1,1
1518,497546.5,457592.0,0.0,0.0,1,1
1519,497546.5,457592.0,0.0,0.0,1,1
1520,497522.0,457592.0,0.0,0.0,1,1
1521,497522.0,457592.0,0.0,0.0,1,1
1522,497522.0,457592.0,0.0,0.0,1,1
1523,497522.0,457592.0,0.0,0.0,1,1
1524,497522.0,457592.0,0.0,0.0,1,1
1525,497522.0,457592.0,0.0,0.0,1,1
1526,497522.0,457592.0,0.0,0.0,1,1
1527,497522.0,457592.0,0.0,0.0,1,1
1528,497522.0,457592.0,0.0,0.0,1,1
1529,497522.0,457592.0,0.0,0.0,1,1
1530,497522.0,457592.0,0.0,0.0,1,1
1531,497522.0,457592.0,0.0,0.0,1,1
1532,497522.0,457592.0,0.0,0.0,1,1
1533,497522.0,457592.0,0.0,0.0,1,1
1534,497522.0,457592.0,0.0,0.0,1,1
1535,497522.0,457592.0,0.0,0.0,1,1
1536,497522.0,457592.0,0.0,0.0,1,1
1537,497522.0,457592.0,0.0,0.0,1,1
1538,497522.0,457592.0,0.0,0.0,1,1
1539,497522.0,457592.0,0.0,0.0,1,1
1540,497522.0,457592.0,0.0,0.0,1,1
1541,497522.0,457592.0,0.0,0.0,1,1
1542,497522.0,457592.0,0.0,0.0,1,1
1543,497522.0,457592.0,0.0,0.0,1,1
1544,497522.0,457592.0,0.0,0.0,1,1
1545,497522.0,457592.0,0.0,0.0,1,1
1546,497522.0,457592.0,0.0,0.0,1,1
1547,497522.0,457592.0,0.0,0.0,1,1
1548,497522.0,457592.0,0.0,0.0,1,1
1549,497522.0,457592.0,0.0,0.0,1,1
1550,497522.0,457592.0,0.0,0.0,1,1
1551,497522.0,457592.0,0.0,0.0,1,1
1552,498405.0,457592.0,0.0,0.0,1,1
1553,498405.0,457592.0,0.0,0.0,1,1
1554,498405.0,457592.0,0.0,0.0,1,1
1555,498405.0,457592.0,0.0,0.0,1,1
1556,498405.0,457592.0,0.0,0.0,1,1
1557,498405.0,457592.0,0.0,0.0,1,1
1558,498460.5,457592.0,0.0,0.0,1,1
1559,498460.5,457592.0,0.0,0.0,1,1
1560,498460.5,457592.0,0.0,0.0,1,1
1561,498460.5,457592.0,0.0,0.0,1,1
1562,498460.5,457592.0,0.0,0.0,1,1
1563,498460.5,457592.0,0.0,0.0,1,1
1564,496210.0,457592.0,0.0,0.0,1,1
1565,496210.0,457592.0,0.0,0.0,1,1
1566,496210.0,457592.0,0.0,0.0,1,1
1567,496210.0,457592.0,0.0,0.0,1,1
1568,496210.0,457592.0,0.0,0.0,1,1
1569,496210.0,457592.0,0.0,0.0,1,1
1570,496210.0,457592.0,0.0,0.0,1,1
1571,496210.0,457592.0,0.0,0.0,1,1
1572,496210.0,457592.0,0.0,0.0,1,1
1573,496210.0,457592.0,0.0,0.0,1,1
1574,496210.0,457592.0,0.0,0.0,1,1
1575,496267.5,457592.0,0.0,0.0,1,1
1576,496267.5,457592.0,0.0,0.0,1,1
1577,496267.5,457592.0,0.0,0.0,1,1
1578,496267.5,457592.0,0.0,0.0,1,1
1579,496267.5,457592.0,0.0,0.0,1,1
1580,496267.5,457592.0,0.0,0.0,1,1
1581,496267.5,457592.0,0.0,0.0,1,1
1582,496267.5,457592.0,0.0,0.0,1,1
1583,496267.5,457592.0,0.0,0.0,1,1
1584,496267.5,457592.0,0.0,0.0,1,1
1585,496468.5,457592.0,0.0,0.0,1,1
1586,496468.5,457592.0,0.0,0.0,1,1
1587,496468.5,457592.0,0.0,0.0,1,1
1588,496468.5,457592.0,0.0,0.0,1,1
1589,496468.5,457592.0,0.0,0.0,1,1
1590,496468.5,457592.0,0.0,0.0,1,1
1591,496468.5,457592.0,0.0,0.0,1,1
1592,496468.5,457592.0,0.0,0.0,1,1
1593,496468.5,457592.0,0.0,0.0,1,1
1594,496468.5,457592.0,0.0,0.0,1,1
1595,496468.5,457592.0,0.0,0.0,1,1
1596,496468.5,457592.0,0.0,0.0,1,1
1597,496468.5,457592.0,0.0,0.0,1,1
1598,496468.5,457592.0,0.0,0.0,1,1
1599,496468.5,457592.0,0.0,0.0,1,1
1600,496468.5,457592.0,0.0,0.0,1,1
1601,496310.5,457592.0,0.0,0.0,1,1
1602,496310.5,457592.0,0.0,0.0,1,1
1603,496183.5,457592.0,0.0,0.0,1,1
1604,496183.5,457592.0,0.0,0.0,1,1
1605,496183.5,457592.0,0.0,0.0,1,1
1606,496183.5,457592.0,0.0,0.0,1,1
1607,496183.5,457592.0,0.0,0.0,1,1
1608,496183.5,457592.0,0.0,0.0,1,1
1609,496183.5,457592.0,0.0,0.0,1,1
1610,496183.5,457592.0,0.0,0.0,1,1
1611,496183.5,457592.0,0.0,0.0,1,1
1612,496183.5,457592.0,0.0,0.0,1,1
1613,496183.5,457592.0,0.0,0.0,1,1
1614,496183.5,457592.0,0.0,0.0,1,1
1615,496183.5,457592.0,0.0,0.0,1,1
1616,496183.5,457592.0,0.0,0.0,1,1
1617,496183.5,457592.0,0.0,0.0,1,1
1618,496488.0,457592.0,0.0,0.0,1,1
1619,496488.0,457592.0,0.0,0.0,1,1
1620,496488.0,457592.0,0.0,0.0,1,1
1621,496488.0,457592.0,0.0,0.0,1,1
1622,495607.0,457592.0,0.0,0.0,1,1
1623,495607.0,457592.0,0.0,0.0,1,1
1624,495607.0,457592.0,0.0,0.0,1,1
1625,495607.0,457592.0,0.0,0.0,1,1
1626,495607.0,457592.0,0.0,0.0,1,1
1627,495607.0,457592.0,0.0,0.0,1,1
1628,495607.0,457592.0,0.0,0.0,1,1
1629,495607.0,457592.0,0.0,0.0,1,1
1630,495607.0,457592.0,0.0,0.0,1,1
1631,495607.0,457592.0,0.0,0.0,1,1
1632,495607.0,457592.0,0.0,0.0,1,1
1633,495607.0,457592.0,0.0,0.0,1,1
1634,495607.0,457592.0,0.0,0.0,1,1
1635,495625.5,457592.0,0.0,0.0,1,1
1636,495690.5,457592.0,0.0,0.0,1,1
1637,495690.5,457592.0,0.0,0.0,1,1
1638,495690.5,457592.0,0.0,0.0,1,1
1639,495690.5,457592.0,0.0,0.0,1,1
1640,495690.5,457592.0,0.0,0.0,1,1
1641,495690.5,457592.0,0.0,0.0,1,1
1642,495690.5,457592.0,0.0,0.0,1,1
1643,495690.5,457592.0,0.0,0.0,1,1
1644,495690.5,457592.0,0.0,0.0,1,1
1645,495690.5,457592.0,0.0,0.0,1,1
1646,495690.5,457592.0,0.0,0.0,1,1
1647,495690.5,457592.0,0.0,0.0,1,1
1648,495690.5,457592.0,0.0,0.0,1,1
1649,495690.5,457592.0,0.0,0.0,1,1
1650,495690.5,457592.0,0.0,0.0,1,1
1651,495690.5,457592.0,0.0,0.0,1,1
1652,495690.5,457592.0,0.0,0.0,1,1
1653,495690.5,457592.0,0.0,0.0,1,1
1654,495690.5,457592.0,0.0,0.0,1,1
1655,495690.5,457592.0,0.0,0.0,1,1
1656,495690.5,457592.0,0.0,0.0,1,1
1657,495690.5,457592.0,0.0,0.0,1,1
1658,495690.5,457592.0,0.0,0.0,1,1
1659,495690.5,457592.0,0.0,0.0,1,1
1660,495690.5,457592.0,0.0,0.0,1,1
1661,495690.5,457592.0,0.0,0.0,1,1
1662,495690.5,457592.0,0.0,0.0,1,1
1663,495690.5,457592.0,0.0,0.0,1,1
1664,490704.5,457592.0,0.0,0.0,1,1
1665,490704.5,457592.0,0.0,0.0,1,1
1666,490704.5,457592.0,0.0,0.0,1,1
1667,490704.5,457592.0,0.0,0.0,1,1
1668,490704.5,457592.0,0.0,0.0,1,1
1669,490704.5,457592.0,0.0,0.0,1,1
1670,490704.5,457592.0,0.0,0.0,1,1
1671,490704.5,457592.0,0.0,0.0,1,1
1672,490704.5,457592.0,0.0,0.0,1,1
1673,490704.5,457592.0,0.0,0.0,1,1
1674,490704.5,457592.0,0.0,0.0,1,1
1675,490704.5,457592.0,0.0,0.0,1,1
1676,490704.5,457592.0,0.0,0.0,1,1
1677,490704.5,457592.0,0.0,0.0,1,1
1678,490704.5,457592.0,0.0,0.0,1,1
1679,490704.5,457592.0,0.0,0.0,1,1
1680,490704.5,457592.0,0.0,0.0,1,1
1681,490704.5,457592.0,0.0,0.0,1,1
1682,490704.5,457592.0,0.0,0.0,1,1
1683,490704.5,457592.0,0.0,0.0,1,1
1684,490704.5,457592.0,0.0,0.0,1,1
1685,490704.5,457592.0,0.0,0.0,1,1
1686,490704.5,457592.0,0.0,0.0,1,1
1687,490874.0,457592.0,0.0,0.0,1,1
1688,490874.0,457592.0,0.0,0.0,1,1
1689,490874.0,457592.0,0.0,0.0,1,1
1690,490874.0,457592.0,0.0,0.0,1,1
1691,490874.0,457592.0,0.0,0.0,1,1
1692,490874.0,457592.0,0.0,0.0,1,1
1693,490874.0,457592.0,0.0,0.0,1,1
1694,490874.0,457592.0,0.0,0.0,1,1
1695,490874.0,457592.0,0.0,0.0,1,1
1696,490874.0,457592.0,0.0,0.0,1,1
1697,490874.0,457592.0,0.0,0.0,1,1
1698,490874.0,457592.0,0.0,0.0,1,1
1699,490874.0,457592.0,0.0,0.0,1,1
1700,490874.0,457592.0,0.0,0.0,1,1
1701,490874.0,457592.0,0.0,0.0,1,1
1702,490874.0,457592.0,0.0,0.0,1,1
1703,490874.0,457592.0,0.0,0.0,1,1
1704,490874.0,457592.0,0.0,0.0,1,1
1705,490874.0,457592.0,0.0,0.0,1,1
1706,490874.0,457592.0,0.0,0.0,1,1
1707,490874.0,457592.0,0.0,0.0,1,1
1708,490874.0,457592.0,0.0,0.0,1,1
1709,490874.0,457592.0,0.0,0.0,1,1
1710,490874.0,457592.0,0.0,0.0,1,1
1711,490874.0,457592.0,0.0,0.0,1,1
1712,490874.0,457592.0,0.0,0.0,1,1
1713,490874.0,457592.0,0.0,0.0,1,1
1714,490874.0,457592.0,0.0,0.0,1,1
1715,490874.0,457592.0,0.0,0.0,1,1
1716,490874.0,457592.0,0.0,0.0,1,1
1717,490874.0,457592.0,0.0,0.0,1,1
1718,490874.0,457592.0,0.0,0.0,1,1
1719,490874.0,457592.0,0.0,0.0,1,1
1720,490874.0,457592.0,0.0,0.0,1,1
1721,490874.0,457592.0,0.0,0.0,1,1
1722,490874.0,457592.0,0.0,0.0,1,1
1723,490874.0,457592.0,0.0,0.0,1,1
1724,490874.0,457592.0,0.0,0.0,1,1
1725,490874.0,457592.0,0.0,0.0,1,1
1726,490874.0,457592.0,0.0,0.0,1,1
1727,490874.0,457592.0,0.0,0.0,1,1
1728,490874.0,457592.0,0.0,0.0,1,1
1729,490874.0,457592.0,0.0,0.0,1,1
1730,490874.0,457592.0,0.0,0.0,1,1
1731,490874.0,457592.0,0.0,0.0,1,1
1732,490874.0,457592.0,0.0,0.0,1,1
1733,490874.0,457592.0,0.0,0.0,1,1
1734,490781.0,457592.0,0.0,0.0,1,1
1735,490781.0,457592.0,0.0,0.0,1,1
1736,490781.0,457592.0,0.0,0.0,1,1
1737,490781.0,457592.0,0.0,0.0,1,1
1738,490781.0,457592.0,0.0,0.0,1,1
1739,490781.0,457592.0,0.0,0.0,1,1
1740,490781.0,457592.0,0.0,0.0,1,1
1741,490781.0,457592.0,0.0,0.0,1,1
1742,490781.0,457592.0,0.0,0.0,1,1
1743,490781.0,457592.0,0.0,0.0,1,1
1744,490781.0,457592.0,0.0,0.0,1,1
1745,490781.0,457592.0,0.0,0.0,1,1
1746,490781.0,457592.0,0.0,0.0,1,1
1747,490781.0,457592.0,0.0,0.0,1,1
1748,490781.0,457592.0,0.0,0.0,1,1
1749,490781.0,457592.0,0.0,0.0,1,1
1750,490781.0,457592.0,0.0,0.0,1,1
1751,490781.0,457592.0,0.0,0.0,1,1
1752,490781.0,457592.0,0.0,0.0,1,1
1753,490781.0,457592.0,0.0,0.0,1,1
1754,490846.5,457592.0,0.0,0.0,1,1
1755,490846.5,457592.0,0.0,0.0,1,1
1756,490846.5,457592.0,0.0,0.0,1,1
1757,490846.5,457592.0,0.0,0.0,1,1
1758,490846.5,457592.0,0.0,0.0,1,1
1759,488636.5,457592.0,0.0,0.0,1,1
1760,488636.5,457592.0,0.0,0.0,1,1
1761,488636.5,457592.0,0.0,0.0,1,1
1762,488636.5,457592.0,0.0,0.0,1,1
1763,488636.5,457592.0,0.0,0.0,1,1
1764,488636.5,457592.0,0.0,0.0,1,1
1765,488636.5,457592.0,0.0,0.0,1,1
1766,488636.5,457592.0,0.0,0.0,1,1
1767,488214.5,457592.0,0.0,0.0,1,1
1768,488214.5,457592.0,0.0,0.0,1,1
1769,489374.0,457592.0,0.0,0.0,1,1
1770,489263.5,457592.0,0.0,0.0,1,1
1771,489263.5,457592.0,0.0,0.0,1,1
1772,489263.5,457592.0,0.0,0.0,1,1
1773,489263.5,457592.0,0.0,0.0,1,1
1774,489263.5,457592.0,0.0,0.0,1,1
1775,489263.5,457592.0,0.0,0.0,1,1
1776,489263.5,457592.0,0.0,0.0,1,1
1777,489263.5,457592.0,0.0,0.0,1,1
1778,489263.5,457592.0,0.0,0.0,1,1
1779,489263.5,457592.0,0.0,0.0,1,1
1780,489263.5,457592.0,0.0,0.0,1,1
1781,489263.5,457592.0,0.0,0.0,1,1
1782,489263.5,457592.0,0.0,0.0,1,1
1783,489263.5,457592.0,0.0,0.0,1,1
1784,489266.0,457592.0,0.0,0.0,1,1
1785,489266.0,457592.0,0.0,0.0,1,1
1786,489266.0,457592.0,0.0,0.0,1,1
1787,489266.0,457592.0,0.0,0.0,1,1
1788,489266.0,457592.0,0.0,0.0,1,1
1789,489266.0,457592.0,0.0,0.0,1,1
1790,489266.0,457592.0,0.0,0.0,1,1
1791,489266.0,457592.0,0.0,0.0,1,1
1792,489266.0,457592.0,0.0,0.0,1,1
1793,489266.0,457592.0,0.0,0.0,1,1
1794,489266.0,457592.0,0.0,0.0,1,1
1795,489266.0,457592.0,0.0,0.0,1,1
1796,489266.0,457592.0,0.0,0.0,1,1
1797,489266.0,457592.0,0.0,0.0,1,1
1798,489266.0,457592.0,0.0,0.0,1,1
1799,489266.0,457592.0,0.0,0.0,1,1
1800,489099.0,457592.0,0.0,0.0,1,1
1801,489424.0,457592.0,0.0,0.0,1,1
1802,489424.0,457592.0,0.0,0.0,1,1
1803,489424.0,457592.0,0.0,0.0,1,1
1804,489424.0,457592.0,0.0,0.0,1,1
1805,489424.0,457592.0,0.0,0.0,1,1
1806,489424.0,457592.0,0.0,0.0,1,1
1807,489424.0,457592.0,0.0,0.0,1,1
1808,489424.0,457592.0,0.0,0.0,1,1
1809,489424.0,457592.0,0.0,0.0,1,1
1810,489424.0,457592.0,0.0,0.0,1,1
1811,489424.0,457592.0,0.0,0.0,1,1
1812,489424.0,457592.0,0.0,0.0,1,1
1813,489424.0,457592.0,0.0,0.0,1,1
1814,489424.0,457592.0,0.0,0.0,1,1
1815,489424.0,457592.0,0.0,0.0,1,1
1816,489424.0,457592.0,0.0,0.0,1,1
1817,489424.0,457592.0,0.0,0.0,1,1
1818,489424.0,457592.0,0.0,0.0,1,1
1819,489424.0,457592.0,0.0,0.0,1,1
1820,489424.0,457592.0,0.0,0.0,1,1
1821,489424.0,457592.0,0.0,0.0,1,1
1822,489424.0,457592.0,0.0,0.0,1,1
1823,489424.0,457592.0,0.0,0.0,1,1
1824,489424.0,457592.0,0.0,0.0,1,1
1825,489424.0,457592.0,0.0,0.0,1,1
1826,489424.0,457592.0,0.0,0.0,1,1
1827,489424.0,457592.0,0.0,0.0,1,1
1828,489734.0,457592.0,0.0,0.0,1,1
1829,489734.0,457592.0,0.0,0.0,1,1
1830,489734.0,457592.0,0.0,0.0,1,1
1831,489734.0,457592.0,0.0,0.0,1,1
1832,489734.0,457592.0,0.0,0.0,1,1
1833,489734.0,457592.0,0.0,0.0,1,1
1834,489734.0,457592.0,0.0,0.0,1,1
1835,489734.0,457592.0,0.0,0.0,1,1
1836,489734.0,457592.0,0.0,0.0,1,1
1837,489682.0,457592.0,0.0,0.0,1,1
1838,489682.0,457592.0,0.0,0.0,1,1
1839,489682.0,457592.0,0.0,0.0,1,1
1840,489559.0,457592.0,0.0,0.0,1,1
1841,489559.0,457592.0,0.0,0.0,1,1
1842,489559.0,457592.0,0.0,0.0,1,1
1843,489559.0,457592.0,0.0,0.0,1,1
1844,489559.0,457592.0,0.0,0.0,1,1
1845,489559.0,457592.0,0.0,0.0,1,1
1846,489559.0,457592.0,0.0,0.0,1,1
1847,489559.0,457592.0,0.0,0.0,1,1
1848,489559.0,457592.0,0.0,0.0,1,1
1849,489559.0,457592.0,0.0,0.0,1,1
1850,489559.0,457592.0,0.0,0.0,1,1
1851,489700.0,457592.0,0.0,0.0,1,1
1852,489700.0,457592.0,0.0,0.0,1,1
1853,489700.0,457592.0,0.0,0.0,1,1
1854,489700.0,457592.0,0.0,0.0,1,1
1855,489700.0,457592.0,0.0,0.0,1,1
1856,489700.0,457592.0,0.0,0.0,1,1
1857,489700.0,457592.0,0.0,0.0,1,1
1858,489700.0,457592.0,0.0,0.0,1,1
1859,489700.0,457592.0,0.0,0.0,1,1
1860,489700.0,457592.0,0.0,0.0,1,1
1861,489700.0,457592.0,0.0,0.0,1,1
1862,489700.0,457592.0,0.0,0.0,1,1
1863,489700.0,457592.0,0.0,0.0,1,1
1864,489700.0,457592.0,0.0,0.0,1,1
1865,489700.0,457592.0,0.0,0.0,1,1
1866,489700.0,457592.0,0.0,0.0,1,1
1867,489700.0,457592.0,0.0,0.0,1,1
1868,489936.5,457592.0,0.0,0.0,1,1
1869,489936.5,457592.0,0.0,0.0,1,1
1870,489936.5,457592.0,0.0,0.0,1,1
1871,489936.5,457592.0,0.0,0.0,1,1
1872,489936.5,457592.0,0.0,0.0,1,1
1873,489936.5,457592.0,0.0,0.0,1,1
1874,489936.5,457592.0,0.0,0.0,1,1
1875,489769.0,457592.0,0.0,0.0,1,1
1876,489769.0,457592.0,0.0,0.0,1,1
1877,489769.0,457592.0,0.0,0.0,1,1
1878,489769.0,457592.0,0.0,0.0,1,1
1879,489769.0,457592.0,0.0,0.0,1,1
1880,489769.0,457592.0,0.0,0.0,1,1
1881,489769.0,457592.0,0.0,0.0,1,1
1882,489769.0,457592.0,0.0,0.0,1,1
1883,489769.0,457592.0,0.0,0.0,1,1
1884,489769.0,457592.0,0.0,0.0,1,1
1885,489769.0,457592.0,0.0,0.0,1,1
1886,489769.0,457592.0,0.0,0.0,1,1
1887,489769.0,457592.0,0.0,0.0,1,1
1888,489769.0,457592.0,0.0,0.0,1,1
1889,489769.0,457592.0,0.0,0.0,1,1
1890,489769.0,457592.0,0.0,0.0,1,1
1891,489769.0,457592.0,0.0,0.0,1,1
1892,489769.0,457592.0,0.0,0.0,1,1
1893,489769.0,457592.0,0.0,0.0,1,1
1894,489769.0,457592.0,0.0,0.0,1,1
1895,489769.0,457592.0,0.0,0.0,1,1
1896,490554.0,457592.0,0.0,0.0,1,1
1897,490554.0,457592.0,0.0,0.0,1,1
1898,490554.0,457592.0,0.0,0.0,1,1
1899,490554.0,457592.0,0.0,0.0,1,1
1900,490554.0,457592.0,0.0,0.0,1,1
1901,490554.0,457592.0,0.0,0.0,1,1
1902,490554.0,457592.0,0.0,0.0,1,1
1903,490554.0,457592.0,0.0,0.0,1,1
1904,490554.0,457592.0,0.0,0.0,1,1
1905,491919.5,457592.0,0.0,0.0,1,1
1906,491919.5,457592.0,0.0,0.0,1,1
1907,491919.5,457592.0,0.0,0.0,1,1
1908,491724.5,457592.0,0.0,0.0,1,1
1909,491724.5,457592.0,0.0,0.0,1,1
1910,491724.5,457592.0,0.0,0.0,1,1
1911,491724.5,457592.0,0.0,0.0,1,1
1912,491724.5,457592.0,0.0,0.0,1,1
1913,491724.5,457592.0,0.0,0.0,1,1
1914,491724.5,457592.0,0.0,0.0,1,1
1915,491724.5,457592.0,0.0,0.0,1,1
1916,491724.5,457592.0,0.0,0.0,1,1
1917,491724.5,457592.0,0.0,0.0,1,1
1918,491724.5,457592.0,0.0,0.0,1,1
1919,491724.5,457592.0,0.0,0.0,1,1
1920,491724.5,457592.0,0.0,0.0,1,1
1921,491724.5,457592.0,0.0,0.0,1,1
1922,491724.5,457592.0,0.0,0.0,1,1
1923,491724.5,457592.0,0.0,0.0,1,1
1924,491724.5,457592.0,0.0,0.0,1,1
1925,491724.5,457592.0,0.0,0.0,1,1
1926,491724.5,457592.0,0.0,0.0,1,1
1927,491724.5,457592.0,0.0,0.0,1,1
1928,491724.5,457592.0,0.0,0.0,1,1
1929,491724.5,457592.0,0.0,0.0,1,1
1930,491724.5,457592.0,0.0,0.0,1,1
1931,491724.5,457592.0,0.0,0.0,1,1
1932,491724.5,457592.0,0.0,0.0,1,1
1933,491724.5,457592.0,0.0,0.0,1,1
1934,491724.5,457592.0,0.0,0.0,1,1
1935,491724.5,457592.0,0.0,0.0,1,1
1936,491724.5,457592.0,0.0,0.0,1,1
1937,491724.5,457592.0,0.0,0.0,1,1
1938,491724.5,457592.0,0.0,0.0,1,1
1939,491724.5,457592.0,0.0,0.0,1,1
1940,491724.5,457592.0,0.0,0.0,1,1
1941,491724.5,457592.0,0.0,0.0,1,1
1942,491724.5,457592.0,0.0,0.0,1,1
1943,491724.5,457592.0,0.0,0.0,1,1
1944,491724.5,457592.0,0.0,0.0,1,1
1945,491724.5,457592.0,0.0,0.0,1,1
1946,491724.5,457592.0,0.0,0.0,1,1
1947,491724.5,457592.0,0.0,0.0,1,1
1948,491724.5,457592.0,0.0,0.0,1,1
1949,491724.5,457592.0,0.0,0.0,1,1
1950,491724.5,457592.0,0.0,0.0,1,1
1951,491724.5,457592.0,0.0,0.0,1,1
1952,491724.5,457592.0,0.0,0.0,1,1
1953,492532.5,457592.0,0.0,0.0,1,1
1954,492532.5,457592.0,0.0,0.0,1,1
1955,492532.5,457592.0,0.0,0.0,1,1
1956,492532.5,457592.0,0.0,0.0,1,1
1957,492532.5,457592.0,0.0,0.0,1,1
1958,492532.5,457592.0,0.0,0.0,1,1
1959,492532.5,457592.0,0.0,0.0,1,1
1960,492532.5,457592.0,0.0,0.0,1,1
1961,492532.5,457592.0,0.0,0.0,1,1
1962,490828.0,457592.0,0.0,0.0,1,1
1963,490828.0,457592.0,0.0,0.0,1,1
1964,490828.0,457592.0,0.0,0.0,1,1
1965,490828.0,457592.0,0.0,0.0,1,1
1966,490828.0,457592.0,0.0,0.0,1,1
1967,490828.0,457592.0,0.0,0.0,1,1
1968,490828.0,457592.0,0.0,0.0,1,1
1969,490828.0,457592.0,0.0,0.0,1,1
1970,490828.0,457592.0,0.0,0.0,1,1
1971,490828.0,457592.0,0.0,0.0,1,1
1972,490828.0,457592.0,0.0,0.0,1,1
1973,490828.0,457592.0,0.0,0.0,1,1
1974,490828.0,457592.0,0.0,0.0,1,1
1975,490828.0,457592.0,0.0,0.0,1,1
1976,490828.0,457592.0,0.0,0.0,1,1
1977,490828.0,457592.0,0.0,0.0,1,1
1978,490828.0,457592.0,0.0,0.0,1,1
1979,490828.0,457592.0,0.0,0.0,1,1
1980,490828.0,457592.0,0.0,0.0,1,1
1981,490828.0,457592.0,0.0,0.0,1,1
1982,490828.0,457592.0,0.0,0.0,1,1
1983,490828.0,457592.0,0.0,0.0,1,1
1984,490828.0,457592.0,0.0,0.0,1,1
1985,490828.0,457592.0,0.0,0.0,1,1
1986,490828.0,457592.0,0.0,0.0,1,1
1987,490828.0,457592.0,0.0,0.0,1,1
1988,490828.0,457592.0,0.0,0.0,1,1
1989,490828.0,457592.0,0.0,0.0,1,1
1990,490828.0,457592.0,0.0,0.0,1,1
1991,490828.0,457592.0,0.0,0.0,1,1
1992,490828.0,457592.0,0.0,0.0,1,1
1993,490828.0,457592.0,0.0,0.0,1,1
1994,490828.0,457592.0,0.0,0.0,1,1
1995,490828.0,457592.0,0.0,0.0,1,1
1996,490828.0,457592.0,0.0,0.0,1,1
1997,490828.0,457592.0,0.0,0.0,1,1
1998,490828.0,457592.0,0.0,0.0,1,1
1999,490828.0,457592.0,0.0,0.0,1,1
2000,490828.0,457592.0,0.0,0.0,1,1
2001,490828.0,457592.0,0.0,0.0,1,1
2002,490828.0,457592.0,0.0,0.0,1,1
2003,490828.0,457592.0,0.0,0.0,1,1
2004,490828.0,457592.0,0.0,0.0,1,1
2005,490828.0,457592.0,0.0,0.0,1,1
2006,490828.0,457592.0,0.0,0.0,1,1
2007,490828.0,457592.0,0.0,0.0,1,1
2008,490828.0,457592.0,0.0,0.0,1,1
2009,490828.0,457592.0,0.0,0.0,1,1
2010,490828.0,457592.0,0.0,0.0,1,1
2011,490828.0,457592.0,0.0,0.0,1,1
2012,490828.0,457592.0,0.0,0.0,1,1
2013,490828.0,457592.0,0.0,0.0,1,1
2014,490828.0,457592.0,0.0,0.0,1,1
2015,490828.0,457592.0,0.0,0.0,1,1
2016,490828.0,457592.0,0.0,0.0,1,1
2017,490828.0,457592.0,0.0,0.0,1,1
2018,490828.0,457592.0,0.0,0.0,1,1
2019,490828.0,457592.0,0.0,0.0,1,1
2020,490828.0,457592.0,0.0,0.0,1,1
2021,490828.0,457592.0,0.0,0.0,1,1
2022,490828.0,457592.0,0.0,0.0,1,1
2023,490848.5,457592.0,0.0,0.0,1,1
2024,490848.5,457592.0,0.0,0.0,1,1
2025,490848.5,457592.0,0.0,0.0,1,1
2026,490848.5,457592.0,0.0,0.0,1,1
2027,490848.5,457592.0,0.0,0.0,1,1
2028,490848.5,457592.0,0.0,0.0,1,1
2029,490848.5,457592.0,0.0,0.0,1,1
2030,490848.5,457592.0,0.0,0.0,1,1
2031,490848.5,457592.0,0.0,0.0,1,1
2032,490848.5,457592.0,0.0,0.0,1,1
2033,490848.5,457592.0,0.0,0.0,1,1
2034,490924.5,457592.0,0.0,0.0,1,1
2035,490924.5,457592.0,0.0,0.0,1,1
2036,490924.5,457592.0,0.0,0.0,1,1
2037,490924.5,457592.0,0.0,0.0,1,1
2038,492040.0,457592.0,0.0,0.0,1,1
2039,492040.0,457592.0,0.0,0.0,1,1
2040,492040.0,457592.0,0.0,0.0,1,1
2041,492040.0,457592.0,0.0,0.0,1,1
2042,492040.0,457592.0,0.0,0.0,1,1
2043,492040.0,457592.0,0.0,0.0,1,1
2044,492040.0,457592.0,0.0,0.0,1,1
2045,492040.0,457592.0,0.0,0.0,1,1
2046,492040.0,457592.0,0.0,0.0,1,1
2047,492040.0,457592.0,0.0,0.0,1,1
2048,492040.0,457592.0,0.0,0.0,1,1
2049,492040.0,457592.0,0.0,0.0,1,1
2050,492040.0,457592.0,0.0,0.0,1,1
2051,492040.0,457592.0,0.0,0.0,1,1
2052,492040.0,457592.0,0.0,0.0,1,1
2053,492040.0,457592.0,0.0,0.0,1,1
2054,492040.0,457592.0,0.0,0.0,1,1
2055,492040.0,457592.0,0.0,0.0,1,1
2056,492040.0,457592.0,0.0,0.0,1,1
2057,492040.0,457592.0,0.0,0.0,1,1
2058,492040.0,457592.0,0.0,0.0,1,1
2059,492040.0,457592.0,0.0,0.0,1,1
2060,491969.0,457592.0,0.0,0.0,1,1
2061,491969.0,457592.0,0.0,0.0,1,1
2062,491969.0,457592.0,0.0,0.0,1,1
2063,491969.0,457592.0,0.0,0.0,1,1
2064,491969.0,457592.0,0.0,0.0,1,1
2065,491969.0,457592.0,0.0,0.0,1,1
2066,491969.0,457592.0,0.0,0.0,1,1
2067,491969.0,457592.0,0.0,0.0,1,1
2068,491969.0,457592.0,0.0,0.0,1,1
2069,491969.0,457592.0,0.0,0.0,1,1
2070,491969.0,457592.0,0.0,0.0,1,1
2071,491969.0,457592.0,0.0,0.0,1,1
2072,491969.0,457592.0,0.0,0.0,1,1
2073,491969.0,457592.0,0.0,0.0,1,1
2074,491969.0,457592.0,0.0,0.0,1,1
2075,491969.0,457592.0,0.0,0.0,1,1
2076,491969.0,457592.0,0.0,0.0,1,1
2077,491969.0,457592.0,0.0,0.0,1,1
2078,491969.0,457592.0,0.0,0.0,1,1
2079,491969.0,457592.0,0.0,0.0,1,1
2080,491969.0,457592.0,0.0,0.0,1,1
2081,491969.0,457592.0,0.0,0.0,1,1
2082,491969.0,457592.0,0.0,0.0,1,1
2083,491969.0,457592.0,0.0,0.0,1,1
2084,491969.0,457592.0,0.0,0.0,1,1
2085,491969.0,457592.0,0.0,0.0,1,1
2086,491969.0,457592.0,0.0,0.0,1,1
2087,491969.0,457592.0,0.0,0.0,1,1
2088,491969.0,457592.0,0.0,0.0,1,1
2089,491969.0,457592.0,0.0,0.0,1,1
2090,491969.0,457592.0,0.0,0.0,1,1
2091,491969.0,457592.0,0.0,0.0,1,1
2092,491969.0,457592.0,0.0,0.0,1,1
2093,491969.0,457592.0,0.0,0.0,1,1
2094,490958.0,457592.0,0.0,0.0,1,1
2095,490958.0,457592.0,0.0,0.0,1,1
2096,490958.0,457592.0,0.0,0.0,1,1
2097,490941.0,457592.0,0.0,0.0,1,1
2098,490941.0,457592.0,0.0,0.0,1,1
2099,490941.0,457592.0,0.0,0.0,1,1
2100,490941.0,457592.0,0.0,0.0,1,1
2101,490941.0,457592.0,0.0,0.0,1,1
2102,490941.0,457592.0,0.0,0.0,1,1
2103,490978.5,457592.0,0.0,0.0,1,1
2104,490978.5,457592.0,0.0,0.0,1,1
2105,490661.0,457592.0,0.0,0.0,1,1
2106,490661.0,457592.0,0.0,0.0,1,1
2107,490661.0,457592.0,0.0,0.0,1,1
2108,490661.0,457592.0,0.0,0.0,1,1
2109,490661.0,457592.0,0.0,0.0,1,1
2110,490661.0,457592.0,0.0,0.0,1,1
2111,489447.5,457592.0,0.0,0.0,1,1
2112,489447.5,457592.0,0.0,0.0,1,1
2113,489447.5,457592.0,0.0,0.0,1,1
2114,489447.5,457592.0,0.0,0.0,1,1
2115,489447.5,457592.0,0.0,0.0,1,1
2116,489447.5,457592.0,0.0,0.0,1,1
2117,489447.5,457592.0,0.0,0.0,1,1
2118,489447.5,457592.0,0.0,0.0,1,1
2119,489447.5,457592.0,0.0,0.0,1,1
2120,489447.5,457592.0,0.0,0.0,1,1
2121,489447.5,457592.0,0.0,0.0,1,1
2122,489447.5,457592.0,0.0,0.0,1,1
2123,489447.5,457592.0,0.0,0.0,1,1
2124,489447.5,457592.0,0.0,0.0,1,1
2125,489447.5,457592.0,0.0,0.0,1,1
2126,489447.5,457592.0,0.0,0.0,1,1
2127,489447.5,457592.0,0.0,0.0,1,1
2128,489447.5,457592.0,0.0,0.0,1,1
2129,489447.5,457592.0,0.0,0.0,1,1
2130,489447.5,457592.0,0.0,0.0,1,1
2131,489447.5,457592.0,0.0,0.0,1,1
2132,489447.5,457592.0,0.0,0.0,1,1
2133,489447.5,457592.0,0.0,0.0,1,1
2134,489447.5,457592.0,0.0,0.0,1,1
2135,489457.5,457592.0,0.0,0.0,1,1
2136,489457.5,457592.0,0.0,0.0,1,1
2137,489457.5,457592.0,0.0,0.0,1,1
2138,489457.5,457592.0,0.0,0.0,1,1
2139,489457.5,457592.0,0.0,0.0,1,1
2140,489457.5,457592.0,0.0,0.0,1,1
2141,489457.5,457592.0,0.0,0.0,1,1
2142,489457.5,457592.0,0.0,0.0,1,1
2143,489457.5,457592.0,0.0,0.0,1,1
2144,489457.5,457592.0,0.0,0.0,1,1
2145,489457.5,457592.0,0.0,0.0,1,1
2146,489457.5,457592.0,0.0,0.0,1,1
2147,489457.5,457592.0,0.0,0.0,1,1
2148,489457.5,457592.0,0.0,0.0,1,1
2149,489457.5,457592.0,0.0,0.0,1,1
2150,489457.5,457592.0,0.0,0.0,1,1
2151,489457.5,457592.0,0.0,0.0,1,1
2152,489457.5,457592.0,0.0,0.0,1,1
2153,489438.0,457592.0,0.0,0.0,1,1
2154,489438.0,457592.0,0.0,0.0,1,1
2155,489438.0,457592.0,0.0,0.0,1,1
2156,489438.0,457592.0,0.0,0.0,1,1
2157,489438.0,457592.0,0.0,0.0,1,1
2158,489438.0,457592.0,0.0,0.0,1,1
2159,489438.0,457592.0,0.0,0.0,1,1
2160,489438.0,457592.0,0.0,0.0,1,1
2161,489438.0,457592.0,0.0,0.0,1,1
2162,489438.0,457592.0,0.0,0.0,1,1
2163,489438.0,457592.0,0.0,0.0,1,1
2164,489438.0,457592.0,0.0,0.0,1,1
2165,489438.0,457592.0,0.0,0.0,1,1
2166,489438.0,457592.0,0.0,0.0,1,1
2167,489438.0,457592.0,0.0,0.0,1,1
2168,489438.0,457592.0,0.0,0.0,1,1
2169,489438.0,457592.0,0.0,0.0,1,1
2170,489438.0,457592.0,0.0,0.0,1,1
2171,489438.0,457592.0,0.0,0.0,1,1
2172,489438.0,457592.0,0.0,0.0,1,1
2173,489438.0,457592.0,0.0,0.0,1,1
2174,489438.0,457592.0,0.0,0.0,1,1
2175,489438.0,457592.0,0.0,0.0,1,1
2176,489438.0,457592.0,0.0,0.0,1,1
2177,489438.0,457592.0,0.0,0.0,1,1
2178,489438.0,457592.0,0.0,0.0,1,1
2179,489438.0,457592.0,0.0,0.0,1,1
2180,489438.0,457592.0,0.0,0.0,1,1
2181,489438.0,457592.0,0.0,0.0,1,1
2182,489438.0,457592.0,0.0,0.0,1,1
2183,489438.0,457592.0,0.0,0.0,1,1
2184,489438.0,457592.0,0.0,0.0,1,1
2185,489438.0,457592.0,0.0,0.0,1,1
2186,489438.0,457592.0,0.0,0.0,1,1
2187,489438.0,457592.0,0.0,0.0,1,1
2188,489438.0,457592.0,0.0,0.0,1,1
2189,489438.0,457592.0,0.0,0.0,1,1
2190,489854.5,457592.0,0.0,0.0,1,1
2191,489636.5,457592.0,0.0,0.0,1,1
2192,489636.5,457592.0,0.0,0.0,1,1
2193,489636.5,457592.0,0.0,0.0,1,1
2194,489636.5,457592.0,0.0,0.0,1,1
2195,489636.5,457592.0,0.0,0.0,1,1
2196,489636.5,457592.0,0.0,0.0,1,1
2197,489636.5,457592.0,0.0,0.0,1,1
2198,489636.5,457592.0,0.0,0.0,1,1
2199,489653.5,457592.0,0.0,0.0,1,1
2200,489653.5,457592.0,0.0,0.0,1,1
2201,489653.5,457592.0,0.0,0.0,1,1
2202,489653.5,457592.0,0.0,0.0,1,1
2203,489653.5,457592.0,0.0,0.0,1,1
2204,489653.5,457592.0,0.0,0.0,1,1
2205,489653.5,457592.0,0.0,0.0,1,1
2206,489653.5,457592.0,0.0,0.0,1,1
2207,489653.5,457592.0,0.0,0.0,1,1
2208,489653.5,457592.0,0.0,0.0,1,1
2209,489653.5,457592.0,0.0,0.0,1,1
2210,489653.5,457592.0,0.0,0.0,1,1
2211,489653.5,457592.0,0.0,0.0,1,1
2212,489653.5,457592.0,0.0,0.0,1,1
2213,490464.5,457592.0,0.0,0.0,1,1
2214,490464.5,457592.0,0.0,0.0,1,1
2215,490464.5,457592.0,0.0,0.0,1,1
2216,490464.5,457592.0,0.0,0.0,1,1
2217,490093.0,457592.0,0.0,0.0,1,1
2218,490093.0,457592.0,0.0,0.0,1,1
2219,490093.0,457592.0,0.0,0.0,1,1
2220,490093.0,457592.0,0.0,0.0,1,1
2221,490093.0,457592.0,0.0,0.0,1,1
2222,490093.0,457592.0,0.0,0.0,1,1
2223,490093.0,457592.0,0.0,0.0,1,1
2224,490093.0,457592.0,0.0,0.0,1,1
2225,490093.0,457592.0,0.0,0.0,1,1
2226,490093.0,457592.0,0.0,0.0,1,1
2227,490201.0,457592.0,0.0,0.0,1,1
2228,490201.0,457592.0,0.0,0.0,1,1
2229,490201.0,457592.0,0.0,0.0,1,1
2230,490201.0,457592.0,0.0,0.0,1,1
2231,490201.0,457592.0,0.0,0.0,1,1
2232,490201.0,457592.0,0.0,0.0,1,1
2233,490201.0,457592.0,0.0,0.0,1,1
2234,490201.0,457592.0,0.0,0.0,1,1
2235,490201.0,457592.0,0.0,0.0,1,1
2236,490201.0,457592.0,0.0,0.0,1,1
2237,490201.0,457592.0,0.0,0.0,1,1
2238,490201.0,457592.0,0.0,0.0,1,1
2239,490201.0,457592.0,0.0,0.0,1,1
2240,490201.0,457592.0,0.0,0.0,1,1
2241,490201.0,457592.0,0.0,0.0,1,1
2242,490201.0,457592.0,0.0,0.0,1,1
2243,490201.0,457592.0,0.0,0.0,1,1
2244,490201.0,457592.0,0.0,0.0,1,1
2245,490201.0,457592.0,0.0,0.0,1,1
2246,490201.0,457592.0,0.0,0.0,1,1
2247,490201.0,457592.0,0.0,0.0,1,1
2248,490201.0,457592.0,0.0,0.0,1,1
2249,490201.0,457592.0,0.0,0.0,1,1
2250,490201.0,457592.0,0.0,0.0,1,1
2251,490201.0,457592.0,0.0,0.0,1,1
2252,490201.0,457592.0,0.0,0.0,1,1
2253,490201.0,457592.0,0.0,0.0,1,1
2254,490201.0,457592.0,0.0,0.0,1,1
2255,490201.0,457592.0,0.0,0.0,1,1
2256,490201.0,457592.0,0.0,0.0,1,1
2257,490201.0,457592.0,0.0,0.0,1,1
2258,490201.0,457592.0,0.0,0.0,1,1
2259,490985.0,457592.0,0.0,0.0,1,1
2260,490985.0,457592.0,0.0,0.0,1,1
2261,490985.0,457592.0,0.0,0.0,1,1
2262,490985.0,457592.0,0.0,0.0,1,1
2263,490985.0,457592.0,0.0,0.0,1,1
2264,490985.0,457592.0,0.0,0.0,1,1
2265,490985.0,457592.0,0.0,0.0,1,1
2266,490985.0,457592.0,0.0,0.0,1,1
2267,490073.0,457592.0,0.0,0.0,1,1
2268,490073.0,457592.0,0.0,0.0,1,1
2269,490073.0,457592.0,0.0,0.0,1,1
2270,490073.0,457592.0,0.0,0.0,1,1
2271,490073.0,457592.0,0.0,0.0,1,1
2272,490073.0,457592.0,0.0,0.0,1,1
2273,490073.0,457592.0,0.0,0.0,1,1
2274,490073.0,457592.0,0.0,0.0,1,1
2275,490073.0,457592.0,0.0,0.0,1,1
2276,490073.0,457592.0,0.0,0.0,1,1
2277,490073.0,457592.0,0.0,0.0,1,1
2278,490073.0,457592.0,0.0,0.0,1,1
2279,490073.0,457592.0,0.0,0.0,1,1
2280,490073.0,457592.0,0.0,0.0,1,1
2281,490073.0,457592.0,0.0,0.0,1,1
2282,490073.0,457592.0,0.0,0.0,1,1
2283,490073.0,457592.0,0.0,0.0,1,1
2284,490073.0,457592.0,0.0,0.0,1,1
2285,490073.0,457592.0,0.0,0.0,1,1
2286,490073.0,457592.0,0.0,0.0,1,1
2287,490073.0,457592.0,0.0,0.0,1,1
2288,490073.0,457592.0,0.0,0.0,1,1
2289,490073.0,457592.0,0.0,0.0,1,1
2290,490073.0,457592.0,0.0,0.0,1,1
2291,490073.0,457592.0,0.0,0.0,1,1
2292,490073.0,457592.0,0.0,0.0,1,1
2293,490073.0,457592.0,0.0,0.0,1,1
2294,490073.0,457592.0,0.0,0.0,1,1
2295,490073.0,457592.0,0.0,0.0,1,1
2296,490073.0,457592.0,0.0,0.0,1,1
2297,490073.0,457592.0,0.0,0.0,1,1
2298,490073.0,457592.0,0.0,0.0,1,1
2299,490073.0,457592.0,0.0,0.0,1,1
2300,490073.0,457592.0,0.0,0.0,1,1
2301,490073.0,457592.0,0.0,0.0,1,1
2302,490073.0,457592.0,0.0,0.0,1,1
2303,490073.0,457592.0,0.0,0.0,1,1
2304,490072.5,457592.0,0.0,0.0,1,1
2305,490273.5,457592.0,0.0,0.0,1,1
2306,490273.5,457592.0,0.0,0.0,1,1
2307,490273.5,457592.0,0.0,0.0,1,1
2308,490273.5,457592.0,0.0,0.0,1,1
2309,490482.0,457592.0,0.0,0.0,1,1
2310,490482.0,457592.0,0.0,0.0,1,1
2311,490482.0,457592.0,0.0,0.0,1,1
2312,490482.0,457592.0,0.0,0.0,1,1
2313,490439.0,457592.0,0.0,0.0,1,1
2314,490439.0,457592.0,0.0,0.0,1,1
2315,490439.0,457592.0,0.0,0.0,1,1
2316,490439.0,457592.0,0.0,0.0,1,1
2317,490197.0,457592.0,0.0,0.0,1,1
2318,490197.0,457592.0,0.0,0.0,1,1
2319,490197.0,457592.0,0.0,0.0,1,1
2320,490049.0,457592.0,0.0,0.0,1,1
2321,490049.0,457592.0,0.0,0.0,1,1
2322,490049.0,457592.0,0.0,0.0,1,1
2323,490049.0,457592.0,0.0,0.0,1,1
2324,490049.0,457592.0,0.0,0.0,1,1
2325,490049.0,457592.0,0.0,0.0,1,1
2326,490049.0,457592.0,0.0,0.0,1,1
2327,490049.0,457592.0,0.0,0.0,1,1
2328,490049.0,457592.0,0.0,0.0,1,1
2329,490049.0,457592.0,0.0,0.0,1,1
2330,490049.0,457592.0,0.0,0.0,1,1
2331,490049.0,457592.0,0.0,0.0,1,1
2332,490049.0,457592.0,0.0,0.0,1,1
2333,490049.0,457592.0,0.0,0.0,1,1
2334,490040.0,457592.0,0.0,0.0,1,1
2335,490040.0,457592.0,0.0,0.0,1,1
2336,490040.0,457592.0,0.0,0.0,1,1
2337,490040.0,457592.0,0.0,0.0,1,1
2338,490160.5,457592.0,0.0,0.0,1,1
2339,490160.5,457592.0,0.0,0.0,1,1
2340,490160.5,457592.0,0.0,0.0,1,1
2341,490160.5,457592.0,0.0,0.0,1,1
2342,490160.5,457592.0,0.0,0.0,1,1
2343,490160.5,457592.0,0.0,0.0,1,1
2344,490160.5,457592.0,0.0,0.0,1,1
2345,490160.5,457592.0,0.0,0.0,1,1
2346,490160.5,457592.0,0.0,0.0,1,1
2347,490160.5,457592.0,0.0,0.0,1,1
2348,490160.5,457592.0,0.0,0.0,1,1
2349,490160.5,457592.0,0.0,0.0,1,1
2350,490160.5,457592.0,0.0,0.0,1,1
2351,490160.5,457592.0,0.0,0.0,1,1
2352,490160.5,457592.0,0.0,0.0,1,1
2353,490160.5,457592.0,0.0,0.0,1,1
2354,490160.5,457592.0,0.0,0.0,1,1
2355,490160.5,457592.0,0.0,0.0,1,1
2356,490160.5,457592.0,0.0,0.0,1,1
2357,490160.5,457592.0,0.0,0.0,1,1
2358,490160.5,457592.0,0.0,0.0,1,1
2359,490160.5,457592.0,0.0,0.0,1,1
2360,490160.5,457592.0,0.0,0.0,1,1
2361,490160.5,457592.0,0.0,0.0,1,1
2362,490160.5,457592.0,0.0,0.0,1,1
2363,490160.5,457592.0,0.0,0.0,1,1
2364,490160.5,457592.0,0.0,0.0,1,1
2365,490160.5,457592.0,0.0,0.0,1,1
2366,490160.5,457592.0,0.0,0.0,1,1
2367,490160.5,457592.0,0.0,0.0,1,1
2368,490160.5,457592.0,0.0,0.0,1,1
2369,490160.5,457592.0,0.0,0.0,1,1
2370,490160.5,457592.0,0.0,0.0,1,1
2371,490160.5,457592.0,0.0,0.0,1,1
2372,490160.5,457592.0,0.0,0.0,1,1
2373,490160.5,457592.0,0.0,0.0,1,1
2374,490160.5,457592.0,0.0,0.0,1,1
2375,490160.5,457592.0,0.0,0.0,1,1
2376,490160.5,457592.0,0.0,0.0,1,1
2377,490160.5,457592.0,0.0,0.0,1,1
2378,490160.5,457592.0,0.0,0.0,1,1
2379,490160.5,457592.0,0.0,0.0,1,1
2380,490160.5,457592.0,0.0,0.0,1,1
2381,490160.5,457592.0,0.0,0.0,1,1
2382,490160.5,457592.0,0.0,0.0,1,1
2383,490198.0,457592.0,0.0,0.0,1,1
2384,490198.0,457592.0,0.0,0.0,1,1
2385,490198.0,457592.0,0.0,0.0,1,1
2386,490198.0,457592.0,0.0,0.0,1,1
2387,490259.0,457592.0,0.0,0.0,1,1
2388,490259.0,457592.0,0.0,0.0,1,1
2389,490259.0,457592.0,0.0,0.0,1,1
2390,490259.0,457592.0,0.0,0.0,1,1
2391,490259.0,457592.0,0.0,0.0,1,1
2392,490259.0,457592.0,0.0,0.0,1,1
2393,490259.0,457592.0,0.0,0.0,1,1
2394,490259.0,457592.0,0.0,0.0,1,1
2395,490259.0,457592.0,0.0,0.0,1,1
2396,490259.0,457592.0,0.0,0.0,1,1
2397,490259.0,457592.0,0.0,0.0,1,1
2398,490259.0,457592.0,0.0,0.0,1,1
2399,490259.0,457592.0,0.0,0.0,1,1
2400,490259.0,457592.0,0.0,0.0,1,1
2401,490259.0,457592.0,0.0,0.0,1,1
2402,490259.0,457592.0,0.0,0.0,1,1
2403,490259.0,457592.0,0.0,0.0,1,1
2404,490259.0,457592.0,0.0,0.0,1,1
2405,490259.0,457592.0,0.0,0.0,1,1
2406,490259.0,457592.0,0.0,0.0,1,1
2407,490259.0,457592.0,0.0,0.0,1,1
2408,490259.0,457592.0,0.0,0.0,1,1
2409,490259.0,457592.0,0.0,0.0,1,1
2410,490259.0,457592.0,0.0,0.0,1,1
2411,490259.0,457592.0,0.0,0.0,1,1
2412,490259.0,457592.0,0.0,0.0,1,1
2413,490259.0,457592.0,0.0,0.0,1,1
2414,490259.0,457592.0,0.0,0.0,1,1
2415,490259.0,457592.0,0.0,0.0,1,1
2416,490259.0,457592.0,0.0,0.0,1,1
2417,490259.0,457592.0,0.0,0.0,1,1
2418,490259.0,457592.0,0.0,0.0,1,1
2419,490259.0,457592.0,0.0,0.0,1,1
2420,490259.0,457592.0,0.0,0.0,1,1
2421,490259.0,457592.0,0.0,0.0,1,1
2422,490259.0,457592.0,0.0,0.0,1,1
2423,490259.0,457592.0,0.0,0.0,1,1
2424,490259.0,457592.0,0.0,0.0,1,1
2425,490259.0,457592.0,0.0,0.0,1,1
2426,490259.0,457592.0,0.0,0.0,1,1
2427,490259.0,457592.0,0.0,0.0,1,1
2428,490259.0,457592.0,0.0,0.0,1,1
2429,490259.0,457592.0,0.0,0.0,1,1
2430,490259.0,457592.0,0.0,0.0,1,1
2431,490259.0,457592.0,0.0,0.0,1,1
2432,490259.0,457592.0,0.0,0.0,1,1
2433,490259.0,457592.0,0.0,0.0,1,1
2434,490259.0,457592.0,0.0,0.0,1,1
2435,490259.0,457592.0,0.0,0.0,1,1
2436,490259.0,457592.0,0.0,0.0,1,1
2437,490259.0,457592.0,0.0,0.0,1,1
2438,490259.0,457592.0,0.0,0.0,1,1
2439,490259.0,457592.0,0.0,0.0,1,1
2440,490259.0,457592.0,0.0,0.0,1,1
2441,490259.0,457592.0,0.0,0.0,1,1
2442,490259.0,457592.0,0.0,0.0,1,1
2443,492365.5,457592.0,0.0,0.0,1,1
2444,492365.5,457592.0,0.0,0.0,1,1
2445,492365.5,457592.0,0.0,0.0,1,1
2446,492365.5,457592.0,0.0,0.0,1,1
2447,492365.5,457592.0,0.0,0.0,1,1
2448,492365.5,457592.0,0.0,0.0,1,1
2449,492365.5,457592.0,0.0,0.0,1,1
2450,492365.5,457592.0,0.0,0.0,1,1
2451,492365.5,457592.0,0.0,0.0,1,1
2452,492365.5,457592.0,0.0,0.0,1,1
2453,492365.5,457592.0,0.0,0.0,1,1
2454,492365.5,457592.0,0.0,0.0,1,1
2455,492365.5,457592.0,0.0,0.0,1,1
2456,492365.5,457592.0,0.0,0.0,1,1
2457,492365.5,457592.0,0.0,0.0,1,1
2458,492365.5,457592.0,0.0,0.0,1,1
2459,492365.5,457592.0,0.0,0.0,1,1
2460,492365.5,457592.0,0.0,0.0,1,1
2461,492365.5,457592.0,0.0,0.0,1,1
2462,492365.5,457592.0,0.0,0.0,1,1
2463,492325.5,457592.0,0.0,0.0,1,1
2464,492325.5,457592.0,0.0,0.0,1,1
2465,492325.5,457592.0,0.0,0.0,1,1
2466,492325.5,457592.0,0.0,0.0,1,1
2467,492325.5,457592.0,0.0,0.0,1,1
2468,492325.5,457592.0,0.0,0.0,1,1
2469,492325.5,457592.0,0.0,0.0,1,1
2470,492325.5,457592.0,0.0,0.0,1,1
2471,492325.5,457592.0,0.0,0.0,1,1
2472,492325.5,457592.0,0.0,0.0,1,1
2473,492325.5,457592.0,0.0,0.0,1,1
2474,492325.5,457592.0,0.0,0.0,1,1
2475,492325.5,457592.0,0.0,0.0,1,1
2476,492325.5,457592.0,0.0,0.0,1,1
2477,492325.5,457592.0,0.0,0.0,1,1
2478,492390.5,457592.0,0.0,0.0,1,1
2479,492390.5,457592.0,0.0,0.0,1,1
2480,492390.5,457592.0,0.0,0.0,1,1
2481,492390.5,457592.0,0.0,0.0,1,1
2482,492390.5,457592.0,0.0,0.0,1,1
2483,492390.5,457592.0,0.0,0.0,1,1
2484,492104.5,457592.0,0.0,0.0,1,1
2485,492104.5,457592.0,0.0,0.0,1,1
2486,492104.5,457592.0,0.0,0.0,1,1
2487,492039.5,457592.0,0.0,0.0,1,1
2488,492039.5,457592.0,0.0,0.0,1,1
2489,492039.5,457592.0,0.0,0.0,1,1
2490,492039.5,457592.0,0.0,0.0,1,1
2491,492039.5,457592.0,0.0,0.0,1,1
2492,492039.5,457592.0,0.0,0.0,1,1
2493,492039.5,457592.0,0.0,0.0,1,1
2494,492039.5,457592.0,0.0,0.0,1,1
2495,492039.5,457592.0,0.0,0.0,1,1
2496,492039.5,457592.0,0.0,0.0,1,1
2497,492039.5,457592.0,0.0,0.0,1,1
2498,492039.5,457592.0,0.0,0.0,1,1
2499,492039.5,457592.0,0.0,0.0,1,1
2500,492039.5,457592.0,0.0,0.0,1,1
2501,492039.5,457592.0,0.0,0.0,1,1
2502,491942.5,457592.0,0.0,0.0,1,1
2503,491942.5,457592.0,0.0,0.0,1,1
2504,491942.5,457592.0,0.0,0.0,1,1
2505,491942.5,457592.0,0.0,0.0,1,1
2506,491942.5,457592.0,0.0,0.0,1,1
2507,491942.5,457592.0,0.0,0.0,1,1
2508,491942.5,457592.0,0.0,0.0,1,1
2509,491942.5,457592.0,0.0,0.0,1,1
2510,491942.5,457592.0,0.0,0.0,1,1
2511,491942.5,457592.0,0.0,0.0,1,1
2512,491942.5,457592.0,0.0,0.0,1,1
2513,491942.5,457592.0,0.0,0.0,1,1
2514,491942.5,457592.0,0.0,0.0,1,1
2515,491942.5,457592.0,0.0,0.0,1,1
2516,491998.5,457592.0,0.0,0.0,1,1
2517,491998.5,457592.0,0.0,0.0,1,1
2518,491998.5,457592.0,0.0,0.0,1,1
2519,491998.5,457592.0,0.0,0.0,1,1
2520,491998.5,457592.0,0.0,0.0,1,1
2521,491998.5,457592.0,0.0,0.0,1,1
2522,491998.5,457592.0,0.0,0.0,1,1
2523,491998.5,457592.0,0.0,0.0,1,1
2524,491998.5,457592.0,0.0,0.0,1,1
2525,491998.5,457592.0,0.0,0.0,1,1
2526,491998.5,457592.0,0.0,0.0,1,1
2527,491998.5,457592.0,0.0,0.0,1,1
2528,491998.5,457592.0,0.0,0.0,1,1
2529,491998.5,457592.0,0.0,0.0,1,1
2530,491998.5,457592.0,0.0,0.0,1,1
2531,491998.5,457592.0,0.0,0.0,1,1
2532,491998.5,457592.0,0.0,0.0,1,1
2533,491998.5,457592.0,0.0,0.0,1,1
2534,491998.5,457592.0,0.0,0.0,1,1
2535,491998.5,457592.0,0.0,0.0,1,1
2536,491998.5,457592.0,0.0,0.0,1,1
2537,491998.5,457592.0,0.0,0.0,1,1
2538,491998.5,457592.0,0.0,0.0,1,1
2539,491998.5,457592.0,0.0,0.0,1,1
2540,491998.5,457592.0,0.0,0.0,1,1
2541,491998.5,457592.0,0.0,0.0,1,1
2542,491998.5,457592.0,0.0,0.0,1,1
2543,491998.5,457592.0,0.0,0.0,1,1
2544,491998.5,457592.0,0.0,0.0,1,1
2545,491935.5,457592.0,0.0,0.0,1,1
2546,491935.5,457592.0,0.0,0.0,1,1
2547,491935.5,457592.0,0.0,0.0,1,1
2548,491935.5,457592.0,0.0,0.0,1,1
2549,491935.5,457592.0,0.0,0.0,1,1
2550,491935.5,457592.0,0.0,0.0,1,1
2551,491998.5,457592.0,0.0,0.0,1,1
2552,491998.5,457592.0,0.0,0.0,1,1
2553,491998.5,457592.0,0.0,0.0,1,1
2554,491936.5,457592.0,0.0,0.0,1,1
2555,491936.5,457592.0,0.0,0.0,1,1
2556,492496.0,457592.0,0.0,0.0,1,1
2557,492496.0,457592.0,0.0,0.0,1,1
2558,492496.0,457592.0,0.0,0.0,1,1
2559,492496.0,457592.0,0.0,0.0,1,1
2560,492496.0,457592.0,0.0,0.0,1,1
2561,492496.0,457592.0,0.0,0.0,1,1
2562,492496.0,457592.0,0.0,0.0,1,1
2563,492496.0,457592.0,0.0,0.0,1,1
2564,492496.0,457592.0,0.0,0.0,1,1
2565,492496.0,457592.0,0.0,0.0,1,1
2566,492496.0,457592.0,0.0,0.0,1,1
2567,492496.0,457592.0,0.0,0.0,1,1
2568,492496.0,457592.0,0.0,0.0,1,1
2569,492496.0,457592.0,0.0,0.0,1,1
2570,492496.0,457592.0,0.0,0.0,1,1
2571,492496.0,457592.0,0.0,0.0,1,1
2572,492496.0,457592.0,0.0,0.0,1,1
2573,492496.0,457592.0,0.0,0.0,1,1
2574,492496.0,457592.0,0.0,0.0,1,1
2575,492496.0,457592.0,0.0,0.0,1,1
2576,492496.0,457592.0,0.0,0.0,1,1
2577,492496.0,457592.0,0.0,0.0,1,1
2578,492496.0,457592.0,0.0,0.0,1,1
2579,492496.0,457592.0,0.0,0.0,1,1
2580,492496.0,457592.0,0.0,0.0,1,1
2581,492496.0,457592.0,0.0,0.0,1,1
2582,492496.0,457592.0,0.0,0.0,1,1
2583,492496.0,457592.0,0.0,0.0,1,1
2584,492496.0,457592.0,0.0,0.0,1,1
2585,492496.0,457592.0,0.0,0.0,1,1
2586,492496.0,457592.0,0.0,0.0,1,1
2587,492496.0,457592.0,0.0,0.0,1,1
2588,492496.0,457592.0,0.0,0.0,1,1
2589,492496.0,457592.0,0.0,0.0,1,1
2590,492496.0,457592.0,0.0,0.0,1,1
2591,492496.0,457592.0,0.0,0.0,1,1
2592,492496.0,457592.0,0.0,0.0,1,1
2593,492496.0,457592.0,0.0,0.0,1,1
2594,492496.0,457592.0,0.0,0.0,1,1
2595,492496.0,457592.0,0.0,0.0,1,1
2596,492496.0,457592.0,0.0,0.0,1,1
2597,492496.0,457592.0,0.0,0.0,1,1
2598,492496.0,457592.0,0.0,0.0,1,1
2599,492496.0,457592.0,0.0,0.0,1,1
2600,492496.0,457592.0,0.0,0.0,1,1
2601,492496.0,457592.0,0.0,0.0,1,1
2602,492496.0,457592.0,0.0,0.0,1,1
2603,492496.0,457592.0,0.0,0.0,1,1
2604,492496.0,457592.0,0.0,0.0,1,1
2605,492496.0,457592.0,0.0,0.0,1,1
2606,492369.5,457592.0,0.0,0.0,1,1
2607,492369.5,457592.0,0.0,0.0,1,1
2608,492369.5,457592.0,0.0,0.0,1,1
2609,492369.5,457592.0,0.0,0.0,1,1
2610,492369.5,457592.0,0.0,0.0,1,1
2611,492369.5,457592.0,0.0,0.0,1,1
2612,492369.5,457592.0,0.0,0.0,1,1
2613,492369.5,457592.0,0.0,0.0,1,1
2614,492369.5,457592.0,0.0,0.0,1,1
2615,492369.5,457592.0,0.0,0.0,1,1
2616,492369.5,457592.0,0.0,0.0,1,1
2617,492369.5,457592.0,0.0,0.0,1,1
2618,492369.5,457592.0,0.0,0.0,1,1
2619,492369.5,457592.0,0.0,0.0,1,1
2620,492369.5,457592.0,0.0,0.0,1,1
2621,492369.5,457592.0,0.0,0.0,1,1
2622,492369.5,457592.0,0.0,0.0,1,1
2623,492369.5,457592.0,0.0,0.0,1,1
2624,492369.5,457592.0,0.0,0.0,1,1
2625,491873.0,457592.0,0.0,0.0,1,1
2626,491873.0,457592.0,0.0,0.0,1,1
2627,491873.0,457592.0,0.0,0.0,1,1
2628,491873.0,457592.0,0.0,0.0,1,1
2629,491873.0,457592.0,0.0,0.0,1,1
2630,491873.0,457592.0,0.0,0.0,1,1
2631,491873.0,457592.0,0.0,0.0,1,1
2632,491873.0,457592.0,0.0,0.0,1,1
2633,491873.0,457592.0,0.0,0.0,1,1
2634,491873.0,457592.0,0.0,0.0,1,1
2635,491873.0,457592.0,0.0,0.0,1,1
2636,491873.0,457592.0,0.0,0.0,1,1
2637,491866.0,457592.0,0.0,0.0,1,1
2638,491866.0,457592.0,0.0,0.0,1,1
2639,491866.0,457592.0,0.0,0.0,1,1
2640,491866.0,457592.0,0.0,0.0,1,1
2641,491866.0,457592.0,0.0,0.0,1,1
2642,491866.0,457592.0,0.0,0.0,1,1
2643,491866.0,457592.0,0.0,0.0,1,1
2644,491866.0,457592.0,0.0,0.0,1,1
2645,491866.0,457592.0,0.0,0.0,1,1
2646,491866.0,457592.0,0.0,0.0,1,1
2647,491866.0,457592.0,0.0,0.0,1,1
2648,491866.0,457592.0,0.0,0.0,1,1
2649,491866.0,457592.0,0.0,0.0,1,1
2650,491866.0,457592.0,0.0,0.0,1,1
2651,491778.0,457592.0,0.0,0.0,1,1
2652,491778.0,457592.0,0.0,0.0,1,1
2653,491778.0,457592.0,0.0,0.0,1,1
2654,491778.0,457592.0,0.0,0.0,1,1
2655,491778.0,457592.0,0.0,0.0,1,1
2656,491778.0,457592.0,0.0,0.0,1,1
2657,491778.0,457592.0,0.0,0.0,1,1
2658,491778.0,457592.0,0.0,0.0,1,1
2659,491778.0,457592.0,0.0,0.0,1,1
2660,491778.0,457592.0,0.0,0.0,1,1
2661,491778.0,457592.0,0.0,0.0,1,1
2662,491778.0,457592.0,0.0,0.0,1,1
2663,491778.0,457592.0,0.0,0.0,1,1
2664,491778.0,457592.0,0.0,0.0,1,1
2665,491778.0,457592.0,0.0,0.0,1,1
2666,491778.0,457592.0,0.0,0.0,1,1
2667,491778.0,457592.0,0.0,0.0,1,1
2668,491778.0,457592.0,0.0,0.0,1,1
2669,491778.0,457592.0,0.0,0.0,1,1
2670,491778.0,457592.0,0.0,0.0,1,1
2671,491778.0,457592.0,0.0,0.0,1,1
2672,491778.0,457592.0,0.0,0.0,1,1
2673,491827.0,457592.0,0.0,0.0,1,1
2674,491827.0,457592.0,0.0,0.0,1,1
2675,491827.0,457592.0,0.0,0.0,1,1
2676,491827.0,457592.0,0.0,0.0,1,1
2677,491827.0,457592.0,0.0,0.0,1,1
2678,491845.0,457592.0,0.0,0.0,1,1
2679,491845.0,457592.0,0.0,0.0,1,1
2680,491845.0,457592.0,0.0,0.0,1,1
2681,491845.0,457592.0,0.0,0.0,1,1
2682,491845.0,457592.0,0.0,0.0,1,1
2683,491845.0,457592.0,0.0,0.0,1,1
2684,491845.0,457592.0,0.0,0.0,1,1
2685,491845.0,457592.0,0.0,0.0,1,1
2686,491845.0,457592.0,0.0,0.0,1,1
2687,491845.0,457592.0,0.0,0.0,1,1
2688,491845.0,457592.0,0.0,0.0,1,1
2689,492278.0,457592.0,0.0,0.0,1,1
2690,492278.0,457592.0,0.0,0.0,1,1
2691,492278.0,457592.0,0.0,0.0,1,1
2692,492278.0,457592.0,0.0,0.0,1,1
2693,492278.0,457592.0,0.0,0.0,1,1
2694,492278.0,457592.0,0.0,0.0,1,1
2695,492278.0,457592.0,0.0,0.0,1,1
2696,492278.0,457592.0,0.0,0.0,1,1
2697,492278.0,457592.0,0.0,0.0,1,1
2698,492278.0,457592.0,0.0,0.0,1,1
2699,497425.0,457592.0,0.0,0.0,1,1
2700,497425.0,457592.0,0.0,0.0,1,1
2701,497425.0,457592.0,0.0,0.0,1,1
2702,497425.0,457592.0,0.0,0.0,1,1
2703,497425.0,457592.0,0.0,0.0,1,1
2704,497407.0,457592.0,0.0,0.0,1,1
2705,497407.0,457592.0,0.0,0.0,1,1
2706,497407.0,457592.0,0.0,0.0,1,1
2707,497407.0,457592.0,0.0,0.0,1,1
2708,497407.0,457592.0,0.0,0.0,1,1
2709,497239.5,457592.0,0.0,0.0,1,1
2710,497239.5,457592.0,0.0,0.0,1,1
2711,497239.5,457592.0,0.0,0.0,1,1
2712,497239.5,457592.0,0.0,0.0,1,1
2713,497239.5,457592.0,0.0,0.0,1,1
2714,497239.5,457592.0,0.0,0.0,1,1
2715,497239.5,457592.0,0.0,0.0,1,1
2716,497239.5,457592.0,0.0,0.0,1,1
2717,497239.5,457592.0,0.0,0.0,1,1
2718,497239.5,457592.0,0.0,0.0,1,1
2719,497239.5,457592.0,0.0,0.0,1,1
2720,497239.5,457592.0,0.0,0.0,1,1
2721,497239.5,457592.0,0.0,0.0,1,1
2722,497239.5,457592.0,0.0,0.0,1,1
2723,497232.5,457592.0,0.0,0.0,1,1
2724,497232.5,457592.0,0.0,0.0,1,1
2725,497232.5,457592.0,0.0,0.0,1,1
2726,497233.5,457592.0,0.0,0.0,1,1
2727,497233.5,457592.0,0.0,0.0,1,1
2728,497233.5,457592.0,0.0,0.0,1,1
2729,497233.5,457592.0,0.0,0.0,1,1
2730,497233.5,457592.0,0.0,0.0,1,1
2731,497233.5,457592.0,0.0,0.0,1,1
2732,497233.5,457592.0,0.0,0.0,1,1
2733,497233.5,457592.0,0.0,0.0,1,1
2734,497233.5,457592.0,0.0,0.0,1,1
2735,497233.5,457592.0,0.0,0.0,1,1
2736,497233.5,457592.0,0.0,0.0,1,1
2737,497233.5,457592.0,0.0,0.0,1,1
2738,497233.5,457592.0,0.0,0.0,1,1
2739,497233.5,457592.0,0.0,0.0,1,1
2740,497233.5,457592.0,0.0,0.0,1,1
2741,497233.5,457592.0,0.0,0.0,1,1
2742,497233.5,457592.0,0.0,0.0,1,1
2743,497233.5,457592.0,0.0,0.0,1,1
2744,497233.5,457592.0,0.0,0.0,1,1
2745,497233.5,457592.0,0.0,0.0,1,1
2746,497233.5,457592.0,0.0,0.0,1,1
2747,497233.5,457592.0,0.0,0.0,1,1
2748,497233.5,457592.0,0.0,0.0,1,1
2749,497233.5,457592.0,0.0,0.0,1,1
2750,497233.5,457592.0,0.0,0.0,1,1
2751,497233.5,457592.0,0.0,0.0,1,1
2752,497233.5,457592.0,0.0,0.0,1,1
2753,497233.5,457592.0,0.0,0.0,1,1
2754,497187.5,457592.0,0.0,0.0,1,1
2755,497187.5,457592.0,0.0,0.0,1,1
2756,497187.5,457592.0,0.0,0.0,1,1
2757,497187.5,457592.0,0.0,0.0,1,1
2758,497187.5,457592.0,0.0,0.0,1,1
2759,497187.5,457592.0,0.0,0.0,1,1
2760,497187.5,457592.0,0.0,0.0,1,1
2761,497187.5,457592.0,0.0,0.0,1,1
2762,497187.5,457592.0,0.0,0.0,1,1
2763,497187.5,457592.0,0.0,0.0,1,1
2764,497187.5,457592.0,0.0,0.0,1,1
2765,497187.5,457592.0,0.0,0.0,1,1
2766,497187.5,457592.0,0.0,0.0,1,1
2767,497187.5,457592.0,0.0,0.0,1,1
2768,497187.5,457592.0,0.0,0.0,1,1
2769,497187.5,457592.0,0.0,0.0,1,1
2770,497187.5,457592.0,0.0,0.0,1,1
2771,497187.5,457592.0,0.0,0.0,1,1
2772,497187.5,457592.0,0.0,0.0,1,1
2773,497187.5,457592.0,0.0,0.0,1,1
2774,497187.5,457592.0,0.0,0.0,1,1
2775,497187.5,457592.0,0.0,0.0,1,1
2776,497187.5,457592.0,0.0,0.0,1,1
2777,497187.5,457592.0,0.0,0.0,1,1
2778,497526.0,457592.0,0.0,0.0,1,1
2779,497526.0,457592.0,0.0,0.0,1,1
2780,497526.0,457592.0,0.0,0.0,1,1
2781,497526.0,457592.0,0.0,0.0,1,1
2782,497526.0,457592.0,0.0,0.0,1,1
2783,497526.0,457592.0,0.0,0.0,1,1
2784,497526.0,457592.0,0.0,0.0,1,1
2785,497526.0,457592.0,0.0,0.0,1,1
2786,497526.0,457592.0,0.0,0.0,1,1
2787,497526.0,457592.0,0.0,0.0,1,1
2788,497526.0,457592.0,0.0,0.0,1,1
2789,497526.0,457592.0,0.0,0.0,1,1
2790,497526.0,457592.0,0.0,0.0,1,1
2791,497526.0,457592.0,0.0,0.0,1,1
2792,497526.0,457592.0,0.0,0.0,1,1
2793,497526.0,457592.0,0.0,0.0,1,1
2794,497526.0,457592.0,0.0,0.0,1,1
2795,497526.0,457592.0,0.0,0.0,1,1
2796,497526.0,457592.0,0.0,0.0,1,1
2797,497526.0,457592.0,0.0,0.0,1,1
2798,497526.0,457592.0,0.0,0.0,1,1
2799,497526.0,457592.0,0.0,0.0,1,1
2800,497526.0,457592.0,0.0,0.0,1,1
2801,497526.0,457592.0,0.0,0.0,1,1
2802,497526.0,457592.0,0.0,0.0,1,1
2803,497526.0,457592.0,0.0,0.0,1,1
2804,497526.0,457592.0,0.0,0.0,1,1
2805,497572.0,457592.0,0.0,0.0,1,1
2806,497572.0,457592.0,0.0,0.0,1,1
2807,497572.0,457592.0,0.0,0.0,1,1
2808,497572.0,457592.0,0.0,0.0,1,1
2809,497572.0,457592.0,0.0,0.0,1,1
2810,497572.0,457592.0,0.0,0.0,1,1
2811,497572.0,457592.0,0.0,0.0,1,1
2812,497572.0,457592.0,0.0,0.0,1,1
2813,497569.5,457592.0,0.0,0.0,1,1
2814,497569.5,457592.0,0.0,0.0,1,1
2815,497569.5,457592.0,0.0,0.0,1,1
2816,497569.5,457592.0,0.0,0.0,1,1
2817,497569.5,457592.0,0.0,0.0,1,1
2818,497569.5,457592.0,0.0,0.0,1,1
2819,497569.5,457592.0,0.0,0.0,1,1
2820,497569.5,457592.0,0.0,0.0,1,1
2821,497569.5,457592.0,0.0,0.0,1,1
2822,497569.5,457592.0,0.0,0.0,1,1
2823,497569.5,457592.0,0.0,0.0,1,1
2824,497569.5,457592.0,0.0,0.0,1,1
2825,497569.5,457592.0,0.0,0.0,1,1
2826,497569.5,457592.0,0.0,0.0,1,1
2827,497569.5,457592.0,0.0,0.0,1,1
2828,497569.5,457592.0,0.0,0.0,1,1
2829,497569.5,457592.0,0.0,0.0,1,1
2830,497569.5,457592.0,0.0,0.0,1,1
2831,497569.5,457592.0,0.0,0.0,1,1
2832,497569.5,457592.0,0.0,0.0,1,1
2833,497569.5,457592.0,0.0,0.0,1,1
2834,497569.5,457592.0,0.0,0.0,1,1
2835,497569.5,457592.0,0.0,0.0,1,1
2836,497230.0,457592.0,0.0,0.0,1,1
2837,497206.5,457592.0,0.0,0.0,1,1
2838,497206.5,457592.0,0.0,0.0,1,1
2839,497206.5,457592.0,0.0,0.0,1,1
2840,497206.5,457592.0,0.0,0.0,1,1
2841,497206.5,457592.0,0.0,0.0,1,1
2842,502941.5,457592.0,0.0,0.0,1,1
2843,502941.5,457592.0,0.0,0.0,1,1
2844,502941.5,457592.0,0.0,0.0,1,1
2845,502941.5,457592.0,0.0,0.0,1,1
2846,502941.5,457592.0,0.0,0.0,1,1
2847,502941.5,457592.0,0.0,0.0,1,1
2848,502941.5,457592.0,0.0,0.0,1,1
2849,502941.5,457592.0,0.0,0.0,1,1
2850,502941.5,457592.0,0.0,0.0,1,1
2851,502941.5,457592.0,0.0,0.0,1,1
2852,502941.5,457592.0,0.0,0.0,1,1
2853,502941.5,457592.0,0.0,0.0,1,1
2854,502941.5,457592.0,0.0,0.0,1,1
2855,502941.5,457592.0,0.0,0.0,1,1
2856,502941.5,457592.0,0.0,0.0,1,1
2857,502941.5,457592.0,0.0,0.0,1,1
2858,502941.5,457592.0,0.0,0.0,1,1
2859,502941.5,457592.0,0.0,0.0,1,1
2860,502941.5,457592.0,0.0,0.0,1,1
2861,502941.5,457592.0,0.0,0.0,1,1
2862,502941.5,457592.0,0.0,0.0,1,1
2863,502941.5,457592.0,0.0,0.0,1,1
2864,502941.5,457592.0,0.0,0.0,1,1
2865,502941.5,457592.0,0.0,0.0,1,1
2866,502941.5,457592.0,0.0,0.0,1,1
2867,502941.5,457592.0,0.0,0.0,1,1
2868,502941.5,457592.0,0.0,0.0,1,1
2869,502941.5,457592.0,0.0,0.0,1,1
2870,502941.5,457592.0,0.0,0.0,1,1
2871,502941.5,457592.0,0.0,0.0,1,1
2872,502941.5,457592.0,0.0,0.0,1,1
2873,502941.5,457592.0,0.0,0.0,1,1
2874,502941.5,457592.0,0.0,0.0,1,1
2875,502941.5,457592.0,0.0,0.0,1,1
2876,502941.5,457592.0,0.0,0.0,1,1
2877,502941.5,457592.0,0.0,0.0,1,1
2878,502941.5,457592.0,0.0,0.0,1,1
2879,502941.5,457592.0,0.0,0.0,1,1
2880,502941.5,457592.0,0.0,0.0,1,1
2881,503833.0,457592.0,0.0,0.0,1,1
2882,503833.0,457592.0,0.0,0.0,1,1
2883,503833.0,457592.0,0.0,0.0,1,1
2884,503833.0,457592.0,0.0,0.0,1,1
2885,503833.0,457592.0,0.0,0.0,1,1
2886,503833.0,457592.0,0.0,0.0,1,1
2887,503833.0,457592.0,0.0,0.0,1,1
2888,503833.0,457592.0,0.0,0.0,1,1
2889,503833.0,457592.0,0.0,0.0,1,1
2890,503833.0,457592.0,0.0,0.0,1,1
2891,503833.0,457592.0,0.0,0.0,1,1
2892,503833.0,457592.0,0.0,0.0,1,1
2893,503833.0,457592.0,0.0,0.0,1,1
2894,503833.0,457592.0,0.0,0.0,1,1
2895,503833.0,457592.0,0.0,0.0,1,1
2896,503833.0,457592.0,0.0,0.0,1,1
2897,503640.5,457592.0,0.0,0.0,1,1
2898,503640.5,457592.0,0.0,0.0,1,1
2899,503640.5,457592.0,0.0,0.0,1,1
2900,503640.5,457592.0,0.0,0.0,1,1
2901,503640.5,457592.0,0.0,0.0,1,1
2902,503640.5,457592.0,0.0,0.0,1,1
2903,503811.5,457592.0,0.0,0.0,1,1
2904,503811.5,457592.0,0.0,0.0,1,1
2905,503811.5,457592.0,0.0,0.0,1,1
2906,503811.5,457592.0,0.0,0.0,1,1
2907,503811.5,457592.0,0.0,0.0,1,1
2908,503811.5,457592.0,0.0,0.0,1,1
2909,503811.5,457592.0,0.0,0.0,1,1
2910,503811.5,457592.0,0.0,0.0,1,1
2911,504781.5,457592.0,0.0,0.0,1,1
2912,504781.5,457592.0,0.0,0.0,1,1
2913,504781.5,457592.0,0.0,0.0,1,1
2914,504781.5,457592.0,0.0,0.0,1,1
2915,504781.5,457592.0,0.0,0.0,1,1
2916,504781.5,457592.0,0.0,0.0,1,1
2917,504781.5,457592.0,0.0,0.0,1,1
2918,504781.5,457592.0,0.0,0.0,1,1
2919,504781.5,457592.0,0.0,0.0,1,1
2920,504781.5,457592.0,0.0,0.0,1,1
2921,504781.5,457592.0,0.0,0.0,1,1
2922,504781.5,457592.0,0.0,0.0,1,1
2923,504781.5,457592.0,0.0,0.0,1,1
2924,504781.5,457592.0,0.0,0.0,1,1
2925,504781.5,457592.0,0.0,0.0,1,1
2926,504781.5,457592.0,0.0,0.0,1,1
2927,504781.5,457592.0,0.0,0.0,1,1
2928,504781.5,457592.0,0.0,0.0,1,1
2929,504781.5,457592.0,0.0,0.0,1,1
2930,504781.5,457592.0,0.0,0.0,1,1
2931,504781.5,457592.0,0.0,0.0,1,1
2932,504781.5,457592.0,0.0,0.0,1,1
2933,504781.5,457592.0,0.0,0.0,1,1
2934,504781.5,457592.0,0.0,0.0,1,1
2935,504781.5,457592.0,0.0,0.0,1,1
2936,504781.5,457592.0,0.0,0.0,1,1
2937,505522.0,457592.0,0.0,0.0,1,1
2938,505522.0,457592.0,0.0,0.0,1,1
2939,505522.0,457592.0,0.0,0.0,1,1
2940,505522.0,457592.0,0.0,0.0,1,1
2941,505522.0,457592.0,0.0,0.0,1,1
2942,505522.0,457592.0,0.0,0.0,1,1
2943,505522.0,457592.0,0.0,0.0,1,1
2944,505522.0,457592.0,0.0,0.0,1,1
2945,505522.0,457592.0,0.0,0.0,1,1
2946,505522.0,457592.0,0.0,0.0,1,1
2947,505522.0,457592.0,0.0,0.0,1,1
2948,505522.0,457592.0,0.0,0.0,1,1
2949,505522.0,457592.0,0.0,0.0,1,1
2950,505522.0,457592.0,0.0,0.0,1,1
2951,505522.0,457592.0,0.0,0.0,1,1
2952,505522.0,457592.0,0.0,0.0,1,1
2953,505522.0,457592.0,0.0,0.0,1,1
2954,506422.5,457592.0,0.0,0.0,1,1
2955,506422.5,457592.0,0.0,0.0,1,1
2956,506422.5,457592.0,0.0,0.0,1,1
2957,506422.5,457592.0,0.0,0.0,1,1
2958,506422.5,457592.0,0.0,0.0,1,1
2959,506422.5,457592.0,0.0,0.0,1,1
2960,506422.5,457592.0,0.0,0.0,1,1
2961,506422.5,457592.0,0.0,0.0,1,1
2962,506422.5,457592.0,0.0,0.0,1,1
2963,506422.5,457592.0,0.0,0.0,1,1
2964,506462.5,457592.0,0.0,0.0,1,1
2965,506462.5,457592.0,0.0,0.0,1,1
2966,506462.5,457592.0,0.0,0.0,1,1
2967,506462.5,457592.0,0.0,0.0,1,1
2968,506462.5,457592.0,0.0,0.0,1,1
2969,506462.5,457592.0,0.0,0.0,1,1
2970,506462.5,457592.0,0.0,0.0,1,1
2971,506462.5,457592.0,0.0,0.0,1,1
2972,506462.5,457592.0,0.0,0.0,1,1
2973,506462.5,457592.0,0.0,0.0,1,1
2974,506462.5,457592.0,0.0,0.0,1,1
2975,506462.5,457592.0,0.0,0.0,1,1
2976,506462.5,457592.0,0.0,0.0,1,1
2977,506462.5,457592.0,0.0,0.0,1,1
2978,506462.5,457592.0,0.0,0.0,1,1
2979,506462.5,457592.0,0.0,0.0,1,1
2980,506462.5,457592.0,0.0,0.0,1,1
2981,506462.5,457592.0,0.0,0.0,1,1
2982,506462.5,457592.0,0.0,0.0,1,1
2983,506462.5,457592.0,0.0,0.0,1,1
2984,506462.5,457592.0,0.0,0.0,1,1
2985,506462.5,457592.0,0.0,0.0,1,1
2986,506462.5,457592.0,0.0,0.0,1,1
2987,506462.5,457592.0,0.0,0.0,1,1
2988,506462.5,457592.0,0.0,0.0,1,1
2989,506462.5,457592.0,0.0,0.0,1,1
2990,506467.0,457592.0,0.0,0.0,1,1
2991,506467.0,457592.0,0.0,0.0,1,1
2992,506467.0,457592.0,0.0,0.0,1,1
2993,506467.0,457592.0,0.0,0.0,1,1
2994,506467.0,457592.0,0.0,0.0,1,1
2995,506467.0,457592.0,0.0,0.0,1,1
2996,506427.0,457592.0,0.0,0.0,1,1
2997,506427.0,457592.0,0.0,0.0,1,1
2998,506427.0,457592.0,0.0,0.0,1,1
2999,506427.0,457592.0,0.0,0.0,1,1
3000,506427.0,457592.0,0.0,0.0,1,1
3001,506427.0,457592.0,0.0,0.0,1,1
3002,506427.0,457592.0,0.0,0.0,1,1
3003,506427.0,457592.0,0.0,0.0,1,1
3004,506427.0,457592.0,0.0,0.0,1,1
3005,506427.0,457592.0,0.0,0.0,1,1
3006,506427.0,457592.0,0.0,0.0,1,1
3007,506427.0,457592.0,0.0,0.0,1,1
3008,506427.0,457592.0,0.0,0.0,1,1
3009,506427.0,457592.0,0.0,0.0,1,1
3010,506497.0,457592.0,0.0,0.0,1,1
3011,506497.0,457592.0,0.0,0.0,1,1
3012,506497.0,457592.0,0.0,0.0,1,1
3013,506569.0,457592.0,0.0,0.0,1,1
3014,506569.0,457592.0,0.0,0.0,1,1
3015,506569.0,457592.0,0.0,0.0,1,1
3016,506569.0,457592.0,0.0,0.0,1,1
3017,506569.0,457592.0,0.0,0.0,1,1
3018,506569.0,457592.0,0.0,0.0,1,1
3019,506569.0,457592.0,0.0,0.0,1,1
3020,506569.0,457592.0,0.0,0.0,1,1
3021,506569.0,457592.0,0.0,0.0,1,1
3022,506569.0,457592.0,0.0,0.0,1,1
3023,506569.0,457592.0,0.0,0.0,1,1
3024,506569.0,457592.0,0.0,0.0,1,1
3025,506569.0,457592.0,0.0,0.0,1,1
3026,506569.0,457592.0,0.0,0.0,1,1
3027,506569.0,457592.0,0.0,0.0,1,1
3028,506569.0,457592.0,0.0,0.0,1,1
3029,506569.0,457592.0,0.0,0.0,1,1
3030,506569.0,457592.0,0.0,0.0,1,1
3031,506569.0,457592.0,0.0,0.0,1,1
3032,506569.0,457592.0,0.0,0.0,1,1
3033,506569.0,457592.0,0.0,0.0,1,1
3034,506569.0,457592.0,0.0,0.0,1,1
3035,506569.0,457592.0,0.0,0.0,1,1
3036,506569.0,457592.0,0.0,0.0,1,1
3037,506569.0,457592.0,0.0,0.0,1,1
3038,506569.0,457592.0,0.0,0.0,1,1
3039,506569.0,457592.0,0.0,0.0,1,1
3040,506569.0,457592.0,0.0,0.0,1,1
3041,506569.0,457592.0,0.0,0.0,1,1
3042,506569.0,457592.0,0.0,0.0,1,1
3043,506569.0,457592.0,0.0,0.0,1,1
3044,506569.0,457592.0,0.0,0.0,1,1
3045,506569.0,457592.0,0.0,0.0,1,1
3046,506569.0,457592.0,0.0,0.0,1,1
3047,506569.0,457592.0,0.0,0.0,1,1
3048,506569.0,457592.0,0.0,0.0,1,1
3049,506569.0,457592.0,0.0,0.0,1,1
3050,506569.0,457592.0,0.0,0.0,1,1
3051,506273.0,457592.0,0.0,0.0,1,1
3052,506273.0,457592.0,0.0,0.0,1,1
3053,506273.0,457592.0,0.0,0.0,1,1
3054,506273.0,457592.0,0.0,0.0,1,1
3055,506273.0,457592.0,0.0,0.0,1,1
3056,506273.0,457592.0,0.0,0.0,1,1
3057,506273.0,457592.0,0.0,0.0,1,1
3058,506273.0,457592.0,0.0,0.0,1,1
3059,506273.0,457592.0,0.0,0.0,1,1
3060,506273.0,457592.0,0.0,0.0,1,1
3061,506273.0,457592.0,0.0,0.0,1,1
3062,506273.0,457592.0,0.0,0.0,1,1
3063,506273.0,457592.0,0.0,0.0,1,1
3064,506273.0,457592.0,0.0,0.0,1,1
3065,506273.0,457592.0,0.0,0.0,1,1
3066,506273.0,457592.0,0.0,0.0,1,1
3067,506273.0,457592.0,0.0,0.0,1,1
3068,506273.0,457592.0,0.0,0.0,1,1
3069,506273.0,457592.0,0.0,0.0,1,1
3070,506273.0,457592.0,0.0,0.0,1,1
3071,506273.0,457592.0,0.0,0.0,1,1
3072,506273.0,457592.0,0.0,0.0,1,1
3073,506273.0,457592.0,0.0,0.0,1,1
3074,506273.0,457592.0,0.0,0.0,1,1
3075,506273.0,457592.0,0.0,0.0,1,1
3076,506273.0,457592.0,0.0,0.0,1,1
3077,506273.0,457592.0,0.0,0.0,1,1
3078,506273.0,457592.0,0.0,0.0,1,1
3079,506273.0,457592.0,0.0,0.0,1,1
3080,506273.0,457592.0,0.0,0.0,1,1
3081,506273.0,457592.0,0.0,0.0,1,1
3082,506273.0,457592.0,0.0,0.0,1,1
3083,506273.0,457592.0,0.0,0.0,1,1
3084,506273.0,457592.0,0.0,0.0,1,1
3085,506273.0,457592.0,0.0,0.0,1,1
3086,506273.0,457592.0,0.0,0.0,1,1
3087,506273.0,457592.0,0.0,0.0,1,1
3088,506273.0,457592.0,0.0,0.0,1,1
3089,506273.0,457592.0,0.0,0.0,1,1
3090,508867.5,457592.0,0.0,0.0,1,1
3091,508867.5,457592.0,0.0,0.0,1,1
3092,508867.5,457592.0,0.0,0.0,1,1
3093,508867.5,457592.0,0.0,0.0,1,1
3094,508867.5,457592.0,0.0,0.0,1,1
3095,508867.5,457592.0,0.0,0.0,1,1
3096,508867.5,457592.0,0.0,0.0,1,1
3097,508867.5,457592.0,0.0,0.0,1,1
3098,508867.5,457592.0,0.0,0.0,1,1
3099,509020.5,457592.0,0.0,0.0,1,1
3100,509020.5,457592.0,0.0,0.0,1,1
3101,509020.5,457592.0,0.0,0.0,1,1
3102,509020.5,457592.0,0.0,0.0,1,1
3103,509020.5,457592.0,0.0,0.0,1,1
3104,509020.5,457592.0,0.0,0.0,1,1
3105,509020.5,457592.0,0.0,0.0,1,1
3106,509020.5,457592.0,0.0,0.0,1,1
3107,509020.5,457592.0,0.0,0.0,1,1
3108,509020.5,457592.0,0.0,0.0,1,1
3109,509020.5,457592.0,0.0,0.0,1,1
3110,509020.5,457592.0,0.0,0.0,1,1
3111,509020.5,457592.0,0.0,0.0,1,1
3112,509020.5,457592.0,0.0,0.0,1,1
3113,509020.5,457592.0,0.0,0.0,1,1
3114,509020.5,457592.0,0.0,0.0,1,1
3115,509020.5,457592.0,0.0,0.0,1,1
3116,509020.5,457592.0,0.0,0.0,1,1
3117,509020.5,457592.0,0.0,0.0,1,1
3118,509020.5,457592.0,0.0,0.0,1,1
3119,509020.5,457592.0,0.0,0.0,1,1
3120,509020.5,457592.0,0.0,0.0,1,1
3121,509020.5,457592.0,0.0,0.0,1,1
3122,509020.5,457592.0,0.0,0.0,1,1
3123,508538.0,457592.0,0.0,0.0,1,1
3124,508538.0,457592.0,0.0,0.0,1,1
3125,508538.0,457592.0,0.0,0.0,1,1
3126,508538.0,457592.0,0.0,0.0,1,1
3127,508538.0,457592.0,0.0,0.0,1,1
3128,508538.0,457592.0,0.0,0.0,1,1
3129,508538.0,457592.0,0.0,0.0,1,1
3130,508538.0,457592.0,0.0,0.0,1,1
3131,508538.0,457592.0,0.0,0.0,1,1
3132,508536.0,457592.0,0.0,0.0,1,1
3133,508536.0,457592.0,0.0,0.0,1,1
3134,508536.0,457592.0,0.0,0.0,1,1
3135,508536.0,457592.0,0.0,0.0,1,1
3136,508536.0,457592.0,0.0,0.0,1,1
3137,508536.0,457592.0,0.0,0.0,1,1
3138,508536.0,457592.0,0.0,0.0,1,1
3139,508536.0,457592.0,0.0,0.0,1,1
3140,508536.0,457592.0,0.0,0.0,1,1
3141,508536.0,457592.0,0.0,0.0,1,1
3142,508536.0,457592.0,0.0,0.0,1,1
3143,508536.0,457592.0,0.0,0.0,1,1
3144,508536.0,457592.0,0.0,0.0,1,1
3145,508536.0,457592.0,0.0,0.0,1,1
3146,508631.0,457592.0,0.0,0.0,1,1
3147,508631.0,457592.0,0.0,0.0,1,1
3148,508631.0,457592.0,0.0,0.0,1,1
3149,508631.0,457592.0,0.0,0.0,1,1
3150,508631.0,457592.0,0.0,0.0,1,1
3151,508631.0,457592.0,0.0,0.0,1,1
3152,508724.5,457592.0,0.0,0.0,1,1
3153,508724.5,457592.0,0.0,0.0,1,1
3154,508724.5,457592.0,0.0,0.0,1,1
3155,508724.5,457592.0,0.0,0.0,1,1
3156,508724.5,457592.0,0.0,0.0,1,1
3157,508724.5,457592.0,0.0,0.0,1,1
3158,508724.5,457592.0,0.0,0.0,1,1
3159,508724.5,457592.0,0.0,0.0,1,1
3160,508724.5,457592.0,0.0,0.0,1,1
3161,508724.5,457592.0,0.0,0.0,1,1
3162,508724.5,457592.0,0.0,0.0,1,1
3163,508724.5,457592.0,0.0,0.0,1,1
3164,508724.5,457592.0,0.0,0.0,1,1
3165,508724.5,457592.0,0.0,0.0,1,1
3166,508724.5,457592.0,0.0,0.0,1,1
3167,508724.5,457592.0,0.0,0.0,1,1
3168,508724.5,457592.0,0.0,0.0,1,1
3169,508724.5,457592.0,0.0,0.0,1,1
3170,508724.5,457592.0,0.0,0.0,1,1
3171,508724.5,457592.0,0.0,0.0,1,1
3172,508724.5,457592.0,0.0,0.0,1,1
3173,508724.5,457592.0,0.0,0.0,1,1
3174,508724.5,457592.0,0.0,0.0,1,1
3175,508724.5,457592.0,0.0,0.0,1,1
3176,508724.5,457592.0,0.0,0.0,1,1
3177,508724.5,457592.0,0.0,0.0,1,1
3178,508724.5,457592.0,0.0,0.0,1,1
3179,508724.5,457592.0,0.0,0.0,1,1
3180,508724.5,457592.0,0.0,0.0,1,1
3181,508724.5,457592.0,0.0,0.0,1,1
3182,508724.5,457592.0,0.0,0.0,1,1
3183,508724.5,457592.0,0.0,0.0,1,1
3184,508724.5,457592.0,0.0,0.0,1,1
3185,508724.5,457592.0,0.0,0.0,1,1
3186,508724.5,457592.0,0.0,0.0,1,1
3187,508724.5,457592.0,0.0,0.0,1,1
3188,508793.5,457592.0,0.0,0.0,1,1
3189,508793.5,457592.0,0.0,0.0,1,1
3190,508793.5,457592.0,0.0,0.0,1,1
3191,508793.5,457592.0,0.0,0.0,1,1
3192,508793.5,457592.0,0.0,0.0,1,1
3193,508849.0,457592.0,0.0,0.0,1,1
3194,508849.0,457592.0,0.0,0.0,1,1
3195,508849.0,457592.0,0.0,0.0,1,1
3196,508849.0,457592.0,0.0,0.0,1,1
3197,508849.0,457592.0,0.0,0.0,1,1
3198,508849.0,457592.0,0.0,0.0,1,1
3199,508849.0,457592.0,0.0,0.0,1,1
3200,508849.0,457592.0,0.0,0.0,1,1
3201,508779.0,457592.0,0.0,0.0,1,1
3202,508779.0,457592.0,0.0,0.0,1,1
3203,508779.0,457592.0,0.0,0.0,1,1
3204,508779.0,457592.0,0.0,0.0,1,1
3205,508779.0,457592.0,0.0,0.0,1,1
3206,508779.0,457592.0,0.0,0.0,1,1
3207,508975.0,457592.0,0.0,0.0,1,1
3208,508975.0,457592.0,0.0,0.0,1,1
3209,508975.0,457592.0,0.0,0.0,1,1
3210,508975.0,457592.0,0.0,0.0,1,1
3211,508975.0,457592.0,0.0,0.0,1,1
3212,508975.0,457592.0,0.0,0.0,1,1
3213,508975.0,457592.0,0.0,0.0,1,1
3214,508975.0,457592.0,0.0,0.0,1,1
3215,508975.0,457592.0,0.0,0.0,1,1
3216,509017.0,457592.0,0.0,0.0,1,1
3217,509017.0,457592.0,0.0,0.0,1,1
3218,509017.0,457592.0,0.0,0.0,1,1
3219,509017.0,457592.0,0.0,0.0,1,1
3220,509017.0,457592.0,0.0,0.0,1,1
3221,509017.0,457592.0,0.0,0.0,1,1
3222,509017.0,457592.0,0.0,0.0,1,1
3223,509017.0,457592.0,0.0,0.0,1,1
3224,509017.0,457592.0,0.0,0.0,1,1
3225,509017.0,457592.0,0.0,0.0,1,1
3226,509017.0,457592.0,0.0,0.0,1,1
3227,509017.0,457592.0,0.0,0.0,1,1
3228,509017.0,457592.0,0.0,0.0,1,1
3229,509017.0,457592.0,0.0,0.0,1,1
3230,509017.0,457592.0,0.0,0.0,1,1
3231,509017.0,457592.0,0.0,0.0,1,1
3232,509017.0,457592.0,0.0,0.0,1,1
3233,509017.0,457592.0,0.0,0.0,1,1
3234,509017.0,457592.0,0.0,0.0,1,1
3235,509291.5,457592.0,0.0,0.0,1,1
3236,509291.5,457592.0,0.0,0.0,1,1
3237,509291.5,457592.0,0.0,0.0,1,1
3238,509291.5,457592.0,0.0,0.0,1,1
3239,509291.5,457592.0,0.0,0.0,1,1
3240,509291.5,457592.0,0.0,0.0,1,1
3241,509291.5,457592.0,0.0,0.0,1,1
3242,509291.5,457592.0,0.0,0.0,1,1
3243,509291.5,457592.0,0.0,0.0,1,1
3244,509291.5,457592.0,0.0,0.0,1,1
3245,509291.5,457592.0,0.0,0.0,1,1
3246,509291.5,457592.0,0.0,0.0,1,1
3247,509291.5,457592.0,0.0,0.0,1,1
3248,509233.0,457592.0,0.0,0.0,1,1
3249,509233.0,457592.0,0.0,0.0,1,1
3250,509233.0,457592.0,0.0,0.0,1,1
3251,509233.0,457592.0,0.0,0.0,1,1
3252,509233.0,457592.0,0.0,0.0,1,1
3253,509233.0,457592.0,0.0,0.0,1,1
3254,509233.0,457592.0,0.0,0.0,1,1
3255,509563.0,457592.0,0.0,0.0,1,1
3256,509563.0,457592.0,0.0,0.0,1,1
3257,509563.0,457592.0,0.0,0.0,1,1
3258,509563.0,457592.0,0.0,0.0,1,1
3259,509563.0,457592.0,0.0,0.0,1,1
3260,509563.0,457592.0,0.0,0.0,1,1
3261,509514.0,457592.0,0.0,0.0,1,1
3262,509514.0,457592.0,0.0,0.0,1,1
3263,509514.0,457592.0,0.0,0.0,1,1
3264,509514.0,457592.0,0.0,0.0,1,1
3265,509514.0,457592.0,0.0,0.0,1,1
3266,509479.5,457592.0,0.0,0.0,1,1
3267,509479.5,457592.0,0.0,0.0,1,1
3268,509514.0,457592.0,0.0,0.0,1,1
3269,509514.0,457592.0,0.0,0.0,1,1
3270,509514.0,457592.0,0.0,0.0,1,1
3271,509514.0,457592.0,0.0,0.0,1,1
3272,509514.0,457592.0,0.0,0.0,1,1
3273,509514.0,457592.0,0.0,0.0,1,1
3274,509514.0,457592.0,0.0,0.0,1,1
3275,509514.0,457592.0,0.0,0.0,1,1
3276,509514.0,457592.0,0.0,0.0,1,1
3277,509514.0,457592.0,0.0,0.0,1,1
3278,509514.0,457592.0,0.0,0.0,1,1
3279,509514.0,457592.0,0.0,0.0,1,1
3280,509514.0,457592.0,0.0,0.0,1,1
3281,509514.0,457592.0,0.0,0.0,1,1
3282,509514.0,457592.0,0.0,0.0,1,1
3283,509514.0,457592.0,0.0,0.0,1,1
3284,509514.0,457592.0,0.0,0.0,1,1
3285,509528.5,457592.0,0.0,0.0,1,1
3286,509528.5,457592.0,0.0,0.0,1,1
3287,509528.5,457592.0,0.0,0.0,1,1
3288,509528.5,457592.0,0.0,0.0,1,1
3289,509528.5,457592.0,0.0,0.0,1,1
3290,509528.5,457592.0,0.0,0.0,1,1
3291,509528.5,457592.0,0.0,0.0,1,1
3292,509528.5,457592.0,0.0,0.0,1,1
3293,509528.5,457592.0,0.0,0.0,1,1
3294,509528.5,457592.0,0.0,0.0,1,1
3295,509528.5,457592.0,0.0,0.0,1,1
3296,509528.5,457592.0,0.0,0.0,1,1
3297,509528.5,457592.0,0.0,0.0,1,1
3298,509528.5,457592.0,0.0,0.0,1,1
3299,510527.0,457592.0,0.0,0.0,1,1
3300,510527.0,457592.0,0.0,0.0,1,1
3301,510527.0,457592.0,0.0,0.0,1,1
3302,510527.0,457592.0,0.0,0.0,1,1
3303,510527.0,457592.0,0.0,0.0,1,1
3304,510527.0,457592.0,0.0,0.0,1,1
3305,510527.0,457592.0,0.0,0.0,1,1
3306,510527.0,457592.0,0.0,0.0,1,1
3307,510527.0,457592.0,0.0,0.0,1,1
3308,510527.0,457592.0,0.0,0.0,1,1
3309,510527.0,457592.0,0.0,0.0,1,1
3310,510527.0,457592.0,0.0,0.0,1,1
3311,510527.0,457592.0,0.0,0.0,1,1
3312,510527.0,457592.0,0.0,0.0,1,1
3313,510527.0,457592.0,0.0,0.0,1,1
3314,510527.0,457592.0,0.0,0.0,1,1
3315,510527.0,457592.0,0.0,0.0,1,1
3316,510527.0,457592.0,0.0,0.0,1,1
3317,510527.0,457592.0,0.0,0.0,1,1
3318,510527.0,457592.0,0.0,0.0,1,1
3319,510527.0,457592.0,0.0,0.0,1,1
3320,510527.0,457592.0,0.0,0.0,1,1
3321,510527.0,457592.0,0.0,0.0,1,1
3322,510527.0,457592.0,0.0,0.0,1,1
3323,510527.0,457592.0,0.0,0.0,1,1
3324,510527.0,457592.0,0.0,0.0,1,1
3325,511188.5,457592.0,0.0,0.0,1,1
3326,511188.5,457592.0,0.0,0.0,1,1
3327,511188.5,457592.0,0.0,0.0,1,1
3328,511188.5,457592.0,0.0,0.0,1,1
3329,511188.5,457592.0,0.0,0.0,1,1
3330,511188.5,457592.0,0.0,0.0,1,1
3331,511147.5,457592.0,0.0,0.0,1,1
3332,511469.5,457592.0,0.0,0.0,1,1
3333,511469.5,457592.0,0.0,0.0,1,1
3334,511469.5,457592.0,0.0,0.0,1,1
3335,511469.5,457592.0,0.0,0.0,1,1
3336,511662.0,457592.0,0.0,0.0,1,1
3337,511662.0,457592.0,0.0,0.0,1,1
3338,511662.0,457592.0,0.0,0.0,1,1
3339,511662.0,457592.0,0.0,0.0,1,1
3340,511662.0,457592.0,0.0,0.0,1,1
3341,511662.0,457592.0,0.0,0.0,1,1
3342,511662.0,457592.0,0.0,0.0,1,1
3343,511662.0,457592.0,0.0,0.0,1,1
3344,511662.0,457592.0,0.0,0.0,1,1
3345,511662.0,457592.0,0.0,0.0,1,1
3346,511662.0,457592.0,0.0,0.0,1,1
3347,511662.0,457592.0,0.0,0.0,1,1
3348,511662.0,457592.0,0.0,0.0,1,1
3349,511662.0,457592.0,0.0,0.0,1,1
3350,511662.0,457592.0,0.0,0.0,1,1
3351,511662.0,457592.0,0.0,0.0,1,1
3352,511662.0,457592.0,0.0,0.0,1,1
3353,511662.0,457592.0,0.0,0.0,1,1
3354,511662.0,457592.0,0.0,0.0,1,1
3355,511662.0,457592.0,0.0,0.0,1,1
3356,511662.0,457592.0,0.0,0.0,1,1
3357,511662.0,457592.0,0.0,0.0,1,1
3358,511720.5,457592.0,0.0,0.0,1,1
3359,511720.5,457592.0,0.0,0.0,1,1
3360,511720.5,457592.0,0.0,0.0,1,1
3361,511720.5,457592.0,0.0,0.0,1,1
3362,511720.5,457592.0,0.0,0.0,1,1
3363,511720.5,457592.0,0.0,0.0,1,1
3364,511720.5,457592.0,0.0,0.0,1,1
3365,511720.5,457592.0,0.0,0.0,1,1
3366,511720.5,457592.0,0.0,0.0,1,1
3367,511720.5,457592.0,0.0,0.0,1,1
3368,511720.5,457592.0,0.0,0.0,1,1
3369,511720.5,457592.0,0.0,0.0,1,1
3370,511720.5,457592.0,0.0,0.0,1,1
3371,511720.5,457592.0,0.0,0.0,1,1
3372,511720.5,457592.0,0.0,0.0,1,1
3373,511720.5,457592.0,0.0,0.0,1,1
3374,511720.5,457592.0,0.0,0.0,1,1
3375,511720.5,457592.0,0.0,0.0,1,1
3376,511720.5,457592.0,0.0,0.0,1,1
3377,511686.5,457592.0,0.0,0.0,1,1
3378,511686.5,457592.0,0.0,0.0,1,1
3379,511686.5,457592.0,0.0,0.0,1,1
3380,511686.5,457592.0,0.0,0.0,1,1
3381,511686.5,457592.0,0.0,0.0,1,1
3382,511686.5,457592.0,0.0,0.0,1,1
3383,511686.5,457592.0,0.0,0.0,1,1
3384,511686.5,457592.0,0.0,0.0,1,1
3385,511686.5,457592.0,0.0,0.0,1,1
3386,511686.5,457592.0,0.0,0.0,1,1
3387,511686.5,457592.0,0.0,0.0,1,1
3388,511686.5,457592.0,0.0,0.0,1,1
3389,511686.5,457592.0,0.0,0.0,1,1
3390,511686.5,457592.0,0.0,0.0,1,1
3391,512379.5,457592.0,0.0,0.0,1,1
3392,512379.5,457592.0,0.0,0.0,1,1
3393,512379.5,457592.0,0.0,0.0,1,1
3394,512379.5,457592.0,0.0,0.0,1,1
3395,512379.5,457592.0,0.0,0.0,1,1
3396,512379.5,457592.0,0.0,0.0,1,1
3397,512379.5,457592.0,0.0,0.0,1,1
3398,512379.5,457592.0,0.0,0.0,1,1
3399,512379.5,457592.0,0.0,0.0,1,1
3400,512379.5,457592.0,0.0,0.0,1,1
3401,512379.5,457592.0,0.0,0.0,1,1
3402,512379.5,457592.0,0.0,0.0,1,1
3403,512379.5,457592.0,0.0,0.0,1,1
3404,512379.5,457592.0,0.0,0.0,1,1
3405,512379.5,457592.0,0.0,0.0,1,1
3406,512379.5,457592.0,0.0,0.0,1,1
3407,512379.5,457592.0,0.0,0.0,1,1
3408,512379.5,457592.0,0.0,0.0,1,1
3409,512379.5,457592.0,0.0,0.0,1,1
3410,512379.5,457592.0,0.0,0.0,1,1
3411,512379.5,457592.0,0.0,0.0,1,1
3412,512379.5,457592.0,0.0,0.0,1,1
3413,512379.5,457592.0,0.0,0.0,1,1
3414,512379.5,457592.0,0.0,0.0,1,1
3415,512379.5,457592.0,0.0,0.0,1,1
3416,515766.0,457592.0,0.0,0.0,1,1
3417,515766.0,457592.0,0.0,0.0,1,1
3418,515766.0,457592.0,0.0,0.0,1,1
3419,515766.0,457592.0,0.0,0.0,1,1
3420,515766.0,457592.0,0.0,0.0,1,1
3421,515766.0,457592.0,0.0,0.0,1,1
3422,515766.0,457592.0,0.0,0.0,1,1
3423,515766.0,457592.0,0.0,0.0,1,1
3424,515766.0,457592.0,0.0,0.0,1,1
3425,515766.0,457592.0,0.0,0.0,1,1
3426,515766.0,457592.0,0.0,0.0,1,1
3427,515766.0,457592.0,0.0,0.0,1,1
3428,515766.0,457592.0,0.0,0.0,1,1
3429,515766.0,457592.0,0.0,0.0,1,1
3430,515766.0,457592.0,0.0,0.0,1,1
3431,515766.0,457592.0,0.0,0.0,1,1
3432,515766.0,457592.0,0.0,0.0,1,1
3433,515766.0,457592.0,0.0,0.0,1,1
3434,515766.0,457592.0,0.0,0.0,1,1
3435,515766.0,457592.0,0.0,0.0,1,1
3436,515766.0,457592.0,0.0,0.0,1,1
3437,515766.0,457592.0,0.0,0.0,1,1
3438,515766.0,457592.0,0.0,0.0,1,1
3439,515766.0,457592.0,0.0,0.0,1,1
3440,515766.0,457592.0,0.0,0.0,1,1
3441,515766.0,457592.0,0.0,0.0,1,1
3442,515766.0,457592.0,0.0,0.0,1,1
3443,515766.0,457592.0,0.0,0.0,1,1
3444,515766.0,457592.0,0.0,0.0,1,1
3445,515766.0,457592.0,0.0,0.0,1,1
3446,515766.0,457592.0,0.0,0.0,1,1
3447,515766.0,457592.0,0.0,0.0,1,1
3448,515766.0,457592.0,0.0,0.0,1,1
3449,515766.0,457592.0,0.0,0.0,1,1
3450,515766.0,457592.0,0.0,0.0,1,1
3451,515766.0,457592.0,0.0,0.0,1,1
3452,515766.0,457592.0,0.0,0.0,1,1
3453,515766.0,457592.0,0.0,0.0,1,1
3454,515766.0,457592.0,0.0,0.0,1,1
3455,515662.0,457592.0,0.0,0.0,1,1
3456,515662.0,457592.0,0.0,0.0,1,1
3457,515662.0,457592.0,0.0,0.0,1,1
3458,515662.0,457592.0,0.0,0.0,1,1
3459,515662.0,457592.0,0.0,0.0,1,1
3460,515662.0,457592.0,0.0,0.0,1,1
3461,515662.0,457592.0,0.0,0.0,1,1
3462,515662.0,457592.0,0.0,0.0,1,1
3463,515662.0,457592.0,0.0,0.0,1,1
3464,515662.0,457592.0,0.0,0.0,1,1
3465,515662.0,457592.0,0.0,0.0,1,1
3466,515662.0,457592.0,0.0,0.0,1,1
3467,515662.0,457592.0,0.0,0.0,1,1
3468,515662.0,457592.0,0.0,0.0,1,1
3469,515662.0,457592.0,0.0,0.0,1,1
3470,515662.0,457592.0,0.0,0.0,1,1
3471,515662.0,457592.0,0.0,0.0,1,1
3472,515662.0,457592.0,0.0,0.0,1,1
3473,515662.0,457592.0,0.0,0.0,1,1
3474,515662.0,457592.0,0.0,0.0,1,1
3475,515662.0,457592.0,0.0,0.0,1,1
3476,515662.0,457592.0,0.0,0.0,1,1
3477,515766.0,457592.0,0.0,0.0,1,1
3478,515766.0,457592.0,0.0,0.0,1,1
3479,515766.0,457592.0,0.0,0.0,1,1
3480,515766.0,457592.0,0.0,0.0,1,1
3481,515766.0,457592.0,0.0,0.0,1,1
3482,515766.0,457592.0,0.0,0.0,1,1
3483,515766.0,457592.0,0.0,0.0,1,1
3484,515766.0,457592.0,0.0,0.0,1,1
3485,515766.0,457592.0,0.0,0.0,1,1
3486,515766.0,457592.0,0.0,0.0,1,1
3487,515766.0,457592.0,0.0,0.0,1,1
3488,515766.0,457592.0,0.0,0.0,1,1
3489,515766.0,457592.0,0.0,0.0,1,1
3490,515766.0,457592.0,0.0,0.0,1,1
3491,515766.0,457592.0,0.0,0.0,1,1
3492,515766.0,457592.0,0.0,0.0,1,1
3493,515766.0,457592.0,0.0,0.0,1,1
3494,515766.0,457592.0,0.0,0.0,1,1
3495,515766.0,457592.0,0.0,0.0,1,1
3496,515766.0,457592.0,0.0,0.0,1,1
3497,515766.0,457592.0,0.0,0.0,1,1
3498,515766.0,457592.0,0.0,0.0,1,1
3499,515766.0,457592.0,0.0,0.0,1,1
3500,515766.0,457592.0,0.0,0.0,1,1
3501,515766.0,457592.0,0.0,0.0,1,1
3502,515766.0,457592.0,0.0,0.0,1,1
3503,515766.0,457592.0,0.0,0.0,1,1
3504,515766.0,457592.0,0.0,0.0,1,1
3505,515766.0,457592.0,0.0,0.0,1,1
3506,515766.0,457592.0,0.0,0.0,1,1
3507,515766.0,457592.0,0.0,0.0,1,1
3508,515766.0,457592.0,0.0,0.0,1,1
3509,515766.0,457592.0,0.0,0.0,1,1
3510,515766.0,457592.0,0.0,0.0,1,1
3511,515766.0,457592.0,0.0,0.0,1,1
3512,515766.0,457592.0,0.0,0.0,1,1
3513,515766.0,457592.0,0.0,0.0,1,1
3514,515766.0,457592.0,0.0,0.0,1,1
3515,515766.0,457592.0,0.0,0.0,1,1
3516,515766.0,457592.0,0.0,0.0,1,1
3517,515766.0,457592.0,0.0,0.0,1,1
3518,515766.0,457592.0,0.0,0.0,1,1
3519,515766.0,457592.0,0.0,0.0,1,1
3520,515766.0,457592.0,0.0,0.0,1,1
3521,515766.0,457592.0,0.0,0.0,1,1
3522,515766.0,457592.0,0.0,0.0,1,1
3523,515766.0,457592.0,0.0,0.0,1,1
3524,515766.0,457592.0,0.0,0.0,1,1
3525,515766.0,457592.0,0.0,0.0,1,1
3526,515766.0,457592.0,0.0,0.0,1,1
3527,515766.0,457592.0,0.0,0.0,1,1
3528,515766.0,457592.0,0.0,0.0,1,1
3529,515766.0,457592.0,0.0,0.0,1,1
3530,515766.0,457592.0,0.0,0.0,1,1
3531,515766.0,457592.0,0.0,0.0,1,1
3532,515766.0,457592.0,0.0,0.0,1,1
3533,515766.0,457592.0,0.0,0.0,1,1
3534,515766.0,457592.0,0.0,0.0,1,1
3535,515766.0,457592.0,0.0,0.0,1,1
3536,515766.0,457592.0,0.0,0.0,1,1
3537,515766.0,457592.0,0.0,0.0,1,1
3538,515766.0,457592.0,0.0,0.0,1,1
3539,515766.0,457592.0,0.0,0.0,1,1
3540,515766.0,457592.0,0.0,0.0,1,1
3541,515766.0,457592.0,0.0,0.0,1,1
3542,515766.0,457592.0,0.0,0.0,1,1
3543,515766.0,457592.0,0.0,0.0,1,1
3544,515766.0,457592.0,0.0,0.0,1,1
3545,515766.0,457592.0,0.0,0.0,1,1
3546,515766.0,457592.0,0.0,0.0,1,1
3547,515766.0,457592.0,0.0,0.0,1,1
3548,515766.0,457592.0,0.0,0.0,1,1
3549,515766.0,457592.0,0.0,0.0,1,1
3550,515766.0,457592.0,0.0,0.0,1,1
3551,515766.0,457592.0,0.0,0.0,1,1
3552,515766.0,457592.0,0.0,0.0,1,1
3553,515766.0,457592.0,0.0,0.0,1,1
3554,515766.0,457592.0,0.0,0.0,1,1
3555,515766.0,457592.0,0.0,0.0,1,1
3556,515766.0,457592.0,0.0,0.0,1,1
3557,515766.0,457592.0,0.0,0.0,1,1
3558,515766.0,457592.0,0.0,0.0,1,1
3559,515766.0,457592.0,0.0,0.0,1,1
3560,515766.0,457592.0,0.0,0.0,1,1
3561,515766.0,457592.0,0.0,0.0,1,1
3562,515766.0,457592.0,0.0,0.0,1,1
3563,515817.5,457592.0,0.0,0.0,1,1
3564,515817.5,457592.0,0.0,0.0,1,1
3565,515817.5,457592.0,0.0,0.0,1,1
3566,515817.5,457592.0,0.0,0.0,1,1
3567,515817.5,457592.0,0.0,0.0,1,1
3568,515817.5,457592.0,0.0,0.0,1,1
3569,515817.5,457592.0,0.0,0.0,1,1
3570,515817.5,457592.0,0.0,0.0,1,1
3571,515817.5,457592.0,0.0,0.0,1,1
3572,515817.5,457592.0,0.0,0.0,1,1
3573,515817.5,457592.0,0.0,0.0,1,1
3574,515817.5,457592.0,0.0,0.0,1,1
3575,515817.5,457592.0,0.0,0.0,1,1
3576,515817.5,457592.0,0.0,0.0,1,1
3577,515817.5,457592.0,0.0,0.0,1,1
3578,515817.5,457592.0,0.0,0.0,1,1
3579,515817.5,457592.0,0.0,0.0,1,1
3580,515817.5,457592.0,0.0,0.0,1,1
3581,515817.5,457592.0,0.0,0.0,1,1
3582,515817.5,457592.0,0.0,0.0,1,1
3583,515817.5,457592.0,0.0,0.0,1,1
3584,515817.5,457592.0,0.0,0.0,1,1
3585,515817.5,457592.0,0.0,0.0,1,1
3586,515817.5,457592.0,0.0,0.0,1,1
3587,515817.5,457592.0,0.0,0.0,1,1
3588,515817.5,457592.0,0.0,0.0,1,1
3589,515817.5,457592.0,0.0,0.0,1,1
3590,515722.0,457592.0,0.0,0.0,1,1
3591,515722.0,457592.0,0.0,0.0,1,1
3592,515662.0,457592.0,0.0,0.0,1,1
3593,515662.0,457592.0,0.0,0.0,1,1
3594,515662.0,457592.0,0.0,0.0,1,1
3595,515662.0,457592.0,0.0,0.0,1,1
3596,515662.0,457592.0,0.0,0.0,1,1
3597,515662.0,457592.0,0.0,0.0,1,1
3598,515662.0,457592.0,0.0,0.0,1,1
3599,515662.0,457592.0,0.0,0.0,1,1
3600,515662.0,457592.0,0.0,0.0,1,1
3601,515662.0,457592.0,0.0,0.0,1,1
3602,515662.0,457592.0,0.0,0.0,1,1
3603,515662.0,457592.0,0.0,0.0,1,1
3604,515662.0,457592.0,0.0,0.0,1,1
3605,515662.0,457592.0,0.0,0.0,1,1
3606,515662.0,457592.0,0.0,0.0,1,1
3607,515662.0,457592.0,0.0,0.0,1,1
3608,515662.0,457592.0,0.0,0.0,1,1
3609,515662.0,457592.0,0.0,0.0,1,1
3610,515662.0,457592.0,0.0,0.0,1,1
3611,515662.0,457592.0,0.0,0.0,1,1
3612,515662.0,457592.0,0.0,0.0,1,1
3613,515662.0,457592.0,0.0,0.0,1,1
3614,515662.0,457592.0,0.0,0.0,1,1
3615,515662.0,457592.0,0.0,0.0,1,1
3616,515662.0,457592.0,0.0,0.0,1,1
3617,515662.0,457592.0,0.0,0.0,1,1
3618,515662.0,457592.0,0.0,0.0,1,1
3619,515662.0,457592.0,0.0,0.0,1,1
3620,515662.0,457592.0,0.0,0.0,1,1
3621,515662.0,457592.0,0.0,0.0,1,1
3622,515662.0,457592.0,0.0,0.0,1,1
3623,515662.0,457592.0,0.0,0.0,1,1
3624,515418.5,457592.0,0.0,0.0,1,1
3625,515418.5,457592.0,0.0,0.0,1,1
3626,515456.0,457592.0,0.0,0.0,1,1
3627,515456.0,457592.0,0.0,0.0,1,1
3628,515456.0,457592.0,0.0,0.0,1,1
3629,515456.0,457592.0,0.0,0.0,1,1
3630,515456.0,457592.0,0.0,0.0,1,1
3631,515456.0,457592.0,0.0,0.0,1,1
3632,515456.0,457592.0,0.0,0.0,1,1
3633,515456.0,457592.0,0.0,0.0,1,1
3634,515456.0,457592.0,0.0,0.0,1,1
3635,515456.0,457592.0,0.0,0.0,1,1
3636,515456.0,457592.0,0.0,0.0,1,1
3637,515456.0,457592.0,0.0,0.0,1,1
3638,515456.0,457592.0,0.0,0.0,1,1
3639,515456.0,457592.0,0.0,0.0,1,1
3640,515456.0,457592.0,0.0,0.0,1,1
3641,515456.0,457592.0,0.0,0.0,1,1
3642,515456.0,457592.0,0.0,0.0,1,1
3643,515456.0,457592.0,0.0,0.0,1,1
3644,515456.0,457592.0,0.0,0.0,1,1
3645,515456.0,457592.0,0.0,0.0,1,1
3646,515456.0,457592.0,0.0,0.0,1,1
3647,515456.0,457592.0,0.0,0.0,1,1
3648,515456.0,457592.0,0.0,0.0,1,1
3649,515456.0,457592.0,0.0,0.0,1,1
3650,515456.0,457592.0,0.0,0.0,1,1
3651,515456.0,457592.0,0.0,0.0,1,1
3652,515456.0,457592.0,0.0,0.0,1,1
3653,515456.0,457592.0,0.0,0.0,1,1
3654,515456.0,457592.0,0.0,0.0,1,1
3655,515456.0,457592.0,0.0,0.0,1,1
3656,515245.5,457592.0,0.0,0.0,1,1
3657,515245.5,457592.0,0.0,0.0,1,1
3658,515245.5,457592.0,0.0,0.0,1,1
3659,515245.5,457592.0,0.0,0.0,1,1
3660,515245.5,457592.0,0.0,0.0,1,1
3661,515245.5,457592.0,0.0,0.0,1,1
3662,515245.5,457592.0,0.0,0.0,1,1
3663,515245.5,457592.0,0.0,0.0,1,1
3664,515245.5,457592.0,0.0,0.0,1,1
3665,515245.5,457592.0,0.0,0.0,1,1
3666,515245.5,457592.0,0.0,0.0,1,1
3667,515245.5,457592.0,0.0,0.0,1,1
3668,515245.5,457592.0,0.0,0.0,1,1
3669,515245.5,457592.0,0.0,0.0,1,1
3670,515245.5,457592.0,0.0,0.0,1,1
3671,515245.5,457592.0,0.0,0.0,1,1
3672,515245.5,457592.0,0.0,0.0,1,1
3673,515245.5,457592.0,0.0,0.0,1,1
3674,515245.5,457592.0,0.0,0.0,1,1
3675,515245.5,457592.0,0.0,0.0,1,1
3676,515245.5,457592.0,0.0,0.0,1,1
3677,515245.5,457592.0,0.0,0.0,1,1
3678,515245.5,457592.0,0.0,0.0,1,1
3679,515245.5,457592.0,0.0,0.0,1,1
3680,515245.5,457592.0,0.0,0.0,1,1
3681,515245.5,457592.0,0.0,0.0,1,1
3682,515245.5,457592.0,0.0,0.0,1,1
3683,515245.5,457592.0,0.0,0.0,1,1
3684,515245.5,457592.0,0.0,0.0,1,1
3685,515245.5,457592.0,0.0,0.0,1,1
3686,515245.5,457592.0,0.0,0.0,1,1
3687,515245.5,457592.0,0.0,0.0,1,1
3688,515245.5,457592.0,0.0,0.0,1,1
3689,515245.5,457592.0,0.0,0.0,1,1
3690,515245.5,457592.0,0.0,0.0,1,1
3691,515245.5,457592.0,0.0,0.0,1,1
3692,515245.5,457592.0,0.0,0.0,1,1
3693,515245.5,457592.0,0.0,0.0,1,1
3694,515245.5,457592.0,0.0,0.0,1,1
3695,515245.5,457592.0,0.0,0.0,1,1
3696,515245.5,457592.0,0.0,0.0,1,1
3697,515245.5,457592.0,0.0,0.0,1,1
3698,515245.5,457592.0,0.0,0.0,1,1
3699,515245.5,457592.0,0.0,0.0,1,1
3700,515245.5,457592.0,0.0,0.0,1,1
3701,515245.5,457592.0,0.0,0.0,1,1
3702,515245.5,457592.0,0.0,0.0,1,1
3703,515245.5,457592.0,0.0,0.0,1,1
3704,515315.5,457592.0,0.0,0.0,1,1
3705,515315.5,457592.0,0.0,0.0,1,1
3706,515315.5,457592.0,0.0,0.0,1,1
3707,515315.5,457592.0,0.0,0.0,1,1
3708,515315.5,457592.0,0.0,0.0,1,1
3709,515315.5,457592.0,0.0,0.0,1,1
3710,515315.5,457592.0,0.0,0.0,1,1
3711,515315.5,457592.0,0.0,0.0,1,1
3712,515315.5,457592.0,0.0,0.0,1,1
3713,515315.5,457592.0,0.0,0.0,1,1
3714,515315.5,457592.0,0.0,0.0,1,1
3715,515315.5,457592.0,0.0,0.0,1,1
3716,515315.5,457592.0,0.0,0.0,1,1
3717,515315.5,457592.0,0.0,0.0,1,1
3718,515315.5,457592.0,0.0,0.0,1,1
3719,515315.5,457592.0,0.0,0.0,1,1
3720,519163.5,457592.0,0.0,0.0,1,1
3721,519163.5,457592.0,0.0,0.0,1,1
3722,519163.5,457592.0,0.0,0.0,1,1
3723,519163.5,457592.0,0.0,0.0,1,1
3724,518778.0,457592.0,0.0,0.0,1,1
3725,518778.0,457592.0,0.0,0.0,1,1
3726,518778.0,457592.0,0.0,0.0,1,1
3727,518778.0,457592.0,0.0,0.0,1,1
3728,518778.0,457592.0,0.0,0.0,1,1
3729,518778.0,457592.0,0.0,0.0,1,1
3730,518778.0,457592.0,0.0,0.0,1,1
3731,518778.0,457592.0,0.0,0.0,1,1
3732,518778.0,457592.0,0.0,0.0,1,1
3733,518778.0,457592.0,0.0,0.0,1,1
3734,518778.0,457592.0,0.0,0.0,1,1
3735,518778.0,457592.0,0.0,0.0,1,1
3736,518778.0,457592.0,0.0,0.0,1,1
3737,518778.0,457592.0,0.0,0.0,1,1
3738,518778.0,457592.0,0.0,0.0,1,1
3739,518778.0,457592.0,0.0,0.0,1,1
3740,518778.0,457592.0,0.0,0.0,1,1
3741,518778.0,457592.0,0.0,0.0,1,1
3742,519001.0,457592.0,0.0,0.0,1,1
3743,519001.0,457592.0,0.0,0.0,1,1
3744,519001.0,457592.0,0.0,0.0,1,1
3745,519001.0,457592.0,0.0,0.0,1,1
3746,519001.0,457592.0,0.0,0.0,1,1
3747,518759.5,457592.0,0.0,0.0,1,1
3748,518759.5,457592.0,0.0,0.0,1,1
3749,518759.5,457592.0,0.0,0.0,1,1
3750,518759.5,457592.0,0.0,0.0,1,1
3751,518759.5,457592.0,0.0,0.0,1,1
3752,518759.5,457592.0,0.0,0.0,1,1
3753,518759.5,457592.0,0.0,0.0,1,1
3754,518759.5,457592.0,0.0,0.0,1,1
3755,518759.5,457592.0,0.0,0.0,1,1
3756,518759.5,457592.0,0.0,0.0,1,1
3757,518759.5,457592.0,0.0,0.0,1,1
3758,518759.5,457592.0,0.0,0.0,1,1
3759,518759.5,457592.0,0.0,0.0,1,1
3760,518759.5,457592.0,0.0,0.0,1,1
3761,518759.5,457592.0,0.0,0.0,1,1
3762,518759.5,457592.0,0.0,0.0,1,1
3763,518759.5,457592.0,0.0,0.0,1,1
3764,518759.5,457592.0,0.0,0.0,1,1
3765,518759.5,457592.0,0.0,0.0,1,1
3766,518759.5,457592.0,0.0,0.0,1,1
3767,518759.5,457592.0,0.0,0.0,1,1
3768,518759.5,457592.0,0.0,0.0,1,1
3769,518759.5,457592.0,0.0,0.0,1,1
3770,518759.5,457592.0,0.0,0.0,1,1
3771,517518.0,457592.0,0.0,0.0,1,1
3772,517518.0,457592.0,0.0,0.0,1,1
3773,517518.0,457592.0,0.0,0.0,1,1
3774,517518.0,457592.0,0.0,0.0,1,1
3775,517518.0,457592.0,0.0,0.0,1,1
3776,517518.0,457592.0,0.0,0.0,1,1
3777,517518.0,457592.0,0.0,0.0,1,1
3778,517518.0,457592.0,0.0,0.0,1,1
3779,517518.0,457592.0,0.0,0.0,1,1
3780,517518.0,457592.0,0.0,0.0,1,1
3781,517518.0,457592.0,0.0,0.0,1,1
3782,517518.0,457592.0,0.0,0.0,1,1
3783,517518.0,457592.0,0.0,0.0,1,1
3784,517518.0,457592.0,0.0,0.0,1,1
3785,517518.0,457592.0,0.0,0.0,1,1
3786,517518.0,457592.0,0.0,0.0,1,1
3787,517518.0,457592.0,0.0,0.0,1,1
3788,517518.0,457592.0,0.0,0.0,1,1
3789,517518.0,457592.0,0.0,0.0,1,1
3790,517518.0,457592.0,0.0,0.0,1,1
3791,517518.0,457592.0,0.0,0.0,1,1
3792,517518.0,457592.0,0.0,0.0,1,1
3793,517518.0,457592.0,0.0,0.0,1,1
3794,517518.0,457592.0,0.0,0.0,1,1
3795,517518.0,457592.0,0.0,0.0,1,1
3796,517426.0,457592.0,0.0,0.0,1,1
3797,517426.0,457592.0,0.0,0.0,1,1
3798,517426.0,457592.0,0.0,0.0,1,1
3799,517426.0,457592.0,0.0,0.0,1,1
3800,517769.5,457592.0,0.0,0.0,1,1
3801,517769.5,457592.0,0.0,0.0,1,1
3802,517769.5,457592.0,0.0,0.0,1,1
3803,517769.5,457592.0,0.0,0.0,1,1
3804,517769.5,457592.0,0.0,0.0,1,1
3805,517769.5,457592.0,0.0,0.0,1,1
3806,517769.5,457592.0,0.0,0.0,1,1
3807,517769.5,457592.0,0.0,0.0,1,1
3808,517769.5,457592.0,0.0,0.0,1,1
3809,517769.5,457592.0,0.0,0.0,1,1
3810,517792.0,457592.0,0.0,0.0,1,1
3811,517792.0,457592.0,0.0,0.0,1,1
3812,517792.0,457592.0,0.0,0.0,1,1
3813,517792.0,457592.0,0.0,0.0,1,1
3814,517792.0,457592.0,0.0,0.0,1,1
3815,517792.0,457592.0,0.0,0.0,1,1
3816,517792.0,457592.0,0.0,0.0,1,1
3817,517792.0,457592.0,0.0,0.0,1,1
3818,517792.0,457592.0,0.0,0.0,1,1
3819,517792.0,457592.0,0.0,0.0,1,1
3820,517792.0,457592.0,0.0,0.0,1,1
3821,517792.0,457592.0,0.0,0.0,1,1
3822,517792.0,457592.0,0.0,0.0,1,1
3823,517792.0,457592.0,0.0,0.0,1,1
3824,517792.0,457592.0,0.0,0.0,1,1
3825,517792.0,457592.0,0.0,0.0,1,1
3826,517695.0,457592.0,0.0,0.0,1,1
3827,517695.0,457592.0,0.0,0.0,1,1
3828,517695.0,457592.0,0.0,0.0,1,1
3829,517695.0,457592.0,0.0,0.0,1,1
3830,517695.0,457592.0,0.0,0.0,1,1
3831,517695.0,457592.0,0.0,0.0,1,1
3832,517695.0,457592.0,0.0,0.0,1,1
3833,517695.0,457592.0,0.0,0.0,1,1
3834,517695.0,457592.0,0.0,0.0,1,1
3835,517695.0,457592.0,0.0,0.0,1,1
3836,517695.0,457592.0,0.0,0.0,1,1
3837,517695.0,457592.0,0.0,0.0,1,1
3838,517695.0,457592.0,0.0,0.0,1,1
3839,517695.0,457592.0,0.0,0.0,1,1
3840,515338.0,457592.0,0.0,0.0,1,1
3841,515338.0,457592.0,0.0,0.0,1,1
3842,515338.0,457592.0,0.0,0.0,1,1
3843,515338.0,457592.0,0.0,0.0,1,1
3844,515338.0,457592.0,0.0,0.0,1,1
3845,515338.0,457592.0,0.0,0.0,1,1
3846,515338.0,457592.0,0.0,0.0,1,1
3847,515338.0,457592.0,0.0,0.0,1,1
3848,515338.0,457592.0,0.0,0.0,1,1
3849,515338.0,457592.0,0.0,0.0,1,1
3850,515338.0,457592.0,0.0,0.0,1,1
3851,516814.0,457592.0,0.0,0.0,1,1
3852,516814.0,457592.0,0.0,0.0,1,1
3853,516814.0,457592.0,0.0,0.0,1,1
3854,516814.0,457592.0,0.0,0.0,1,1
3855,516814.0,457592.0,0.0,0.0,1,1
3856,516814.0,457592.0,0.0,0.0,1,1
3857,516814.0,457592.0,0.0,0.0,1,1
3858,516814.0,457592.0,0.0,0.0,1,1
3859,516814.0,457592.0,0.0,0.0,1,1
3860,516814.0,457592.0,0.0,0.0,1,1
3861,516814.0,457592.0,0.0,0.0,1,1
3862,516814.0,457592.0,0.0,0.0,1,1
3863,516814.0,457592.0,0.0,0.0,1,1
3864,516814.0,457592.0,0.0,0.0,1,1
3865,516814.0,457592.0,0.0,0.0,1,1
3866,516814.0,457592.0,0.0,0.0,1,1
3867,516814.0,457592.0,0.0,0.0,1,1
3868,516814.0,457592.0,0.0,0.0,1,1
3869,516814.0,457592.0,0.0,0.0,1,1
3870,516814.0,457592.0,0.0,0.0,1,1
3871,516814.0,457592.0,0.0,0.0,1,1
3872,516814.0,457592.0,0.0,0.0,1,1
3873,516814.0,457592.0,0.0,0.0,1,1
3874,516814.0,457592.0,0.0,0.0,1,1
3875,516804.5,457592.0,0.0,0.0,1,1
3876,516804.5,457592.0,0.0,0.0,1,1
3877,516804.5,457592.0,0.0,0.0,1,1
3878,516804.5,457592.0,0.0,0.0,1,1
3879,516804.5,457592.0,0.0,0.0,1,1
3880,516804.5,457592.0,0.0,0.0,1,1
3881,516804.5,457592.0,0.0,0.0,1,1
3882,516804.5,457592.0,0.0,0.0,1,1
3883,516804.5,457592.0,0.0,0.0,1,1
3884,516804.5,457592.0,0.0,0.0,1,1
3885,517507.5,457592.0,0.0,0.0,1,1
3886,517507.5,457592.0,0.0,0.0,1,1
3887,517507.5,457592.0,0.0,0.0,1,1
3888,517507.5,457592.0,0.0,0.0,1,1
3889,517507.5,457592.0,0.0,0.0,1,1
3890,517507.5,457592.0,0.0,0.0,1,1
3891,517507.5,457592.0,0.0,0.0,1,1
3892,517507.5,457592.0,0.0,0.0,1,1
3893,517507.5,457592.0,0.0,0.0,1,1
3894,517507.5,457592.0,0.0,0.0,1,1
3895,517507.5,457592.0,0.0,0.0,1,1
3896,517507.5,457592.0,0.0,0.0,1,1
3897,517507.5,457592.0,0.0,0.0,1,1
3898,517507.5,457592.0,0.0,0.0,1,1
3899,517507.5,457592.0,0.0,0.0,1,1
3900,517507.5,457592.0,0.0,0.0,1,1
3901,517507.5,457592.0,0.0,0.0,1,1
3902,517716.0,457592.0,0.0,0.0,1,1
3903,517716.0,457592.0,0.0,0.0,1,1
3904,517716.0,457592.0,0.0,0.0,1,1
3905,517716.0,457592.0,0.0,0.0,1,1
3906,517716.0,457592.0,0.0,0.0,1,1
3907,517716.0,457592.0,0.0,0.0,1,1
3908,517716.0,457592.0,0.0,0.0,1,1
3909,517716.0,457592.0,0.0,0.0,1,1
3910,517716.0,457592.0,0.0,0.0,1,1
3911,517716.0,457592.0,0.0,0.0,1,1
3912,517716.0,457592.0,0.0,0.0,1,1
3913,517716.0,457592.0,0.0,0.0,1,1
3914,517716.0,457592.0,0.0,0.0,1,1
3915,517716.0,457592.0,0.0,0.0,1,1
3916,517716.0,457592.0,0.0,0.0,1,1
3917,517716.0,457592.0,0.0,0.0,1,1
3918,517716.0,457592.0,0.0,0.0,1,1
3919,517716.0,457592.0,0.0,0.0,1,1
3920,517716.0,457592.0,0.0,0.0,1,1
3921,517716.0,457592.0,0.0,0.0,1,1
3922,517716.0,457592.0,0.0,0.0,1,1
3923,517716.0,457592.0,0.0,0.0,1,1
3924,517716.0,457592.0,0.0,0.0,1,1
3925,517716.0,457592.0,0.0,0.0,1,1
3926,517716.0,457592.0,0.0,0.0,1,1
3927,517716.0,457592.0,0.0,0.0,1,1
3928,517716.0,457592.0,0.0,0.0,1,1
3929,517716.0,457592.0,0.0,0.0,1,1
3930,517716.0,457592.0,0.0,0.0,1,1
3931,517716.0,457592.0,0.0,0.0,1,1
3932,517716.0,457592.0,0.0,0.0,1,1
3933,517716.0,457592.0,0.0,0.0,1,1
3934,517716.0,457592.0,0.0,0.0,1,1
3935,517716.0,457592.0,0.0,0.0,1,1
3936,517716.0,457592.0,0.0,0.0,1,1
3937,517716.0,457592.0,0.0,0.0,1,1
3938,517716.0,457592.0,0.0,0.0,1,1
3939,517716.0,457592.0,0.0,0.0,1,1
3940,517716.0,457592.0,0.0,0.0,1,1
3941,517716.0,457592.0,0.0,0.0,1,1
3942,517716.0,457592.0,0.0,0.0,1,1
3943,517716.0,457592.0,0.0,0.0,1,1
3944,517716.0,457592.0,0.0,0.0,1,1
3945,517716.0,457592.0,0.0,0.0,1,1
3946,517716.0,457592.0,0.0,0.0,1,1
3947,517716.0,457592.0,0.0,0.0,1,1
3948,517716.0,457592.0,0.0,0.0,1,1
3949,517716.0,457592.0,0.0,0.0,1,1
3950,517716.0,457592.0,0.0,0.0,1,1
3951,517716.0,457592.0,0.0,0.0,1,1
3952,517716.0,457592.0,0.0,0.0,1,1
3953,517716.0,457592.0,0.0,0.0,1,1
3954,517716.0,457592.0,0.0,0.0,1,1
3955,517716.0,457592.0,0.0,0.0,1,1
3956,517716.0,457592.0,0.0,0.0,1,1
3957,517716.0,457592.0,0.0,0.0,1,1
3958,517716.0,457592.0,0.0,0.0,1,1
3959,517716.0,457592.0,0.0,0.0,1,1
3960,517716.0,457592.0,0.0,0.0,1,1
3961,517574.0,457592.0,0.0,0.0,1,1
3962,517574.0,457592.0,0.0,0.0,1,1
3963,517574.0,457592.0,0.0,0.0,1,1
3964,517574.0,457592.0,0.0,0.0,1,1
3965,517574.0,457592.0,0.0,0.0,1,1
3966,518114.0,457592.0,0.0,0.0,1,1
3967,518114.0,457592.0,0.0,0.0,1,1
3968,518114.0,457592.0,0.0,0.0,1,1
3969,518114.0,457592.0,0.0,0.0,1,1
3970,518114.0,457592.0,0.0,0.0,1,1
3971,518114.0,457592.0,0.0,0.0,1,1
3972,518114.0,457592.0,0.0,0.0,1,1
3973,518114.0,457592.0,0.0,0.0,1,1
3974,518114.0,457592.0,0.0,0.0,1,1
3975,518114.0,457592.0,0.0,0.0,1,1
3976,518114.0,457592.0,0.0,0.0,1,1
3977,518114.0,457592.0,0.0,0.0,1,1
3978,518114.0,457592.0,0.0,0.0,1,1
3979,518303.0,457592.0,0.0,0.0,1,1
3980,518303.0,457592.0,0.0,0.0,1,1
3981,518303.0,457592.0,0.0,0.0,1,1
3982,518303.0,457592.0,0.0,0.0,1,1
3983,518303.0,457592.0,0.0,0.0,1,1
3984,518303.0,457592.0,0.0,0.0,1,1
3985,518303.0,457592.0,0.0,0.0,1,1
3986,518303.0,457592.0,0.0,0.0,1,1
3987,518303.0,457592.0,0.0,0.0,1,1
3988,518303.0,457592.0,0.0,0.0,1,1
3989,518303.0,457592.0,0.0,0.0,1,1
3990,518303.0,457592.0,0.0,0.0,1,1
3991,518303.0,457592.0,0.0,0.0,1,1
3992,518303.0,457592.0,0.0,0.0,1,1
3993,518303.0,457592.0,0.0,0.0,1,1
3994,518303.0,457592.0,0.0,0.0,1,1
3995,518303.0,457592.0,0.0,0.0,1,1
3996,518303.0,457592.0,0.0,0.0,1,1
3997,518303.0,457592.0,0.0,0.0,1,1
3998,518303.0,457592.0,0.0,0.0,1,1
3999,518303.0,457592.0,0.0,0.0,1,1
4000,518303.0,457592.0,0.0,0.0,1,1
4001,518303.0,457592.0,0.0,0.0,1,1
4002,518303.0,457592.0,0.0,0.0,1,1
4003,518303.0,457592.0,0.0,0.0,1,1
4004,518303.0,457592.0,0.0,0.0,1,1
4005,518363.0,457592.0,0.0,0.0,1,1
4006,518363.0,457592.0,0.0,0.0,1,1
4007,518363.0,457592.0,0.0,0.0,1,1
4008,518363.0,457592.0,0.0,0.0,1,1
4009,518363.0,457592.0,0.0,0.0,1,1
4010,518363.0,457592.0,0.0,0.0,1,1
4011,518363.0,457592.0,0.0,0.0,1,1
4012,518363.0,457592.0,0.0,0.0,1,1
4013,518363.0,457592.0,0.0,0.0,1,1
4014,518363.0,457592.0,0.0,0.0,1,1
4015,518363.0,457592.0,0.0,0.0,1,1
4016,518363.0,457592.0,0.0,0.0,1,1
4017,518363.0,457592.0,0.0,0.0,1,1
4018,518363.0,457592.0,0.0,0.0,1,1
4019,518363.0,457592.0,0.0,0.0,1,1
4020,518363.0,457592.0,0.0,0.0,1,1
4021,518363.0,457592.0,0.0,0.0,1,1
4022,518363.0,457592.0,0.0,0.0,1,1
4023,518363.0,457592.0,0.0,0.0,1,1
4024,518363.0,457592.0,0.0,0.0,1,1
4025,518363.0,457592.0,0.0,0.0,1,1
4026,518363.0,457592.0,0.0,0.0,1,1
4027,518363.0,457592.0,0.0,0.0,1,1
4028,518363.0,457592.0,0.0,0.0,1,1
4029,518328.5,457592.0,0.0,0.0,1,1
4030,518328.5,457592.0,0.0,0.0,1,1
4031,518328.5,457592.0,0.0,0.0,1,1
4032,518267.0,457592.0,0.0,0.0,1,1
4033,518267.0,457592.0,0.0,0.0,1,1
4034,518267.0,457592.0,0.0,0.0,1,1
4035,518267.0,457592.0,0.0,0.0,1,1
4036,518267.0,457592.0,0.0,0.0,1,1
4037,518267.0,457592.0,0.0,0.0,1,1
4038,518267.0,457592.0,0.0,0.0,1,1
4039,518267.0,457592.0,0.0,0.0,1,1
4040,518267.0,457592.0,0.0,0.0,1,1
4041,518267.0,457592.0,0.0,0.0,1,1
4042,518267.0,457592.0,0.0,0.0,1,1
4043,518267.0,457592.0,0.0,0.0,1,1
4044,518267.0,457592.0,0.0,0.0,1,1
4045,518267.0,457592.0,0.0,0.0,1,1
4046,518267.0,457592.0,0.0,0.0,1,1
4047,518267.0,457592.0,0.0,0.0,1,1
4048,518267.0,457592.0,0.0,0.0,1,1
4049,518267.0,457592.0,0.0,0.0,1,1
4050,518267.0,457592.0,0.0,0.0,1,1
4051,518267.0,457592.0,0.0,0.0,1,1
4052,518267.0,457592.0,0.0,0.0,1,1
4053,518267.0,457592.0,0.0,0.0,1,1
4054,518267.0,457592.0,0.0,0.0,1,1
4055,518267.0,457592.0,0.0,0.0,1,1
4056,518267.0,457592.0,0.0,0.0,1,1
4057,518275.0,457592.0,0.0,0.0,1,1
4058,518275.0,457592.0,0.0,0.0,1,1
4059,518275.0,457592.0,0.0,0.0,1,1
4060,518275.0,457592.0,0.0,0.0,1,1
4061,518275.0,457592.0,0.0,0.0,1,1
4062,518275.0,457592.0,0.0,0.0,1,1
4063,518275.0,457592.0,0.0,0.0,1,1
4064,518275.0,457592.0,0.0,0.0,1,1
4065,518275.0,457592.0,0.0,0.0,1,1
4066,518275.0,457592.0,0.0,0.0,1,1
4067,518275.0,457592.0,0.0,0.0,1,1
4068,518275.0,457592.0,0.0,0.0,1,1
4069,518275.0,457592.0,0.0,0.0,1,1
4070,518275.0,457592.0,0.0,0.0,1,1
4071,518275.0,457592.0,0.0,0.0,1,1
4072,518275.0,457592.0,0.0,0.0,1,1
4073,517614.5,457592.0,0.0,0.0,1,1
4074,517614.5,457592.0,0.0,0.0,1,1
4075,517614.5,457592.0,0.0,0.0,1,1
4076,517614.5,457592.0,0.0,0.0,1,1
4077,517614.5,457592.0,0.0,0.0,1,1
4078,517614.5,457592.0,0.0,0.0,1,1
4079,517612.5,457592.0,0.0,0.0,1,1
4080,517612.5,457592.0,0.0,0.0,1,1
4081,517612.5,457592.0,0.0,0.0,1,1
4082,517612.5,457592.0,0.0,0.0,1,1
4083,517612.5,457592.0,0.0,0.0,1,1
4084,517612.5,457592.0,0.0,0.0,1,1
4085,517612.5,457592.0,0.0,0.0,1,1
4086,517612.5,457592.0,0.0,0.0,1,1
4087,517612.5,457592.0,0.0,0.0,1,1
4088,517612.5,457592.0,0.0,0.0,1,1
4089,517612.5,457592.0,0.0,0.0,1,1
4090,517612.5,457592.0,0.0,0.0,1,1
4091,517612.5,457592.0,0.0,0.0,1,1
4092,517612.5,457592.0,0.0,0.0,1,1
4093,517612.5,457592.0,0.0,0.0,1,1
4094,517612.5,457592.0,0.0,0.0,1,1
4095,517612.5,457592.0,0.0,0.0,1,1
4096,517612.5,457592.0,0.0,0.0,1,1
4097,517612.5,457592.0,0.0,0.0,1,1
4098,517612.5,457592.0,0.0,0.0,1,1
4099,517612.5,457592.0,0.0,0.0,1,1
4100,517612.5,457592.0,0.0,0.0,1,1
4101,517612.5,457592.0,0.0,0.0,1,1
4102,517612.5,457592.0,0.0,0.0,1,1
4103,517612.5,457592.0,0.0,0.0,1,1
4104,517612.5,457592.0,0.0,0.0,1,1
4105,517612.5,457592.0,0.0,0.0,1,1
4106,517612.5,457592.0,0.0,0.0,1,1
4107,517612.5,457592.0,0.0,0.0,1,1
4108,517612.5,457592.0,0.0,0.0,1,1
4109,517612.5,457592.0,0.0,0.0,1,1
4110,517612.5,457592.0,0.0,0.0,1,1
4111,517612.5,457592.0,0.0,0.0,1,1
4112,517612.5,457592.0,0.0,0.0,1,1
4113,517691.0,457592.0,0.0,0.0,1,1
4114,517691.0,457592.0,0.0,0.0,1,1
4115,517691.0,457592.0,0.0,0.0,1,1
4116,517691.0,457592.0,0.0,0.0,1,1
4117,517691.0,457592.0,0.0,0.0,1,1
4118,517691.0,457592.0,0.0,0.0,1,1
4119,517691.0,457592.0,0.0,0.0,1,1
4120,517691.0,457592.0,0.0,0.0,1,1
4121,517691.0,457592.0,0.0,0.0,1,1
4122,517691.0,457592.0,0.0,0.0,1,1
4123,517691.0,457592.0,0.0,0.0,1,1
4124,517691.0,457592.0,0.0,0.0,1,1
4125,517691.0,457592.0,0.0,0.0,1,1
4126,517691.0,457592.0,0.0,0.0,1,1
4127,517691.0,457592.0,0.0,0.0,1,1
4128,517691.0,457592.0,0.0,0.0,1,1
4129,517691.0,457592.0,0.0,0.0,1,1
4130,517691.0,457592.0,0.0,0.0,1,1
4131,517691.0,457592.0,0.0,0.0,1,1
4132,517691.0,457592.0,0.0,0.0,1,1
4133,517691.0,457592.0,0.0,0.0,1,1
4134,517691.0,457592.0,0.0,0.0,1,1
4135,517691.0,457592.0,0.0,0.0,1,1
4136,517691.0,457592.0,0.0,0.0,1,1
4137,517764.0,457592.0,0.0,0.0,1,1
4138,517764.0,457592.0,0.0,0.0,1,1
4139,517764.0,457592.0,0.0,0.0,1,1
4140,517748.0,457592.0,0.0,0.0,1,1
4141,518497.0,457592.0,0.0,0.0,1,1
4142,518497.0,457592.0,0.0,0.0,1,1
4143,518497.0,457592.0,0.0,0.0,1,1
4144,518497.0,457592.0,0.0,0.0,1,1
4145,518513.0,457592.0,0.0,0.0,1,1
4146,518604.0,457592.0,0.0,0.0,1,1
4147,518604.0,457592.0,0.0,0.0,1,1
4148,518604.0,457592.0,0.0,0.0,1,1
4149,518604.0,457592.0,0.0,0.0,1,1
4150,518604.0,457592.0,0.0,0.0,1,1
4151,518604.0,457592.0,0.0,0.0,1,1
4152,518604.0,457592.0,0.0,0.0,1,1
4153,518604.0,457592.0,0.0,0.0,1,1
4154,518604.0,457592.0,0.0,0.0,1,1
4155,518604.0,457592.0,0.0,0.0,1,1
4156,518604.0,457592.0,0.0,0.0,1,1
4157,518604.0,457592.0,0.0,0.0,1,1
4158,518604.0,457592.0,0.0,0.0,1,1
4159,518604.0,457592.0,0.0,0.0,1,1
4160,518604.0,457592.0,0.0,0.0,1,1
4161,518604.0,457592.0,0.0,0.0,1,1
4162,518604.0,457592.0,0.0,0.0,1,1
4163,518604.0,457592.0,0.0,0.0,1,1
4164,518604.0,457592.0,0.0,0.0,1,1
4165,518604.0,457592.0,0.0,0.0,1,1
4166,518604.0,457592.0,0.0,0.0,1,1
4167,518604.0,457592.0,0.0,0.0,1,1
4168,518604.0,457592.0,0.0,0.0,1,1
4169,518604.0,457592.0,0.0,0.0,1,1
4170,518604.0,457592.0,0.0,0.0,1,1
4171,518604.0,457592.0,0.0,0.0,1,1
4172,518604.0,457592.0,0.0,0.0,1,1
4173,518901.5,457592.0,0.0,0.0,1,1
4174,518901.5,457592.0,0.0,0.0,1,1
4175,518901.5,457592.0,0.0,0.0,1,1
4176,518901.5,457592.0,0.0,0.0,1,1
4177,518901.5,457592.0,0.0,0.0,1,1
4178,518901.5,457592.0,0.0,0.0,1,1
4179,518901.5,457592.0,0.0,0.0,1,1
4180,518901.5,457592.0,0.0,0.0,1,1
4181,518901.5,457592.0,0.0,0.0,1,1
4182,518901.5,457592.0,0.0,0.0,1,1
4183,518901.5,457592.0,0.0,0.0,1,1
4184,518901.5,457592.0,0.0,0.0,1,1
4185,518901.5,457592.0,0.0,0.0,1,1
4186,518899.5,457592.0,0.0,0.0,1,1
4187,518899.5,457592.0,0.0,0.0,1,1
4188,518899.5,457592.0,0.0,0.0,1,1
4189,518899.5,457592.0,0.0,0.0,1,1
4190,518899.5,457592.0,0.0,0.0,1,1
4191,518899.5,457592.0,0.0,0.0,1,1
4192,518906.0,457592.0,0.0,0.0,1,1
4193,518906.0,457592.0,0.0,0.0,1,1
4194,519001.5,457592.0,0.0,0.0,1,1
4195,519001.5,457592.0,0.0,0.0,1,1
4196,519001.5,457592.0,0.0,0.0,1,1
4197,518352.5,457592.0,0.0,0.0,1,1
4198,518352.5,457592.0,0.0,0.0,1,1
4199,518352.5,457592.0,0.0,0.0,1,1
4200,518352.5,457592.0,0.0,0.0,1,1
4201,518352.5,457592.0,0.0,0.0,1,1
4202,518352.5,457592.0,0.0,0.0,1,1
4203,518352.5,457592.0,0.0,0.0,1,1
4204,518352.5,457592.0,0.0,0.0,1,1
4205,518352.5,457592.0,0.0,0.0,1,1
4206,518352.5,457592.0,0.0,0.0,1,1
4207,518352.5,457592.0,0.0,0.0,1,1
4208,518352.5,457592.0,0.0,0.0,1,1
4209,518352.5,457592.0,0.0,0.0,1,1
4210,518352.5,457592.0,0.0,0.0,1,1
4211,518352.5,457592.0,0.0,0.0,1,1
4212,518352.5,457592.0,0.0,0.0,1,1
4213,518352.5,457592.0,0.0,0.0,1,1
4214,518352.5,457592.0,0.0,0.0,1,1
4215,518352.5,457592.0,0.0,0.0,1,1
4216,518352.5,457592.0,0.0,0.0,1,1
4217,518352.5,457592.0,0.0,0.0,1,1
4218,518352.5,457592.0,0.0,0.0,1,1
4219,518352.5,457592.0,0.0,0.0,1,1
4220,518352.5,457592.0,0.0,0.0,1,1
4221,518352.5,457592.0,0.0,0.0,1,1
4222,518352.5,457592.0,0.0,0.0,1,1
4223,518352.5,457592.0,0.0,0.0,1,1
4224,518352.5,457592.0,0.0,0.0,1,1
4225,518352.5,457592.0,0.0,0.0,1,1
4226,518352.5,457592.0,0.0,0.0,1,1
4227,518352.5,457592.0,0.0,0.0,1,1
4228,518352.5,457592.0,0.0,0.0,1,1
4229,518352.5,457592.0,0.0,0.0,1,1
4230,518352.5,457592.0,0.0,0.0,1,1
4231,518352.5,457592.0,0.0,0.0,1,1
4232,518352.5,457592.0,0.0,0.0,1,1
4233,518352.5,457592.0,0.0,0.0,1,1
4234,518352.5,457592.0,0.0,0.0,1,1
4235,518352.5,457592.0,0.0,0.0,1,1
4236,518352.5,457592.0,0.0,0.0,1,1
4237,518352.5,457592.0,0.0,0.0,1,1
4238,518352.5,457592.0,0.0,0.0,1,1
4239,518352.5,457592.0,0.0,0.0,1,1
4240,518352.5,457592.0,0.0,0.0,1,1
4241,518352.5,457592.0,0.0,0.0,1,1
4242,518352.5,457592.0,0.0,0.0,1,1
4243,518352.5,457592.0,0.0,0.0,1,1
4244,518352.5,457592.0,0.0,0.0,1,1
4245,518352.5,457592.0,0.0,0.0,1,1
4246,518352.5,457592.0,0.0,0.0,1,1
4247,518352.5,457592.0,0.0,0.0,1,1
4248,518352.5,457592.0,0.0,0.0,1,1
4249,518352.5,457592.0,0.0,0.0,1,1
4250,518352.5,457592.0,0.0,0.0,1,1
4251,518352.5,457592.0,0.0,0.0,1,1
4252,518352.5,457592.0,0.0,0.0,1,1
4253,518352.5,457592.0,0.0,0.0,1,1
4254,518352.5,457592.0,0.0,0.0,1,1
4255,518352.5,457592.0,0.0,0.0,1,1
4256,518352.5,457592.0,0.0,0.0,1,1
4257,518352.5,457592.0,0.0,0.0,1,1
4258,518352.5,457592.0,0.0,0.0,1,1
4259,518352.5,457592.0,0.0,0.0,1,1
4260,518352.5,457592.0,0.0,0.0,1,1
4261,518352.5,457592.0,0.0,0.0,1,1
4262,518352.5,457592.0,0.0,0.0,1,1
4263,518352.5,457592.0,0.0,0.0,1,1
4264,518352.5,457592.0,0.0,0.0,1,1
4265,518352.5,457592.0,0.0,0.0,1,1
4266,518352.5,457592.0,0.0,0.0,1,1
4267,518352.5,457592.0,0.0,0.0,1,1
4268,518352.5,457592.0,0.0,0.0,1,1
4269,518352.5,457592.0,0.0,0.0,1,1
4270,518352.5,457592.0,0.0,0.0,1,1
4271,518352.5,457592.0,0.0,0.0,1,1
4272,518352.5,457592.0,0.0,0.0,1,1
4273,518352.5,457592.0,0.0,0.0,1,1
4274,518352.5,457592.0,0.0,0.0,1,1
4275,518352.5,457592.0,0.0,0.0,1,1
4276,518352.5,457592.0,0.0,0.0,1,1
4277,518352.5,457592.0,0.0,0.0,1,1
4278,518352.5,457592.0,0.0,0.0,1,1
4279,518352.5,457592.0,0.0,0.0,1,1
4280,518352.5,457592.0,0.0,0.0,1,1
4281,518352.5,457592.0,0.0,0.0,1,1
4282,518352.5,457592.0,0.0,0.0,1,1
4283,518352.5,457592.0,0.0,0.0,1,1
4284,518352.5,457592.0,0.0,0.0,1,1
4285,518352.5,457592.0,0.0,0.0,1,1
4286,518352.5,457592.0,0.0,0.0,1,1
4287,518352.5,457592.0,0.0,0.0,1,1
4288,518352.5,457592.0,0.0,0.0,1,1
4289,518352.5,457592.0,0.0,0.0,1,1
4290,518352.5,457592.0,0.0,0.0,1,1
4291,518352.5,457592.0,0.0,0.0,1,1
4292,518352.5,457592.0,0.0,0.0,1,1
4293,518352.5,457592.0,0.0,0.0,1,1
4294,518352.5,457592.0,0.0,0.0,1,1
4295,518352.5,457592.0,0.0,0.0,1,1
4296,518352.5,457592.0,0.0,0.0,1,1
4297,518352.5,457592.0,0.0,0.0,1,1
4298,518609.5,457592.0,0.0,0.0,1,1
4299,518609.5,457592.0,0.0,0.0,1,1
4300,518609.5,457592.0,0.0,0.0,1,1
4301,518609.5,457592.0,0.0,0.0,1,1
4302,518609.5,457592.0,0.0,0.0,1,1
4303,518609.5,457592.0,0.0,0.0,1,1
4304,518609.5,457592.0,0.0,0.0,1,1
4305,518609.5,457592.0,0.0,0.0,1,1
4306,518609.5,457592.0,0.0,0.0,1,1
4307,518609.5,457592.0,0.0,0.0,1,1
4308,518609.5,457592.0,0.0,0.0,1,1
4309,518609.5,457592.0,0.0,0.0,1,1
4310,518609.5,457592.0,0.0,0.0,1,1
4311,518609.5,457592.0,0.0,0.0,1,1
4312,518609.5,457592.0,0.0,0.0,1,1
4313,518609.5,457592.0,0.0,0.0,1,1
4314,518609.5,457592.0,0.0,0.0,1,1
4315,518609.5,457592.0,0.0,0.0,1,1
4316,518609.5,457592.0,0.0,0.0,1,1
4317,518609.5,457592.0,0.0,0.0,1,1
4318,514859.0,457592.0,0.0,0.0,1,1
4319,514859.0,457592.0,0.0,0.0,1,1
4320,514859.0,457592.0,0.0,0.0,1,1
4321,514859.0,457592.0,0.0,0.0,1,1
4322,514821.0,457592.0,0.0,0.0,1,1
4323,514821.0,457592.0,0.0,0.0,1,1
4324,514821.0,457592.0,0.0,0.0,1,1
4325,514821.0,457592.0,0.0,0.0,1,1
4326,514821.0,457592.0,0.0,0.0,1,1
4327,514821.0,457592.0,0.0,0.0,1,1
4328,514821.0,457592.0,0.0,0.0,1,1
4329,514821.0,457592.0,0.0,0.0,1,1
4330,514821.0,457592.0,0.0,0.0,1,1
4331,514821.0,457592.0,0.0,0.0,1,1
4332,515211.5,457592.0,0.0,0.0,1,1
4333,515211.5,457592.0,0.0,0.0,1,1
4334,515211.5,457592.0,0.0,0.0,1,1
4335,515211.5,457592.0,0.0,0.0,1,1
4336,515211.5,457592.0,0.0,0.0,1,1
4337,515211.5,457592.0,0.0,0.0,1,1
4338,515211.5,457592.0,0.0,0.0,1,1
4339,515211.5,457592.0,0.0,0.0,1,1
4340,515211.5,457592.0,0.0,0.0,1,1
4341,515211.5,457592.0,0.0,0.0,1,1
4342,515560.0,457592.0,0.0,0.0,1,1
4343,515560.0,457592.0,0.0,0.0,1,1
4344,515560.0,457592.0,0.0,0.0,1,1
4345,515560.0,457592.0,0.0,0.0,1,1
4346,515560.0,457592.0,0.0,0.0,1,1
4347,515560.0,457592.0,0.0,0.0,1,1
4348,515560.0,457592.0,0.0,0.0,1,1
4349,515560.0,457592.0,0.0,0.0,1,1
4350,515560.0,457592.0,0.0,0.0,1,1
4351,515560.0,457592.0,0.0,0.0,1,1
4352,515560.0,457592.0,0.0,0.0,1,1
4353,515560.0,457592.0,0.0,0.0,1,1
4354,515560.0,457592.0,0.0,0.0,1,1
4355,515560.0,457592.0,0.0,0.0,1,1
4356,515560.0,457592.0,0.0,0.0,1,1
4357,515560.0,457592.0,0.0,0.0,1,1
4358,515560.0,457592.0,0.0,0.0,1,1
4359,515560.0,457592.0,0.0,0.0,1,1
4360,516043.0,457592.0,0.0,0.0,1,1
4361,516043.0,457592.0,0.0,0.0,1,1
4362,516043.0,457592.0,0.0,0.0,1,1
4363,516043.0,457592.0,0.0,0.0,1,1
4364,516043.0,457592.0,0.0,0.0,1,1
4365,516043.0,457592.0,0.0,0.0,1,1
4366,516043.0,457592.0,0.0,0.0,1,1
4367,516043.0,457592.0,0.0,0.0,1,1
4368,516043.0,457592.0,0.0,0.0,1,1
4369,516043.0,457592.0,0.0,0.0,1,1
4370,516043.0,457592.0,0.0,0.0,1,1
4371,516043.0,457592.0,0.0,0.0,1,1
4372,516043.0,457592.0,0.0,0.0,1,1
4373,516043.0,457592.0,0.0,0.0,1,1
4374,516043.0,457592.0,0.0,0.0,1,1
4375,516043.0,457592.0,0.0,0.0,1,1
4376,516043.0,457592.0,0.0,0.0,1,1
4377,516043.0,457592.0,0.0,0.0,1,1
4378,516043.0,457592.0,0.0,0.0,1,1
4379,516043.0,457592.0,0.0,0.0,1,1
4380,516043.0,457592.0,0.0,0.0,1,1
4381,516043.0,457592.0,0.0,0.0,1,1
4382,516043.0,457592.0,0.0,0.0,1,1
4383,516043.0,457592.0,0.0,0.0,1,1
4384,516043.0,457592.0,0.0,0.0,1,1
4385,516043.0,457592.0,0.0,0.0,1,1
4386,516043.0,457592.0,0.0,0.0,1,1
4387,516043.0,457592.0,0.0,0.0,1,1
4388,516043.0,457592.0,0.0,0.0,1,1
4389,516043.0,457592.0,0.0,0.0,1,1
4390,516043.0,457592.0,0.0,0.0,1,1
4391,516043.0,457592.0,0.0,0.0,1,1
4392,516043.0,457592.0,0.0,0.0,1,1
4393,516043.0,457592.0,0.0,0.0,1,1
4394,516043.0,457592.0,0.0,0.0,1,1
4395,516043.0,457592.0,0.0,0.0,1,1
4396,516043.0,457592.0,0.0,0.0,1,1
4397,516043.0,457592.0,0.0,0.0,1,1
4398,516043.0,457592.0,0.0,0.0,1,1
4399,516043.0,457592.0,0.0,0.0,1,1
4400,516043.0,457592.0,0.0,0.0,1,1
4401,516043.0,457592.0,0.0,0.0,1,1
4402,516043.0,457592.0,0.0,0.0,1,1
4403,516043.0,457592.0,0.0,0.0,1,1
4404,516043.0,457592.0,0.0,0.0,1,1
4405,516043.0,457592.0,0.0,0.0,1,1
4406,516043.0,457592.0,0.0,0.0,1,1
4407,516043.0,457592.0,0.0,0.0,1,1
4408,516043.0,457592.0,0.0,0.0,1,1
4409,516043.0,457592.0,0.0,0.0,1,1
4410,516043.0,457592.0,0.0,0.0,1,1
4411,516043.0,457592.0,0.0,0.0,1,1
4412,516043.0,457592.0,0.0,0.0,1,1
4413,516043.0,457592.0,0.0,0.0,1,1
4414,516043.0,457592.0,0.0,0.0,1,1
4415,516043.0,457592.0,0.0,0.0,1,1
4416,516043.0,457592.0,0.0,0.0,1,1
4417,516043.0,457592.0,0.0,0.0,1,1
4418,516043.0,457592.0,0.0,0.0,1,1
4419,516043.0,457592.0,0.0,0.0,1,1
4420,516043.0,457592.0,0.0,0.0,1,1
4421,516043.0,457592.0,0.0,0.0,1,1
4422,516043.0,457592.0,0.0,0.0,1,1
4423,516043.0,457592.0,0.0,0.0,1,1
4424,516043.0,457592.0,0.0,0.0,1,1
4425,516043.0,457592.0,0.0,0.0,1,1
4426,516043.0,457592.0,0.0,0.0,1,1
4427,516043.0,457592.0,0.0,0.0,1,1
4428,516043.0,457592.0,0.0,0.0,1,1
4429,516043.0,457592.0,0.0,0.0,1,1
4430,516043.0,457592.0,0.0,0.0,1,1
4431,516043.0,457592.0,0.0,0.0,1,1
4432,516043.0,457592.0,0.0,0.0,1,1
4433,516043.0,457592.0,0.0,0.0,1,1
4434,516043.0,457592.0,0.0,0.0,1,1
4435,516015.0,457592.0,0.0,0.0,1,1
4436,516008.5,457592.0,0.0,0.0,1,1
4437,516008.5,457592.0,0.0,0.0,1,1
4438,516008.5,457592.0,0.0,0.0,1,1
4439,516008.5,457592.0,0.0,0.0,1,1
4440,516008.5,457592.0,0.0,0.0,1,1
4441,516008.5,457592.0,0.0,0.0,1,1
4442,516008.5,457592.0,0.0,0.0,1,1
4443,516008.5,457592.0,0.0,0.0,1,1
4444,516186.5,457592.0,0.0,0.0,1,1
4445,516186.5,457592.0,0.0,0.0,1,1
4446,516186.5,457592.0,0.0,0.0,1,1
4447,516186.5,457592.0,0.0,0.0,1,1
4448,516186.5,457592.0,0.0,0.0,1,1
4449,516186.5,457592.0,0.0,0.0,1,1
4450,516186.5,457592.0,0.0,0.0,1,1
4451,516186.5,457592.0,0.0,0.0,1,1
4452,516186.5,457592.0,0.0,0.0,1,1
4453,516186.5,457592.0,0.0,0.0,1,1
4454,516186.5,457592.0,0.0,0.0,1,1
4455,516186.5,457592.0,0.0,0.0,1,1
4456,516186.5,457592.0,0.0,0.0,1,1
4457,516186.5,457592.0,0.0,0.0,1,1
4458,516186.5,457592.0,0.0,0.0,1,1
4459,516186.5,457592.0,0.0,0.0,1,1
4460,516186.5,457592.0,0.0,0.0,1,1
4461,516186.5,457592.0,0.0,0.0,1,1
4462,516186.5,457592.0,0.0,0.0,1,1
4463,516186.5,457592.0,0.0,0.0,1,1
4464,516186.5,457592.0,0.0,0.0,1,1
4465,516186.5,457592.0,0.0,0.0,1,1
4466,516186.5,457592.0,0.0,0.0,1,1
4467,516186.5,457592.0,0.0,0.0,1,1
4468,516186.5,457592.0,0.0,0.0,1,1
4469,516186.5,457592.0,0.0,0.0,1,1
4470,516186.5,457592.0,0.0,0.0,1,1
4471,516186.5,457592.0,0.0,0.0,1,1
4472,516186.5,457592.0,0.0,0.0,1,1
4473,516186.5,457592.0,0.0,0.0,1,1
4474,516186.5,457592.0,0.0,0.0,1,1
4475,516186.5,457592.0,0.0,0.0,1,1
4476,516186.5,457592.0,0.0,0.0,1,1
4477,516186.5,457592.0,0.0,0.0,1,1
4478,516186.5,457592.0,0.0,0.0,1,1
4479,516186.5,457592.0,0.0,0.0,1,1
4480,516186.5,457592.0,0.0,0.0,1,1
4481,516186.5,457592.0,0.0,0.0,1,1
4482,516186.5,457592.0,0.0,0.0,1,1
4483,516186.5,457592.0,0.0,0.0,1,1
4484,516186.5,457592.0,0.0,0.0,1,1
4485,516186.5,457592.0,0.0,0.0,1,1
4486,516186.5,457592.0,0.0,0.0,1,1
4487,516186.5,457592.0,0.0,0.0,1,1
4488,516186.5,457592.0,0.0,0.0,1,1
4489,516186.5,457592.0,0.0,0.0,1,1
4490,516186.5,457592.0,0.0,0.0,1,1
4491,516186.5,457592.0,0.0,0.0,1,1
4492,516186.5,457592.0,0.0,0.0,1,1
4493,516186.5,457592.0,0.0,0.0,1,1
4494,516186.5,457592.0,0.0,0.0,1,1
4495,516186.5,457592.0,0.0,0.0,1,1
4496,516186.5,457592.0,0.0,0.0,1,1
4497,516186.5,457592.0,0.0,0.0,1,1
4498,516186.5,457592.0,0.0,0.0,1,1
4499,516186.5,457592.0,0.0,0.0,1,1
4500,516186.5,457592.0,0.0,0.0,1,1
4501,516186.5,457592.0,0.0,0.0,1,1
4502,516186.5,457592.0,0.0,0.0,1,1
4503,516186.5,457592.0,0.0,0.0,1,1
4504,516186.5,457592.0,0.0,0.0,1,1
4505,516186.5,457592.0,0.0,0.0,1,1
4506,516186.5,457592.0,0.0,0.0,1,1
4507,516186.5,457592.0,0.0,0.0,1,1
4508,516186.5,457592.0,0.0,0.0,1,1
4509,516166.0,457592.0,0.0,0.0,1,1
4510,516166.0,457592.0,0.0,0.0,1,1
4511,516166.0,457592.0,0.0,0.0,1,1
4512,516166.0,457592.0,0.0,0.0,1,1
4513,516166.0,457592.0,0.0,0.0,1,1
4514,516166.0,457592.0,0.0,0.0,1,1
4515,516166.0,457592.0,0.0,0.0,1,1
4516,516166.0,457592.0,0.0,0.0,1,1
4517,516166.0,457592.0,0.0,0.0,1,1
4518,516166.0,457592.0,0.0,0.0,1,1
4519,516166.0,457592.0,0.0,0.0,1,1
4520,516166.0,457592.0,0.0,0.0,1,1
4521,516166.0,457592.0,0.0,0.0,1,1
4522,516166.0,457592.0,0.0,0.0,1,1
4523,516166.0,457592.0,0.0,0.0,1,1
4524,516166.0,457592.0,0.0,0.0,1,1
4525,516166.0,457592.0,0.0,0.0,1,1
4526,515973.5,457592.0,0.0,0.0,1,1
4527,515973.5,457592.0,0.0,0.0,1,1
4528,515973.5,457592.0,0.0,0.0,1,1
4529,515973.5,457592.0,0.0,0.0,1,1
4530,515973.5,457592.0,0.0,0.0,1,1
4531,515973.5,457592.0,0.0,0.0,1,1
4532,515973.5,457592.0,0.0,0.0,1,1
4533,515683.0,457592.0,0.0,0.0,1,1
4534,515683.0,457592.0,0.0,0.0,1,1
4535,515683.0,457592.0,0.0,0.0,1,1
4536,515683.0,457592.0,0.0,0.0,1,1
4537,515683.0,457592.0,0.0,0.0,1,1
4538,515683.0,457592.0,0.0,0.0,1,1
4539,515683.0,457592.0,0.0,0.0,1,1
4540,515683.0,457592.0,0.0,0.0,1,1
4541,515683.0,457592.0,0.0,0.0,1,1
4542,515683.0,457592.0,0.0,0.0,1,1
4543,515683.0,457592.0,0.0,0.0,1,1
4544,515683.0,457592.0,0.0,0.0,1,1
4545,515683.0,457592.0,0.0,0.0,1,1
4546,515683.0,457592.0,0.0,0.0,1,1
4547,515683.0,457592.0,0.0,0.0,1,1
4548,515683.0,457592.0,0.0,0.0,1,1
4549,515683.0,457592.0,0.0,0.0,1,1
4550,515683.0,457592.0,0.0,0.0,1,1
4551,515876.0,457592.0,0.0,0.0,1,1
4552,515876.0,457592.0,0.0,0.0,1,1
4553,515876.0,457592.0,0.0,0.0,1,1
4554,515876.0,457592.0,0.0,0.0,1,1
4555,515876.0,457592.0,0.0,0.0,1,1
4556,515876.0,457592.0,0.0,0.0,1,1
4557,515876.0,457592.0,0.0,0.0,1,1
4558,515876.0,457592.0,0.0,0.0,1,1
4559,515876.0,457592.0,0.0,0.0,1,1
4560,515876.0,457592.0,0.0,0.0,1,1
4561,515876.0,457592.0,0.0,0.0,1,1
4562,515876.0,457592.0,0.0,0.0,1,1
4563,515876.0,457592.0,0.0,0.0,1,1
4564,515876.0,457592.0,0.0,0.0,1,1
4565,515876.0,457592.0,0.0,0.0,1,1
4566,515876.0,457592.0,0.0,0.0,1,1
4567,515876.0,457592.0,0.0,0.0,1,1
4568,515876.0,457592.0,0.0,0.0,1,1
4569,515876.0,457592.0,0.0,0.0,1,1
4570,515876.0,457592.0,0.0,0.0,1,1
4571,515876.0,457592.0,0.0,0.0,1,1
4572,515876.0,457592.0,0.0,0.0,1,1
4573,515876.0,457592.0,0.0,0.0,1,1
4574,515876.0,457592.0,0.0,0.0,1,1
4575,515876.0,457592.0,0.0,0.0,1,1
4576,515876.0,457592.0,0.0,0.0,1,1
4577,515876.0,457592.0,0.0,0.0,1,1
4578,516962.0,457592.0,0.0,0.0,1,1
4579,516962.0,457592.0,0.0,0.0,1,1
4580,516962.0,457592.0,0.0,0.0,1,1
4581,516962.0,457592.0,0.0,0.0,1,1
4582,516962.0,457592.0,0.0,0.0,1,1
4583,516962.0,457592.0,0.0,0.0,1,1
4584,516962.0,457592.0,0.0,0.0,1,1
4585,516962.0,457592.0,0.0,0.0,1,1
4586,516962.0,457592.0,0.0,0.0,1,1
4587,516962.0,457592.0,0.0,0.0,1,1
4588,516858.5,457592.0,0.0,0.0,1,1
4589,516858.5,457592.0,0.0,0.0,1,1
4590,516858.5,457592.0,0.0,0.0,1,1
4591,516858.5,457592.0,0.0,0.0,1,1
4592,516858.5,457592.0,0.0,0.0,1,1
4593,516858.5,457592.0,0.0,0.0,1,1
4594,516858.5,457592.0,0.0,0.0,1,1
4595,516858.5,457592.0,0.0,0.0,1,1
4596,516858.5,457592.0,0.0,0.0,1,1
4597,516858.5,457592.0,0.0,0.0,1,1
4598,516858.5,457592.0,0.0,0.0,1,1
4599,516858.5,457592.0,0.0,0.0,1,1
4600,516858.5,457592.0,0.0,0.0,1,1
4601,516858.5,457592.0,0.0,0.0,1,1
4602,516858.5,457592.0,0.0,0.0,1,1
4603,516858.5,457592.0,0.0,0.0,1,1
4604,516858.5,457592.0,0.0,0.0,1,1
4605,516943.5,457592.0,0.0,0.0,1,1
4606,515828.0,457592.0,0.0,0.0,1,1
4607,515828.0,457592.0,0.0,0.0,1,1
4608,515828.0,457592.0,0.0,0.0,1,1
4609,515828.0,457592.0,0.0,0.0,1,1
4610,515828.0,457592.0,0.0,0.0,1,1
4611,515828.0,457592.0,0.0,0.0,1,1
4612,515828.0,457592.0,0.0,0.0,1,1
4613,515828.0,457592.0,0.0,0.0,1,1
4614,515828.0,457592.0,0.0,0.0,1,1
4615,515828.0,457592.0,0.0,0.0,1,1
4616,515828.0,457592.0,0.0,0.0,1,1
4617,515828.0,457592.0,0.0,0.0,1,1
4618,515828.0,457592.0,0.0,0.0,1,1
4619,515828.0,457592.0,0.0,0.0,1,1
4620,515828.0,457592.0,0.0,0.0,1,1
4621,515828.0,457592.0,0.0,0.0,1,1
4622,515828.0,457592.0,0.0,0.0,1,1
4623,515828.0,457592.0,0.0,0.0,1,1
4624,515828.0,457592.0,0.0,0.0,1,1
4625,515828.0,457592.0,0.0,0.0,1,1
4626,515828.0,457592.0,0.0,0.0,1,1
4627,515828.0,457592.0,0.0,0.0,1,1
4628,515828.0,457592.0,0.0,0.0,1,1
4629,515828.0,457592.0,0.0,0.0,1,1
4630,515828.0,457592.0,0.0,0.0,1,1
4631,515828.0,457592.0,0.0,0.0,1,1
4632,515828.0,457592.0,0.0,0.0,1,1
4633,515828.0,457592.0,0.0,0.0,1,1
4634,515828.0,457592.0,0.0,0.0,1,1
4635,515828.0,457592.0,0.0,0.0,1,1
4636,515828.0,457592.0,0.0,0.0,1,1
4637,515828.0,457592.0,0.0,0.0,1,1
4638,515828.0,457592.0,0.0,0.0,1,1
4639,515828.0,457592.0,0.0,0.0,1,1
4640,515828.0,457592.0,0.0,0.0,1,1
4641,515828.0,457592.0,0.0,0.0,1,1
4642,515828.0,457592.0,0.0,0.0,1,1
4643,515828.0,457592.0,0.0,0.0,1,1
4644,515828.0,457592.0,0.0,0.0,1,1
4645,515828.0,457592.0,0.0,0.0,1,1
4646,517511.5,457592.0,0.0,0.0,1,1
4647,517511.5,457592.0,0.0,0.0,1,1
4648,517511.5,457592.0,0.0,0.0,1,1
4649,517411.0,457592.0,0.0,0.0,1,1
4650,516786.5,457592.0,0.0,0.0,1,1
4651,516786.5,457592.0,0.0,0.0,1,1
4652,516786.5,457592.0,0.0,0.0,1,1
4653,516584.0,457592.0,0.0,0.0,1,1
4654,516584.0,457592.0,0.0,0.0,1,1
4655,516584.0,457592.0,0.0,0.0,1,1
4656,516584.0,457592.0,0.0,0.0,1,1
4657,516584.0,457592.0,0.0,0.0,1,1
4658,516584.0,457592.0,0.0,0.0,1,1
4659,516584.0,457592.0,0.0,0.0,1,1
4660,516584.0,457592.0,0.0,0.0,1,1
4661,516584.0,457592.0,0.0,0.0,1,1
4662,516584.0,457592.0,0.0,0.0,1,1
4663,516584.0,457592.0,0.0,0.0,1,1
4664,516584.0,457592.0,0.0,0.0,1,1
4665,516584.0,457592.0,0.0,0.0,1,1
4666,516584.0,457592.0,0.0,0.0,1,1
4667,516584.0,457592.0,0.0,0.0,1,1
4668,516584.0,457592.0,0.0,0.0,1,1
4669,516584.0,457592.0,0.0,0.0,1,1
4670,516227.5,457592.0,0.0,0.0,1,1
4671,516227.5,457592.0,0.0,0.0,1,1
4672,516227.5,457592.0,0.0,0.0,1,1
4673,516227.5,457592.0,0.0,0.0,1,1
4674,516227.5,457592.0,0.0,0.0,1,1
4675,516227.5,457592.0,0.0,0.0,1,1
4676,516227.5,457592.0,0.0,0.0,1,1
4677,515939.0,457592.0,0.0,0.0,1,1
4678,515939.0,457592.0,0.0,0.0,1,1
4679,515939.0,457592.0,0.0,0.0,1,1
4680,515939.0,457592.0,0.0,0.0,1,1
4681,515939.0,457592.0,0.0,0.0,1,1
4682,515939.0,457592.0,0.0,0.0,1,1
4683,515939.0,457592.0,0.0,0.0,1,1
4684,515939.0,457592.0,0.0,0.0,1,1
4685,515939.0,457592.0,0.0,0.0,1,1
4686,516764.0,457592.0,0.0,0.0,1,1
4687,516764.0,457592.0,0.0,0.0,1,1
4688,516764.0,457592.0,0.0,0.0,1,1
4689,516764.0,457592.0,0.0,0.0,1,1
4690,516764.0,457592.0,0.0,0.0,1,1
4691,516764.0,457592.0,0.0,0.0,1,1
4692,516764.0,457592.0,0.0,0.0,1,1
4693,516764.0,457592.0,0.0,0.0,1,1
4694,516764.0,457592.0,0.0,0.0,1,1
4695,516764.0,457592.0,0.0,0.0,1,1
4696,510483.0,457592.0,0.0,0.0,1,1
4697,510483.0,457592.0,0.0,0.0,1,1
4698,510483.0,457592.0,0.0,0.0,1,1
4699,510468.0,457592.0,0.0,0.0,1,1
4700,510468.0,457592.0,0.0,0.0,1,1
4701,510468.0,457592.0,0.0,0.0,1,1
4702,510468.0,457592.0,0.0,0.0,1,1
4703,510468.0,457592.0,0.0,0.0,1,1
4704,510468.0,457592.0,0.0,0.0,1,1
4705,510468.0,457592.0,0.0,0.0,1,1
4706,510468.0,457592.0,0.0,0.0,1,1
4707,510468.0,457592.0,0.0,0.0,1,1
4708,510468.0,457592.0,0.0,0.0,1,1
4709,510468.0,457592.0,0.0,0.0,1,1
4710,510468.0,457592.0,0.0,0.0,1,1
4711,510468.0,457592.0,0.0,0.0,1,1
4712,510468.0,457592.0,0.0,0.0,1,1
4713,510468.0,457592.0,0.0,0.0,1,1
4714,510468.0,457592.0,0.0,0.0,1,1
4715,510468.0,457592.0,0.0,0.0,1,1
4716,510468.0,457592.0,0.0,0.0,1,1
4717,510468.0,457592.0,0.0,0.0,1,1
4718,510468.0,457592.0,0.0,0.0,1,1
4719,510468.0,457592.0,0.0,0.0,1,1
4720,510468.0,457592.0,0.0,0.0,1,1
4721,510468.0,457592.0,0.0,0.0,1,1
4722,510468.0,457592.0,0.0,0.0,1,1
4723,510016.5,457592.0,0.0,0.0,1,1
4724,510016.5,457592.0,0.0,0.0,1,1
4725,510031.5,457592.0,0.0,0.0,1,1
4726,510031.5,457592.0,0.0,0.0,1,1
4727,510031.5,457592.0,0.0,0.0,1,1
4728,510031.5,457592.0,0.0,0.0,1,1
4729,510031.5,457592.0,0.0,0.0,1,1
4730,510031.5,457592.0,0.0,0.0,1,1
4731,510031.5,457592.0,0.0,0.0,1,1
4732,510031.5,457592.0,0.0,0.0,1,1
4733,510031.5,457592.0,0.0,0.0,1,1
4734,510031.5,457592.0,0.0,0.0,1,1
4735,510607.5,457592.0,0.0,0.0,1,1
4736,510607.5,457592.0,0.0,0.0,1,1
4737,510607.5,457592.0,0.0,0.0,1,1
4738,510607.5,457592.0,0.0,0.0,1,1
4739,510607.5,457592.0,0.0,0.0,1,1
4740,510607.5,457592.0,0.0,0.0,1,1
4741,510607.5,457592.0,0.0,0.0,1,1
4742,510607.5,457592.0,0.0,0.0,1,1
4743,510607.5,457592.0,0.0,0.0,1,1
4744,510607.5,457592.0,0.0,0.0,1,1
4745,510520.5,457592.0,0.0,0.0,1,1
4746,510520.5,457592.0,0.0,0.0,1,1
4747,510520.5,457592.0,0.0,0.0,1,1
4748,510520.5,457592.0,0.0,0.0,1,1
4749,510520.5,457592.0,0.0,0.0,1,1
4750,510520.5,457592.0,0.0,0.0,1,1
4751,510520.5,457592.0,0.0,0.0,1,1
4752,510520.5,457592.0,0.0,0.0,1,1
4753,510246.5,457592.0,0.0,0.0,1,1
4754,510246.5,457592.0,0.0,0.0,1,1
4755,511407.0,457592.0,0.0,0.0,1,1
4756,511407.0,457592.0,0.0,0.0,1,1
4757,511520.0,457592.0,0.0,0.0,1,1
4758,511520.0,457592.0,0.0,0.0,1,1
4759,511492.0,457592.0,0.0,0.0,1,1
4760,511492.0,457592.0,0.0,0.0,1,1
4761,511492.0,457592.0,0.0,0.0,1,1
4762,511437.5,457592.0,0.0,0.0,1,1
4763,511437.5,457592.0,0.0,0.0,1,1
4764,511437.5,457592.0,0.0,0.0,1,1
4765,511437.5,457592.0,0.0,0.0,1,1
4766,511437.5,457592.0,0.0,0.0,1,1
4767,511437.5,457592.0,0.0,0.0,1,1
4768,511437.5,457592.0,0.0,0.0,1,1
4769,511437.5,457592.0,0.0,0.0,1,1
4770,511437.5,457592.0,0.0,0.0,1,1
4771,511437.5,457592.0,0.0,0.0,1,1
4772,511437.5,457592.0,0.0,0.0,1,1
4773,511437.5,457592.0,0.0,0.0,1,1
4774,511437.5,457592.0,0.0,0.0,1,1
4775,511437.5,457592.0,0.0,0.0,1,1
4776,511437.5,457592.0,0.0,0.0,1,1
4777,511437.5,457592.0,0.0,0.0,1,1
4778,511437.5,457592.0,0.0,0.0,1,1
4779,511437.5,457592.0,0.0,0.0,1,1
4780,511437.5,457592.0,0.0,0.0,1,1
4781,511084.5,457592.0,0.0,0.0,1,1
4782,511084.5,457592.0,0.0,0.0,1,1
4783,511084.5,457592.0,0.0,0.0,1,1
4784,511084.5,457592.0,0.0,0.0,1,1
4785,511084.5,457592.0,0.0,0.0,1,1
4786,511084.5,457592.0,0.0,0.0,1,1
4787,511084.5,457592.0,0.0,0.0,1,1
4788,511074.0,457592.0,0.0,0.0,1,1
4789,512961.5,457592.0,0.0,0.0,1,1
4790,512961.5,457592.0,0.0,0.0,1,1
4791,512961.5,457592.0,0.0,0.0,1,1
4792,512961.5,457592.0,0.0,0.0,1,1
4793,512961.5,457592.0,0.0,0.0,1,1
4794,512961.5,457592.0,0.0,0.0,1,1
4795,512970.5,457592.0,0.0,0.0,1,1
4796,512970.5,457592.0,0.0,0.0,1,1
4797,512970.5,457592.0,0.0,0.0,1,1
4798,512970.5,457592.0,0.0,0.0,1,1
4799,512970.5,457592.0,0.0,0.0,1,1
4800,512970.5,457592.0,0.0,0.0,1,1
4801,512970.5,457592.0,0.0,0.0,1,1
4802,512970.5,457592.0,0.0,0.0,1,1
4803,512970.5,457592.0,0.0,0.0,1,1
4804,512970.5,457592.0,0.0,0.0,1,1
4805,512970.5,457592.0,0.0,0.0,1,1
4806,513141.0,457592.0,0.0,0.0,1,1
4807,513141.0,457592.0,0.0,0.0,1,1
4808,513141.0,457592.0,0.0,0.0,1,1
4809,513141.0,457592.0,0.0,0.0,1,1
4810,513141.0,457592.0,0.0,0.0,1,1
4811,513141.0,457592.0,0.0,0.0,1,1
4812,513026.5,457592.0,0.0,0.0,1,1
4813,513026.5,457592.0,0.0,0.0,1,1
4814,513026.5,457592.0,0.0,0.0,1,1
4815,513026.5,457592.0,0.0,0.0,1,1
4816,513026.5,457592.0,0.0,0.0,1,1
4817,513026.5,457592.0,0.0,0.0,1,1
4818,513026.5,457592.0,0.0,0.0,1,1
4819,513026.5,457592.0,0.0,0.0,1,1
4820,513026.5,457592.0,0.0,0.0,1,1
4821,513026.5,457592.0,0.0,0.0,1,1
4822,513026.5,457592.0,0.0,0.0,1,1
4823,513026.5,457592.0,0.0,0.0,1,1
4824,513026.5,457592.0,0.0,0.0,1,1
4825,513026.5,457592.0,0.0,0.0,1,1
4826,513026.5,457592.0,0.0,0.0,1,1
4827,513026.5,457592.0,0.0,0.0,1,1
4828,513026.5,457592.0,0.0,0.0,1,1
4829,513026.5,457592.0,0.0,0.0,1,1
4830,513026.5,457592.0,0.0,0.0,1,1
4831,513026.5,457592.0,0.0,0.0,1,1
4832,513026.5,457592.0,0.0,0.0,1,1
4833,513026.5,457592.0,0.0,0.0,1,1
4834,513026.5,457592.0,0.0,0.0,1,1
4835,513026.5,457592.0,0.0,0.0,1,1
4836,514012.5,457592.0,0.0,0.0,1,1
4837,514012.5,457592.0,0.0,0.0,1,1
4838,514012.5,457592.0,0.0,0.0,1,1
4839,514012.5,457592.0,0.0,0.0,1,1
4840,514012.5,457592.0,0.0,0.0,1,1
4841,514012.5,457592.0,0.0,0.0,1,1
4842,514012.5,457592.0,0.0,0.0,1,1
4843,514012.5,457592.0,0.0,0.0,1,1
4844,514012.5,457592.0,0.0,0.0,1,1
4845,514012.5,457592.0,0.0,0.0,1,1
4846,514012.5,457592.0,0.0,0.0,1,1
4847,514012.5,457592.0,0.0,0.0,1,1
4848,514012.5,457592.0,0.0,0.0,1,1
4849,514012.5,457592.0,0.0,0.0,1,1
4850,514012.5,457592.0,0.0,0.0,1,1
4851,514012.5,457592.0,0.0,0.0,1,1
4852,514012.5,457592.0,0.0,0.0,1,1
4853,514012.5,457592.0,0.0,0.0,1,1
4854,514012.5,457592.0,0.0,0.0,1,1
4855,514012.5,457592.0,0.0,0.0,1,1
4856,514012.5,457592.0,0.0,0.0,1,1
4857,514012.5,457592.0,0.0,0.0,1,1
4858,514012.5,457592.0,0.0,0.0,1,1
4859,514012.5,457592.0,0.0,0.0,1,1
4860,514012.5,457592.0,0.0,0.0,1,1
4861,514012.5,457592.0,0.0,0.0,1,1
4862,514012.5,457592.0,0.0,0.0,1,1
4863,514012.5,457592.0,0.0,0.0,1,1
4864,514012.5,457592.0,0.0,0.0,1,1
4865,514012.5,457592.0,0.0,0.0,1,1
4866,514012.5,457592.0,0.0,0.0,1,1
4867,514012.5,457592.0,0.0,0.0,1,1
4868,514206.5,457592.0,0.0,0.0,1,1
4869,514206.5,457592.0,0.0,0.0,1,1
4870,514206.5,457592.0,0.0,0.0,1,1
4871,514206.5,457592.0,0.0,0.0,1,1
4872,514206.5,457592.0,0.0,0.0,1,1
4873,514206.5,457592.0,0.0,0.0,1,1
4874,514206.5,457592.0,0.0,0.0,1,1
4875,514206.5,457592.0,0.0,0.0,1,1
4876,514206.5,457592.0,0.0,0.0,1,1
4877,514206.5,457592.0,0.0,0.0,1,1
4878,514206.5,457592.0,0.0,0.0,1,1
4879,514206.5,457592.0,0.0,0.0,1,1
4880,514206.5,457592.0,0.0,0.0,1,1
4881,514206.5,457592.0,0.0,0.0,1,1
4882,514206.5,457592.0,0.0,0.0,1,1
4883,514206.5,457592.0,0.0,0.0,1,1
4884,514206.5,457592.0,0.0,0.0,1,1
4885,514206.5,457592.0,0.0,0.0,1,1
4886,514206.5,457592.0,0.0,0.0,1,1
4887,514206.5,457592.0,0.0,0.0,1,1
4888,514206.5,457592.0,0.0,0.0,1,1
4889,514206.5,457592.0,0.0,0.0,1,1
4890,514206.5,457592.0,0.0,0.0,1,1
4891,514206.5,457592.0,0.0,0.0,1,1
4892,514206.5,457592.0,0.0,0.0,1,1
4893,514206.5,457592.0,0.0,0.0,1,1
4894,514206.5,457592.0,0.0,0.0,1,1
4895,514206.5,457592.0,0.0,0.0,1,1
4896,514206.5,457592.0,0.0,0.0,1,1
4897,514206.5,457592.0,0.0,0.0,1,1
4898,514206.5,457592.0,0.0,0.0,1,1
4899,514206.5,457592.0,0.0,0.0,1,1
4900,514206.5,457592.0,0.0,0.0,1,1
4901,514206.5,457592.0,0.0,0.0,1,1
4902,514206.5,457592.0,0.0,0.0,1,1
4903,514206.5,457592.0,0.0,0.0,1,1
4904,514206.5,457592.0,0.0,0.0,1,1
4905,514206.5,457592.0,0.0,0.0,1,1
4906,514206.5,457592.0,0.0,0.0,1,1
4907,514206.5,457592.0,0.0,0.0,1,1
4908,514206.5,457592.0,0.0,0.0,1,1
4909,514206.5,457592.0,0.0,0.0,1,1
4910,514206.5,457592.0,0.0,0.0,1,1
4911,514206.5,457592.0,0.0,0.0,1,1
4912,514206.5,457592.0,0.0,0.0,1,1
4913,514206.5,457592.0,0.0,0.0,1,1
4914,514206.5,457592.0,0.0,0.0,1,1
4915,514206.5,457592.0,0.0,0.0,1,1
4916,514206.5,457592.0,0.0,0.0,1,1
4917,514206.5,457592.0,0.0,0.0,1,1
4918,514206.5,457592.0,0.0,0.0,1,1
4919,514206.5,457592.0,0.0,0.0,1,1
4920,514206.5,457592.0,0.0,0.0,1,1
4921,514206.5,457592.0,0.0,0.0,1,1
4922,514206.5,457592.0,0.0,0.0,1,1
4923,514206.5,457592.0,0.0,0.0,1,1
4924,514206.5,457592.0,0.0,0.0,1,1
4925,514206.5,457592.0,0.0,0.0,1,1
4926,514206.5,457592.0,0.0,0.0,1,1
4927,514206.5,457592.0,0.0,0.0,1,1
4928,514206.5,457592.0,0.0,0.0,1,1
4929,514206.5,457592.0,0.0,0.0,1,1
4930,514206.5,457592.0,0.0,0.0,1,1
4931,514206.5,457592.0,0.0,0.0,1,1
4932,514984.5,457592.0,0.0,0.0,1,1
4933,514984.5,457592.0,0.0,0.0,1,1
4934,514984.5,457592.0,0.0,0.0,1,1
4935,514984.5,457592.0,0.0,0.0,1,1
4936,514984.5,457592.0,0.0,0.0,1,1
4937,514984.5,457592.0,0.0,0.0,1,1
4938,514984.5,457592.0,0.0,0.0,1,1
4939,514984.5,457592.0,0.0,0.0,1,1
4940,514984.5,457592.0,0.0,0.0,1,1
4941,514984.5,457592.0,0.0,0.0,1,1
4942,514984.5,457592.0,0.0,0.0,1,1
4943,514984.5,457592.0,0.0,0.0,1,1
4944,514984.5,457592.0,0.0,0.0,1,1
4945,514984.5,457592.0,0.0,0.0,1,1
4946,514984.5,457592.0,0.0,0.0,1,1
4947,514984.5,457592.0,0.0,0.0,1,1
4948,514984.5,457592.0,0.0,0.0,1,1
4949,514984.5,457592.0,0.0,0.0,1,1
4950,514984.5,457592.0,0.0,0.0,1,1
4951,514984.5,457592.0,0.0,0.0,1,1
4952,514984.5,457592.0,0.0,0.0,1,1
4953,514984.5,457592.0,0.0,0.0,1,1
4954,514984.5,457592.0,0.0,0.0,1,1
4955,514984.5,457592.0,0.0,0.0,1,1
4956,514984.5,457592.0,0.0,0.0,1,1
4957,514984.5,457592.0,0.0,0.0,1,1
4958,514984.5,457592.0,0.0,0.0,1,1
4959,514984.5,457592.0,0.0,0.0,1,1
4960,514984.5,457592.0,0.0,0.0,1,1
4961,514984.5,457592.0,0.0,0.0,1,1
4962,514984.5,457592.0,0.0,0.0,1,1
4963,514984.5,457592.0,0.0,0.0,1,1
4964,514984.5,457592.0,0.0,0.0,1,1
4965,514984.5,457592.0,0.0,0.0,1,1
4966,514984.5,457592.0,0.0,0.0,1,1
4967,514984.5,457592.0,0.0,0.0,1,1
4968,514984.5,457592.0,0.0,0.0,1,1
4969,514984.5,457592.0,0.0,0.0,1,1
4970,514984.5,457592.0,0.0,0.0,1,1
4971,514984.5,457592.0,0.0,0.0,1,1
4972,514984.5,457592.0,0.0,0.0,1,1
4973,514984.5,457592.0,0.0,0.0,1,1
4974,514984.5,457592.0,0.0,0.0,1,1
4975,514984.5,457592.0,0.0,0.0,1,1
4976,514984.5,457592.0,0.0,0.0,1,1
4977,514984.5,457592.0,0.0,0.0,1,1
4978,514984.5,457592.0,0.0,0.0,1,1
4979,514984.5,457592.0,0.0,0.0,1,1
4980,514984.5,457592.0,0.0,0.0,1,1
4981,514984.5,457592.0,0.0,0.0,1,1
4982,514984.5,457592.0,0.0,0.0,1,1
4983,514962.0,457592.0,0.0,0.0,1,1
4984,514962.0,457592.0,0.0,0.0,1,1
4985,514962.0,457592.0,0.0,0.0,1,1
4986,514962.0,457592.0,0.0,0.0,1,1
4987,514962.0,457592.0,0.0,0.0,1,1
4988,514962.0,457592.0,0.0,0.0,1,1
4989,514962.0,457592.0,0.0,0.0,1,1
4990,514962.0,457592.0,0.0,0.0,1,1
4991,514962.0,457592.0,0.0,0.0,1,1
4992,514962.0,457592.0,0.0,0.0,1,1
4993,514962.0,457592.0,0.0,0.0,1,1
4994,514962.0,457592.0,0.0,0.0,1,1
4995,514962.0,457592.0,0.0,0.0,1,1
4996,514962.0,457592.0,0.0,0.0,1,1
4997,514962.0,457592.0,0.0,0.0,1,1
4998,514962.0,457592.0,0.0,0.0,1,1
4999,514962.0,457592.0,0.0,0.0,1,1
5000,514962.0,457592.0,0.0,0.0,1,1
5001,514962.0,457592.0,0.0,0.0,1,1
5002,514962.0,457592.0,0.0,0.0,1,1
5003,514962.0,457592.0,0.0,0.0,1,1
5004,514962.0,457592.0,0.0,0.0,1,1
5005,514962.0,457592.0,0.0,0.0,1,1
5006,514962.0,457592.0,0.0,0.0,1,1
5007,514962.0,457592.0,0.0,0.0,1,1
5008,514962.0,457592.0,0.0,0.0,1,1
5009,514962.0,457592.0,0.0,0.0,1,1
5010,514962.0,457592.0,0.0,0.0,1,1
5011,514962.0,457592.0,0.0,0.0,1,1
5012,514962.0,457592.0,0.0,0.0,1,1
5013,514962.0,457592.0,0.0,0.0,1,1
5014,514962.0,457592.0,0.0,0.0,1,1
5015,514962.0,457592.0,0.0,0.0,1,1
5016,514962.0,457592.0,0.0,0.0,1,1
5017,514962.0,457592.0,0.0,0.0,1,1
5018,514962.0,457592.0,0.0,0.0,1,1
5019,514962.0,457592.0,0.0,0.0,1,1
5020,514962.0,457592.0,0.0,0.0,1,1
5021,515079.0,457592.0,0.0,0.0,1,1
5022,515079.0,457592.0,0.0,0.0,1,1
5023,515079.0,457592.0,0.0,0.0,1,1
5024,515079.0,457592.0,0.0,0.0,1,1
5025,515079.0,457592.0,0.0,0.0,1,1
5026,515079.0,457592.0,0.0,0.0,1,1
5027,515079.0,457592.0,0.0,0.0,1,1
5028,515079.0,457592.0,0.0,0.0,1,1
5029,515079.0,457592.0,0.0,0.0,1,1
5030,515079.0,457592.0,0.0,0.0,1,1
5031,515079.0,457592.0,0.0,0.0,1,1
5032,515079.0,457592.0,0.0,0.0,1,1
5033,515079.0,457592.0,0.0,0.0,1,1
5034,515079.0,457592.0,0.0,0.0,1,1
5035,515079.0,457592.0,0.0,0.0,1,1
5036,515079.0,457592.0,0.0,0.0,1,1
5037,515079.0,457592.0,0.0,0.0,1,1
5038,515079.0,457592.0,0.0,0.0,1,1
5039,515079.0,457592.0,0.0,0.0,1,1
5040,515079.0,457592.0,0.0,0.0,1,1
5041,515079.0,457592.0,0.0,0.0,1,1
5042,515079.0,457592.0,0.0,0.0,1,1
5043,515079.0,457592.0,0.0,0.0,1,1
5044,515079.0,457592.0,0.0,0.0,1,1
5045,515079.0,457592.0,0.0,0.0,1,1
5046,515079.0,457592.0,0.0,0.0,1,1
5047,515079.0,457592.0,0.0,0.0,1,1
5048,515079.0,457592.0,0.0,0.0,1,1
5049,515079.0,457592.0,0.0,0.0,1,1
5050,515079.0,457592.0,0.0,0.0,1,1
5051,515079.0,457592.0,0.0,0.0,1,1
5052,515079.0,457592.0,0.0,0.0,1,1
5053,515079.0,457592.0,0.0,0.0,1,1
5054,515079.0,457592.0,0.0,0.0,1,1
5055,515079.0,457592.0,0.0,0.0,1,1
5056,515079.0,457592.0,0.0,0.0,1,1
5057,515079.0,457592.0,0.0,0.0,1,1
5058,515079.0,457592.0,0.0,0.0,1,1
5059,515079.0,457592.0,0.0,0.0,1,1
5060,515079.0,457592.0,0.0,0.0,1,1
5061,515079.0,457592.0,0.0,0.0,1,1
5062,514896.5,457592.0,0.0,0.0,1,1
5063,514896.5,457592.0,0.0,0.0,1,1
5064,514896.5,457592.0,0.0,0.0,1,1
5065,514896.5,457592.0,0.0,0.0,1,1
5066,518656.0,457592.0,0.0,0.0,1,1
5067,518656.0,457592.0,0.0,0.0,1,1
5068,518656.0,457592.0,0.0,0.0,1,1
5069,518656.0,457592.0,0.0,0.0,1,1
5070,518656.0,457592.0,0.0,0.0,1,1
5071,518656.0,457592.0,0.0,0.0,1,1
5072,518656.0,457592.0,0.0,0.0,1,1
5073,518737.0,457592.0,0.0,0.0,1,1
5074,518737.0,457592.0,0.0,0.0,1,1
5075,518737.0,457592.0,0.0,0.0,1,1
5076,518737.0,457592.0,0.0,0.0,1,1
5077,518737.0,457592.0,0.0,0.0,1,1
5078,519565.5,457592.0,0.0,0.0,1,1
5079,519565.5,457592.0,0.0,0.0,1,1
5080,519565.5,457592.0,0.0,0.0,1,1
5081,519565.5,457592.0,0.0,0.0,1,1
5082,519565.5,457592.0,0.0,0.0,1,1
5083,519807.5,457592.0,0.0,0.0,1,1
5084,519807.5,457592.0,0.0,0.0,1,1
5085,519807.5,457592.0,0.0,0.0,1,1
5086,519921.0,457592.0,0.0,0.0,1,1
5087,519921.0,457592.0,0.0,0.0,1,1
5088,519921.0,457592.0,0.0,0.0,1,1
5089,519921.0,457592.0,0.0,0.0,1,1
5090,519921.0,457592.0,0.0,0.0,1,1
5091,519921.0,457592.0,0.0,0.0,1,1
5092,519921.0,457592.0,0.0,0.0,1,1
5093,519921.0,457592.0,0.0,0.0,1,1
5094,519921.0,457592.0,0.0,0.0,1,1
5095,519921.0,457592.0,0.0,0.0,1,1
5096,519921.0,457592.0,0.0,0.0,1,1
5097,519921.0,457592.0,0.0,0.0,1,1
5098,519921.0,457592.0,0.0,0.0,1,1
5099,519921.0,457592.0,0.0,0.0,1,1
5100,519921.0,457592.0,0.0,0.0,1,1
5101,519921.0,457592.0,0.0,0.0,1,1
5102,519921.0,457592.0,0.0,0.0,1,1
5103,519921.0,457592.0,0.0,0.0,1,1
5104,519921.0,457592.0,0.0,0.0,1,1
5105,519921.0,457592.0,0.0,0.0,1,1
5106,519921.0,457592.0,0.0,0.0,1,1
5107,519921.0,457592.0,0.0,0.0,1,1
5108,519921.0,457592.0,0.0,0.0,1,1
5109,519921.0,457592.0,0.0,0.0,1,1
5110,519921.0,457592.0,0.0,0.0,1,1
5111,519921.0,457592.0,0.0,0.0,1,1
5112,519921.0,457592.0,0.0,0.0,1,1
5113,519921.0,457592.0,0.0,0.0,1,1
5114,519809.5,457592.0,0.0,0.0,1,1
5115,519809.5,457592.0,0.0,0.0,1,1
5116,519809.5,457592.0,0.0,0.0,1,1
5117,519809.5,457592.0,0.0,0.0,1,1
5118,519809.5,457592.0,0.0,0.0,1,1
5119,519809.5,457592.0,0.0,0.0,1,1
5120,519809.5,457592.0,0.0,0.0,1,1
5121,519809.5,457592.0,0.0,0.0,1,1
5122,519809.5,457592.0,0.0,0.0,1,1
5123,519809.5,457592.0,0.0,0.0,1,1
5124,519809.5,457592.0,0.0,0.0,1,1
5125,519809.5,457592.0,0.0,0.0,1,1
5126,519809.5,457592.0,0.0,0.0,1,1
5127,519809.5,457592.0,0.0,0.0,1,1
5128,519809.5,457592.0,0.0,0.0,1,1
5129,519809.5,457592.0,0.0,0.0,1,1
5130,519686.0,457592.0,0.0,0.0,1,1
5131,519686.0,457592.0,0.0,0.0,1,1
5132,519686.0,457592.0,0.0,0.0,1,1
5133,519686.0,457592.0,0.0,0.0,1,1
5134,519686.0,457592.0,0.0,0.0,1,1
5135,519686.0,457592.0,0.0,0.0,1,1
5136,519686.0,457592.0,0.0,0.0,1,1
5137,519686.0,457592.0,0.0,0.0,1,1
5138,519686.0,457592.0,0.0,0.0,1,1
5139,519686.0,457592.0,0.0,0.0,1,1
5140,519686.0,457592.0,0.0,0.0,1,1
5141,519686.0,457592.0,0.0,0.0,1,1
5142,519686.0,457592.0,0.0,0.0,1,1
5143,519686.0,457592.0,0.0,0.0,1,1
5144,519686.0,457592.0,0.0,0.0,1,1
5145,519686.0,457592.0,0.0,0.0,1,1
5146,519686.0,457592.0,0.0,0.0,1,1
5147,519686.0,457592.0,0.0,0.0,1,1
5148,519686.0,457592.0,0.0,0.0,1,1
5149,519686.0,457592.0,0.0,0.0,1,1
5150,519686.0,457592.0,0.0,0.0,1,1
5151,519686.0,457592.0,0.0,0.0,1,1
5152,519686.0,457592.0,0.0,0.0,1,1
5153,519686.0,457592.0,0.0,0.0,1,1
5154,519686.0,457592.0,0.0,0.0,1,1
5155,519686.0,457592.0,0.0,0.0,1,1
5156,519686.0,457592.0,0.0,0.0,1,1
5157,519686.0,457592.0,0.0,0.0,1,1
5158,519686.0,457592.0,0.0,0.0,1,1
5159,519077.5,457592.0,0.0,0.0,1,1
5160,519077.5,457592.0,0.0,0.0,1,1
5161,519077.5,457592.0,0.0,0.0,1,1
5162,519077.5,457592.0,0.0,0.0,1,1
5163,519077.5,457592.0,0.0,0.0,1,1
5164,519077.5,457592.0,0.0,0.0,1,1
5165,519077.5,457592.0,0.0,0.0,1,1
5166,519077.5,457592.0,0.0,0.0,1,1
5167,519129.5,457592.0,0.0,0.0,1,1
5168,519129.5,457592.0,0.0,0.0,1,1
5169,519129.5,457592.0,0.0,0.0,1,1
5170,519129.5,457592.0,0.0,0.0,1,1
5171,519129.5,457592.0,0.0,0.0,1,1
5172,519129.5,457592.0,0.0,0.0,1,1
5173,519129.5,457592.0,0.0,0.0,1,1
5174,519129.5,457592.0,0.0,0.0,1,1
5175,519129.5,457592.0,0.0,0.0,1,1
5176,519129.5,457592.0,0.0,0.0,1,1
5177,519129.5,457592.0,0.0,0.0,1,1
5178,519129.5,457592.0,0.0,0.0,1,1
5179,519129.5,457592.0,0.0,0.0,1,1
5180,519129.5,457592.0,0.0,0.0,1,1
5181,519129.5,457592.0,0.0,0.0,1,1
5182,519129.5,457592.0,0.0,0.0,1,1
5183,519129.5,457592.0,0.0,0.0,1,1
5184,519129.5,457592.0,0.0,0.0,1,1
5185,519129.5,457592.0,0.0,0.0,1,1
5186,519129.5,457592.0,0.0,0.0,1,1
5187,519129.5,457592.0,0.0,0.0,1,1
5188,519129.5,457592.0,0.0,0.0,1,1
5189,519129.5,457592.0,0.0,0.0,1,1
5190,519129.5,457592.0,0.0,0.0,1,1
5191,519129.5,457592.0,0.0,0.0,1,1
5192,519129.5,457592.0,0.0,0.0,1,1
5193,519129.5,457592.0,0.0,0.0,1,1
5194,519129.5,457592.0,0.0,0.0,1,1
5195,519129.5,457592.0,0.0,0.0,1,1
5196,519129.5,457592.0,0.0,0.0,1,1
5197,519129.5,457592.0,0.0,0.0,1,1
5198,519129.5,457592.0,0.0,0.0,1,1
5199,519129.5,457592.0,0.0,0.0,1,1
5200,519129.5,457592.0,0.0,0.0,1,1
5201,519129.5,457592.0,0.0,0.0,1,1
5202,519129.5,457592.0,0.0,0.0,1,1
5203,519129.5,457592.0,0.0,0.0,1,1
5204,519129.5,457592.0,0.0,0.0,1,1
5205,519129.5,457592.0,0.0,0.0,1,1
5206,519129.5,457592.0,0.0,0.0,1,1
5207,519129.5,457592.0,0.0,0.0,1,1
5208,519129.5,457592.0,0.0,0.0,1,1
5209,519129.5,457592.0,0.0,0.0,1,1
5210,519129.5,457592.0,0.0,0.0,1,1
5211,519129.5,457592.0,0.0,0.0,1,1
5212,519129.5,457592.0,0.0,0.0,1,1
5213,519129.5,457592.0,0.0,0.0,1,1
5214,519129.5,457592.0,0.0,0.0,1,1
5215,519129.5,457592.0,0.0,0.0,1,1
5216,519129.5,457592.0,0.0,0.0,1,1
5217,519129.5,457592.0,0.0,0.0,1,1
5218,519129.5,457592.0,0.0,0.0,1,1
5219,519129.5,457592.0,0.0,0.0,1,1
5220,519129.5,457592.0,0.0,0.0,1,1
5221,519129.5,457592.0,0.0,0.0,1,1
5222,519129.5,457592.0,0.0,0.0,1,1
5223,519129.5,457592.0,0.0,0.0,1,1
5224,519129.5,457592.0,0.0,0.0,1,1
5225,519129.5,457592.0,0.0,0.0,1,1
5226,519129.5,457592.0,0.0,0.0,1,1
5227,519129.5,457592.0,0.0,0.0,1,1
5228,519129.5,457592.0,0.0,0.0,1,1
5229,519129.5,457592.0,0.0,0.0,1,1
5230,522925.0,457592.0,0.0,0.0,1,1
5231,522925.0,457592.0,0.0,0.0,1,1
5232,522925.0,457592.0,0.0,0.0,1,1
5233,522925.0,457592.0,0.0,0.0,1,1
5234,522925.0,457592.0,0.0,0.0,1,1
5235,522925.0,457592.0,0.0,0.0,1,1
5236,522925.0,457592.0,0.0,0.0,1,1
5237,522925.0,457592.0,0.0,0.0,1,1
5238,522925.0,457592.0,0.0,0.0,1,1
5239,522925.0,457592.0,0.0,0.0,1,1
5240,522925.0,457592.0,0.0,0.0,1,1
5241,522925.0,457592.0,0.0,0.0,1,1
5242,522925.0,457592.0,0.0,0.0,1,1
5243,522925.0,457592.0,0.0,0.0,1,1
5244,522925.0,457592.0,0.0,0.0,1,1
5245,522925.0,457592.0,0.0,0.0,1,1
5246,522925.0,457592.0,0.0,0.0,1,1
5247,522925.0,457592.0,0.0,0.0,1,1
5248,522925.0,457592.0,0.0,0.0,1,1
5249,522925.0,457592.0,0.0,0.0,1,1
5250,522925.0,457592.0,0.0,0.0,1,1
5251,522925.0,457592.0,0.0,0.0,1,1
5252,522925.0,457592.0,0.0,0.0,1,1
5253,522925.0,457592.0,0.0,0.0,1,1
5254,522925.0,457592.0,0.0,0.0,1,1
5255,522925.0,457592.0,0.0,0.0,1,1
5256,522925.0,457592.0,0.0,0.0,1,1
5257,522925.0,457592.0,0.0,0.0,1,1
5258,522925.0,457592.0,0.0,0.0,1,1
5259,522925.0,457592.0,0.0,0.0,1,1
5260,522925.0,457592.0,0.0,0.0,1,1
5261,522925.0,457592.0,0.0,0.0,1,1
5262,522925.0,457592.0,0.0,0.0,1,1
5263,522925.0,457592.0,0.0,0.0,1,1
5264,522925.0,457592.0,0.0,0.0,1,1
5265,522925.0,457592.0,0.0,0.0,1,1
5266,522925.0,457592.0,0.0,0.0,1,1
5267,522925.0,457592.0,0.0,0.0,1,1
5268,522925.0,457592.0,0.0,0.0,1,1
5269,522925.0,457592.0,0.0,0.0,1,1
5270,522925.0,457592.0,0.0,0.0,1,1
5271,522123.0,457592.0,0.0,0.0,1,1
5272,522123.0,457592.0,0.0,0.0,1,1
5273,522123.0,457592.0,0.0,0.0,1,1
5274,522123.0,457592.0,0.0,0.0,1,1
5275,522010.5,457592.0,0.0,0.0,1,1
5276,522010.5,457592.0,0.0,0.0,1,1
5277,522010.5,457592.0,0.0,0.0,1,1
5278,522010.5,457592.0,0.0,0.0,1,1
5279,522010.5,457592.0,0.0,0.0,1,1
5280,522010.5,457592.0,0.0,0.0,1,1
5281,522010.5,457592.0,0.0,0.0,1,1
5282,522010.5,457592.0,0.0,0.0,1,1
5283,522010.5,457592.0,0.0,0.0,1,1
5284,522010.5,457592.0,0.0,0.0,1,1
5285,522010.5,457592.0,0.0,0.0,1,1
5286,522010.5,457592.0,0.0,0.0,1,1
5287,522122.0,457592.0,0.0,0.0,1,1
5288,522122.0,457592.0,0.0,0.0,1,1
5289,522122.0,457592.0,0.0,0.0,1,1
5290,522122.0,457592.0,0.0,0.0,1,1
5291,522122.0,457592.0,0.0,0.0,1,1
5292,522122.0,457592.0,0.0,0.0,1,1
5293,522008.0,457592.0,0.0,0.0,1,1
5294,522008.0,457592.0,0.0,0.0,1,1
5295,522008.0,457592.0,0.0,0.0,1,1
5296,522008.0,457592.0,0.0,0.0,1,1
5297,522008.0,457592.0,0.0,0.0,1,1
5298,522008.0,457592.0,0.0,0.0,1,1
5299,522008.0,457592.0,0.0,0.0,1,1
5300,522008.0,457592.0,0.0,0.0,1,1
5301,522008.0,457592.0,0.0,0.0,1,1
5302,522008.0,457592.0,0.0,0.0,1,1
5303,522008.0,457592.0,0.0,0.0,1,1
5304,522008.0,457592.0,0.0,0.0,1,1
5305,522008.0,457592.0,0.0,0.0,1,1
5306,522008.0,457592.0,0.0,0.0,1,1
5307,522008.0,457592.0,0.0,0.0,1,1
5308,522008.0,457592.0,0.0,0.0,1,1
5309,522008.0,457592.0,0.0,0.0,1,1
5310,522008.0,457592.0,0.0,0.0,1,1
5311,522008.0,457592.0,0.0,0.0,1,1
5312,522008.0,457592.0,0.0,0.0,1,1
5313,522008.0,457592.0,0.0,0.0,1,1
5314,522008.0,457592.0,0.0,0.0,1,1
5315,521922.5,457592.0,0.0,0.0,1,1
5316,521922.5,457592.0,0.0,0.0,1,1
5317,521922.5,457592.0,0.0,0.0,1,1
5318,521922.5,457592.0,0.0,0.0,1,1
5319,523483.0,457592.0,0.0,0.0,1,1
5320,523483.0,457592.0,0.0,0.0,1,1
5321,523483.0,457592.0,0.0,0.0,1,1
5322,523483.0,457592.0,0.0,0.0,1,1
5323,523483.0,457592.0,0.0,0.0,1,1
5324,523483.0,457592.0,0.0,0.0,1,1
5325,523483.0,457592.0,0.0,0.0,1,1
5326,523483.0,457592.0,0.0,0.0,1,1
5327,523483.0,457592.0,0.0,0.0,1,1
5328,523483.0,457592.0,0.0,0.0,1,1
5329,523483.0,457592.0,0.0,0.0,1,1
5330,523483.0,457592.0,0.0,0.0,1,1
5331,523483.0,457592.0,0.0,0.0,1,1
5332,523483.0,457592.0,0.0,0.0,1,1
5333,523483.0,457592.0,0.0,0.0,1,1
5334,523483.0,457592.0,0.0,0.0,1,1
5335,523483.0,457592.0,0.0,0.0,1,1
5336,523483.0,457592.0,0.0,0.0,1,1
5337,523483.0,457592.0,0.0,0.0,1,1
5338,523483.0,457592.0,0.0,0.0,1,1
5339,523483.0,457592.0,0.0,0.0,1,1
5340,523483.0,457592.0,0.0,0.0,1,1
5341,523483.0,457592.0,0.0,0.0,1,1
5342,523483.0,457592.0,0.0,0.0,1,1
5343,523483.0,457592.0,0.0,0.0,1,1
5344,523483.0,457592.0,0.0,0.0,1,1
5345,523483.0,457592.0,0.0,0.0,1,1
5346,523483.0,457592.0,0.0,0.0,1,1
5347,523483.0,457592.0,0.0,0.0,1,1
5348,523483.0,457592.0,0.0,0.0,1,1
5349,523483.0,457592.0,0.0,0.0,1,1
5350,523483.0,457592.0,0.0,0.0,1,1
5351,523483.0,457592.0,0.0,0.0,1,1
5352,523483.0,457592.0,0.0,0.0,1,1
5353,523483.0,457592.0,0.0,0.0,1,1
5354,523483.0,457592.0,0.0,0.0,1,1
5355,523483.0,457592.0,0.0,0.0,1,1
5356,523483.0,457592.0,0.0,0.0,1,1
5357,523483.0,457592.0,0.0,0.0,1,1
5358,523483.0,457592.0,0.0,0.0,1,1
5359,523483.0,457592.0,0.0,0.0,1,1
5360,523483.0,457592.0,0.0,0.0,1,1
5361,523483.0,457592.0,0.0,0.0,1,1
5362,523483.0,457592.0,0.0,0.0,1,1
5363,523483.0,457592.0,0.0,0.0,1,1
5364,523483.0,457592.0,0.0,0.0,1,1
5365,523483.0,457592.0,0.0,0.0,1,1
5366,523483.0,457592.0,0.0,0.0,1,1
5367,523483.0,457592.0,0.0,0.0,1,1
5368,523483.0,457592.0,0.0,0.0,1,1
5369,523483.0,457592.0,0.0,0.0,1,1
5370,523483.0,457592.0,0.0,0.0,1,1
5371,523483.0,457592.0,0.0,0.0,1,1
5372,523483.0,457592.0,0.0,0.0,1,1
5373,523483.0,457592.0,0.0,0.0,1,1
5374,523483.0,457592.0,0.0,0.0,1,1
5375,523483.0,457592.0,0.0,0.0,1,1
5376,523483.0,457592.0,0.0,0.0,1,1
5377,522351.0,457592.0,0.0,0.0,1,1
5378,522351.0,457592.0,0.0,0.0,1,1
5379,522351.0,457592.0,0.0,0.0,1,1
5380,522351.0,457592.0,0.0,0.0,1,1
5381,522351.0,457592.0,0.0,0.0,1,1
5382,522351.0,457592.0,0.0,0.0,1,1
5383,522244.0,457592.0,0.0,0.0,1,1
5384,522244.0,457592.0,0.0,0.0,1,1
5385,522244.0,457592.0,0.0,0.0,1,1
5386,522244.0,457592.0,0.0,0.0,1,1
5387,522128.5,457592.0,0.0,0.0,1,1
5388,522128.5,457592.0,0.0,0.0,1,1
5389,522128.5,457592.0,0.0,0.0,1,1
5390,522128.5,457592.0,0.0,0.0,1,1
5391,522128.5,457592.0,0.0,0.0,1,1
5392,522128.5,457592.0,0.0,0.0,1,1
5393,522128.5,457592.0,0.0,0.0,1,1
5394,522128.5,457592.0,0.0,0.0,1,1
5395,522128.5,457592.0,0.0,0.0,1,1
5396,522128.5,457592.0,0.0,0.0,1,1
5397,522128.5,457592.0,0.0,0.0,1,1
5398,522128.5,457592.0,0.0,0.0,1,1
5399,522128.5,457592.0,0.0,0.0,1,1
5400,522253.5,457592.0,0.0,0.0,1,1
5401,522253.5,457592.0,0.0,0.0,1,1
5402,522253.5,457592.0,0.0,0.0,1,1
5403,522253.5,457592.0,0.0,0.0,1,1
5404,522253.5,457592.0,0.0,0.0,1,1
5405,522320.0,457592.0,0.0,0.0,1,1
5406,522320.0,457592.0,0.0,0.0,1,1
5407,522320.0,457592.0,0.0,0.0,1,1
5408,522320.0,457592.0,0.0,0.0,1,1
5409,522320.0,457592.0,0.0,0.0,1,1
5410,522232.0,457592.0,0.0,0.0,1,1
5411,522232.0,457592.0,0.0,0.0,1,1
5412,522232.0,457592.0,0.0,0.0,1,1
5413,522232.0,457592.0,0.0,0.0,1,1
5414,522337.5,457592.0,0.0,0.0,1,1
5415,522337.5,457592.0,0.0,0.0,1,1
5416,522337.5,457592.0,0.0,0.0,1,1
5417,522337.5,457592.0,0.0,0.0,1,1
5418,522337.5,457592.0,0.0,0.0,1,1
5419,522337.5,457592.0,0.0,0.0,1,1
5420,522337.5,457592.0,0.0,0.0,1,1
5421,522337.5,457592.0,0.0,0.0,1,1
5422,522337.5,457592.0,0.0,0.0,1,1
5423,522337.5,457592.0,0.0,0.0,1,1
5424,522337.5,457592.0,0.0,0.0,1,1
5425,522337.5,457592.0,0.0,0.0,1,1
5426,522337.5,457592.0,0.0,0.0,1,1
5427,522337.5,457592.0,0.0,0.0,1,1
5428,522337.5,457592.0,0.0,0.0,1,1
5429,522337.5,457592.0,0.0,0.0,1,1
5430,522160.0,457592.0,0.0,0.0,1,1
5431,522160.0,457592.0,0.0,0.0,1,1
5432,522160.0,457592.0,0.0,0.0,1,1
5433,522160.0,457592.0,0.0,0.0,1,1
5434,522160.0,457592.0,0.0,0.0,1,1
5435,522160.0,457592.0,0.0,0.0,1,1
5436,522160.0,457592.0,0.0,0.0,1,1
5437,522160.0,457592.0,0.0,0.0,1,1
5438,522160.0,457592.0,0.0,0.0,1,1
5439,522160.0,457592.0,0.0,0.0,1,1
5440,522160.0,457592.0,0.0,0.0,1,1
5441,522160.0,457592.0,0.0,0.0,1,1
5442,522160.0,457592.0,0.0,0.0,1,1
5443,522160.0,457592.0,0.0,0.0,1,1
5444,521007.0,457592.0,0.0,0.0,1,1
5445,521007.0,457592.0,0.0,0.0,1,1
5446,521007.0,457592.0,0.0,0.0,1,1
5447,521007.0,457592.0,0.0,0.0,1,1
5448,521007.0,457592.0,0.0,0.0,1,1
5449,521007.0,457592.0,0.0,0.0,1,1
5450,521007.0,457592.0,0.0,0.0,1,1
5451,521007.0,457592.0,0.0,0.0,1,1
5452,521007.0,457592.0,0.0,0.0,1,1
5453,521007.0,457592.0,0.0,0.0,1,1
5454,521007.0,457592.0,0.0,0.0,1,1
5455,521007.0,457592.0,0.0,0.0,1,1
5456,521007.0,457592.0,0.0,0.0,1,1
5457,521007.0,457592.0,0.0,0.0,1,1
5458,521007.0,457592.0,0.0,0.0,1,1
5459,521007.0,457592.0,0.0,0.0,1,1
5460,521007.0,457592.0,0.0,0.0,1,1
5461,521007.0,457592.0,0.0,0.0,1,1
5462,521007.0,457592.0,0.0,0.0,1,1
5463,521007.0,457592.0,0.0,0.0,1,1
5464,521007.0,457592.0,0.0,0.0,1,1
5465,521007.0,457592.0,0.0,0.0,1,1
5466,521007.0,457592.0,0.0,0.0,1,1
5467,521007.0,457592.0,0.0,0.0,1,1
5468,521007.0,457592.0,0.0,0.0,1,1
5469,521007.0,457592.0,0.0,0.0,1,1
5470,521007.0,457592.0,0.0,0.0,1,1
5471,521007.0,457592.0,0.0,0.0,1,1
5472,521007.0,457592.0,0.0,0.0,1,1
5473,521007.0,457592.0,0.0,0.0,1,1
5474,521007.0,457592.0,0.0,0.0,1,1
5475,521007.0,457592.0,0.0,0.0,1,1
5476,521007.0,457592.0,0.0,0.0,1,1
5477,521007.0,457592.0,0.0,0.0,1,1
5478,521007.0,457592.0,0.0,0.0,1,1
5479,521007.0,457592.0,0.0,0.0,1,1
5480,521007.0,457592.0,0.0,0.0,1,1
5481,521007.0,457592.0,0.0,0.0,1,1
5482,521007.0,457592.0,0.0,0.0,1,1
5483,521007.0,457592.0,0.0,0.0,1,1
5484,521007.0,457592.0,0.0,0.0,1,1
5485,521007.0,457592.0,0.0,0.0,1,1
5486,521007.0,457592.0,0.0,0.0,1,1
5487,521007.0,457592.0,0.0,0.0,1,1
5488,521007.0,457592.0,0.0,0.0,1,1
5489,521007.0,457592.0,0.0,0.0,1,1
5490,520979.0,457592.0,0.0,0.0,1,1
5491,520979.0,457592.0,0.0,0.0,1,1
5492,520979.0,457592.0,0.0,0.0,1,1
5493,520979.0,457592.0,0.0,0.0,1,1
5494,520979.0,457592.0,0.0,0.0,1,1
5495,520979.0,457592.0,0.0,0.0,1,1
5496,520863.5,457592.0,0.0,0.0,1,1
5497,520863.5,457592.0,0.0,0.0,1,1
5498,520863.5,457592.0,0.0,0.0,1,1
5499,520863.5,457592.0,0.0,0.0,1,1
5500,520602.5,457592.0,0.0,0.0,1,1
5501,520602.5,457592.0,0.0,0.0,1,1
5502,520602.5,457592.0,0.0,0.0,1,1
5503,520602.5,457592.0,0.0,0.0,1,1
5504,520602.5,457592.0,0.0,0.0,1,1
5505,520602.5,457592.0,0.0,0.0,1,1
5506,520602.5,457592.0,0.0,0.0,1,1
5507,520602.5,457592.0,0.0,0.0,1,1
5508,520602.5,457592.0,0.0,0.0,1,1
5509,520602.5,457592.0,0.0,0.0,1,1
5510,520602.5,457592.0,0.0,0.0,1,1
5511,520602.5,457592.0,0.0,0.0,1,1
5512,520602.5,457592.0,0.0,0.0,1,1
5513,520602.5,457592.0,0.0,0.0,1,1
5514,520602.5,457592.0,0.0,0.0,1,1
5515,520602.5,457592.0,0.0,0.0,1,1
5516,520602.5,457592.0,0.0,0.0,1,1
5517,520602.5,457592.0,0.0,0.0,1,1
5518,520602.5,457592.0,0.0,0.0,1,1
5519,520602.5,457592.0,0.0,0.0,1,1
5520,520602.5,457592.0,0.0,0.0,1,1
5521,520602.5,457592.0,0.0,0.0,1,1
5522,520602.5,457592.0,0.0,0.0,1,1
5523,520602.5,457592.0,0.0,0.0,1,1
5524,520602.5,457592.0,0.0,0.0,1,1
5525,520602.5,457592.0,0.0,0.0,1,1
5526,522735.5,457592.0,0.0,0.0,1,1
5527,522735.5,457592.0,0.0,0.0,1,1
5528,522735.5,457592.0,0.0,0.0,1,1
5529,522735.5,457592.0,0.0,0.0,1,1
5530,522735.5,457592.0,0.0,0.0,1,1
5531,522735.5,457592.0,0.0,0.0,1,1
5532,522735.5,457592.0,0.0,0.0,1,1
5533,521303.0,457592.0,0.0,0.0,1,1
5534,521303.0,457592.0,0.0,0.0,1,1
5535,521303.0,457592.0,0.0,0.0,1,1
5536,521303.0,457592.0,0.0,0.0,1,1
5537,521303.0,457592.0,0.0,0.0,1,1
5538,521303.0,457592.0,0.0,0.0,1,1
5539,521303.0,457592.0,0.0,0.0,1,1
5540,521303.0,457592.0,0.0,0.0,1,1
5541,521303.0,457592.0,0.0,0.0,1,1
5542,521303.0,457592.0,0.0,0.0,1,1
5543,521303.0,457592.0,0.0,0.0,1,1
5544,521303.0,457592.0,0.0,0.0,1,1
5545,521303.0,457592.0,0.0,0.0,1,1
5546,521303.0,457592.0,0.0,0.0,1,1
5547,521303.0,457592.0,0.0,0.0,1,1
5548,521303.0,457592.0,0.0,0.0,1,1
5549,521303.0,457592.0,0.0,0.0,1,1
5550,521303.0,457592.0,0.0,0.0,1,1
5551,521303.0,457592.0,0.0,0.0,1,1
5552,521303.0,457592.0,0.0,0.0,1,1
5553,521303.0,457592.0,0.0,0.0,1,1
5554,521303.0,457592.0,0.0,0.0,1,1
5555,521303.0,457592.0,0.0,0.0,1,1
5556,521303.0,457592.0,0.0,0.0,1,1
5557,521303.0,457592.0,0.0,0.0,1,1
5558,521303.0,457592.0,0.0,0.0,1,1
5559,521303.0,457592.0,0.0,0.0,1,1
5560,521303.0,457592.0,0.0,0.0,1,1
5561,521303.0,457592.0,0.0,0.0,1,1
5562,521303.0,457592.0,0.0,0.0,1,1
5563,521303.0,457592.0,0.0,0.0,1,1
5564,521303.0,457592.0,0.0,0.0,1,1
5565,521303.0,457592.0,0.0,0.0,1,1
5566,521303.0,457592.0,0.0,0.0,1,1
5567,521303.0,457592.0,0.0,0.0,1,1
5568,521303.0,457592.0,0.0,0.0,1,1
5569,521303.0,457592.0,0.0,0.0,1,1
5570,521303.0,457592.0,0.0,0.0,1,1
5571,521303.0,457592.0,0.0,0.0,1,1
5572,521303.0,457592.0,0.0,0.0,1,1
5573,521303.0,457592.0,0.0,0.0,1,1
5574,521303.0,457592.0,0.0,0.0,1,1
5575,521303.0,457592.0,0.0,0.0,1,1
5576,521303.0,457592.0,0.0,0.0,1,1
5577,521303.0,457592.0,0.0,0.0,1,1
5578,521303.0,457592.0,0.0,0.0,1,1
5579,521303.0,457592.0,0.0,0.0,1,1
5580,521303.0,457592.0,0.0,0.0,1,1
5581,521303.0,457592.0,0.0,0.0,1,1
5582,521303.0,457592.0,0.0,0.0,1,1
5583,521303.0,457592.0,0.0,0.0,1,1
5584,521303.0,457592.0,0.0,0.0,1,1
5585,521303.0,457592.0,0.0,0.0,1,1
5586,521303.0,457592.0,0.0,0.0,1,1
5587,521166.0,457592.0,0.0,0.0,1,1
5588,521166.0,457592.0,0.0,0.0,1,1
5589,521166.0,457592.0,0.0,0.0,1,1
5590,521166.0,457592.0,0.0,0.0,1,1
5591,521166.0,457592.0,0.0,0.0,1,1
5592,521166.0,457592.0,0.0,0.0,1,1
5593,521166.0,457592.0,0.0,0.0,1,1
5594,521166.0,457592.0,0.0,0.0,1,1
5595,521166.0,457592.0,0.0,0.0,1,1
5596,521166.0,457592.0,0.0,0.0,1,1
5597,521166.0,457592.0,0.0,0.0,1,1
5598,521166.0,457592.0,0.0,0.0,1,1
5599,521166.0,457592.0,0.0,0.0,1,1
5600,521166.0,457592.0,0.0,0.0,1,1
5601,521166.0,457592.0,0.0,0.0,1,1
5602,521166.0,457592.0,0.0,0.0,1,1
5603,521166.0,457592.0,0.0,0.0,1,1
5604,521166.0,457592.0,0.0,0.0,1,1
5605,521166.0,457592.0,0.0,0.0,1,1
5606,521166.0,457592.0,0.0,0.0,1,1
5607,521166.0,457592.0,0.0,0.0,1,1
5608,521166.0,457592.0,0.0,0.0,1,1
5609,521166.0,457592.0,0.0,0.0,1,1
5610,521166.0,457592.0,0.0,0.0,1,1
5611,521166.0,457592.0,0.0,0.0,1,1
5612,521166.0,457592.0,0.0,0.0,1,1
5613,521166.0,457592.0,0.0,0.0,1,1
5614,521166.0,457592.0,0.0,0.0,1,1
5615,521166.0,457592.0,0.0,0.0,1,1
5616,521166.0,457592.0,0.0,0.0,1,1
5617,521166.0,457592.0,0.0,0.0,1,1
5618,521166.0,457592.0,0.0,0.0,1,1
5619,521166.0,457592.0,0.0,0.0,1,1
5620,521166.0,457592.0,0.0,0.0,1,1
5621,521166.0,457592.0,0.0,0.0,1,1
5622,521166.0,457592.0,0.0,0.0,1,1
5623,521166.0,457592.0,0.0,0.0,1,1
5624,521166.0,457592.0,0.0,0.0,1,1
5625,521166.0,457592.0,0.0,0.0,1,1
5626,521166.0,457592.0,0.0,0.0,1,1
5627,521166.0,457592.0,0.0,0.0,1,1
5628,521292.0,457592.0,0.0,0.0,1,1
5629,521292.0,457592.0,0.0,0.0,1,1
5630,521292.0,457592.0,0.0,0.0,1,1
5631,521292.0,457592.0,0.0,0.0,1,1
5632,521292.0,457592.0,0.0,0.0,1,1
5633,521292.0,457592.0,0.0,0.0,1,1
5634,521292.0,457592.0,0.0,0.0,1,1
5635,521292.0,457592.0,0.0,0.0,1,1
5636,521292.0,457592.0,0.0,0.0,1,1
5637,521292.0,457592.0,0.0,0.0,1,1
5638,521292.0,457592.0,0.0,0.0,1,1
5639,521292.0,457592.0,0.0,0.0,1,1
5640,521292.0,457592.0,0.0,0.0,1,1
5641,521292.0,457592.0,0.0,0.0,1,1
5642,522534.5,457592.0,0.0,0.0,1,1
5643,522534.5,457592.0,0.0,0.0,1,1
5644,522534.5,457592.0,0.0,0.0,1,1
5645,522534.5,457592.0,0.0,0.0,1,1
5646,522534.5,457592.0,0.0,0.0,1,1
5647,522492.0,457592.0,0.0,0.0,1,1
5648,522527.0,457592.0,0.0,0.0,1,1
5649,522506.5,457592.0,0.0,0.0,1,1
5650,522506.5,457592.0,0.0,0.0,1,1
5651,522506.5,457592.0,0.0,0.0,1,1
5652,522506.5,457592.0,0.0,0.0,1,1
5653,522506.5,457592.0,0.0,0.0,1,1
5654,522506.5,457592.0,0.0,0.0,1,1
5655,522506.5,457592.0,0.0,0.0,1,1
5656,522506.5,457592.0,0.0,0.0,1,1
5657,522506.5,457592.0,0.0,0.0,1,1
5658,522506.5,457592.0,0.0,0.0,1,1
5659,522506.5,457592.0,0.0,0.0,1,1
5660,522506.5,457592.0,0.0,0.0,1,1
5661,522506.5,457592.0,0.0,0.0,1,1
5662,522506.5,457592.0,0.0,0.0,1,1
5663,522506.5,457592.0,0.0,0.0,1,1
5664,522506.5,457592.0,0.0,0.0,1,1
5665,522506.5,457592.0,0.0,0.0,1,1
5666,522506.5,457592.0,0.0,0.0,1,1
5667,522506.5,457592.0,0.0,0.0,1,1
5668,522506.5,457592.0,0.0,0.0,1,1
5669,522506.5,457592.0,0.0,0.0,1,1
5670,522506.5,457592.0,0.0,0.0,1,1
5671,522506.5,457592.0,0.0,0.0,1,1
5672,522506.5,457592.0,0.0,0.0,1,1
5673,522634.0,457592.0,0.0,0.0,1,1
5674,522634.0,457592.0,0.0,0.0,1,1
5675,522634.0,457592.0,0.0,0.0,1,1
5676,522634.0,457592.0,0.0,0.0,1,1
5677,522634.0,457592.0,0.0,0.0,1,1
5678,522634.0,457592.0,0.0,0.0,1,1
5679,522634.0,457592.0,0.0,0.0,1,1
5680,522634.0,457592.0,0.0,0.0,1,1
5681,522634.0,457592.0,0.0,0.0,1,1
5682,522634.0,457592.0,0.0,0.0,1,1
5683,522634.0,457592.0,0.0,0.0,1,1
5684,522634.0,457592.0,0.0,0.0,1,1
5685,522634.0,457592.0,0.0,0.0,1,1
5686,522634.0,457592.0,0.0,0.0,1,1
5687,522634.0,457592.0,0.0,0.0,1,1
5688,522634.0,457592.0,0.0,0.0,1,1
5689,522634.0,457592.0,0.0,0.0,1,1
5690,522634.0,457592.0,0.0,0.0,1,1
5691,522634.0,457592.0,0.0,0.0,1,1
5692,522634.0,457592.0,0.0,0.0,1,1
5693,522634.0,457592.0,0.0,0.0,1,1
5694,522634.0,457592.0,0.0,0.0,1,1
5695,522634.0,457592.0,0.0,0.0,1,1
5696,522634.0,457592.0,0.0,0.0,1,1
5697,522634.0,457592.0,0.0,0.0,1,1
5698,522634.0,457592.0,0.0,0.0,1,1
5699,522634.0,457592.0,0.0,0.0,1,1
5700,522634.0,457592.0,0.0,0.0,1,1
5701,529428.0,457592.0,0.0,0.0,1,1
5702,529428.0,457592.0,0.0,0.0,1,1
5703,529428.0,457592.0,0.0,0.0,1,1
5704,529428.0,457592.0,0.0,0.0,1,1
5705,529428.0,457592.0,0.0,0.0,1,1
5706,529428.0,457592.0,0.0,0.0,1,1
5707,529428.0,457592.0,0.0,0.0,1,1
5708,529428.0,457592.0,0.0,0.0,1,1
5709,529428.0,457592.0,0.0,0.0,1,1
5710,529428.0,457592.0,0.0,0.0,1,1
5711,529428.0,457592.0,0.0,0.0,1,1
5712,529428.0,457592.0,0.0,0.0,1,1
5713,529428.0,457592.0,0.0,0.0,1,1
5714,528993.0,457592.0,0.0,0.0,1,1
5715,528993.0,457592.0,0.0,0.0,1,1
5716,528993.0,457592.0,0.0,0.0,1,1
5717,528993.0,457592.0,0.0,0.0,1,1
5718,528993.0,457592.0,0.0,0.0,1,1
5719,528993.0,457592.0,0.0,0.0,1,1
5720,529286.5,457592.0,0.0,0.0,1,1
5721,529286.5,457592.0,0.0,0.0,1,1
5722,529286.5,457592.0,0.0,0.0,1,1
5723,529286.5,457592.0,0.0,0.0,1,1
5724,529286.5,457592.0,0.0,0.0,1,1
5725,529286.5,457592.0,0.0,0.0,1,1
5726,529286.5,457592.0,0.0,0.0,1,1
5727,529286.5,457592.0,0.0,0.0,1,1
5728,529287.5,457592.0,0.0,0.0,1,1
5729,529287.5,457592.0,0.0,0.0,1,1
5730,529287.5,457592.0,0.0,0.0,1,1
5731,529287.5,457592.0,0.0,0.0,1,1
5732,529287.5,457592.0,0.0,0.0,1,1
5733,529287.5,457592.0,0.0,0.0,1,1
5734,529287.5,457592.0,0.0,0.0,1,1
5735,529287.5,457592.0,0.0,0.0,1,1
5736,529287.5,457592.0,0.0,0.0,1,1
5737,529287.5,457592.0,0.0,0.0,1,1
5738,529287.5,457592.0,0.0,0.0,1,1
5739,529287.5,457592.0,0.0,0.0,1,1
5740,529287.5,457592.0,0.0,0.0,1,1
5741,529287.5,457592.0,0.0,0.0,1,1
5742,529287.5,457592.0,0.0,0.0,1,1
5743,529287.5,457592.0,0.0,0.0,1,1
5744,529287.5,457592.0,0.0,0.0,1,1
5745,529287.5,457592.0,0.0,0.0,1,1
5746,529287.5,457592.0,0.0,0.0,1,1
5747,527177.5,457592.0,0.0,0.0,1,1
5748,527177.5,457592.0,0.0,0.0,1,1
5749,527177.5,457592.0,0.0,0.0,1,1
5750,526952.0,457592.0,0.0,0.0,1,1
5751,526952.0,457592.0,0.0,0.0,1,1
5752,526952.0,457592.0,0.0,0.0,1,1
5753,526952.0,457592.0,0.0,0.0,1,1
5754,526268.0,457592.0,0.0,0.0,1,1
5755,526268.0,457592.0,0.0,0.0,1,1
5756,526268.0,457592.0,0.0,0.0,1,1
5757,526268.0,457592.0,0.0,0.0,1,1
5758,526268.0,457592.0,0.0,0.0,1,1
5759,526268.0,457592.0,0.0,0.0,1,1
5760,526268.0,457592.0,0.0,0.0,1,1
5761,526268.0,457592.0,0.0,0.0,1,1
5762,526268.0,457592.0,0.0,0.0,1,1
5763,526268.0,457592.0,0.0,0.0,1,1
5764,526268.0,457592.0,0.0,0.0,1,1
5765,526268.0,457592.0,0.0,0.0,1,1
5766,526268.0,457592.0,0.0,0.0,1,1
5767,526268.0,457592.0,0.0,0.0,1,1
5768,526268.0,457592.0,0.0,0.0,1,1
5769,526268.0,457592.0,0.0,0.0,1,1
5770,526268.0,457592.0,0.0,0.0,1,1
5771,526288.5,457592.0,0.0,0.0,1,1
5772,526288.5,457592.0,0.0,0.0,1,1
5773,526288.5,457592.0,0.0,0.0,1,1
5774,526288.5,457592.0,0.0,0.0,1,1
5775,526288.5,457592.0,0.0,0.0,1,1
5776,526288.5,457592.0,0.0,0.0,1,1
5777,526288.5,457592.0,0.0,0.0,1,1
5778,526288.5,457592.0,0.0,0.0,1,1
5779,526288.5,457592.0,0.0,0.0,1,1
5780,526288.5,457592.0,0.0,0.0,1,1
5781,526288.5,457592.0,0.0,0.0,1,1
5782,526288.5,457592.0,0.0,0.0,1,1
5783,526288.5,457592.0,0.0,0.0,1,1
5784,526288.5,457592.0,0.0,0.0,1,1
5785,526288.5,457592.0,0.0,0.0,1,1
5786,526288.5,457592.0,0.0,0.0,1,1
5787,526288.5,457592.0,0.0,0.0,1,1
5788,526288.5,457592.0,0.0,0.0,1,1
5789,526288.5,457592.0,0.0,0.0,1,1
5790,526288.5,457592.0,0.0,0.0,1,1
5791,526288.5,457592.0,0.0,0.0,1,1
5792,526288.5,457592.0,0.0,0.0,1,1
5793,526288.5,457592.0,0.0,0.0,1,1
5794,526288.5,457592.0,0.0,0.0,1,1
5795,526288.5,457592.0,0.0,0.0,1,1
5796,526288.5,457592.0,0.0,0.0,1,1
5797,526288.5,457592.0,0.0,0.0,1,1
5798,526288.5,457592.0,0.0,0.0,1,1
5799,526288.5,457592.0,0.0,0.0,1,1
5800,526288.5,457592.0,0.0,0.0,1,1
5801,526288.5,457592.0,0.0,0.0,1,1
5802,526288.5,457592.0,0.0,0.0,1,1
5803,526288.5,457592.0,0.0,0.0,1,1
5804,526288.5,457592.0,0.0,0.0,1,1
5805,526288.5,457592.0,0.0,0.0,1,1
5806,526288.5,457592.0,0.0,0.0,1,1
5807,526288.5,457592.0,0.0,0.0,1,1
5808,526744.0,457592.0,0.0,0.0,1,1
5809,526744.0,457592.0,0.0,0.0,1,1
5810,526744.0,457592.0,0.0,0.0,1,1
5811,526687.5,457592.0,0.0,0.0,1,1
5812,526623.0,457592.0,0.0,0.0,1,1
5813,526623.0,457592.0,0.0,0.0,1,1
5814,526623.0,457592.0,0.0,0.0,1,1
5815,526623.0,457592.0,0.0,0.0,1,1
5816,526623.0,457592.0,0.0,0.0,1,1
5817,526623.0,457592.0,0.0,0.0,1,1
5818,526623.0,457592.0,0.0,0.0,1,1
5819,526623.0,457592.0,0.0,0.0,1,1
5820,526623.0,457592.0,0.0,0.0,1,1
5821,526623.0,457592.0,0.0,0.0,1,1
5822,526623.0,457592.0,0.0,0.0,1,1
5823,526623.0,457592.0,0.0,0.0,1,1
5824,526623.0,457592.0,0.0,0.0,1,1
5825,526623.0,457592.0,0.0,0.0,1,1
5826,526623.0,457592.0,0.0,0.0,1,1
5827,526623.0,457592.0,0.0,0.0,1,1
5828,526623.0,457592.0,0.0,0.0,1,1
5829,526623.0,457592.0,0.0,0.0,1,1
5830,526623.0,457592.0,0.0,0.0,1,1
5831,526623.0,457592.0,0.0,0.0,1,1
5832,526623.0,457592.0,0.0,0.0,1,1
5833,526623.0,457592.0,0.0,0.0,1,1
5834,526623.0,457592.0,0.0,0.0,1,1
5835,526623.0,457592.0,0.0,0.0,1,1
5836,526623.0,457592.0,0.0,0.0,1,1
5837,526623.0,457592.0,0.0,0.0,1,1
5838,526623.0,457592.0,0.0,0.0,1,1
5839,526623.0,457592.0,0.0,0.0,1,1
5840,526623.0,457592.0,0.0,0.0,1,1
5841,526623.0,457592.0,0.0,0.0,1,1
5842,526623.0,457592.0,0.0,0.0,1,1
5843,526623.0,457592.0,0.0,0.0,1,1
5844,526623.0,457592.0,0.0,0.0,1,1
5845,526623.0,457592.0,0.0,0.0,1,1
5846,526623.0,457592.0,0.0,0.0,1,1
5847,526623.0,457592.0,0.0,0.0,1,1
5848,526623.0,457592.0,0.0,0.0,1,1
5849,526623.0,457592.0,0.0,0.0,1,1
5850,526623.0,457592.0,0.0,0.0,1,1
5851,526623.0,457592.0,0.0,0.0,1,1
5852,526623.0,457592.0,0.0,0.0,1,1
5853,526623.0,457592.0,0.0,0.0,1,1
5854,526623.0,457592.0,0.0,0.0,1,1
5855,526623.0,457592.0,0.0,0.0,1,1
5856,526623.0,457592.0,0.0,0.0,1,1
5857,526623.0,457592.0,0.0,0.0,1,1
5858,526623.0,457592.0,0.0,0.0,1,1
5859,526623.0,457592.0,0.0,0.0,1,1
5860,526623.0,457592.0,0.0,0.0,1,1
5861,526623.0,457592.0,0.0,0.0,1,1
5862,526623.0,457592.0,0.0,0.0,1,1
5863,526659.0,457592.0,0.0,0.0,1,1
5864,526659.0,457592.0,0.0,0.0,1,1
5865,526659.0,457592.0,0.0,0.0,1,1
5866,526659.0,457592.0,0.0,0.0,1,1
5867,526659.0,457592.0,0.0,0.0,1,1
5868,526659.0,457592.0,0.0,0.0,1,1
5869,526659.0,457592.0,0.0,0.0,1,1
5870,526659.0,457592.0,0.0,0.0,1,1
5871,526659.0,457592.0,0.0,0.0,1,1
5872,526659.0,457592.0,0.0,0.0,1,1
5873,526659.0,457592.0,0.0,0.0,1,1
5874,526659.0,457592.0,0.0,0.0,1,1
5875,526659.0,457592.0,0.0,0.0,1,1
5876,526659.0,457592.0,0.0,0.0,1,1
5877,526659.0,457592.0,0.0,0.0,1,1
5878,526659.0,457592.0,0.0,0.0,1,1
5879,526439.5,457592.0,0.0,0.0,1,1
5880,526439.5,457592.0,0.0,0.0,1,1
5881,526439.5,457592.0,0.0,0.0,1,1
5882,526439.5,457592.0,0.0,0.0,1,1
5883,526242.5,457592.0,0.0,0.0,1,1
5884,526242.5,457592.0,0.0,0.0,1,1
5885,526250.5,457592.0,0.0,0.0,1,1
5886,526250.5,457592.0,0.0,0.0,1,1
5887,526250.5,457592.0,0.0,0.0,1,1
5888,526250.5,457592.0,0.0,0.0,1,1
5889,526250.5,457592.0,0.0,0.0,1,1
5890,526250.5,457592.0,0.0,0.0,1,1
5891,526250.5,457592.0,0.0,0.0,1,1
5892,526250.5,457592.0,0.0,0.0,1,1
5893,526250.5,457592.0,0.0,0.0,1,1
5894,526250.5,457592.0,0.0,0.0,1,1
5895,526250.5,457592.0,0.0,0.0,1,1
5896,526250.5,457592.0,0.0,0.0,1,1
5897,526250.5,457592.0,0.0,0.0,1,1
5898,526250.5,457592.0,0.0,0.0,1,1
5899,526250.5,457592.0,0.0,0.0,1,1
5900,526250.5,457592.0,0.0,0.0,1,1
5901,526250.5,457592.0,0.0,0.0,1,1
5902,526250.5,457592.0,0.0,0.0,1,1
5903,526368.5,457592.0,0.0,0.0,1,1
5904,526368.5,457592.0,0.0,0.0,1,1
5905,526368.5,457592.0,0.0,0.0,1,1
5906,526368.5,457592.0,0.0,0.0,1,1
5907,526368.5,457592.0,0.0,0.0,1,1
5908,526368.5,457592.0,0.0,0.0,1,1
5909,526368.5,457592.0,0.0,0.0,1,1
5910,526368.5,457592.0,0.0,0.0,1,1
5911,526368.5,457592.0,0.0,0.0,1,1
5912,526368.5,457592.0,0.0,0.0,1,1
5913,526368.5,457592.0,0.0,0.0,1,1
5914,526368.5,457592.0,0.0,0.0,1,1
5915,526368.5,457592.0,0.0,0.0,1,1
5916,526368.5,457592.0,0.0,0.0,1,1
5917,526368.5,457592.0,0.0,0.0,1,1
5918,526380.5,457592.0,0.0,0.0,1,1
5919,526380.5,457592.0,0.0,0.0,1,1
5920,526380.5,457592.0,0.0,0.0,1,1
5921,526380.5,457592.0,0.0,0.0,1,1
5922,526380.5,457592.0,0.0,0.0,1,1
5923,526380.5,457592.0,0.0,0.0,1,1
5924,526380.5,457592.0,0.0,0.0,1,1
5925,526380.5,457592.0,0.0,0.0,1,1
5926,526380.5,457592.0,0.0,0.0,1,1
5927,526380.5,457592.0,0.0,0.0,1,1
5928,526380.5,457592.0,0.0,0.0,1,1
5929,526380.5,457592.0,0.0,0.0,1,1
5930,526380.5,457592.0,0.0,0.0,1,1
5931,526380.5,457592.0,0.0,0.0,1,1
5932,526380.5,457592.0,0.0,0.0,1,1
5933,526380.5,457592.0,0.0,0.0,1,1
5934,526380.5,457592.0,0.0,0.0,1,1
5935,526380.5,457592.0,0.0,0.0,1,1
5936,526380.5,457592.0,0.0,0.0,1,1
5937,526380.5,457592.0,0.0,0.0,1,1
5938,526380.5,457592.0,0.0,0.0,1,1
5939,526380.5,457592.0,0.0,0.0,1,1
5940,526380.5,457592.0,0.0,0.0,1,1
5941,526380.5,457592.0,0.0,0.0,1,1
5942,526380.5,457592.0,0.0,0.0,1,1
5943,526380.5,457592.0,0.0,0.0,1,1
5944,526380.5,457592.0,0.0,0.0,1,1
5945,526380.5,457592.0,0.0,0.0,1,1
5946,526380.5,457592.0,0.0,0.0,1,1
5947,526380.5,457592.0,0.0,0.0,1,1
5948,526380.5,457592.0,0.0,0.0,1,1
5949,526483.5,457592.0,0.0,0.0,1,1
5950,526483.5,457592.0,0.0,0.0,1,1
5951,526483.5,457592.0,0.0,0.0,1,1
5952,526483.5,457592.0,0.0,0.0,1,1
5953,526483.5,457592.0,0.0,0.0,1,1
5954,526483.5,457592.0,0.0,0.0,1,1
5955,526483.5,457592.0,0.0,0.0,1,1
5956,526483.5,457592.0,0.0,0.0,1,1
5957,526483.5,457592.0,0.0,0.0,1,1
5958,526483.5,457592.0,0.0,0.0,1,1
5959,526483.5,457592.0,0.0,0.0,1,1
5960,526483.5,457592.0,0.0,0.0,1,1
5961,526483.5,457592.0,0.0,0.0,1,1
5962,526483.5,457592.0,0.0,0.0,1,1
5963,526483.5,457592.0,0.0,0.0,1,1
5964,526483.5,457592.0,0.0,0.0,1,1
5965,526483.5,457592.0,0.0,0.0,1,1
5966,526483.5,457592.0,0.0,0.0,1,1
5967,526483.5,457592.0,0.0,0.0,1,1
5968,526483.5,457592.0,0.0,0.0,1,1
5969,526483.5,457592.0,0.0,0.0,1,1
5970,526483.5,457592.0,0.0,0.0,1,1
5971,526483.5,457592.0,0.0,0.0,1,1
5972,526483.5,457592.0,0.0,0.0,1,1
5973,526483.5,457592.0,0.0,0.0,1,1
5974,526483.5,457592.0,0.0,0.0,1,1
5975,526483.5,457592.0,0.0,0.0,1,1
5976,526483.5,457592.0,0.0,0.0,1,1
5977,526483.5,457592.0,0.0,0.0,1,1
5978,526483.5,457592.0,0.0,0.0,1,1
5979,526468.5,457592.0,0.0,0.0,1,1
5980,526468.5,457592.0,0.0,0.0,1,1
5981,526468.5,457592.0,0.0,0.0,1,1
5982,526468.5,457592.0,0.0,0.0,1,1
5983,526468.5,457592.0,0.0,0.0,1,1
5984,526468.5,457592.0,0.0,0.0,1,1
5985,526468.5,457592.0,0.0,0.0,1,1
5986,526468.5,457592.0,0.0,0.0,1,1
5987,526468.5,457592.0,0.0,0.0,1,1
5988,526468.5,457592.0,0.0,0.0,1,1
5989,526468.5,457592.0,0.0,0.0,1,1
5990,526468.5,457592.0,0.0,0.0,1,1
5991,526468.5,457592.0,0.0,0.0,1,1
5992,526468.5,457592.0,0.0,0.0,1,1
5993,526468.5,457592.0,0.0,0.0,1,1
5994,526468.5,457592.0,0.0,0.0,1,1
5995,526468.5,457592.0,0.0,0.0,1,1
5996,526468.5,457592.0,0.0,0.0,1,1
5997,526468.5,457592.0,0.0,0.0,1,1
5998,526468.5,457592.0,0.0,0.0,1,1
5999,526468.5,457592.0,0.0,0.0,1,1
6000,526468.5,457592.0,0.0,0.0,1,1
6001,526468.5,457592.0,0.0,0.0,1,1
6002,526468.5,457592.0,0.0,0.0,1,1
6003,526468.5,457592.0,0.0,0.0,1,1
6004,526468.5,457592.0,0.0,0.0,1,1
6005,526468.5,457592.0,0.0,0.0,1,1
6006,526468.5,457592.0,0.0,0.0,1,1
6007,526468.5,457592.0,0.0,0.0,1,1
6008,526468.5,457592.0,0.0,0.0,1,1
6009,526468.5,457592.0,0.0,0.0,1,1
6010,527806.5,457592.0,0.0,0.0,1,1
6011,527806.5,457592.0,0.0,0.0,1,1
6012,527806.5,457592.0,0.0,0.0,1,1
6013,527806.5,457592.0,0.0,0.0,1,1
6014,527806.5,457592.0,0.0,0.0,1,1
6015,527806.5,457592.0,0.0,0.0,1,1
6016,527806.5,457592.0,0.0,0.0,1,1
6017,527806.5,457592.0,0.0,0.0,1,1
6018,527391.5,457592.0,0.0,0.0,1,1
6019,527391.5,457592.0,0.0,0.0,1,1
6020,527391.5,457592.0,0.0,0.0,1,1
6021,527391.5,457592.0,0.0,0.0,1,1
6022,527391.5,457592.0,0.0,0.0,1,1
6023,527391.5,457592.0,0.0,0.0,1,1
6024,527391.5,457592.0,0.0,0.0,1,1
6025,527391.5,457592.0,0.0,0.0,1,1
6026,527391.5,457592.0,0.0,0.0,1,1
6027,527391.5,457592.0,0.0,0.0,1,1
6028,527391.5,457592.0,0.0,0.0,1,1
6029,527391.5,457592.0,0.0,0.0,1,1
6030,527391.5,457592.0,0.0,0.0,1,1
6031,527391.5,457592.0,0.0,0.0,1,1
6032,527391.5,457592.0,0.0,0.0,1,1
6033,527391.5,457592.0,0.0,0.0,1,1
6034,527391.5,457592.0,0.0,0.0,1,1
6035,527391.5,457592.0,0.0,0.0,1,1
6036,527391.5,457592.0,0.0,0.0,1,1
6037,527391.5,457592.0,0.0,0.0,1,1
6038,527391.5,457592.0,0.0,0.0,1,1
6039,527391.5,457592.0,0.0,0.0,1,1
6040,527391.5,457592.0,0.0,0.0,1,1
6041,527391.5,457592.0,0.0,0.0,1,1
6042,527391.5,457592.0,0.0,0.0,1,1
6043,527391.5,457592.0,0.0,0.0,1,1
6044,527391.5,457592.0,0.0,0.0,1,1
6045,527391.5,457592.0,0.0,0.0,1,1
6046,527391.5,457592.0,0.0,0.0,1,1
6047,527391.5,457592.0,0.0,0.0,1,1
6048,527391.5,457592.0,0.0,0.0,1,1
6049,527391.5,457592.0,0.0,0.0,1,1
6050,527391.5,457592.0,0.0,0.0,1,1
6051,527391.5,457592.0,0.0,0.0,1,1
6052,527391.5,457592.0,0.0,0.0,1,1
6053,527391.5,457592.0,0.0,0.0,1,1
6054,527391.5,457592.0,0.0,0.0,1,1
6055,527391.5,457592.0,0.0,0.0,1,1
6056,527391.5,457592.0,0.0,0.0,1,1
6057,527391.5,457592.0,0.0,0.0,1,1
6058,527391.5,457592.0,0.0,0.0,1,1
6059,527391.5,457592.0,0.0,0.0,1,1
6060,527391.5,457592.0,0.0,0.0,1,1
6061,527391.5,457592.0,0.0,0.0,1,1
6062,527391.5,457592.0,0.0,0.0,1,1
6063,527391.5,457592.0,0.0,0.0,1,1
6064,527391.5,457592.0,0.0,0.0,1,1
6065,527499.5,457592.0,0.0,0.0,1,1
6066,527499.5,457592.0,0.0,0.0,1,1
6067,527499.5,457592.0,0.0,0.0,1,1
6068,527499.5,457592.0,0.0,0.0,1,1
6069,527499.5,457592.0,0.0,0.0,1,1
6070,527499.5,457592.0,0.0,0.0,1,1
6071,527499.5,457592.0,0.0,0.0,1,1
6072,527499.5,457592.0,0.0,0.0,1,1
6073,527499.5,457592.0,0.0,0.0,1,1
6074,527499.5,457592.0,0.0,0.0,1,1
6075,527499.5,457592.0,0.0,0.0,1,1
6076,527499.5,457592.0,0.0,0.0,1,1
6077,527499.5,457592.0,0.0,0.0,1,1
6078,527580.5,457592.0,0.0,0.0,1,1
6079,527580.5,457592.0,0.0,0.0,1,1
6080,527580.5,457592.0,0.0,0.0,1,1
6081,527580.5,457592.0,0.0,0.0,1,1
6082,527580.5,457592.0,0.0,0.0,1,1
6083,527580.5,457592.0,0.0,0.0,1,1
6084,527580.5,457592.0,0.0,0.0,1,1
6085,527580.5,457592.0,0.0,0.0,1,1
6086,527580.5,457592.0,0.0,0.0,1,1
6087,527580.5,457592.0,0.0,0.0,1,1
6088,527580.5,457592.0,0.0,0.0,1,1
6089,527580.5,457592.0,0.0,0.0,1,1
6090,527580.5,457592.0,0.0,0.0,1,1
6091,527580.5,457592.0,0.0,0.0,1,1
6092,527580.5,457592.0,0.0,0.0,1,1
6093,527580.5,457592.0,0.0,0.0,1,1
6094,527580.5,457592.0,0.0,0.0,1,1
6095,527580.5,457592.0,0.0,0.0,1,1
6096,527580.5,457592.0,0.0,0.0,1,1
6097,527580.5,457592.0,0.0,0.0,1,1
6098,527580.5,457592.0,0.0,0.0,1,1
6099,527580.5,457592.0,0.0,0.0,1,1
6100,527580.5,457592.0,0.0,0.0,1,1
6101,527580.5,457592.0,0.0,0.0,1,1
6102,527580.5,457592.0,0.0,0.0,1,1
6103,527580.5,457592.0,0.0,0.0,1,1
6104,527580.5,457592.0,0.0,0.0,1,1
6105,527580.5,457592.0,0.0,0.0,1,1
6106,527580.5,457592.0,0.0,0.0,1,1
6107,527580.5,457592.0,0.0,0.0,1,1
6108,527580.5,457592.0,0.0,0.0,1,1
6109,527580.5,457592.0,0.0,0.0,1,1
6110,527580.5,457592.0,0.0,0.0,1,1
6111,527580.5,457592.0,0.0,0.0,1,1
6112,527580.5,457592.0,0.0,0.0,1,1
6113,527580.5,457592.0,0.0,0.0,1,1
6114,527580.5,457592.0,0.0,0.0,1,1
6115,527580.5,457592.0,0.0,0.0,1,1
6116,527580.5,457592.0,0.0,0.0,1,1
6117,527580.5,457592.0,0.0,0.0,1,1
6118,527580.5,457592.0,0.0,0.0,1,1
6119,527580.5,457592.0,0.0,0.0,1,1
6120,527580.5,457592.0,0.0,0.0,1,1
6121,527580.5,457592.0,0.0,0.0,1,1
6122,527580.5,457592.0,0.0,0.0,1,1
6123,527580.5,457592.0,0.0,0.0,1,1
6124,527580.5,457592.0,0.0,0.0,1,1
6125,527580.5,457592.0,0.0,0.0,1,1
6126,527580.5,457592.0,0.0,0.0,1,1
6127,527580.5,457592.0,0.0,0.0,1,1
6128,527580.5,457592.0,0.0,0.0,1,1
6129,527580.5,457592.0,0.0,0.0,1,1
6130,527580.5,457592.0,0.0,0.0,1,1
6131,527580.5,457592.0,0.0,0.0,1,1
6132,527580.5,457592.0,0.0,0.0,1,1
6133,527580.5,457592.0,0.0,0.0,1,1
6134,527580.5,457592.0,0.0,0.0,1,1
6135,527580.5,457592.0,0.0,0.0,1,1
6136,527580.5,457592.0,0.0,0.0,1,1
6137,527580.5,457592.0,0.0,0.0,1,1
6138,527580.5,457592.0,0.0,0.0,1,1
6139,527580.5,457592.0,0.0,0.0,1,1
6140,527580.5,457592.0,0.0,0.0,1,1
6141,527580.5,457592.0,0.0,0.0,1,1
6142,527580.5,457592.0,0.0,0.0,1,1
6143,527580.5,457592.0,0.0,0.0,1,1
6144,527580.5,457592.0,0.0,0.0,1,1
6145,527580.5,457592.0,0.0,0.0,1,1
6146,527580.5,457592.0,0.0,0.0,1,1
6147,527580.5,457592.0,0.0,0.0,1,1
6148,527580.5,457592.0,0.0,0.0,1,1
6149,527580.5,457592.0,0.0,0.0,1,1
6150,527580.5,457592.0,0.0,0.0,1,1
6151,527580.5,457592.0,0.0,0.0,1,1
6152,527580.5,457592.0,0.0,0.0,1,1
6153,527580.5,457592.0,0.0,0.0,1,1
6154,527580.5,457592.0,0.0,0.0,1,1
6155,527580.5,457592.0,0.0,0.0,1,1
6156,527580.5,457592.0,0.0,0.0,1,1
6157,527580.5,457592.0,0.0,0.0,1,1
6158,527580.5,457592.0,0.0,0.0,1,1
6159,527580.5,457592.0,0.0,0.0,1,1
6160,527580.5,457592.0,0.0,0.0,1,1
6161,527580.5,457592.0,0.0,0.0,1,1
6162,527580.5,457592.0,0.0,0.0,1,1
6163,527580.5,457592.0,0.0,0.0,1,1
6164,527580.5,457592.0,0.0,0.0,1,1
6165,527580.5,457592.0,0.0,0.0,1,1
6166,527580.5,457592.0,0.0,0.0,1,1
6167,527580.5,457592.0,0.0,0.0,1,1
6168,527580.5,457592.0,0.0,0.0,1,1
6169,527580.5,457592.0,0.0,0.0,1,1
6170,527580.5,457592.0,0.0,0.0,1,1
6171,527580.5,457592.0,0.0,0.0,1,1
6172,527580.5,457592.0,0.0,0.0,1,1
6173,527580.5,457592.0,0.0,0.0,1,1
6174,527580.5,457592.0,0.0,0.0,1,1
6175,527580.5,457592.0,0.0,0.0,1,1
6176,527580.5,457592.0,0.0,0.0,1,1
6177,527580.5,457592.0,0.0,0.0,1,1
6178,527580.5,457592.0,0.0,0.0,1,1
6179,527580.5,457592.0,0.0,0.0,1,1
6180,527580.5,457592.0,0.0,0.0,1,1
6181,527580.5,457592.0,0.0,0.0,1,1
6182,527580.5,457592.0,0.0,0.0,1,1
6183,527580.5,457592.0,0.0,0.0,1,1
6184,527580.5,457592.0,0.0,0.0,1,1
6185,527580.5,457592.0,0.0,0.0,1,1
6186,527580.5,457592.0,0.0,0.0,1,1
6187,527580.5,457592.0,0.0,0.0,1,1
6188,527580.5,457592.0,0.0,0.0,1,1
6189,527580.5,457592.0,0.0,0.0,1,1
6190,527580.5,457592.0,0.0,0.0,1,1
6191,527580.5,457592.0,0.0,0.0,1,1
6192,527580.5,457592.0,0.0,0.0,1,1
6193,527580.5,457592.0,0.0,0.0,1,1
6194,527580.5,457592.0,0.0,0.0,1,1
6195,527580.5,457592.0,0.0,0.0,1,1
6196,527580.5,457592.0,0.0,0.0,1,1
6197,527580.5,457592.0,0.0,0.0,1,1
6198,527580.5,457592.0,0.0,0.0,1,1
6199,527580.5,457592.0,0.0,0.0,1,1
6200,527655.5,457592.0,0.0,0.0,1,1
6201,527655.5,457592.0,0.0,0.0,1,1
6202,527655.5,457592.0,0.0,0.0,1,1
6203,527655.5,457592.0,0.0,0.0,1,1
6204,527655.5,457592.0,0.0,0.0,1,1
6205,527655.5,457592.0,0.0,0.0,1,1
6206,527655.5,457592.0,0.0,0.0,1,1
6207,527655.5,457592.0,0.0,0.0,1,1
6208,527655.5,457592.0,0.0,0.0,1,1
6209,527655.5,457592.0,0.0,0.0,1,1
6210,527655.5,457592.0,0.0,0.0,1,1
6211,527655.5,457592.0,0.0,0.0,1,1
6212,527655.5,457592.0,0.0,0.0,1,1
6213,527655.5,457592.0,0.0,0.0,1,1
6214,527655.5,457592.0,0.0,0.0,1,1
6215,527655.5,457592.0,0.0,0.0,1,1
6216,527655.5,457592.0,0.0,0.0,1,1
6217,527655.5,457592.0,0.0,0.0,1,1
6218,527655.5,457592.0,0.0,0.0,1,1
6219,527655.5,457592.0,0.0,0.0,1,1
6220,527655.5,457592.0,0.0,0.0,1,1
6221,527655.5,457592.0,0.0,0.0,1,1
6222,527655.5,457592.0,0.0,0.0,1,1
6223,527655.5,457592.0,0.0,0.0,1,1
6224,528061.5,457592.0,0.0,0.0,1,1
6225,528061.5,457592.0,0.0,0.0,1,1
6226,528061.5,457592.0,0.0,0.0,1,1
6227,528061.5,457592.0,0.0,0.0,1,1
6228,528061.5,457592.0,0.0,0.0,1,1
6229,528061.5,457592.0,0.0,0.0,1,1
6230,528061.5,457592.0,0.0,0.0,1,1
6231,528061.5,457592.0,0.0,0.0,1,1
6232,528061.5,457592.0,0.0,0.0,1,1
6233,528061.5,457592.0,0.0,0.0,1,1
6234,528061.5,457592.0,0.0,0.0,1,1
6235,528061.5,457592.0,0.0,0.0,1,1
6236,528061.5,457592.0,0.0,0.0,1,1
6237,528061.5,457592.0,0.0,0.0,1,1
6238,528061.5,457592.0,0.0,0.0,1,1
6239,528061.5,457592.0,0.0,0.0,1,1
6240,528061.5,457592.0,0.0,0.0,1,1
6241,528061.5,457592.0,0.0,0.0,1,1
6242,528061.5,457592.0,0.0,0.0,1,1
6243,528061.5,457592.0,0.0,0.0,1,1
6244,528061.5,457592.0,0.0,0.0,1,1
6245,528061.5,457592.0,0.0,0.0,1,1
6246,528061.5,457592.0,0.0,0.0,1,1
6247,528061.5,457592.0,0.0,0.0,1,1
6248,528061.5,457592.0,0.0,0.0,1,1
6249,528061.5,457592.0,0.0,0.0,1,1
6250,528061.5,457592.0,0.0,0.0,1,1
6251,528061.5,457592.0,0.0,0.0,1,1
6252,528061.5,457592.0,0.0,0.0,1,1
6253,528061.5,457592.0,0.0,0.0,1,1
6254,528061.5,457592.0,0.0,0.0,1,1
6255,528061.5,457592.0,0.0,0.0,1,1
6256,528061.5,457592.0,0.0,0.0,1,1
6257,528061.5,457592.0,0.0,0.0,1,1
6258,528061.5,457592.0,0.0,0.0,1,1
6259,528252.5,457592.0,0.0,0.0,1,1
6260,528252.5,457592.0,0.0,0.0,1,1
6261,528252.5,457592.0,0.0,0.0,1,1
6262,528252.5,457592.0,0.0,0.0,1,1
6263,528252.5,457592.0,0.0,0.0,1,1
6264,528252.5,457592.0,0.0,0.0,1,1
6265,528252.5,457592.0,0.0,0.0,1,1
6266,528252.5,457592.0,0.0,0.0,1,1
6267,528252.5,457592.0,0.0,0.0,1,1
6268,528252.5,457592.0,0.0,0.0,1,1
6269,528252.5,457592.0,0.0,0.0,1,1
6270,528252.5,457592.0,0.0,0.0,1,1
6271,528252.5,457592.0,0.0,0.0,1,1
6272,528252.5,457592.0,0.0,0.0,1,1
6273,528252.5,457592.0,0.0,0.0,1,1
6274,528252.5,457592.0,0.0,0.0,1,1
6275,528252.5,457592.0,0.0,0.0,1,1
6276,528252.5,457592.0,0.0,0.0,1,1
6277,528252.5,457592.0,0.0,0.0,1,1
6278,528252.5,457592.0,0.0,0.0,1,1
6279,528252.5,457592.0,0.0,0.0,1,1
6280,528252.5,457592.0,0.0,0.0,1,1
6281,528252.5,457592.0,0.0,0.0,1,1
6282,528252.5,457592.0,0.0,0.0,1,1
6283,528252.5,457592.0,0.0,0.0,1,1
6284,528252.5,457592.0,0.0,0.0,1,1
6285,528252.5,457592.0,0.0,0.0,1,1
6286,528252.5,457592.0,0.0,0.0,1,1
6287,528252.5,457592.0,0.0,0.0,1,1
6288,527877.0,457592.0,0.0,0.0,1,1
6289,527877.0,457592.0,0.0,0.0,1,1
6290,527877.0,457592.0,0.0,0.0,1,1
6291,527877.0,457592.0,0.0,0.0,1,1
6292,527877.0,457592.0,0.0,0.0,1,1
6293,527877.0,457592.0,0.0,0.0,1,1
6294,527877.0,457592.0,0.0,0.0,1,1
6295,527877.0,457592.0,0.0,0.0,1,1
6296,527877.0,457592.0,0.0,0.0,1,1
6297,527877.0,457592.0,0.0,0.0,1,1
6298,527877.0,457592.0,0.0,0.0,1,1
6299,527877.0,457592.0,0.0,0.0,1,1
6300,527877.0,457592.0,0.0,0.0,1,1
6301,527877.0,457592.0,0.0,0.0,1,1
6302,527877.0,457592.0,0.0,0.0,1,1
6303,528137.5,457592.0,0.0,0.0,1,1
6304,528137.5,457592.0,0.0,0.0,1,1
6305,528137.5,457592.0,0.0,0.0,1,1
6306,528137.5,457592.0,0.0,0.0,1,1
6307,528137.5,457592.0,0.0,0.0,1,1
6308,528137.5,457592.0,0.0,0.0,1,1
6309,528137.5,457592.0,0.0,0.0,1,1
6310,528137.5,457592.0,0.0,0.0,1,1
6311,528137.5,457592.0,0.0,0.0,1,1
6312,528137.5,457592.0,0.0,0.0,1,1
6313,528137.5,457592.0,0.0,0.0,1,1
6314,528137.5,457592.0,0.0,0.0,1,1
6315,528137.5,457592.0,0.0,0.0,1,1
6316,528137.5,457592.0,0.0,0.0,1,1
6317,528137.5,457592.0,0.0,0.0,1,1
6318,528137.5,457592.0,0.0,0.0,1,1
6319,528137.5,457592.0,0.0,0.0,1,1
6320,528137.5,457592.0,0.0,0.0,1,1
6321,528137.5,457592.0,0.0,0.0,1,1
6322,528137.5,457592.0,0.0,0.0,1,1
6323,528137.5,457592.0,0.0,0.0,1,1
6324,528137.5,457592.0,0.0,0.0,1,1
6325,528137.5,457592.0,0.0,0.0,1,1
6326,528137.5,457592.0,0.0,0.0,1,1
6327,528137.5,457592.0,0.0,0.0,1,1
6328,528001.5,457592.0,0.0,0.0,1,1
6329,528001.5,457592.0,0.0,0.0,1,1
6330,528001.5,457592.0,0.0,0.0,1,1
6331,528001.5,457592.0,0.0,0.0,1,1
6332,528001.5,457592.0,0.0,0.0,1,1
6333,528001.5,457592.0,0.0,0.0,1,1
6334,528001.5,457592.0,0.0,0.0,1,1
6335,528001.5,457592.0,0.0,0.0,1,1
6336,528001.5,457592.0,0.0,0.0,1,1
6337,528001.5,457592.0,0.0,0.0,1,1
6338,528001.5,457592.0,0.0,0.0,1,1
6339,528001.5,457592.0,0.0,0.0,1,1
6340,528001.5,457592.0,0.0,0.0,1,1
6341,528001.5,457592.0,0.0,0.0,1,1
6342,528001.5,457592.0,0.0,0.0,1,1
6343,528001.5,457592.0,0.0,0.0,1,1
6344,528001.5,457592.0,0.0,0.0,1,1
6345,528001.5,457592.0,0.0,0.0,1,1
6346,528001.5,457592.0,0.0,0.0,1,1
6347,528001.5,457592.0,0.0,0.0,1,1
6348,528047.0,457592.0,0.0,0.0,1,1
6349,528047.0,457592.0,0.0,0.0,1,1
6350,528047.0,457592.0,0.0,0.0,1,1
6351,528047.0,457592.0,0.0,0.0,1,1
6352,528047.0,457592.0,0.0,0.0,1,1
6353,528047.0,457592.0,0.0,0.0,1,1
6354,528047.0,457592.0,0.0,0.0,1,1
6355,528047.0,457592.0,0.0,0.0,1,1
6356,528047.0,457592.0,0.0,0.0,1,1
6357,528047.0,457592.0,0.0,0.0,1,1
6358,528047.0,457592.0,0.0,0.0,1,1
6359,528047.0,457592.0,0.0,0.0,1,1
6360,528047.0,457592.0,0.0,0.0,1,1
6361,528047.0,457592.0,0.0,0.0,1,1
6362,528047.0,457592.0,0.0,0.0,1,1
6363,528047.0,457592.0,0.0,0.0,1,1
6364,528346.5,457592.0,0.0,0.0,1,1
6365,528346.5,457592.0,0.0,0.0,1,1
6366,528346.5,457592.0,0.0,0.0,1,1
6367,528346.5,457592.0,0.0,0.0,1,1
6368,528346.5,457592.0,0.0,0.0,1,1
6369,528346.5,457592.0,0.0,0.0,1,1
6370,528346.5,457592.0,0.0,0.0,1,1
6371,528346.5,457592.0,0.0,0.0,1,1
6372,528346.5,457592.0,0.0,0.0,1,1
6373,528346.5,457592.0,0.0,0.0,1,1
6374,528346.5,457592.0,0.0,0.0,1,1
6375,528346.5,457592.0,0.0,0.0,1,1
6376,528346.5,457592.0,0.0,0.0,1,1
6377,528495.0,457592.0,0.0,0.0,1,1
6378,528495.0,457592.0,0.0,0.0,1,1
6379,528495.0,457592.0,0.0,0.0,1,1
6380,528495.0,457592.0,0.0,0.0,1,1
6381,528495.0,457592.0,0.0,0.0,1,1
6382,528495.0,457592.0,0.0,0.0,1,1
6383,528495.0,457592.0,0.0,0.0,1,1
6384,528495.0,457592.0,0.0,0.0,1,1
6385,528495.0,457592.0,0.0,0.0,1,1
6386,528495.0,457592.0,0.0,0.0,1,1
6387,528495.0,457592.0,0.0,0.0,1,1
6388,528495.0,457592.0,0.0,0.0,1,1
6389,528495.0,457592.0,0.0,0.0,1,1
6390,528495.0,457592.0,0.0,0.0,1,1
6391,528495.0,457592.0,0.0,0.0,1,1
6392,528495.0,457592.0,0.0,0.0,1,1
6393,528495.0,457592.0,0.0,0.0,1,1
6394,528495.0,457592.0,0.0,0.0,1,1
6395,528495.0,457592.0,0.0,0.0,1,1
6396,528495.0,457592.0,0.0,0.0,1,1
6397,528495.0,457592.0,0.0,0.0,1,1
6398,528495.0,457592.0,0.0,0.0,1,1
6399,528495.0,457592.0,0.0,0.0,1,1
6400,528495.0,457592.0,0.0,0.0,1,1
6401,528495.0,457592.0,0.0,0.0,1,1
6402,528495.0,457592.0,0.0,0.0,1,1
6403,528495.0,457592.0,0.0,0.0,1,1
6404,528495.0,457592.0,0.0,0.0,1,1
6405,528495.0,457592.0,0.0,0.0,1,1
6406,528495.0,457592.0,0.0,0.0,1,1
6407,528495.0,457592.0,0.0,0.0,1,1
6408,528304.0,457592.0,0.0,0.0,1,1
6409,528304.0,457592.0,0.0,0.0,1,1
6410,528304.0,457592.0,0.0,0.0,1,1
6411,528304.0,457592.0,0.0,0.0,1,1
6412,528304.0,457592.0,0.0,0.0,1,1
6413,528304.0,457592.0,0.0,0.0,1,1
6414,528304.0,457592.0,0.0,0.0,1,1
6415,528304.0,457592.0,0.0,0.0,1,1
6416,528304.0,457592.0,0.0,0.0,1,1
6417,528304.0,457592.0,0.0,0.0,1,1
6418,528304.0,457592.0,0.0,0.0,1,1
6419,528304.0,457592.0,0.0,0.0,1,1
6420,528304.0,457592.0,0.0,0.0,1,1
6421,528304.0,457592.0,0.0,0.0,1,1
6422,528304.0,457592.0,0.0,0.0,1,1
6423,528304.0,457592.0,0.0,0.0,1,1
6424,528304.0,457592.0,0.0,0.0,1,1
6425,528304.0,457592.0,0.0,0.0,1,1
6426,528345.5,457592.0,0.0,0.0,1,1
6427,528345.5,457592.0,0.0,0.0,1,1
6428,528345.5,457592.0,0.0,0.0,1,1
6429,528345.5,457592.0,0.0,0.0,1,1
6430,528345.5,457592.0,0.0,0.0,1,1
6431,528345.5,457592.0,0.0,0.0,1,1
6432,528345.5,457592.0,0.0,0.0,1,1
6433,528345.5,457592.0,0.0,0.0,1,1
6434,528345.5,457592.0,0.0,0.0,1,1
6435,528345.5,457592.0,0.0,0.0,1,1
6436,528345.5,457592.0,0.0,0.0,1,1
6437,528345.5,457592.0,0.0,0.0,1,1
6438,528348.0,457592.0,0.0,0.0,1,1
6439,528348.0,457592.0,0.0,0.0,1,1
6440,528348.0,457592.0,0.0,0.0,1,1
6441,528348.0,457592.0,0.0,0.0,1,1
6442,528348.0,457592.0,0.0,0.0,1,1
6443,528348.0,457592.0,0.0,0.0,1,1
6444,528348.0,457592.0,0.0,0.0,1,1
6445,528348.0,457592.0,0.0,0.0,1,1
6446,528348.0,457592.0,0.0,0.0,1,1
6447,528348.0,457592.0,0.0,0.0,1,1
6448,528348.0,457592.0,0.0,0.0,1,1
6449,527371.0,457592.0,0.0,0.0,1,1
6450,527371.0,457592.0,0.0,0.0,1,1
6451,527371.0,457592.0,0.0,0.0,1,1
6452,527371.0,457592.0,0.0,0.0,1,1
6453,527371.0,457592.0,0.0,0.0,1,1
6454,527371.0,457592.0,0.0,0.0,1,1
6455,527371.0,457592.0,0.0,0.0,1,1
6456,527371.0,457592.0,0.0,0.0,1,1
6457,527371.0,457592.0,0.0,0.0,1,1
6458,527371.0,457592.0,0.0,0.0,1,1
6459,527371.0,457592.0,0.0,0.0,1,1
6460,527371.0,457592.0,0.0,0.0,1,1
6461,527371.0,457592.0,0.0,0.0,1,1
6462,527371.0,457592.0,0.0,0.0,1,1
6463,527371.0,457592.0,0.0,0.0,1,1
6464,527371.0,457592.0,0.0,0.0,1,1
6465,527371.0,457592.0,0.0,0.0,1,1
6466,527371.0,457592.0,0.0,0.0,1,1
6467,527371.0,457592.0,0.0,0.0,1,1
6468,527371.0,457592.0,0.0,0.0,1,1
6469,527371.0,457592.0,0.0,0.0,1,1
6470,527371.0,457592.0,0.0,0.0,1,1
6471,527371.0,457592.0,0.0,0.0,1,1
6472,527371.0,457592.0,0.0,0.0,1,1
6473,527371.0,457592.0,0.0,0.0,1,1
6474,527371.0,457592.0,0.0,0.0,1,1
6475,527371.0,457592.0,0.0,0.0,1,1
6476,527371.0,457592.0,0.0,0.0,1,1
6477,527371.0,457592.0,0.0,0.0,1,1
6478,527371.0,457592.0,0.0,0.0,1,1
6479,527371.0,457592.0,0.0,0.0,1,1
6480,527371.0,457592.0,0.0,0.0,1,1
6481,527371.0,457592.0,0.0,0.0,1,1
6482,527371.0,457592.0,0.0,0.0,1,1
6483,527371.0,457592.0,0.0,0.0,1,1
6484,527371.0,457592.0,0.0,0.0,1,1
6485,527371.0,457592.0,0.0,0.0,1,1
6486,527371.0,457592.0,0.0,0.0,1,1
6487,527371.0,457592.0,0.0,0.0,1,1
6488,527371.0,457592.0,0.0,0.0,1,1
6489,527371.0,457592.0,0.0,0.0,1,1
6490,527371.0,457592.0,0.0,0.0,1,1
6491,527371.0,457592.0,0.0,0.0,1,1
6492,527371.0,457592.0,0.0,0.0,1,1
6493,527371.0,457592.0,0.0,0.0,1,1
6494,527371.0,457592.0,0.0,0.0,1,1
6495,527371.0,457592.0,0.0,0.0,1,1
6496,527371.0,457592.0,0.0,0.0,1,1
6497,527371.0,457592.0,0.0,0.0,1,1
6498,527371.0,457592.0,0.0,0.0,1,1
6499,527826.5,457592.0,0.0,0.0,1,1
6500,527826.5,457592.0,0.0,0.0,1,1
6501,527826.5,457592.0,0.0,0.0,1,1
6502,527826.5,457592.0,0.0,0.0,1,1
6503,527826.5,457592.0,0.0,0.0,1,1
6504,527826.5,457592.0,0.0,0.0,1,1
6505,527826.5,457592.0,0.0,0.0,1,1
6506,527826.5,457592.0,0.0,0.0,1,1
6507,527826.5,457592.0,0.0,0.0,1,1
6508,527826.5,457592.0,0.0,0.0,1,1
6509,527826.5,457592.0,0.0,0.0,1,1
6510,527826.5,457592.0,0.0,0.0,1,1
6511,527826.5,457592.0,0.0,0.0,1,1
6512,527826.5,457592.0,0.0,0.0,1,1
6513,527826.5,457592.0,0.0,0.0,1,1
6514,527826.5,457592.0,0.0,0.0,1,1
6515,527826.5,457592.0,0.0,0.0,1,1
6516,527826.5,457592.0,0.0,0.0,1,1
6517,527826.5,457592.0,0.0,0.0,1,1
6518,527826.5,457592.0,0.0,0.0,1,1
6519,527826.5,457592.0,0.0,0.0,1,1
6520,527826.5,457592.0,0.0,0.0,1,1
6521,527826.5,457592.0,0.0,0.0,1,1
6522,527826.5,457592.0,0.0,0.0,1,1
6523,527826.5,457592.0,0.0,0.0,1,1
6524,527965.5,457592.0,0.0,0.0,1,1
6525,527965.5,457592.0,0.0,0.0,1,1
6526,527965.5,457592.0,0.0,0.0,1,1
6527,527965.5,457592.0,0.0,0.0,1,1
6528,527965.5,457592.0,0.0,0.0,1,1
6529,527965.5,457592.0,0.0,0.0,1,1
6530,527965.5,457592.0,0.0,0.0,1,1
6531,527965.5,457592.0,0.0,0.0,1,1
6532,527965.5,457592.0,0.0,0.0,1,1
6533,527965.5,457592.0,0.0,0.0,1,1
6534,527965.5,457592.0,0.0,0.0,1,1
6535,527965.5,457592.0,0.0,0.0,1,1
6536,527965.5,457592.0,0.0,0.0,1,1
6537,527965.5,457592.0,0.0,0.0,1,1
6538,527965.5,457592.0,0.0,0.0,1,1
6539,527965.5,457592.0,0.0,0.0,1,1
6540,527965.5,457592.0,0.0,0.0,1,1
6541,527965.5,457592.0,0.0,0.0,1,1
6542,527965.5,457592.0,0.0,0.0,1,1
6543,527965.5,457592.0,0.0,0.0,1,1
6544,527965.5,457592.0,0.0,0.0,1,1
6545,527965.5,457592.0,0.0,0.0,1,1
6546,527965.5,457592.0,0.0,0.0,1,1
6547,527965.5,457592.0,0.0,0.0,1,1
6548,527965.5,457592.0,0.0,0.0,1,1
6549,527965.5,457592.0,0.0,0.0,1,1
6550,527965.5,457592.0,0.0,0.0,1,1
6551,527965.5,457592.0,0.0,0.0,1,1
6552,527965.5,457592.0,0.0,0.0,1,1
6553,527965.5,457592.0,0.0,0.0,1,1
6554,527965.5,457592.0,0.0,0.0,1,1
6555,527965.5,457592.0,0.0,0.0,1,1
6556,527965.5,457592.0,0.0,0.0,1,1
6557,527965.5,457592.0,0.0,0.0,1,1
6558,527965.5,457592.0,0.0,0.0,1,1
6559,527965.5,457592.0,0.0,0.0,1,1
6560,527965.5,457592.0,0.0,0.0,1,1
6561,527965.5,457592.0,0.0,0.0,1,1
6562,527965.5,457592.0,0.0,0.0,1,1
6563,527965.5,457592.0,0.0,0.0,1,1
6564,527965.5,457592.0,0.0,0.0,1,1
6565,527965.5,457592.0,0.0,0.0,1,1
6566,527965.5,457592.0,0.0,0.0,1,1
6567,527965.5,457592.0,0.0,0.0,1,1
6568,526580.5,457592.0,0.0,0.0,1,1
6569,526711.0,457592.0,0.0,0.0,1,1
6570,526711.0,457592.0,0.0,0.0,1,1
6571,526711.0,457592.0,0.0,0.0,1,1
6572,526711.0,457592.0,0.0,0.0,1,1
6573,526711.0,457592.0,0.0,0.0,1,1
6574,526985.5,457592.0,0.0,0.0,1,1
6575,526985.5,457592.0,0.0,0.0,1,1
6576,526985.5,457592.0,0.0,0.0,1,1
6577,526985.5,457592.0,0.0,0.0,1,1
6578,526985.5,457592.0,0.0,0.0,1,1
6579,529225.0,457592.0,0.0,0.0,1,1
6580,529225.0,457592.0,0.0,0.0,1,1
6581,529225.0,457592.0,0.0,0.0,1,1
6582,526906.0,457592.0,0.0,0.0,1,1
6583,526906.0,457592.0,0.0,0.0,1,1
6584,526906.0,457592.0,0.0,0.0,1,1
6585,526906.0,457592.0,0.0,0.0,1,1
6586,526982.5,457592.0,0.0,0.0,1,1
6587,526982.5,457592.0,0.0,0.0,1,1
6588,526982.5,457592.0,0.0,0.0,1,1
6589,526982.5,457592.0,0.0,0.0,1,1
6590,526982.5,457592.0,0.0,0.0,1,1
6591,526982.5,457592.0,0.0,0.0,1,1
6592,526982.5,457592.0,0.0,0.0,1,1
6593,526982.5,457592.0,0.0,0.0,1,1
6594,526982.5,457592.0,0.0,0.0,1,1
6595,526982.5,457592.0,0.0,0.0,1,1
6596,526982.5,457592.0,0.0,0.0,1,1
6597,526982.5,457592.0,0.0,0.0,1,1
6598,526982.5,457592.0,0.0,0.0,1,1
6599,526982.5,457592.0,0.0,0.0,1,1
6600,526982.5,457592.0,0.0,0.0,1,1
6601,526982.5,457592.0,0.0,0.0,1,1
6602,526982.5,457592.0,0.0,0.0,1,1
6603,526982.5,457592.0,0.0,0.0,1,1
6604,526982.5,457592.0,0.0,0.0,1,1
6605,528228.5,457592.0,0.0,0.0,1,1
6606,528228.5,457592.0,0.0,0.0,1,1
6607,528228.5,457592.0,0.0,0.0,1,1
6608,528228.5,457592.0,0.0,0.0,1,1
6609,528228.5,457592.0,0.0,0.0,1,1
6610,528228.5,457592.0,0.0,0.0,1,1
6611,528228.5,457592.0,0.0,0.0,1,1
6612,528228.5,457592.0,0.0,0.0,1,1
6613,528228.5,457592.0,0.0,0.0,1,1
6614,528228.5,457592.0,0.0,0.0,1,1
6615,528228.5,457592.0,0.0,0.0,1,1
6616,528228.5,457592.0,0.0,0.0,1,1
6617,528228.5,457592.0,0.0,0.0,1,1
6618,528228.5,457592.0,0.0,0.0,1,1
6619,528228.5,457592.0,0.0,0.0,1,1
6620,528228.5,457592.0,0.0,0.0,1,1
6621,528228.5,457592.0,0.0,0.0,1,1
6622,528228.5,457592.0,0.0,0.0,1,1
6623,528228.5,457592.0,0.0,0.0,1,1
6624,528228.5,457592.0,0.0,0.0,1,1
6625,528228.5,457592.0,0.0,0.0,1,1
6626,528228.5,457592.0,0.0,0.0,1,1
6627,528228.5,457592.0,0.0,0.0,1,1
6628,528228.5,457592.0,0.0,0.0,1,1
6629,528228.5,457592.0,0.0,0.0,1,1
6630,528228.5,457592.0,0.0,0.0,1,1
6631,528228.5,457592.0,0.0,0.0,1,1
6632,528228.5,457592.0,0.0,0.0,1,1
6633,528228.5,457592.0,0.0,0.0,1,1
6634,528228.5,457592.0,0.0,0.0,1,1
6635,528448.0,457592.0,0.0,0.0,1,1
6636,528448.0,457592.0,0.0,0.0,1,1
6637,528448.0,457592.0,0.0,0.0,1,1
6638,528448.0,457592.0,0.0,0.0,1,1
6639,528448.0,457592.0,0.0,0.0,1,1
6640,528448.0,457592.0,0.0,0.0,1,1
6641,528448.0,457592.0,0.0,0.0,1,1
6642,528448.0,457592.0,0.0,0.0,1,1
6643,528448.0,457592.0,0.0,0.0,1,1
6644,528448.0,457592.0,0.0,0.0,1,1
6645,528448.0,457592.0,0.0,0.0,1,1
6646,528448.0,457592.0,0.0,0.0,1,1
6647,528448.0,457592.0,0.0,0.0,1,1
6648,528448.0,457592.0,0.0,0.0,1,1
6649,528448.0,457592.0,0.0,0.0,1,1
6650,528448.0,457592.0,0.0,0.0,1,1
6651,528448.0,457592.0,0.0,0.0,1,1
6652,528448.0,457592.0,0.0,0.0,1,1
6653,528448.0,457592.0,0.0,0.0,1,1
6654,528448.0,457592.0,0.0,0.0,1,1
6655,528448.0,457592.0,0.0,0.0,1,1
6656,528448.0,457592.0,0.0,0.0,1,1
6657,528448.0,457592.0,0.0,0.0,1,1
6658,528448.0,457592.0,0.0,0.0,1,1
6659,528448.0,457592.0,0.0,0.0,1,1
6660,528448.0,457592.0,0.0,0.0,1,1
6661,528448.0,457592.0,0.0,0.0,1,1
6662,528448.0,457592.0,0.0,0.0,1,1
6663,528448.0,457592.0,0.0,0.0,1,1
6664,528448.0,457592.0,0.0,0.0,1,1
6665,528448.0,457592.0,0.0,0.0,1,1
6666,528448.0,457592.0,0.0,0.0,1,1
6667,528448.0,457592.0,0.0,0.0,1,1
6668,528448.0,457592.0,0.0,0.0,1,1
6669,528448.0,457592.0,0.0,0.0,1,1
6670,528448.0,457592.0,0.0,0.0,1,1
6671,528448.0,457592.0,0.0,0.0,1,1
6672,527962.5,457592.0,0.0,0.0,1,1
6673,527962.5,457592.0,0.0,0.0,1,1
6674,527962.5,457592.0,0.0,0.0,1,1
6675,527962.5,457592.0,0.0,0.0,1,1
6676,527962.5,457592.0,0.0,0.0,1,1
6677,527962.5,457592.0,0.0,0.0,1,1
6678,527962.5,457592.0,0.0,0.0,1,1
6679,527962.5,457592.0,0.0,0.0,1,1
6680,527940.0,457592.0,0.0,0.0,1,1
6681,527940.0,457592.0,0.0,0.0,1,1
6682,527940.0,457592.0,0.0,0.0,1,1
6683,527940.0,457592.0,0.0,0.0,1,1
6684,527940.0,457592.0,0.0,0.0,1,1
6685,527940.0,457592.0,0.0,0.0,1,1
6686,527940.0,457592.0,0.0,0.0,1,1
6687,527817.0,457592.0,0.0,0.0,1,1
6688,527817.0,457592.0,0.0,0.0,1,1
6689,527817.0,457592.0,0.0,0.0,1,1
6690,527817.0,457592.0,0.0,0.0,1,1
6691,527817.0,457592.0,0.0,0.0,1,1
6692,527817.0,457592.0,0.0,0.0,1,1
6693,527817.0,457592.0,0.0,0.0,1,1
6694,527817.0,457592.0,0.0,0.0,1,1
6695,524241.0,457592.0,0.0,0.0,1,1
6696,524241.0,457592.0,0.0,0.0,1,1
6697,526731.5,457592.0,0.0,0.0,1,1
6698,526731.5,457592.0,0.0,0.0,1,1
6699,526731.5,457592.0,0.0,0.0,1,1
6700,526731.5,457592.0,0.0,0.0,1,1
6701,526731.5,457592.0,0.0,0.0,1,1
6702,524025.0,457592.0,0.0,0.0,1,1
6703,524025.0,457592.0,0.0,0.0,1,1
6704,524025.0,457592.0,0.0,0.0,1,1
6705,524025.0,457592.0,0.0,0.0,1,1
6706,524025.0,457592.0,0.0,0.0,1,1
6707,524025.0,457592.0,0.0,0.0,1,1
6708,524025.0,457592.0,0.0,0.0,1,1
6709,524025.0,457592.0,0.0,0.0,1,1
6710,524025.0,457592.0,0.0,0.0,1,1
6711,524025.0,457592.0,0.0,0.0,1,1
6712,524025.0,457592.0,0.0,0.0,1,1
6713,524025.0,457592.0,0.0,0.0,1,1
6714,524025.0,457592.0,0.0,0.0,1,1
6715,524025.0,457592.0,0.0,0.0,1,1
6716,524025.0,457592.0,0.0,0.0,1,1
6717,524025.0,457592.0,0.0,0.0,1,1
6718,524025.0,457592.0,0.0,0.0,1,1
6719,524025.0,457592.0,0.0,0.0,1,1
6720,524025.0,457592.0,0.0,0.0,1,1
6721,524025.0,457592.0,0.0,0.0,1,1
6722,524388.0,457592.0,0.0,0.0,1,1
6723,524388.0,457592.0,0.0,0.0,1,1
6724,524388.0,457592.0,0.0,0.0,1,1
6725,524388.0,457592.0,0.0,0.0,1,1
6726,524560.0,457592.0,0.0,0.0,1,1
6727,524560.0,457592.0,0.0,0.0,1,1
6728,524560.0,457592.0,0.0,0.0,1,1
6729,524560.0,457592.0,0.0,0.0,1,1
6730,524560.0,457592.0,0.0,0.0,1,1
6731,524417.5,457592.0,0.0,0.0,1,1
6732,524417.5,457592.0,0.0,0.0,1,1
6733,524417.5,457592.0,0.0,0.0,1,1
6734,524417.5,457592.0,0.0,0.0,1,1
6735,524417.5,457592.0,0.0,0.0,1,1
6736,524417.5,457592.0,0.0,0.0,1,1
6737,524417.5,457592.0,0.0,0.0,1,1
6738,524417.5,457592.0,0.0,0.0,1,1
6739,524417.5,457592.0,0.0,0.0,1,1
6740,524417.5,457592.0,0.0,0.0,1,1
6741,524417.5,457592.0,0.0,0.0,1,1
6742,524417.5,457592.0,0.0,0.0,1,1
6743,524417.5,457592.0,0.0,0.0,1,1
6744,524417.5,457592.0,0.0,0.0,1,1
6745,524417.5,457592.0,0.0,0.0,1,1
6746,524417.5,457592.0,0.0,0.0,1,1
6747,524417.5,457592.0,0.0,0.0,1,1
6748,524417.5,457592.0,0.0,0.0,1,1
6749,524417.5,457592.0,0.0,0.0,1,1
6750,524417.5,457592.0,0.0,0.0,1,1
6751,524417.5,457592.0,0.0,0.0,1,1
6752,524359.5,457592.0,0.0,0.0,1,1
6753,524359.5,457592.0,0.0,0.0,1,1
6754,524359.5,457592.0,0.0,0.0,1,1
6755,524359.5,457592.0,0.0,0.0,1,1
6756,524359.5,457592.0,0.0,0.0,1,1
6757,524359.5,457592.0,0.0,0.0,1,1
6758,524359.5,457592.0,0.0,0.0,1,1
6759,524359.5,457592.0,0.0,0.0,1,1
6760,524359.5,457592.0,0.0,0.0,1,1
6761,524359.5,457592.0,0.0,0.0,1,1
6762,524359.5,457592.0,0.0,0.0,1,1
6763,524359.5,457592.0,0.0,0.0,1,1
6764,524359.5,457592.0,0.0,0.0,1,1
6765,524359.5,457592.0,0.0,0.0,1,1
6766,524359.5,457592.0,0.0,0.0,1,1
6767,524359.5,457592.0,0.0,0.0,1,1
6768,524359.5,457592.0,0.0,0.0,1,1
6769,524528.0,457592.0,0.0,0.0,1,1
6770,524528.0,457592.0,0.0,0.0,1,1
6771,524528.0,457592.0,0.0,0.0,1,1
6772,524528.0,457592.0,0.0,0.0,1,1
6773,524528.0,457592.0,0.0,0.0,1,1
6774,524528.0,457592.0,0.0,0.0,1,1
6775,524528.0,457592.0,0.0,0.0,1,1
6776,524528.0,457592.0,0.0,0.0,1,1
6777,524528.0,457592.0,0.0,0.0,1,1
6778,524542.5,457592.0,0.0,0.0,1,1
6779,524542.5,457592.0,0.0,0.0,1,1
6780,524542.5,457592.0,0.0,0.0,1,1
6781,524542.5,457592.0,0.0,0.0,1,1
6782,524542.5,457592.0,0.0,0.0,1,1
6783,524542.5,457592.0,0.0,0.0,1,1
6784,524542.5,457592.0,0.0,0.0,1,1
6785,524542.5,457592.0,0.0,0.0,1,1
6786,524542.5,457592.0,0.0,0.0,1,1
6787,524542.5,457592.0,0.0,0.0,1,1
6788,525013.5,457592.0,0.0,0.0,1,1
6789,525013.5,457592.0,0.0,0.0,1,1
6790,525013.5,457592.0,0.0,0.0,1,1
6791,525013.5,457592.0,0.0,0.0,1,1
6792,525161.5,457592.0,0.0,0.0,1,1
6793,525161.5,457592.0,0.0,0.0,1,1
6794,525161.5,457592.0,0.0,0.0,1,1
6795,525161.5,457592.0,0.0,0.0,1,1
6796,525161.5,457592.0,0.0,0.0,1,1
6797,525679.5,457592.0,0.0,0.0,1,1
6798,525679.5,457592.0,0.0,0.0,1,1
6799,525679.5,457592.0,0.0,0.0,1,1
6800,525679.5,457592.0,0.0,0.0,1,1
6801,525679.5,457592.0,0.0,0.0,1,1
6802,525679.5,457592.0,0.0,0.0,1,1
6803,525679.5,457592.0,0.0,0.0,1,1
6804,525679.5,457592.0,0.0,0.0,1,1
6805,525679.5,457592.0,0.0,0.0,1,1
6806,525679.5,457592.0,0.0,0.0,1,1
6807,525679.5,457592.0,0.0,0.0,1,1
6808,525679.5,457592.0,0.0,0.0,1,1
6809,525679.5,457592.0,0.0,0.0,1,1
6810,525679.5,457592.0,0.0,0.0,1,1
6811,525679.5,457592.0,0.0,0.0,1,1
6812,525679.5,457592.0,0.0,0.0,1,1
6813,525679.5,457592.0,0.0,0.0,1,1
6814,525679.5,457592.0,0.0,0.0,1,1
6815,525679.5,457592.0,0.0,0.0,1,1
6816,525679.5,457592.0,0.0,0.0,1,1
6817,525679.5,457592.0,0.0,0.0,1,1
6818,525679.5,457592.0,0.0,0.0,1,1
6819,525679.5,457592.0,0.0,0.0,1,1
6820,525679.5,457592.0,0.0,0.0,1,1
6821,525679.5,457592.0,0.0,0.0,1,1
6822,525679.5,457592.0,0.0,0.0,1,1
6823,525679.5,457592.0,0.0,0.0,1,1
6824,525679.5,457592.0,0.0,0.0,1,1
6825,525679.5,457592.0,0.0,0.0,1,1
6826,525679.5,457592.0,0.0,0.0,1,1
6827,525679.5,457592.0,0.0,0.0,1,1
6828,525679.5,457592.0,0.0,0.0,1,1
6829,525679.5,457592.0,0.0,0.0,1,1
6830,525679.5,457592.0,0.0,0.0,1,1
6831,525679.5,457592.0,0.0,0.0,1,1
6832,525679.5,457592.0,0.0,0.0,1,1
6833,525679.5,457592.0,0.0,0.0,1,1
6834,525679.5,457592.0,0.0,0.0,1,1
6835,525679.5,457592.0,0.0,0.0,1,1
6836,525679.5,457592.0,0.0,0.0,1,1
6837,525679.5,457592.0,0.0,0.0,1,1
6838,525679.5,457592.0,0.0,0.0,1,1
6839,525679.5,457592.0,0.0,0.0,1,1
6840,525679.5,457592.0,0.0,0.0,1,1
6841,525679.5,457592.0,0.0,0.0,1,1
6842,525679.5,457592.0,0.0,0.0,1,1
6843,525679.5,457592.0,0.0,0.0,1,1
6844,525679.5,457592.0,0.0,0.0,1,1
6845,525679.5,457592.0,0.0,0.0,1,1
6846,525679.5,457592.0,0.0,0.0,1,1
6847,525679.5,457592.0,0.0,0.0,1,1
6848,525679.5,457592.0,0.0,0.0,1,1
6849,525679.5,457592.0,0.0,0.0,1,1
6850,525679.5,457592.0,0.0,0.0,1,1
6851,525679.5,457592.0,0.0,0.0,1,1
6852,525679.5,457592.0,0.0,0.0,1,1
6853,525679.5,457592.0,0.0,0.0,1,1
6854,525679.5,457592.0,0.0,0.0,1,1
6855,525679.5,457592.0,0.0,0.0,1,1
6856,525679.5,457592.0,0.0,0.0,1,1
6857,525679.5,457592.0,0.0,0.0,1,1
6858,525679.5,457592.0,0.0,0.0,1,1
6859,527500.5,457592.0,0.0,0.0,1,1
6860,527500.5,457592.0,0.0,0.0,1,1
6861,527541.5,457592.0,0.0,0.0,1,1
6862,527541.5,457592.0,0.0,0.0,1,1
6863,527541.5,457592.0,0.0,0.0,1,1
6864,527541.5,457592.0,0.0,0.0,1,1
6865,527541.5,457592.0,0.0,0.0,1,1
6866,527541.5,457592.0,0.0,0.0,1,1
6867,527541.5,457592.0,0.0,0.0,1,1
6868,527541.5,457592.0,0.0,0.0,1,1
6869,527541.5,457592.0,0.0,0.0,1,1
6870,527541.5,457592.0,0.0,0.0,1,1
6871,527541.5,457592.0,0.0,0.0,1,1
6872,527541.5,457592.0,0.0,0.0,1,1
6873,527541.5,457592.0,0.0,0.0,1,1
6874,527541.5,457592.0,0.0,0.0,1,1
6875,527541.5,457592.0,0.0,0.0,1,1
6876,527541.5,457592.0,0.0,0.0,1,1
6877,527541.5,457592.0,0.0,0.0,1,1
6878,527541.5,457592.0,0.0,0.0,1,1
6879,527541.5,457592.0,0.0,0.0,1,1
6880,527541.5,457592.0,0.0,0.0,1,1
6881,527541.5,457592.0,0.0,0.0,1,1
6882,527541.5,457592.0,0.0,0.0,1,1
6883,527541.5,457592.0,0.0,0.0,1,1
6884,527541.5,457592.0,0.0,0.0,1,1
6885,527541.5,457592.0,0.0,0.0,1,1
6886,527541.5,457592.0,0.0,0.0,1,1
6887,527541.5,457592.0,0.0,0.0,1,1
6888,527541.5,457592.0,0.0,0.0,1,1
6889,527541.5,457592.0,0.0,0.0,1,1
6890,527541.5,457592.0,0.0,0.0,1,1
6891,527541.5,457592.0,0.0,0.0,1,1
6892,527541.5,457592.0,0.0,0.0,1,1
6893,527541.5,457592.0,0.0,0.0,1,1
6894,527541.5,457592.0,0.0,0.0,1,1
6895,527541.5,457592.0,0.0,0.0,1,1
6896,527541.5,457592.0,0.0,0.0,1,1
6897,527541.5,457592.0,0.0,0.0,1,1
6898,527541.5,457592.0,0.0,0.0,1,1
6899,527541.5,457592.0,0.0,0.0,1,1
6900,527541.5,457592.0,0.0,0.0,1,1
6901,527541.5,457592.0,0.0,0.0,1,1
6902,527541.5,457592.0,0.0,0.0,1,1
6903,527541.5,457592.0,0.0,0.0,1,1
6904,527541.5,457592.0,0.0,0.0,1,1
6905,527541.5,457592.0,0.0,0.0,1,1
6906,527541.5,457592.0,0.0,0.0,1,1
6907,527541.5,457592.0,0.0,0.0,1,1
6908,527541.5,457592.0,0.0,0.0,1,1
6909,527854.5,457592.0,0.0,0.0,1,1
6910,527854.5,457592.0,0.0,0.0,1,1
6911,527854.5,457592.0,0.0,0.0,1,1
6912,527854.5,457592.0,0.0,0.0,1,1
6913,528260.5,457592.0,0.0,0.0,1,1
6914,528260.5,457592.0,0.0,0.0,1,1
6915,528260.5,457592.0,0.0,0.0,1,1
6916,528260.5,457592.0,0.0,0.0,1,1
6917,528260.5,457592.0,0.0,0.0,1,1
6918,528260.5,457592.0,0.0,0.0,1,1
6919,528260.5,457592.0,0.0,0.0,1,1
6920,528260.5,457592.0,0.0,0.0,1,1
6921,528260.5,457592.0,0.0,0.0,1,1
6922,528260.5,457592.0,0.0,0.0,1,1
6923,528260.5,457592.0,0.0,0.0,1,1
6924,528210.0,457592.0,0.0,0.0,1,1
6925,528210.0,457592.0,0.0,0.0,1,1
6926,528210.0,457592.0,0.0,0.0,1,1
6927,528210.0,457592.0,0.0,0.0,1,1
6928,528192.0,457592.0,0.0,0.0,1,1
6929,528192.0,457592.0,0.0,0.0,1,1
6930,527856.5,457592.0,0.0,0.0,1,1
6931,527856.5,457592.0,0.0,0.0,1,1
6932,527856.5,457592.0,0.0,0.0,1,1
6933,527856.5,457592.0,0.0,0.0,1,1
6934,527856.5,457592.0,0.0,0.0,1,1
6935,527856.5,457592.0,0.0,0.0,1,1
6936,527856.5,457592.0,0.0,0.0,1,1
6937,527856.5,457592.0,0.0,0.0,1,1
6938,527856.5,457592.0,0.0,0.0,1,1
6939,527856.5,457592.0,0.0,0.0,1,1
6940,527856.5,457592.0,0.0,0.0,1,1
6941,527856.5,457592.0,0.0,0.0,1,1
6942,527856.5,457592.0,0.0,0.0,1,1
6943,527856.5,457592.0,0.0,0.0,1,1
6944,527856.5,457592.0,0.0,0.0,1,1
6945,527856.5,457592.0,0.0,0.0,1,1
6946,528192.0,457592.0,0.0,0.0,1,1
6947,528320.0,457592.0,0.0,0.0,1,1
6948,528320.0,457592.0,0.0,0.0,1,1
6949,528320.0,457592.0,0.0,0.0,1,1
6950,528205.0,457592.0,0.0,0.0,1,1
6951,528205.0,457592.0,0.0,0.0,1,1
6952,528205.0,457592.0,0.0,0.0,1,1
6953,528205.0,457592.0,0.0,0.0,1,1
6954,528205.0,457592.0,0.0,0.0,1,1
6955,528205.0,457592.0,0.0,0.0,1,1
6956,528205.0,457592.0,0.0,0.0,1,1
6957,528205.0,457592.0,0.0,0.0,1,1
6958,528205.0,457592.0,0.0,0.0,1,1
6959,528205.0,457592.0,0.0,0.0,1,1
6960,528205.0,457592.0,0.0,0.0,1,1
6961,528205.0,457592.0,0.0,0.0,1,1
6962,528205.0,457592.0,0.0,0.0,1,1
6963,528205.0,457592.0,0.0,0.0,1,1
6964,528205.0,457592.0,0.0,0.0,1,1
6965,528205.0,457592.0,0.0,0.0,1,1
6966,528205.0,457592.0,0.0,0.0,1,1
6967,528205.0,457592.0,0.0,0.0,1,1
6968,528205.0,457592.0,0.0,0.0,1,1
6969,528205.0,457592.0,0.0,0.0,1,1
6970,528207.5,457592.0,0.0,0.0,1,1
6971,528207.5,457592.0,0.0,0.0,1,1
6972,528207.5,457592.0,0.0,0.0,1,1
6973,528207.5,457592.0,0.0,0.0,1,1
6974,528207.5,457592.0,0.0,0.0,1,1
6975,528207.5,457592.0,0.0,0.0,1,1
6976,528207.5,457592.0,0.0,0.0,1,1
6977,528207.5,457592.0,0.0,0.0,1,1
6978,528207.5,457592.0,0.0,0.0,1,1
6979,528207.5,457592.0,0.0,0.0,1,1
6980,528207.5,457592.0,0.0,0.0,1,1
6981,528205.0,457592.0,0.0,0.0,1,1
6982,528205.0,457592.0,0.0,0.0,1,1
6983,528205.0,457592.0,0.0,0.0,1,1
6984,528205.0,457592.0,0.0,0.0,1,1
6985,528205.0,457592.0,0.0,0.0,1,1
6986,528205.0,457592.0,0.0,0.0,1,1
6987,528205.0,457592.0,0.0,0.0,1,1
6988,528205.0,457592.0,0.0,0.0,1,1
6989,528205.0,457592.0,0.0,0.0,1,1
6990,528205.0,457592.0,0.0,0.0,1,1
6991,528205.0,457592.0,0.0,0.0,1,1
6992,528205.0,457592.0,0.0,0.0,1,1
6993,528205.0,457592.0,0.0,0.0,1,1
6994,528205.0,457592.0,0.0,0.0,1,1
6995,528205.0,457592.0,0.0,0.0,1,1
6996,528205.0,457592.0,0.0,0.0,1,1
6997,528205.0,457592.0,0.0,0.0,1,1
6998,528205.0,457592.0,0.0,0.0,1,1
6999,528205.0,457592.0,0.0,0.0,1,1
7000,528205.0,457592.0,0.0,0.0,1,1
7001,528205.0,457592.0,0.0,0.0,1,1
7002,528205.0,457592.0,0.0,0.0,1,1
7003,528205.0,457592.0,0.0,0.0,1,1
7004,528205.0,457592.0,0.0,0.0,1,1
7005,528205.0,457592.0,0.0,0.0,1,1
7006,528205.0,457592.0,0.0,0.0,1,1
7007,528205.0,457592.0,0.0,0.0,1,1
7008,528205.0,457592.0,0.0,0.0,1,1
7009,528205.0,457592.0,0.0,0.0,1,1
7010,528205.0,457592.0,0.0,0.0,1,1
7011,528205.0,457592.0,0.0,0.0,1,1
7012,528205.0,457592.0,0.0,0.0,1,1
7013,528205.0,457592.0,0.0,0.0,1,1
7014,528205.0,457592.0,0.0,0.0,1,1
7015,528205.0,457592.0,0.0,0.0,1,1
7016,528205.0,457592.0,0.0,0.0,1,1
7017,527625.5,457592.0,0.0,0.0,1,1
7018,527625.5,457592.0,0.0,0.0,1,1
7019,527625.5,457592.0,0.0,0.0,1,1
7020,527625.5,457592.0,0.0,0.0,1,1
7021,527625.5,457592.0,0.0,0.0,1,1
7022,527625.5,457592.0,0.0,0.0,1,1
7023,527625.5,457592.0,0.0,0.0,1,1
7024,527625.5,457592.0,0.0,0.0,1,1
7025,527625.5,457592.0,0.0,0.0,1,1
7026,527625.5,457592.0,0.0,0.0,1,1
7027,527625.5,457592.0,0.0,0.0,1,1
7028,527625.5,457592.0,0.0,0.0,1,1
7029,527625.5,457592.0,0.0,0.0,1,1
7030,527625.5,457592.0,0.0,0.0,1,1
7031,525217.5,457592.0,0.0,0.0,1,1
7032,525217.5,457592.0,0.0,0.0,1,1
7033,525217.5,457592.0,0.0,0.0,1,1
7034,525217.5,457592.0,0.0,0.0,1,1
7035,525217.5,457592.0,0.0,0.0,1,1
7036,525217.5,457592.0,0.0,0.0,1,1
7037,525217.5,457592.0,0.0,0.0,1,1
7038,525217.5,457592.0,0.0,0.0,1,1
7039,525217.5,457592.0,0.0,0.0,1,1
7040,525217.5,457592.0,0.0,0.0,1,1
7041,525217.5,457592.0,0.0,0.0,1,1
7042,525217.5,457592.0,0.0,0.0,1,1
7043,525217.5,457592.0,0.0,0.0,1,1
7044,525217.5,457592.0,0.0,0.0,1,1
7045,525217.5,457592.0,0.0,0.0,1,1
7046,525217.5,457592.0,0.0,0.0,1,1
7047,525217.5,457592.0,0.0,0.0,1,1
7048,525217.5,457592.0,0.0,0.0,1,1
7049,525217.5,457592.0,0.0,0.0,1,1
7050,525217.5,457592.0,0.0,0.0,1,1
7051,525217.5,457592.0,0.0,0.0,1,1
7052,525344.5,457592.0,0.0,0.0,1,1
7053,525344.5,457592.0,0.0,0.0,1,1
7054,525344.5,457592.0,0.0,0.0,1,1
7055,525344.5,457592.0,0.0,0.0,1,1
7056,525344.5,457592.0,0.0,0.0,1,1
7057,525344.5,457592.0,0.0,0.0,1,1
7058,525344.5,457592.0,0.0,0.0,1,1
7059,525344.5,457592.0,0.0,0.0,1,1
7060,525344.5,457592.0,0.0,0.0,1,1
7061,525344.5,457592.0,0.0,0.0,1,1
7062,525344.5,457592.0,0.0,0.0,1,1
7063,525344.5,457592.0,0.0,0.0,1,1
7064,525344.5,457592.0,0.0,0.0,1,1
7065,525344.5,457592.0,0.0,0.0,1,1
7066,525344.5,457592.0,0.0,0.0,1,1
7067,525344.5,457592.0,0.0,0.0,1,1
7068,525344.5,457592.0,0.0,0.0,1,1
7069,525344.5,457592.0,0.0,0.0,1,1
7070,525344.5,457592.0,0.0,0.0,1,1
7071,525344.5,457592.0,0.0,0.0,1,1
7072,525344.5,457592.0,0.0,0.0,1,1
7073,525344.5,457592.0,0.0,0.0,1,1
7074,525344.5,457592.0,0.0,0.0,1,1
7075,525344.5,457592.0,0.0,0.0,1,1
7076,525344.5,457592.0,0.0,0.0,1,1
7077,525344.5,457592.0,0.0,0.0,1,1
7078,525344.5,457592.0,0.0,0.0,1,1
7079,525344.5,457592.0,0.0,0.0,1,1
7080,525344.5,457592.0,0.0,0.0,1,1
7081,525344.5,457592.0,0.0,0.0,1,1
7082,525344.5,457592.0,0.0,0.0,1,1
7083,525344.5,457592.0,0.0,0.0,1,1
7084,525344.5,457592.0,0.0,0.0,1,1
7085,525344.5,457592.0,0.0,0.0,1,1
7086,525344.5,457592.0,0.0,0.0,1,1
7087,525344.5,457592.0,0.0,0.0,1,1
7088,525344.5,457592.0,0.0,0.0,1,1
7089,525344.5,457592.0,0.0,0.0,1,1
7090,525344.5,457592.0,0.0,0.0,1,1
7091,525344.5,457592.0,0.0,0.0,1,1
7092,525116.5,457592.0,0.0,0.0,1,1
7093,525116.5,457592.0,0.0,0.0,1,1
7094,525116.5,457592.0,0.0,0.0,1,1
7095,525116.5,457592.0,0.0,0.0,1,1
7096,525116.5,457592.0,0.0,0.0,1,1
7097,525116.5,457592.0,0.0,0.0,1,1
7098,525116.5,457592.0,0.0,0.0,1,1
7099,525116.5,457592.0,0.0,0.0,1,1
7100,525116.5,457592.0,0.0,0.0,1,1
7101,525116.5,457592.0,0.0,0.0,1,1
7102,525116.5,457592.0,0.0,0.0,1,1
7103,525116.5,457592.0,0.0,0.0,1,1
7104,525116.5,457592.0,0.0,0.0,1,1
7105,525116.5,457592.0,0.0,0.0,1,1
7106,525116.5,457592.0,0.0,0.0,1,1
7107,525116.5,457592.0,0.0,0.0,1,1
7108,525116.5,457592.0,0.0,0.0,1,1
7109,525009.0,457592.0,0.0,0.0,1,1
7110,525009.0,457592.0,0.0,0.0,1,1
7111,525009.0,457592.0,0.0,0.0,1,1
7112,525009.0,457592.0,0.0,0.0,1,1
7113,525009.0,457592.0,0.0,0.0,1,1
7114,525009.0,457592.0,0.0,0.0,1,1
7115,525009.0,457592.0,0.0,0.0,1,1
7116,525009.0,457592.0,0.0,0.0,1,1
7117,525009.0,457592.0,0.0,0.0,1,1
7118,525009.0,457592.0,0.0,0.0,1,1
7119,525009.0,457592.0,0.0,0.0,1,1
7120,525009.0,457592.0,0.0,0.0,1,1
7121,525009.0,457592.0,0.0,0.0,1,1
7122,525009.0,457592.0,0.0,0.0,1,1
7123,525009.0,457592.0,0.0,0.0,1,1
7124,525009.0,457592.0,0.0,0.0,1,1
7125,525009.0,457592.0,0.0,0.0,1,1
7126,525009.0,457592.0,0.0,0.0,1,1
7127,525009.0,457592.0,0.0,0.0,1,1
7128,525009.0,457592.0,0.0,0.0,1,1
7129,525009.0,457592.0,0.0,0.0,1,1
7130,525009.0,457592.0,0.0,0.0,1,1
7131,525009.0,457592.0,0.0,0.0,1,1
7132,525009.0,457592.0,0.0,0.0,1,1
7133,525009.0,457592.0,0.0,0.0,1,1
7134,525009.0,457592.0,0.0,0.0,1,1
7135,525009.0,457592.0,0.0,0.0,1,1
7136,525009.0,457592.0,0.0,0.0,1,1
7137,525009.0,457592.0,0.0,0.0,1,1
7138,525009.0,457592.0,0.0,0.0,1,1
7139,525009.0,457592.0,0.0,0.0,1,1
7140,525009.0,457592.0,0.0,0.0,1,1
7141,525009.0,457592.0,0.0,0.0,1,1
7142,525009.0,457592.0,0.0,0.0,1,1
7143,525009.0,457592.0,0.0,0.0,1,1
7144,525009.0,457592.0,0.0,0.0,1,1
7145,525009.0,457592.0,0.0,0.0,1,1
7146,525009.0,457592.0,0.0,0.0,1,1
7147,525009.0,457592.0,0.0,0.0,1,1
7148,525009.0,457592.0,0.0,0.0,1,1
7149,525260.0,457592.0,0.0,0.0,1,1
7150,525260.0,457592.0,0.0,0.0,1,1
7151,525260.0,457592.0,0.0,0.0,1,1
7152,525260.0,457592.0,0.0,0.0,1,1
7153,525260.0,457592.0,0.0,0.0,1,1
7154,525260.0,457592.0,0.0,0.0,1,1
7155,525260.0,457592.0,0.0,0.0,1,1
7156,525260.0,457592.0,0.0,0.0,1,1
7157,525260.0,457592.0,0.0,0.0,1,1
7158,525260.0,457592.0,0.0,0.0,1,1
7159,525260.0,457592.0,0.0,0.0,1,1
7160,525260.0,457592.0,0.0,0.0,1,1
7161,525260.0,457592.0,0.0,0.0,1,1
7162,525260.0,457592.0,0.0,0.0,1,1
7163,525260.0,457592.0,0.0,0.0,1,1
7164,525260.0,457592.0,0.0,0.0,1,1
7165,525260.0,457592.0,0.0,0.0,1,1
7166,525260.0,457592.0,0.0,0.0,1,1
7167,525260.0,457592.0,0.0,0.0,1,1
7168,525260.0,457592.0,0.0,0.0,1,1
7169,525260.0,457592.0,0.0,0.0,1,1
7170,525260.0,457592.0,0.0,0.0,1,1
7171,525260.0,457592.0,0.0,0.0,1,1
7172,525260.0,457592.0,0.0,0.0,1,1
7173,525260.0,457592.0,0.0,0.0,1,1
7174,525260.0,457592.0,0.0,0.0,1,1
7175,525260.0,457592.0,0.0,0.0,1,1
7176,525260.0,457592.0,0.0,0.0,1,1
7177,525260.0,457592.0,0.0,0.0,1,1
7178,525260.0,457592.0,0.0,0.0,1,1
7179,525260.0,457592.0,0.0,0.0,1,1
7180,525260.0,457592.0,0.0,0.0,1,1
7181,525260.0,457592.0,0.0,0.0,1,1
7182,525260.0,457592.0,0.0,0.0,1,1
7183,525260.0,457592.0,0.0,0.0,1,1
7184,525260.0,457592.0,0.0,0.0,1,1
7185,525260.0,457592.0,0.0,0.0,1,1
7186,525260.0,457592.0,0.0,0.0,1,1
7187,525260.0,457592.0,0.0,0.0,1,1
7188,525260.0,457592.0,0.0,0.0,1,1
7189,525260.0,457592.0,0.0,0.0,1,1
7190,525260.0,457592.0,0.0,0.0,1,1
7191,525260.0,457592.0,0.0,0.0,1,1
7192,525260.0,457592.0,0.0,0.0,1,1
7193,525260.0,457592.0,0.0,0.0,1,1
7194,525120.5,457592.0,0.0,0.0,1,1
7195,524627.0,457592.0,0.0,0.0,1,1
7196,524627.0,457592.0,0.0,0.0,1,1
7197,524627.0,457592.0,0.0,0.0,1,1
7198,524627.0,457592.0,0.0,0.0,1,1
7199,524627.0,457592.0,0.0,0.0,1,1
7200,524627.0,457592.0,0.0,0.0,1,1
7201,524627.0,457592.0,0.0,0.0,1,1
7202,524627.0,457592.0,0.0,0.0,1,1
7203,524627.0,457592.0,0.0,0.0,1,1
7204,524627.0,457592.0,0.0,0.0,1,1
7205,524627.0,457592.0,0.0,0.0,1,1
7206,524627.0,457592.0,0.0,0.0,1,1
7207,524627.0,457592.0,0.0,0.0,1,1
7208,524627.0,457592.0,0.0,0.0,1,1
7209,524649.0,457592.0,0.0,0.0,1,1
7210,524649.0,457592.0,0.0,0.0,1,1
7211,524649.0,457592.0,0.0,0.0,1,1
7212,524649.0,457592.0,0.0,0.0,1,1
7213,524649.0,457592.0,0.0,0.0,1,1
7214,524649.0,457592.0,0.0,0.0,1,1
7215,524496.5,457592.0,0.0,0.0,1,1
7216,524496.5,457592.0,0.0,0.0,1,1
7217,524496.5,457592.0,0.0,0.0,1,1
7218,524496.5,457592.0,0.0,0.0,1,1
7219,524496.5,457592.0,0.0,0.0,1,1
7220,524496.5,457592.0,0.0,0.0,1,1
7221,524496.5,457592.0,0.0,0.0,1,1
7222,524496.5,457592.0,0.0,0.0,1,1
7223,524496.5,457592.0,0.0,0.0,1,1
7224,524496.5,457592.0,0.0,0.0,1,1
7225,524496.5,457592.0,0.0,0.0,1,1
7226,524496.5,457592.0,0.0,0.0,1,1
7227,524496.5,457592.0,0.0,0.0,1,1
7228,524496.5,457592.0,0.0,0.0,1,1
7229,524496.5,457592.0,0.0,0.0,1,1
7230,524496.5,457592.0,0.0,0.0,1,1
7231,524496.5,457592.0,0.0,0.0,1,1
7232,524496.5,457592.0,0.0,0.0,1,1
7233,524496.5,457592.0,0.0,0.0,1,1
7234,524496.5,457592.0,0.0,0.0,1,1
7235,524649.0,457592.0,0.0,0.0,1,1
7236,524649.0,457592.0,0.0,0.0,1,1
7237,524649.0,457592.0,0.0,0.0,1,1
7238,524649.0,457592.0,0.0,0.0,1,1
7239,524649.0,457592.0,0.0,0.0,1,1
7240,524649.0,457592.0,0.0,0.0,1,1
7241,524649.0,457592.0,0.0,0.0,1,1
7242,524649.0,457592.0,0.0,0.0,1,1
7243,524649.0,457592.0,0.0,0.0,1,1
7244,524649.0,457592.0,0.0,0.0,1,1
7245,524649.0,457592.0,0.0,0.0,1,1
7246,524649.0,457592.0,0.0,0.0,1,1
7247,524649.0,457592.0,0.0,0.0,1,1
7248,524649.0,457592.0,0.0,0.0,1,1
7249,524649.0,457592.0,0.0,0.0,1,1
7250,524649.0,457592.0,0.0,0.0,1,1
7251,524649.0,457592.0,0.0,0.0,1,1
7252,524649.0,457592.0,0.0,0.0,1,1
7253,524649.0,457592.0,0.0,0.0,1,1
7254,524649.0,457592.0,0.0,0.0,1,1
7255,524649.0,457592.0,0.0,0.0,1,1
7256,524649.0,457592.0,0.0,0.0,1,1
7257,524649.0,457592.0,0.0,0.0,1,1
7258,524649.0,457592.0,0.0,0.0,1,1
7259,524649.0,457592.0,0.0,0.0,1,1
7260,524649.0,457592.0,0.0,0.0,1,1
7261,524709.0,457592.0,0.0,0.0,1,1
7262,524709.0,457592.0,0.0,0.0,1,1
7263,524709.0,457592.0,0.0,0.0,1,1
7264,524709.0,457592.0,0.0,0.0,1,1
7265,524709.0,457592.0,0.0,0.0,1,1
7266,524709.0,457592.0,0.0,0.0,1,1
7267,524709.0,457592.0,0.0,0.0,1,1
7268,524709.0,457592.0,0.0,0.0,1,1
7269,524709.0,457592.0,0.0,0.0,1,1
7270,524709.0,457592.0,0.0,0.0,1,1
7271,524709.0,457592.0,0.0,0.0,1,1
7272,524709.0,457592.0,0.0,0.0,1,1
7273,524709.0,457592.0,0.0,0.0,1,1
7274,524709.0,457592.0,0.0,0.0,1,1
7275,524709.0,457592.0,0.0,0.0,1,1
7276,524709.0,457592.0,0.0,0.0,1,1
7277,524709.0,457592.0,0.0,0.0,1,1
7278,524709.0,457592.0,0.0,0.0,1,1
7279,524709.0,457592.0,0.0,0.0,1,1
7280,524709.0,457592.0,0.0,0.0,1,1
7281,524709.0,457592.0,0.0,0.0,1,1
7282,524709.0,457592.0,0.0,0.0,1,1
7283,524709.0,457592.0,0.0,0.0,1,1
7284,524709.0,457592.0,0.0,0.0,1,1
7285,524709.0,457592.0,0.0,0.0,1,1
7286,524709.0,457592.0,0.0,0.0,1,1
7287,524709.0,457592.0,0.0,0.0,1,1
7288,524709.0,457592.0,0.0,0.0,1,1
7289,524709.0,457592.0,0.0,0.0,1,1
7290,524709.0,457592.0,0.0,0.0,1,1
7291,524709.0,457592.0,0.0,0.0,1,1
7292,524709.0,457592.0,0.0,0.0,1,1
7293,524709.0,457592.0,0.0,0.0,1,1
7294,524709.0,457592.0,0.0,0.0,1,1
7295,524709.0,457592.0,0.0,0.0,1,1
7296,524709.0,457592.0,0.0,0.0,1,1
7297,524709.0,457592.0,0.0,0.0,1,1
7298,524709.0,457592.0,0.0,0.0,1,1
7299,524709.0,457592.0,0.0,0.0,1,1
7300,524709.0,457592.0,0.0,0.0,1,1
7301,524709.0,457592.0,0.0,0.0,1,1
7302,524709.0,457592.0,0.0,0.0,1,1
7303,524709.0,457592.0,0.0,0.0,1,1
7304,524709.0,457592.0,0.0,0.0,1,1
7305,524417.0,457592.0,0.0,0.0,1,1
7306,524417.0,457592.0,0.0,0.0,1,1
7307,524417.0,457592.0,0.0,0.0,1,1
7308,524417.0,457592.0,0.0,0.0,1,1
7309,524417.0,457592.0,0.0,0.0,1,1
7310,524417.0,457592.0,0.0,0.0,1,1
7311,524417.0,457592.0,0.0,0.0,1,1
7312,524417.0,457592.0,0.0,0.0,1,1
7313,524417.0,457592.0,0.0,0.0,1,1
7314,524417.0,457592.0,0.0,0.0,1,1
7315,524417.0,457592.0,0.0,0.0,1,1
7316,524417.0,457592.0,0.0,0.0,1,1
7317,524417.0,457592.0,0.0,0.0,1,1
7318,524417.0,457592.0,0.0,0.0,1,1
7319,524417.0,457592.0,0.0,0.0,1,1
7320,524417.0,457592.0,0.0,0.0,1,1
7321,524417.0,457592.0,0.0,0.0,1,1
7322,524417.0,457592.0,0.0,0.0,1,1
7323,524255.5,457592.0,0.0,0.0,1,1
7324,524255.5,457592.0,0.0,0.0,1,1
7325,524255.5,457592.0,0.0,0.0,1,1
7326,524298.5,457592.0,0.0,0.0,1,1
7327,524298.5,457592.0,0.0,0.0,1,1
7328,524298.5,457592.0,0.0,0.0,1,1
7329,524298.5,457592.0,0.0,0.0,1,1
7330,524298.5,457592.0,0.0,0.0,1,1
7331,524298.5,457592.0,0.0,0.0,1,1
7332,524298.5,457592.0,0.0,0.0,1,1
7333,524298.5,457592.0,0.0,0.0,1,1
7334,524298.5,457592.0,0.0,0.0,1,1
7335,524298.5,457592.0,0.0,0.0,1,1
7336,524298.5,457592.0,0.0,0.0,1,1
7337,524298.5,457592.0,0.0,0.0,1,1
7338,524298.5,457592.0,0.0,0.0,1,1
7339,524298.5,457592.0,0.0,0.0,1,1
7340,524298.5,457592.0,0.0,0.0,1,1
7341,524298.5,457592.0,0.0,0.0,1,1
7342,524298.5,457592.0,0.0,0.0,1,1
7343,524298.5,457592.0,0.0,0.0,1,1
7344,524298.5,457592.0,0.0,0.0,1,1
7345,524298.5,457592.0,0.0,0.0,1,1
7346,524298.5,457592.0,0.0,0.0,1,1
7347,524298.5,457592.0,0.0,0.0,1,1
7348,524298.5,457592.0,0.0,0.0,1,1
7349,524298.5,457592.0,0.0,0.0,1,1
7350,524298.5,457592.0,0.0,0.0,1,1
7351,524298.5,457592.0,0.0,0.0,1,1
7352,524298.5,457592.0,0.0,0.0,1,1
7353,524298.5,457592.0,0.0,0.0,1,1
7354,524298.5,457592.0,0.0,0.0,1,1
7355,524298.5,457592.0,0.0,0.0,1,1
7356,524298.5,457592.0,0.0,0.0,1,1
7357,524298.5,457592.0,0.0,0.0,1,1
7358,524298.5,457592.0,0.0,0.0,1,1
7359,524298.5,457592.0,0.0,0.0,1,1
7360,524298.5,457592.0,0.0,0.0,1,1
7361,524298.5,457592.0,0.0,0.0,1,1
7362,524325.5,457592.0,0.0,0.0,1,1
7363,524325.5,457592.0,0.0,0.0,1,1
7364,524325.5,457592.0,0.0,0.0,1,1
7365,524325.5,457592.0,0.0,0.0,1,1
7366,524325.5,457592.0,0.0,0.0,1,1
7367,524325.5,457592.0,0.0,0.0,1,1
7368,524325.5,457592.0,0.0,0.0,1,1
7369,524325.5,457592.0,0.0,0.0,1,1
7370,524325.5,457592.0,0.0,0.0,1,1
7371,524325.5,457592.0,0.0,0.0,1,1
7372,524325.5,457592.0,0.0,0.0,1,1
7373,524325.5,457592.0,0.0,0.0,1,1
7374,524325.5,457592.0,0.0,0.0,1,1
7375,524325.5,457592.0,0.0,0.0,1,1
7376,524325.5,457592.0,0.0,0.0,1,1
7377,524325.5,457592.0,0.0,0.0,1,1
7378,524325.5,457592.0,0.0,0.0,1,1
7379,524325.5,457592.0,0.0,0.0,1,1
7380,524325.5,457592.0,0.0,0.0,1,1
7381,524325.5,457592.0,0.0,0.0,1,1
7382,524325.5,457592.0,0.0,0.0,1,1
7383,524325.5,457592.0,0.0,0.0,1,1
7384,524325.5,457592.0,0.0,0.0,1,1
7385,524325.5,457592.0,0.0,0.0,1,1
7386,524325.5,457592.0,0.0,0.0,1,1
7387,524235.5,457592.0,0.0,0.0,1,1
7388,524235.5,457592.0,0.0,0.0,1,1
7389,524235.5,457592.0,0.0,0.0,1,1
7390,524235.5,457592.0,0.0,0.0,1,1
7391,524235.5,457592.0,0.0,0.0,1,1
7392,524235.5,457592.0,0.0,0.0,1,1
7393,524235.5,457592.0,0.0,0.0,1,1
7394,524235.5,457592.0,0.0,0.0,1,1
7395,524235.5,457592.0,0.0,0.0,1,1
7396,524235.5,457592.0,0.0,0.0,1,1
7397,524235.5,457592.0,0.0,0.0,1,1
7398,524235.5,457592.0,0.0,0.0,1,1
7399,524235.5,457592.0,0.0,0.0,1,1
7400,524235.5,457592.0,0.0,0.0,1,1
7401,524235.5,457592.0,0.0,0.0,1,1
7402,524235.5,457592.0,0.0,0.0,1,1
7403,524235.5,457592.0,0.0,0.0,1,1
7404,524235.5,457592.0,0.0,0.0,1,1
7405,524235.5,457592.0,0.0,0.0,1,1
7406,524235.5,457592.0,0.0,0.0,1,1
7407,524235.5,457592.0,0.0,0.0,1,1
7408,524235.5,457592.0,0.0,0.0,1,1
7409,524235.5,457592.0,0.0,0.0,1,1
7410,524235.5,457592.0,0.0,0.0,1,1
7411,524235.5,457592.0,0.0,0.0,1,1
7412,524235.5,457592.0,0.0,0.0,1,1
7413,524235.5,457592.0,0.0,0.0,1,1
7414,524235.5,457592.0,0.0,0.0,1,1
7415,524235.5,457592.0,0.0,0.0,1,1
7416,524235.5,457592.0,0.0,0.0,1,1
7417,524235.5,457592.0,0.0,0.0,1,1
7418,524235.5,457592.0,0.0,0.0,1,1
7419,524394.5,457592.0,0.0,0.0,1,1
7420,524394.5,457592.0,0.0,0.0,1,1
7421,524400.5,457592.0,0.0,0.0,1,1
7422,524400.5,457592.0,0.0,0.0,1,1
7423,524400.5,457592.0,0.0,0.0,1,1
7424,524400.5,457592.0,0.0,0.0,1,1
7425,524400.5,457592.0,0.0,0.0,1,1
7426,524400.5,457592.0,0.0,0.0,1,1
7427,524400.5,457592.0,0.0,0.0,1,1
7428,524400.5,457592.0,0.0,0.0,1,1
7429,524400.5,457592.0,0.0,0.0,1,1
7430,524400.5,457592.0,0.0,0.0,1,1
7431,524400.5,457592.0,0.0,0.0,1,1
7432,524400.5,457592.0,0.0,0.0,1,1
7433,524400.5,457592.0,0.0,0.0,1,1
7434,524400.5,457592.0,0.0,0.0,1,1
7435,524282.5,457592.0,0.0,0.0,1,1
7436,524282.5,457592.0,0.0,0.0,1,1
7437,524282.5,457592.0,0.0,0.0,1,1
7438,524282.5,457592.0,0.0,0.0,1,1
7439,524282.5,457592.0,0.0,0.0,1,1
7440,524282.5,457592.0,0.0,0.0,1,1
7441,524282.5,457592.0,0.0,0.0,1,1
7442,524282.5,457592.0,0.0,0.0,1,1
7443,524282.5,457592.0,0.0,0.0,1,1
7444,524282.5,457592.0,0.0,0.0,1,1
7445,524282.5,457592.0,0.0,0.0,1,1
7446,524282.5,457592.0,0.0,0.0,1,1
7447,524282.5,457592.0,0.0,0.0,1,1
7448,524282.5,457592.0,0.0,0.0,1,1
7449,524282.5,457592.0,0.0,0.0,1,1
7450,524282.5,457592.0,0.0,0.0,1,1
7451,524282.5,457592.0,0.0,0.0,1,1
7452,524282.5,457592.0,0.0,0.0,1,1
7453,524310.0,457592.0,0.0,0.0,1,1
7454,524310.0,457592.0,0.0,0.0,1,1
7455,524310.0,457592.0,0.0,0.0,1,1
7456,524310.0,457592.0,0.0,0.0,1,1
7457,524310.0,457592.0,0.0,0.0,1,1
7458,524310.0,457592.0,0.0,0.0,1,1
7459,524310.0,457592.0,0.0,0.0,1,1
7460,524310.0,457592.0,0.0,0.0,1,1
7461,524310.0,457592.0,0.0,0.0,1,1
7462,524310.0,457592.0,0.0,0.0,1,1
7463,524310.0,457592.0,0.0,0.0,1,1
7464,524310.0,457592.0,0.0,0.0,1,1
7465,524310.0,457592.0,0.0,0.0,1,1
7466,524310.0,457592.0,0.0,0.0,1,1
7467,524310.0,457592.0,0.0,0.0,1,1
7468,524310.0,457592.0,0.0,0.0,1,1
7469,524310.0,457592.0,0.0,0.0,1,1
7470,524310.0,457592.0,0.0,0.0,1,1
7471,524310.0,457592.0,0.0,0.0,1,1
7472,524310.0,457592.0,0.0,0.0,1,1
7473,524310.0,457592.0,0.0,0.0,1,1
7474,524310.0,457592.0,0.0,0.0,1,1
7475,524310.0,457592.0,0.0,0.0,1,1
7476,524310.0,457592.0,0.0,0.0,1,1
7477,524310.0,457592.0,0.0,0.0,1,1
7478,524310.0,457592.0,0.0,0.0,1,1
7479,524310.0,457592.0,0.0,0.0,1,1
7480,524310.0,457592.0,0.0,0.0,1,1
7481,524310.0,457592.0,0.0,0.0,1,1
7482,524310.0,457592.0,0.0,0.0,1,1
7483,524310.0,457592.0,0.0,0.0,1,1
7484,524310.0,457592.0,0.0,0.0,1,1
7485,524310.0,457592.0,0.0,0.0,1,1
7486,524310.0,457592.0,0.0,0.0,1,1
7487,524310.0,457592.0,0.0,0.0,1,1
7488,524310.0,457592.0,0.0,0.0,1,1
7489,524310.0,457592.0,0.0,0.0,1,1
7490,524249.5,457592.0,0.0,0.0,1,1
7491,524249.5,457592.0,0.0,0.0,1,1
7492,524249.5,457592.0,0.0,0.0,1,1
7493,524249.5,457592.0,0.0,0.0,1,1
7494,524249.5,457592.0,0.0,0.0,1,1
7495,524249.5,457592.0,0.0,0.0,1,1
7496,524249.5,457592.0,0.0,0.0,1,1
7497,524249.5,457592.0,0.0,0.0,1,1
7498,524249.5,457592.0,0.0,0.0,1,1
7499,524249.5,457592.0,0.0,0.0,1,1
7500,524249.5,457592.0,0.0,0.0,1,1
7501,524249.5,457592.0,0.0,0.0,1,1
7502,524249.5,457592.0,0.0,0.0,1,1
7503,524249.5,457592.0,0.0,0.0,1,1
7504,524249.5,457592.0,0.0,0.0,1,1
7505,524249.5,457592.0,0.0,0.0,1,1
7506,524249.5,457592.0,0.0,0.0,1,1
7507,524249.5,457592.0,0.0,0.0,1,1
7508,524249.5,457592.0,0.0,0.0,1,1
7509,524249.5,457592.0,0.0,0.0,1,1
7510,524249.5,457592.0,0.0,0.0,1,1
7511,524249.5,457592.0,0.0,0.0,1,1
7512,524249.5,457592.0,0.0,0.0,1,1
7513,524249.5,457592.0,0.0,0.0,1,1
7514,524249.5,457592.0,0.0,0.0,1,1
7515,524249.5,457592.0,0.0,0.0,1,1
7516,524083.5,457592.0,0.0,0.0,1,1
7517,524083.5,457592.0,0.0,0.0,1,1
7518,524083.5,457592.0,0.0,0.0,1,1
7519,524083.5,457592.0,0.0,0.0,1,1
7520,524083.5,457592.0,0.0,0.0,1,1
7521,524083.5,457592.0,0.0,0.0,1,1
7522,528185.0,457592.0,0.0,0.0,1,1
7523,528185.0,457592.0,0.0,0.0,1,1
7524,528185.0,457592.0,0.0,0.0,1,1
7525,528185.0,457592.0,0.0,0.0,1,1
7526,528185.0,457592.0,0.0,0.0,1,1
7527,528185.0,457592.0,0.0,0.0,1,1
7528,528185.0,457592.0,0.0,0.0,1,1
7529,528185.0,457592.0,0.0,0.0,1,1
7530,528185.0,457592.0,0.0,0.0,1,1
7531,528185.0,457592.0,0.0,0.0,1,1
7532,528185.0,457592.0,0.0,0.0,1,1
7533,528185.0,457592.0,0.0,0.0,1,1
7534,528185.0,457592.0,0.0,0.0,1,1
7535,528185.0,457592.0,0.0,0.0,1,1
7536,528185.0,457592.0,0.0,0.0,1,1
7537,528185.0,457592.0,0.0,0.0,1,1
7538,528185.0,457592.0,0.0,0.0,1,1
7539,528185.0,457592.0,0.0,0.0,1,1
7540,528185.0,457592.0,0.0,0.0,1,1
7541,528185.0,457592.0,0.0,0.0,1,1
7542,530488.5,457592.0,0.0,0.0,1,1
7543,530488.5,457592.0,0.0,0.0,1,1
7544,530488.5,457592.0,0.0,0.0,1,1
7545,530488.5,457592.0,0.0,0.0,1,1
7546,530488.5,457592.0,0.0,0.0,1,1
7547,530488.5,457592.0,0.0,0.0,1,1
7548,530488.5,457592.0,0.0,0.0,1,1
7549,530488.5,457592.0,0.0,0.0,1,1
7550,530488.5,457592.0,0.0,0.0,1,1
7551,530488.5,457592.0,0.0,0.0,1,1
7552,530488.5,457592.0,0.0,0.0,1,1
7553,530488.5,457592.0,0.0,0.0,1,1
7554,530488.5,457592.0,0.0,0.0,1,1
7555,530488.5,457592.0,0.0,0.0,1,1
7556,530488.5,457592.0,0.0,0.0,1,1
7557,530434.5,457592.0,0.0,0.0,1,1
7558,530434.5,457592.0,0.0,0.0,1,1
7559,530434.5,457592.0,0.0,0.0,1,1
7560,530434.5,457592.0,0.0,0.0,1,1
7561,530434.5,457592.0,0.0,0.0,1,1
7562,530434.5,457592.0,0.0,0.0,1,1
7563,530434.5,457592.0,0.0,0.0,1,1
7564,530434.5,457592.0,0.0,0.0,1,1
7565,530521.5,457592.0,0.0,0.0,1,1
7566,530521.5,457592.0,0.0,0.0,1,1
7567,530521.5,457592.0,0.0,0.0,1,1
7568,530521.5,457592.0,0.0,0.0,1,1
7569,530521.5,457592.0,0.0,0.0,1,1
7570,530521.5,457592.0,0.0,0.0,1,1
7571,530521.5,457592.0,0.0,0.0,1,1
7572,530521.5,457592.0,0.0,0.0,1,1
7573,530521.5,457592.0,0.0,0.0,1,1
7574,530521.5,457592.0,0.0,0.0,1,1
7575,530521.5,457592.0,0.0,0.0,1,1
7576,530343.5,457592.0,0.0,0.0,1,1
7577,530343.5,457592.0,0.0,0.0,1,1
7578,530343.5,457592.0,0.0,0.0,1,1
7579,530343.5,457592.0,0.0,0.0,1,1
7580,530343.5,457592.0,0.0,0.0,1,1
7581,530343.5,457592.0,0.0,0.0,1,1
7582,530343.5,457592.0,0.0,0.0,1,1
7583,530343.5,457592.0,0.0,0.0,1,1
7584,530343.5,457592.0,0.0,0.0,1,1
7585,530343.5,457592.0,0.0,0.0,1,1
7586,530343.5,457592.0,0.0,0.0,1,1
7587,530343.5,457592.0,0.0,0.0,1,1
7588,530343.5,457592.0,0.0,0.0,1,1
7589,530343.5,457592.0,0.0,0.0,1,1
7590,530343.5,457592.0,0.0,0.0,1,1
7591,530343.5,457592.0,0.0,0.0,1,1
7592,530343.5,457592.0,0.0,0.0,1,1
7593,530343.5,457592.0,0.0,0.0,1,1
7594,530343.5,457592.0,0.0,0.0,1,1
7595,530343.5,457592.0,0.0,0.0,1,1
7596,530343.5,457592.0,0.0,0.0,1,1
7597,530343.5,457592.0,0.0,0.0,1,1
7598,530343.5,457592.0,0.0,0.0,1,1
7599,530343.5,457592.0,0.0,0.0,1,1
7600,530343.5,457592.0,0.0,0.0,1,1
7601,530343.5,457592.0,0.0,0.0,1,1
7602,530343.5,457592.0,0.0,0.0,1,1
7603,530343.5,457592.0,0.0,0.0,1,1
7604,530343.5,457592.0,0.0,0.0,1,1
7605,530343.5,457592.0,0.0,0.0,1,1
7606,530571.5,457592.0,0.0,0.0,1,1
7607,530571.5,457592.0,0.0,0.0,1,1
7608,530571.5,457592.0,0.0,0.0,1,1
7609,530571.5,457592.0,0.0,0.0,1,1
7610,530571.5,457592.0,0.0,0.0,1,1
7611,530571.5,457592.0,0.0,0.0,1,1
7612,530571.5,457592.0,0.0,0.0,1,1
7613,530571.5,457592.0,0.0,0.0,1,1
7614,530571.5,457592.0,0.0,0.0,1,1
7615,530571.5,457592.0,0.0,0.0,1,1
7616,530571.5,457592.0,0.0,0.0,1,1
7617,530571.5,457592.0,0.0,0.0,1,1
7618,530571.5,457592.0,0.0,0.0,1,1
7619,530571.5,457592.0,0.0,0.0,1,1
7620,530571.5,457592.0,0.0,0.0,1,1
7621,530571.5,457592.0,0.0,0.0,1,1
7622,530571.5,457592.0,0.0,0.0,1,1
7623,530571.5,457592.0,0.0,0.0,1,1
7624,530571.5,457592.0,0.0,0.0,1,1
7625,530571.5,457592.0,0.0,0.0,1,1
7626,530571.5,457592.0,0.0,0.0,1,1
7627,530571.5,457592.0,0.0,0.0,1,1
7628,530571.5,457592.0,0.0,0.0,1,1
7629,530571.5,457592.0,0.0,0.0,1,1
7630,530571.5,457592.0,0.0,0.0,1,1
7631,530571.5,457592.0,0.0,0.0,1,1
7632,530571.5,457592.0,0.0,0.0,1,1
7633,530571.5,457592.0,0.0,0.0,1,1
7634,530571.5,457592.0,0.0,0.0,1,1
7635,530571.5,457592.0,0.0,0.0,1,1
7636,530571.5,457592.0,0.0,0.0,1,1
7637,530679.5,457592.0,0.0,0.0,1,1
7638,530679.5,457592.0,0.0,0.0,1,1
7639,530679.5,457592.0,0.0,0.0,1,1
7640,530679.5,457592.0,0.0,0.0,1,1
7641,530679.5,457592.0,0.0,0.0,1,1
7642,530679.5,457592.0,0.0,0.0,1,1
7643,530679.5,457592.0,0.0,0.0,1,1
7644,530679.5,457592.0,0.0,0.0,1,1
7645,530679.5,457592.0,0.0,0.0,1,1
7646,530679.5,457592.0,0.0,0.0,1,1
7647,530679.5,457592.0,0.0,0.0,1,1
7648,528926.0,457592.0,0.0,0.0,1,1
7649,528926.0,457592.0,0.0,0.0,1,1
7650,528926.0,457592.0,0.0,0.0,1,1
7651,528926.0,457592.0,0.0,0.0,1,1
7652,528926.0,457592.0,0.0,0.0,1,1
7653,528926.0,457592.0,0.0,0.0,1,1
7654,528951.0,457592.0,0.0,0.0,1,1
7655,528951.0,457592.0,0.0,0.0,1,1
7656,528951.0,457592.0,0.0,0.0,1,1
7657,528951.0,457592.0,0.0,0.0,1,1
7658,528951.0,457592.0,0.0,0.0,1,1
7659,528951.0,457592.0,0.0,0.0,1,1
7660,528951.0,457592.0,0.0,0.0,1,1
7661,528951.0,457592.0,0.0,0.0,1,1
7662,528951.0,457592.0,0.0,0.0,1,1
7663,528951.0,457592.0,0.0,0.0,1,1
7664,528951.0,457592.0,0.0,0.0,1,1
7665,528951.0,457592.0,0.0,0.0,1,1
7666,528951.0,457592.0,0.0,0.0,1,1
7667,528951.0,457592.0,0.0,0.0,1,1
7668,528951.0,457592.0,0.0,0.0,1,1
7669,528951.0,457592.0,0.0,0.0,1,1
7670,528951.0,457592.0,0.0,0.0,1,1
7671,528951.0,457592.0,0.0,0.0,1,1
7672,528951.0,457592.0,0.0,0.0,1,1
7673,528951.0,457592.0,0.0,0.0,1,1
7674,528951.0,457592.0,0.0,0.0,1,1
7675,528951.0,457592.0,0.0,0.0,1,1
7676,528951.0,457592.0,0.0,0.0,1,1
7677,528951.0,457592.0,0.0,0.0,1,1
7678,528951.0,457592.0,0.0,0.0,1,1
7679,528951.0,457592.0,0.0,0.0,1,1
7680,528951.0,457592.0,0.0,0.0,1,1
7681,528951.0,457592.0,0.0,0.0,1,1
7682,528951.0,457592.0,0.0,0.0,1,1
7683,528951.0,457592.0,0.0,0.0,1,1
7684,528951.0,457592.0,0.0,0.0,1,1
7685,528951.0,457592.0,0.0,0.0,1,1
7686,528951.0,457592.0,0.0,0.0,1,1
7687,528951.0,457592.0,0.0,0.0,1,1
7688,528951.0,457592.0,0.0,0.0,1,1
7689,528951.0,457592.0,0.0,0.0,1,1
7690,528951.0,457592.0,0.0,0.0,1,1
7691,528951.0,457592.0,0.0,0.0,1,1
7692,528951.0,457592.0,0.0,0.0,1,1
7693,528951.0,457592.0,0.0,0.0,1,1
7694,528951.0,457592.0,0.0,0.0,1,1
7695,528951.0,457592.0,0.0,0.0,1,1
7696,528951.0,457592.0,0.0,0.0,1,1
7697,528951.0,457592.0,0.0,0.0,1,1
7698,528951.0,457592.0,0.0,0.0,1,1
7699,528951.0,457592.0,0.0,0.0,1,1
7700,528951.0,457592.0,0.0,0.0,1,1
7701,528951.0,457592.0,0.0,0.0,1,1
7702,528951.0,457592.0,0.0,0.0,1,1
7703,528951.0,457592.0,0.0,0.0,1,1
7704,528951.0,457592.0,0.0,0.0,1,1
7705,528951.0,457592.0,0.0,0.0,1,1
7706,528951.0,457592.0,0.0,0.0,1,1
7707,528951.0,457592.0,0.0,0.0,1,1
7708,528951.0,457592.0,0.0,0.0,1,1
7709,528951.0,457592.0,0.0,0.0,1,1
7710,528951.0,457592.0,0.0,0.0,1,1
7711,528951.0,457592.0,0.0,0.0,1,1
7712,528951.0,457592.0,0.0,0.0,1,1
7713,528951.0,457592.0,0.0,0.0,1,1
7714,528951.0,457592.0,0.0,0.0,1,1
7715,528951.0,457592.0,0.0,0.0,1,1
7716,528951.0,457592.0,0.0,0.0,1,1
7717,528951.0,457592.0,0.0,0.0,1,1
7718,528951.0,457592.0,0.0,0.0,1,1
7719,528951.0,457592.0,0.0,0.0,1,1
7720,528951.0,457592.0,0.0,0.0,1,1
7721,528951.0,457592.0,0.0,0.0,1,1
7722,528951.0,457592.0,0.0,0.0,1,1
7723,528951.0,457592.0,0.0,0.0,1,1
7724,528951.0,457592.0,0.0,0.0,1,1
7725,528951.0,457592.0,0.0,0.0,1,1
7726,528951.0,457592.0,0.0,0.0,1,1
7727,528951.0,457592.0,0.0,0.0,1,1
7728,528951.0,457592.0,0.0,0.0,1,1
7729,528951.0,457592.0,0.0,0.0,1,1
7730,528951.0,457592.0,0.0,0.0,1,1
7731,528951.0,457592.0,0.0,0.0,1,1
7732,528951.0,457592.0,0.0,0.0,1,1
7733,528951.0,457592.0,0.0,0.0,1,1
7734,528951.0,457592.0,0.0,0.0,1,1
7735,528951.0,457592.0,0.0,0.0,1,1
7736,528951.0,457592.0,0.0,0.0,1,1
7737,528951.0,457592.0,0.0,0.0,1,1
7738,528951.0,457592.0,0.0,0.0,1,1
7739,528951.0,457592.0,0.0,0.0,1,1
7740,528951.0,457592.0,0.0,0.0,1,1
7741,528951.0,457592.0,0.0,0.0,1,1
7742,528951.0,457592.0,0.0,0.0,1,1
7743,528926.0,457592.0,0.0,0.0,1,1
7744,528926.0,457592.0,0.0,0.0,1,1
7745,528926.0,457592.0,0.0,0.0,1,1
7746,528926.0,457592.0,0.0,0.0,1,1
7747,528926.0,457592.0,0.0,0.0,1,1
7748,528926.0,457592.0,0.0,0.0,1,1
7749,528926.0,457592.0,0.0,0.0,1,1
7750,528926.0,457592.0,0.0,0.0,1,1
7751,528926.0,457592.0,0.0,0.0,1,1
7752,528926.0,457592.0,0.0,0.0,1,1
7753,528926.0,457592.0,0.0,0.0,1,1
7754,528926.0,457592.0,0.0,0.0,1,1
7755,528926.0,457592.0,0.0,0.0,1,1
7756,528926.0,457592.0,0.0,0.0,1,1
7757,528926.0,457592.0,0.0,0.0,1,1
7758,528926.0,457592.0,0.0,0.0,1,1
7759,528926.0,457592.0,0.0,0.0,1,1
7760,528926.0,457592.0,0.0,0.0,1,1
7761,528926.0,457592.0,0.0,0.0,1,1
7762,528926.0,457592.0,0.0,0.0,1,1
7763,528926.0,457592.0,0.0,0.0,1,1
7764,528926.0,457592.0,0.0,0.0,1,1
7765,528022.5,457592.0,0.0,0.0,1,1
7766,528022.5,457592.0,0.0,0.0,1,1
7767,528022.5,457592.0,0.0,0.0,1,1
7768,525768.0,457592.0,0.0,0.0,1,1
7769,525768.0,457592.0,0.0,0.0,1,1
7770,525768.0,457592.0,0.0,0.0,1,1
7771,525768.0,457592.0,0.0,0.0,1,1
7772,525768.0,457592.0,0.0,0.0,1,1
7773,525768.0,457592.0,0.0,0.0,1,1
7774,525768.0,457592.0,0.0,0.0,1,1
7775,525768.0,457592.0,0.0,0.0,1,1
7776,525768.0,457592.0,0.0,0.0,1,1
7777,525768.0,457592.0,0.0,0.0,1,1
7778,525768.0,457592.0,0.0,0.0,1,1
7779,525768.0,457592.0,0.0,0.0,1,1
7780,525768.0,457592.0,0.0,0.0,1,1
7781,525699.0,457592.0,0.0,0.0,1,1
7782,525699.0,457592.0,0.0,0.0,1,1
7783,525699.0,457592.0,0.0,0.0,1,1
7784,525445.5,457592.0,0.0,0.0,1,1
7785,525445.5,457592.0,0.0,0.0,1,1
7786,525445.5,457592.0,0.0,0.0,1,1
7787,525445.5,457592.0,0.0,0.0,1,1
7788,525445.5,457592.0,0.0,0.0,1,1
7789,525445.5,457592.0,0.0,0.0,1,1
7790,525445.5,457592.0,0.0,0.0,1,1
7791,525445.5,457592.0,0.0,0.0,1,1
7792,525445.5,457592.0,0.0,0.0,1,1
7793,525445.5,457592.0,0.0,0.0,1,1
7794,525445.5,457592.0,0.0,0.0,1,1
7795,525445.5,457592.0,0.0,0.0,1,1
7796,525445.5,457592.0,0.0,0.0,1,1
7797,525445.5,457592.0,0.0,0.0,1,1
7798,525445.5,457592.0,0.0,0.0,1,1
7799,525445.5,457592.0,0.0,0.0,1,1
7800,525445.5,457592.0,0.0,0.0,1,1
7801,525445.5,457592.0,0.0,0.0,1,1
7802,525445.5,457592.0,0.0,0.0,1,1
7803,525445.5,457592.0,0.0,0.0,1,1
7804,525445.5,457592.0,0.0,0.0,1,1
7805,525445.5,457592.0,0.0,0.0,1,1
7806,525445.5,457592.0,0.0,0.0,1,1
7807,525445.5,457592.0,0.0,0.0,1,1
7808,525445.5,457592.0,0.0,0.0,1,1
7809,525445.5,457592.0,0.0,0.0,1,1
7810,525445.5,457592.0,0.0,0.0,1,1
7811,525445.5,457592.0,0.0,0.0,1,1
7812,525445.5,457592.0,0.0,0.0,1,1
7813,525445.5,457592.0,0.0,0.0,1,1
7814,525445.5,457592.0,0.0,0.0,1,1
7815,525445.5,457592.0,0.0,0.0,1,1
7816,525445.5,457592.0,0.0,0.0,1,1
7817,525445.5,457592.0,0.0,0.0,1,1
7818,525445.5,457592.0,0.0,0.0,1,1
7819,525445.5,457592.0,0.0,0.0,1,1
7820,525445.5,457592.0,0.0,0.0,1,1
7821,525445.5,457592.0,0.0,0.0,1,1
7822,525445.5,457592.0,0.0,0.0,1,1
7823,525445.5,457592.0,0.0,0.0,1,1
7824,525445.5,457592.0,0.0,0.0,1,1
7825,525445.5,457592.0,0.0,0.0,1,1
7826,525445.5,457592.0,0.0,0.0,1,1
7827,525445.5,457592.0,0.0,0.0,1,1
7828,525445.5,457592.0,0.0,0.0,1,1
7829,525445.5,457592.0,0.0,0.0,1,1
7830,525445.5,457592.0,0.0,0.0,1,1
7831,525445.5,457592.0,0.0,0.0,1,1
7832,525445.5,457592.0,0.0,0.0,1,1
7833,525445.5,457592.0,0.0,0.0,1,1
7834,525445.5,457592.0,0.0,0.0,1,1
7835,525445.5,457592.0,0.0,0.0,1,1
7836,525445.5,457592.0,0.0,0.0,1,1
7837,525445.5,457592.0,0.0,0.0,1,1
7838,525445.5,457592.0,0.0,0.0,1,1
7839,525445.5,457592.0,0.0,0.0,1,1
7840,525445.5,457592.0,0.0,0.0,1,1
7841,525121.0,457592.0,0.0,0.0,1,1
7842,525121.0,457592.0,0.0,0.0,1,1
7843,525121.0,457592.0,0.0,0.0,1,1
7844,525121.0,457592.0,0.0,0.0,1,1
7845,525121.0,457592.0,0.0,0.0,1,1
7846,525121.0,457592.0,0.0,0.0,1,1
7847,525121.0,457592.0,0.0,0.0,1,1
7848,524942.0,457592.0,0.0,0.0,1,1
7849,525276.5,457592.0,0.0,0.0,1,1
7850,525168.0,457592.0,0.0,0.0,1,1
7851,525168.0,457592.0,0.0,0.0,1,1
7852,525159.0,457592.0,0.0,0.0,1,1
7853,525159.0,457592.0,0.0,0.0,1,1
7854,525159.0,457592.0,0.0,0.0,1,1
7855,525159.0,457592.0,0.0,0.0,1,1
7856,525159.0,457592.0,0.0,0.0,1,1
7857,525159.0,457592.0,0.0,0.0,1,1
7858,525159.0,457592.0,0.0,0.0,1,1
7859,525159.0,457592.0,0.0,0.0,1,1
7860,525159.0,457592.0,0.0,0.0,1,1
7861,525159.0,457592.0,0.0,0.0,1,1
7862,525159.0,457592.0,0.0,0.0,1,1
7863,525159.0,457592.0,0.0,0.0,1,1
7864,525159.0,457592.0,0.0,0.0,1,1
7865,525159.0,457592.0,0.0,0.0,1,1
7866,525159.0,457592.0,0.0,0.0,1,1
7867,525159.0,457592.0,0.0,0.0,1,1
7868,525219.5,457592.0,0.0,0.0,1,1
7869,525219.5,457592.0,0.0,0.0,1,1
7870,525219.5,457592.0,0.0,0.0,1,1
7871,525219.5,457592.0,0.0,0.0,1,1
7872,525219.5,457592.0,0.0,0.0,1,1
7873,525219.5,457592.0,0.0,0.0,1,1
7874,525219.5,457592.0,0.0,0.0,1,1
7875,525219.5,457592.0,0.0,0.0,1,1
7876,525219.5,457592.0,0.0,0.0,1,1
7877,525219.5,457592.0,0.0,0.0,1,1
7878,525219.5,457592.0,0.0,0.0,1,1
7879,525219.5,457592.0,0.0,0.0,1,1
7880,525219.5,457592.0,0.0,0.0,1,1
7881,525219.5,457592.0,0.0,0.0,1,1
7882,525219.5,457592.0,0.0,0.0,1,1
7883,525551.5,457592.0,0.0,0.0,1,1
7884,525551.5,457592.0,0.0,0.0,1,1
7885,525551.5,457592.0,0.0,0.0,1,1
7886,525551.5,457592.0,0.0,0.0,1,1
7887,525551.5,457592.0,0.0,0.0,1,1
7888,525551.5,457592.0,0.0,0.0,1,1
7889,525551.5,457592.0,0.0,0.0,1,1
7890,525551.5,457592.0,0.0,0.0,1,1
7891,525551.5,457592.0,0.0,0.0,1,1
7892,525551.5,457592.0,0.0,0.0,1,1
7893,525551.5,457592.0,0.0,0.0,1,1
7894,525551.5,457592.0,0.0,0.0,1,1
7895,525551.5,457592.0,0.0,0.0,1,1
7896,525551.5,457592.0,0.0,0.0,1,1
7897,525551.5,457592.0,0.0,0.0,1,1
7898,525551.5,457592.0,0.0,0.0,1,1
7899,525526.0,457592.0,0.0,0.0,1,1
7900,525526.0,457592.0,0.0,0.0,1,1
7901,525526.0,457592.0,0.0,0.0,1,1
7902,525475.0,457592.0,0.0,0.0,1,1
7903,525475.0,457592.0,0.0,0.0,1,1
7904,525475.0,457592.0,0.0,0.0,1,1
7905,525475.0,457592.0,0.0,0.0,1,1
7906,525475.0,457592.0,0.0,0.0,1,1
7907,525475.0,457592.0,0.0,0.0,1,1
7908,524732.5,457592.0,0.0,0.0,1,1
7909,524732.5,457592.0,0.0,0.0,1,1
7910,524732.5,457592.0,0.0,0.0,1,1
7911,524732.5,457592.0,0.0,0.0,1,1
7912,524732.5,457592.0,0.0,0.0,1,1
7913,524732.5,457592.0,0.0,0.0,1,1
7914,524732.5,457592.0,0.0,0.0,1,1
7915,524732.5,457592.0,0.0,0.0,1,1
7916,524732.5,457592.0,0.0,0.0,1,1
7917,524732.5,457592.0,0.0,0.0,1,1
7918,524732.5,457592.0,0.0,0.0,1,1
7919,524732.5,457592.0,0.0,0.0,1,1
7920,524732.5,457592.0,0.0,0.0,1,1
7921,524732.5,457592.0,0.0,0.0,1,1
7922,524732.5,457592.0,0.0,0.0,1,1
7923,524732.5,457592.0,0.0,0.0,1,1
7924,524732.5,457592.0,0.0,0.0,1,1
7925,524756.0,457592.0,0.0,0.0,1,1
7926,524756.0,457592.0,0.0,0.0,1,1
7927,524756.0,457592.0,0.0,0.0,1,1
7928,524756.0,457592.0,0.0,0.0,1,1
7929,524756.0,457592.0,0.0,0.0,1,1
7930,524756.0,457592.0,0.0,0.0,1,1
7931,524756.0,457592.0,0.0,0.0,1,1
7932,524756.0,457592.0,0.0,0.0,1,1
7933,524756.0,457592.0,0.0,0.0,1,1
7934,524756.0,457592.0,0.0,0.0,1,1
7935,524756.0,457592.0,0.0,0.0,1,1
7936,525029.0,457592.0,0.0,0.0,1,1
7937,525029.0,457592.0,0.0,0.0,1,1
7938,525029.0,457592.0,0.0,0.0,1,1
7939,525029.0,457592.0,0.0,0.0,1,1
7940,525029.0,457592.0,0.0,0.0,1,1
7941,525029.0,457592.0,0.0,0.0,1,1
7942,525107.5,457592.0,0.0,0.0,1,1
7943,525107.5,457592.0,0.0,0.0,1,1
7944,525107.5,457592.0,0.0,0.0,1,1
7945,525107.5,457592.0,0.0,0.0,1,1
7946,525107.5,457592.0,0.0,0.0,1,1
7947,525107.5,457592.0,0.0,0.0,1,1
7948,525107.5,457592.0,0.0,0.0,1,1
7949,525107.5,457592.0,0.0,0.0,1,1
7950,525107.5,457592.0,0.0,0.0,1,1
7951,525107.5,457592.0,0.0,0.0,1,1
7952,525107.5,457592.0,0.0,0.0,1,1
7953,525107.5,457592.0,0.0,0.0,1,1
7954,525107.5,457592.0,0.0,0.0,1,1
7955,525107.5,457592.0,0.0,0.0,1,1
7956,525107.5,457592.0,0.0,0.0,1,1
7957,525107.5,457592.0,0.0,0.0,1,1
7958,525107.5,457592.0,0.0,0.0,1,1
7959,525107.5,457592.0,0.0,0.0,1,1
7960,525107.5,457592.0,0.0,0.0,1,1
7961,525107.5,457592.0,0.0,0.0,1,1
7962,525107.5,457592.0,0.0,0.0,1,1
7963,525107.5,457592.0,0.0,0.0,1,1
7964,524834.5,457592.0,0.0,0.0,1,1
7965,524834.5,457592.0,0.0,0.0,1,1
7966,524834.5,457592.0,0.0,0.0,1,1
7967,524834.5,457592.0,0.0,0.0,1,1
7968,524834.5,457592.0,0.0,0.0,1,1
7969,524834.5,457592.0,0.0,0.0,1,1
7970,524834.5,457592.0,0.0,0.0,1,1
7971,524834.5,457592.0,0.0,0.0,1,1
7972,524834.5,457592.0,0.0,0.0,1,1
7973,524834.5,457592.0,0.0,0.0,1,1
7974,524834.5,457592.0,0.0,0.0,1,1
7975,524834.5,457592.0,0.0,0.0,1,1
7976,524834.5,457592.0,0.0,0.0,1,1
7977,524834.5,457592.0,0.0,0.0,1,1
7978,524834.5,457592.0,0.0,0.0,1,1
7979,524834.5,457592.0,0.0,0.0,1,1
7980,524834.5,457592.0,0.0,0.0,1,1
7981,524834.5,457592.0,0.0,0.0,1,1
7982,524834.5,457592.0,0.0,0.0,1,1
7983,524834.5,457592.0,0.0,0.0,1,1
7984,524834.5,457592.0,0.0,0.0,1,1
7985,524834.5,457592.0,0.0,0.0,1,1
7986,524834.5,457592.0,0.0,0.0,1,1
7987,524834.5,457592.0,0.0,0.0,1,1
7988,524834.5,457592.0,0.0,0.0,1,1
7989,524834.5,457592.0,0.0,0.0,1,1
7990,524834.5,457592.0,0.0,0.0,1,1
7991,524834.5,457592.0,0.0,0.0,1,1
7992,524834.5,457592.0,0.0,0.0,1,1
7993,524834.5,457592.0,0.0,0.0,1,1
7994,524834.5,457592.0,0.0,0.0,1,1
7995,524834.5,457592.0,0.0,0.0,1,1
7996,524834.5,457592.0,0.0,0.0,1,1
7997,524834.5,457592.0,0.0,0.0,1,1
7998,524834.5,457592.0,0.0,0.0,1,1
7999,524834.5,457592.0,0.0,0.0,1,1
8000,524834.5,457592.0,0.0,0.0,1,1
8001,524834.5,457592.0,0.0,0.0,1,1
8002,524834.5,457592.0,0.0,0.0,1,1
8003,524834.5,457592.0,0.0,0.0,1,1
8004,524834.5,457592.0,0.0,0.0,1,1
8005,524834.5,457592.0,0.0,0.0,1,1
8006,524834.5,457592.0,0.0,0.0,1,1
8007,524834.5,457592.0,0.0,0.0,1,1
8008,524834.5,457592.0,0.0,0.0,1,1
8009,524834.5,457592.0,0.0,0.0,1,1
8010,524659.0,457592.0,0.0,0.0,1,1
8011,524659.0,457592.0,0.0,0.0,1,1
8012,524659.0,457592.0,0.0,0.0,1,1
8013,524659.0,457592.0,0.0,0.0,1,1
8014,524659.0,457592.0,0.0,0.0,1,1
8015,524659.0,457592.0,0.0,0.0,1,1
8016,524911.5,457592.0,0.0,0.0,1,1
8017,524911.5,457592.0,0.0,0.0,1,1
8018,524911.5,457592.0,0.0,0.0,1,1
8019,524911.5,457592.0,0.0,0.0,1,1
8020,524911.5,457592.0,0.0,0.0,1,1
8021,524911.5,457592.0,0.0,0.0,1,1
8022,524911.5,457592.0,0.0,0.0,1,1
8023,524911.5,457592.0,0.0,0.0,1,1
8024,524911.5,457592.0,0.0,0.0,1,1
8025,524911.5,457592.0,0.0,0.0,1,1
8026,524911.5,457592.0,0.0,0.0,1,1
8027,524911.5,457592.0,0.0,0.0,1,1
8028,524911.5,457592.0,0.0,0.0,1,1
8029,524911.5,457592.0,0.0,0.0,1,1
8030,524911.5,457592.0,0.0,0.0,1,1
8031,524911.5,457592.0,0.0,0.0,1,1
8032,524911.5,457592.0,0.0,0.0,1,1
8033,524911.5,457592.0,0.0,0.0,1,1
8034,524911.5,457592.0,0.0,0.0,1,1
8035,524911.5,457592.0,0.0,0.0,1,1
8036,524911.5,457592.0,0.0,0.0,1,1
8037,524911.5,457592.0,0.0,0.0,1,1
8038,524911.5,457592.0,0.0,0.0,1,1
8039,524911.5,457592.0,0.0,0.0,1,1
8040,524911.5,457592.0,0.0,0.0,1,1
8041,524911.5,457592.0,0.0,0.0,1,1
8042,524911.5,457592.0,0.0,0.0,1,1
8043,524911.5,457592.0,0.0,0.0,1,1
8044,524911.5,457592.0,0.0,0.0,1,1
8045,524911.5,457592.0,0.0,0.0,1,1
8046,524911.5,457592.0,0.0,0.0,1,1
8047,524978.5,457592.0,0.0,0.0,1,1
8048,524978.5,457592.0,0.0,0.0,1,1
8049,524978.5,457592.0,0.0,0.0,1,1
8050,524978.5,457592.0,0.0,0.0,1,1
8051,524978.5,457592.0,0.0,0.0,1,1
8052,524978.5,457592.0,0.0,0.0,1,1
8053,524978.5,457592.0,0.0,0.0,1,1
8054,524978.5,457592.0,0.0,0.0,1,1
8055,524978.5,457592.0,0.0,0.0,1,1
8056,524978.5,457592.0,0.0,0.0,1,1
8057,524978.5,457592.0,0.0,0.0,1,1
8058,524978.5,457592.0,0.0,0.0,1,1
8059,524978.5,457592.0,0.0,0.0,1,1
8060,524978.5,457592.0,0.0,0.0,1,1
8061,524978.5,457592.0,0.0,0.0,1,1
8062,524978.5,457592.0,0.0,0.0,1,1
8063,524978.5,457592.0,0.0,0.0,1,1
8064,524978.5,457592.0,0.0,0.0,1,1
8065,524978.5,457592.0,0.0,0.0,1,1
8066,524978.5,457592.0,0.0,0.0,1,1
8067,524978.5,457592.0,0.0,0.0,1,1
8068,524978.5,457592.0,0.0,0.0,1,1
8069,524978.5,457592.0,0.0,0.0,1,1
8070,524978.5,457592.0,0.0,0.0,1,1
8071,524978.5,457592.0,0.0,0.0,1,1
8072,524978.5,457592.0,0.0,0.0,1,1
8073,524978.5,457592.0,0.0,0.0,1,1
8074,524978.5,457592.0,0.0,0.0,1,1
8075,524978.5,457592.0,0.0,0.0,1,1
8076,524960.5,457592.0,0.0,0.0,1,1
8077,524960.5,457592.0,0.0,0.0,1,1
8078,524960.5,457592.0,0.0,0.0,1,1
8079,524960.5,457592.0,0.0,0.0,1,1
8080,524960.5,457592.0,0.0,0.0,1,1
8081,524960.5,457592.0,0.0,0.0,1,1
8082,524960.5,457592.0,0.0,0.0,1,1
8083,524960.5,457592.0,0.0,0.0,1,1
8084,524960.5,457592.0,0.0,0.0,1,1
8085,524960.5,457592.0,0.0,0.0,1,1
8086,524960.5,457592.0,0.0,0.0,1,1
8087,524960.5,457592.0,0.0,0.0,1,1
8088,524960.5,457592.0,0.0,0.0,1,1
8089,524960.5,457592.0,0.0,0.0,1,1
8090,524960.5,457592.0,0.0,0.0,1,1
8091,524960.5,457592.0,0.0,0.0,1,1
8092,524960.5,457592.0,0.0,0.0,1,1
8093,524960.5,457592.0,0.0,0.0,1,1
8094,524960.5,457592.0,0.0,0.0,1,1
8095,524960.5,457592.0,0.0,0.0,1,1
8096,524960.5,457592.0,0.0,0.0,1,1
8097,524960.5,457592.0,0.0,0.0,1,1
8098,524960.5,457592.0,0.0,0.0,1,1
8099,524960.5,457592.0,0.0,0.0,1,1
8100,524960.5,457592.0,0.0,0.0,1,1
8101,524960.5,457592.0,0.0,0.0,1,1
8102,524960.5,457592.0,0.0,0.0,1,1
8103,524960.5,457592.0,0.0,0.0,1,1
8104,524960.5,457592.0,0.0,0.0,1,1
8105,524960.5,457592.0,0.0,0.0,1,1
8106,524960.5,457592.0,0.0,0.0,1,1
8107,524960.5,457592.0,0.0,0.0,1,1
8108,524960.5,457592.0,0.0,0.0,1,1
8109,524960.5,457592.0,0.0,0.0,1,1
8110,524960.5,457592.0,0.0,0.0,1,1
8111,524960.5,457592.0,0.0,0.0,1,1
8112,524960.5,457592.0,0.0,0.0,1,1
8113,524960.5,457592.0,0.0,0.0,1,1
8114,524960.5,457592.0,0.0,0.0,1,1
8115,524960.5,457592.0,0.0,0.0,1,1
8116,524960.5,457592.0,0.0,0.0,1,1
8117,524960.5,457592.0,0.0,0.0,1,1
8118,524977.5,457592.0,0.0,0.0,1,1
8119,524977.5,457592.0,0.0,0.0,1,1
8120,524977.5,457592.0,0.0,0.0,1,1
8121,524977.5,457592.0,0.0,0.0,1,1
8122,524977.5,457592.0,0.0,0.0,1,1
8123,524977.5,457592.0,0.0,0.0,1,1
8124,524977.5,457592.0,0.0,0.0,1,1
8125,525031.5,457592.0,0.0,0.0,1,1
8126,525031.5,457592.0,0.0,0.0,1,1
8127,525031.5,457592.0,0.0,0.0,1,1
8128,525031.5,457592.0,0.0,0.0,1,1
8129,525031.5,457592.0,0.0,0.0,1,1
8130,524598.5,457592.0,0.0,0.0,1,1
8131,524598.5,457592.0,0.0,0.0,1,1
8132,524598.5,457592.0,0.0,0.0,1,1
8133,524598.5,457592.0,0.0,0.0,1,1
8134,524598.5,457592.0,0.0,0.0,1,1
8135,524598.5,457592.0,0.0,0.0,1,1
8136,524598.5,457592.0,0.0,0.0,1,1
8137,524598.5,457592.0,0.0,0.0,1,1
8138,524598.5,457592.0,0.0,0.0,1,1
8139,524598.5,457592.0,0.0,0.0,1,1
8140,524598.5,457592.0,0.0,0.0,1,1
8141,524598.5,457592.0,0.0,0.0,1,1
8142,524598.5,457592.0,0.0,0.0,1,1
8143,524598.5,457592.0,0.0,0.0,1,1
8144,524598.5,457592.0,0.0,0.0,1,1
8145,524598.5,457592.0,0.0,0.0,1,1
8146,524598.5,457592.0,0.0,0.0,1,1
8147,524598.5,457592.0,0.0,0.0,1,1
8148,524598.5,457592.0,0.0,0.0,1,1
8149,524598.5,457592.0,0.0,0.0,1,1
8150,524598.5,457592.0,0.0,0.0,1,1
8151,524598.5,457592.0,0.0,0.0,1,1
8152,524598.5,457592.0,0.0,0.0,1,1
8153,524230.0,457592.0,0.0,0.0,1,1
8154,524230.0,457592.0,0.0,0.0,1,1
8155,524230.0,457592.0,0.0,0.0,1,1
8156,524230.0,457592.0,0.0,0.0,1,1
8157,524230.0,457592.0,0.0,0.0,1,1
8158,524230.0,457592.0,0.0,0.0,1,1
8159,524230.0,457592.0,0.0,0.0,1,1
8160,524230.0,457592.0,0.0,0.0,1,1
8161,524230.0,457592.0,0.0,0.0,1,1
8162,524230.0,457592.0,0.0,0.0,1,1
8163,524230.0,457592.0,0.0,0.0,1,1
8164,524230.0,457592.0,0.0,0.0,1,1
8165,524230.0,457592.0,0.0,0.0,1,1
8166,524230.0,457592.0,0.0,0.0,1,1
8167,524230.0,457592.0,0.0,0.0,1,1
8168,524230.0,457592.0,0.0,0.0,1,1
8169,524230.0,457592.0,0.0,0.0,1,1
8170,524230.0,457592.0,0.0,0.0,1,1
8171,524230.0,457592.0,0.0,0.0,1,1
8172,524230.0,457592.0,0.0,0.0,1,1
8173,524230.0,457592.0,0.0,0.0,1,1
8174,524230.0,457592.0,0.0,0.0,1,1
8175,524214.0,457592.0,0.0,0.0,1,1
8176,524214.0,457592.0,0.0,0.0,1,1
8177,524214.0,457592.0,0.0,0.0,1,1
8178,524214.0,457592.0,0.0,0.0,1,1
8179,524214.0,457592.0,0.0,0.0,1,1
8180,524214.0,457592.0,0.0,0.0,1,1
8181,524214.0,457592.0,0.0,0.0,1,1
8182,524214.0,457592.0,0.0,0.0,1,1
8183,524214.0,457592.0,0.0,0.0,1,1
8184,524214.0,457592.0,0.0,0.0,1,1
8185,524214.0,457592.0,0.0,0.0,1,1
8186,524214.0,457592.0,0.0,0.0,1,1
8187,524214.0,457592.0,0.0,0.0,1,1
8188,524214.0,457592.0,0.0,0.0,1,1
8189,524214.0,457592.0,0.0,0.0,1,1
8190,524214.0,457592.0,0.0,0.0,1,1
8191,524214.0,457592.0,0.0,0.0,1,1
8192,524214.0,457592.0,0.0,0.0,1,1
8193,524214.0,457592.0,0.0,0.0,1,1
8194,524823.5,457592.0,0.0,0.0,1,1
8195,524823.5,457592.0,0.0,0.0,1,1
8196,524823.5,457592.0,0.0,0.0,1,1
8197,524823.5,457592.0,0.0,0.0,1,1
8198,524823.5,457592.0,0.0,0.0,1,1
8199,524823.5,457592.0,0.0,0.0,1,1
8200,524823.5,457592.0,0.0,0.0,1,1
8201,524823.5,457592.0,0.0,0.0,1,1
8202,524823.5,457592.0,0.0,0.0,1,1
8203,524823.5,457592.0,0.0,0.0,1,1
8204,524823.5,457592.0,0.0,0.0,1,1
8205,524823.5,457592.0,0.0,0.0,1,1
8206,524823.5,457592.0,0.0,0.0,1,1
8207,524749.5,457592.0,0.0,0.0,1,1
8208,524749.5,457592.0,0.0,0.0,1,1
8209,524749.5,457592.0,0.0,0.0,1,1
8210,524749.5,457592.0,0.0,0.0,1,1
8211,524749.5,457592.0,0.0,0.0,1,1
8212,524749.5,457592.0,0.0,0.0,1,1
8213,526789.0,457592.0,0.0,0.0,1,1
8214,525493.5,457592.0,0.0,0.0,1,1
8215,525493.5,457592.0,0.0,0.0,1,1
8216,525493.5,457592.0,0.0,0.0,1,1
8217,525591.0,457592.0,0.0,0.0,1,1
8218,525591.0,457592.0,0.0,0.0,1,1
8219,525591.0,457592.0,0.0,0.0,1,1
8220,525591.0,457592.0,0.0,0.0,1,1
8221,525591.0,457592.0,0.0,0.0,1,1
8222,525591.0,457592.0,0.0,0.0,1,1
8223,525591.0,457592.0,0.0,0.0,1,1
8224,525591.0,457592.0,0.0,0.0,1,1
8225,525591.0,457592.0,0.0,0.0,1,1
8226,525591.0,457592.0,0.0,0.0,1,1
8227,525591.0,457592.0,0.0,0.0,1,1
8228,525591.0,457592.0,0.0,0.0,1,1
8229,525591.0,457592.0,0.0,0.0,1,1
8230,525591.0,457592.0,0.0,0.0,1,1
8231,525591.0,457592.0,0.0,0.0,1,1
8232,525591.0,457592.0,0.0,0.0,1,1
8233,525591.0,457592.0,0.0,0.0,1,1
8234,525591.0,457592.0,0.0,0.0,1,1
8235,525613.5,457592.0,0.0,0.0,1,1
8236,525613.5,457592.0,0.0,0.0,1,1
8237,525613.5,457592.0,0.0,0.0,1,1
8238,525613.5,457592.0,0.0,0.0,1,1
8239,525613.5,457592.0,0.0,0.0,1,1
8240,525613.5,457592.0,0.0,0.0,1,1
8241,525613.5,457592.0,0.0,0.0,1,1
8242,525613.5,457592.0,0.0,0.0,1,1
8243,526523.5,457592.0,0.0,0.0,1,1
8244,526523.5,457592.0,0.0,0.0,1,1
8245,526523.5,457592.0,0.0,0.0,1,1
8246,526523.5,457592.0,0.0,0.0,1,1
8247,526523.5,457592.0,0.0,0.0,1,1
8248,526523.5,457592.0,0.0,0.0,1,1
8249,526523.5,457592.0,0.0,0.0,1,1
8250,526523.5,457592.0,0.0,0.0,1,1
8251,526523.5,457592.0,0.0,0.0,1,1
8252,526523.5,457592.0,0.0,0.0,1,1
8253,526523.5,457592.0,0.0,0.0,1,1
8254,526523.5,457592.0,0.0,0.0,1,1
8255,526661.5,457592.0,0.0,0.0,1,1
8256,526661.5,457592.0,0.0,0.0,1,1
8257,526661.5,457592.0,0.0,0.0,1,1
8258,526661.5,457592.0,0.0,0.0,1,1
8259,526661.5,457592.0,0.0,0.0,1,1
8260,526661.5,457592.0,0.0,0.0,1,1
8261,526661.5,457592.0,0.0,0.0,1,1
8262,528076.0,457592.0,0.0,0.0,1,1
8263,528076.0,457592.0,0.0,0.0,1,1
8264,528076.0,457592.0,0.0,0.0,1,1
8265,528076.0,457592.0,0.0,0.0,1,1
8266,528076.0,457592.0,0.0,0.0,1,1
8267,528076.0,457592.0,0.0,0.0,1,1
8268,528076.0,457592.0,0.0,0.0,1,1
8269,528076.0,457592.0,0.0,0.0,1,1
8270,528076.0,457592.0,0.0,0.0,1,1
8271,528076.0,457592.0,0.0,0.0,1,1
8272,528076.0,457592.0,0.0,0.0,1,1
8273,528076.0,457592.0,0.0,0.0,1,1
8274,528076.0,457592.0,0.0,0.0,1,1
8275,528076.0,457592.0,0.0,0.0,1,1
8276,528076.0,457592.0,0.0,0.0,1,1
8277,528076.0,457592.0,0.0,0.0,1,1
8278,528076.0,457592.0,0.0,0.0,1,1
8279,528076.0,457592.0,0.0,0.0,1,1
8280,528076.0,457592.0,0.0,0.0,1,1
8281,528076.0,457592.0,0.0,0.0,1,1
8282,528076.0,457592.0,0.0,0.0,1,1
8283,528076.0,457592.0,0.0,0.0,1,1
8284,528076.0,457592.0,0.0,0.0,1,1
8285,528076.0,457592.0,0.0,0.0,1,1
8286,528076.0,457592.0,0.0,0.0,1,1
8287,528076.0,457592.0,0.0,0.0,1,1
8288,528076.0,457592.0,0.0,0.0,1,1
8289,528076.0,457592.0,0.0,0.0,1,1
8290,528076.0,457592.0,0.0,0.0,1,1
8291,528076.0,457592.0,0.0,0.0,1,1
8292,528076.0,457592.0,0.0,0.0,1,1
8293,528076.0,457592.0,0.0,0.0,1,1
8294,528076.0,457592.0,0.0,0.0,1,1
8295,528076.0,457592.0,0.0,0.0,1,1
8296,528076.0,457592.0,0.0,0.0,1,1
8297,528076.0,457592.0,0.0,0.0,1,1
8298,528076.0,457592.0,0.0,0.0,1,1
8299,528076.0,457592.0,0.0,0.0,1,1
8300,528076.0,457592.0,0.0,0.0,1,1
8301,528076.0,457592.0,0.0,0.0,1,1
8302,528076.0,457592.0,0.0,0.0,1,1
8303,528076.0,457592.0,0.0,0.0,1,1
8304,528076.0,457592.0,0.0,0.0,1,1
8305,528076.0,457592.0,0.0,0.0,1,1
8306,528076.0,457592.0,0.0,0.0,1,1
8307,528076.0,457592.0,0.0,0.0,1,1
8308,528076.0,457592.0,0.0,0.0,1,1
8309,528076.0,457592.0,0.0,0.0,1,1
8310,528076.0,457592.0,0.0,0.0,1,1
8311,528076.0,457592.0,0.0,0.0,1,1
8312,528076.0,457592.0,0.0,0.0,1,1
8313,528076.0,457592.0,0.0,0.0,1,1
8314,528076.0,457592.0,0.0,0.0,1,1
8315,528076.0,457592.0,0.0,0.0,1,1
8316,528076.0,457592.0,0.0,0.0,1,1
8317,528076.0,457592.0,0.0,0.0,1,1
8318,528076.0,457592.0,0.0,0.0,1,1
8319,528076.0,457592.0,0.0,0.0,1,1
8320,528076.0,457592.0,0.0,0.0,1,1
8321,528076.0,457592.0,0.0,0.0,1,1
8322,528076.0,457592.0,0.0,0.0,1,1
8323,528076.0,457592.0,0.0,0.0,1,1
8324,526666.0,457592.0,0.0,0.0,1,1
8325,526666.0,457592.0,0.0,0.0,1,1
8326,526666.0,457592.0,0.0,0.0,1,1
8327,526666.0,457592.0,0.0,0.0,1,1
8328,526666.0,457592.0,0.0,0.0,1,1
8329,526666.0,457592.0,0.0,0.0,1,1
8330,526666.0,457592.0,0.0,0.0,1,1
8331,526666.0,457592.0,0.0,0.0,1,1
8332,526666.0,457592.0,0.0,0.0,1,1
8333,526666.0,457592.0,0.0,0.0,1,1
8334,526666.0,457592.0,0.0,0.0,1,1
8335,526666.0,457592.0,0.0,0.0,1,1
8336,526666.0,457592.0,0.0,0.0,1,1
8337,526666.0,457592.0,0.0,0.0,1,1
8338,526666.0,457592.0,0.0,0.0,1,1
8339,526666.0,457592.0,0.0,0.0,1,1
8340,526666.0,457592.0,0.0,0.0,1,1
8341,527398.5,457592.0,0.0,0.0,1,1
8342,527398.5,457592.0,0.0,0.0,1,1
8343,527398.5,457592.0,0.0,0.0,1,1
8344,527398.5,457592.0,0.0,0.0,1,1
8345,527398.5,457592.0,0.0,0.0,1,1
8346,527398.5,457592.0,0.0,0.0,1,1
8347,527398.5,457592.0,0.0,0.0,1,1
8348,527398.5,457592.0,0.0,0.0,1,1
8349,527398.5,457592.0,0.0,0.0,1,1
8350,527398.5,457592.0,0.0,0.0,1,1
8351,527398.5,457592.0,0.0,0.0,1,1
8352,527398.5,457592.0,0.0,0.0,1,1
8353,527398.5,457592.0,0.0,0.0,1,1
8354,527398.5,457592.0,0.0,0.0,1,1
8355,527398.5,457592.0,0.0,0.0,1,1
8356,527398.5,457592.0,0.0,0.0,1,1
8357,527398.5,457592.0,0.0,0.0,1,1
8358,527398.5,457592.0,0.0,0.0,1,1
8359,527398.5,457592.0,0.0,0.0,1,1
8360,527398.5,457592.0,0.0,0.0,1,1
8361,527398.5,457592.0,0.0,0.0,1,1
8362,527398.5,457592.0,0.0,0.0,1,1
8363,527398.5,457592.0,0.0,0.0,1,1
8364,527398.5,457592.0,0.0,0.0,1,1
8365,527398.5,457592.0,0.0,0.0,1,1
8366,527398.5,457592.0,0.0,0.0,1,1
8367,527398.5,457592.0,0.0,0.0,1,1
8368,527398.5,457592.0,0.0,0.0,1,1
8369,527398.5,457592.0,0.0,0.0,1,1
8370,527398.5,457592.0,0.0,0.0,1,1
8371,527398.5,457592.0,0.0,0.0,1,1
8372,527398.5,457592.0,0.0,0.0,1,1
8373,527398.5,457592.0,0.0,0.0,1,1
8374,527398.5,457592.0,0.0,0.0,1,1
8375,527398.5,457592.0,0.0,0.0,1,1
8376,527398.5,457592.0,0.0,0.0,1,1
8377,527398.5,457592.0,0.0,0.0,1,1
8378,527398.5,457592.0,0.0,0.0,1,1
8379,527398.5,457592.0,0.0,0.0,1,1
8380,527398.5,457592.0,0.0,0.0,1,1
8381,527398.5,457592.0,0.0,0.0,1,1
8382,527398.5,457592.0,0.0,0.0,1,1
8383,527398.5,457592.0,0.0,0.0,1,1
8384,527398.5,457592.0,0.0,0.0,1,1
8385,527398.5,457592.0,0.0,0.0,1,1
8386,527398.5,457592.0,0.0,0.0,1,1
8387,527398.5,457592.0,0.0,0.0,1,1
8388,527398.5,457592.0,0.0,0.0,1,1
8389,527398.5,457592.0,0.0,0.0,1,1
8390,527398.5,457592.0,0.0,0.0,1,1
8391,527398.5,457592.0,0.0,0.0,1,1
8392,527398.5,457592.0,0.0,0.0,1,1
8393,527398.5,457592.0,0.0,0.0,1,1
8394,527398.5,457592.0,0.0,0.0,1,1
8395,527398.5,457592.0,0.0,0.0,1,1
8396,527398.5,457592.0,0.0,0.0,1,1
8397,527398.5,457592.0,0.0,0.0,1,1
8398,527398.5,457592.0,0.0,0.0,1,1
8399,527398.5,457592.0,0.0,0.0,1,1
8400,527398.5,457592.0,0.0,0.0,1,1
8401,527398.5,457592.0,0.0,0.0,1,1
8402,527398.5,457592.0,0.0,0.0,1,1
8403,527398.5,457592.0,0.0,0.0,1,1
8404,527398.5,457592.0,0.0,0.0,1,1
8405,527398.5,457592.0,0.0,0.0,1,1
8406,527259.0,457592.0,0.0,0.0,1,1
8407,527259.0,457592.0,0.0,0.0,1,1
8408,527259.0,457592.0,0.0,0.0,1,1
8409,527259.0,457592.0,0.0,0.0,1,1
8410,527353.0,457592.0,0.0,0.0,1,1
8411,527353.0,457592.0,0.0,0.0,1,1
8412,527353.0,457592.0,0.0,0.0,1,1
8413,527353.0,457592.0,0.0,0.0,1,1
8414,527353.0,457592.0,0.0,0.0,1,1
8415,527353.0,457592.0,0.0,0.0,1,1
8416,527353.0,457592.0,0.0,0.0,1,1
8417,527353.0,457592.0,0.0,0.0,1,1
8418,527353.0,457592.0,0.0,0.0,1,1
8419,527353.0,457592.0,0.0,0.0,1,1
8420,527353.0,457592.0,0.0,0.0,1,1
8421,527353.0,457592.0,0.0,0.0,1,1
8422,527353.0,457592.0,0.0,0.0,1,1
8423,527353.0,457592.0,0.0,0.0,1,1
8424,527353.0,457592.0,0.0,0.0,1,1
8425,527353.0,457592.0,0.0,0.0,1,1
8426,527353.0,457592.0,0.0,0.0,1,1
8427,527353.0,457592.0,0.0,0.0,1,1
8428,527353.0,457592.0,0.0,0.0,1,1
8429,527353.0,457592.0,0.0,0.0,1,1
8430,527353.0,457592.0,0.0,0.0,1,1
8431,527353.0,457592.0,0.0,0.0,1,1
8432,527353.0,457592.0,0.0,0.0,1,1
8433,527353.0,457592.0,0.0,0.0,1,1
8434,527353.0,457592.0,0.0,0.0,1,1
8435,527353.0,457592.0,0.0,0.0,1,1
8436,527353.0,457592.0,0.0,0.0,1,1
8437,527353.0,457592.0,0.0,0.0,1,1
8438,527353.0,457592.0,0.0,0.0,1,1
8439,527353.0,457592.0,0.0,0.0,1,1
8440,527353.0,457592.0,0.0,0.0,1,1
8441,527353.0,457592.0,0.0,0.0,1,1
8442,527353.0,457592.0,0.0,0.0,1,1
8443,527353.0,457592.0,0.0,0.0,1,1
8444,527353.0,457592.0,0.0,0.0,1,1
8445,527353.0,457592.0,0.0,0.0,1,1
8446,527149.0,457592.0,0.0,0.0,1,1
8447,527149.0,457592.0,0.0,0.0,1,1
8448,527149.0,457592.0,0.0,0.0,1,1
8449,527149.0,457592.0,0.0,0.0,1,1
8450,527149.0,457592.0,0.0,0.0,1,1
8451,527149.0,457592.0,0.0,0.0,1,1
8452,527149.0,457592.0,0.0,0.0,1,1
8453,527149.0,457592.0,0.0,0.0,1,1
8454,527149.0,457592.0,0.0,0.0,1,1
8455,527149.0,457592.0,0.0,0.0,1,1
8456,527149.0,457592.0,0.0,0.0,1,1
8457,527149.0,457592.0,0.0,0.0,1,1
8458,527149.0,457592.0,0.0,0.0,1,1
8459,527149.0,457592.0,0.0,0.0,1,1
8460,525380.0,457592.0,0.0,0.0,1,1
8461,525380.0,457592.0,0.0,0.0,1,1
8462,525380.0,457592.0,0.0,0.0,1,1
8463,525380.0,457592.0,0.0,0.0,1,1
8464,525398.0,457592.0,0.0,0.0,1,1
8465,525398.0,457592.0,0.0,0.0,1,1
8466,525398.0,457592.0,0.0,0.0,1,1
8467,525398.0,457592.0,0.0,0.0,1,1
8468,525398.0,457592.0,0.0,0.0,1,1
8469,525398.0,457592.0,0.0,0.0,1,1
8470,525398.0,457592.0,0.0,0.0,1,1
8471,525398.0,457592.0,0.0,0.0,1,1
8472,525398.0,457592.0,0.0,0.0,1,1
8473,525398.0,457592.0,0.0,0.0,1,1
8474,525398.0,457592.0,0.0,0.0,1,1
8475,525398.0,457592.0,0.0,0.0,1,1
8476,525398.0,457592.0,0.0,0.0,1,1
8477,525398.0,457592.0,0.0,0.0,1,1
8478,525398.0,457592.0,0.0,0.0,1,1
8479,526146.0,457592.0,0.0,0.0,1,1
8480,526146.0,457592.0,0.0,0.0,1,1
8481,526146.0,457592.0,0.0,0.0,1,1
8482,526146.0,457592.0,0.0,0.0,1,1
8483,526129.0,457592.0,0.0,0.0,1,1
8484,526129.0,457592.0,0.0,0.0,1,1
8485,526129.0,457592.0,0.0,0.0,1,1
8486,526129.0,457592.0,0.0,0.0,1,1
8487,526129.0,457592.0,0.0,0.0,1,1
8488,526129.0,457592.0,0.0,0.0,1,1
8489,526129.0,457592.0,0.0,0.0,1,1
8490,526129.0,457592.0,0.0,0.0,1,1
8491,526129.0,457592.0,0.0,0.0,1,1
8492,526129.0,457592.0,0.0,0.0,1,1
8493,526129.0,457592.0,0.0,0.0,1,1
8494,526129.0,457592.0,0.0,0.0,1,1
8495,526129.0,457592.0,0.0,0.0,1,1
8496,526129.0,457592.0,0.0,0.0,1,1
8497,526129.0,457592.0,0.0,0.0,1,1
8498,526129.0,457592.0,0.0,0.0,1,1
8499,526129.0,457592.0,0.0,0.0,1,1
8500,526129.0,457592.0,0.0,0.0,1,1
8501,526129.0,457592.0,0.0,0.0,1,1
8502,526129.0,457592.0,0.0,0.0,1,1
8503,526129.0,457592.0,0.0,0.0,1,1
8504,526129.0,457592.0,0.0,0.0,1,1
8505,526129.0,457592.0,0.0,0.0,1,1
8506,526129.0,457592.0,0.0,0.0,1,1
8507,526129.0,457592.0,0.0,0.0,1,1
8508,526129.0,457592.0,0.0,0.0,1,1
8509,526129.0,457592.0,0.0,0.0,1,1
8510,526129.0,457592.0,0.0,0.0,1,1
8511,526129.0,457592.0,0.0,0.0,1,1
8512,526129.0,457592.0,0.0,0.0,1,1
8513,526129.0,457592.0,0.0,0.0,1,1
8514,526129.0,457592.0,0.0,0.0,1,1
8515,526129.0,457592.0,0.0,0.0,1,1
8516,526103.5,457592.0,0.0,0.0,1,1
8517,526103.5,457592.0,0.0,0.0,1,1
8518,525667.5,457592.0,0.0,0.0,1,1
8519,525667.5,457592.0,0.0,0.0,1,1
8520,525667.5,457592.0,0.0,0.0,1,1
8521,525667.5,457592.0,0.0,0.0,1,1
8522,525667.5,457592.0,0.0,0.0,1,1
8523,525667.5,457592.0,0.0,0.0,1,1
8524,525667.5,457592.0,0.0,0.0,1,1
8525,525667.5,457592.0,0.0,0.0,1,1
8526,525667.5,457592.0,0.0,0.0,1,1
8527,525667.5,457592.0,0.0,0.0,1,1
8528,525667.5,457592.0,0.0,0.0,1,1
8529,525667.5,457592.0,0.0,0.0,1,1
8530,525667.5,457592.0,0.0,0.0,1,1
8531,525667.5,457592.0,0.0,0.0,1,1
8532,525699.5,457592.0,0.0,0.0,1,1
8533,525699.5,457592.0,0.0,0.0,1,1
8534,525699.5,457592.0,0.0,0.0,1,1
8535,525699.5,457592.0,0.0,0.0,1,1
8536,525681.5,457592.0,0.0,0.0,1,1
8537,525681.5,457592.0,0.0,0.0,1,1
8538,525681.5,457592.0,0.0,0.0,1,1
8539,525681.5,457592.0,0.0,0.0,1,1
8540,525681.5,457592.0,0.0,0.0,1,1
8541,525681.5,457592.0,0.0,0.0,1,1
8542,525681.5,457592.0,0.0,0.0,1,1
8543,525681.5,457592.0,0.0,0.0,1,1
8544,525681.5,457592.0,0.0,0.0,1,1
8545,525681.5,457592.0,0.0,0.0,1,1
8546,525681.5,457592.0,0.0,0.0,1,1
8547,525681.5,457592.0,0.0,0.0,1,1
8548,525681.5,457592.0,0.0,0.0,1,1
8549,525681.5,457592.0,0.0,0.0,1,1
8550,525681.5,457592.0,0.0,0.0,1,1
8551,525681.5,457592.0,0.0,0.0,1,1
8552,525681.5,457592.0,0.0,0.0,1,1
8553,525681.5,457592.0,0.0,0.0,1,1
8554,525681.5,457592.0,0.0,0.0,1,1
8555,525681.5,457592.0,0.0,0.0,1,1
8556,525681.5,457592.0,0.0,0.0,1,1
8557,525681.5,457592.0,0.0,0.0,1,1
8558,525681.5,457592.0,0.0,0.0,1,1
8559,525681.5,457592.0,0.0,0.0,1,1
8560,525681.5,457592.0,0.0,0.0,1,1
8561,525681.5,457592.0,0.0,0.0,1,1
8562,525681.5,457592.0,0.0,0.0,1,1
8563,525681.5,457592.0,0.0,0.0,1,1
8564,525681.5,457592.0,0.0,0.0,1,1
8565,525681.5,457592.0,0.0,0.0,1,1
8566,525681.5,457592.0,0.0,0.0,1,1
8567,525681.5,457592.0,0.0,0.0,1,1
8568,525681.5,457592.0,0.0,0.0,1,1
8569,525681.5,457592.0,0.0,0.0,1,1
8570,525681.5,457592.0,0.0,0.0,1,1
8571,525681.5,457592.0,0.0,0.0,1,1
8572,525681.5,457592.0,0.0,0.0,1,1
8573,525681.5,457592.0,0.0,0.0,1,1
8574,525681.5,457592.0,0.0,0.0,1,1
8575,525681.5,457592.0,0.0,0.0,1,1
8576,525681.5,457592.0,0.0,0.0,1,1
8577,525681.5,457592.0,0.0,0.0,1,1
8578,525681.5,457592.0,0.0,0.0,1,1
8579,525681.5,457592.0,0.0,0.0,1,1
8580,525681.5,457592.0,0.0,0.0,1,1
8581,525681.5,457592.0,0.0,0.0,1,1
8582,525681.5,457592.0,0.0,0.0,1,1
8583,525681.5,457592.0,0.0,0.0,1,1
8584,525681.5,457592.0,0.0,0.0,1,1
8585,525681.5,457592.0,0.0,0.0,1,1
8586,525882.5,457592.0,0.0,0.0,1,1
8587,525882.5,457592.0,0.0,0.0,1,1
8588,525882.5,457592.0,0.0,0.0,1,1
8589,525882.5,457592.0,0.0,0.0,1,1
8590,525882.5,457592.0,0.0,0.0,1,1
8591,525882.5,457592.0,0.0,0.0,1,1
8592,525882.5,457592.0,0.0,0.0,1,1
8593,525882.5,457592.0,0.0,0.0,1,1
8594,525882.5,457592.0,0.0,0.0,1,1
8595,525882.5,457592.0,0.0,0.0,1,1
8596,525882.5,457592.0,0.0,0.0,1,1
8597,525882.5,457592.0,0.0,0.0,1,1
8598,525748.5,457592.0,0.0,0.0,1,1
8599,525748.5,457592.0,0.0,0.0,1,1
8600,525748.5,457592.0,0.0,0.0,1,1
8601,525748.5,457592.0,0.0,0.0,1,1
8602,525748.5,457592.0,0.0,0.0,1,1
8603,525748.5,457592.0,0.0,0.0,1,1
8604,525748.5,457592.0,0.0,0.0,1,1
8605,525748.5,457592.0,0.0,0.0,1,1
8606,525748.5,457592.0,0.0,0.0,1,1
8607,525748.5,457592.0,0.0,0.0,1,1
8608,525748.5,457592.0,0.0,0.0,1,1
8609,525748.5,457592.0,0.0,0.0,1,1
8610,525748.5,457592.0,0.0,0.0,1,1
8611,525748.5,457592.0,0.0,0.0,1,1
8612,525748.5,457592.0,0.0,0.0,1,1
8613,525748.5,457592.0,0.0,0.0,1,1
8614,525748.5,457592.0,0.0,0.0,1,1
8615,525748.5,457592.0,0.0,0.0,1,1
8616,525748.5,457592.0,0.0,0.0,1,1
8617,525748.5,457592.0,0.0,0.0,1,1
8618,525748.5,457592.0,0.0,0.0,1,1
8619,525748.5,457592.0,0.0,0.0,1,1
8620,525748.5,457592.0,0.0,0.0,1,1
8621,525748.5,457592.0,0.0,0.0,1,1
8622,525748.5,457592.0,0.0,0.0,1,1
8623,525748.5,457592.0,0.0,0.0,1,1
8624,525748.5,457592.0,0.0,0.0,1,1
8625,525748.5,457592.0,0.0,0.0,1,1
8626,525748.5,457592.0,0.0,0.0,1,1
8627,525748.5,457592.0,0.0,0.0,1,1
8628,525748.5,457592.0,0.0,0.0,1,1
8629,525748.5,457592.0,0.0,0.0,1,1
8630,525748.5,457592.0,0.0,0.0,1,1
8631,525748.5,457592.0,0.0,0.0,1,1
8632,525748.5,457592.0,0.0,0.0,1,1
8633,525758.5,457592.0,0.0,0.0,1,1
8634,525758.5,457592.0,0.0,0.0,1,1
8635,525758.5,457592.0,0.0,0.0,1,1
8636,525758.5,457592.0,0.0,0.0,1,1
8637,525758.5,457592.0,0.0,0.0,1,1
8638,525758.5,457592.0,0.0,0.0,1,1
8639,525758.5,457592.0,0.0,0.0,1,1
8640,525758.5,457592.0,0.0,0.0,1,1
8641,525758.5,457592.0,0.0,0.0,1,1
8642,525758.5,457592.0,0.0,0.0,1,1
8643,525758.5,457592.0,0.0,0.0,1,1
8644,525758.5,457592.0,0.0,0.0,1,1
8645,525758.5,457592.0,0.0,0.0,1,1
8646,525758.5,457592.0,0.0,0.0,1,1
8647,525655.0,457592.0,0.0,0.0,1,1
8648,525655.0,457592.0,0.0,0.0,1,1
8649,525655.0,457592.0,0.0,0.0,1,1
8650,525655.0,457592.0,0.0,0.0,1,1
8651,525655.0,457592.0,0.0,0.0,1,1
8652,525655.0,457592.0,0.0,0.0,1,1
8653,525655.0,457592.0,0.0,0.0,1,1
8654,525655.0,457592.0,0.0,0.0,1,1
8655,525655.0,457592.0,0.0,0.0,1,1
8656,525655.0,457592.0,0.0,0.0,1,1
8657,525655.0,457592.0,0.0,0.0,1,1
8658,525655.0,457592.0,0.0,0.0,1,1
8659,525655.0,457592.0,0.0,0.0,1,1
8660,525655.0,457592.0,0.0,0.0,1,1
8661,525655.0,457592.0,0.0,0.0,1,1
8662,525655.0,457592.0,0.0,0.0,1,1
8663,525655.0,457592.0,0.0,0.0,1,1
8664,525655.0,457592.0,0.0,0.0,1,1
8665,525655.0,457592.0,0.0,0.0,1,1
8666,525587.0,457592.0,0.0,0.0,1,1
8667,525587.0,457592.0,0.0,0.0,1,1
8668,525587.0,457592.0,0.0,0.0,1,1
8669,525587.0,457592.0,0.0,0.0,1,1
8670,525587.0,457592.0,0.0,0.0,1,1
8671,525587.0,457592.0,0.0,0.0,1,1
8672,525587.0,457592.0,0.0,0.0,1,1
8673,525614.5,457592.0,0.0,0.0,1,1
8674,525614.5,457592.0,0.0,0.0,1,1
8675,525614.5,457592.0,0.0,0.0,1,1
8676,525614.5,457592.0,0.0,0.0,1,1
8677,525614.5,457592.0,0.0,0.0,1,1
8678,525614.5,457592.0,0.0,0.0,1,1
8679,525614.5,457592.0,0.0,0.0,1,1
8680,525614.5,457592.0,0.0,0.0,1,1
8681,525614.5,457592.0,0.0,0.0,1,1
8682,525377.5,457592.0,0.0,0.0,1,1
8683,525377.5,457592.0,0.0,0.0,1,1
8684,525377.5,457592.0,0.0,0.0,1,1
8685,525377.5,457592.0,0.0,0.0,1,1
8686,525377.5,457592.0,0.0,0.0,1,1
8687,525377.5,457592.0,0.0,0.0,1,1
8688,525377.5,457592.0,0.0,0.0,1,1
8689,525377.5,457592.0,0.0,0.0,1,1
8690,525377.5,457592.0,0.0,0.0,1,1
8691,525377.5,457592.0,0.0,0.0,1,1
8692,525377.5,457592.0,0.0,0.0,1,1
8693,525377.5,457592.0,0.0,0.0,1,1
8694,525377.5,457592.0,0.0,0.0,1,1
8695,525377.5,457592.0,0.0,0.0,1,1
8696,525377.5,457592.0,0.0,0.0,1,1
8697,525377.5,457592.0,0.0,0.0,1,1
8698,525377.5,457592.0,0.0,0.0,1,1
8699,525377.5,457592.0,0.0,0.0,1,1
8700,525377.5,457592.0,0.0,0.0,1,1
8701,525377.5,457592.0,0.0,0.0,1,1
8702,525377.5,457592.0,0.0,0.0,1,1
8703,525377.5,457592.0,0.0,0.0,1,1
8704,525377.5,457592.0,0.0,0.0,1,1
8705,525377.5,457592.0,0.0,0.0,1,1
8706,525377.5,457592.0,0.0,0.0,1,1
8707,525377.5,457592.0,0.0,0.0,1,1
8708,525377.5,457592.0,0.0,0.0,1,1
8709,525377.5,457592.0,0.0,0.0,1,1
8710,525377.5,457592.0,0.0,0.0,1,1
8711,525377.5,457592.0,0.0,0.0,1,1
8712,525377.5,457592.0,0.0,0.0,1,1
8713,525377.5,457592.0,0.0,0.0,1,1
8714,525377.5,457592.0,0.0,0.0,1,1
8715,525614.5,457592.0,0.0,0.0,1,1
8716,525614.5,457592.0,0.0,0.0,1,1
8717,525614.5,457592.0,0.0,0.0,1,1
8718,525614.5,457592.0,0.0,0.0,1,1
8719,525614.5,457592.0,0.0,0.0,1,1
8720,525614.5,457592.0,0.0,0.0,1,1
8721,525614.5,457592.0,0.0,0.0,1,1
8722,525682.5,457592.0,0.0,0.0,1,1
8723,525682.5,457592.0,0.0,0.0,1,1
8724,525682.5,457592.0,0.0,0.0,1,1
8725,525682.5,457592.0,0.0,0.0,1,1
8726,526208.5,457592.0,0.0,0.0,1,1
8727,526208.5,457592.0,0.0,0.0,1,1
8728,526208.5,457592.0,0.0,0.0,1,1
8729,526208.5,457592.0,0.0,0.0,1,1
8730,526208.5,457592.0,0.0,0.0,1,1
8731,526208.5,457592.0,0.0,0.0,1,1
8732,526208.5,457592.0,0.0,0.0,1,1
8733,526208.5,457592.0,0.0,0.0,1,1
8734,526208.5,457592.0,0.0,0.0,1,1
8735,526208.5,457592.0,0.0,0.0,1,1
8736,526208.5,457592.0,0.0,0.0,1,1
8737,526208.5,457592.0,0.0,0.0,1,1
8738,526208.5,457592.0,0.0,0.0,1,1
8739,526208.5,457592.0,0.0,0.0,1,1
8740,526208.5,457592.0,0.0,0.0,1,1
8741,526208.5,457592.0,0.0,0.0,1,1
8742,526208.5,457592.0,0.0,0.0,1,1
8743,526208.5,457592.0,0.0,0.0,1,1
8744,526208.5,457592.0,0.0,0.0,1,1
8745,526208.5,457592.0,0.0,0.0,1,1
8746,525843.5,457592.0,0.0,0.0,1,1
8747,525927.5,457592.0,0.0,0.0,1,1
8748,525927.5,457592.0,0.0,0.0,1,1
8749,525927.5,457592.0,0.0,0.0,1,1
8750,525927.5,457592.0,0.0,0.0,1,1
8751,525895.5,457592.0,0.0,0.0,1,1
8752,525895.5,457592.0,0.0,0.0,1,1
8753,525895.5,457592.0,0.0,0.0,1,1
8754,525895.5,457592.0,0.0,0.0,1,1
8755,525895.5,457592.0,0.0,0.0,1,1
8756,525895.5,457592.0,0.0,0.0,1,1
8757,525895.5,457592.0,0.0,0.0,1,1
8758,525895.5,457592.0,0.0,0.0,1,1
8759,525895.5,457592.0,0.0,0.0,1,1
8760,525895.5,457592.0,0.0,0.0,1,1
8761,525921.5,457592.0,0.0,0.0,1,1
8762,525921.5,457592.0,0.0,0.0,1,1
8763,525921.5,457592.0,0.0,0.0,1,1
8764,525921.5,457592.0,0.0,0.0,1,1
8765,525921.5,457592.0,0.0,0.0,1,1
8766,525921.5,457592.0,0.0,0.0,1,1
8767,525921.5,457592.0,0.0,0.0,1,1
8768,525921.5,457592.0,0.0,0.0,1,1
8769,525921.5,457592.0,0.0,0.0,1,1
8770,525921.5,457592.0,0.0,0.0,1,1
8771,525921.5,457592.0,0.0,0.0,1,1
8772,525921.5,457592.0,0.0,0.0,1,1
8773,525844.5,457592.0,0.0,0.0,1,1
8774,525844.5,457592.0,0.0,0.0,1,1
8775,525844.5,457592.0,0.0,0.0,1,1
8776,525844.5,457592.0,0.0,0.0,1,1
8777,525844.5,457592.0,0.0,0.0,1,1
8778,525724.0,457592.0,0.0,0.0,1,1
8779,525724.0,457592.0,0.0,0.0,1,1
8780,525724.0,457592.0,0.0,0.0,1,1
8781,525724.0,457592.0,0.0,0.0,1,1
8782,525724.0,457592.0,0.0,0.0,1,1
8783,525724.0,457592.0,0.0,0.0,1,1
8784,525724.0,457592.0,0.0,0.0,1,1
8785,525724.0,457592.0,0.0,0.0,1,1
8786,525724.0,457592.0,0.0,0.0,1,1
8787,525648.5,457592.0,0.0,0.0,1,1
8788,525648.5,457592.0,0.0,0.0,1,1
8789,525648.5,457592.0,0.0,0.0,1,1
8790,525648.5,457592.0,0.0,0.0,1,1
8791,525534.5,457592.0,0.0,0.0,1,1
8792,525534.5,457592.0,0.0,0.0,1,1
8793,525534.5,457592.0,0.0,0.0,1,1
8794,525534.5,457592.0,0.0,0.0,1,1
8795,525534.5,457592.0,0.0,0.0,1,1
8796,525534.5,457592.0,0.0,0.0,1,1
8797,525534.5,457592.0,0.0,0.0,1,1
8798,525534.5,457592.0,0.0,0.0,1,1
8799,525534.5,457592.0,0.0,0.0,1,1
8800,525534.5,457592.0,0.0,0.0,1,1
8801,525534.5,457592.0,0.0,0.0,1,1
8802,525534.5,457592.0,0.0,0.0,1,1
8803,525534.5,457592.0,0.0,0.0,1,1
8804,525534.5,457592.0,0.0,0.0,1,1
8805,525534.5,457592.0,0.0,0.0,1,1
8806,525534.5,457592.0,0.0,0.0,1,1
8807,525534.5,457592.0,0.0,0.0,1,1
8808,525534.5,457592.0,0.0,0.0,1,1
8809,525534.5,457592.0,0.0,0.0,1,1
8810,525534.5,457592.0,0.0,0.0,1,1
8811,525534.5,457592.0,0.0,0.0,1,1
8812,525534.5,457592.0,0.0,0.0,1,1
8813,525534.5,457592.0,0.0,0.0,1,1
8814,525534.5,457592.0,0.0,0.0,1,1
8815,525534.5,457592.0,0.0,0.0,1,1
8816,525534.5,457592.0,0.0,0.0,1,1
8817,525534.5,457592.0,0.0,0.0,1,1
8818,525534.5,457592.0,0.0,0.0,1,1
8819,525534.5,457592.0,0.0,0.0,1,1
8820,525534.5,457592.0,0.0,0.0,1,1
8821,525534.5,457592.0,0.0,0.0,1,1
8822,525534.5,457592.0,0.0,0.0,1,1
8823,525534.5,457592.0,0.0,0.0,1,1
8824,525534.5,457592.0,0.0,0.0,1,1
8825,525534.5,457592.0,0.0,0.0,1,1
8826,525534.5,457592.0,0.0,0.0,1,1
8827,525534.5,457592.0,0.0,0.0,1,1
8828,525534.5,457592.0,0.0,0.0,1,1
8829,525534.5,457592.0,0.0,0.0,1,1
8830,525534.5,457592.0,0.0,0.0,1,1
8831,525534.5,457592.0,0.0,0.0,1,1
8832,525534.5,457592.0,0.0,0.0,1,1
8833,525534.5,457592.0,0.0,0.0,1,1
8834,525534.5,457592.0,0.0,0.0,1,1
8835,525534.5,457592.0,0.0,0.0,1,1
8836,525534.5,457592.0,0.0,0.0,1,1
8837,525534.5,457592.0,0.0,0.0,1,1
8838,525534.5,457592.0,0.0,0.0,1,1
8839,525534.5,457592.0,0.0,0.0,1,1
8840,525534.5,457592.0,0.0,0.0,1,1
8841,525534.5,457592.0,0.0,0.0,1,1
8842,525723.5,457592.0,0.0,0.0,1,1
8843,525723.5,457592.0,0.0,0.0,1,1
8844,525723.5,457592.0,0.0,0.0,1,1
8845,525723.5,457592.0,0.0,0.0,1,1
8846,525800.5,457592.0,0.0,0.0,1,1
8847,525800.5,457592.0,0.0,0.0,1,1
8848,525800.5,457592.0,0.0,0.0,1,1
8849,525800.5,457592.0,0.0,0.0,1,1
8850,525800.5,457592.0,0.0,0.0,1,1
8851,525800.5,457592.0,0.0,0.0,1,1
8852,525800.5,457592.0,0.0,0.0,1,1
8853,525800.5,457592.0,0.0,0.0,1,1
8854,525800.5,457592.0,0.0,0.0,1,1
8855,525800.5,457592.0,0.0,0.0,1,1
8856,525800.5,457592.0,0.0,0.0,1,1
8857,525800.5,457592.0,0.0,0.0,1,1
8858,525800.5,457592.0,0.0,0.0,1,1
8859,525800.5,457592.0,0.0,0.0,1,1
8860,525800.5,457592.0,0.0,0.0,1,1
8861,525800.5,457592.0,0.0,0.0,1,1
8862,525800.5,457592.0,0.0,0.0,1,1
8863,525800.5,457592.0,0.0,0.0,1,1
8864,525800.5,457592.0,0.0,0.0,1,1
8865,525800.5,457592.0,0.0,0.0,1,1
8866,525800.5,457592.0,0.0,0.0,1,1
8867,525800.5,457592.0,0.0,0.0,1,1
8868,525800.5,457592.0,0.0,0.0,1,1
8869,525800.5,457592.0,0.0,0.0,1,1
8870,525800.5,457592.0,0.0,0.0,1,1
8871,525800.5,457592.0,0.0,0.0,1,1
8872,525800.5,457592.0,0.0,0.0,1,1
8873,525800.5,457592.0,0.0,0.0,1,1
8874,525800.5,457592.0,0.0,0.0,1,1
8875,525800.5,457592.0,0.0,0.0,1,1
8876,525745.5,457592.0,0.0,0.0,1,1
8877,525745.5,457592.0,0.0,0.0,1,1
8878,525745.5,457592.0,0.0,0.0,1,1
8879,525745.5,457592.0,0.0,0.0,1,1
8880,525745.5,457592.0,0.0,0.0,1,1
8881,525745.5,457592.0,0.0,0.0,1,1
8882,525745.5,457592.0,0.0,0.0,1,1
8883,525745.5,457592.0,0.0,0.0,1,1
8884,525745.5,457592.0,0.0,0.0,1,1
8885,525745.5,457592.0,0.0,0.0,1,1
8886,525745.5,457592.0,0.0,0.0,1,1
8887,525745.5,457592.0,0.0,0.0,1,1
8888,525745.5,457592.0,0.0,0.0,1,1
8889,525745.5,457592.0,0.0,0.0,1,1
8890,525745.5,457592.0,0.0,0.0,1,1
8891,525745.5,457592.0,0.0,0.0,1,1
8892,525745.5,457592.0,0.0,0.0,1,1
8893,525745.5,457592.0,0.0,0.0,1,1
8894,525745.5,457592.0,0.0,0.0,1,1
8895,525745.5,457592.0,0.0,0.0,1,1
8896,525745.5,457592.0,0.0,0.0,1,1
8897,525745.5,457592.0,0.0,0.0,1,1
8898,525745.5,457592.0,0.0,0.0,1,1
8899,525745.5,457592.0,0.0,0.0,1,1
8900,525745.5,457592.0,0.0,0.0,1,1
8901,525745.5,457592.0,0.0,0.0,1,1
8902,525745.5,457592.0,0.0,0.0,1,1
8903,525745.5,457592.0,0.0,0.0,1,1
8904,525745.5,457592.0,0.0,0.0,1,1
8905,525745.5,457592.0,0.0,0.0,1,1
8906,525745.5,457592.0,0.0,0.0,1,1
8907,525745.5,457592.0,0.0,0.0,1,1
8908,525745.5,457592.0,0.0,0.0,1,1
8909,525745.5,457592.0,0.0,0.0,1,1
8910,525745.5,457592.0,0.0,0.0,1,1
8911,525745.5,457592.0,0.0,0.0,1,1
8912,525745.5,457592.0,0.0,0.0,1,1
8913,525745.5,457592.0,0.0,0.0,1,1
8914,525745.5,457592.0,0.0,0.0,1,1
8915,525745.5,457592.0,0.0,0.0,1,1
8916,525745.5,457592.0,0.0,0.0,1,1
8917,525747.5,457592.0,0.0,0.0,1,1
8918,525747.5,457592.0,0.0,0.0,1,1
8919,525747.5,457592.0,0.0,0.0,1,1
8920,525747.5,457592.0,0.0,0.0,1,1
8921,525747.5,457592.0,0.0,0.0,1,1
8922,525747.5,457592.0,0.0,0.0,1,1
8923,525747.5,457592.0,0.0,0.0,1,1
8924,525747.5,457592.0,0.0,0.0,1,1
8925,525747.5,457592.0,0.0,0.0,1,1
8926,525747.5,457592.0,0.0,0.0,1,1
8927,525747.5,457592.0,0.0,0.0,1,1
8928,525747.5,457592.0,0.0,0.0,1,1
8929,525747.5,457592.0,0.0,0.0,1,1
8930,525747.5,457592.0,0.0,0.0,1,1
8931,525747.5,457592.0,0.0,0.0,1,1
8932,525747.5,457592.0,0.0,0.0,1,1
8933,525747.5,457592.0,0.0,0.0,1,1
8934,525747.5,457592.0,0.0,0.0,1,1
8935,525747.5,457592.0,0.0,0.0,1,1
8936,525747.5,457592.0,0.0,0.0,1,1
8937,525747.5,457592.0,0.0,0.0,1,1
8938,525747.5,457592.0,0.0,0.0,1,1
8939,525747.5,457592.0,0.0,0.0,1,1
8940,524677.5,457592.0,0.0,0.0,1,1
8941,524677.5,457592.0,0.0,0.0,1,1
8942,524677.5,457592.0,0.0,0.0,1,1
8943,524677.5,457592.0,0.0,0.0,1,1
8944,524677.5,457592.0,0.0,0.0,1,1
8945,524677.5,457592.0,0.0,0.0,1,1
8946,524677.5,457592.0,0.0,0.0,1,1
8947,524677.5,457592.0,0.0,0.0,1,1
8948,524677.5,457592.0,0.0,0.0,1,1
8949,524677.5,457592.0,0.0,0.0,1,1
8950,524677.5,457592.0,0.0,0.0,1,1
8951,524677.5,457592.0,0.0,0.0,1,1
8952,524677.5,457592.0,0.0,0.0,1,1
8953,524677.5,457592.0,0.0,0.0,1,1
8954,524803.5,457592.0,0.0,0.0,1,1
8955,524803.5,457592.0,0.0,0.0,1,1
8956,524803.5,457592.0,0.0,0.0,1,1
8957,524803.5,457592.0,0.0,0.0,1,1
8958,524803.5,457592.0,0.0,0.0,1,1
8959,524803.5,457592.0,0.0,0.0,1,1
8960,524803.5,457592.0,0.0,0.0,1,1
8961,524832.5,457592.0,0.0,0.0,1,1
8962,524832.5,457592.0,0.0,0.0,1,1
8963,524818.5,457592.0,0.0,0.0,1,1
8964,524818.5,457592.0,0.0,0.0,1,1
8965,524818.5,457592.0,0.0,0.0,1,1
8966,524818.5,457592.0,0.0,0.0,1,1
8967,524818.5,457592.0,0.0,0.0,1,1
8968,524818.5,457592.0,0.0,0.0,1,1
8969,524818.5,457592.0,0.0,0.0,1,1
8970,524818.5,457592.0,0.0,0.0,1,1
8971,524818.5,457592.0,0.0,0.0,1,1
8972,524818.5,457592.0,0.0,0.0,1,1
8973,524818.5,457592.0,0.0,0.0,1,1
8974,524818.5,457592.0,0.0,0.0,1,1
8975,524818.5,457592.0,0.0,0.0,1,1
8976,524818.5,457592.0,0.0,0.0,1,1
8977,524818.5,457592.0,0.0,0.0,1,1
8978,524818.5,457592.0,0.0,0.0,1,1
8979,524818.5,457592.0,0.0,0.0,1,1
8980,524818.5,457592.0,0.0,0.0,1,1
8981,524818.5,457592.0,0.0,0.0,1,1
8982,524818.5,457592.0,0.0,0.0,1,1
8983,524818.5,457592.0,0.0,0.0,1,1
8984,524818.5,457592.0,0.0,0.0,1,1
8985,524818.5,457592.0,0.0,0.0,1,1
8986,524818.5,457592.0,0.0,0.0,1,1
8987,524818.5,457592.0,0.0,0.0,1,1
8988,524818.5,457592.0,0.0,0.0,1,1
8989,524818.5,457592.0,0.0,0.0,1,1
8990,524788.0,457592.0,0.0,0.0,1,1
8991,524788.0,457592.0,0.0,0.0,1,1
8992,524788.0,457592.0,0.0,0.0,1,1
8993,524788.0,457592.0,0.0,0.0,1,1
8994,524788.0,457592.0,0.0,0.0,1,1
8995,525488.0,457592.0,0.0,0.0,1,1
8996,525488.0,457592.0,0.0,0.0,1,1
8997,525488.0,457592.0,0.0,0.0,1,1
8998,525488.0,457592.0,0.0,0.0,1,1
8999,525488.0,457592.0,0.0,0.0,1,1
9000,525488.0,457592.0,0.0,0.0,1,1
9001,525488.0,457592.0,0.0,0.0,1,1
9002,525488.0,457592.0,0.0,0.0,1,1
9003,525500.0,457592.0,0.0,0.0,1,1
9004,525500.0,457592.0,0.0,0.0,1,1
9005,525500.0,457592.0,0.0,0.0,1,1
9006,525500.0,457592.0,0.0,0.0,1,1
9007,525500.0,457592.0,0.0,0.0,1,1
9008,525500.0,457592.0,0.0,0.0,1,1
9009,525500.0,457592.0,0.0,0.0,1,1
9010,525500.0,457592.0,0.0,0.0,1,1
9011,525500.0,457592.0,0.0,0.0,1,1
9012,525500.0,457592.0,0.0,0.0,1,1
9013,525500.0,457592.0,0.0,0.0,1,1
9014,525500.0,457592.0,0.0,0.0,1,1
9015,525500.0,457592.0,0.0,0.0,1,1
9016,525500.0,457592.0,0.0,0.0,1,1
9017,525500.0,457592.0,0.0,0.0,1,1
9018,525500.0,457592.0,0.0,0.0,1,1
9019,525500.0,457592.0,0.0,0.0,1,1
9020,525500.0,457592.0,0.0,0.0,1,1
9021,525500.0,457592.0,0.0,0.0,1,1
9022,525500.0,457592.0,0.0,0.0,1,1
9023,525500.0,457592.0,0.0,0.0,1,1
9024,525500.0,457592.0,0.0,0.0,1,1
9025,525500.0,457592.0,0.0,0.0,1,1
9026,525500.0,457592.0,0.0,0.0,1,1
9027,525500.0,457592.0,0.0,0.0,1,1
9028,525500.0,457592.0,0.0,0.0,1,1
9029,525500.0,457592.0,0.0,0.0,1,1
9030,525500.0,457592.0,0.0,0.0,1,1
9031,525500.0,457592.0,0.0,0.0,1,1
9032,525527.0,457592.0,0.0,0.0,1,1
9033,525527.0,457592.0,0.0,0.0,1,1
9034,525527.0,457592.0,0.0,0.0,1,1
9035,525527.0,457592.0,0.0,0.0,1,1
9036,525527.0,457592.0,0.0,0.0,1,1
9037,525527.0,457592.0,0.0,0.0,1,1
9038,525527.0,457592.0,0.0,0.0,1,1
9039,525527.0,457592.0,0.0,0.0,1,1
9040,525527.0,457592.0,0.0,0.0,1,1
9041,525527.0,457592.0,0.0,0.0,1,1
9042,525527.0,457592.0,0.0,0.0,1,1
9043,525527.0,457592.0,0.0,0.0,1,1
9044,525527.0,457592.0,0.0,0.0,1,1
9045,525527.0,457592.0,0.0,0.0,1,1
9046,525527.0,457592.0,0.0,0.0,1,1
9047,525527.0,457592.0,0.0,0.0,1,1
9048,525527.0,457592.0,0.0,0.0,1,1
9049,525527.0,457592.0,0.0,0.0,1,1
9050,525527.0,457592.0,0.0,0.0,1,1
9051,525527.0,457592.0,0.0,0.0,1,1
9052,525527.0,457592.0,0.0,0.0,1,1
9053,525527.0,457592.0,0.0,0.0,1,1
9054,525527.0,457592.0,0.0,0.0,1,1
9055,525527.0,457592.0,0.0,0.0,1,1
9056,525527.0,457592.0,0.0,0.0,1,1
9057,525649.5,457592.0,0.0,0.0,1,1
9058,525649.5,457592.0,0.0,0.0,1,1
9059,525649.5,457592.0,0.0,0.0,1,1
9060,525649.5,457592.0,0.0,0.0,1,1
9061,525649.5,457592.0,0.0,0.0,1,1
9062,525649.5,457592.0,0.0,0.0,1,1
9063,525649.5,457592.0,0.0,0.0,1,1
9064,525649.5,457592.0,0.0,0.0,1,1
9065,525649.5,457592.0,0.0,0.0,1,1
9066,525649.5,457592.0,0.0,0.0,1,1
9067,525649.5,457592.0,0.0,0.0,1,1
9068,525649.5,457592.0,0.0,0.0,1,1
9069,525649.5,457592.0,0.0,0.0,1,1
9070,525649.5,457592.0,0.0,0.0,1,1
9071,525649.5,457592.0,0.0,0.0,1,1
9072,525649.5,457592.0,0.0,0.0,1,1
9073,525649.5,457592.0,0.0,0.0,1,1
9074,525649.5,457592.0,0.0,0.0,1,1
9075,525649.5,457592.0,0.0,0.0,1,1
9076,525649.5,457592.0,0.0,0.0,1,1
9077,525649.5,457592.0,0.0,0.0,1,1
9078,525649.5,457592.0,0.0,0.0,1,1
9079,525649.5,457592.0,0.0,0.0,1,1
9080,525649.5,457592.0,0.0,0.0,1,1
9081,525649.5,457592.0,0.0,0.0,1,1
9082,525649.5,457592.0,0.0,0.0,1,1
9083,525649.5,457592.0,0.0,0.0,1,1
9084,525649.5,457592.0,0.0,0.0,1,1
9085,525649.5,457592.0,0.0,0.0,1,1
9086,525649.5,457592.0,0.0,0.0,1,1
9087,525649.5,457592.0,0.0,0.0,1,1
9088,525649.5,457592.0,0.0,0.0,1,1
9089,525649.5,457592.0,0.0,0.0,1,1
9090,525649.5,457592.0,0.0,0.0,1,1
9091,525649.5,457592.0,0.0,0.0,1,1
9092,525649.5,457592.0,0.0,0.0,1,1
9093,525649.5,457592.0,0.0,0.0,1,1
9094,525649.5,457592.0,0.0,0.0,1,1
9095,525649.5,457592.0,0.0,0.0,1,1
9096,525649.5,457592.0,0.0,0.0,1,1
9097,525649.5,457592.0,0.0,0.0,1,1
9098,525649.5,457592.0,0.0,0.0,1,1
9099,525649.5,457592.0,0.0,0.0,1,1
9100,525649.5,457592.0,0.0,0.0,1,1
9101,525649.5,457592.0,0.0,0.0,1,1
9102,525649.5,457592.0,0.0,0.0,1,1
9103,525649.5,457592.0,0.0,0.0,1,1
9104,525649.5,457592.0,0.0,0.0,1,1
9105,525649.5,457592.0,0.0,0.0,1,1
9106,525649.5,457592.0,0.0,0.0,1,1
9107,525649.5,457592.0,0.0,0.0,1,1
9108,525649.5,457592.0,0.0,0.0,1,1
9109,525649.5,457592.0,0.0,0.0,1,1
9110,525649.5,457592.0,0.0,0.0,1,1
9111,525649.5,457592.0,0.0,0.0,1,1
9112,525649.5,457592.0,0.0,0.0,1,1
9113,525649.5,457592.0,0.0,0.0,1,1
9114,525649.5,457592.0,0.0,0.0,1,1
9115,525649.5,457592.0,0.0,0.0,1,1
9116,525649.5,457592.0,0.0,0.0,1,1
9117,525649.5,457592.0,0.0,0.0,1,1
9118,525649.5,457592.0,0.0,0.0,1,1
9119,525649.5,457592.0,0.0,0.0,1,1
9120,525649.5,457592.0,0.0,0.0,1,1
9121,525649.5,457592.0,0.0,0.0,1,1
9122,525649.5,457592.0,0.0,0.0,1,1
9123,525649.5,457592.0,0.0,0.0,1,1
9124,525649.5,457592.0,0.0,0.0,1,1
9125,525649.5,457592.0,0.0,0.0,1,1
9126,525649.5,457592.0,0.0,0.0,1,1
9127,525649.5,457592.0,0.0,0.0,1,1
9128,525649.5,457592.0,0.0,0.0,1,1
9129,525649.5,457592.0,0.0,0.0,1,1
9130,525649.5,457592.0,0.0,0.0,1,1
9131,525649.5,457592.0,0.0,0.0,1,1
9132,525649.5,457592.0,0.0,0.0,1,1
9133,525649.5,457592.0,0.0,0.0,1,1
9134,525649.5,457592.0,0.0,0.0,1,1
9135,525649.5,457592.0,0.0,0.0,1,1
9136,525649.5,457592.0,0.0,0.0,1,1
9137,525649.5,457592.0,0.0,0.0,1,1
9138,525649.5,457592.0,0.0,0.0,1,1
9139,525649.5,457592.0,0.0,0.0,1,1
9140,525649.5,457592.0,0.0,0.0,1,1
9141,525649.5,457592.0,0.0,0.0,1,1
9142,525649.5,457592.0,0.0,0.0,1,1
9143,525649.5,457592.0,0.0,0.0,1,1
9144,525649.5,457592.0,0.0,0.0,1,1
9145,525649.5,457592.0,0.0,0.0,1,1
9146,525088.0,457592.0,0.0,0.0,1,1
9147,525088.0,457592.0,0.0,0.0,1,1
9148,525088.0,457592.0,0.0,0.0,1,1
9149,525088.0,457592.0,0.0,0.0,1,1
9150,525088.0,457592.0,0.0,0.0,1,1
9151,525088.0,457592.0,0.0,0.0,1,1
9152,525088.0,457592.0,0.0,0.0,1,1
9153,525088.0,457592.0,0.0,0.0,1,1
9154,525088.0,457592.0,0.0,0.0,1,1
9155,525088.0,457592.0,0.0,0.0,1,1
9156,525088.0,457592.0,0.0,0.0,1,1
9157,525088.0,457592.0,0.0,0.0,1,1
9158,525088.0,457592.0,0.0,0.0,1,1
9159,525088.0,457592.0,0.0,0.0,1,1
9160,525088.0,457592.0,0.0,0.0,1,1
9161,525088.0,457592.0,0.0,0.0,1,1
9162,525088.0,457592.0,0.0,0.0,1,1
9163,525088.0,457592.0,0.0,0.0,1,1
9164,525088.0,457592.0,0.0,0.0,1,1
9165,525088.0,457592.0,0.0,0.0,1,1
9166,525088.0,457592.0,0.0,0.0,1,1
9167,525088.0,457592.0,0.0,0.0,1,1
9168,525088.0,457592.0,0.0,0.0,1,1
9169,525088.0,457592.0,0.0,0.0,1,1
9170,525088.0,457592.0,0.0,0.0,1,1
9171,525088.0,457592.0,0.0,0.0,1,1
9172,525088.0,457592.0,0.0,0.0,1,1
9173,525088.0,457592.0,0.0,0.0,1,1
9174,525088.0,457592.0,0.0,0.0,1,1
9175,525088.0,457592.0,0.0,0.0,1,1
9176,525088.0,457592.0,0.0,0.0,1,1
9177,525088.0,457592.0,0.0,0.0,1,1
9178,525088.0,457592.0,0.0,0.0,1,1
9179,525088.0,457592.0,0.0,0.0,1,1
9180,525088.0,457592.0,0.0,0.0,1,1
9181,525088.0,457592.0,0.0,0.0,1,1
9182,525088.0,457592.0,0.0,0.0,1,1
9183,525088.0,457592.0,0.0,0.0,1,1
9184,525088.0,457592.0,0.0,0.0,1,1
9185,525088.0,457592.0,0.0,0.0,1,1
9186,525088.0,457592.0,0.0,0.0,1,1
9187,525088.0,457592.0,0.0,0.0,1,1
9188,525088.0,457592.0,0.0,0.0,1,1
9189,525088.0,457592.0,0.0,0.0,1,1
9190,525088.0,457592.0,0.0,0.0,1,1
9191,525088.0,457592.0,0.0,0.0,1,1
9192,525088.0,457592.0,0.0,0.0,1,1
9193,525088.0,457592.0,0.0,0.0,1,1
9194,525088.0,457592.0,0.0,0.0,1,1
9195,525088.0,457592.0,0.0,0.0,1,1
9196,525088.0,457592.0,0.0,0.0,1,1
9197,525088.0,457592.0,0.0,0.0,1,1
9198,525088.0,457592.0,0.0,0.0,1,1
9199,525088.0,457592.0,0.0,0.0,1,1
9200,525088.0,457592.0,0.0,0.0,1,1
9201,525088.0,457592.0,0.0,0.0,1,1
9202,525088.0,457592.0,0.0,0.0,1,1
9203,525088.0,457592.0,0.0,0.0,1,1
9204,525088.0,457592.0,0.0,0.0,1,1
9205,525088.0,457592.0,0.0,0.0,1,1
9206,525088.0,457592.0,0.0,0.0,1,1
9207,525088.0,457592.0,0.0,0.0,1,1
9208,525088.0,457592.0,0.0,0.0,1,1
9209,525088.0,457592.0,0.0,0.0,1,1
9210,525088.0,457592.0,0.0,0.0,1,1
9211,525088.0,457592.0,0.0,0.0,1,1
9212,525088.0,457592.0,0.0,0.0,1,1
9213,525088.0,457592.0,0.0,0.0,1,1
9214,525088.0,457592.0,0.0,0.0,1,1
9215,525088.0,457592.0,0.0,0.0,1,1
9216,525088.0,457592.0,0.0,0.0,1,1
9217,525088.0,457592.0,0.0,0.0,1,1
9218,525088.0,457592.0,0.0,0.0,1,1
9219,525099.0,457592.0,0.0,0.0,1,1
9220,525099.0,457592.0,0.0,0.0,1,1
9221,525099.0,457592.0,0.0,0.0,1,1
9222,525099.0,457592.0,0.0,0.0,1,1
9223,525099.0,457592.0,0.0,0.0,1,1
9224,525099.0,457592.0,0.0,0.0,1,1
9225,525099.0,457592.0,0.0,0.0,1,1
9226,525099.0,457592.0,0.0,0.0,1,1
9227,525099.0,457592.0,0.0,0.0,1,1
9228,525007.0,457592.0,0.0,0.0,1,1
9229,525007.0,457592.0,0.0,0.0,1,1
9230,525007.0,457592.0,0.0,0.0,1,1
9231,525007.0,457592.0,0.0,0.0,1,1
9232,525007.0,457592.0,0.0,0.0,1,1
9233,525007.0,457592.0,0.0,0.0,1,1
9234,525007.0,457592.0,0.0,0.0,1,1
9235,525007.0,457592.0,0.0,0.0,1,1
9236,525007.0,457592.0,0.0,0.0,1,1
9237,525007.0,457592.0,0.0,0.0,1,1
9238,525007.0,457592.0,0.0,0.0,1,1
9239,525007.0,457592.0,0.0,0.0,1,1
9240,524703.0,457592.0,0.0,0.0,1,1
9241,524703.0,457592.0,0.0,0.0,1,1
9242,524703.0,457592.0,0.0,0.0,1,1
9243,524703.0,457592.0,0.0,0.0,1,1
9244,524703.0,457592.0,0.0,0.0,1,1
9245,524703.0,457592.0,0.0,0.0,1,1
9246,524703.0,457592.0,0.0,0.0,1,1
9247,524703.0,457592.0,0.0,0.0,1,1
9248,524703.0,457592.0,0.0,0.0,1,1
9249,524703.0,457592.0,0.0,0.0,1,1
9250,524703.0,457592.0,0.0,0.0,1,1
9251,524703.0,457592.0,0.0,0.0,1,1
9252,524703.0,457592.0,0.0,0.0,1,1
9253,524703.0,457592.0,0.0,0.0,1,1
9254,524703.0,457592.0,0.0,0.0,1,1
9255,524685.5,457592.0,0.0,0.0,1,1
9256,524685.5,457592.0,0.0,0.0,1,1
9257,524685.5,457592.0,0.0,0.0,1,1
9258,524685.5,457592.0,0.0,0.0,1,1
9259,524685.5,457592.0,0.0,0.0,1,1
9260,524685.5,457592.0,0.0,0.0,1,1
9261,524685.5,457592.0,0.0,0.0,1,1
9262,524685.5,457592.0,0.0,0.0,1,1
9263,524685.5,457592.0,0.0,0.0,1,1
9264,524685.5,457592.0,0.0,0.0,1,1
9265,524685.5,457592.0,0.0,0.0,1,1
9266,524685.5,457592.0,0.0,0.0,1,1
9267,524685.5,457592.0,0.0,0.0,1,1
9268,524685.5,457592.0,0.0,0.0,1,1
9269,524685.5,457592.0,0.0,0.0,1,1
9270,524685.5,457592.0,0.0,0.0,1,1
9271,524685.5,457592.0,0.0,0.0,1,1
9272,524685.5,457592.0,0.0,0.0,1,1
9273,524685.5,457592.0,0.0,0.0,1,1
9274,524685.5,457592.0,0.0,0.0,1,1
9275,524685.5,457592.0,0.0,0.0,1,1
9276,524685.5,457592.0,0.0,0.0,1,1
9277,524685.5,457592.0,0.0,0.0,1,1
9278,524609.5,457592.0,0.0,0.0,1,1
9279,524609.5,457592.0,0.0,0.0,1,1
9280,524609.5,457592.0,0.0,0.0,1,1
9281,524685.5,457592.0,0.0,0.0,1,1
9282,524641.0,457592.0,0.0,0.0,1,1
9283,524641.0,457592.0,0.0,0.0,1,1
9284,524649.0,457592.0,0.0,0.0,1,1
9285,524649.0,457592.0,0.0,0.0,1,1
9286,524649.0,457592.0,0.0,0.0,1,1
9287,524649.0,457592.0,0.0,0.0,1,1
9288,524649.0,457592.0,0.0,0.0,1,1
9289,524649.0,457592.0,0.0,0.0,1,1
9290,524649.0,457592.0,0.0,0.0,1,1
9291,524649.0,457592.0,0.0,0.0,1,1
9292,524649.0,457592.0,0.0,0.0,1,1
9293,524649.0,457592.0,0.0,0.0,1,1
9294,524649.0,457592.0,0.0,0.0,1,1
9295,524649.0,457592.0,0.0,0.0,1,1
9296,524649.0,457592.0,0.0,0.0,1,1
9297,524649.0,457592.0,0.0,0.0,1,1
9298,524649.0,457592.0,0.0,0.0,1,1
9299,524649.0,457592.0,0.0,0.0,1,1
9300,524649.0,457592.0,0.0,0.0,1,1
9301,524649.0,457592.0,0.0,0.0,1,1
9302,524649.0,457592.0,0.0,0.0,1,1
9303,524649.0,457592.0,0.0,0.0,1,1
9304,524649.0,457592.0,0.0,0.0,1,1
9305,524649.0,457592.0,0.0,0.0,1,1
9306,524649.0,457592.0,0.0,0.0,1,1
9307,524649.0,457592.0,0.0,0.0,1,1
9308,524649.0,457592.0,0.0,0.0,1,1
9309,524649.0,457592.0,0.0,0.0,1,1
9310,524649.0,457592.0,0.0,0.0,1,1
9311,524649.0,457592.0,0.0,0.0,1,1
9312,524649.0,457592.0,0.0,0.0,1,1
9313,524649.0,457592.0,0.0,0.0,1,1
9314,524649.0,457592.0,0.0,0.0,1,1
9315,524649.0,457592.0,0.0,0.0,1,1
9316,524649.0,457592.0,0.0,0.0,1,1
9317,524649.0,457592.0,0.0,0.0,1,1
9318,524649.0,457592.0,0.0,0.0,1,1
9319,524649.0,457592.0,0.0,0.0,1,1
9320,524649.0,457592.0,0.0,0.0,1,1
9321,524649.0,457592.0,0.0,0.0,1,1
9322,524649.0,457592.0,0.0,0.0,1,1
9323,524649.0,457592.0,0.0,0.0,1,1
9324,524649.0,457592.0,0.0,0.0,1,1
9325,524709.0,457592.0,0.0,0.0,1,1
9326,524709.0,457592.0,0.0,0.0,1,1
9327,524654.5,457592.0,0.0,0.0,1,1
9328,524654.5,457592.0,0.0,0.0,1,1
9329,524654.5,457592.0,0.0,0.0,1,1
9330,524654.5,457592.0,0.0,0.0,1,1
9331,524654.5,457592.0,0.0,0.0,1,1
9332,524654.5,457592.0,0.0,0.0,1,1
9333,524654.5,457592.0,0.0,0.0,1,1
9334,524654.5,457592.0,0.0,0.0,1,1
9335,524654.5,457592.0,0.0,0.0,1,1
9336,524654.5,457592.0,0.0,0.0,1,1
9337,524654.5,457592.0,0.0,0.0,1,1
9338,524654.5,457592.0,0.0,0.0,1,1
9339,524654.5,457592.0,0.0,0.0,1,1
9340,524654.5,457592.0,0.0,0.0,1,1
9341,524654.5,457592.0,0.0,0.0,1,1
9342,524654.5,457592.0,0.0,0.0,1,1
9343,524654.5,457592.0,0.0,0.0,1,1
9344,524654.5,457592.0,0.0,0.0,1,1
9345,524458.5,457592.0,0.0,0.0,1,1
9346,524458.5,457592.0,0.0,0.0,1,1
9347,524458.5,457592.0,0.0,0.0,1,1
9348,524458.5,457592.0,0.0,0.0,1,1
9349,524458.5,457592.0,0.0,0.0,1,1
9350,524458.5,457592.0,0.0,0.0,1,1
9351,524455.5,457592.0,0.0,0.0,1,1
9352,524455.5,457592.0,0.0,0.0,1,1
9353,524455.5,457592.0,0.0,0.0,1,1
9354,524455.5,457592.0,0.0,0.0,1,1
9355,524455.5,457592.0,0.0,0.0,1,1
9356,524455.5,457592.0,0.0,0.0,1,1
9357,524455.5,457592.0,0.0,0.0,1,1
9358,524455.5,457592.0,0.0,0.0,1,1
9359,524455.5,457592.0,0.0,0.0,1,1
9360,524455.5,457592.0,0.0,0.0,1,1
9361,524455.5,457592.0,0.0,0.0,1,1
9362,524455.5,457592.0,0.0,0.0,1,1
9363,524455.5,457592.0,0.0,0.0,1,1
9364,524455.5,457592.0,0.0,0.0,1,1
9365,524455.5,457592.0,0.0,0.0,1,1
9366,524455.5,457592.0,0.0,0.0,1,1
9367,524455.5,457592.0,0.0,0.0,1,1
9368,524455.5,457592.0,0.0,0.0,1,1
9369,524455.5,457592.0,0.0,0.0,1,1
9370,524455.5,457592.0,0.0,0.0,1,1
9371,524455.5,457592.0,0.0,0.0,1,1
9372,524455.5,457592.0,0.0,0.0,1,1
9373,524455.5,457592.0,0.0,0.0,1,1
9374,524588.5,457592.0,0.0,0.0,1,1
9375,524588.5,457592.0,0.0,0.0,1,1
9376,524588.5,457592.0,0.0,0.0,1,1
9377,524588.5,457592.0,0.0,0.0,1,1
9378,524588.5,457592.0,0.0,0.0,1,1
9379,524588.5,457592.0,0.0,0.0,1,1
9380,524588.5,457592.0,0.0,0.0,1,1
9381,524588.5,457592.0,0.0,0.0,1,1
9382,524588.5,457592.0,0.0,0.0,1,1
9383,524588.5,457592.0,0.0,0.0,1,1
9384,524588.5,457592.0,0.0,0.0,1,1
9385,524588.5,457592.0,0.0,0.0,1,1
9386,524588.5,457592.0,0.0,0.0,1,1
9387,524588.5,457592.0,0.0,0.0,1,1
9388,524588.5,457592.0,0.0,0.0,1,1
9389,524588.5,457592.0,0.0,0.0,1,1
9390,524588.5,457592.0,0.0,0.0,1,1
9391,524564.5,457592.0,0.0,0.0,1,1
9392,524564.5,457592.0,0.0,0.0,1,1
9393,524564.5,457592.0,0.0,0.0,1,1
9394,524564.5,457592.0,0.0,0.0,1,1
9395,524564.5,457592.0,0.0,0.0,1,1
9396,524564.5,457592.0,0.0,0.0,1,1
9397,524564.5,457592.0,0.0,0.0,1,1
9398,524564.5,457592.0,0.0,0.0,1,1
9399,524564.5,457592.0,0.0,0.0,1,1
9400,524564.5,457592.0,0.0,0.0,1,1
9401,524564.5,457592.0,0.0,0.0,1,1
9402,524564.5,457592.0,0.0,0.0,1,1
9403,524564.5,457592.0,0.0,0.0,1,1
9404,524564.5,457592.0,0.0,0.0,1,1
9405,524564.5,457592.0,0.0,0.0,1,1
9406,524564.5,457592.0,0.0,0.0,1,1
9407,524564.5,457592.0,0.0,0.0,1,1
9408,524564.5,457592.0,0.0,0.0,1,1
9409,524564.5,457592.0,0.0,0.0,1,1
9410,524564.5,457592.0,0.0,0.0,1,1
9411,524564.5,457592.0,0.0,0.0,1,1
9412,524564.5,457592.0,0.0,0.0,1,1
9413,524564.5,457592.0,0.0,0.0,1,1
9414,524564.5,457592.0,0.0,0.0,1,1
9415,524564.5,457592.0,0.0,0.0,1,1
9416,524564.5,457592.0,0.0,0.0,1,1
9417,524564.5,457592.0,0.0,0.0,1,1
9418,524564.5,457592.0,0.0,0.0,1,1
9419,524564.5,457592.0,0.0,0.0,1,1
9420,524564.5,457592.0,0.0,0.0,1,1
9421,524564.5,457592.0,0.0,0.0,1,1
9422,524564.5,457592.0,0.0,0.0,1,1
9423,524564.5,457592.0,0.0,0.0,1,1
9424,524564.5,457592.0,0.0,0.0,1,1
9425,524564.5,457592.0,0.0,0.0,1,1
9426,524564.5,457592.0,0.0,0.0,1,1
9427,524564.5,457592.0,0.0,0.0,1,1
9428,524564.5,457592.0,0.0,0.0,1,1
9429,524564.5,457592.0,0.0,0.0,1,1
9430,524564.5,457592.0,0.0,0.0,1,1
9431,524564.5,457592.0,0.0,0.0,1,1
9432,524564.5,457592.0,0.0,0.0,1,1
9433,524564.5,457592.0,0.0,0.0,1,1
9434,524564.5,457592.0,0.0,0.0,1,1
9435,524564.5,457592.0,0.0,0.0,1,1
9436,524564.5,457592.0,0.0,0.0,1,1
9437,524564.5,457592.0,0.0,0.0,1,1
9438,524564.5,457592.0,0.0,0.0,1,1
9439,524564.5,457592.0,0.0,0.0,1,1
9440,524564.5,457592.0,0.0,0.0,1,1
9441,524564.5,457592.0,0.0,0.0,1,1
9442,524564.5,457592.0,0.0,0.0,1,1
9443,524564.5,457592.0,0.0,0.0,1,1
9444,524564.5,457592.0,0.0,0.0,1,1
9445,524564.5,457592.0,0.0,0.0,1,1
9446,524294.0,457592.0,0.0,0.0,1,1
9447,524294.0,457592.0,0.0,0.0,1,1
9448,524294.0,457592.0,0.0,0.0,1,1
9449,524294.0,457592.0,0.0,0.0,1,1
9450,524294.0,457592.0,0.0,0.0,1,1
9451,524294.0,457592.0,0.0,0.0,1,1
9452,524294.0,457592.0,0.0,0.0,1,1
9453,524294.0,457592.0,0.0,0.0,1,1
9454,524294.0,457592.0,0.0,0.0,1,1
9455,524294.0,457592.0,0.0,0.0,1,1
9456,524294.0,457592.0,0.0,0.0,1,1
9457,524294.0,457592.0,0.0,0.0,1,1
9458,524294.0,457592.0,0.0,0.0,1,1
9459,524294.0,457592.0,0.0,0.0,1,1
9460,524294.0,457592.0,0.0,0.0,1,1
9461,524294.0,457592.0,0.0,0.0,1,1
9462,524294.0,457592.0,0.0,0.0,1,1
9463,524294.0,457592.0,0.0,0.0,1,1
9464,524294.0,457592.0,0.0,0.0,1,1
9465,524294.0,457592.0,0.0,0.0,1,1
9466,524294.0,457592.0,0.0,0.0,1,1
9467,524294.0,457592.0,0.0,0.0,1,1
9468,524294.0,457592.0,0.0,0.0,1,1
9469,524294.0,457592.0,0.0,0.0,1,1
9470,524294.0,457592.0,0.0,0.0,1,1
9471,524294.0,457592.0,0.0,0.0,1,1
9472,524294.0,457592.0,0.0,0.0,1,1
9473,524294.0,457592.0,0.0,0.0,1,1
9474,524294.0,457592.0,0.0,0.0,1,1
9475,524294.0,457592.0,0.0,0.0,1,1
9476,524294.0,457592.0,0.0,0.0,1,1
9477,524294.0,457592.0,0.0,0.0,1,1
9478,524294.0,457592.0,0.0,0.0,1,1
9479,524294.0,457592.0,0.0,0.0,1,1
9480,524294.0,457592.0,0.0,0.0,1,1
9481,524294.0,457592.0,0.0,0.0,1,1
9482,524294.0,457592.0,0.0,0.0,1,1
9483,524294.0,457592.0,0.0,0.0,1,1
9484,524294.0,457592.0,0.0,0.0,1,1
9485,524294.0,457592.0,0.0,0.0,1,1
9486,524294.0,457592.0,0.0,0.0,1,1
9487,524294.0,457592.0,0.0,0.0,1,1
9488,524294.0,457592.0,0.0,0.0,1,1
9489,524294.0,457592.0,0.0,0.0,1,1
9490,524294.0,457592.0,0.0,0.0,1,1
9491,524294.0,457592.0,0.0,0.0,1,1
9492,524294.0,457592.0,0.0,0.0,1,1
9493,524294.0,457592.0,0.0,0.0,1,1
9494,524294.0,457592.0,0.0,0.0,1,1
9495,524294.0,457592.0,0.0,0.0,1,1
9496,524294.0,457592.0,0.0,0.0,1,1
9497,524294.0,457592.0,0.0,0.0,1,1
9498,524294.0,457592.0,0.0,0.0,1,1
9499,523615.0,457592.0,0.0,0.0,1,1
9500,523615.0,457592.0,0.0,0.0,1,1
9501,523615.0,457592.0,0.0,0.0,1,1
9502,523615.0,457592.0,0.0,0.0,1,1
9503,523615.0,457592.0,0.0,0.0,1,1
9504,523615.0,457592.0,0.0,0.0,1,1
9505,523615.0,457592.0,0.0,0.0,1,1
9506,523615.0,457592.0,0.0,0.0,1,1
9507,523615.0,457592.0,0.0,0.0,1,1
9508,523615.0,457592.0,0.0,0.0,1,1
9509,523776.0,457592.0,0.0,0.0,1,1
9510,523776.0,457592.0,0.0,0.0,1,1
9511,523776.0,457592.0,0.0,0.0,1,1
9512,523776.0,457592.0,0.0,0.0,1,1
9513,523776.0,457592.0,0.0,0.0,1,1
9514,523776.0,457592.0,0.0,0.0,1,1
9515,523776.0,457592.0,0.0,0.0,1,1
9516,523776.0,457592.0,0.0,0.0,1,1
9517,523776.0,457592.0,0.0,0.0,1,1
9518,523776.0,457592.0,0.0,0.0,1,1
9519,523776.0,457592.0,0.0,0.0,1,1
9520,523776.0,457592.0,0.0,0.0,1,1
9521,523776.0,457592.0,0.0,0.0,1,1
9522,523776.0,457592.0,0.0,0.0,1,1
9523,523776.0,457592.0,0.0,0.0,1,1
9524,523776.0,457592.0,0.0,0.0,1,1
9525,523776.0,457592.0,0.0,0.0,1,1
9526,523776.0,457592.0,0.0,0.0,1,1
9527,523776.0,457592.0,0.0,0.0,1,1
9528,523776.0,457592.0,0.0,0.0,1,1
9529,523776.0,457592.0,0.0,0.0,1,1
9530,523776.0,457592.0,0.0,0.0,1,1
9531,523776.0,457592.0,0.0,0.0,1,1
9532,523776.0,457592.0,0.0,0.0,1,1
9533,523776.0,457592.0,0.0,0.0,1,1
9534,523831.0,457592.0,0.0,0.0,1,1
9535,523831.0,457592.0,0.0,0.0,1,1
9536,523831.0,457592.0,0.0,0.0,1,1
9537,523831.0,457592.0,0.0,0.0,1,1
9538,523831.0,457592.0,0.0,0.0,1,1
9539,523831.0,457592.0,0.0,0.0,1,1
9540,523831.0,457592.0,0.0,0.0,1,1
9541,523831.0,457592.0,0.0,0.0,1,1
9542,523831.0,457592.0,0.0,0.0,1,1
9543,523831.0,457592.0,0.0,0.0,1,1
9544,523831.0,457592.0,0.0,0.0,1,1
9545,523831.0,457592.0,0.0,0.0,1,1
9546,523831.0,457592.0,0.0,0.0,1,1
9547,523831.0,457592.0,0.0,0.0,1,1
9548,523831.0,457592.0,0.0,0.0,1,1
9549,523670.0,457592.0,0.0,0.0,1,1
9550,523670.0,457592.0,0.0,0.0,1,1
9551,523690.5,457592.0,0.0,0.0,1,1
9552,523670.5,457592.0,0.0,0.0,1,1
9553,523670.5,457592.0,0.0,0.0,1,1
9554,523670.5,457592.0,0.0,0.0,1,1
9555,523670.5,457592.0,0.0,0.0,1,1
9556,523670.5,457592.0,0.0,0.0,1,1
9557,523670.5,457592.0,0.0,0.0,1,1
9558,523670.5,457592.0,0.0,0.0,1,1
9559,523670.5,457592.0,0.0,0.0,1,1
9560,523670.5,457592.0,0.0,0.0,1,1
9561,523670.5,457592.0,0.0,0.0,1,1
9562,523670.5,457592.0,0.0,0.0,1,1
9563,523670.5,457592.0,0.0,0.0,1,1
9564,523670.5,457592.0,0.0,0.0,1,1
9565,523670.5,457592.0,0.0,0.0,1,1
9566,523670.5,457592.0,0.0,0.0,1,1
9567,523670.5,457592.0,0.0,0.0,1,1
9568,523670.5,457592.0,0.0,0.0,1,1
9569,523670.5,457592.0,0.0,0.0,1,1
9570,523670.5,457592.0,0.0,0.0,1,1
9571,523670.5,457592.0,0.0,0.0,1,1
9572,523670.5,457592.0,0.0,0.0,1,1
9573,523670.5,457592.0,0.0,0.0,1,1
9574,523670.5,457592.0,0.0,0.0,1,1
9575,523670.5,457592.0,0.0,0.0,1,1
9576,523670.5,457592.0,0.0,0.0,1,1
9577,523670.5,457592.0,0.0,0.0,1,1
9578,523670.5,457592.0,0.0,0.0,1,1
9579,523670.5,457592.0,0.0,0.0,1,1
9580,523670.5,457592.0,0.0,0.0,1,1
9581,523670.5,457592.0,0.0,0.0,1,1
9582,523670.5,457592.0,0.0,0.0,1,1
9583,523670.5,457592.0,0.0,0.0,1,1
9584,523670.5,457592.0,0.0,0.0,1,1
9585,523670.5,457592.0,0.0,0.0,1,1
9586,523670.5,457592.0,0.0,0.0,1,1
9587,523670.5,457592.0,0.0,0.0,1,1
9588,523670.5,457592.0,0.0,0.0,1,1
9589,523670.5,457592.0,0.0,0.0,1,1
9590,523670.5,457592.0,0.0,0.0,1,1
9591,523670.5,457592.0,0.0,0.0,1,1
9592,523670.5,457592.0,0.0,0.0,1,1
9593,523670.5,457592.0,0.0,0.0,1,1
9594,523670.5,457592.0,0.0,0.0,1,1
9595,523670.5,457592.0,0.0,0.0,1,1
9596,523653.0,457592.0,0.0,0.0,1,1
9597,521184.0,457592.0,0.0,0.0,1,1
9598,521184.0,457592.0,0.0,0.0,1,1
9599,521184.0,457592.0,0.0,0.0,1,1
9600,521184.0,457592.0,0.0,0.0,1,1
9601,521184.0,457592.0,0.0,0.0,1,1
9602,521184.0,457592.0,0.0,0.0,1,1
9603,521184.0,457592.0,0.0,0.0,1,1
9604,521184.0,457592.0,0.0,0.0,1,1
9605,521184.0,457592.0,0.0,0.0,1,1
9606,521184.0,457592.0,0.0,0.0,1,1
9607,521184.0,457592.0,0.0,0.0,1,1
9608,521184.0,457592.0,0.0,0.0,1,1
9609,521184.0,457592.0,0.0,0.0,1,1
9610,521184.0,457592.0,0.0,0.0,1,1
9611,521184.0,457592.0,0.0,0.0,1,1
9612,521184.0,457592.0,0.0,0.0,1,1
9613,521184.0,457592.0,0.0,0.0,1,1
9614,521184.0,457592.0,0.0,0.0,1,1
9615,521184.0,457592.0,0.0,0.0,1,1
9616,521184.0,457592.0,0.0,0.0,1,1
9617,521184.0,457592.0,0.0,0.0,1,1
9618,521425.5,457592.0,0.0,0.0,1,1
9619,521425.5,457592.0,0.0,0.0,1,1
9620,521425.5,457592.0,0.0,0.0,1,1
9621,521425.5,457592.0,0.0,0.0,1,1
9622,521425.5,457592.0,0.0,0.0,1,1
9623,521425.5,457592.0,0.0,0.0,1,1
9624,521425.5,457592.0,0.0,0.0,1,1
9625,521425.5,457592.0,0.0,0.0,1,1
9626,521425.5,457592.0,0.0,0.0,1,1
9627,521425.5,457592.0,0.0,0.0,1,1
9628,521425.5,457592.0,0.0,0.0,1,1
9629,521537.0,457592.0,0.0,0.0,1,1
9630,521537.0,457592.0,0.0,0.0,1,1
9631,521537.0,457592.0,0.0,0.0,1,1
9632,521537.0,457592.0,0.0,0.0,1,1
9633,521537.0,457592.0,0.0,0.0,1,1
9634,521537.0,457592.0,0.0,0.0,1,1
9635,521537.0,457592.0,0.0,0.0,1,1
9636,521537.0,457592.0,0.0,0.0,1,1
9637,521537.0,457592.0,0.0,0.0,1,1
9638,521537.0,457592.0,0.0,0.0,1,1
9639,521537.0,457592.0,0.0,0.0,1,1
9640,521537.0,457592.0,0.0,0.0,1,1
9641,521537.0,457592.0,0.0,0.0,1,1
9642,521537.0,457592.0,0.0,0.0,1,1
9643,521537.0,457592.0,0.0,0.0,1,1
9644,521537.0,457592.0,0.0,0.0,1,1
9645,521537.0,457592.0,0.0,0.0,1,1
9646,521537.0,457592.0,0.0,0.0,1,1
9647,521537.0,457592.0,0.0,0.0,1,1
9648,521537.0,457592.0,0.0,0.0,1,1
9649,521537.0,457592.0,0.0,0.0,1,1
9650,521537.0,457592.0,0.0,0.0,1,1
9651,521537.0,457592.0,0.0,0.0,1,1
9652,521537.0,457592.0,0.0,0.0,1,1
9653,521537.0,457592.0,0.0,0.0,1,1
9654,521537.0,457592.0,0.0,0.0,1,1
9655,521537.0,457592.0,0.0,0.0,1,1
9656,521537.0,457592.0,0.0,0.0,1,1
9657,521537.0,457592.0,0.0,0.0,1,1
9658,521537.0,457592.0,0.0,0.0,1,1
9659,521537.0,457592.0,0.0,0.0,1,1
9660,521537.0,457592.0,0.0,0.0,1,1
9661,521537.0,457592.0,0.0,0.0,1,1
9662,521537.0,457592.0,0.0,0.0,1,1
9663,521537.0,457592.0,0.0,0.0,1,1
9664,521537.0,457592.0,0.0,0.0,1,1
9665,521537.0,457592.0,0.0,0.0,1,1
9666,521537.0,457592.0,0.0,0.0,1,1
9667,521537.0,457592.0,0.0,0.0,1,1
9668,521537.0,457592.0,0.0,0.0,1,1
9669,521537.0,457592.0,0.0,0.0,1,1
9670,521537.0,457592.0,0.0,0.0,1,1
9671,521537.0,457592.0,0.0,0.0,1,1
9672,521537.0,457592.0,0.0,0.0,1,1
9673,521537.0,457592.0,0.0,0.0,1,1
9674,521537.0,457592.0,0.0,0.0,1,1
9675,521537.0,457592.0,0.0,0.0,1,1
9676,521537.0,457592.0,0.0,0.0,1,1
9677,521537.0,457592.0,0.0,0.0,1,1
9678,521537.0,457592.0,0.0,0.0,1,1
9679,521537.0,457592.0,0.0,0.0,1,1
9680,521537.0,457592.0,0.0,0.0,1,1
9681,521537.0,457592.0,0.0,0.0,1,1
9682,521537.0,457592.0,0.0,0.0,1,1
9683,521537.0,457592.0,0.0,0.0,1,1
9684,521537.0,457592.0,0.0,0.0,1,1
9685,521537.0,457592.0,0.0,0.0,1,1
9686,521537.0,457592.0,0.0,0.0,1,1
9687,521537.0,457592.0,0.0,0.0,1,1
9688,521537.0,457592.0,0.0,0.0,1,1
9689,521537.0,457592.0,0.0,0.0,1,1
9690,521537.0,457592.0,0.0,0.0,1,1
9691,521537.0,457592.0,0.0,0.0,1,1
9692,521537.0,457592.0,0.0,0.0,1,1
9693,521537.0,457592.0,0.0,0.0,1,1
9694,521537.0,457592.0,0.0,0.0,1,1
9695,521537.0,457592.0,0.0,0.0,1,1
9696,521537.0,457592.0,0.0,0.0,1,1
9697,521222.0,457592.0,0.0,0.0,1,1
9698,521222.0,457592.0,0.0,0.0,1,1
9699,521008.0,457592.0,0.0,0.0,1,1
9700,521008.0,457592.0,0.0,0.0,1,1
9701,521008.0,457592.0,0.0,0.0,1,1
9702,521008.0,457592.0,0.0,0.0,1,1
9703,521008.0,457592.0,0.0,0.0,1,1
9704,521008.0,457592.0,0.0,0.0,1,1
9705,521008.0,457592.0,0.0,0.0,1,1
9706,521008.0,457592.0,0.0,0.0,1,1
9707,521008.0,457592.0,0.0,0.0,1,1
9708,521008.0,457592.0,0.0,0.0,1,1
9709,521008.0,457592.0,0.0,0.0,1,1
9710,521008.0,457592.0,0.0,0.0,1,1
9711,521008.0,457592.0,0.0,0.0,1,1
9712,521008.0,457592.0,0.0,0.0,1,1
9713,521008.0,457592.0,0.0,0.0,1,1
9714,521008.0,457592.0,0.0,0.0,1,1
9715,521008.0,457592.0,0.0,0.0,1,1
9716,521008.0,457592.0,0.0,0.0,1,1
9717,521008.0,457592.0,0.0,0.0,1,1
9718,521008.0,457592.0,0.0,0.0,1,1
9719,521008.0,457592.0,0.0,0.0,1,1
9720,521008.0,457592.0,0.0,0.0,1,1
9721,521008.0,457592.0,0.0,0.0,1,1
9722,521008.0,457592.0,0.0,0.0,1,1
9723,521008.0,457592.0,0.0,0.0,1,1
9724,521008.0,457592.0,0.0,0.0,1,1
9725,521008.0,457592.0,0.0,0.0,1,1
9726,521008.0,457592.0,0.0,0.0,1,1
9727,521008.0,457592.0,0.0,0.0,1,1
9728,521008.0,457592.0,0.0,0.0,1,1
9729,521008.0,457592.0,0.0,0.0,1,1
9730,521008.0,457592.0,0.0,0.0,1,1
9731,521008.0,457592.0,0.0,0.0,1,1
9732,521008.0,457592.0,0.0,0.0,1,1
9733,521037.0,457592.0,0.0,0.0,1,1
9734,521037.0,457592.0,0.0,0.0,1,1
9735,521037.0,457592.0,0.0,0.0,1,1
9736,521021.0,457592.0,0.0,0.0,1,1
9737,521021.0,457592.0,0.0,0.0,1,1
9738,521021.0,457592.0,0.0,0.0,1,1
9739,521021.0,457592.0,0.0,0.0,1,1
9740,521021.0,457592.0,0.0,0.0,1,1
9741,521021.0,457592.0,0.0,0.0,1,1
9742,521021.0,457592.0,0.0,0.0,1,1
9743,521021.0,457592.0,0.0,0.0,1,1
9744,521021.0,457592.0,0.0,0.0,1,1
9745,521021.0,457592.0,0.0,0.0,1,1
9746,521021.0,457592.0,0.0,0.0,1,1
9747,521021.0,457592.0,0.0,0.0,1,1
9748,521021.0,457592.0,0.0,0.0,1,1
9749,521021.0,457592.0,0.0,0.0,1,1
9750,521021.0,457592.0,0.0,0.0,1,1
9751,521021.0,457592.0,0.0,0.0,1,1
9752,520962.5,457592.0,0.0,0.0,1,1
9753,520962.5,457592.0,0.0,0.0,1,1
9754,520962.5,457592.0,0.0,0.0,1,1
9755,520962.5,457592.0,0.0,0.0,1,1
9756,520962.5,457592.0,0.0,0.0,1,1
9757,520962.5,457592.0,0.0,0.0,1,1
9758,520962.5,457592.0,0.0,0.0,1,1
9759,520962.5,457592.0,0.0,0.0,1,1
9760,520962.5,457592.0,0.0,0.0,1,1
9761,520962.5,457592.0,0.0,0.0,1,1
9762,520962.5,457592.0,0.0,0.0,1,1
9763,520962.5,457592.0,0.0,0.0,1,1
9764,520962.5,457592.0,0.0,0.0,1,1
9765,520962.5,457592.0,0.0,0.0,1,1
9766,520962.5,457592.0,0.0,0.0,1,1
9767,520962.5,457592.0,0.0,0.0,1,1
9768,520962.5,457592.0,0.0,0.0,1,1
9769,520962.5,457592.0,0.0,0.0,1,1
9770,520962.5,457592.0,0.0,0.0,1,1
9771,520962.5,457592.0,0.0,0.0,1,1
9772,520962.5,457592.0,0.0,0.0,1,1
9773,520962.5,457592.0,0.0,0.0,1,1
9774,521681.0,457592.0,0.0,0.0,1,1
9775,521681.0,457592.0,0.0,0.0,1,1
9776,521681.0,457592.0,0.0,0.0,1,1
9777,521681.0,457592.0,0.0,0.0,1,1
9778,521681.0,457592.0,0.0,0.0,1,1
9779,521681.0,457592.0,0.0,0.0,1,1
9780,521681.0,457592.0,0.0,0.0,1,1
9781,521681.0,457592.0,0.0,0.0,1,1
9782,521681.0,457592.0,0.0,0.0,1,1
9783,521681.0,457592.0,0.0,0.0,1,1
9784,521681.0,457592.0,0.0,0.0,1,1
9785,521681.0,457592.0,0.0,0.0,1,1
9786,521681.0,457592.0,0.0,0.0,1,1
9787,521681.0,457592.0,0.0,0.0,1,1
9788,521681.0,457592.0,0.0,0.0,1,1
9789,521681.0,457592.0,0.0,0.0,1,1
9790,521681.0,457592.0,0.0,0.0,1,1
9791,521681.0,457592.0,0.0,0.0,1,1
9792,521681.0,457592.0,0.0,0.0,1,1
9793,521681.0,457592.0,0.0,0.0,1,1
9794,521681.0,457592.0,0.0,0.0,1,1
9795,521681.0,457592.0,0.0,0.0,1,1
9796,521681.0,457592.0,0.0,0.0,1,1
9797,521681.0,457592.0,0.0,0.0,1,1
9798,521681.0,457592.0,0.0,0.0,1,1
9799,521681.0,457592.0,0.0,0.0,1,1
9800,521681.0,457592.0,0.0,0.0,1,1
9801,521681.0,457592.0,0.0,0.0,1,1
9802,521681.0,457592.0,0.0,0.0,1,1
9803,521681.0,457592.0,0.0,0.0,1,1
9804,521681.0,457592.0,0.0,0.0,1,1
9805,521681.0,457592.0,0.0,0.0,1,1
9806,521681.0,457592.0,0.0,0.0,1,1
9807,521681.0,457592.0,0.0,0.0,1,1
9808,521681.0,457592.0,0.0,0.0,1,1
9809,521681.0,457592.0,0.0,0.0,1,1
9810,521681.0,457592.0,0.0,0.0,1,1
9811,521681.0,457592.0,0.0,0.0,1,1
9812,521681.0,457592.0,0.0,0.0,1,1
9813,521681.0,457592.0,0.0,0.0,1,1
9814,521681.0,457592.0,0.0,0.0,1,1
9815,521681.0,457592.0,0.0,0.0,1,1
9816,521681.0,457592.0,0.0,0.0,1,1
9817,521681.0,457592.0,0.0,0.0,1,1
9818,521681.0,457592.0,0.0,0.0,1,1
9819,521681.0,457592.0,0.0,0.0,1,1
9820,521681.0,457592.0,0.0,0.0,1,1
9821,521681.0,457592.0,0.0,0.0,1,1
9822,521681.0,457592.0,0.0,0.0,1,1
9823,521681.0,457592.0,0.0,0.0,1,1
9824,521681.0,457592.0,0.0,0.0,1,1
9825,521681.0,457592.0,0.0,0.0,1,1
9826,521681.0,457592.0,0.0,0.0,1,1
9827,521681.0,457592.0,0.0,0.0,1,1
9828,521681.0,457592.0,0.0,0.0,1,1
9829,521681.0,457592.0,0.0,0.0,1,1
9830,521681.0,457592.0,0.0,0.0,1,1
9831,521681.0,457592.0,0.0,0.0,1,1
9832,521681.0,457592.0,0.0,0.0,1,1
9833,521681.0,457592.0,0.0,0.0,1,1
9834,521681.0,457592.0,0.0,0.0,1,1
9835,521681.0,457592.0,0.0,0.0,1,1
9836,521681.0,457592.0,0.0,0.0,1,1
9837,521681.0,457592.0,0.0,0.0,1,1
9838,521681.0,457592.0,0.0,0.0,1,1
9839,521681.0,457592.0,0.0,0.0,1,1
9840,521681.0,457592.0,0.0,0.0,1,1
9841,521681.0,457592.0,0.0,0.0,1,1
9842,521681.0,457592.0,0.0,0.0,1,1
9843,521681.0,457592.0,0.0,0.0,1,1
9844,521681.0,457592.0,0.0,0.0,1,1
9845,521681.0,457592.0,0.0,0.0,1,1
9846,521681.0,457592.0,0.0,0.0,1,1
9847,521681.0,457592.0,0.0,0.0,1,1
9848,521681.0,457592.0,0.0,0.0,1,1
9849,521681.0,457592.0,0.0,0.0,1,1
9850,521681.0,457592.0,0.0,0.0,1,1
9851,521681.0,457592.0,0.0,0.0,1,1
9852,521681.0,457592.0,0.0,0.0,1,1
9853,521681.0,457592.0,0.0,0.0,1,1
9854,521681.0,457592.0,0.0,0.0,1,1
9855,521681.0,457592.0,0.0,0.0,1,1
9856,521681.0,457592.0,0.0,0.0,1,1
9857,521681.0,457592.0,0.0,0.0,1,1
9858,521681.0,457592.0,0.0,0.0,1,1
9859,521681.0,457592.0,0.0,0.0,1,1
9860,521681.0,457592.0,0.0,0.0,1,1
9861,521681.0,457592.0,0.0,0.0,1,1
9862,521681.0,457592.0,0.0,0.0,1,1
9863,521681.0,457592.0,0.0,0.0,1,1
9864,521681.0,457592.0,0.0,0.0,1,1
9865,521681.0,457592.0,0.0,0.0,1,1
9866,521681.0,457592.0,0.0,0.0,1,1
9867,521681.0,457592.0,0.0,0.0,1,1
9868,521681.0,457592.0,0.0,0.0,1,1
9869,521681.0,457592.0,0.0,0.0,1,1
9870,521681.0,457592.0,0.0,0.0,1,1
9871,521681.0,457592.0,0.0,0.0,1,1
9872,521681.0,457592.0,0.0,0.0,1,1
9873,521681.0,457592.0,0.0,0.0,1,1
9874,521681.0,457592.0,0.0,0.0,1,1
9875,521681.0,457592.0,0.0,0.0,1,1
9876,521681.0,457592.0,0.0,0.0,1,1
9877,521681.0,457592.0,0.0,0.0,1,1
9878,521681.0,457592.0,0.0,0.0,1,1
9879,521681.0,457592.0,0.0,0.0,1,1
9880,521681.0,457592.0,0.0,0.0,1,1
9881,521681.0,457592.0,0.0,0.0,1,1
9882,521681.0,457592.0,0.0,0.0,1,1
9883,521681.0,457592.0,0.0,0.0,1,1
9884,521681.0,457592.0,0.0,0.0,1,1
9885,521681.0,457592.0,0.0,0.0,1,1
9886,521681.0,457592.0,0.0,0.0,1,1
9887,521681.0,457592.0,0.0,0.0,1,1
9888,521681.0,457592.0,0.0,0.0,1,1
9889,521681.0,457592.0,0.0,0.0,1,1
9890,521681.0,457592.0,0.0,0.0,1,1
9891,521681.0,457592.0,0.0,0.0,1,1
9892,521681.0,457592.0,0.0,0.0,1,1
9893,521681.0,457592.0,0.0,0.0,1,1
9894,521681.0,457592.0,0.0,0.0,1,1
9895,521681.0,457592.0,0.0,0.0,1,1
9896,521681.0,457592.0,0.0,0.0,1,1
9897,521681.0,457592.0,0.0,0.0,1,1
9898,521681.0,457592.0,0.0,0.0,1,1
9899,521681.0,457592.0,0.0,0.0,1,1
9900,521681.0,457592.0,0.0,0.0,1,1
9901,521681.0,457592.0,0.0,0.0,1,1
9902,521681.0,457592.0,0.0,0.0,1,1
9903,521681.0,457592.0,0.0,0.0,1,1
9904,521681.0,457592.0,0.0,0.0,1,1
9905,521681.0,457592.0,0.0,0.0,1,1
9906,521681.0,457592.0,0.0,0.0,1,1
9907,521681.0,457592.0,0.0,0.0,1,1
9908,521681.0,457592.0,0.0,0.0,1,1
9909,521681.0,457592.0,0.0,0.0,1,1
9910,521681.0,457592.0,0.0,0.0,1,1
9911,521681.0,457592.0,0.0,0.0,1,1
9912,521681.0,457592.0,0.0,0.0,1,1
9913,521681.0,457592.0,0.0,0.0,1,1
9914,521681.0,457592.0,0.0,0.0,1,1
9915,521681.0,457592.0,0.0,0.0,1,1
9916,521681.0,457592.0,0.0,0.0,1,1
9917,521681.0,457592.0,0.0,0.0,1,1
9918,521681.0,457592.0,0.0,0.0,1,1
9919,521681.0,457592.0,0.0,0.0,1,1
9920,521681.0,457592.0,0.0,0.0,1,1
9921,521681.0,457592.0,0.0,0.0,1,1
9922,521681.0,457592.0,0.0,0.0,1,1
9923,521681.0,457592.0,0.0,0.0,1,1
9924,521681.0,457592.0,0.0,0.0,1,1
9925,521408.0,457592.0,0.0,0.0,1,1
9926,521408.0,457592.0,0.0,0.0,1,1
9927,521408.0,457592.0,0.0,0.0,1,1
9928,521408.0,457592.0,0.0,0.0,1,1
9929,521408.0,457592.0,0.0,0.0,1,1
9930,521408.0,457592.0,0.0,0.0,1,1
9931,521408.0,457592.0,0.0,0.0,1,1
9932,521408.0,457592.0,0.0,0.0,1,1
9933,521408.0,457592.0,0.0,0.0,1,1
9934,521408.0,457592.0,0.0,0.0,1,1
9935,521408.0,457592.0,0.0,0.0,1,1
9936,521408.0,457592.0,0.0,0.0,1,1
9937,521408.0,457592.0,0.0,0.0,1,1
9938,521408.0,457592.0,0.0,0.0,1,1
9939,521531.0,457592.0,0.0,0.0,1,1
9940,521531.0,457592.0,0.0,0.0,1,1
9941,521531.0,457592.0,0.0,0.0,1,1
9942,521531.0,457592.0,0.0,0.0,1,1
9943,521531.0,457592.0,0.0,0.0,1,1
9944,521531.0,457592.0,0.0,0.0,1,1
9945,521531.0,457592.0,0.0,0.0,1,1
9946,521531.0,457592.0,0.0,0.0,1,1
9947,521531.0,457592.0,0.0,0.0,1,1
9948,521531.0,457592.0,0.0,0.0,1,1
9949,521531.0,457592.0,0.0,0.0,1,1
9950,521531.0,457592.0,0.0,0.0,1,1
9951,521531.0,457592.0,0.0,0.0,1,1
9952,521531.0,457592.0,0.0,0.0,1,1
9953,521531.0,457592.0,0.0,0.0,1,1
9954,521531.0,457592.0,0.0,0.0,1,1
9955,521531.0,457592.0,0.0,0.0,1,1
9956,521531.0,457592.0,0.0,0.0,1,1
9957,521531.0,457592.0,0.0,0.0,1,1
9958,522104.0,457592.0,0.0,0.0,1,1
9959,522104.0,457592.0,0.0,0.0,1,1
9960,522104.0,457592.0,0.0,0.0,1,1
9961,522104.0,457592.0,0.0,0.0,1,1
9962,522104.0,457592.0,0.0,0.0,1,1
9963,522104.0,457592.0,0.0,0.0,1,1
9964,522104.0,457592.0,0.0,0.0,1,1
9965,522104.0,457592.0,0.0,0.0,1,1
9966,522104.0,457592.0,0.0,0.0,1,1
9967,522104.0,457592.0,0.0,0.0,1,1
9968,522104.0,457592.0,0.0,0.0,1,1
9969,522104.0,457592.0,0.0,0.0,1,1
9970,522104.0,457592.0,0.0,0.0,1,1
9971,522104.0,457592.0,0.0,0.0,1,1
9972,522104.0,457592.0,0.0,0.0,1,1
9973,522104.0,457592.0,0.0,0.0,1,1
9974,522104.0,457592.0,0.0,0.0,1,1
9975,522104.0,457592.0,0.0,0.0,1,1
9976,522104.0,457592.0,0.0,0.0,1,1
9977,522104.0,457592.0,0.0,0.0,1,1
9978,522104.0,457592.0,0.0,0.0,1,1
9979,522104.0,457592.0,0.0,0.0,1,1
9980,522104.0,457592.0,0.0,0.0,1,1
9981,522104.0,457592.0,0.0,0.0,1,1
9982,522104.0,457592.0,0.0,0.0,1,1
9983,522104.0,457592.0,0.0,0.0,1,1
9984,522104.0,457592.0,0.0,0.0,1,1
9985,522104.0,457592.0,0.0,0.0,1,1
9986,522104.0,457592.0,0.0,0.0,1,1
9987,522104.0,457592.0,0.0,0.0,1,1
9988,522104.0,457592.0,0.0,0.0,1,1
9989,522104.0,457592.0,0.0,0.0,1,1
9990,522104.0,457592.0,0.0,0.0,1,1
9991,522104.0,457592.0,0.0,0.0,1,1
9992,522104.0,457592.0,0.0,0.0,1,1
9993,522104.0,457592.0,0.0,0.0,1,1
9994,522104.0,457592.0,0.0,0.0,1,1
9995,522104.0,457592.0,0.0,0.0,1,1
9996,522104.0,457592.0,0.0,0.0,1,1
9997,522104.0,457592.0,0.0,0.0,1,1
9998,522104.0,457592.0,0.0,0.0,1,1
9999,522104.0,457592.0,0.0,0.0,1,1
10000,522104.0,457592.0,0.0,0.0,1,1
10001,522104.0,457592.0,0.0,0.0,1,1
10002,522104.0,457592.0,0.0,0.0,1,1
10003,522104.0,457592.0,0.0,0.0,1,1
10004,522104.0,457592.0,0.0,0.0,1,1
10005,522104.0,457592.0,0.0,0.0,1,1
10006,522104.0,457592.0,0.0,0.0,1,1
10007,522104.0,457592.0,0.0,0.0,1,1
10008,522104.0,457592.0,0.0,0.0,1,1
10009,522104.0,457592.0,0.0,0.0,1,1
10010,522104.0,457592.0,0.0,0.0,1,1
10011,522104.0,457592.0,0.0,0.0,1,1
10012,520320.5,457592.0,0.0,0.0,1,1
10013,520320.5,457592.0,0.0,0.0,1,1
10014,520320.5,457592.0,0.0,0.0,1,1
10015,520320.5,457592.0,0.0,0.0,1,1
10016,520320.5,457592.0,0.0,0.0,1,1
10017,520320.5,457592.0,0.0,0.0,1,1
10018,520320.5,457592.0,0.0,0.0,1,1
10019,520320.5,457592.0,0.0,0.0,1,1
10020,520320.5,457592.0,0.0,0.0,1,1
10021,520320.5,457592.0,0.0,0.0,1,1
10022,520320.5,457592.0,0.0,0.0,1,1
10023,520320.5,457592.0,0.0,0.0,1,1
10024,520320.5,457592.0,0.0,0.0,1,1
10025,520320.5,457592.0,0.0,0.0,1,1
10026,520320.5,457592.0,0.0,0.0,1,1
10027,520320.5,457592.0,0.0,0.0,1,1
10028,520320.5,457592.0,0.0,0.0,1,1
10029,520320.5,457592.0,0.0,0.0,1,1
10030,520320.5,457592.0,0.0,0.0,1,1
10031,520369.5,457592.0,0.0,0.0,1,1
10032,520369.5,457592.0,0.0,0.0,1,1
10033,520369.5,457592.0,0.0,0.0,1,1
10034,520369.5,457592.0,0.0,0.0,1,1
10035,520369.5,457592.0,0.0,0.0,1,1
10036,520369.5,457592.0,0.0,0.0,1,1
10037,520369.5,457592.0,0.0,0.0,1,1
10038,520369.5,457592.0,0.0,0.0,1,1
10039,520369.5,457592.0,0.0,0.0,1,1
10040,520369.5,457592.0,0.0,0.0,1,1
10041,520369.5,457592.0,0.0,0.0,1,1
10042,520369.5,457592.0,0.0,0.0,1,1
10043,520369.5,457592.0,0.0,0.0,1,1
10044,520344.0,457592.0,0.0,0.0,1,1
10045,520344.0,457592.0,0.0,0.0,1,1
10046,520344.0,457592.0,0.0,0.0,1,1
10047,520344.0,457592.0,0.0,0.0,1,1
10048,520344.0,457592.0,0.0,0.0,1,1
10049,520344.0,457592.0,0.0,0.0,1,1
10050,520344.0,457592.0,0.0,0.0,1,1
10051,520344.0,457592.0,0.0,0.0,1,1
10052,520344.0,457592.0,0.0,0.0,1,1
10053,520344.0,457592.0,0.0,0.0,1,1
10054,520236.0,457592.0,0.0,0.0,1,1
10055,520236.0,457592.0,0.0,0.0,1,1
10056,520236.0,457592.0,0.0,0.0,1,1
10057,520236.0,457592.0,0.0,0.0,1,1
10058,520236.0,457592.0,0.0,0.0,1,1
10059,520236.0,457592.0,0.0,0.0,1,1
10060,520236.0,457592.0,0.0,0.0,1,1
10061,520236.0,457592.0,0.0,0.0,1,1
10062,520236.0,457592.0,0.0,0.0,1,1
10063,520236.0,457592.0,0.0,0.0,1,1
10064,520236.0,457592.0,0.0,0.0,1,1
10065,520236.0,457592.0,0.0,0.0,1,1
10066,520236.0,457592.0,0.0,0.0,1,1
10067,520236.0,457592.0,0.0,0.0,1,1
10068,520236.0,457592.0,0.0,0.0,1,1
10069,520236.0,457592.0,0.0,0.0,1,1
10070,521105.0,457592.0,0.0,0.0,1,1
10071,521105.0,457592.0,0.0,0.0,1,1
10072,521105.0,457592.0,0.0,0.0,1,1
10073,521105.0,457592.0,0.0,0.0,1,1
10074,521105.0,457592.0,0.0,0.0,1,1
10075,521105.0,457592.0,0.0,0.0,1,1
10076,521105.0,457592.0,0.0,0.0,1,1
10077,521105.0,457592.0,0.0,0.0,1,1
10078,521105.0,457592.0,0.0,0.0,1,1
10079,521105.0,457592.0,0.0,0.0,1,1
10080,521105.0,457592.0,0.0,0.0,1,1
10081,521105.0,457592.0,0.0,0.0,1,1
10082,521105.0,457592.0,0.0,0.0,1,1
10083,521105.0,457592.0,0.0,0.0,1,1
10084,521105.0,457592.0,0.0,0.0,1,1
10085,521105.0,457592.0,0.0,0.0,1,1
10086,521105.0,457592.0,0.0,0.0,1,1
10087,521105.0,457592.0,0.0,0.0,1,1
10088,521072.0,457592.0,0.0,0.0,1,1
10089,521072.0,457592.0,0.0,0.0,1,1
10090,521072.0,457592.0,0.0,0.0,1,1
10091,521072.0,457592.0,0.0,0.0,1,1
10092,521072.0,457592.0,0.0,0.0,1,1
10093,521072.0,457592.0,0.0,0.0,1,1
10094,521072.0,457592.0,0.0,0.0,1,1
10095,521072.0,457592.0,0.0,0.0,1,1
10096,521072.0,457592.0,0.0,0.0,1,1
10097,521072.0,457592.0,0.0,0.0,1,1
10098,521072.0,457592.0,0.0,0.0,1,1
10099,521072.0,457592.0,0.0,0.0,1,1
10100,521072.0,457592.0,0.0,0.0,1,1
10101,521072.0,457592.0,0.0,0.0,1,1
10102,521072.0,457592.0,0.0,0.0,1,1
10103,521072.0,457592.0,0.0,0.0,1,1
10104,521072.0,457592.0,0.0,0.0,1,1
10105,521072.0,457592.0,0.0,0.0,1,1
10106,521072.0,457592.0,0.0,0.0,1,1
10107,521072.0,457592.0,0.0,0.0,1,1
10108,521072.0,457592.0,0.0,0.0,1,1
10109,521072.0,457592.0,0.0,0.0,1,1
10110,521072.0,457592.0,0.0,0.0,1,1
10111,521072.0,457592.0,0.0,0.0,1,1
10112,521072.0,457592.0,0.0,0.0,1,1
10113,521072.0,457592.0,0.0,0.0,1,1
10114,521072.0,457592.0,0.0,0.0,1,1
10115,521072.0,457592.0,0.0,0.0,1,1
10116,521072.0,457592.0,0.0,0.0,1,1
10117,521072.0,457592.0,0.0,0.0,1,1
10118,521055.0,457592.0,0.0,0.0,1,1
10119,521055.0,457592.0,0.0,0.0,1,1
10120,521055.0,457592.0,0.0,0.0,1,1
10121,521055.0,457592.0,0.0,0.0,1,1
10122,521055.0,457592.0,0.0,0.0,1,1
10123,521055.0,457592.0,0.0,0.0,1,1
10124,521055.0,457592.0,0.0,0.0,1,1
10125,521055.0,457592.0,0.0,0.0,1,1
10126,521055.0,457592.0,0.0,0.0,1,1
10127,521334.5,457592.0,0.0,0.0,1,1
10128,521274.5,457592.0,0.0,0.0,1,1
10129,521274.5,457592.0,0.0,0.0,1,1
10130,521274.5,457592.0,0.0,0.0,1,1
10131,521274.5,457592.0,0.0,0.0,1,1
10132,521274.5,457592.0,0.0,0.0,1,1
10133,521274.5,457592.0,0.0,0.0,1,1
10134,521274.5,457592.0,0.0,0.0,1,1
10135,521274.5,457592.0,0.0,0.0,1,1
10136,521274.5,457592.0,0.0,0.0,1,1
10137,521274.5,457592.0,0.0,0.0,1,1
10138,521274.5,457592.0,0.0,0.0,1,1
10139,521274.5,457592.0,0.0,0.0,1,1
10140,521274.5,457592.0,0.0,0.0,1,1
10141,521274.5,457592.0,0.0,0.0,1,1
10142,521274.5,457592.0,0.0,0.0,1,1
10143,521274.5,457592.0,0.0,0.0,1,1
10144,521274.5,457592.0,0.0,0.0,1,1
10145,521274.5,457592.0,0.0,0.0,1,1
10146,521274.5,457592.0,0.0,0.0,1,1
10147,521274.5,457592.0,0.0,0.0,1,1
10148,521274.5,457592.0,0.0,0.0,1,1
10149,521274.5,457592.0,0.0,0.0,1,1
10150,521238.5,457592.0,0.0,0.0,1,1
10151,521238.5,457592.0,0.0,0.0,1,1
10152,521238.5,457592.0,0.0,0.0,1,1
10153,521238.5,457592.0,0.0,0.0,1,1
10154,521238.5,457592.0,0.0,0.0,1,1
10155,521238.5,457592.0,0.0,0.0,1,1
10156,521238.5,457592.0,0.0,0.0,1,1
10157,521238.5,457592.0,0.0,0.0,1,1
10158,521238.5,457592.0,0.0,0.0,1,1
10159,521238.5,457592.0,0.0,0.0,1,1
10160,521238.5,457592.0,0.0,0.0,1,1
10161,521238.5,457592.0,0.0,0.0,1,1
10162,521238.5,457592.0,0.0,0.0,1,1
10163,521238.5,457592.0,0.0,0.0,1,1
10164,521238.5,457592.0,0.0,0.0,1,1
10165,521238.5,457592.0,0.0,0.0,1,1
10166,521238.5,457592.0,0.0,0.0,1,1
10167,521238.5,457592.0,0.0,0.0,1,1
10168,521238.5,457592.0,0.0,0.0,1,1
10169,521238.5,457592.0,0.0,0.0,1,1
10170,521238.5,457592.0,0.0,0.0,1,1
10171,521238.5,457592.0,0.0,0.0,1,1
10172,521238.5,457592.0,0.0,0.0,1,1
10173,521238.5,457592.0,0.0,0.0,1,1
10174,521238.5,457592.0,0.0,0.0,1,1
10175,521238.5,457592.0,0.0,0.0,1,1
10176,521238.5,457592.0,0.0,0.0,1,1
10177,521238.5,457592.0,0.0,0.0,1,1
10178,521238.5,457592.0,0.0,0.0,1,1
10179,521238.5,457592.0,0.0,0.0,1,1
10180,521238.5,457592.0,0.0,0.0,1,1
10181,521238.5,457592.0,0.0,0.0,1,1
10182,521238.5,457592.0,0.0,0.0,1,1
10183,521238.5,457592.0,0.0,0.0,1,1
10184,521238.5,457592.0,0.0,0.0,1,1
10185,521238.5,457592.0,0.0,0.0,1,1
10186,521238.5,457592.0,0.0,0.0,1,1
10187,521238.5,457592.0,0.0,0.0,1,1
10188,521238.5,457592.0,0.0,0.0,1,1
10189,521238.5,457592.0,0.0,0.0,1,1
10190,521238.5,457592.0,0.0,0.0,1,1
10191,521238.5,457592.0,0.0,0.0,1,1
10192,521238.5,457592.0,0.0,0.0,1,1
10193,521238.5,457592.0,0.0,0.0,1,1
10194,521238.5,457592.0,0.0,0.0,1,1
10195,521238.5,457592.0,0.0,0.0,1,1
10196,521238.5,457592.0,0.0,0.0,1,1
10197,521380.5,457592.0,0.0,0.0,1,1
10198,521380.5,457592.0,0.0,0.0,1,1
10199,521365.0,457592.0,0.0,0.0,1,1
10200,521365.0,457592.0,0.0,0.0,1,1
10201,521365.0,457592.0,0.0,0.0,1,1
10202,521365.0,457592.0,0.0,0.0,1,1
10203,521365.0,457592.0,0.0,0.0,1,1
10204,521365.0,457592.0,0.0,0.0,1,1
10205,521365.0,457592.0,0.0,0.0,1,1
10206,521365.0,457592.0,0.0,0.0,1,1
10207,521365.0,457592.0,0.0,0.0,1,1
10208,521365.0,457592.0,0.0,0.0,1,1
10209,521365.0,457592.0,0.0,0.0,1,1
10210,521365.0,457592.0,0.0,0.0,1,1
10211,521365.0,457592.0,0.0,0.0,1,1
10212,521365.0,457592.0,0.0,0.0,1,1
10213,521365.0,457592.0,0.0,0.0,1,1
10214,521365.0,457592.0,0.0,0.0,1,1
10215,521365.0,457592.0,0.0,0.0,1,1
10216,521365.0,457592.0,0.0,0.0,1,1
10217,521365.0,457592.0,0.0,0.0,1,1
10218,521365.0,457592.0,0.0,0.0,1,1
10219,521365.0,457592.0,0.0,0.0,1,1
10220,521365.0,457592.0,0.0,0.0,1,1
10221,521365.0,457592.0,0.0,0.0,1,1
10222,521365.0,457592.0,0.0,0.0,1,1
10223,521289.0,457592.0,0.0,0.0,1,1
10224,521289.0,457592.0,0.0,0.0,1,1
10225,521289.0,457592.0,0.0,0.0,1,1
10226,521289.0,457592.0,0.0,0.0,1,1
10227,521289.0,457592.0,0.0,0.0,1,1
10228,521289.0,457592.0,0.0,0.0,1,1
10229,521289.0,457592.0,0.0,0.0,1,1
10230,521289.0,457592.0,0.0,0.0,1,1
10231,521289.0,457592.0,0.0,0.0,1,1
10232,521289.0,457592.0,0.0,0.0,1,1
10233,521289.0,457592.0,0.0,0.0,1,1
10234,521289.0,457592.0,0.0,0.0,1,1
10235,521289.0,457592.0,0.0,0.0,1,1
10236,521289.0,457592.0,0.0,0.0,1,1
10237,521084.5,457592.0,0.0,0.0,1,1
10238,521084.5,457592.0,0.0,0.0,1,1
10239,521084.5,457592.0,0.0,0.0,1,1
10240,521084.5,457592.0,0.0,0.0,1,1
10241,521084.5,457592.0,0.0,0.0,1,1
10242,521084.5,457592.0,0.0,0.0,1,1
10243,521084.5,457592.0,0.0,0.0,1,1
10244,521084.5,457592.0,0.0,0.0,1,1
10245,521084.5,457592.0,0.0,0.0,1,1
10246,521875.5,457592.0,0.0,0.0,1,1
10247,521875.5,457592.0,0.0,0.0,1,1
10248,521875.5,457592.0,0.0,0.0,1,1
10249,521875.5,457592.0,0.0,0.0,1,1
10250,521875.5,457592.0,0.0,0.0,1,1
10251,521875.5,457592.0,0.0,0.0,1,1
10252,521875.5,457592.0,0.0,0.0,1,1
10253,521875.5,457592.0,0.0,0.0,1,1
10254,522181.5,457592.0,0.0,0.0,1,1
10255,522181.5,457592.0,0.0,0.0,1,1
10256,522181.5,457592.0,0.0,0.0,1,1
10257,522181.5,457592.0,0.0,0.0,1,1
10258,522181.5,457592.0,0.0,0.0,1,1
10259,522181.5,457592.0,0.0,0.0,1,1
10260,522181.5,457592.0,0.0,0.0,1,1
10261,522181.5,457592.0,0.0,0.0,1,1
10262,522181.5,457592.0,0.0,0.0,1,1
10263,522181.5,457592.0,0.0,0.0,1,1
10264,522181.5,457592.0,0.0,0.0,1,1
10265,522181.5,457592.0,0.0,0.0,1,1
10266,522181.5,457592.0,0.0,0.0,1,1
10267,522181.5,457592.0,0.0,0.0,1,1
10268,522181.5,457592.0,0.0,0.0,1,1
10269,522181.5,457592.0,0.0,0.0,1,1
10270,522181.5,457592.0,0.0,0.0,1,1
10271,522181.5,457592.0,0.0,0.0,1,1
10272,522181.5,457592.0,0.0,0.0,1,1
10273,522181.5,457592.0,0.0,0.0,1,1
10274,522181.5,457592.0,0.0,0.0,1,1
10275,522181.5,457592.0,0.0,0.0,1,1
10276,522181.5,457592.0,0.0,0.0,1,1
10277,522181.5,457592.0,0.0,0.0,1,1
10278,522181.5,457592.0,0.0,0.0,1,1
10279,522181.5,457592.0,0.0,0.0,1,1
10280,522181.5,457592.0,0.0,0.0,1,1
10281,522181.5,457592.0,0.0,0.0,1,1
10282,522181.5,457592.0,0.0,0.0,1,1
10283,522181.5,457592.0,0.0,0.0,1,1
10284,523949.0,457592.0,0.0,0.0,1,1
10285,523949.0,457592.0,0.0,0.0,1,1
10286,523949.0,457592.0,0.0,0.0,1,1
10287,523949.0,457592.0,0.0,0.0,1,1
10288,523949.0,457592.0,0.0,0.0,1,1
10289,523949.0,457592.0,0.0,0.0,1,1
10290,523949.0,457592.0,0.0,0.0,1,1
10291,523949.0,457592.0,0.0,0.0,1,1
10292,523949.0,457592.0,0.0,0.0,1,1
10293,523949.0,457592.0,0.0,0.0,1,1
10294,523949.0,457592.0,0.0,0.0,1,1
10295,523949.0,457592.0,0.0,0.0,1,1
10296,523949.0,457592.0,0.0,0.0,1,1
10297,523949.0,457592.0,0.0,0.0,1,1
10298,523949.0,457592.0,0.0,0.0,1,1
10299,523949.0,457592.0,0.0,0.0,1,1
10300,523949.0,457592.0,0.0,0.0,1,1
10301,523949.0,457592.0,0.0,0.0,1,1
10302,523949.0,457592.0,0.0,0.0,1,1
10303,523949.0,457592.0,0.0,0.0,1,1
10304,523949.0,457592.0,0.0,0.0,1,1
10305,523949.0,457592.0,0.0,0.0,1,1
10306,523949.0,457592.0,0.0,0.0,1,1
10307,523949.0,457592.0,0.0,0.0,1,1
10308,523949.0,457592.0,0.0,0.0,1,1
10309,523949.0,457592.0,0.0,0.0,1,1
10310,524985.0,457592.0,0.0,0.0,1,1
10311,524985.0,457592.0,0.0,0.0,1,1
10312,524985.0,457592.0,0.0,0.0,1,1
10313,524985.0,457592.0,0.0,0.0,1,1
10314,524985.0,457592.0,0.0,0.0,1,1
10315,524985.0,457592.0,0.0,0.0,1,1
10316,524985.0,457592.0,0.0,0.0,1,1
10317,524985.0,457592.0,0.0,0.0,1,1
10318,524985.0,457592.0,0.0,0.0,1,1
10319,524985.0,457592.0,0.0,0.0,1,1
10320,524985.0,457592.0,0.0,0.0,1,1
10321,524985.0,457592.0,0.0,0.0,1,1
10322,524985.0,457592.0,0.0,0.0,1,1
10323,524985.0,457592.0,0.0,0.0,1,1
10324,524985.0,457592.0,0.0,0.0,1,1
10325,524985.0,457592.0,0.0,0.0,1,1
10326,524985.0,457592.0,0.0,0.0,1,1
10327,524985.0,457592.0,0.0,0.0,1,1
10328,524985.0,457592.0,0.0,0.0,1,1
10329,524985.0,457592.0,0.0,0.0,1,1
10330,524985.0,457592.0,0.0,0.0,1,1
10331,524985.0,457592.0,0.0,0.0,1,1
10332,524985.0,457592.0,0.0,0.0,1,1
10333,524985.0,457592.0,0.0,0.0,1,1
10334,524985.0,457592.0,0.0,0.0,1,1
10335,524985.0,457592.0,0.0,0.0,1,1
10336,524985.0,457592.0,0.0,0.0,1,1
10337,524985.0,457592.0,0.0,0.0,1,1
10338,524985.0,457592.0,0.0,0.0,1,1
10339,524985.0,457592.0,0.0,0.0,1,1
10340,524985.0,457592.0,0.0,0.0,1,1
10341,524985.0,457592.0,0.0,0.0,1,1
10342,524985.0,457592.0,0.0,0.0,1,1
10343,524985.0,457592.0,0.0,0.0,1,1
10344,524985.0,457592.0,0.0,0.0,1,1
10345,524985.0,457592.0,0.0,0.0,1,1
10346,524985.0,457592.0,0.0,0.0,1,1
10347,524985.0,457592.0,0.0,0.0,1,1
10348,524985.0,457592.0,0.0,0.0,1,1
10349,524985.0,457592.0,0.0,0.0,1,1
10350,524985.0,457592.0,0.0,0.0,1,1
10351,524985.0,457592.0,0.0,0.0,1,1
10352,524985.0,457592.0,0.0,0.0,1,1
10353,525288.0,457592.0,0.0,0.0,1,1
10354,525288.0,457592.0,0.0,0.0,1,1
10355,525288.0,457592.0,0.0,0.0,1,1
10356,525288.0,457592.0,0.0,0.0,1,1
10357,525288.0,457592.0,0.0,0.0,1,1
10358,524952.5,457592.0,0.0,0.0,1,1
10359,524952.5,457592.0,0.0,0.0,1,1
10360,524952.5,457592.0,0.0,0.0,1,1
10361,524952.5,457592.0,0.0,0.0,1,1
10362,524952.5,457592.0,0.0,0.0,1,1
10363,524952.5,457592.0,0.0,0.0,1,1
10364,524952.5,457592.0,0.0,0.0,1,1
10365,524952.5,457592.0,0.0,0.0,1,1
10366,524952.5,457592.0,0.0,0.0,1,1
10367,524952.5,457592.0,0.0,0.0,1,1
10368,524952.5,457592.0,0.0,0.0,1,1
10369,524952.5,457592.0,0.0,0.0,1,1
10370,524952.5,457592.0,0.0,0.0,1,1
10371,524952.5,457592.0,0.0,0.0,1,1
10372,524952.5,457592.0,0.0,0.0,1,1
10373,525001.5,457592.0,0.0,0.0,1,1
10374,525001.5,457592.0,0.0,0.0,1,1
10375,525001.5,457592.0,0.0,0.0,1,1
10376,525001.5,457592.0,0.0,0.0,1,1
10377,525001.5,457592.0,0.0,0.0,1,1
10378,525001.5,457592.0,0.0,0.0,1,1
10379,525001.5,457592.0,0.0,0.0,1,1
10380,525001.5,457592.0,0.0,0.0,1,1
10381,527252.5,457592.0,0.0,0.0,1,1
10382,527252.5,457592.0,0.0,0.0,1,1
10383,527807.0,457592.0,0.0,0.0,1,1
10384,527807.0,457592.0,0.0,0.0,1,1
10385,527807.0,457592.0,0.0,0.0,1,1
10386,527807.0,457592.0,0.0,0.0,1,1
10387,527807.0,457592.0,0.0,0.0,1,1
10388,527807.0,457592.0,0.0,0.0,1,1
10389,527807.0,457592.0,0.0,0.0,1,1
10390,527950.5,457592.0,0.0,0.0,1,1
10391,527956.0,457592.0,0.0,0.0,1,1
10392,527956.0,457592.0,0.0,0.0,1,1
10393,527956.0,457592.0,0.0,0.0,1,1
10394,527956.0,457592.0,0.0,0.0,1,1
10395,527956.0,457592.0,0.0,0.0,1,1
10396,527956.0,457592.0,0.0,0.0,1,1
10397,527956.0,457592.0,0.0,0.0,1,1
10398,527956.0,457592.0,0.0,0.0,1,1
10399,527956.0,457592.0,0.0,0.0,1,1
10400,527956.0,457592.0,0.0,0.0,1,1
10401,527956.0,457592.0,0.0,0.0,1,1
10402,527956.0,457592.0,0.0,0.0,1,1
10403,527956.0,457592.0,0.0,0.0,1,1
10404,527956.0,457592.0,0.0,0.0,1,1
10405,527956.0,457592.0,0.0,0.0,1,1
10406,527956.0,457592.0,0.0,0.0,1,1
10407,527956.0,457592.0,0.0,0.0,1,1
10408,527956.0,457592.0,0.0,0.0,1,1
10409,527956.0,457592.0,0.0,0.0,1,1
10410,527956.0,457592.0,0.0,0.0,1,1
10411,527956.0,457592.0,0.0,0.0,1,1
10412,527956.0,457592.0,0.0,0.0,1,1
10413,527956.0,457592.0,0.0,0.0,1,1
10414,527956.0,457592.0,0.0,0.0,1,1
10415,527956.0,457592.0,0.0,0.0,1,1
10416,527956.0,457592.0,0.0,0.0,1,1
10417,527956.0,457592.0,0.0,0.0,1,1
10418,527956.0,457592.0,0.0,0.0,1,1
10419,527956.0,457592.0,0.0,0.0,1,1
10420,527956.0,457592.0,0.0,0.0,1,1
10421,527956.0,457592.0,0.0,0.0,1,1
10422,527956.0,457592.0,0.0,0.0,1,1
10423,527956.0,457592.0,0.0,0.0,1,1
10424,527956.0,457592.0,0.0,0.0,1,1
10425,527956.0,457592.0,0.0,0.0,1,1
10426,527956.0,457592.0,0.0,0.0,1,1
10427,527956.0,457592.0,0.0,0.0,1,1
10428,527956.0,457592.0,0.0,0.0,1,1
10429,527956.0,457592.0,0.0,0.0,1,1
10430,527956.0,457592.0,0.0,0.0,1,1
10431,527956.0,457592.0,0.0,0.0,1,1
10432,527956.0,457592.0,0.0,0.0,1,1
10433,527956.0,457592.0,0.0,0.0,1,1
10434,527956.0,457592.0,0.0,0.0,1,1
10435,527956.0,457592.0,0.0,0.0,1,1
10436,527956.0,457592.0,0.0,0.0,1,1
10437,527956.0,457592.0,0.0,0.0,1,1
10438,527991.0,457592.0,0.0,0.0,1,1
10439,527991.0,457592.0,0.0,0.0,1,1
10440,527991.0,457592.0,0.0,0.0,1,1
10441,527991.0,457592.0,0.0,0.0,1,1
10442,527991.0,457592.0,0.0,0.0,1,1
10443,527991.0,457592.0,0.0,0.0,1,1
10444,527991.0,457592.0,0.0,0.0,1,1
10445,527991.0,457592.0,0.0,0.0,1,1
10446,527991.0,457592.0,0.0,0.0,1,1
10447,527991.0,457592.0,0.0,0.0,1,1
10448,527991.0,457592.0,0.0,0.0,1,1
10449,527991.0,457592.0,0.0,0.0,1,1
10450,527991.0,457592.0,0.0,0.0,1,1
10451,527991.0,457592.0,0.0,0.0,1,1
10452,527991.0,457592.0,0.0,0.0,1,1
10453,527991.0,457592.0,0.0,0.0,1,1
10454,527991.0,457592.0,0.0,0.0,1,1
10455,527991.0,457592.0,0.0,0.0,1,1
10456,527991.0,457592.0,0.0,0.0,1,1
10457,527991.0,457592.0,0.0,0.0,1,1
10458,527991.0,457592.0,0.0,0.0,1,1
10459,527991.0,457592.0,0.0,0.0,1,1
10460,527991.0,457592.0,0.0,0.0,1,1
10461,527991.0,457592.0,0.0,0.0,1,1
10462,528133.0,457592.0,0.0,0.0,1,1
10463,528133.0,457592.0,0.0,0.0,1,1
10464,528133.0,457592.0,0.0,0.0,1,1
10465,528133.0,457592.0,0.0,0.0,1,1
10466,528133.0,457592.0,0.0,0.0,1,1
10467,528133.0,457592.0,0.0,0.0,1,1
10468,528133.0,457592.0,0.0,0.0,1,1
10469,528133.0,457592.0,0.0,0.0,1,1
10470,528133.0,457592.0,0.0,0.0,1,1
10471,528133.0,457592.0,0.0,0.0,1,1
10472,528133.0,457592.0,0.0,0.0,1,1
10473,528133.0,457592.0,0.0,0.0,1,1
10474,528133.0,457592.0,0.0,0.0,1,1
10475,528133.0,457592.0,0.0,0.0,1,1
10476,528133.0,457592.0,0.0,0.0,1,1
10477,528133.0,457592.0,0.0,0.0,1,1
10478,528133.0,457592.0,0.0,0.0,1,1
10479,528133.0,457592.0,0.0,0.0,1,1
10480,528133.0,457592.0,0.0,0.0,1,1
10481,528133.0,457592.0,0.0,0.0,1,1
10482,528133.0,457592.0,0.0,0.0,1,1
10483,528133.0,457592.0,0.0,0.0,1,1
10484,528133.0,457592.0,0.0,0.0,1,1
10485,528133.0,457592.0,0.0,0.0,1,1
10486,528133.0,457592.0,0.0,0.0,1,1
10487,528133.0,457592.0,0.0,0.0,1,1
10488,528133.0,457592.0,0.0,0.0,1,1
10489,528489.5,457592.0,0.0,0.0,1,1
10490,528489.5,457592.0,0.0,0.0,1,1
10491,527417.5,457592.0,0.0,0.0,1,1
10492,527417.5,457592.0,0.0,0.0,1,1
10493,527417.5,457592.0,0.0,0.0,1,1
10494,527417.5,457592.0,0.0,0.0,1,1
10495,527417.5,457592.0,0.0,0.0,1,1
10496,527417.5,457592.0,0.0,0.0,1,1
10497,527417.5,457592.0,0.0,0.0,1,1
10498,527417.5,457592.0,0.0,0.0,1,1
10499,527417.5,457592.0,0.0,0.0,1,1
10500,527275.5,457592.0,0.0,0.0,1,1
10501,527275.5,457592.0,0.0,0.0,1,1
10502,527275.5,457592.0,0.0,0.0,1,1
10503,527275.5,457592.0,0.0,0.0,1,1
10504,527275.5,457592.0,0.0,0.0,1,1
10505,527275.5,457592.0,0.0,0.0,1,1
10506,527275.5,457592.0,0.0,0.0,1,1
10507,527275.5,457592.0,0.0,0.0,1,1
10508,527275.5,457592.0,0.0,0.0,1,1
10509,527275.5,457592.0,0.0,0.0,1,1
10510,527275.5,457592.0,0.0,0.0,1,1
10511,527275.5,457592.0,0.0,0.0,1,1
10512,527275.5,457592.0,0.0,0.0,1,1
10513,527275.5,457592.0,0.0,0.0,1,1
10514,527275.5,457592.0,0.0,0.0,1,1
10515,527275.5,457592.0,0.0,0.0,1,1
10516,527275.5,457592.0,0.0,0.0,1,1
10517,527275.5,457592.0,0.0,0.0,1,1
10518,527275.5,457592.0,0.0,0.0,1,1
10519,527275.5,457592.0,0.0,0.0,1,1
10520,527275.5,457592.0,0.0,0.0,1,1
10521,527275.5,457592.0,0.0,0.0,1,1
10522,527275.5,457592.0,0.0,0.0,1,1
10523,527275.5,457592.0,0.0,0.0,1,1
10524,527275.5,457592.0,0.0,0.0,1,1
10525,527275.5,457592.0,0.0,0.0,1,1
10526,527275.5,457592.0,0.0,0.0,1,1
10527,527275.5,457592.0,0.0,0.0,1,1
10528,527275.5,457592.0,0.0,0.0,1,1
10529,527275.5,457592.0,0.0,0.0,1,1
10530,527275.5,457592.0,0.0,0.0,1,1
10531,527275.5,457592.0,0.0,0.0,1,1
10532,527275.5,457592.0,0.0,0.0,1,1
10533,527275.5,457592.0,0.0,0.0,1,1
10534,527275.5,457592.0,0.0,0.0,1,1
10535,527275.5,457592.0,0.0,0.0,1,1
10536,527275.5,457592.0,0.0,0.0,1,1
10537,527275.5,457592.0,0.0,0.0,1,1
10538,527171.5,457592.0,0.0,0.0,1,1
10539,527171.5,457592.0,0.0,0.0,1,1
10540,527171.5,457592.0,0.0,0.0,1,1
10541,527171.5,457592.0,0.0,0.0,1,1
10542,527171.5,457592.0,0.0,0.0,1,1
10543,527171.5,457592.0,0.0,0.0,1,1
10544,527171.5,457592.0,0.0,0.0,1,1
10545,527171.5,457592.0,0.0,0.0,1,1
10546,527171.5,457592.0,0.0,0.0,1,1
10547,527171.5,457592.0,0.0,0.0,1,1
10548,527171.5,457592.0,0.0,0.0,1,1
10549,527171.5,457592.0,0.0,0.0,1,1
10550,527171.5,457592.0,0.0,0.0,1,1
10551,527171.5,457592.0,0.0,0.0,1,1
10552,527171.5,457592.0,0.0,0.0,1,1
10553,527171.5,457592.0,0.0,0.0,1,1
10554,527171.5,457592.0,0.0,0.0,1,1
10555,527171.5,457592.0,0.0,0.0,1,1
10556,527171.5,457592.0,0.0,0.0,1,1
10557,527171.5,457592.0,0.0,0.0,1,1
10558,527171.5,457592.0,0.0,0.0,1,1
10559,527171.5,457592.0,0.0,0.0,1,1
10560,527250.5,457592.0,0.0,0.0,1,1
10561,527250.5,457592.0,0.0,0.0,1,1
10562,527250.5,457592.0,0.0,0.0,1,1
10563,527250.5,457592.0,0.0,0.0,1,1
10564,527250.5,457592.0,0.0,0.0,1,1
10565,527250.5,457592.0,0.0,0.0,1,1
10566,527250.5,457592.0,0.0,0.0,1,1
10567,527250.5,457592.0,0.0,0.0,1,1
10568,527250.5,457592.0,0.0,0.0,1,1
10569,527250.5,457592.0,0.0,0.0,1,1
10570,527250.5,457592.0,0.0,0.0,1,1
10571,527250.5,457592.0,0.0,0.0,1,1
10572,527250.5,457592.0,0.0,0.0,1,1
10573,527250.5,457592.0,0.0,0.0,1,1
10574,527250.5,457592.0,0.0,0.0,1,1
10575,527250.5,457592.0,0.0,0.0,1,1
10576,527250.5,457592.0,0.0,0.0,1,1
10577,527250.5,457592.0,0.0,0.0,1,1
10578,526952.5,457592.0,0.0,0.0,1,1
10579,526952.5,457592.0,0.0,0.0,1,1
10580,526952.5,457592.0,0.0,0.0,1,1
10581,526952.5,457592.0,0.0,0.0,1,1
10582,526952.5,457592.0,0.0,0.0,1,1
10583,526952.5,457592.0,0.0,0.0,1,1
10584,526952.5,457592.0,0.0,0.0,1,1
10585,526952.5,457592.0,0.0,0.0,1,1
10586,526952.5,457592.0,0.0,0.0,1,1
10587,526952.5,457592.0,0.0,0.0,1,1
10588,526952.5,457592.0,0.0,0.0,1,1
10589,526952.5,457592.0,0.0,0.0,1,1
10590,526952.5,457592.0,0.0,0.0,1,1
10591,526952.5,457592.0,0.0,0.0,1,1
10592,526952.5,457592.0,0.0,0.0,1,1
10593,528171.0,457592.0,0.0,0.0,1,1
10594,528171.0,457592.0,0.0,0.0,1,1
10595,528171.0,457592.0,0.0,0.0,1,1
10596,528171.0,457592.0,0.0,0.0,1,1
10597,528171.0,457592.0,0.0,0.0,1,1
10598,528232.5,457592.0,0.0,0.0,1,1
10599,528232.5,457592.0,0.0,0.0,1,1
10600,528232.5,457592.0,0.0,0.0,1,1
10601,528232.5,457592.0,0.0,0.0,1,1
10602,528232.5,457592.0,0.0,0.0,1,1
10603,528232.5,457592.0,0.0,0.0,1,1
10604,528232.5,457592.0,0.0,0.0,1,1
10605,528232.5,457592.0,0.0,0.0,1,1
10606,528232.5,457592.0,0.0,0.0,1,1
10607,528232.5,457592.0,0.0,0.0,1,1
10608,528232.5,457592.0,0.0,0.0,1,1
10609,528232.5,457592.0,0.0,0.0,1,1
10610,528232.5,457592.0,0.0,0.0,1,1
10611,528232.5,457592.0,0.0,0.0,1,1
10612,528232.5,457592.0,0.0,0.0,1,1
10613,528232.5,457592.0,0.0,0.0,1,1
10614,528232.5,457592.0,0.0,0.0,1,1
10615,528232.5,457592.0,0.0,0.0,1,1
10616,528232.5,457592.0,0.0,0.0,1,1
10617,528232.5,457592.0,0.0,0.0,1,1
10618,528232.5,457592.0,0.0,0.0,1,1
10619,528232.5,457592.0,0.0,0.0,1,1
10620,528232.5,457592.0,0.0,0.0,1,1
10621,528232.5,457592.0,0.0,0.0,1,1
10622,528276.5,457592.0,0.0,0.0,1,1
10623,528276.5,457592.0,0.0,0.0,1,1
10624,528221.5,457592.0,0.0,0.0,1,1
10625,528221.5,457592.0,0.0,0.0,1,1
10626,528221.5,457592.0,0.0,0.0,1,1
10627,528221.5,457592.0,0.0,0.0,1,1
10628,528221.5,457592.0,0.0,0.0,1,1
10629,528221.5,457592.0,0.0,0.0,1,1
10630,528221.5,457592.0,0.0,0.0,1,1
10631,528221.5,457592.0,0.0,0.0,1,1
10632,528221.5,457592.0,0.0,0.0,1,1
10633,528221.5,457592.0,0.0,0.0,1,1
10634,528221.5,457592.0,0.0,0.0,1,1
10635,528221.5,457592.0,0.0,0.0,1,1
10636,528221.5,457592.0,0.0,0.0,1,1
10637,528221.5,457592.0,0.0,0.0,1,1
10638,527783.0,457592.0,0.0,0.0,1,1
10639,527783.0,457592.0,0.0,0.0,1,1
10640,527783.0,457592.0,0.0,0.0,1,1
10641,527783.0,457592.0,0.0,0.0,1,1
10642,527783.0,457592.0,0.0,0.0,1,1
10643,527783.0,457592.0,0.0,0.0,1,1
10644,527783.0,457592.0,0.0,0.0,1,1
10645,527783.0,457592.0,0.0,0.0,1,1
10646,527783.0,457592.0,0.0,0.0,1,1
10647,527783.0,457592.0,0.0,0.0,1,1
10648,527783.0,457592.0,0.0,0.0,1,1
10649,527678.5,457592.0,0.0,0.0,1,1
10650,527678.5,457592.0,0.0,0.0,1,1
10651,527678.5,457592.0,0.0,0.0,1,1
10652,527678.5,457592.0,0.0,0.0,1,1
10653,527678.5,457592.0,0.0,0.0,1,1
10654,527678.5,457592.0,0.0,0.0,1,1
10655,527678.5,457592.0,0.0,0.0,1,1
10656,527678.5,457592.0,0.0,0.0,1,1
10657,527678.5,457592.0,0.0,0.0,1,1
10658,527678.5,457592.0,0.0,0.0,1,1
10659,527678.5,457592.0,0.0,0.0,1,1
10660,527678.5,457592.0,0.0,0.0,1,1
10661,527678.5,457592.0,0.0,0.0,1,1
10662,527678.5,457592.0,0.0,0.0,1,1
10663,527678.5,457592.0,0.0,0.0,1,1
10664,527678.5,457592.0,0.0,0.0,1,1
10665,527678.5,457592.0,0.0,0.0,1,1
10666,527678.5,457592.0,0.0,0.0,1,1
10667,527678.5,457592.0,0.0,0.0,1,1
10668,527678.5,457592.0,0.0,0.0,1,1
10669,527678.5,457592.0,0.0,0.0,1,1
10670,527678.5,457592.0,0.0,0.0,1,1
10671,527678.5,457592.0,0.0,0.0,1,1
10672,527678.5,457592.0,0.0,0.0,1,1
10673,527678.5,457592.0,0.0,0.0,1,1
10674,527678.5,457592.0,0.0,0.0,1,1
10675,527678.5,457592.0,0.0,0.0,1,1
10676,527678.5,457592.0,0.0,0.0,1,1
10677,527678.5,457592.0,0.0,0.0,1,1
10678,527678.5,457592.0,0.0,0.0,1,1
10679,527678.5,457592.0,0.0,0.0,1,1
10680,527678.5,457592.0,0.0,0.0,1,1
10681,527678.5,457592.0,0.0,0.0,1,1
10682,527678.5,457592.0,0.0,0.0,1,1
10683,527678.5,457592.0,0.0,0.0,1,1
10684,527678.5,457592.0,0.0,0.0,1,1
10685,527678.5,457592.0,0.0,0.0,1,1
10686,527678.5,457592.0,0.0,0.0,1,1
10687,527678.5,457592.0,0.0,0.0,1,1
10688,527830.0,457592.0,0.0,0.0,1,1
10689,527830.0,457592.0,0.0,0.0,1,1
10690,527830.0,457592.0,0.0,0.0,1,1
10691,527830.0,457592.0,0.0,0.0,1,1
10692,527830.0,457592.0,0.0,0.0,1,1
10693,527830.0,457592.0,0.0,0.0,1,1
10694,527830.0,457592.0,0.0,0.0,1,1
10695,527830.0,457592.0,0.0,0.0,1,1
10696,527830.0,457592.0,0.0,0.0,1,1
10697,527830.0,457592.0,0.0,0.0,1,1
10698,527830.0,457592.0,0.0,0.0,1,1
10699,527850.0,457592.0,0.0,0.0,1,1
10700,527850.0,457592.0,0.0,0.0,1,1
10701,527850.0,457592.0,0.0,0.0,1,1
10702,527850.0,457592.0,0.0,0.0,1,1
10703,527850.0,457592.0,0.0,0.0,1,1
10704,527850.0,457592.0,0.0,0.0,1,1
10705,527850.0,457592.0,0.0,0.0,1,1
10706,527850.0,457592.0,0.0,0.0,1,1
10707,527850.0,457592.0,0.0,0.0,1,1
10708,527850.0,457592.0,0.0,0.0,1,1
10709,527323.0,457592.0,0.0,0.0,1,1
10710,527323.0,457592.0,0.0,0.0,1,1
10711,527323.0,457592.0,0.0,0.0,1,1
10712,527323.0,457592.0,0.0,0.0,1,1
10713,527323.0,457592.0,0.0,0.0,1,1
10714,527323.0,457592.0,0.0,0.0,1,1
10715,527323.0,457592.0,0.0,0.0,1,1
10716,527323.0,457592.0,0.0,0.0,1,1
10717,527323.0,457592.0,0.0,0.0,1,1
10718,527323.0,457592.0,0.0,0.0,1,1
10719,527323.0,457592.0,0.0,0.0,1,1
10720,527323.0,457592.0,0.0,0.0,1,1
10721,527323.0,457592.0,0.0,0.0,1,1
10722,527323.0,457592.0,0.0,0.0,1,1
10723,527323.0,457592.0,0.0,0.0,1,1
10724,527323.0,457592.0,0.0,0.0,1,1
10725,527323.0,457592.0,0.0,0.0,1,1
10726,527323.0,457592.0,0.0,0.0,1,1
10727,532708.0,457592.0,0.0,0.0,1,1
10728,532708.0,457592.0,0.0,0.0,1,1
10729,532708.0,457592.0,0.0,0.0,1,1
10730,532708.0,457592.0,0.0,0.0,1,1
10731,532708.0,457592.0,0.0,0.0,1,1
10732,532708.0,457592.0,0.0,0.0,1,1
10733,532708.0,457592.0,0.0,0.0,1,1
10734,532708.0,457592.0,0.0,0.0,1,1
10735,532708.0,457592.0,0.0,0.0,1,1
10736,532708.0,457592.0,0.0,0.0,1,1
10737,532708.0,457592.0,0.0,0.0,1,1
10738,532708.0,457592.0,0.0,0.0,1,1
10739,532648.0,457592.0,0.0,0.0,1,1
10740,532648.0,457592.0,0.0,0.0,1,1
10741,532622.0,457592.0,0.0,0.0,1,1
10742,532622.0,457592.0,0.0,0.0,1,1
10743,532622.0,457592.0,0.0,0.0,1,1
10744,532622.0,457592.0,0.0,0.0,1,1
10745,532622.0,457592.0,0.0,0.0,1,1
10746,532622.0,457592.0,0.0,0.0,1,1
10747,533445.5,457592.0,0.0,0.0,1,1
10748,533445.5,457592.0,0.0,0.0,1,1
10749,533445.5,457592.0,0.0,0.0,1,1
10750,533445.5,457592.0,0.0,0.0,1,1
10751,533445.5,457592.0,0.0,0.0,1,1
10752,533445.5,457592.0,0.0,0.0,1,1
10753,533445.5,457592.0,0.0,0.0,1,1
10754,533445.5,457592.0,0.0,0.0,1,1
10755,533445.5,457592.0,0.0,0.0,1,1
10756,533445.5,457592.0,0.0,0.0,1,1
10757,533445.5,457592.0,0.0,0.0,1,1
10758,533445.5,457592.0,0.0,0.0,1,1
10759,533445.5,457592.0,0.0,0.0,1,1
10760,533445.5,457592.0,0.0,0.0,1,1
10761,533445.5,457592.0,0.0,0.0,1,1
10762,533445.5,457592.0,0.0,0.0,1,1
10763,533445.5,457592.0,0.0,0.0,1,1
10764,533445.5,457592.0,0.0,0.0,1,1
10765,533445.5,457592.0,0.0,0.0,1,1
10766,533445.5,457592.0,0.0,0.0,1,1
10767,533445.5,457592.0,0.0,0.0,1,1
10768,533445.5,457592.0,0.0,0.0,1,1
10769,533445.5,457592.0,0.0,0.0,1,1
10770,533445.5,457592.0,0.0,0.0,1,1
10771,533445.5,457592.0,0.0,0.0,1,1
10772,533445.5,457592.0,0.0,0.0,1,1
10773,533445.5,457592.0,0.0,0.0,1,1
10774,533445.5,457592.0,0.0,0.0,1,1
10775,533445.5,457592.0,0.0,0.0,1,1
10776,533445.5,457592.0,0.0,0.0,1,1
10777,533445.5,457592.0,0.0,0.0,1,1
10778,533445.5,457592.0,0.0,0.0,1,1
10779,533445.5,457592.0,0.0,0.0,1,1
10780,533445.5,457592.0,0.0,0.0,1,1
10781,533445.5,457592.0,0.0,0.0,1,1
10782,533445.5,457592.0,0.0,0.0,1,1
10783,533445.5,457592.0,0.0,0.0,1,1
10784,533445.5,457592.0,0.0,0.0,1,1
10785,533476.5,457592.0,0.0,0.0,1,1
10786,533476.5,457592.0,0.0,0.0,1,1
10787,533476.5,457592.0,0.0,0.0,1,1
10788,533476.5,457592.0,0.0,0.0,1,1
10789,533476.5,457592.0,0.0,0.0,1,1
10790,533476.5,457592.0,0.0,0.0,1,1
10791,533476.5,457592.0,0.0,0.0,1,1
10792,533476.5,457592.0,0.0,0.0,1,1
10793,533476.5,457592.0,0.0,0.0,1,1
10794,533476.5,457592.0,0.0,0.0,1,1
10795,533476.5,457592.0,0.0,0.0,1,1
10796,533476.5,457592.0,0.0,0.0,1,1
10797,533476.5,457592.0,0.0,0.0,1,1
10798,533476.5,457592.0,0.0,0.0,1,1
10799,533476.5,457592.0,0.0,0.0,1,1
10800,533476.5,457592.0,0.0,0.0,1,1
10801,533476.5,457592.0,0.0,0.0,1,1
10802,533476.5,457592.0,0.0,0.0,1,1
10803,533476.5,457592.0,0.0,0.0,1,1
10804,533476.5,457592.0,0.0,0.0,1,1
10805,533476.5,457592.0,0.0,0.0,1,1
10806,533476.5,457592.0,0.0,0.0,1,1
10807,533476.5,457592.0,0.0,0.0,1,1
10808,533476.5,457592.0,0.0,0.0,1,1
10809,533476.5,457592.0,0.0,0.0,1,1
10810,533476.5,457592.0,0.0,0.0,1,1
10811,533476.5,457592.0,0.0,0.0,1,1
10812,533476.5,457592.0,0.0,0.0,1,1
10813,533476.5,457592.0,0.0,0.0,1,1
10814,533476.5,457592.0,0.0,0.0,1,1
10815,533476.5,457592.0,0.0,0.0,1,1
10816,533476.5,457592.0,0.0,0.0,1,1
10817,533476.5,457592.0,0.0,0.0,1,1
10818,533476.5,457592.0,0.0,0.0,1,1
10819,533476.5,457592.0,0.0,0.0,1,1
10820,533476.5,457592.0,0.0,0.0,1,1
10821,533476.5,457592.0,0.0,0.0,1,1
10822,533476.5,457592.0,0.0,0.0,1,1
10823,533476.5,457592.0,0.0,0.0,1,1
10824,533476.5,457592.0,0.0,0.0,1,1
10825,533476.5,457592.0,0.0,0.0,1,1
10826,533476.5,457592.0,0.0,0.0,1,1
10827,533476.5,457592.0,0.0,0.0,1,1
10828,533476.5,457592.0,0.0,0.0,1,1
10829,533476.5,457592.0,0.0,0.0,1,1
10830,533476.5,457592.0,0.0,0.0,1,1
10831,533476.5,457592.0,0.0,0.0,1,1
10832,533476.5,457592.0,0.0,0.0,1,1
10833,533476.5,457592.0,0.0,0.0,1,1
10834,533476.5,457592.0,0.0,0.0,1,1
10835,533476.5,457592.0,0.0,0.0,1,1
10836,533476.5,457592.0,0.0,0.0,1,1
10837,533476.5,457592.0,0.0,0.0,1,1
10838,533476.5,457592.0,0.0,0.0,1,1
10839,533476.5,457592.0,0.0,0.0,1,1
10840,533476.5,457592.0,0.0,0.0,1,1
10841,533476.5,457592.0,0.0,0.0,1,1
10842,533476.5,457592.0,0.0,0.0,1,1
10843,533476.5,457592.0,0.0,0.0,1,1
10844,533476.5,457592.0,0.0,0.0,1,1
10845,533476.5,457592.0,0.0,0.0,1,1
10846,533476.5,457592.0,0.0,0.0,1,1
10847,533476.5,457592.0,0.0,0.0,1,1
10848,533476.5,457592.0,0.0,0.0,1,1
10849,533476.5,457592.0,0.0,0.0,1,1
10850,533476.5,457592.0,0.0,0.0,1,1
10851,533476.5,457592.0,0.0,0.0,1,1
10852,533977.5,457592.0,0.0,0.0,1,1
10853,533977.5,457592.0,0.0,0.0,1,1
10854,533977.5,457592.0,0.0,0.0,1,1
10855,533977.5,457592.0,0.0,0.0,1,1
10856,533977.5,457592.0,0.0,0.0,1,1
10857,533977.5,457592.0,0.0,0.0,1,1
10858,533977.5,457592.0,0.0,0.0,1,1
10859,533977.5,457592.0,0.0,0.0,1,1
10860,533977.5,457592.0,0.0,0.0,1,1
10861,533977.5,457592.0,0.0,0.0,1,1
10862,533977.5,457592.0,0.0,0.0,1,1
10863,533977.5,457592.0,0.0,0.0,1,1
10864,533977.5,457592.0,0.0,0.0,1,1
10865,533977.5,457592.0,0.0,0.0,1,1
10866,533977.5,457592.0,0.0,0.0,1,1
10867,533977.5,457592.0,0.0,0.0,1,1
10868,533975.5,457592.0,0.0,0.0,1,1
10869,533975.5,457592.0,0.0,0.0,1,1
10870,533975.5,457592.0,0.0,0.0,1,1
10871,533975.5,457592.0,0.0,0.0,1,1
10872,533975.5,457592.0,0.0,0.0,1,1
10873,533975.5,457592.0,0.0,0.0,1,1
10874,533975.5,457592.0,0.0,0.0,1,1
10875,533975.5,457592.0,0.0,0.0,1,1
10876,533975.5,457592.0,0.0,0.0,1,1
10877,533975.5,457592.0,0.0,0.0,1,1
10878,533975.5,457592.0,0.0,0.0,1,1
10879,533975.5,457592.0,0.0,0.0,1,1
10880,533975.5,457592.0,0.0,0.0,1,1
10881,533975.5,457592.0,0.0,0.0,1,1
10882,533975.5,457592.0,0.0,0.0,1,1
10883,533975.5,457592.0,0.0,0.0,1,1
10884,533975.5,457592.0,0.0,0.0,1,1
10885,533975.5,457592.0,0.0,0.0,1,1
10886,533047.5,457592.0,0.0,0.0,1,1
10887,533047.5,457592.0,0.0,0.0,1,1
10888,533047.5,457592.0,0.0,0.0,1,1
10889,533047.5,457592.0,0.0,0.0,1,1
10890,533047.5,457592.0,0.0,0.0,1,1
10891,533047.5,457592.0,0.0,0.0,1,1
10892,533047.5,457592.0,0.0,0.0,1,1
10893,533047.5,457592.0,0.0,0.0,1,1
10894,533047.5,457592.0,0.0,0.0,1,1
10895,533047.5,457592.0,0.0,0.0,1,1
10896,533047.5,457592.0,0.0,0.0,1,1
10897,533047.5,457592.0,0.0,0.0,1,1
10898,533047.5,457592.0,0.0,0.0,1,1
10899,533047.5,457592.0,0.0,0.0,1,1
10900,533047.5,457592.0,0.0,0.0,1,1
10901,533047.5,457592.0,0.0,0.0,1,1
10902,533047.5,457592.0,0.0,0.0,1,1
10903,533047.5,457592.0,0.0,0.0,1,1
10904,533047.5,457592.0,0.0,0.0,1,1
10905,533047.5,457592.0,0.0,0.0,1,1
10906,533070.5,457592.0,0.0,0.0,1,1
10907,533070.5,457592.0,0.0,0.0,1,1
10908,533070.5,457592.0,0.0,0.0,1,1
10909,533223.5,457592.0,0.0,0.0,1,1
10910,533223.5,457592.0,0.0,0.0,1,1
10911,533223.5,457592.0,0.0,0.0,1,1
10912,533223.5,457592.0,0.0,0.0,1,1
10913,533223.5,457592.0,0.0,0.0,1,1
10914,533223.5,457592.0,0.0,0.0,1,1
10915,533223.5,457592.0,0.0,0.0,1,1
10916,533223.5,457592.0,0.0,0.0,1,1
10917,533223.5,457592.0,0.0,0.0,1,1
10918,533223.5,457592.0,0.0,0.0,1,1
10919,533223.5,457592.0,0.0,0.0,1,1
10920,533223.5,457592.0,0.0,0.0,1,1
10921,533223.5,457592.0,0.0,0.0,1,1
10922,533223.5,457592.0,0.0,0.0,1,1
10923,531655.0,457592.0,0.0,0.0,1,1
10924,531655.0,457592.0,0.0,0.0,1,1
10925,531655.0,457592.0,0.0,0.0,1,1
10926,531655.0,457592.0,0.0,0.0,1,1
10927,531655.0,457592.0,0.0,0.0,1,1
10928,531655.0,457592.0,0.0,0.0,1,1
10929,531655.0,457592.0,0.0,0.0,1,1
10930,531655.0,457592.0,0.0,0.0,1,1
10931,531655.0,457592.0,0.0,0.0,1,1
10932,531655.0,457592.0,0.0,0.0,1,1
10933,531654.0,457592.0,0.0,0.0,1,1
10934,531693.0,457592.0,0.0,0.0,1,1
10935,531693.0,457592.0,0.0,0.0,1,1
10936,531693.0,457592.0,0.0,0.0,1,1
10937,531693.0,457592.0,0.0,0.0,1,1
10938,531708.0,457592.0,0.0,0.0,1,1
10939,531708.0,457592.0,0.0,0.0,1,1
10940,531708.0,457592.0,0.0,0.0,1,1
10941,531708.0,457592.0,0.0,0.0,1,1
10942,531708.0,457592.0,0.0,0.0,1,1
10943,531708.0,457592.0,0.0,0.0,1,1
10944,531708.0,457592.0,0.0,0.0,1,1
10945,531708.0,457592.0,0.0,0.0,1,1
10946,531708.0,457592.0,0.0,0.0,1,1
10947,531708.0,457592.0,0.0,0.0,1,1
10948,531708.0,457592.0,0.0,0.0,1,1
10949,531708.0,457592.0,0.0,0.0,1,1
10950,531944.0,457592.0,0.0,0.0,1,1
10951,531944.0,457592.0,0.0,0.0,1,1
10952,531143.5,457592.0,0.0,0.0,1,1
10953,531143.5,457592.0,0.0,0.0,1,1
10954,531143.5,457592.0,0.0,0.0,1,1
10955,531143.5,457592.0,0.0,0.0,1,1
10956,531143.5,457592.0,0.0,0.0,1,1
10957,531107.0,457592.0,0.0,0.0,1,1
10958,531107.0,457592.0,0.0,0.0,1,1
10959,531107.0,457592.0,0.0,0.0,1,1
10960,531107.0,457592.0,0.0,0.0,1,1
10961,531107.0,457592.0,0.0,0.0,1,1
10962,531107.0,457592.0,0.0,0.0,1,1
10963,531107.0,457592.0,0.0,0.0,1,1
10964,531107.0,457592.0,0.0,0.0,1,1
10965,531107.0,457592.0,0.0,0.0,1,1
10966,531107.0,457592.0,0.0,0.0,1,1
10967,531107.0,457592.0,0.0,0.0,1,1
10968,531107.0,457592.0,0.0,0.0,1,1
10969,531107.0,457592.0,0.0,0.0,1,1
10970,531191.5,457592.0,0.0,0.0,1,1
10971,531191.5,457592.0,0.0,0.0,1,1
10972,531191.5,457592.0,0.0,0.0,1,1
10973,531191.5,457592.0,0.0,0.0,1,1
10974,531191.5,457592.0,0.0,0.0,1,1
10975,531191.5,457592.0,0.0,0.0,1,1
10976,531191.5,457592.0,0.0,0.0,1,1
10977,531191.5,457592.0,0.0,0.0,1,1
10978,531191.5,457592.0,0.0,0.0,1,1
10979,531191.5,457592.0,0.0,0.0,1,1
10980,531191.5,457592.0,0.0,0.0,1,1
10981,531191.5,457592.0,0.0,0.0,1,1
10982,531191.5,457592.0,0.0,0.0,1,1
10983,531191.5,457592.0,0.0,0.0,1,1
10984,531191.5,457592.0,0.0,0.0,1,1
10985,531191.5,457592.0,0.0,0.0,1,1
10986,531191.5,457592.0,0.0,0.0,1,1
10987,531086.0,457592.0,0.0,0.0,1,1
10988,531086.0,457592.0,0.0,0.0,1,1
10989,531086.0,457592.0,0.0,0.0,1,1
10990,531086.0,457592.0,0.0,0.0,1,1
10991,531086.0,457592.0,0.0,0.0,1,1
10992,531086.0,457592.0,0.0,0.0,1,1
10993,531086.0,457592.0,0.0,0.0,1,1
10994,531086.0,457592.0,0.0,0.0,1,1
10995,531086.0,457592.0,0.0,0.0,1,1
10996,531086.0,457592.0,0.0,0.0,1,1
10997,531086.0,457592.0,0.0,0.0,1,1
10998,531086.0,457592.0,0.0,0.0,1,1
10999,531086.0,457592.0,0.0,0.0,1,1
11000,531086.0,457592.0,0.0,0.0,1,1
11001,531086.0,457592.0,0.0,0.0,1,1
11002,531086.0,457592.0,0.0,0.0,1,1
11003,531086.0,457592.0,0.0,0.0,1,1
11004,531086.0,457592.0,0.0,0.0,1,1
11005,531086.0,457592.0,0.0,0.0,1,1
11006,531086.0,457592.0,0.0,0.0,1,1
11007,531086.0,457592.0,0.0,0.0,1,1
11008,531086.0,457592.0,0.0,0.0,1,1
11009,531086.0,457592.0,0.0,0.0,1,1
11010,531086.0,457592.0,0.0,0.0,1,1
11011,531086.0,457592.0,0.0,0.0,1,1
11012,531086.0,457592.0,0.0,0.0,1,1
11013,531086.0,457592.0,0.0,0.0,1,1
11014,531086.0,457592.0,0.0,0.0,1,1
11015,531086.0,457592.0,0.0,0.0,1,1
11016,531086.0,457592.0,0.0,0.0,1,1
11017,531086.0,457592.0,0.0,0.0,1,1
11018,531086.0,457592.0,0.0,0.0,1,1
11019,531086.0,457592.0,0.0,0.0,1,1
11020,531086.0,457592.0,0.0,0.0,1,1
11021,531086.0,457592.0,0.0,0.0,1,1
11022,531086.0,457592.0,0.0,0.0,1,1
11023,531086.0,457592.0,0.0,0.0,1,1
11024,531086.0,457592.0,0.0,0.0,1,1
11025,531086.0,457592.0,0.0,0.0,1,1
11026,531086.0,457592.0,0.0,0.0,1,1
11027,531086.0,457592.0,0.0,0.0,1,1
11028,531086.0,457592.0,0.0,0.0,1,1
11029,531086.0,457592.0,0.0,0.0,1,1
11030,531086.0,457592.0,0.0,0.0,1,1
11031,531086.0,457592.0,0.0,0.0,1,1
11032,531086.0,457592.0,0.0,0.0,1,1
11033,531086.0,457592.0,0.0,0.0,1,1
11034,531086.0,457592.0,0.0,0.0,1,1
11035,531063.0,457592.0,0.0,0.0,1,1
11036,531063.0,457592.0,0.0,0.0,1,1
11037,531063.0,457592.0,0.0,0.0,1,1
11038,531063.0,457592.0,0.0,0.0,1,1
11039,531063.0,457592.0,0.0,0.0,1,1
11040,531063.0,457592.0,0.0,0.0,1,1
11041,531063.0,457592.0,0.0,0.0,1,1
11042,531063.0,457592.0,0.0,0.0,1,1
11043,531063.0,457592.0,0.0,0.0,1,1
11044,531063.0,457592.0,0.0,0.0,1,1
11045,531063.0,457592.0,0.0,0.0,1,1
11046,531063.0,457592.0,0.0,0.0,1,1
11047,531063.0,457592.0,0.0,0.0,1,1
11048,531063.0,457592.0,0.0,0.0,1,1
11049,531096.5,457592.0,0.0,0.0,1,1
11050,531096.5,457592.0,0.0,0.0,1,1
11051,531096.5,457592.0,0.0,0.0,1,1
11052,531096.5,457592.0,0.0,0.0,1,1
11053,531096.5,457592.0,0.0,0.0,1,1
11054,531096.5,457592.0,0.0,0.0,1,1
11055,531096.5,457592.0,0.0,0.0,1,1
11056,532226.5,457592.0,0.0,0.0,1,1
11057,532226.5,457592.0,0.0,0.0,1,1
11058,532226.5,457592.0,0.0,0.0,1,1
11059,532226.5,457592.0,0.0,0.0,1,1
11060,532226.5,457592.0,0.0,0.0,1,1
11061,532226.5,457592.0,0.0,0.0,1,1
11062,532226.5,457592.0,0.0,0.0,1,1
11063,532226.5,457592.0,0.0,0.0,1,1
11064,532226.5,457592.0,0.0,0.0,1,1
11065,532226.5,457592.0,0.0,0.0,1,1
11066,532226.5,457592.0,0.0,0.0,1,1
11067,532226.5,457592.0,0.0,0.0,1,1
11068,532226.5,457592.0,0.0,0.0,1,1
11069,532226.5,457592.0,0.0,0.0,1,1
11070,532226.5,457592.0,0.0,0.0,1,1
11071,532226.5,457592.0,0.0,0.0,1,1
11072,532226.5,457592.0,0.0,0.0,1,1
11073,532226.5,457592.0,0.0,0.0,1,1
11074,532226.5,457592.0,0.0,0.0,1,1
11075,532226.5,457592.0,0.0,0.0,1,1
11076,532226.5,457592.0,0.0,0.0,1,1
11077,532226.5,457592.0,0.0,0.0,1,1
11078,532226.5,457592.0,0.0,0.0,1,1
11079,532226.5,457592.0,0.0,0.0,1,1
11080,532226.5,457592.0,0.0,0.0,1,1
11081,532226.5,457592.0,0.0,0.0,1,1
11082,532226.5,457592.0,0.0,0.0,1,1
11083,532226.5,457592.0,0.0,0.0,1,1
11084,532226.5,457592.0,0.0,0.0,1,1
11085,532226.5,457592.0,0.0,0.0,1,1
11086,532226.5,457592.0,0.0,0.0,1,1
11087,532226.5,457592.0,0.0,0.0,1,1
11088,532226.5,457592.0,0.0,0.0,1,1
11089,532226.5,457592.0,0.0,0.0,1,1
11090,532226.5,457592.0,0.0,0.0,1,1
11091,532226.5,457592.0,0.0,0.0,1,1
11092,532226.5,457592.0,0.0,0.0,1,1
11093,532226.5,457592.0,0.0,0.0,1,1
11094,532226.5,457592.0,0.0,0.0,1,1
11095,532226.5,457592.0,0.0,0.0,1,1
11096,532226.5,457592.0,0.0,0.0,1,1
11097,532226.5,457592.0,0.0,0.0,1,1
11098,532226.5,457592.0,0.0,0.0,1,1
11099,532226.5,457592.0,0.0,0.0,1,1
11100,532226.5,457592.0,0.0,0.0,1,1
11101,532226.5,457592.0,0.0,0.0,1,1
11102,532226.5,457592.0,0.0,0.0,1,1
11103,532226.5,457592.0,0.0,0.0,1,1
11104,532226.5,457592.0,0.0,0.0,1,1
11105,532226.5,457592.0,0.0,0.0,1,1
11106,532226.5,457592.0,0.0,0.0,1,1
11107,532226.5,457592.0,0.0,0.0,1,1
11108,532226.5,457592.0,0.0,0.0,1,1
11109,532226.5,457592.0,0.0,0.0,1,1
11110,532226.5,457592.0,0.0,0.0,1,1
11111,532226.5,457592.0,0.0,0.0,1,1
11112,532226.5,457592.0,0.0,0.0,1,1
11113,532226.5,457592.0,0.0,0.0,1,1
11114,532226.5,457592.0,0.0,0.0,1,1
11115,532226.5,457592.0,0.0,0.0,1,1
11116,532226.5,457592.0,0.0,0.0,1,1
11117,532226.5,457592.0,0.0,0.0,1,1
11118,532226.5,457592.0,0.0,0.0,1,1
11119,532226.5,457592.0,0.0,0.0,1,1
11120,532197.5,457592.0,0.0,0.0,1,1
11121,532197.5,457592.0,0.0,0.0,1,1
11122,532197.5,457592.0,0.0,0.0,1,1
11123,532197.5,457592.0,0.0,0.0,1,1
11124,532197.5,457592.0,0.0,0.0,1,1
11125,532197.5,457592.0,0.0,0.0,1,1
11126,532197.5,457592.0,0.0,0.0,1,1
11127,532197.5,457592.0,0.0,0.0,1,1
11128,532197.5,457592.0,0.0,0.0,1,1
11129,532197.5,457592.0,0.0,0.0,1,1
11130,532197.5,457592.0,0.0,0.0,1,1
11131,532197.5,457592.0,0.0,0.0,1,1
11132,532197.5,457592.0,0.0,0.0,1,1
11133,532197.5,457592.0,0.0,0.0,1,1
11134,532197.5,457592.0,0.0,0.0,1,1
11135,532197.5,457592.0,0.0,0.0,1,1
11136,532197.5,457592.0,0.0,0.0,1,1
11137,532197.5,457592.0,0.0,0.0,1,1
11138,532197.5,457592.0,0.0,0.0,1,1
11139,532197.5,457592.0,0.0,0.0,1,1
11140,532197.5,457592.0,0.0,0.0,1,1
11141,532197.5,457592.0,0.0,0.0,1,1
11142,532197.5,457592.0,0.0,0.0,1,1
11143,532197.5,457592.0,0.0,0.0,1,1
11144,532197.5,457592.0,0.0,0.0,1,1
11145,532058.0,457592.0,0.0,0.0,1,1
11146,532058.0,457592.0,0.0,0.0,1,1
11147,532058.0,457592.0,0.0,0.0,1,1
11148,532058.0,457592.0,0.0,0.0,1,1
11149,532058.0,457592.0,0.0,0.0,1,1
11150,532058.0,457592.0,0.0,0.0,1,1
11151,532058.0,457592.0,0.0,0.0,1,1
11152,532058.0,457592.0,0.0,0.0,1,1
11153,532058.0,457592.0,0.0,0.0,1,1
11154,532058.0,457592.0,0.0,0.0,1,1
11155,532058.0,457592.0,0.0,0.0,1,1
11156,532058.0,457592.0,0.0,0.0,1,1
11157,532058.0,457592.0,0.0,0.0,1,1
11158,532058.0,457592.0,0.0,0.0,1,1
11159,532058.0,457592.0,0.0,0.0,1,1
11160,532058.0,457592.0,0.0,0.0,1,1
11161,532058.0,457592.0,0.0,0.0,1,1
11162,532058.0,457592.0,0.0,0.0,1,1
11163,532058.0,457592.0,0.0,0.0,1,1
11164,532058.0,457592.0,0.0,0.0,1,1
11165,532058.0,457592.0,0.0,0.0,1,1
11166,532058.0,457592.0,0.0,0.0,1,1
11167,532058.0,457592.0,0.0,0.0,1,1
11168,532058.0,457592.0,0.0,0.0,1,1
11169,532058.0,457592.0,0.0,0.0,1,1
11170,532058.0,457592.0,0.0,0.0,1,1
11171,532058.0,457592.0,0.0,0.0,1,1
11172,532058.0,457592.0,0.0,0.0,1,1
11173,532058.0,457592.0,0.0,0.0,1,1
11174,532058.0,457592.0,0.0,0.0,1,1
11175,532058.0,457592.0,0.0,0.0,1,1
11176,532058.0,457592.0,0.0,0.0,1,1
11177,532058.0,457592.0,0.0,0.0,1,1
11178,532058.0,457592.0,0.0,0.0,1,1
11179,532058.0,457592.0,0.0,0.0,1,1
11180,532058.0,457592.0,0.0,0.0,1,1
11181,532058.0,457592.0,0.0,0.0,1,1
11182,532058.0,457592.0,0.0,0.0,1,1
11183,532058.0,457592.0,0.0,0.0,1,1
11184,532058.0,457592.0,0.0,0.0,1,1
11185,532058.0,457592.0,0.0,0.0,1,1
11186,532058.0,457592.0,0.0,0.0,1,1
11187,532058.0,457592.0,0.0,0.0,1,1
11188,532058.0,457592.0,0.0,0.0,1,1
11189,532058.0,457592.0,0.0,0.0,1,1
11190,532058.0,457592.0,0.0,0.0,1,1
11191,532058.0,457592.0,0.0,0.0,1,1
11192,532058.0,457592.0,0.0,0.0,1,1
11193,532058.0,457592.0,0.0,0.0,1,1
11194,532058.0,457592.0,0.0,0.0,1,1
11195,532058.0,457592.0,0.0,0.0,1,1
11196,532058.0,457592.0,0.0,0.0,1,1
11197,532058.0,457592.0,0.0,0.0,1,1
11198,532058.0,457592.0,0.0,0.0,1,1
11199,532058.0,457592.0,0.0,0.0,1,1
11200,532058.0,457592.0,0.0,0.0,1,1
11201,532058.0,457592.0,0.0,0.0,1,1
11202,532058.0,457592.0,0.0,0.0,1,1
11203,532058.0,457592.0,0.0,0.0,1,1
11204,532058.0,457592.0,0.0,0.0,1,1
11205,532058.0,457592.0,0.0,0.0,1,1
11206,532058.0,457592.0,0.0,0.0,1,1
11207,532058.0,457592.0,0.0,0.0,1,1
11208,532058.0,457592.0,0.0,0.0,1,1
11209,532058.0,457592.0,0.0,0.0,1,1
11210,532058.0,457592.0,0.0,0.0,1,1
11211,532360.5,457592.0,0.0,0.0,1,1
11212,532360.5,457592.0,0.0,0.0,1,1
11213,532360.5,457592.0,0.0,0.0,1,1
11214,532360.5,457592.0,0.0,0.0,1,1
11215,532360.5,457592.0,0.0,0.0,1,1
11216,532360.5,457592.0,0.0,0.0,1,1
11217,532360.5,457592.0,0.0,0.0,1,1
11218,532360.5,457592.0,0.0,0.0,1,1
11219,532360.5,457592.0,0.0,0.0,1,1
11220,532360.5,457592.0,0.0,0.0,1,1
11221,532360.5,457592.0,0.0,0.0,1,1
11222,532360.5,457592.0,0.0,0.0,1,1
11223,532360.5,457592.0,0.0,0.0,1,1
11224,532360.5,457592.0,0.0,0.0,1,1
11225,532500.0,457592.0,0.0,0.0,1,1
11226,532500.0,457592.0,0.0,0.0,1,1
11227,532500.0,457592.0,0.0,0.0,1,1
11228,532500.0,457592.0,0.0,0.0,1,1
11229,532500.0,457592.0,0.0,0.0,1,1
11230,532500.0,457592.0,0.0,0.0,1,1
11231,532500.0,457592.0,0.0,0.0,1,1
11232,532500.0,457592.0,0.0,0.0,1,1
11233,532500.0,457592.0,0.0,0.0,1,1
11234,532500.0,457592.0,0.0,0.0,1,1
11235,532500.0,457592.0,0.0,0.0,1,1
11236,532500.0,457592.0,0.0,0.0,1,1
11237,532500.0,457592.0,0.0,0.0,1,1
11238,532500.0,457592.0,0.0,0.0,1,1
11239,532500.0,457592.0,0.0,0.0,1,1
11240,532500.0,457592.0,0.0,0.0,1,1
11241,532500.0,457592.0,0.0,0.0,1,1
11242,532500.0,457592.0,0.0,0.0,1,1
11243,532500.0,457592.0,0.0,0.0,1,1
11244,532500.0,457592.0,0.0,0.0,1,1
11245,532500.0,457592.0,0.0,0.0,1,1
11246,532500.0,457592.0,0.0,0.0,1,1
11247,532500.0,457592.0,0.0,0.0,1,1
11248,532500.0,457592.0,0.0,0.0,1,1
11249,532500.0,457592.0,0.0,0.0,1,1
11250,532500.0,457592.0,0.0,0.0,1,1
11251,532500.0,457592.0,0.0,0.0,1,1
11252,532500.0,457592.0,0.0,0.0,1,1
11253,532500.0,457592.0,0.0,0.0,1,1
11254,532500.0,457592.0,0.0,0.0,1,1
11255,532500.0,457592.0,0.0,0.0,1,1
11256,532500.0,457592.0,0.0,0.0,1,1
11257,532500.0,457592.0,0.0,0.0,1,1
11258,532500.0,457592.0,0.0,0.0,1,1
11259,532500.0,457592.0,0.0,0.0,1,1
11260,532500.0,457592.0,0.0,0.0,1,1
11261,532500.0,457592.0,0.0,0.0,1,1
11262,532500.0,457592.0,0.0,0.0,1,1
11263,532500.0,457592.0,0.0,0.0,1,1
11264,532500.0,457592.0,0.0,0.0,1,1
11265,532500.0,457592.0,0.0,0.0,1,1
11266,532500.0,457592.0,0.0,0.0,1,1
11267,532500.0,457592.0,0.0,0.0,1,1
11268,532500.0,457592.0,0.0,0.0,1,1
11269,532500.0,457592.0,0.0,0.0,1,1
11270,532500.0,457592.0,0.0,0.0,1,1
11271,532500.0,457592.0,0.0,0.0,1,1
11272,532500.0,457592.0,0.0,0.0,1,1
11273,532500.0,457592.0,0.0,0.0,1,1
11274,532500.0,457592.0,0.0,0.0,1,1
11275,532500.0,457592.0,0.0,0.0,1,1
11276,532500.0,457592.0,0.0,0.0,1,1
11277,532500.0,457592.0,0.0,0.0,1,1
11278,532500.0,457592.0,0.0,0.0,1,1
11279,532500.0,457592.0,0.0,0.0,1,1
11280,532500.0,457592.0,0.0,0.0,1,1
11281,532500.0,457592.0,0.0,0.0,1,1
11282,532500.0,457592.0,0.0,0.0,1,1
11283,532500.0,457592.0,0.0,0.0,1,1
11284,532500.0,457592.0,0.0,0.0,1,1
11285,532500.0,457592.0,0.0,0.0,1,1
11286,532500.0,457592.0,0.0,0.0,1,1
11287,532500.0,457592.0,0.0,0.0,1,1
11288,532500.0,457592.0,0.0,0.0,1,1
11289,532500.0,457592.0,0.0,0.0,1,1
11290,532500.0,457592.0,0.0,0.0,1,1
11291,532500.0,457592.0,0.0,0.0,1,1
11292,532500.0,457592.0,0.0,0.0,1,1
11293,532500.0,457592.0,0.0,0.0,1,1
11294,532500.0,457592.0,0.0,0.0,1,1
11295,532500.0,457592.0,0.0,0.0,1,1
11296,532542.0,457592.0,0.0,0.0,1,1
11297,532542.0,457592.0,0.0,0.0,1,1
11298,532542.0,457592.0,0.0,0.0,1,1
11299,532542.0,457592.0,0.0,0.0,1,1
11300,532542.0,457592.0,0.0,0.0,1,1
11301,532542.0,457592.0,0.0,0.0,1,1
11302,532542.0,457592.0,0.0,0.0,1,1
11303,532542.0,457592.0,0.0,0.0,1,1
11304,532542.0,457592.0,0.0,0.0,1,1
11305,532542.0,457592.0,0.0,0.0,1,1
11306,532542.0,457592.0,0.0,0.0,1,1
11307,532542.0,457592.0,0.0,0.0,1,1
11308,532542.0,457592.0,0.0,0.0,1,1
11309,532542.0,457592.0,0.0,0.0,1,1
11310,532542.0,457592.0,0.0,0.0,1,1
11311,532542.0,457592.0,0.0,0.0,1,1
11312,532542.0,457592.0,0.0,0.0,1,1
11313,532542.0,457592.0,0.0,0.0,1,1
11314,532542.0,457592.0,0.0,0.0,1,1
11315,532542.0,457592.0,0.0,0.0,1,1
11316,532542.0,457592.0,0.0,0.0,1,1
11317,532542.0,457592.0,0.0,0.0,1,1
11318,532542.0,457592.0,0.0,0.0,1,1
11319,532542.0,457592.0,0.0,0.0,1,1
11320,532542.0,457592.0,0.0,0.0,1,1
11321,532611.5,457592.0,0.0,0.0,1,1
11322,532611.5,457592.0,0.0,0.0,1,1
11323,532611.5,457592.0,0.0,0.0,1,1
11324,532611.5,457592.0,0.0,0.0,1,1
11325,532611.5,457592.0,0.0,0.0,1,1
11326,532611.5,457592.0,0.0,0.0,1,1
11327,532611.5,457592.0,0.0,0.0,1,1
11328,532611.5,457592.0,0.0,0.0,1,1
11329,532611.5,457592.0,0.0,0.0,1,1
11330,532611.5,457592.0,0.0,0.0,1,1
11331,532611.5,457592.0,0.0,0.0,1,1
11332,532611.5,457592.0,0.0,0.0,1,1
11333,532611.5,457592.0,0.0,0.0,1,1
11334,532611.5,457592.0,0.0,0.0,1,1
11335,532611.5,457592.0,0.0,0.0,1,1
11336,532611.5,457592.0,0.0,0.0,1,1
11337,532611.5,457592.0,0.0,0.0,1,1
11338,532611.5,457592.0,0.0,0.0,1,1
11339,532611.5,457592.0,0.0,0.0,1,1
11340,532611.5,457592.0,0.0,0.0,1,1
11341,532611.5,457592.0,0.0,0.0,1,1
11342,532611.5,457592.0,0.0,0.0,1,1
11343,532611.5,457592.0,0.0,0.0,1,1
11344,532611.5,457592.0,0.0,0.0,1,1
11345,532611.5,457592.0,0.0,0.0,1,1
11346,532611.5,457592.0,0.0,0.0,1,1
11347,532611.5,457592.0,0.0,0.0,1,1
11348,532611.5,457592.0,0.0,0.0,1,1
11349,532611.5,457592.0,0.0,0.0,1,1
11350,532611.5,457592.0,0.0,0.0,1,1
11351,532611.5,457592.0,0.0,0.0,1,1
11352,532611.5,457592.0,0.0,0.0,1,1
11353,532611.5,457592.0,0.0,0.0,1,1
11354,532611.5,457592.0,0.0,0.0,1,1
11355,532611.5,457592.0,0.0,0.0,1,1
11356,532611.5,457592.0,0.0,0.0,1,1
11357,532611.5,457592.0,0.0,0.0,1,1
11358,532611.5,457592.0,0.0,0.0,1,1
11359,532611.5,457592.0,0.0,0.0,1,1
11360,532611.5,457592.0,0.0,0.0,1,1
11361,532611.5,457592.0,0.0,0.0,1,1
11362,532611.5,457592.0,0.0,0.0,1,1
11363,532611.5,457592.0,0.0,0.0,1,1
11364,532611.5,457592.0,0.0,0.0,1,1
11365,532611.5,457592.0,0.0,0.0,1,1
11366,532611.5,457592.0,0.0,0.0,1,1
11367,532611.5,457592.0,0.0,0.0,1,1
11368,532611.5,457592.0,0.0,0.0,1,1
11369,532611.5,457592.0,0.0,0.0,1,1
11370,532611.5,457592.0,0.0,0.0,1,1
11371,533269.0,457592.0,0.0,0.0,1,1
11372,533269.0,457592.0,0.0,0.0,1,1
11373,533269.0,457592.0,0.0,0.0,1,1
11374,533269.0,457592.0,0.0,0.0,1,1
11375,533269.0,457592.0,0.0,0.0,1,1
11376,533269.0,457592.0,0.0,0.0,1,1
11377,533269.0,457592.0,0.0,0.0,1,1
11378,533269.0,457592.0,0.0,0.0,1,1
11379,533314.0,457592.0,0.0,0.0,1,1
11380,533314.0,457592.0,0.0,0.0,1,1
11381,533314.0,457592.0,0.0,0.0,1,1
11382,533314.0,457592.0,0.0,0.0,1,1
11383,533314.0,457592.0,0.0,0.0,1,1
11384,533314.0,457592.0,0.0,0.0,1,1
11385,533314.0,457592.0,0.0,0.0,1,1
11386,533314.0,457592.0,0.0,0.0,1,1
11387,533314.0,457592.0,0.0,0.0,1,1
11388,533314.0,457592.0,0.0,0.0,1,1
11389,533314.0,457592.0,0.0,0.0,1,1
11390,533314.0,457592.0,0.0,0.0,1,1
11391,533314.0,457592.0,0.0,0.0,1,1
11392,533314.0,457592.0,0.0,0.0,1,1
11393,533314.0,457592.0,0.0,0.0,1,1
11394,533314.0,457592.0,0.0,0.0,1,1
11395,533314.0,457592.0,0.0,0.0,1,1
11396,533314.0,457592.0,0.0,0.0,1,1
11397,533314.0,457592.0,0.0,0.0,1,1
11398,533314.0,457592.0,0.0,0.0,1,1
11399,533314.0,457592.0,0.0,0.0,1,1
11400,533314.0,457592.0,0.0,0.0,1,1
11401,533314.0,457592.0,0.0,0.0,1,1
11402,533314.0,457592.0,0.0,0.0,1,1
11403,533314.0,457592.0,0.0,0.0,1,1
11404,533314.0,457592.0,0.0,0.0,1,1
11405,533314.0,457592.0,0.0,0.0,1,1
11406,533314.0,457592.0,0.0,0.0,1,1
11407,533314.0,457592.0,0.0,0.0,1,1
11408,533314.0,457592.0,0.0,0.0,1,1
11409,533314.0,457592.0,0.0,0.0,1,1
11410,533314.0,457592.0,0.0,0.0,1,1
11411,533314.0,457592.0,0.0,0.0,1,1
11412,533314.0,457592.0,0.0,0.0,1,1
11413,533314.0,457592.0,0.0,0.0,1,1
11414,533314.0,457592.0,0.0,0.0,1,1
11415,533314.0,457592.0,0.0,0.0,1,1
11416,533314.0,457592.0,0.0,0.0,1,1
11417,533314.0,457592.0,0.0,0.0,1,1
11418,533314.0,457592.0,0.0,0.0,1,1
11419,533314.0,457592.0,0.0,0.0,1,1
11420,533314.0,457592.0,0.0,0.0,1,1
11421,533314.0,457592.0,0.0,0.0,1,1
11422,533314.0,457592.0,0.0,0.0,1,1
11423,533314.0,457592.0,0.0,0.0,1,1
11424,533314.0,457592.0,0.0,0.0,1,1
11425,533314.0,457592.0,0.0,0.0,1,1
11426,533314.0,457592.0,0.0,0.0,1,1
11427,533314.0,457592.0,0.0,0.0,1,1
11428,533314.0,457592.0,0.0,0.0,1,1
11429,533314.0,457592.0,0.0,0.0,1,1
11430,533314.0,457592.0,0.0,0.0,1,1
11431,533314.0,457592.0,0.0,0.0,1,1
11432,533314.0,457592.0,0.0,0.0,1,1
11433,533314.0,457592.0,0.0,0.0,1,1
11434,533306.0,457592.0,0.0,0.0,1,1
11435,533306.0,457592.0,0.0,0.0,1,1
11436,533306.0,457592.0,0.0,0.0,1,1
11437,533306.0,457592.0,0.0,0.0,1,1
11438,533306.0,457592.0,0.0,0.0,1,1
11439,533306.0,457592.0,0.0,0.0,1,1
11440,533306.0,457592.0,0.0,0.0,1,1
11441,533306.0,457592.0,0.0,0.0,1,1
11442,533306.0,457592.0,0.0,0.0,1,1
11443,533306.0,457592.0,0.0,0.0,1,1
11444,533306.0,457592.0,0.0,0.0,1,1
11445,533306.0,457592.0,0.0,0.0,1,1
11446,533306.0,457592.0,0.0,0.0,1,1
11447,533308.0,457592.0,0.0,0.0,1,1
11448,533308.0,457592.0,0.0,0.0,1,1
11449,533308.0,457592.0,0.0,0.0,1,1
11450,533308.0,457592.0,0.0,0.0,1,1
11451,533308.0,457592.0,0.0,0.0,1,1
11452,533308.0,457592.0,0.0,0.0,1,1
11453,533308.0,457592.0,0.0,0.0,1,1
11454,533308.0,457592.0,0.0,0.0,1,1
11455,533308.0,457592.0,0.0,0.0,1,1
11456,533308.0,457592.0,0.0,0.0,1,1
11457,533308.0,457592.0,0.0,0.0,1,1
11458,533308.0,457592.0,0.0,0.0,1,1
11459,533308.0,457592.0,0.0,0.0,1,1
11460,533308.0,457592.0,0.0,0.0,1,1
11461,533308.0,457592.0,0.0,0.0,1,1
11462,533308.0,457592.0,0.0,0.0,1,1
11463,533308.0,457592.0,0.0,0.0,1,1
11464,533308.0,457592.0,0.0,0.0,1,1
11465,533308.0,457592.0,0.0,0.0,1,1
11466,533308.0,457592.0,0.0,0.0,1,1
11467,533308.0,457592.0,0.0,0.0,1,1
11468,533308.0,457592.0,0.0,0.0,1,1
11469,533308.0,457592.0,0.0,0.0,1,1
11470,533308.0,457592.0,0.0,0.0,1,1
11471,533308.0,457592.0,0.0,0.0,1,1
11472,533308.0,457592.0,0.0,0.0,1,1
11473,533308.0,457592.0,0.0,0.0,1,1
11474,533308.0,457592.0,0.0,0.0,1,1
11475,533308.0,457592.0,0.0,0.0,1,1
11476,533308.0,457592.0,0.0,0.0,1,1
11477,533308.0,457592.0,0.0,0.0,1,1
11478,533308.0,457592.0,0.0,0.0,1,1
11479,533308.0,457592.0,0.0,0.0,1,1
11480,533308.0,457592.0,0.0,0.0,1,1
11481,533308.0,457592.0,0.0,0.0,1,1
11482,533308.0,457592.0,0.0,0.0,1,1
11483,533308.0,457592.0,0.0,0.0,1,1
11484,533308.0,457592.0,0.0,0.0,1,1
11485,533308.0,457592.0,0.0,0.0,1,1
11486,533308.0,457592.0,0.0,0.0,1,1
11487,533308.0,457592.0,0.0,0.0,1,1
11488,533308.0,457592.0,0.0,0.0,1,1
11489,533308.0,457592.0,0.0,0.0,1,1
11490,533308.0,457592.0,0.0,0.0,1,1
11491,533308.0,457592.0,0.0,0.0,1,1
11492,533308.0,457592.0,0.0,0.0,1,1
11493,533308.0,457592.0,0.0,0.0,1,1
11494,533308.0,457592.0,0.0,0.0,1,1
11495,533308.0,457592.0,0.0,0.0,1,1
11496,533308.0,457592.0,0.0,0.0,1,1
11497,533308.0,457592.0,0.0,0.0,1,1
11498,533308.0,457592.0,0.0,0.0,1,1
11499,533308.0,457592.0,0.0,0.0,1,1
11500,533308.0,457592.0,0.0,0.0,1,1
11501,533308.0,457592.0,0.0,0.0,1,1
11502,533308.0,457592.0,0.0,0.0,1,1
11503,533308.0,457592.0,0.0,0.0,1,1
11504,533308.0,457592.0,0.0,0.0,1,1
11505,533308.0,457592.0,0.0,0.0,1,1
11506,533308.0,457592.0,0.0,0.0,1,1
11507,533308.0,457592.0,0.0,0.0,1,1
11508,533308.0,457592.0,0.0,0.0,1,1
11509,533308.0,457592.0,0.0,0.0,1,1
11510,533308.0,457592.0,0.0,0.0,1,1
11511,533308.0,457592.0,0.0,0.0,1,1
11512,533308.0,457592.0,0.0,0.0,1,1
11513,533308.0,457592.0,0.0,0.0,1,1
11514,533308.0,457592.0,0.0,0.0,1,1
11515,533308.0,457592.0,0.0,0.0,1,1
11516,533308.0,457592.0,0.0,0.0,1,1
11517,533308.0,457592.0,0.0,0.0,1,1
11518,533308.0,457592.0,0.0,0.0,1,1
11519,533308.0,457592.0,0.0,0.0,1,1
11520,533308.0,457592.0,0.0,0.0,1,1
11521,533308.0,457592.0,0.0,0.0,1,1
11522,533308.0,457592.0,0.0,0.0,1,1
11523,533308.0,457592.0,0.0,0.0,1,1
11524,533308.0,457592.0,0.0,0.0,1,1
11525,533308.0,457592.0,0.0,0.0,1,1
11526,533308.0,457592.0,0.0,0.0,1,1
11527,533308.0,457592.0,0.0,0.0,1,1
11528,533308.0,457592.0,0.0,0.0,1,1
11529,533308.0,457592.0,0.0,0.0,1,1
11530,533308.0,457592.0,0.0,0.0,1,1
11531,533308.0,457592.0,0.0,0.0,1,1
11532,533308.0,457592.0,0.0,0.0,1,1
11533,533308.0,457592.0,0.0,0.0,1,1
11534,533308.0,457592.0,0.0,0.0,1,1
11535,533308.0,457592.0,0.0,0.0,1,1
11536,533308.0,457592.0,0.0,0.0,1,1
11537,533308.0,457592.0,0.0,0.0,1,1
11538,533308.0,457592.0,0.0,0.0,1,1
11539,533308.0,457592.0,0.0,0.0,1,1
11540,533308.0,457592.0,0.0,0.0,1,1
11541,533308.0,457592.0,0.0,0.0,1,1
11542,533308.0,457592.0,0.0,0.0,1,1
11543,533308.0,457592.0,0.0,0.0,1,1
11544,533308.0,457592.0,0.0,0.0,1,1
11545,533308.0,457592.0,0.0,0.0,1,1
11546,533308.0,457592.0,0.0,0.0,1,1
11547,533308.0,457592.0,0.0,0.0,1,1
11548,533308.0,457592.0,0.0,0.0,1,1
11549,533308.0,457592.0,0.0,0.0,1,1
11550,533308.0,457592.0,0.0,0.0,1,1
11551,533308.0,457592.0,0.0,0.0,1,1
11552,533308.0,457592.0,0.0,0.0,1,1
11553,533308.0,457592.0,0.0,0.0,1,1
11554,533339.5,457592.0,0.0,0.0,1,1
11555,533339.5,457592.0,0.0,0.0,1,1
11556,533339.5,457592.0,0.0,0.0,1,1
11557,533339.5,457592.0,0.0,0.0,1,1
11558,533339.5,457592.0,0.0,0.0,1,1
11559,533339.5,457592.0,0.0,0.0,1,1
11560,533339.5,457592.0,0.0,0.0,1,1
11561,533339.5,457592.0,0.0,0.0,1,1
11562,533339.5,457592.0,0.0,0.0,1,1
11563,533339.5,457592.0,0.0,0.0,1,1
11564,533339.5,457592.0,0.0,0.0,1,1
11565,533339.5,457592.0,0.0,0.0,1,1
11566,533339.5,457592.0,0.0,0.0,1,1
11567,533339.5,457592.0,0.0,0.0,1,1
11568,532670.0,457592.0,0.0,0.0,1,1
11569,532670.0,457592.0,0.0,0.0,1,1
11570,532670.0,457592.0,0.0,0.0,1,1
11571,532670.0,457592.0,0.0,0.0,1,1
11572,532670.0,457592.0,0.0,0.0,1,1
11573,532670.0,457592.0,0.0,0.0,1,1
11574,532670.0,457592.0,0.0,0.0,1,1
11575,532670.0,457592.0,0.0,0.0,1,1
11576,532670.0,457592.0,0.0,0.0,1,1
11577,532670.0,457592.0,0.0,0.0,1,1
11578,532670.0,457592.0,0.0,0.0,1,1
11579,532670.0,457592.0,0.0,0.0,1,1
11580,532670.0,457592.0,0.0,0.0,1,1
11581,532670.0,457592.0,0.0,0.0,1,1
11582,532670.0,457592.0,0.0,0.0,1,1
11583,532670.0,457592.0,0.0,0.0,1,1
11584,532670.0,457592.0,0.0,0.0,1,1
11585,532670.0,457592.0,0.0,0.0,1,1
11586,532670.0,457592.0,0.0,0.0,1,1
11587,532670.0,457592.0,0.0,0.0,1,1
11588,532670.0,457592.0,0.0,0.0,1,1
11589,532670.0,457592.0,0.0,0.0,1,1
11590,532670.0,457592.0,0.0,0.0,1,1
11591,532670.0,457592.0,0.0,0.0,1,1
11592,532670.0,457592.0,0.0,0.0,1,1
11593,532670.0,457592.0,0.0,0.0,1,1
11594,532641.5,457592.0,0.0,0.0,1,1
11595,532979.0,457592.0,0.0,0.0,1,1
11596,532979.0,457592.0,0.0,0.0,1,1
11597,532979.0,457592.0,0.0,0.0,1,1
11598,532979.0,457592.0,0.0,0.0,1,1
11599,532979.0,457592.0,0.0,0.0,1,1
11600,532979.0,457592.0,0.0,0.0,1,1
11601,532979.0,457592.0,0.0,0.0,1,1
11602,532979.0,457592.0,0.0,0.0,1,1
11603,532979.0,457592.0,0.0,0.0,1,1
11604,532979.0,457592.0,0.0,0.0,1,1
11605,532979.0,457592.0,0.0,0.0,1,1
11606,532979.0,457592.0,0.0,0.0,1,1
11607,532979.0,457592.0,0.0,0.0,1,1
11608,532979.0,457592.0,0.0,0.0,1,1
11609,532979.0,457592.0,0.0,0.0,1,1
11610,532979.0,457592.0,0.0,0.0,1,1
11611,532979.0,457592.0,0.0,0.0,1,1
11612,534580.5,457592.0,0.0,0.0,1,1
11613,534580.5,457592.0,0.0,0.0,1,1
11614,534580.5,457592.0,0.0,0.0,1,1
11615,534580.5,457592.0,0.0,0.0,1,1
11616,534580.5,457592.0,0.0,0.0,1,1
11617,534580.5,457592.0,0.0,0.0,1,1
11618,534580.5,457592.0,0.0,0.0,1,1
11619,534580.5,457592.0,0.0,0.0,1,1
11620,534580.5,457592.0,0.0,0.0,1,1
11621,534580.5,457592.0,0.0,0.0,1,1
11622,534580.5,457592.0,0.0,0.0,1,1
11623,534580.5,457592.0,0.0,0.0,1,1
11624,534580.5,457592.0,0.0,0.0,1,1
11625,534580.5,457592.0,0.0,0.0,1,1
11626,534580.5,457592.0,0.0,0.0,1,1
11627,534580.5,457592.0,0.0,0.0,1,1
11628,534392.5,457592.0,0.0,0.0,1,1
11629,534392.5,457592.0,0.0,0.0,1,1
11630,534392.5,457592.0,0.0,0.0,1,1
11631,534392.5,457592.0,0.0,0.0,1,1
11632,534392.5,457592.0,0.0,0.0,1,1
11633,534392.5,457592.0,0.0,0.0,1,1
11634,534392.5,457592.0,0.0,0.0,1,1
11635,534392.5,457592.0,0.0,0.0,1,1
11636,534392.5,457592.0,0.0,0.0,1,1
11637,534392.5,457592.0,0.0,0.0,1,1
11638,534392.5,457592.0,0.0,0.0,1,1
11639,534392.5,457592.0,0.0,0.0,1,1
11640,534392.5,457592.0,0.0,0.0,1,1
11641,534392.5,457592.0,0.0,0.0,1,1
11642,534392.5,457592.0,0.0,0.0,1,1
11643,534392.5,457592.0,0.0,0.0,1,1
11644,534392.5,457592.0,0.0,0.0,1,1
11645,534392.5,457592.0,0.0,0.0,1,1
11646,534392.5,457592.0,0.0,0.0,1,1
11647,534392.5,457592.0,0.0,0.0,1,1
11648,534392.5,457592.0,0.0,0.0,1,1
11649,534392.5,457592.0,0.0,0.0,1,1
11650,534392.5,457592.0,0.0,0.0,1,1
11651,534392.5,457592.0,0.0,0.0,1,1
11652,534355.5,457592.0,0.0,0.0,1,1
11653,534355.5,457592.0,0.0,0.0,1,1
11654,534355.5,457592.0,0.0,0.0,1,1
11655,534355.5,457592.0,0.0,0.0,1,1
11656,534355.5,457592.0,0.0,0.0,1,1
11657,534355.5,457592.0,0.0,0.0,1,1
11658,534355.5,457592.0,0.0,0.0,1,1
11659,534355.5,457592.0,0.0,0.0,1,1
11660,534355.5,457592.0,0.0,0.0,1,1
11661,534355.5,457592.0,0.0,0.0,1,1
11662,534355.5,457592.0,0.0,0.0,1,1
11663,534355.5,457592.0,0.0,0.0,1,1
11664,534355.5,457592.0,0.0,0.0,1,1
11665,534355.5,457592.0,0.0,0.0,1,1
11666,534355.5,457592.0,0.0,0.0,1,1
11667,534355.5,457592.0,0.0,0.0,1,1
11668,534355.5,457592.0,0.0,0.0,1,1
11669,534355.5,457592.0,0.0,0.0,1,1
11670,534355.5,457592.0,0.0,0.0,1,1
11671,534355.5,457592.0,0.0,0.0,1,1
11672,534355.5,457592.0,0.0,0.0,1,1
11673,534355.5,457592.0,0.0,0.0,1,1
11674,534355.5,457592.0,0.0,0.0,1,1
11675,534355.5,457592.0,0.0,0.0,1,1
11676,534355.5,457592.0,0.0,0.0,1,1
11677,534355.5,457592.0,0.0,0.0,1,1
11678,534355.5,457592.0,0.0,0.0,1,1
11679,534355.5,457592.0,0.0,0.0,1,1
11680,534355.5,457592.0,0.0,0.0,1,1
11681,534355.5,457592.0,0.0,0.0,1,1
11682,534355.5,457592.0,0.0,0.0,1,1
11683,534355.5,457592.0,0.0,0.0,1,1
11684,534355.5,457592.0,0.0,0.0,1,1
11685,534355.5,457592.0,0.0,0.0,1,1
11686,534355.5,457592.0,0.0,0.0,1,1
11687,534355.5,457592.0,0.0,0.0,1,1
11688,534355.5,457592.0,0.0,0.0,1,1
11689,534355.5,457592.0,0.0,0.0,1,1
11690,534355.5,457592.0,0.0,0.0,1,1
11691,534355.5,457592.0,0.0,0.0,1,1
11692,534355.5,457592.0,0.0,0.0,1,1
11693,536202.0,457592.0,0.0,0.0,1,1
11694,536202.0,457592.0,0.0,0.0,1,1
11695,536202.0,457592.0,0.0,0.0,1,1
11696,536202.0,457592.0,0.0,0.0,1,1
11697,536202.0,457592.0,0.0,0.0,1,1
11698,536222.0,457592.0,0.0,0.0,1,1
11699,536222.0,457592.0,0.0,0.0,1,1
11700,536222.0,457592.0,0.0,0.0,1,1
11701,536222.0,457592.0,0.0,0.0,1,1
11702,536222.0,457592.0,0.0,0.0,1,1
11703,536222.0,457592.0,0.0,0.0,1,1
11704,536222.0,457592.0,0.0,0.0,1,1
11705,536222.0,457592.0,0.0,0.0,1,1
11706,536222.0,457592.0,0.0,0.0,1,1
11707,536222.0,457592.0,0.0,0.0,1,1
11708,536222.0,457592.0,0.0,0.0,1,1
11709,536222.0,457592.0,0.0,0.0,1,1
11710,536222.0,457592.0,0.0,0.0,1,1
11711,536222.0,457592.0,0.0,0.0,1,1
11712,536222.0,457592.0,0.0,0.0,1,1
11713,536222.0,457592.0,0.0,0.0,1,1
11714,536222.0,457592.0,0.0,0.0,1,1
11715,536222.0,457592.0,0.0,0.0,1,1
11716,536222.0,457592.0,0.0,0.0,1,1
11717,536222.0,457592.0,0.0,0.0,1,1
11718,536222.0,457592.0,0.0,0.0,1,1
11719,536222.0,457592.0,0.0,0.0,1,1
11720,536222.0,457592.0,0.0,0.0,1,1
11721,536222.0,457592.0,0.0,0.0,1,1
11722,536222.0,457592.0,0.0,0.0,1,1
11723,536222.0,457592.0,0.0,0.0,1,1
11724,536222.0,457592.0,0.0,0.0,1,1
11725,536222.0,457592.0,0.0,0.0,1,1
11726,536222.0,457592.0,0.0,0.0,1,1
11727,536222.0,457592.0,0.0,0.0,1,1
11728,536222.0,457592.0,0.0,0.0,1,1
11729,536222.0,457592.0,0.0,0.0,1,1
11730,536222.0,457592.0,0.0,0.0,1,1
11731,536222.0,457592.0,0.0,0.0,1,1
11732,536222.0,457592.0,0.0,0.0,1,1
11733,536222.0,457592.0,0.0,0.0,1,1
11734,536222.0,457592.0,0.0,0.0,1,1
11735,536313.0,457592.0,0.0,0.0,1,1
11736,536313.0,457592.0,0.0,0.0,1,1
11737,536313.0,457592.0,0.0,0.0,1,1
11738,536313.0,457592.0,0.0,0.0,1,1
11739,536313.0,457592.0,0.0,0.0,1,1
11740,536313.0,457592.0,0.0,0.0,1,1
11741,536313.0,457592.0,0.0,0.0,1,1
11742,536313.0,457592.0,0.0,0.0,1,1
11743,536313.0,457592.0,0.0,0.0,1,1
11744,536313.0,457592.0,0.0,0.0,1,1
11745,536313.0,457592.0,0.0,0.0,1,1
11746,536313.0,457592.0,0.0,0.0,1,1
11747,536313.0,457592.0,0.0,0.0,1,1
11748,536313.0,457592.0,0.0,0.0,1,1
11749,536313.0,457592.0,0.0,0.0,1,1
11750,536313.0,457592.0,0.0,0.0,1,1
11751,536313.0,457592.0,0.0,0.0,1,1
11752,536313.0,457592.0,0.0,0.0,1,1
11753,536313.0,457592.0,0.0,0.0,1,1
11754,536313.0,457592.0,0.0,0.0,1,1
11755,536313.0,457592.0,0.0,0.0,1,1
11756,536313.0,457592.0,0.0,0.0,1,1
11757,536313.0,457592.0,0.0,0.0,1,1
11758,536313.0,457592.0,0.0,0.0,1,1
11759,536313.0,457592.0,0.0,0.0,1,1
11760,536313.0,457592.0,0.0,0.0,1,1
11761,536313.0,457592.0,0.0,0.0,1,1
11762,536313.0,457592.0,0.0,0.0,1,1
11763,536313.0,457592.0,0.0,0.0,1,1
11764,536313.0,457592.0,0.0,0.0,1,1
11765,536313.0,457592.0,0.0,0.0,1,1
11766,536313.0,457592.0,0.0,0.0,1,1
11767,536313.0,457592.0,0.0,0.0,1,1
11768,536313.0,457592.0,0.0,0.0,1,1
11769,536313.0,457592.0,0.0,0.0,1,1
11770,536313.0,457592.0,0.0,0.0,1,1
11771,536313.0,457592.0,0.0,0.0,1,1
11772,536313.0,457592.0,0.0,0.0,1,1
11773,536313.0,457592.0,0.0,0.0,1,1
11774,536313.0,457592.0,0.0,0.0,1,1
11775,536313.0,457592.0,0.0,0.0,1,1
11776,536313.0,457592.0,0.0,0.0,1,1
11777,536313.0,457592.0,0.0,0.0,1,1
11778,536313.0,457592.0,0.0,0.0,1,1
11779,536313.0,457592.0,0.0,0.0,1,1
11780,536313.0,457592.0,0.0,0.0,1,1
11781,536313.0,457592.0,0.0,0.0,1,1
11782,536313.0,457592.0,0.0,0.0,1,1
11783,536313.0,457592.0,0.0,0.0,1,1
11784,536313.0,457592.0,0.0,0.0,1,1
11785,536313.0,457592.0,0.0,0.0,1,1
11786,536313.0,457592.0,0.0,0.0,1,1
11787,536222.0,457592.0,0.0,0.0,1,1
11788,536148.0,457592.0,0.0,0.0,1,1
11789,535828.5,457592.0,0.0,0.0,1,1
11790,535828.5,457592.0,0.0,0.0,1,1
11791,535828.5,457592.0,0.0,0.0,1,1
11792,535828.5,457592.0,0.0,0.0,1,1
11793,535828.5,457592.0,0.0,0.0,1,1
11794,535828.5,457592.0,0.0,0.0,1,1
11795,535828.5,457592.0,0.0,0.0,1,1
11796,535640.5,457592.0,0.0,0.0,1,1
11797,535779.5,457592.0,0.0,0.0,1,1
11798,535779.5,457592.0,0.0,0.0,1,1
11799,535779.5,457592.0,0.0,0.0,1,1
11800,535779.5,457592.0,0.0,0.0,1,1
11801,535779.5,457592.0,0.0,0.0,1,1
11802,535779.5,457592.0,0.0,0.0,1,1
11803,535779.5,457592.0,0.0,0.0,1,1
11804,535779.5,457592.0,0.0,0.0,1,1
11805,535779.5,457592.0,0.0,0.0,1,1
11806,535779.5,457592.0,0.0,0.0,1,1
11807,535779.5,457592.0,0.0,0.0,1,1
11808,535779.5,457592.0,0.0,0.0,1,1
11809,535779.5,457592.0,0.0,0.0,1,1
11810,535779.5,457592.0,0.0,0.0,1,1
11811,535779.5,457592.0,0.0,0.0,1,1
11812,535779.5,457592.0,0.0,0.0,1,1
11813,535779.5,457592.0,0.0,0.0,1,1
11814,535779.5,457592.0,0.0,0.0,1,1
11815,535779.5,457592.0,0.0,0.0,1,1
11816,535779.5,457592.0,0.0,0.0,1,1
11817,535779.5,457592.0,0.0,0.0,1,1
11818,535779.5,457592.0,0.0,0.0,1,1
11819,535779.5,457592.0,0.0,0.0,1,1
11820,535779.5,457592.0,0.0,0.0,1,1
11821,535779.5,457592.0,0.0,0.0,1,1
11822,535779.5,457592.0,0.0,0.0,1,1
11823,535779.5,457592.0,0.0,0.0,1,1
11824,535779.5,457592.0,0.0,0.0,1,1
11825,535779.5,457592.0,0.0,0.0,1,1
11826,535779.5,457592.0,0.0,0.0,1,1
11827,535779.5,457592.0,0.0,0.0,1,1
11828,535779.5,457592.0,0.0,0.0,1,1
11829,535779.5,457592.0,0.0,0.0,1,1
11830,535779.5,457592.0,0.0,0.0,1,1
11831,535779.5,457592.0,0.0,0.0,1,1
11832,535779.5,457592.0,0.0,0.0,1,1
11833,535779.5,457592.0,0.0,0.0,1,1
11834,535779.5,457592.0,0.0,0.0,1,1
11835,535779.5,457592.0,0.0,0.0,1,1
11836,535868.5,457592.0,0.0,0.0,1,1
11837,535868.5,457592.0,0.0,0.0,1,1
11838,535868.5,457592.0,0.0,0.0,1,1
11839,535868.5,457592.0,0.0,0.0,1,1
11840,535868.5,457592.0,0.0,0.0,1,1
11841,535868.5,457592.0,0.0,0.0,1,1
11842,535868.5,457592.0,0.0,0.0,1,1
11843,535868.5,457592.0,0.0,0.0,1,1
11844,535868.5,457592.0,0.0,0.0,1,1
11845,535868.5,457592.0,0.0,0.0,1,1
11846,535868.5,457592.0,0.0,0.0,1,1
11847,535868.5,457592.0,0.0,0.0,1,1
11848,535868.5,457592.0,0.0,0.0,1,1
11849,535868.5,457592.0,0.0,0.0,1,1
11850,536025.5,457592.0,0.0,0.0,1,1
11851,536025.5,457592.0,0.0,0.0,1,1
11852,536025.5,457592.0,0.0,0.0,1,1
11853,536025.5,457592.0,0.0,0.0,1,1
11854,536025.5,457592.0,0.0,0.0,1,1
11855,536025.5,457592.0,0.0,0.0,1,1
11856,536025.5,457592.0,0.0,0.0,1,1
11857,536025.5,457592.0,0.0,0.0,1,1
11858,536025.5,457592.0,0.0,0.0,1,1
11859,536025.5,457592.0,0.0,0.0,1,1
11860,536025.5,457592.0,0.0,0.0,1,1
11861,536025.5,457592.0,0.0,0.0,1,1
11862,536025.5,457592.0,0.0,0.0,1,1
11863,536025.5,457592.0,0.0,0.0,1,1
11864,536025.5,457592.0,0.0,0.0,1,1
11865,536025.5,457592.0,0.0,0.0,1,1
11866,536025.5,457592.0,0.0,0.0,1,1
11867,536025.5,457592.0,0.0,0.0,1,1
11868,536025.5,457592.0,0.0,0.0,1,1
11869,536025.5,457592.0,0.0,0.0,1,1
11870,536025.5,457592.0,0.0,0.0,1,1
11871,536025.5,457592.0,0.0,0.0,1,1
11872,536025.5,457592.0,0.0,0.0,1,1
11873,536025.5,457592.0,0.0,0.0,1,1
11874,536025.5,457592.0,0.0,0.0,1,1
11875,536025.5,457592.0,0.0,0.0,1,1
11876,536025.5,457592.0,0.0,0.0,1,1
11877,536025.5,457592.0,0.0,0.0,1,1
11878,536025.5,457592.0,0.0,0.0,1,1
11879,536025.5,457592.0,0.0,0.0,1,1
11880,536025.5,457592.0,0.0,0.0,1,1
11881,536025.5,457592.0,0.0,0.0,1,1
11882,536025.5,457592.0,0.0,0.0,1,1
11883,536025.5,457592.0,0.0,0.0,1,1
11884,536025.5,457592.0,0.0,0.0,1,1
11885,536025.5,457592.0,0.0,0.0,1,1
11886,536025.5,457592.0,0.0,0.0,1,1
11887,536025.5,457592.0,0.0,0.0,1,1
11888,536025.5,457592.0,0.0,0.0,1,1
11889,536025.5,457592.0,0.0,0.0,1,1
11890,536025.5,457592.0,0.0,0.0,1,1
11891,536025.5,457592.0,0.0,0.0,1,1
11892,536025.5,457592.0,0.0,0.0,1,1
11893,536025.5,457592.0,0.0,0.0,1,1
11894,536025.5,457592.0,0.0,0.0,1,1
11895,536025.5,457592.0,0.0,0.0,1,1
11896,536025.5,457592.0,0.0,0.0,1,1
11897,536025.5,457592.0,0.0,0.0,1,1
11898,536025.5,457592.0,0.0,0.0,1,1
11899,536025.5,457592.0,0.0,0.0,1,1
11900,536025.5,457592.0,0.0,0.0,1,1
11901,536025.5,457592.0,0.0,0.0,1,1
11902,536025.5,457592.0,0.0,0.0,1,1
11903,536025.5,457592.0,0.0,0.0,1,1
11904,536025.5,457592.0,0.0,0.0,1,1
11905,536025.5,457592.0,0.0,0.0,1,1
11906,536025.5,457592.0,0.0,0.0,1,1
11907,536025.5,457592.0,0.0,0.0,1,1
11908,535972.5,457592.0,0.0,0.0,1,1
11909,535972.5,457592.0,0.0,0.0,1,1
11910,535972.5,457592.0,0.0,0.0,1,1
11911,535927.5,457592.0,0.0,0.0,1,1
11912,535927.5,457592.0,0.0,0.0,1,1
11913,535927.5,457592.0,0.0,0.0,1,1
11914,535927.5,457592.0,0.0,0.0,1,1
11915,535927.5,457592.0,0.0,0.0,1,1
11916,535927.5,457592.0,0.0,0.0,1,1
11917,535927.5,457592.0,0.0,0.0,1,1
11918,535927.5,457592.0,0.0,0.0,1,1
11919,535927.5,457592.0,0.0,0.0,1,1
11920,535927.5,457592.0,0.0,0.0,1,1
11921,535927.5,457592.0,0.0,0.0,1,1
11922,535927.5,457592.0,0.0,0.0,1,1
11923,535927.5,457592.0,0.0,0.0,1,1
11924,535927.5,457592.0,0.0,0.0,1,1
11925,535927.5,457592.0,0.0,0.0,1,1
11926,535927.5,457592.0,0.0,0.0,1,1
11927,535927.5,457592.0,0.0,0.0,1,1
11928,535927.5,457592.0,0.0,0.0,1,1
11929,535927.5,457592.0,0.0,0.0,1,1
11930,535925.5,457592.0,0.0,0.0,1,1
11931,535925.5,457592.0,0.0,0.0,1,1
11932,535925.5,457592.0,0.0,0.0,1,1
11933,535925.5,457592.0,0.0,0.0,1,1
11934,535925.5,457592.0,0.0,0.0,1,1
11935,535925.5,457592.0,0.0,0.0,1,1
11936,535925.5,457592.0,0.0,0.0,1,1
11937,535925.5,457592.0,0.0,0.0,1,1
11938,535925.5,457592.0,0.0,0.0,1,1
11939,535925.5,457592.0,0.0,0.0,1,1
11940,535925.5,457592.0,0.0,0.0,1,1
11941,535925.5,457592.0,0.0,0.0,1,1
11942,535925.5,457592.0,0.0,0.0,1,1
11943,535925.5,457592.0,0.0,0.0,1,1
11944,535925.5,457592.0,0.0,0.0,1,1
11945,535925.5,457592.0,0.0,0.0,1,1
11946,535925.5,457592.0,0.0,0.0,1,1
11947,535925.5,457592.0,0.0,0.0,1,1
11948,535925.5,457592.0,0.0,0.0,1,1
11949,535925.5,457592.0,0.0,0.0,1,1
11950,535925.5,457592.0,0.0,0.0,1,1
11951,535925.5,457592.0,0.0,0.0,1,1
11952,535925.5,457592.0,0.0,0.0,1,1
11953,535925.5,457592.0,0.0,0.0,1,1
11954,535925.5,457592.0,0.0,0.0,1,1
11955,535925.5,457592.0,0.0,0.0,1,1
11956,535925.5,457592.0,0.0,0.0,1,1
11957,535925.5,457592.0,0.0,0.0,1,1
11958,535925.5,457592.0,0.0,0.0,1,1
11959,535925.5,457592.0,0.0,0.0,1,1
11960,535925.5,457592.0,0.0,0.0,1,1
11961,535925.5,457592.0,0.0,0.0,1,1
11962,535925.5,457592.0,0.0,0.0,1,1
11963,535925.5,457592.0,0.0,0.0,1,1
11964,535925.5,457592.0,0.0,0.0,1,1
11965,535974.0,457592.0,0.0,0.0,1,1
11966,535974.0,457592.0,0.0,0.0,1,1
11967,535974.0,457592.0,0.0,0.0,1,1
11968,535974.0,457592.0,0.0,0.0,1,1
11969,535974.0,457592.0,0.0,0.0,1,1
11970,535974.0,457592.0,0.0,0.0,1,1
11971,535974.0,457592.0,0.0,0.0,1,1
11972,535974.0,457592.0,0.0,0.0,1,1
11973,535974.0,457592.0,0.0,0.0,1,1
11974,535974.0,457592.0,0.0,0.0,1,1
11975,535974.0,457592.0,0.0,0.0,1,1
11976,535974.0,457592.0,0.0,0.0,1,1
11977,535974.0,457592.0,0.0,0.0,1,1
11978,535892.5,457592.0,0.0,0.0,1,1
11979,535892.5,457592.0,0.0,0.0,1,1
11980,535892.5,457592.0,0.0,0.0,1,1
11981,535892.5,457592.0,0.0,0.0,1,1
11982,535892.5,457592.0,0.0,0.0,1,1
11983,535894.5,457592.0,0.0,0.0,1,1
11984,535894.5,457592.0,0.0,0.0,1,1
11985,535894.5,457592.0,0.0,0.0,1,1
11986,535894.5,457592.0,0.0,0.0,1,1
11987,535894.5,457592.0,0.0,0.0,1,1
11988,535894.5,457592.0,0.0,0.0,1,1
11989,535894.5,457592.0,0.0,0.0,1,1
11990,535894.5,457592.0,0.0,0.0,1,1
11991,535894.5,457592.0,0.0,0.0,1,1
11992,535894.5,457592.0,0.0,0.0,1,1
11993,535894.5,457592.0,0.0,0.0,1,1
11994,535894.5,457592.0,0.0,0.0,1,1
11995,535629.0,457592.0,0.0,0.0,1,1
11996,535629.0,457592.0,0.0,0.0,1,1
11997,535629.0,457592.0,0.0,0.0,1,1
11998,535629.0,457592.0,0.0,0.0,1,1
11999,535629.0,457592.0,0.0,0.0,1,1
12000,535629.0,457592.0,0.0,0.0,1,1
