iteration,current_hpwl,best_hpwl,current_overflow,best_overflow,current_feasible,best_feasible
1,636447.5,636447.5,0.0,0.0,1,1
2,636447.5,636447.5,0.0,0.0,1,1
3,636447.5,636447.5,0.0,0.0,1,1
4,636624.0,636447.5,0.0,0.0,1,1
5,637748.0,636447.5,0.0,0.0,1,1
6,642557.0,636447.5,0.0,0.0,1,1
7,642342.5,636447.5,0.0,0.0,1,1
8,642342.5,636447.5,0.0,0.0,1,1
9,642608.5,636447.5,0.0,0.0,1,1
10,642608.5,636447.5,0.0,0.0,1,1
11,642594.0,636447.5,0.0,0.0,1,1
12,642594.0,636447.5,0.0,0.0,1,1
13,642594.0,636447.5,0.0,0.0,1,1
14,644863.0,636447.5,0.0,0.0,1,1
15,644863.0,636447.5,0.0,0.0,1,1
16,646977.5,636447.5,0.0,0.0,1,1
17,646977.5,636447.5,0.0,0.0,1,1
18,646977.5,636447.5,0.0,0.0,1,1
19,646132.0,636447.5,0.0,0.0,1,1
20,646132.0,636447.5,0.0,0.0,1,1
21,646132.0,636447.5,0.0,0.0,1,1
22,646132.0,636447.5,0.0,0.0,1,1
23,646132.0,636447.5,0.0,0.0,1,1
24,646132.0,636447.5,0.0,0.0,1,1
25,647919.0,636447.5,0.0,0.0,1,1
26,647919.0,636447.5,0.0,0.0,1,1
27,647919.0,636447.5,0.0,0.0,1,1
28,647919.0,636447.5,0.0,0.0,1,1
29,647919.0,636447.5,0.0,0.0,1,1
30,647919.0,636447.5,0.0,0.0,1,1
31,648557.5,636447.5,0.0,0.0,1,1
32,648557.5,636447.5,0.0,0.0,1,1
33,648557.5,636447.5,0.0,0.0,1,1
34,648557.5,636447.5,0.0,0.0,1,1
35,648557.5,636447.5,0.0,0.0,1,1
36,648557.5,636447.5,0.0,0.0,1,1
37,648557.5,636447.5,0.0,0.0,1,1
38,648557.5,636447.5,0.0,0.0,1,1
39,648954.0,636447.5,0.0,0.0,1,1
40,648954.0,636447.5,0.0,0.0,1,1
41,648954.0,636447.5,0.0,0.0,1,1
42,648954.0,636447.5,0.0,0.0,1,1
43,648954.0,636447.5,0.0,0.0,1,1
44,648954.0,636447.5,0.0,0.0,1,1
45,648954.0,636447.5,0.0,0.0,1,1
46,648954.0,636447.5,0.0,0.0,1,1
47,648954.0,636447.5,0.0,0.0,1,1
48,650387.5,636447.5,0.0,0.0,1,1
49,650387.5,636447.5,0.0,0.0,1,1
50,650387.5,636447.5,0.0,0.0,1,1
51,650387.5,636447.5,0.0,0.0,1,1
52,650387.5,636447.5,0.0,0.0,1,1
53,650387.5,636447.5,0.0,0.0,1,1
54,650449.5,636447.5,0.0,0.0,1,1
55,650449.5,636447.5,0.0,0.0,1,1
56,650518.5,636447.5,0.0,0.0,1,1
57,650518.5,636447.5,0.0,0.0,1,1
58,651108.0,636447.5,0.0,0.0,1,1
59,651108.0,636447.5,0.0,0.0,1,1
60,652095.0,636447.5,0.0,0.0,1,1
61,652095.0,636447.5,0.0,0.0,1,1
62,652095.0,636447.5,0.0,0.0,1,1
63,652095.0,636447.5,0.0,0.0,1,1
64,652095.0,636447.5,0.0,0.0,1,1
65,652095.0,636447.5,0.0,0.0,1,1
66,652095.0,636447.5,0.0,0.0,1,1
67,652095.0,636447.5,0.0,0.0,1,1
68,652150.5,636447.5,0.0,0.0,1,1
69,652150.5,636447.5,0.0,0.0,1,1
70,652150.5,636447.5,0.0,0.0,1,1
71,652150.5,636447.5,0.0,0.0,1,1
72,652150.5,636447.5,0.0,0.0,1,1
73,652150.5,636447.5,0.0,0.0,1,1
74,652150.5,636447.5,0.0,0.0,1,1
75,652150.5,636447.5,0.0,0.0,1,1
76,652391.0,636447.5,0.0,0.0,1,1
77,652391.0,636447.5,0.0,0.0,1,1
78,652391.0,636447.5,0.0,0.0,1,1
79,652391.0,636447.5,0.0,0.0,1,1
80,651727.5,636447.5,0.0,0.0,1,1
81,651727.5,636447.5,0.0,0.0,1,1
82,652244.5,636447.5,0.0,0.0,1,1
83,652224.0,636447.5,0.0,0.0,1,1
84,652013.5,636447.5,0.0,0.0,1,1
85,652013.5,636447.5,0.0,0.0,1,1
86,652013.5,636447.5,0.0,0.0,1,1
87,655692.5,636447.5,0.0,0.0,1,1
88,655692.5,636447.5,0.0,0.0,1,1
89,655692.5,636447.5,0.0,0.0,1,1
90,655703.5,636447.5,0.0,0.0,1,1
91,655703.5,636447.5,0.0,0.0,1,1
92,655703.5,636447.5,0.0,0.0,1,1
93,655703.5,636447.5,0.0,0.0,1,1
94,656087.0,636447.5,0.0,0.0,1,1
95,656087.0,636447.5,0.0,0.0,1,1
96,656087.0,636447.5,0.0,0.0,1,1
97,656087.0,636447.5,0.0,0.0,1,1
98,657229.0,636447.5,0.0,0.0,1,1
99,657229.0,636447.5,0.0,0.0,1,1
100,657229.0,636447.5,0.0,0.0,1,1
101,657229.0,636447.5,0.0,0.0,1,1
102,657229.0,636447.5,0.0,0.0,1,1
103,657229.0,636447.5,0.0,0.0,1,1
104,657220.0,636447.5,0.0,0.0,1,1
105,657220.0,636447.5,0.0,0.0,1,1
106,657220.0,636447.5,0.0,0.0,1,1
107,657220.0,636447.5,0.0,0.0,1,1
108,657220.0,636447.5,0.0,0.0,1,1
109,657220.0,636447.5,0.0,0.0,1,1
110,657220.0,636447.5,0.0,0.0,1,1
111,657220.0,636447.5,0.0,0.0,1,1
112,657220.0,636447.5,0.0,0.0,1,1
113,657220.0,636447.5,0.0,0.0,1,1
114,657220.0,636447.5,0.0,0.0,1,1
115,657220.0,636447.5,0.0,0.0,1,1
116,656992.0,636447.5,0.0,0.0,1,1
117,656916.5,636447.5,0.0,0.0,1,1
118,657070.0,636447.5,0.0,0.0,1,1
119,657070.0,636447.5,0.0,0.0,1,1
120,657319.5,636447.5,0.0,0.0,1,1
121,657319.5,636447.5,0.0,0.0,1,1
122,657319.5,636447.5,0.0,0.0,1,1
123,657319.5,636447.5,0.0,0.0,1,1
124,657207.5,636447.5,0.0,0.0,1,1
125,657411.5,636447.5,0.0,0.0,1,1
126,657411.5,636447.5,0.0,0.0,1,1
127,658327.0,636447.5,0.0,0.0,1,1
128,658327.0,636447.5,0.0,0.0,1,1
129,658327.0,636447.5,0.0,0.0,1,1
130,658327.0,636447.5,0.0,0.0,1,1
131,658327.0,636447.5,0.0,0.0,1,1
132,658327.0,636447.5,0.0,0.0,1,1
133,658327.0,636447.5,0.0,0.0,1,1
134,658327.0,636447.5,0.0,0.0,1,1
135,658327.0,636447.5,0.0,0.0,1,1
136,658327.0,636447.5,0.0,0.0,1,1
137,658327.0,636447.5,0.0,0.0,1,1
138,658327.0,636447.5,0.0,0.0,1,1
139,658327.0,636447.5,0.0,0.0,1,1
140,658327.0,636447.5,0.0,0.0,1,1
141,658327.0,636447.5,0.0,0.0,1,1
142,658327.0,636447.5,0.0,0.0,1,1
143,658327.0,636447.5,0.0,0.0,1,1
144,658327.0,636447.5,0.0,0.0,1,1
145,658327.0,636447.5,0.0,0.0,1,1
146,658327.0,636447.5,0.0,0.0,1,1
147,658327.0,636447.5,0.0,0.0,1,1
148,658327.0,636447.5,0.0,0.0,1,1
149,658327.0,636447.5,0.0,0.0,1,1
150,658327.0,636447.5,0.0,0.0,1,1
151,658327.0,636447.5,0.0,0.0,1,1
152,658327.0,636447.5,0.0,0.0,1,1
153,658327.0,636447.5,0.0,0.0,1,1
154,658327.0,636447.5,0.0,0.0,1,1
155,658327.0,636447.5,0.0,0.0,1,1
156,658327.0,636447.5,0.0,0.0,1,1
157,658327.0,636447.5,0.0,0.0,1,1
158,658327.0,636447.5,0.0,0.0,1,1
159,662797.5,636447.5,0.0,0.0,1,1
160,662797.5,636447.5,0.0,0.0,1,1
161,662797.5,636447.5,0.0,0.0,1,1
162,662797.5,636447.5,0.0,0.0,1,1
163,662797.5,636447.5,0.0,0.0,1,1
164,662797.5,636447.5,0.0,0.0,1,1
165,662797.5,636447.5,0.0,0.0,1,1
166,662797.5,636447.5,0.0,0.0,1,1
167,662797.5,636447.5,0.0,0.0,1,1
168,662797.5,636447.5,0.0,0.0,1,1
169,662797.5,636447.5,0.0,0.0,1,1
170,662797.5,636447.5,0.0,0.0,1,1
171,662797.5,636447.5,0.0,0.0,1,1
172,662797.5,636447.5,0.0,0.0,1,1
173,662797.5,636447.5,0.0,0.0,1,1
174,662797.5,636447.5,0.0,0.0,1,1
175,662797.5,636447.5,0.0,0.0,1,1
176,662797.5,636447.5,0.0,0.0,1,1
177,662797.5,636447.5,0.0,0.0,1,1
178,662797.5,636447.5,0.0,0.0,1,1
179,662797.5,636447.5,0.0,0.0,1,1
180,662797.5,636447.5,0.0,0.0,1,1
181,662797.5,636447.5,0.0,0.0,1,1
182,662797.5,636447.5,0.0,0.0,1,1
183,662797.5,636447.5,0.0,0.0,1,1
184,662309.0,636447.5,0.0,0.0,1,1
185,662309.0,636447.5,0.0,0.0,1,1
186,662309.0,636447.5,0.0,0.0,1,1
187,662309.0,636447.5,0.0,0.0,1,1
188,662309.0,636447.5,0.0,0.0,1,1
189,663850.5,636447.5,0.0,0.0,1,1
190,663850.5,636447.5,0.0,0.0,1,1
191,663850.5,636447.5,0.0,0.0,1,1
192,663850.5,636447.5,0.0,0.0,1,1
193,663850.5,636447.5,0.0,0.0,1,1
194,663850.5,636447.5,0.0,0.0,1,1
195,663850.5,636447.5,0.0,0.0,1,1
196,663850.5,636447.5,0.0,0.0,1,1
197,663850.5,636447.5,0.0,0.0,1,1
198,663850.5,636447.5,0.0,0.0,1,1
199,663850.5,636447.5,0.0,0.0,1,1
200,663850.5,636447.5,0.0,0.0,1,1
201,669837.0,636447.5,0.0,0.0,1,1
202,670031.0,636447.5,0.0,0.0,1,1
203,669942.5,636447.5,0.0,0.0,1,1
204,669942.5,636447.5,0.0,0.0,1,1
205,669942.5,636447.5,0.0,0.0,1,1
206,669942.5,636447.5,0.0,0.0,1,1
207,669942.5,636447.5,0.0,0.0,1,1
208,669942.5,636447.5,0.0,0.0,1,1
209,669942.5,636447.5,0.0,0.0,1,1
210,669942.5,636447.5,0.0,0.0,1,1
211,669942.5,636447.5,0.0,0.0,1,1
212,669942.5,636447.5,0.0,0.0,1,1
213,669565.5,636447.5,0.0,0.0,1,1
214,669633.5,636447.5,0.0,0.0,1,1
215,669633.5,636447.5,0.0,0.0,1,1
216,669633.5,636447.5,0.0,0.0,1,1
217,669704.5,636447.5,0.0,0.0,1,1
218,669704.5,636447.5,0.0,0.0,1,1
219,670015.5,636447.5,0.0,0.0,1,1
220,670015.5,636447.5,0.0,0.0,1,1
221,670015.5,636447.5,0.0,0.0,1,1
222,670015.5,636447.5,0.0,0.0,1,1
223,670015.5,636447.5,0.0,0.0,1,1
224,670015.5,636447.5,0.0,0.0,1,1
225,670015.5,636447.5,0.0,0.0,1,1
226,670015.5,636447.5,0.0,0.0,1,1
227,670169.5,636447.5,0.0,0.0,1,1
228,670169.5,636447.5,0.0,0.0,1,1
229,670019.5,636447.5,0.0,0.0,1,1
230,670019.5,636447.5,0.0,0.0,1,1
231,670019.5,636447.5,0.0,0.0,1,1
232,670019.5,636447.5,0.0,0.0,1,1
233,670019.5,636447.5,0.0,0.0,1,1
234,670019.5,636447.5,0.0,0.0,1,1
235,670311.5,636447.5,0.0,0.0,1,1
236,670311.5,636447.5,0.0,0.0,1,1
237,670311.5,636447.5,0.0,0.0,1,1
238,670301.5,636447.5,0.0,0.0,1,1
239,670301.5,636447.5,0.0,0.0,1,1
240,670301.5,636447.5,0.0,0.0,1,1
241,670301.5,636447.5,0.0,0.0,1,1
242,670301.5,636447.5,0.0,0.0,1,1
243,670301.5,636447.5,0.0,0.0,1,1
244,671466.5,636447.5,0.0,0.0,1,1
245,671466.5,636447.5,0.0,0.0,1,1
246,671466.5,636447.5,0.0,0.0,1,1
247,671466.5,636447.5,0.0,0.0,1,1
248,671466.5,636447.5,0.0,0.0,1,1
249,671466.5,636447.5,0.0,0.0,1,1
250,671466.5,636447.5,0.0,0.0,1,1
251,671466.5,636447.5,0.0,0.0,1,1
252,671466.5,636447.5,0.0,0.0,1,1
253,671466.5,636447.5,0.0,0.0,1,1
254,671466.5,636447.5,0.0,0.0,1,1
255,671466.5,636447.5,0.0,0.0,1,1
256,671466.5,636447.5,0.0,0.0,1,1
257,671466.5,636447.5,0.0,0.0,1,1
258,671466.5,636447.5,0.0,0.0,1,1
259,671466.5,636447.5,0.0,0.0,1,1
260,671674.5,636447.5,0.0,0.0,1,1
261,671674.5,636447.5,0.0,0.0,1,1
262,671674.5,636447.5,0.0,0.0,1,1
263,671674.5,636447.5,0.0,0.0,1,1
264,671674.5,636447.5,0.0,0.0,1,1
265,671674.5,636447.5,0.0,0.0,1,1
266,671674.5,636447.5,0.0,0.0,1,1
267,671674.5,636447.5,0.0,0.0,1,1
268,671674.5,636447.5,0.0,0.0,1,1
269,671674.5,636447.5,0.0,0.0,1,1
270,671674.5,636447.5,0.0,0.0,1,1
271,671674.5,636447.5,0.0,0.0,1,1
272,671674.5,636447.5,0.0,0.0,1,1
273,671674.5,636447.5,0.0,0.0,1,1
274,671674.5,636447.5,0.0,0.0,1,1
275,671617.5,636447.5,0.0,0.0,1,1
276,670917.0,636447.5,0.0,0.0,1,1
277,670917.0,636447.5,0.0,0.0,1,1
278,670917.0,636447.5,0.0,0.0,1,1
279,670045.5,636447.5,0.0,0.0,1,1
280,670103.5,636447.5,0.0,0.0,1,1
281,670103.5,636447.5,0.0,0.0,1,1
282,670103.5,636447.5,0.0,0.0,1,1
283,670113.0,636447.5,0.0,0.0,1,1
284,670113.0,636447.5,0.0,0.0,1,1
285,670113.0,636447.5,0.0,0.0,1,1
286,670113.0,636447.5,0.0,0.0,1,1
287,670113.0,636447.5,0.0,0.0,1,1
288,669650.5,636447.5,0.0,0.0,1,1
289,669650.5,636447.5,0.0,0.0,1,1
290,669650.5,636447.5,0.0,0.0,1,1
291,669650.5,636447.5,0.0,0.0,1,1
292,669650.5,636447.5,0.0,0.0,1,1
293,669650.5,636447.5,0.0,0.0,1,1
294,669650.5,636447.5,0.0,0.0,1,1
295,669650.5,636447.5,0.0,0.0,1,1
296,669650.5,636447.5,0.0,0.0,1,1
297,669650.5,636447.5,0.0,0.0,1,1
298,669650.5,636447.5,0.0,0.0,1,1
299,669907.0,636447.5,0.0,0.0,1,1
300,669907.0,636447.5,0.0,0.0,1,1
301,669907.0,636447.5,0.0,0.0,1,1
302,669907.0,636447.5,0.0,0.0,1,1
303,669907.0,636447.5,0.0,0.0,1,1
304,669907.0,636447.5,0.0,0.0,1,1
305,669907.0,636447.5,0.0,0.0,1,1
306,669835.5,636447.5,0.0,0.0,1,1
307,669835.5,636447.5,0.0,0.0,1,1
308,669859.5,636447.5,0.0,0.0,1,1
309,669859.5,636447.5,0.0,0.0,1,1
310,669859.5,636447.5,0.0,0.0,1,1
311,669859.5,636447.5,0.0,0.0,1,1
312,669859.5,636447.5,0.0,0.0,1,1
313,675745.0,636447.5,0.0,0.0,1,1
314,675745.0,636447.5,0.0,0.0,1,1
315,675745.0,636447.5,0.0,0.0,1,1
316,675745.0,636447.5,0.0,0.0,1,1
317,675745.0,636447.5,0.0,0.0,1,1
318,675745.0,636447.5,0.0,0.0,1,1
319,675745.0,636447.5,0.0,0.0,1,1
320,675745.0,636447.5,0.0,0.0,1,1
321,675745.0,636447.5,0.0,0.0,1,1
322,676273.0,636447.5,0.0,0.0,1,1
323,676273.0,636447.5,0.0,0.0,1,1
324,676273.0,636447.5,0.0,0.0,1,1
325,676273.0,636447.5,0.0,0.0,1,1
326,676273.0,636447.5,0.0,0.0,1,1
327,676273.0,636447.5,0.0,0.0,1,1
328,676273.0,636447.5,0.0,0.0,1,1
329,676273.0,636447.5,0.0,0.0,1,1
330,676273.0,636447.5,0.0,0.0,1,1
331,676273.0,636447.5,0.0,0.0,1,1
332,676273.0,636447.5,0.0,0.0,1,1
333,676229.0,636447.5,0.0,0.0,1,1
334,676229.0,636447.5,0.0,0.0,1,1
335,676229.0,636447.5,0.0,0.0,1,1
336,676411.0,636447.5,0.0,0.0,1,1
337,676411.0,636447.5,0.0,0.0,1,1
338,676411.0,636447.5,0.0,0.0,1,1
339,676411.0,636447.5,0.0,0.0,1,1
340,676411.0,636447.5,0.0,0.0,1,1
341,676411.0,636447.5,0.0,0.0,1,1
342,676411.0,636447.5,0.0,0.0,1,1
343,676411.0,636447.5,0.0,0.0,1,1
344,676411.0,636447.5,0.0,0.0,1,1
345,676293.0,636447.5,0.0,0.0,1,1
346,676293.0,636447.5,0.0,0.0,1,1
347,678287.5,636447.5,0.0,0.0,1,1
348,678287.5,636447.5,0.0,0.0,1,1
349,678287.5,636447.5,0.0,0.0,1,1
350,678287.5,636447.5,0.0,0.0,1,1
351,678287.5,636447.5,0.0,0.0,1,1
352,678287.5,636447.5,0.0,0.0,1,1
353,678287.5,636447.5,0.0,0.0,1,1
354,678287.5,636447.5,0.0,0.0,1,1
355,678287.5,636447.5,0.0,0.0,1,1
356,678287.5,636447.5,0.0,0.0,1,1
357,685514.0,636447.5,0.0,0.0,1,1
358,685638.5,636447.5,0.0,0.0,1,1
359,685638.5,636447.5,0.0,0.0,1,1
360,685638.5,636447.5,0.0,0.0,1,1
361,691410.5,636447.5,0.0,0.0,1,1
362,691410.5,636447.5,0.0,0.0,1,1
363,691410.5,636447.5,0.0,0.0,1,1
364,691410.5,636447.5,0.0,0.0,1,1
365,691410.5,636447.5,0.0,0.0,1,1
366,691410.5,636447.5,0.0,0.0,1,1
367,691410.5,636447.5,0.0,0.0,1,1
368,691410.5,636447.5,0.0,0.0,1,1
369,691410.5,636447.5,0.0,0.0,1,1
370,691410.5,636447.5,0.0,0.0,1,1
371,691410.5,636447.5,0.0,0.0,1,1
372,691443.5,636447.5,0.0,0.0,1,1
373,691443.5,636447.5,0.0,0.0,1,1
374,691443.5,636447.5,0.0,0.0,1,1
375,691443.5,636447.5,0.0,0.0,1,1
376,691443.5,636447.5,0.0,0.0,1,1
377,691443.5,636447.5,0.0,0.0,1,1
378,691443.5,636447.5,0.0,0.0,1,1
379,691443.5,636447.5,0.0,0.0,1,1
380,691443.5,636447.5,0.0,0.0,1,1
381,691443.5,636447.5,0.0,0.0,1,1
382,691443.5,636447.5,0.0,0.0,1,1
383,691443.5,636447.5,0.0,0.0,1,1
384,691443.5,636447.5,0.0,0.0,1,1
385,691443.5,636447.5,0.0,0.0,1,1
386,691443.5,636447.5,0.0,0.0,1,1
387,691443.5,636447.5,0.0,0.0,1,1
388,691443.5,636447.5,0.0,0.0,1,1
389,691443.5,636447.5,0.0,0.0,1,1
390,691443.5,636447.5,0.0,0.0,1,1
391,691443.5,636447.5,0.0,0.0,1,1
392,691443.5,636447.5,0.0,0.0,1,1
393,691443.5,636447.5,0.0,0.0,1,1
394,691443.5,636447.5,0.0,0.0,1,1
395,691443.5,636447.5,0.0,0.0,1,1
396,691443.5,636447.5,0.0,0.0,1,1
397,691443.5,636447.5,0.0,0.0,1,1
398,691443.5,636447.5,0.0,0.0,1,1
399,691443.5,636447.5,0.0,0.0,1,1
400,691443.5,636447.5,0.0,0.0,1,1
401,691443.5,636447.5,0.0,0.0,1,1
402,691443.5,636447.5,0.0,0.0,1,1
403,691443.5,636447.5,0.0,0.0,1,1
404,691464.5,636447.5,0.0,0.0,1,1
405,691464.5,636447.5,0.0,0.0,1,1
406,691464.5,636447.5,0.0,0.0,1,1
407,691464.5,636447.5,0.0,0.0,1,1
408,691464.5,636447.5,0.0,0.0,1,1
409,691464.5,636447.5,0.0,0.0,1,1
410,691464.5,636447.5,0.0,0.0,1,1
411,691464.5,636447.5,0.0,0.0,1,1
412,691464.5,636447.5,0.0,0.0,1,1
413,691464.5,636447.5,0.0,0.0,1,1
414,691464.5,636447.5,0.0,0.0,1,1
415,691464.5,636447.5,0.0,0.0,1,1
416,692766.0,636447.5,0.0,0.0,1,1
417,692766.0,636447.5,0.0,0.0,1,1
418,692766.0,636447.5,0.0,0.0,1,1
419,692766.0,636447.5,0.0,0.0,1,1
420,692766.0,636447.5,0.0,0.0,1,1
421,692766.0,636447.5,0.0,0.0,1,1
422,693221.5,636447.5,0.0,0.0,1,1
423,693221.5,636447.5,0.0,0.0,1,1
424,693571.0,636447.5,0.0,0.0,1,1
425,693571.0,636447.5,0.0,0.0,1,1
426,693571.0,636447.5,0.0,0.0,1,1
427,693571.0,636447.5,0.0,0.0,1,1
428,693571.0,636447.5,0.0,0.0,1,1
429,693571.0,636447.5,0.0,0.0,1,1
430,693571.0,636447.5,0.0,0.0,1,1
431,693571.0,636447.5,0.0,0.0,1,1
432,693571.0,636447.5,0.0,0.0,1,1
433,693571.0,636447.5,0.0,0.0,1,1
434,693165.0,636447.5,0.0,0.0,1,1
435,693165.0,636447.5,0.0,0.0,1,1
436,693189.5,636447.5,0.0,0.0,1,1
437,693189.5,636447.5,0.0,0.0,1,1
438,693189.5,636447.5,0.0,0.0,1,1
439,693189.5,636447.5,0.0,0.0,1,1
440,693189.5,636447.5,0.0,0.0,1,1
441,693189.5,636447.5,0.0,0.0,1,1
442,693189.5,636447.5,0.0,0.0,1,1
443,693189.5,636447.5,0.0,0.0,1,1
444,693189.5,636447.5,0.0,0.0,1,1
445,693189.5,636447.5,0.0,0.0,1,1
446,704678.0,636447.5,0.0,0.0,1,1
447,704678.0,636447.5,0.0,0.0,1,1
448,704678.0,636447.5,0.0,0.0,1,1
449,704678.0,636447.5,0.0,0.0,1,1
450,704678.0,636447.5,0.0,0.0,1,1
451,704678.0,636447.5,0.0,0.0,1,1
452,704678.0,636447.5,0.0,0.0,1,1
453,704678.0,636447.5,0.0,0.0,1,1
454,704678.0,636447.5,0.0,0.0,1,1
455,704678.0,636447.5,0.0,0.0,1,1
456,704678.0,636447.5,0.0,0.0,1,1
457,704678.0,636447.5,0.0,0.0,1,1
458,704678.0,636447.5,0.0,0.0,1,1
459,704678.0,636447.5,0.0,0.0,1,1
460,704678.0,636447.5,0.0,0.0,1,1
461,704678.0,636447.5,0.0,0.0,1,1
462,707664.0,636447.5,0.0,0.0,1,1
463,707664.0,636447.5,0.0,0.0,1,1
464,707664.0,636447.5,0.0,0.0,1,1
465,707664.0,636447.5,0.0,0.0,1,1
466,707664.0,636447.5,0.0,0.0,1,1
467,707664.0,636447.5,0.0,0.0,1,1
468,707664.0,636447.5,0.0,0.0,1,1
469,707664.0,636447.5,0.0,0.0,1,1
470,707664.0,636447.5,0.0,0.0,1,1
471,707664.0,636447.5,0.0,0.0,1,1
472,707664.0,636447.5,0.0,0.0,1,1
473,707664.0,636447.5,0.0,0.0,1,1
474,707664.0,636447.5,0.0,0.0,1,1
475,707664.0,636447.5,0.0,0.0,1,1
476,707664.0,636447.5,0.0,0.0,1,1
477,707664.0,636447.5,0.0,0.0,1,1
478,707664.0,636447.5,0.0,0.0,1,1
479,707664.0,636447.5,0.0,0.0,1,1
480,707664.0,636447.5,0.0,0.0,1,1
481,707664.0,636447.5,0.0,0.0,1,1
482,707664.0,636447.5,0.0,0.0,1,1
483,707664.0,636447.5,0.0,0.0,1,1
484,707466.5,636447.5,0.0,0.0,1,1
485,707466.5,636447.5,0.0,0.0,1,1
486,707466.5,636447.5,0.0,0.0,1,1
487,707466.5,636447.5,0.0,0.0,1,1
488,707466.5,636447.5,0.0,0.0,1,1
489,707466.5,636447.5,0.0,0.0,1,1
490,707466.5,636447.5,0.0,0.0,1,1
491,707466.5,636447.5,0.0,0.0,1,1
492,707466.5,636447.5,0.0,0.0,1,1
493,707466.5,636447.5,0.0,0.0,1,1
494,707466.5,636447.5,0.0,0.0,1,1
495,707466.5,636447.5,0.0,0.0,1,1
496,707466.5,636447.5,0.0,0.0,1,1
497,707466.5,636447.5,0.0,0.0,1,1
498,707466.5,636447.5,0.0,0.0,1,1
499,707466.5,636447.5,0.0,0.0,1,1
500,707466.5,636447.5,0.0,0.0,1,1
501,707466.5,636447.5,0.0,0.0,1,1
502,707524.0,636447.5,0.0,0.0,1,1
503,707524.0,636447.5,0.0,0.0,1,1
504,707524.0,636447.5,0.0,0.0,1,1
505,707524.0,636447.5,0.0,0.0,1,1
506,707524.0,636447.5,0.0,0.0,1,1
507,707524.0,636447.5,0.0,0.0,1,1
508,706150.5,636447.5,0.0,0.0,1,1
509,706150.5,636447.5,0.0,0.0,1,1
510,706150.5,636447.5,0.0,0.0,1,1
511,706150.5,636447.5,0.0,0.0,1,1
512,706150.5,636447.5,0.0,0.0,1,1
513,706150.5,636447.5,0.0,0.0,1,1
514,706150.5,636447.5,0.0,0.0,1,1
515,706150.5,636447.5,0.0,0.0,1,1
516,706150.5,636447.5,0.0,0.0,1,1
517,706150.5,636447.5,0.0,0.0,1,1
518,706150.5,636447.5,0.0,0.0,1,1
519,706150.5,636447.5,0.0,0.0,1,1
520,706150.5,636447.5,0.0,0.0,1,1
521,706488.5,636447.5,0.0,0.0,1,1
522,706488.5,636447.5,0.0,0.0,1,1
523,706488.5,636447.5,0.0,0.0,1,1
524,706488.5,636447.5,0.0,0.0,1,1
525,706488.5,636447.5,0.0,0.0,1,1
526,706488.5,636447.5,0.0,0.0,1,1
527,706326.5,636447.5,0.0,0.0,1,1
528,706326.5,636447.5,0.0,0.0,1,1
529,706326.5,636447.5,0.0,0.0,1,1
530,708694.0,636447.5,0.0,0.0,1,1
531,708694.0,636447.5,0.0,0.0,1,1
532,708694.0,636447.5,0.0,0.0,1,1
533,708694.0,636447.5,0.0,0.0,1,1
534,708694.0,636447.5,0.0,0.0,1,1
535,708694.0,636447.5,0.0,0.0,1,1
536,708694.0,636447.5,0.0,0.0,1,1
537,708926.5,636447.5,0.0,0.0,1,1
538,708926.5,636447.5,0.0,0.0,1,1
539,708926.5,636447.5,0.0,0.0,1,1
540,708926.5,636447.5,0.0,0.0,1,1
541,708926.5,636447.5,0.0,0.0,1,1
542,708926.5,636447.5,0.0,0.0,1,1
543,708926.5,636447.5,0.0,0.0,1,1
544,708926.5,636447.5,0.0,0.0,1,1
545,708926.5,636447.5,0.0,0.0,1,1
546,708926.5,636447.5,0.0,0.0,1,1
547,708926.5,636447.5,0.0,0.0,1,1
548,708926.5,636447.5,0.0,0.0,1,1
549,708926.5,636447.5,0.0,0.0,1,1
550,708926.5,636447.5,0.0,0.0,1,1
551,708471.0,636447.5,0.0,0.0,1,1
552,709966.5,636447.5,0.0,0.0,1,1
553,709966.5,636447.5,0.0,0.0,1,1
554,709966.5,636447.5,0.0,0.0,1,1
555,709966.5,636447.5,0.0,0.0,1,1
556,709966.5,636447.5,0.0,0.0,1,1
557,709966.5,636447.5,0.0,0.0,1,1
558,709966.5,636447.5,0.0,0.0,1,1
559,709966.5,636447.5,0.0,0.0,1,1
560,709966.5,636447.5,0.0,0.0,1,1
561,709966.5,636447.5,0.0,0.0,1,1
562,709966.5,636447.5,0.0,0.0,1,1
563,709966.5,636447.5,0.0,0.0,1,1
564,709966.5,636447.5,0.0,0.0,1,1
565,709966.5,636447.5,0.0,0.0,1,1
566,709966.5,636447.5,0.0,0.0,1,1
567,709966.5,636447.5,0.0,0.0,1,1
568,709966.5,636447.5,0.0,0.0,1,1
569,709966.5,636447.5,0.0,0.0,1,1
570,709966.5,636447.5,0.0,0.0,1,1
571,709966.5,636447.5,0.0,0.0,1,1
572,709966.5,636447.5,0.0,0.0,1,1
573,709966.5,636447.5,0.0,0.0,1,1
574,709966.5,636447.5,0.0,0.0,1,1
575,710395.0,636447.5,0.0,0.0,1,1
576,710438.0,636447.5,0.0,0.0,1,1
577,710438.0,636447.5,0.0,0.0,1,1
578,710438.0,636447.5,0.0,0.0,1,1
579,710438.0,636447.5,0.0,0.0,1,1
580,710438.0,636447.5,0.0,0.0,1,1
581,710438.0,636447.5,0.0,0.0,1,1
582,710053.0,636447.5,0.0,0.0,1,1
583,710053.0,636447.5,0.0,0.0,1,1
584,710053.0,636447.5,0.0,0.0,1,1
585,710053.0,636447.5,0.0,0.0,1,1
586,710053.0,636447.5,0.0,0.0,1,1
587,710053.0,636447.5,0.0,0.0,1,1
588,710053.0,636447.5,0.0,0.0,1,1
589,710053.0,636447.5,0.0,0.0,1,1
590,710053.0,636447.5,0.0,0.0,1,1
591,710053.0,636447.5,0.0,0.0,1,1
592,710053.0,636447.5,0.0,0.0,1,1
593,710053.0,636447.5,0.0,0.0,1,1
594,710053.0,636447.5,0.0,0.0,1,1
595,710053.0,636447.5,0.0,0.0,1,1
596,710053.0,636447.5,0.0,0.0,1,1
597,710053.0,636447.5,0.0,0.0,1,1
598,710053.0,636447.5,0.0,0.0,1,1
599,710053.0,636447.5,0.0,0.0,1,1
600,710053.0,636447.5,0.0,0.0,1,1
601,710053.0,636447.5,0.0,0.0,1,1
602,710053.0,636447.5,0.0,0.0,1,1
603,710053.0,636447.5,0.0,0.0,1,1
604,710053.0,636447.5,0.0,0.0,1,1
605,710053.0,636447.5,0.0,0.0,1,1
606,710053.0,636447.5,0.0,0.0,1,1
607,710053.0,636447.5,0.0,0.0,1,1
608,710053.0,636447.5,0.0,0.0,1,1
609,710053.0,636447.5,0.0,0.0,1,1
610,710053.0,636447.5,0.0,0.0,1,1
611,710053.0,636447.5,0.0,0.0,1,1
612,710053.0,636447.5,0.0,0.0,1,1
613,710053.0,636447.5,0.0,0.0,1,1
614,710053.0,636447.5,0.0,0.0,1,1
615,710053.0,636447.5,0.0,0.0,1,1
616,710053.0,636447.5,0.0,0.0,1,1
617,710010.0,636447.5,0.0,0.0,1,1
618,710010.0,636447.5,0.0,0.0,1,1
619,710010.0,636447.5,0.0,0.0,1,1
620,710010.0,636447.5,0.0,0.0,1,1
621,710010.0,636447.5,0.0,0.0,1,1
622,710010.0,636447.5,0.0,0.0,1,1
623,710010.0,636447.5,0.0,0.0,1,1
624,710010.0,636447.5,0.0,0.0,1,1
625,710010.0,636447.5,0.0,0.0,1,1
626,710010.0,636447.5,0.0,0.0,1,1
627,710010.0,636447.5,0.0,0.0,1,1
628,710010.0,636447.5,0.0,0.0,1,1
629,710010.0,636447.5,0.0,0.0,1,1
630,710010.0,636447.5,0.0,0.0,1,1
631,710010.0,636447.5,0.0,0.0,1,1
632,710010.0,636447.5,0.0,0.0,1,1
633,709932.0,636447.5,0.0,0.0,1,1
634,710750.0,636447.5,0.0,0.0,1,1
635,710750.0,636447.5,0.0,0.0,1,1
636,710750.0,636447.5,0.0,0.0,1,1
637,710750.0,636447.5,0.0,0.0,1,1
638,710750.0,636447.5,0.0,0.0,1,1
639,710750.0,636447.5,0.0,0.0,1,1
640,710750.0,636447.5,0.0,0.0,1,1
641,710750.0,636447.5,0.0,0.0,1,1
642,710750.0,636447.5,0.0,0.0,1,1
643,710750.0,636447.5,0.0,0.0,1,1
644,710750.0,636447.5,0.0,0.0,1,1
645,710750.0,636447.5,0.0,0.0,1,1
646,710750.0,636447.5,0.0,0.0,1,1
647,709607.0,636447.5,0.0,0.0,1,1
648,709607.0,636447.5,0.0,0.0,1,1
649,709607.0,636447.5,0.0,0.0,1,1
650,709607.0,636447.5,0.0,0.0,1,1
651,709607.0,636447.5,0.0,0.0,1,1
652,709607.0,636447.5,0.0,0.0,1,1
653,708606.5,636447.5,0.0,0.0,1,1
654,708606.5,636447.5,0.0,0.0,1,1
655,708606.5,636447.5,0.0,0.0,1,1
656,708606.5,636447.5,0.0,0.0,1,1
657,708606.5,636447.5,0.0,0.0,1,1
658,708606.5,636447.5,0.0,0.0,1,1
659,708606.5,636447.5,0.0,0.0,1,1
660,708606.5,636447.5,0.0,0.0,1,1
661,708606.5,636447.5,0.0,0.0,1,1
662,708606.5,636447.5,0.0,0.0,1,1
663,708606.5,636447.5,0.0,0.0,1,1
664,708606.5,636447.5,0.0,0.0,1,1
665,708606.5,636447.5,0.0,0.0,1,1
666,708606.5,636447.5,0.0,0.0,1,1
667,708606.5,636447.5,0.0,0.0,1,1
668,708606.5,636447.5,0.0,0.0,1,1
669,708362.0,636447.5,0.0,0.0,1,1
670,708362.0,636447.5,0.0,0.0,1,1
671,708362.0,636447.5,0.0,0.0,1,1
672,708362.0,636447.5,0.0,0.0,1,1
673,708092.0,636447.5,0.0,0.0,1,1
674,708092.0,636447.5,0.0,0.0,1,1
675,708092.0,636447.5,0.0,0.0,1,1
676,708092.0,636447.5,0.0,0.0,1,1
677,708092.0,636447.5,0.0,0.0,1,1
678,708092.0,636447.5,0.0,0.0,1,1
679,708092.0,636447.5,0.0,0.0,1,1
680,708251.0,636447.5,0.0,0.0,1,1
681,708251.0,636447.5,0.0,0.0,1,1
682,708251.0,636447.5,0.0,0.0,1,1
683,708251.0,636447.5,0.0,0.0,1,1
684,708034.0,636447.5,0.0,0.0,1,1
685,708034.0,636447.5,0.0,0.0,1,1
686,707976.0,636447.5,0.0,0.0,1,1
687,707976.0,636447.5,0.0,0.0,1,1
688,707976.0,636447.5,0.0,0.0,1,1
689,707976.0,636447.5,0.0,0.0,1,1
690,707976.0,636447.5,0.0,0.0,1,1
691,707976.0,636447.5,0.0,0.0,1,1
692,707976.0,636447.5,0.0,0.0,1,1
693,707976.0,636447.5,0.0,0.0,1,1
694,707976.0,636447.5,0.0,0.0,1,1
695,707976.0,636447.5,0.0,0.0,1,1
696,707778.5,636447.5,0.0,0.0,1,1
697,707778.5,636447.5,0.0,0.0,1,1
698,707778.5,636447.5,0.0,0.0,1,1
699,707778.5,636447.5,0.0,0.0,1,1
700,707778.5,636447.5,0.0,0.0,1,1
701,707778.5,636447.5,0.0,0.0,1,1
702,707778.5,636447.5,0.0,0.0,1,1
703,707778.5,636447.5,0.0,0.0,1,1
704,707778.5,636447.5,0.0,0.0,1,1
705,707778.5,636447.5,0.0,0.0,1,1
706,707778.5,636447.5,0.0,0.0,1,1
707,707778.5,636447.5,0.0,0.0,1,1
708,707778.5,636447.5,0.0,0.0,1,1
709,707778.5,636447.5,0.0,0.0,1,1
710,707778.5,636447.5,0.0,0.0,1,1
711,707778.5,636447.5,0.0,0.0,1,1
712,707778.5,636447.5,0.0,0.0,1,1
713,707778.5,636447.5,0.0,0.0,1,1
714,707778.5,636447.5,0.0,0.0,1,1
715,707778.5,636447.5,0.0,0.0,1,1
716,707778.5,636447.5,0.0,0.0,1,1
717,707778.5,636447.5,0.0,0.0,1,1
718,707778.5,636447.5,0.0,0.0,1,1
719,707778.5,636447.5,0.0,0.0,1,1
720,707778.5,636447.5,0.0,0.0,1,1
721,707778.5,636447.5,0.0,0.0,1,1
722,707778.5,636447.5,0.0,0.0,1,1
723,707778.5,636447.5,0.0,0.0,1,1
724,707778.5,636447.5,0.0,0.0,1,1
725,707881.0,636447.5,0.0,0.0,1,1
726,707881.0,636447.5,0.0,0.0,1,1
727,707881.0,636447.5,0.0,0.0,1,1
728,707881.0,636447.5,0.0,0.0,1,1
729,707881.0,636447.5,0.0,0.0,1,1
730,711254.5,636447.5,0.0,0.0,1,1
731,711254.5,636447.5,0.0,0.0,1,1
732,711254.5,636447.5,0.0,0.0,1,1
733,711254.5,636447.5,0.0,0.0,1,1
734,711254.5,636447.5,0.0,0.0,1,1
735,711254.5,636447.5,0.0,0.0,1,1
736,711254.5,636447.5,0.0,0.0,1,1
737,711254.5,636447.5,0.0,0.0,1,1
738,711254.5,636447.5,0.0,0.0,1,1
739,711254.5,636447.5,0.0,0.0,1,1
740,711254.5,636447.5,0.0,0.0,1,1
741,711254.5,636447.5,0.0,0.0,1,1
742,711254.5,636447.5,0.0,0.0,1,1
743,711254.5,636447.5,0.0,0.0,1,1
744,711254.5,636447.5,0.0,0.0,1,1
745,711254.5,636447.5,0.0,0.0,1,1
746,711254.5,636447.5,0.0,0.0,1,1
747,711254.5,636447.5,0.0,0.0,1,1
748,711254.5,636447.5,0.0,0.0,1,1
749,711254.5,636447.5,0.0,0.0,1,1
750,711254.5,636447.5,0.0,0.0,1,1
751,718773.0,636447.5,0.0,0.0,1,1
752,718773.0,636447.5,0.0,0.0,1,1
753,718773.0,636447.5,0.0,0.0,1,1
754,718773.0,636447.5,0.0,0.0,1,1
755,718773.0,636447.5,0.0,0.0,1,1
756,718773.0,636447.5,0.0,0.0,1,1
757,718773.0,636447.5,0.0,0.0,1,1
758,718773.0,636447.5,0.0,0.0,1,1
759,718773.0,636447.5,0.0,0.0,1,1
760,718773.0,636447.5,0.0,0.0,1,1
761,718773.0,636447.5,0.0,0.0,1,1
762,718773.0,636447.5,0.0,0.0,1,1
763,718773.0,636447.5,0.0,0.0,1,1
764,718773.0,636447.5,0.0,0.0,1,1
765,718773.0,636447.5,0.0,0.0,1,1
766,718773.0,636447.5,0.0,0.0,1,1
767,718773.0,636447.5,0.0,0.0,1,1
768,718773.0,636447.5,0.0,0.0,1,1
769,718773.0,636447.5,0.0,0.0,1,1
770,718773.0,636447.5,0.0,0.0,1,1
771,718773.0,636447.5,0.0,0.0,1,1
772,718745.5,636447.5,0.0,0.0,1,1
773,718745.5,636447.5,0.0,0.0,1,1
774,718745.5,636447.5,0.0,0.0,1,1
775,718745.5,636447.5,0.0,0.0,1,1
776,718745.5,636447.5,0.0,0.0,1,1
777,718745.5,636447.5,0.0,0.0,1,1
778,718745.5,636447.5,0.0,0.0,1,1
779,718745.5,636447.5,0.0,0.0,1,1
780,718745.5,636447.5,0.0,0.0,1,1
781,718745.5,636447.5,0.0,0.0,1,1
782,718745.5,636447.5,0.0,0.0,1,1
783,718745.5,636447.5,0.0,0.0,1,1
784,718745.5,636447.5,0.0,0.0,1,1
785,718745.5,636447.5,0.0,0.0,1,1
786,718745.5,636447.5,0.0,0.0,1,1
787,718745.5,636447.5,0.0,0.0,1,1
788,718745.5,636447.5,0.0,0.0,1,1
789,718745.5,636447.5,0.0,0.0,1,1
790,718745.5,636447.5,0.0,0.0,1,1
791,718745.5,636447.5,0.0,0.0,1,1
792,718745.5,636447.5,0.0,0.0,1,1
793,718745.5,636447.5,0.0,0.0,1,1
794,720259.0,636447.5,0.0,0.0,1,1
795,720259.0,636447.5,0.0,0.0,1,1
796,720259.0,636447.5,0.0,0.0,1,1
797,720259.0,636447.5,0.0,0.0,1,1
798,720259.0,636447.5,0.0,0.0,1,1
799,720259.0,636447.5,0.0,0.0,1,1
800,720259.0,636447.5,0.0,0.0,1,1
801,720259.0,636447.5,0.0,0.0,1,1
802,720259.0,636447.5,0.0,0.0,1,1
803,720259.0,636447.5,0.0,0.0,1,1
804,720259.0,636447.5,0.0,0.0,1,1
805,720287.5,636447.5,0.0,0.0,1,1
806,720287.5,636447.5,0.0,0.0,1,1
807,720287.5,636447.5,0.0,0.0,1,1
808,720287.5,636447.5,0.0,0.0,1,1
809,720287.5,636447.5,0.0,0.0,1,1
810,720287.5,636447.5,0.0,0.0,1,1
811,720287.5,636447.5,0.0,0.0,1,1
812,720287.5,636447.5,0.0,0.0,1,1
813,720287.5,636447.5,0.0,0.0,1,1
814,720287.5,636447.5,0.0,0.0,1,1
815,720287.5,636447.5,0.0,0.0,1,1
816,720287.5,636447.5,0.0,0.0,1,1
817,720287.5,636447.5,0.0,0.0,1,1
818,720287.5,636447.5,0.0,0.0,1,1
819,720287.5,636447.5,0.0,0.0,1,1
820,720287.5,636447.5,0.0,0.0,1,1
821,720287.5,636447.5,0.0,0.0,1,1
822,720287.5,636447.5,0.0,0.0,1,1
823,720343.0,636447.5,0.0,0.0,1,1
824,720343.0,636447.5,0.0,0.0,1,1
825,720343.0,636447.5,0.0,0.0,1,1
826,720343.0,636447.5,0.0,0.0,1,1
827,720343.0,636447.5,0.0,0.0,1,1
828,720343.0,636447.5,0.0,0.0,1,1
829,720343.0,636447.5,0.0,0.0,1,1
830,720343.0,636447.5,0.0,0.0,1,1
831,720343.0,636447.5,0.0,0.0,1,1
832,720343.0,636447.5,0.0,0.0,1,1
833,720343.0,636447.5,0.0,0.0,1,1
834,720343.0,636447.5,0.0,0.0,1,1
835,720343.0,636447.5,0.0,0.0,1,1
836,720343.0,636447.5,0.0,0.0,1,1
837,720343.0,636447.5,0.0,0.0,1,1
838,720343.0,636447.5,0.0,0.0,1,1
839,720343.0,636447.5,0.0,0.0,1,1
840,720343.0,636447.5,0.0,0.0,1,1
841,720343.0,636447.5,0.0,0.0,1,1
842,720343.0,636447.5,0.0,0.0,1,1
843,720343.0,636447.5,0.0,0.0,1,1
844,720343.0,636447.5,0.0,0.0,1,1
845,720102.5,636447.5,0.0,0.0,1,1
846,720102.5,636447.5,0.0,0.0,1,1
847,720102.5,636447.5,0.0,0.0,1,1
848,720102.5,636447.5,0.0,0.0,1,1
849,720102.5,636447.5,0.0,0.0,1,1
850,720102.5,636447.5,0.0,0.0,1,1
851,720102.5,636447.5,0.0,0.0,1,1
852,720074.5,636447.5,0.0,0.0,1,1
853,720074.5,636447.5,0.0,0.0,1,1
854,720074.5,636447.5,0.0,0.0,1,1
855,720074.5,636447.5,0.0,0.0,1,1
856,720074.5,636447.5,0.0,0.0,1,1
857,720074.5,636447.5,0.0,0.0,1,1
858,720074.5,636447.5,0.0,0.0,1,1
859,720074.5,636447.5,0.0,0.0,1,1
860,720074.5,636447.5,0.0,0.0,1,1
861,720074.5,636447.5,0.0,0.0,1,1
862,720074.5,636447.5,0.0,0.0,1,1
863,720074.5,636447.5,0.0,0.0,1,1
864,720074.5,636447.5,0.0,0.0,1,1
865,720074.5,636447.5,0.0,0.0,1,1
866,720074.5,636447.5,0.0,0.0,1,1
867,720074.5,636447.5,0.0,0.0,1,1
868,720074.5,636447.5,0.0,0.0,1,1
869,720074.5,636447.5,0.0,0.0,1,1
870,720074.5,636447.5,0.0,0.0,1,1
871,720074.5,636447.5,0.0,0.0,1,1
872,720074.5,636447.5,0.0,0.0,1,1
873,720074.5,636447.5,0.0,0.0,1,1
874,720074.5,636447.5,0.0,0.0,1,1
875,720074.5,636447.5,0.0,0.0,1,1
876,720074.5,636447.5,0.0,0.0,1,1
877,720074.5,636447.5,0.0,0.0,1,1
878,720074.5,636447.5,0.0,0.0,1,1
879,720074.5,636447.5,0.0,0.0,1,1
880,720074.5,636447.5,0.0,0.0,1,1
881,720074.5,636447.5,0.0,0.0,1,1
882,720074.5,636447.5,0.0,0.0,1,1
883,720074.5,636447.5,0.0,0.0,1,1
884,720074.5,636447.5,0.0,0.0,1,1
885,720074.5,636447.5,0.0,0.0,1,1
886,720074.5,636447.5,0.0,0.0,1,1
887,720074.5,636447.5,0.0,0.0,1,1
888,720074.5,636447.5,0.0,0.0,1,1
889,720074.5,636447.5,0.0,0.0,1,1
890,720074.5,636447.5,0.0,0.0,1,1
891,720074.5,636447.5,0.0,0.0,1,1
892,719766.5,636447.5,0.0,0.0,1,1
893,719766.5,636447.5,0.0,0.0,1,1
894,719766.5,636447.5,0.0,0.0,1,1
895,719766.5,636447.5,0.0,0.0,1,1
896,719766.5,636447.5,0.0,0.0,1,1
897,719766.5,636447.5,0.0,0.0,1,1
898,720009.0,636447.5,0.0,0.0,1,1
899,720030.5,636447.5,0.0,0.0,1,1
900,720030.5,636447.5,0.0,0.0,1,1
901,720030.5,636447.5,0.0,0.0,1,1
902,720030.5,636447.5,0.0,0.0,1,1
903,720030.5,636447.5,0.0,0.0,1,1
904,720409.0,636447.5,0.0,0.0,1,1
905,720409.0,636447.5,0.0,0.0,1,1
906,720409.0,636447.5,0.0,0.0,1,1
907,720409.0,636447.5,0.0,0.0,1,1
908,720409.0,636447.5,0.0,0.0,1,1
909,720409.0,636447.5,0.0,0.0,1,1
910,720409.0,636447.5,0.0,0.0,1,1
911,720409.0,636447.5,0.0,0.0,1,1
912,720409.0,636447.5,0.0,0.0,1,1
913,720291.0,636447.5,0.0,0.0,1,1
914,720291.0,636447.5,0.0,0.0,1,1
915,720291.0,636447.5,0.0,0.0,1,1
916,720291.0,636447.5,0.0,0.0,1,1
917,720291.0,636447.5,0.0,0.0,1,1
918,720291.0,636447.5,0.0,0.0,1,1
919,720291.0,636447.5,0.0,0.0,1,1
920,720326.0,636447.5,0.0,0.0,1,1
921,720326.0,636447.5,0.0,0.0,1,1
922,720326.0,636447.5,0.0,0.0,1,1
923,720326.0,636447.5,0.0,0.0,1,1
924,720326.0,636447.5,0.0,0.0,1,1
925,720326.0,636447.5,0.0,0.0,1,1
926,720326.0,636447.5,0.0,0.0,1,1
927,720326.0,636447.5,0.0,0.0,1,1
928,720326.0,636447.5,0.0,0.0,1,1
929,720326.0,636447.5,0.0,0.0,1,1
930,720326.0,636447.5,0.0,0.0,1,1
931,720326.0,636447.5,0.0,0.0,1,1
932,720351.0,636447.5,0.0,0.0,1,1
933,720351.0,636447.5,0.0,0.0,1,1
934,720351.0,636447.5,0.0,0.0,1,1
935,720351.0,636447.5,0.0,0.0,1,1
936,721591.0,636447.5,0.0,0.0,1,1
937,721591.0,636447.5,0.0,0.0,1,1
938,721591.0,636447.5,0.0,0.0,1,1
939,721591.0,636447.5,0.0,0.0,1,1
940,721591.0,636447.5,0.0,0.0,1,1
941,721591.0,636447.5,0.0,0.0,1,1
942,721591.0,636447.5,0.0,0.0,1,1
943,721527.0,636447.5,0.0,0.0,1,1
944,721527.0,636447.5,0.0,0.0,1,1
945,721527.0,636447.5,0.0,0.0,1,1
946,721527.0,636447.5,0.0,0.0,1,1
947,721623.0,636447.5,0.0,0.0,1,1
948,721623.0,636447.5,0.0,0.0,1,1
949,721623.0,636447.5,0.0,0.0,1,1
950,721623.0,636447.5,0.0,0.0,1,1
951,721623.0,636447.5,0.0,0.0,1,1
952,721623.0,636447.5,0.0,0.0,1,1
953,721623.0,636447.5,0.0,0.0,1,1
954,721623.0,636447.5,0.0,0.0,1,1
955,721606.0,636447.5,0.0,0.0,1,1
956,721606.0,636447.5,0.0,0.0,1,1
957,721606.0,636447.5,0.0,0.0,1,1
958,721606.0,636447.5,0.0,0.0,1,1
959,721606.0,636447.5,0.0,0.0,1,1
960,721606.0,636447.5,0.0,0.0,1,1
961,721606.0,636447.5,0.0,0.0,1,1
962,721606.0,636447.5,0.0,0.0,1,1
963,721606.0,636447.5,0.0,0.0,1,1
964,721606.0,636447.5,0.0,0.0,1,1
965,721550.5,636447.5,0.0,0.0,1,1
966,721550.5,636447.5,0.0,0.0,1,1
967,721550.5,636447.5,0.0,0.0,1,1
968,721550.5,636447.5,0.0,0.0,1,1
969,721550.5,636447.5,0.0,0.0,1,1
970,721550.5,636447.5,0.0,0.0,1,1
971,721550.5,636447.5,0.0,0.0,1,1
972,721550.5,636447.5,0.0,0.0,1,1
973,721550.5,636447.5,0.0,0.0,1,1
974,721550.5,636447.5,0.0,0.0,1,1
975,721550.5,636447.5,0.0,0.0,1,1
976,721550.5,636447.5,0.0,0.0,1,1
977,721550.5,636447.5,0.0,0.0,1,1
978,721550.5,636447.5,0.0,0.0,1,1
979,721550.5,636447.5,0.0,0.0,1,1
980,721550.5,636447.5,0.0,0.0,1,1
981,721550.5,636447.5,0.0,0.0,1,1
982,721550.5,636447.5,0.0,0.0,1,1
983,721550.5,636447.5,0.0,0.0,1,1
984,721550.5,636447.5,0.0,0.0,1,1
985,721550.5,636447.5,0.0,0.0,1,1
986,723523.0,636447.5,0.0,0.0,1,1
987,723523.0,636447.5,0.0,0.0,1,1
988,723523.0,636447.5,0.0,0.0,1,1
989,723523.0,636447.5,0.0,0.0,1,1
990,723523.0,636447.5,0.0,0.0,1,1
991,723578.5,636447.5,0.0,0.0,1,1
992,723578.5,636447.5,0.0,0.0,1,1
993,723578.5,636447.5,0.0,0.0,1,1
994,723578.5,636447.5,0.0,0.0,1,1
995,723578.5,636447.5,0.0,0.0,1,1
996,723578.5,636447.5,0.0,0.0,1,1
997,732623.5,636447.5,0.0,0.0,1,1
998,732623.5,636447.5,0.0,0.0,1,1
999,732512.0,636447.5,0.0,0.0,1,1
1000,732512.0,636447.5,0.0,0.0,1,1
1001,732512.0,636447.5,0.0,0.0,1,1
1002,732512.0,636447.5,0.0,0.0,1,1
1003,732512.0,636447.5,0.0,0.0,1,1
1004,732512.0,636447.5,0.0,0.0,1,1
1005,732512.0,636447.5,0.0,0.0,1,1
1006,732512.0,636447.5,0.0,0.0,1,1
1007,732512.0,636447.5,0.0,0.0,1,1
1008,732512.0,636447.5,0.0,0.0,1,1
1009,732512.0,636447.5,0.0,0.0,1,1
1010,732512.0,636447.5,0.0,0.0,1,1
1011,732512.0,636447.5,0.0,0.0,1,1
1012,732512.0,636447.5,0.0,0.0,1,1
1013,732512.0,636447.5,0.0,0.0,1,1
1014,732512.0,636447.5,0.0,0.0,1,1
1015,732512.0,636447.5,0.0,0.0,1,1
1016,732512.0,636447.5,0.0,0.0,1,1
1017,732512.0,636447.5,0.0,0.0,1,1
1018,732512.0,636447.5,0.0,0.0,1,1
1019,733127.0,636447.5,0.0,0.0,1,1
1020,733127.0,636447.5,0.0,0.0,1,1
1021,733127.0,636447.5,0.0,0.0,1,1
1022,733127.0,636447.5,0.0,0.0,1,1
1023,733127.0,636447.5,0.0,0.0,1,1
1024,733127.0,636447.5,0.0,0.0,1,1
1025,733127.0,636447.5,0.0,0.0,1,1
1026,733127.0,636447.5,0.0,0.0,1,1
1027,733127.0,636447.5,0.0,0.0,1,1
1028,733127.0,636447.5,0.0,0.0,1,1
1029,733127.0,636447.5,0.0,0.0,1,1
1030,733127.0,636447.5,0.0,0.0,1,1
1031,732933.0,636447.5,0.0,0.0,1,1
1032,732933.0,636447.5,0.0,0.0,1,1
1033,732933.0,636447.5,0.0,0.0,1,1
1034,732933.0,636447.5,0.0,0.0,1,1
1035,732933.0,636447.5,0.0,0.0,1,1
1036,732933.0,636447.5,0.0,0.0,1,1
1037,732933.0,636447.5,0.0,0.0,1,1
1038,732933.0,636447.5,0.0,0.0,1,1
1039,732933.0,636447.5,0.0,0.0,1,1
1040,732933.0,636447.5,0.0,0.0,1,1
1041,732933.0,636447.5,0.0,0.0,1,1
1042,732933.0,636447.5,0.0,0.0,1,1
1043,732933.0,636447.5,0.0,0.0,1,1
1044,732933.0,636447.5,0.0,0.0,1,1
1045,732933.0,636447.5,0.0,0.0,1,1
1046,732933.0,636447.5,0.0,0.0,1,1
1047,732933.0,636447.5,0.0,0.0,1,1
1048,732933.0,636447.5,0.0,0.0,1,1
1049,732933.0,636447.5,0.0,0.0,1,1
1050,732933.0,636447.5,0.0,0.0,1,1
1051,732933.0,636447.5,0.0,0.0,1,1
1052,732933.0,636447.5,0.0,0.0,1,1
1053,732933.0,636447.5,0.0,0.0,1,1
1054,732933.0,636447.5,0.0,0.0,1,1
1055,732888.5,636447.5,0.0,0.0,1,1
1056,732888.5,636447.5,0.0,0.0,1,1
1057,732888.5,636447.5,0.0,0.0,1,1
1058,732888.5,636447.5,0.0,0.0,1,1
1059,732888.5,636447.5,0.0,0.0,1,1
1060,732888.5,636447.5,0.0,0.0,1,1
1061,732888.5,636447.5,0.0,0.0,1,1
1062,732888.5,636447.5,0.0,0.0,1,1
1063,732888.5,636447.5,0.0,0.0,1,1
1064,732888.5,636447.5,0.0,0.0,1,1
1065,732888.5,636447.5,0.0,0.0,1,1
1066,733084.5,636447.5,0.0,0.0,1,1
1067,733084.5,636447.5,0.0,0.0,1,1
1068,733084.5,636447.5,0.0,0.0,1,1
1069,733084.5,636447.5,0.0,0.0,1,1
1070,733084.5,636447.5,0.0,0.0,1,1
1071,733084.5,636447.5,0.0,0.0,1,1
1072,733084.5,636447.5,0.0,0.0,1,1
1073,733077.5,636447.5,0.0,0.0,1,1
1074,733077.5,636447.5,0.0,0.0,1,1
1075,733218.5,636447.5,0.0,0.0,1,1
1076,732326.5,636447.5,0.0,0.0,1,1
1077,732326.5,636447.5,0.0,0.0,1,1
1078,732326.5,636447.5,0.0,0.0,1,1
1079,732326.5,636447.5,0.0,0.0,1,1
1080,732326.5,636447.5,0.0,0.0,1,1
1081,732326.5,636447.5,0.0,0.0,1,1
1082,732326.5,636447.5,0.0,0.0,1,1
1083,732326.5,636447.5,0.0,0.0,1,1
1084,732326.5,636447.5,0.0,0.0,1,1
1085,732326.5,636447.5,0.0,0.0,1,1
1086,732326.5,636447.5,0.0,0.0,1,1
1087,732326.5,636447.5,0.0,0.0,1,1
1088,732326.5,636447.5,0.0,0.0,1,1
1089,732326.5,636447.5,0.0,0.0,1,1
1090,732326.5,636447.5,0.0,0.0,1,1
1091,732277.5,636447.5,0.0,0.0,1,1
1092,732277.5,636447.5,0.0,0.0,1,1
1093,732277.5,636447.5,0.0,0.0,1,1
1094,732277.5,636447.5,0.0,0.0,1,1
1095,732277.5,636447.5,0.0,0.0,1,1
1096,732277.5,636447.5,0.0,0.0,1,1
1097,732277.5,636447.5,0.0,0.0,1,1
1098,732277.5,636447.5,0.0,0.0,1,1
1099,732277.5,636447.5,0.0,0.0,1,1
1100,732277.5,636447.5,0.0,0.0,1,1
1101,732277.5,636447.5,0.0,0.0,1,1
1102,732277.5,636447.5,0.0,0.0,1,1
1103,732277.5,636447.5,0.0,0.0,1,1
1104,732277.5,636447.5,0.0,0.0,1,1
1105,732277.5,636447.5,0.0,0.0,1,1
1106,732277.5,636447.5,0.0,0.0,1,1
1107,732475.5,636447.5,0.0,0.0,1,1
1108,732475.5,636447.5,0.0,0.0,1,1
1109,732475.5,636447.5,0.0,0.0,1,1
1110,732475.5,636447.5,0.0,0.0,1,1
1111,732314.0,636447.5,0.0,0.0,1,1
1112,732314.0,636447.5,0.0,0.0,1,1
1113,732314.0,636447.5,0.0,0.0,1,1
1114,732314.0,636447.5,0.0,0.0,1,1
1115,732314.0,636447.5,0.0,0.0,1,1
1116,732314.0,636447.5,0.0,0.0,1,1
1117,732314.0,636447.5,0.0,0.0,1,1
1118,732314.0,636447.5,0.0,0.0,1,1
1119,732314.0,636447.5,0.0,0.0,1,1
1120,732314.0,636447.5,0.0,0.0,1,1
1121,732314.0,636447.5,0.0,0.0,1,1
1122,732314.0,636447.5,0.0,0.0,1,1
1123,732314.0,636447.5,0.0,0.0,1,1
1124,732314.0,636447.5,0.0,0.0,1,1
1125,732719.0,636447.5,0.0,0.0,1,1
1126,732719.0,636447.5,0.0,0.0,1,1
1127,732719.0,636447.5,0.0,0.0,1,1
1128,732719.0,636447.5,0.0,0.0,1,1
1129,732755.5,636447.5,0.0,0.0,1,1
1130,732755.5,636447.5,0.0,0.0,1,1
1131,732775.5,636447.5,0.0,0.0,1,1
1132,732739.0,636447.5,0.0,0.0,1,1
1133,732739.0,636447.5,0.0,0.0,1,1
1134,732739.0,636447.5,0.0,0.0,1,1
1135,732597.0,636447.5,0.0,0.0,1,1
1136,732597.0,636447.5,0.0,0.0,1,1
1137,732597.0,636447.5,0.0,0.0,1,1
1138,732597.0,636447.5,0.0,0.0,1,1
1139,732597.0,636447.5,0.0,0.0,1,1
1140,732597.0,636447.5,0.0,0.0,1,1
1141,732597.0,636447.5,0.0,0.0,1,1
1142,732597.0,636447.5,0.0,0.0,1,1
1143,732597.0,636447.5,0.0,0.0,1,1
1144,732597.0,636447.5,0.0,0.0,1,1
1145,732597.0,636447.5,0.0,0.0,1,1
1146,732597.0,636447.5,0.0,0.0,1,1
1147,732597.0,636447.5,0.0,0.0,1,1
1148,732597.0,636447.5,0.0,0.0,1,1
1149,732597.0,636447.5,0.0,0.0,1,1
1150,732597.0,636447.5,0.0,0.0,1,1
1151,732597.0,636447.5,0.0,0.0,1,1
1152,732597.0,636447.5,0.0,0.0,1,1
1153,732597.0,636447.5,0.0,0.0,1,1
1154,732597.0,636447.5,0.0,0.0,1,1
1155,732597.0,636447.5,0.0,0.0,1,1
1156,732597.0,636447.5,0.0,0.0,1,1
1157,732585.5,636447.5,0.0,0.0,1,1
1158,732585.5,636447.5,0.0,0.0,1,1
1159,732585.5,636447.5,0.0,0.0,1,1
1160,732585.5,636447.5,0.0,0.0,1,1
1161,732585.5,636447.5,0.0,0.0,1,1
1162,732585.5,636447.5,0.0,0.0,1,1
1163,732585.5,636447.5,0.0,0.0,1,1
1164,732585.5,636447.5,0.0,0.0,1,1
1165,732585.5,636447.5,0.0,0.0,1,1
1166,732893.5,636447.5,0.0,0.0,1,1
1167,732893.5,636447.5,0.0,0.0,1,1
1168,732893.5,636447.5,0.0,0.0,1,1
1169,732337.5,636447.5,0.0,0.0,1,1
1170,732337.5,636447.5,0.0,0.0,1,1
1171,732337.5,636447.5,0.0,0.0,1,1
1172,732337.5,636447.5,0.0,0.0,1,1
1173,732337.5,636447.5,0.0,0.0,1,1
1174,732337.5,636447.5,0.0,0.0,1,1
1175,732337.5,636447.5,0.0,0.0,1,1
1176,732337.5,636447.5,0.0,0.0,1,1
1177,732337.5,636447.5,0.0,0.0,1,1
1178,732337.5,636447.5,0.0,0.0,1,1
1179,732241.5,636447.5,0.0,0.0,1,1
1180,732241.5,636447.5,0.0,0.0,1,1
1181,721534.5,636447.5,0.0,0.0,1,1
1182,721534.5,636447.5,0.0,0.0,1,1
1183,721534.5,636447.5,0.0,0.0,1,1
1184,721534.5,636447.5,0.0,0.0,1,1
1185,721534.5,636447.5,0.0,0.0,1,1
1186,721534.5,636447.5,0.0,0.0,1,1
1187,721534.5,636447.5,0.0,0.0,1,1
1188,721534.5,636447.5,0.0,0.0,1,1
1189,721534.5,636447.5,0.0,0.0,1,1
1190,721534.5,636447.5,0.0,0.0,1,1
1191,721534.5,636447.5,0.0,0.0,1,1
1192,721534.5,636447.5,0.0,0.0,1,1
1193,721534.5,636447.5,0.0,0.0,1,1
1194,721534.5,636447.5,0.0,0.0,1,1
1195,721534.5,636447.5,0.0,0.0,1,1
1196,721534.5,636447.5,0.0,0.0,1,1
1197,721534.5,636447.5,0.0,0.0,1,1
1198,721534.5,636447.5,0.0,0.0,1,1
1199,721534.5,636447.5,0.0,0.0,1,1
1200,722089.0,636447.5,0.0,0.0,1,1
1201,722089.0,636447.5,0.0,0.0,1,1
1202,722089.0,636447.5,0.0,0.0,1,1
1203,722156.5,636447.5,0.0,0.0,1,1
1204,722156.5,636447.5,0.0,0.0,1,1
1205,722156.5,636447.5,0.0,0.0,1,1
1206,722156.5,636447.5,0.0,0.0,1,1
1207,722156.5,636447.5,0.0,0.0,1,1
1208,722156.5,636447.5,0.0,0.0,1,1
1209,722156.5,636447.5,0.0,0.0,1,1
1210,722156.5,636447.5,0.0,0.0,1,1
1211,722156.5,636447.5,0.0,0.0,1,1
1212,722156.5,636447.5,0.0,0.0,1,1
1213,722156.5,636447.5,0.0,0.0,1,1
1214,722156.5,636447.5,0.0,0.0,1,1
1215,722156.5,636447.5,0.0,0.0,1,1
1216,722156.5,636447.5,0.0,0.0,1,1
1217,722156.5,636447.5,0.0,0.0,1,1
1218,722101.0,636447.5,0.0,0.0,1,1
1219,722101.0,636447.5,0.0,0.0,1,1
1220,722101.0,636447.5,0.0,0.0,1,1
1221,722101.0,636447.5,0.0,0.0,1,1
1222,722001.0,636447.5,0.0,0.0,1,1
1223,722001.0,636447.5,0.0,0.0,1,1
1224,722001.0,636447.5,0.0,0.0,1,1
1225,722001.0,636447.5,0.0,0.0,1,1
1226,722001.0,636447.5,0.0,0.0,1,1
1227,722001.0,636447.5,0.0,0.0,1,1
1228,722001.0,636447.5,0.0,0.0,1,1
1229,722001.0,636447.5,0.0,0.0,1,1
1230,722001.0,636447.5,0.0,0.0,1,1
1231,722001.0,636447.5,0.0,0.0,1,1
1232,722001.0,636447.5,0.0,0.0,1,1
1233,722001.0,636447.5,0.0,0.0,1,1
1234,722001.0,636447.5,0.0,0.0,1,1
1235,722001.0,636447.5,0.0,0.0,1,1
1236,722001.0,636447.5,0.0,0.0,1,1
1237,722001.0,636447.5,0.0,0.0,1,1
1238,722001.0,636447.5,0.0,0.0,1,1
1239,722001.0,636447.5,0.0,0.0,1,1
1240,722001.0,636447.5,0.0,0.0,1,1
1241,722001.0,636447.5,0.0,0.0,1,1
1242,722001.0,636447.5,0.0,0.0,1,1
1243,722001.0,636447.5,0.0,0.0,1,1
1244,722001.0,636447.5,0.0,0.0,1,1
1245,722001.0,636447.5,0.0,0.0,1,1
1246,722001.0,636447.5,0.0,0.0,1,1
1247,722001.0,636447.5,0.0,0.0,1,1
1248,722001.0,636447.5,0.0,0.0,1,1
1249,722001.0,636447.5,0.0,0.0,1,1
1250,722001.0,636447.5,0.0,0.0,1,1
1251,722056.5,636447.5,0.0,0.0,1,1
1252,722056.5,636447.5,0.0,0.0,1,1
1253,722056.5,636447.5,0.0,0.0,1,1
1254,722056.5,636447.5,0.0,0.0,1,1
1255,722056.5,636447.5,0.0,0.0,1,1
1256,722056.5,636447.5,0.0,0.0,1,1
1257,722056.5,636447.5,0.0,0.0,1,1
1258,722056.5,636447.5,0.0,0.0,1,1
1259,722056.5,636447.5,0.0,0.0,1,1
1260,722287.5,636447.5,0.0,0.0,1,1
1261,722287.5,636447.5,0.0,0.0,1,1
1262,722287.5,636447.5,0.0,0.0,1,1
1263,722287.5,636447.5,0.0,0.0,1,1
1264,722765.5,636447.5,0.0,0.0,1,1
1265,722765.5,636447.5,0.0,0.0,1,1
1266,722765.5,636447.5,0.0,0.0,1,1
1267,722765.5,636447.5,0.0,0.0,1,1
1268,722765.5,636447.5,0.0,0.0,1,1
1269,722765.5,636447.5,0.0,0.0,1,1
1270,722765.5,636447.5,0.0,0.0,1,1
1271,722765.5,636447.5,0.0,0.0,1,1
1272,722765.5,636447.5,0.0,0.0,1,1
1273,722782.5,636447.5,0.0,0.0,1,1
1274,722782.5,636447.5,0.0,0.0,1,1
1275,722782.5,636447.5,0.0,0.0,1,1
1276,722782.5,636447.5,0.0,0.0,1,1
1277,722782.5,636447.5,0.0,0.0,1,1
1278,722782.5,636447.5,0.0,0.0,1,1
1279,722782.5,636447.5,0.0,0.0,1,1
1280,722782.5,636447.5,0.0,0.0,1,1
1281,722782.5,636447.5,0.0,0.0,1,1
1282,722782.5,636447.5,0.0,0.0,1,1
1283,722782.5,636447.5,0.0,0.0,1,1
1284,722782.5,636447.5,0.0,0.0,1,1
1285,722782.5,636447.5,0.0,0.0,1,1
1286,722782.5,636447.5,0.0,0.0,1,1
1287,722782.5,636447.5,0.0,0.0,1,1
1288,722782.5,636447.5,0.0,0.0,1,1
1289,722782.5,636447.5,0.0,0.0,1,1
1290,722782.5,636447.5,0.0,0.0,1,1
1291,724554.5,636447.5,0.0,0.0,1,1
1292,724554.5,636447.5,0.0,0.0,1,1
1293,725501.0,636447.5,0.0,0.0,1,1
1294,725501.0,636447.5,0.0,0.0,1,1
1295,725501.0,636447.5,0.0,0.0,1,1
1296,725501.0,636447.5,0.0,0.0,1,1
1297,725501.0,636447.5,0.0,0.0,1,1
1298,725501.0,636447.5,0.0,0.0,1,1
1299,725501.0,636447.5,0.0,0.0,1,1
1300,725501.0,636447.5,0.0,0.0,1,1
1301,725501.0,636447.5,0.0,0.0,1,1
1302,725501.0,636447.5,0.0,0.0,1,1
1303,725501.0,636447.5,0.0,0.0,1,1
1304,725501.0,636447.5,0.0,0.0,1,1
1305,725501.0,636447.5,0.0,0.0,1,1
1306,727823.0,636447.5,0.0,0.0,1,1
1307,727823.0,636447.5,0.0,0.0,1,1
1308,727823.0,636447.5,0.0,0.0,1,1
1309,727823.0,636447.5,0.0,0.0,1,1
1310,727823.0,636447.5,0.0,0.0,1,1
1311,727823.0,636447.5,0.0,0.0,1,1
1312,727823.0,636447.5,0.0,0.0,1,1
1313,727823.0,636447.5,0.0,0.0,1,1
1314,727816.0,636447.5,0.0,0.0,1,1
1315,727816.0,636447.5,0.0,0.0,1,1
1316,727816.0,636447.5,0.0,0.0,1,1
1317,727816.0,636447.5,0.0,0.0,1,1
1318,727816.0,636447.5,0.0,0.0,1,1
1319,727816.0,636447.5,0.0,0.0,1,1
1320,727816.0,636447.5,0.0,0.0,1,1
1321,727816.0,636447.5,0.0,0.0,1,1
1322,727816.0,636447.5,0.0,0.0,1,1
1323,727816.0,636447.5,0.0,0.0,1,1
1324,727816.0,636447.5,0.0,0.0,1,1
1325,727713.5,636447.5,0.0,0.0,1,1
1326,727713.5,636447.5,0.0,0.0,1,1
1327,727713.5,636447.5,0.0,0.0,1,1
1328,727713.5,636447.5,0.0,0.0,1,1
1329,727713.5,636447.5,0.0,0.0,1,1
1330,727713.5,636447.5,0.0,0.0,1,1
1331,727713.5,636447.5,0.0,0.0,1,1
1332,727713.5,636447.5,0.0,0.0,1,1
1333,727713.5,636447.5,0.0,0.0,1,1
1334,727713.5,636447.5,0.0,0.0,1,1
1335,727713.5,636447.5,0.0,0.0,1,1
1336,727713.5,636447.5,0.0,0.0,1,1
1337,727713.5,636447.5,0.0,0.0,1,1
1338,727713.5,636447.5,0.0,0.0,1,1
1339,727713.5,636447.5,0.0,0.0,1,1
1340,727713.5,636447.5,0.0,0.0,1,1
1341,727713.5,636447.5,0.0,0.0,1,1
1342,727713.5,636447.5,0.0,0.0,1,1
1343,727713.5,636447.5,0.0,0.0,1,1
1344,727713.5,636447.5,0.0,0.0,1,1
1345,727713.5,636447.5,0.0,0.0,1,1
1346,727713.5,636447.5,0.0,0.0,1,1
1347,727707.5,636447.5,0.0,0.0,1,1
1348,727707.5,636447.5,0.0,0.0,1,1
1349,727707.5,636447.5,0.0,0.0,1,1
1350,727707.5,636447.5,0.0,0.0,1,1
1351,727707.5,636447.5,0.0,0.0,1,1
1352,727707.5,636447.5,0.0,0.0,1,1
1353,727707.5,636447.5,0.0,0.0,1,1
1354,727707.5,636447.5,0.0,0.0,1,1
1355,727707.5,636447.5,0.0,0.0,1,1
1356,727707.5,636447.5,0.0,0.0,1,1
1357,727707.5,636447.5,0.0,0.0,1,1
1358,727707.5,636447.5,0.0,0.0,1,1
1359,727707.5,636447.5,0.0,0.0,1,1
1360,727707.5,636447.5,0.0,0.0,1,1
1361,727707.5,636447.5,0.0,0.0,1,1
1362,727707.5,636447.5,0.0,0.0,1,1
1363,727707.5,636447.5,0.0,0.0,1,1
1364,727707.5,636447.5,0.0,0.0,1,1
1365,727707.5,636447.5,0.0,0.0,1,1
1366,727707.5,636447.5,0.0,0.0,1,1
1367,727688.5,636447.5,0.0,0.0,1,1
1368,727688.5,636447.5,0.0,0.0,1,1
1369,727688.5,636447.5,0.0,0.0,1,1
1370,727688.5,636447.5,0.0,0.0,1,1
1371,727688.5,636447.5,0.0,0.0,1,1
1372,727688.5,636447.5,0.0,0.0,1,1
1373,727688.5,636447.5,0.0,0.0,1,1
1374,727688.5,636447.5,0.0,0.0,1,1
1375,727688.5,636447.5,0.0,0.0,1,1
1376,727688.5,636447.5,0.0,0.0,1,1
1377,727688.5,636447.5,0.0,0.0,1,1
1378,727688.5,636447.5,0.0,0.0,1,1
1379,727688.5,636447.5,0.0,0.0,1,1
1380,727688.5,636447.5,0.0,0.0,1,1
1381,727688.5,636447.5,0.0,0.0,1,1
1382,727688.5,636447.5,0.0,0.0,1,1
1383,727688.5,636447.5,0.0,0.0,1,1
1384,727688.5,636447.5,0.0,0.0,1,1
1385,727688.5,636447.5,0.0,0.0,1,1
1386,727688.5,636447.5,0.0,0.0,1,1
1387,732508.0,636447.5,0.0,0.0,1,1
1388,732508.0,636447.5,0.0,0.0,1,1
1389,732508.0,636447.5,0.0,0.0,1,1
1390,732508.0,636447.5,0.0,0.0,1,1
1391,732508.0,636447.5,0.0,0.0,1,1
1392,732508.0,636447.5,0.0,0.0,1,1
1393,732508.0,636447.5,0.0,0.0,1,1
1394,732508.0,636447.5,0.0,0.0,1,1
1395,732508.0,636447.5,0.0,0.0,1,1
1396,732508.0,636447.5,0.0,0.0,1,1
1397,732508.0,636447.5,0.0,0.0,1,1
1398,732508.0,636447.5,0.0,0.0,1,1
1399,732508.0,636447.5,0.0,0.0,1,1
1400,732508.0,636447.5,0.0,0.0,1,1
1401,732508.0,636447.5,0.0,0.0,1,1
1402,732508.0,636447.5,0.0,0.0,1,1
1403,732508.0,636447.5,0.0,0.0,1,1
1404,732508.0,636447.5,0.0,0.0,1,1
1405,732508.0,636447.5,0.0,0.0,1,1
1406,732508.0,636447.5,0.0,0.0,1,1
1407,731355.5,636447.5,0.0,0.0,1,1
1408,731396.0,636447.5,0.0,0.0,1,1
1409,731396.0,636447.5,0.0,0.0,1,1
1410,731558.5,636447.5,0.0,0.0,1,1
1411,731558.5,636447.5,0.0,0.0,1,1
1412,731558.5,636447.5,0.0,0.0,1,1
1413,731558.5,636447.5,0.0,0.0,1,1
1414,731558.5,636447.5,0.0,0.0,1,1
1415,731558.5,636447.5,0.0,0.0,1,1
1416,731558.5,636447.5,0.0,0.0,1,1
1417,731525.5,636447.5,0.0,0.0,1,1
1418,731525.5,636447.5,0.0,0.0,1,1
1419,731525.5,636447.5,0.0,0.0,1,1
1420,731525.5,636447.5,0.0,0.0,1,1
1421,731525.5,636447.5,0.0,0.0,1,1
1422,731525.5,636447.5,0.0,0.0,1,1
1423,731525.5,636447.5,0.0,0.0,1,1
1424,731525.5,636447.5,0.0,0.0,1,1
1425,731525.5,636447.5,0.0,0.0,1,1
1426,731525.5,636447.5,0.0,0.0,1,1
1427,731525.5,636447.5,0.0,0.0,1,1
1428,731525.5,636447.5,0.0,0.0,1,1
1429,731525.5,636447.5,0.0,0.0,1,1
1430,731525.5,636447.5,0.0,0.0,1,1
1431,731525.5,636447.5,0.0,0.0,1,1
1432,731525.5,636447.5,0.0,0.0,1,1
1433,731525.5,636447.5,0.0,0.0,1,1
1434,731525.5,636447.5,0.0,0.0,1,1
1435,731525.5,636447.5,0.0,0.0,1,1
1436,731525.5,636447.5,0.0,0.0,1,1
1437,731525.5,636447.5,0.0,0.0,1,1
1438,731525.5,636447.5,0.0,0.0,1,1
1439,731525.5,636447.5,0.0,0.0,1,1
1440,731525.5,636447.5,0.0,0.0,1,1
1441,732688.5,636447.5,0.0,0.0,1,1
1442,732688.5,636447.5,0.0,0.0,1,1
1443,732688.5,636447.5,0.0,0.0,1,1
1444,732688.5,636447.5,0.0,0.0,1,1
1445,732688.5,636447.5,0.0,0.0,1,1
1446,732688.5,636447.5,0.0,0.0,1,1
1447,732688.5,636447.5,0.0,0.0,1,1
1448,732688.5,636447.5,0.0,0.0,1,1
1449,732688.5,636447.5,0.0,0.0,1,1
1450,732688.5,636447.5,0.0,0.0,1,1
1451,732688.5,636447.5,0.0,0.0,1,1
1452,732688.5,636447.5,0.0,0.0,1,1
1453,732688.5,636447.5,0.0,0.0,1,1
1454,732688.5,636447.5,0.0,0.0,1,1
1455,732688.5,636447.5,0.0,0.0,1,1
1456,732688.5,636447.5,0.0,0.0,1,1
1457,732688.5,636447.5,0.0,0.0,1,1
1458,732688.5,636447.5,0.0,0.0,1,1
1459,732688.5,636447.5,0.0,0.0,1,1
1460,732688.5,636447.5,0.0,0.0,1,1
1461,732688.5,636447.5,0.0,0.0,1,1
1462,732695.0,636447.5,0.0,0.0,1,1
1463,732695.0,636447.5,0.0,0.0,1,1
1464,732695.0,636447.5,0.0,0.0,1,1
1465,732695.0,636447.5,0.0,0.0,1,1
1466,732695.0,636447.5,0.0,0.0,1,1
1467,732695.0,636447.5,0.0,0.0,1,1
1468,732695.0,636447.5,0.0,0.0,1,1
1469,732695.0,636447.5,0.0,0.0,1,1
1470,732695.0,636447.5,0.0,0.0,1,1
1471,732695.0,636447.5,0.0,0.0,1,1
1472,732695.0,636447.5,0.0,0.0,1,1
1473,732695.0,636447.5,0.0,0.0,1,1
1474,732695.0,636447.5,0.0,0.0,1,1
1475,732695.0,636447.5,0.0,0.0,1,1
1476,732695.0,636447.5,0.0,0.0,1,1
1477,732695.0,636447.5,0.0,0.0,1,1
1478,732695.0,636447.5,0.0,0.0,1,1
1479,732695.0,636447.5,0.0,0.0,1,1
1480,732695.0,636447.5,0.0,0.0,1,1
1481,732695.0,636447.5,0.0,0.0,1,1
1482,732695.0,636447.5,0.0,0.0,1,1
1483,732695.0,636447.5,0.0,0.0,1,1
1484,732695.0,636447.5,0.0,0.0,1,1
1485,732695.0,636447.5,0.0,0.0,1,1
1486,732695.0,636447.5,0.0,0.0,1,1
1487,732695.0,636447.5,0.0,0.0,1,1
1488,732695.0,636447.5,0.0,0.0,1,1
1489,732695.0,636447.5,0.0,0.0,1,1
1490,732695.0,636447.5,0.0,0.0,1,1
1491,732695.0,636447.5,0.0,0.0,1,1
1492,732695.0,636447.5,0.0,0.0,1,1
1493,732695.0,636447.5,0.0,0.0,1,1
1494,732695.0,636447.5,0.0,0.0,1,1
1495,732695.0,636447.5,0.0,0.0,1,1
1496,732695.0,636447.5,0.0,0.0,1,1
1497,732695.0,636447.5,0.0,0.0,1,1
1498,732695.0,636447.5,0.0,0.0,1,1
1499,732695.0,636447.5,0.0,0.0,1,1
1500,732695.0,636447.5,0.0,0.0,1,1
1501,732695.0,636447.5,0.0,0.0,1,1
1502,732695.0,636447.5,0.0,0.0,1,1
1503,732695.0,636447.5,0.0,0.0,1,1
1504,732695.0,636447.5,0.0,0.0,1,1
1505,732695.0,636447.5,0.0,0.0,1,1
1506,732695.0,636447.5,0.0,0.0,1,1
1507,732695.0,636447.5,0.0,0.0,1,1
1508,732695.0,636447.5,0.0,0.0,1,1
1509,732695.0,636447.5,0.0,0.0,1,1
1510,732695.0,636447.5,0.0,0.0,1,1
1511,732695.0,636447.5,0.0,0.0,1,1
1512,732695.0,636447.5,0.0,0.0,1,1
1513,732695.0,636447.5,0.0,0.0,1,1
1514,732695.0,636447.5,0.0,0.0,1,1
1515,732695.0,636447.5,0.0,0.0,1,1
1516,732695.0,636447.5,0.0,0.0,1,1
1517,732695.0,636447.5,0.0,0.0,1,1
1518,732695.0,636447.5,0.0,0.0,1,1
1519,732695.0,636447.5,0.0,0.0,1,1
1520,732695.0,636447.5,0.0,0.0,1,1
1521,732695.0,636447.5,0.0,0.0,1,1
1522,732695.0,636447.5,0.0,0.0,1,1
1523,732695.0,636447.5,0.0,0.0,1,1
1524,732695.0,636447.5,0.0,0.0,1,1
1525,732695.0,636447.5,0.0,0.0,1,1
1526,732710.0,636447.5,0.0,0.0,1,1
1527,732910.0,636447.5,0.0,0.0,1,1
1528,732910.0,636447.5,0.0,0.0,1,1
1529,732910.0,636447.5,0.0,0.0,1,1
1530,732910.0,636447.5,0.0,0.0,1,1
1531,732910.0,636447.5,0.0,0.0,1,1
1532,732910.0,636447.5,0.0,0.0,1,1
1533,732910.0,636447.5,0.0,0.0,1,1
1534,732910.0,636447.5,0.0,0.0,1,1
1535,732910.0,636447.5,0.0,0.0,1,1
1536,732910.0,636447.5,0.0,0.0,1,1
1537,732910.0,636447.5,0.0,0.0,1,1
1538,732910.0,636447.5,0.0,0.0,1,1
1539,732910.0,636447.5,0.0,0.0,1,1
1540,732910.0,636447.5,0.0,0.0,1,1
1541,732910.0,636447.5,0.0,0.0,1,1
1542,732910.0,636447.5,0.0,0.0,1,1
1543,732910.0,636447.5,0.0,0.0,1,1
1544,732910.0,636447.5,0.0,0.0,1,1
1545,732910.0,636447.5,0.0,0.0,1,1
1546,732910.0,636447.5,0.0,0.0,1,1
1547,732910.0,636447.5,0.0,0.0,1,1
1548,732910.0,636447.5,0.0,0.0,1,1
1549,732910.0,636447.5,0.0,0.0,1,1
1550,732910.0,636447.5,0.0,0.0,1,1
1551,732910.0,636447.5,0.0,0.0,1,1
1552,732910.0,636447.5,0.0,0.0,1,1
1553,732910.0,636447.5,0.0,0.0,1,1
1554,733362.0,636447.5,0.0,0.0,1,1
1555,733362.0,636447.5,0.0,0.0,1,1
1556,733362.0,636447.5,0.0,0.0,1,1
1557,733362.0,636447.5,0.0,0.0,1,1
1558,733362.0,636447.5,0.0,0.0,1,1
1559,733362.0,636447.5,0.0,0.0,1,1
1560,733362.0,636447.5,0.0,0.0,1,1
1561,733362.0,636447.5,0.0,0.0,1,1
1562,733362.0,636447.5,0.0,0.0,1,1
1563,733362.0,636447.5,0.0,0.0,1,1
1564,733308.5,636447.5,0.0,0.0,1,1
1565,733308.5,636447.5,0.0,0.0,1,1
1566,733308.5,636447.5,0.0,0.0,1,1
1567,733308.5,636447.5,0.0,0.0,1,1
1568,733308.5,636447.5,0.0,0.0,1,1
1569,733308.5,636447.5,0.0,0.0,1,1
1570,733308.5,636447.5,0.0,0.0,1,1
1571,733308.5,636447.5,0.0,0.0,1,1
1572,733308.5,636447.5,0.0,0.0,1,1
1573,733308.5,636447.5,0.0,0.0,1,1
1574,733308.5,636447.5,0.0,0.0,1,1
1575,733308.5,636447.5,0.0,0.0,1,1
1576,733308.5,636447.5,0.0,0.0,1,1
1577,733308.5,636447.5,0.0,0.0,1,1
1578,733308.5,636447.5,0.0,0.0,1,1
1579,733308.5,636447.5,0.0,0.0,1,1
1580,733308.5,636447.5,0.0,0.0,1,1
1581,733308.5,636447.5,0.0,0.0,1,1
1582,733308.5,636447.5,0.0,0.0,1,1
1583,733308.5,636447.5,0.0,0.0,1,1
1584,732645.5,636447.5,0.0,0.0,1,1
1585,732645.5,636447.5,0.0,0.0,1,1
1586,732645.5,636447.5,0.0,0.0,1,1
1587,732645.5,636447.5,0.0,0.0,1,1
1588,732645.5,636447.5,0.0,0.0,1,1
1589,732645.5,636447.5,0.0,0.0,1,1
1590,732645.5,636447.5,0.0,0.0,1,1
1591,732645.5,636447.5,0.0,0.0,1,1
1592,732645.5,636447.5,0.0,0.0,1,1
1593,732645.5,636447.5,0.0,0.0,1,1
1594,732645.5,636447.5,0.0,0.0,1,1
1595,732645.5,636447.5,0.0,0.0,1,1
1596,732645.5,636447.5,0.0,0.0,1,1
1597,732801.5,636447.5,0.0,0.0,1,1
1598,732801.5,636447.5,0.0,0.0,1,1
1599,732801.5,636447.5,0.0,0.0,1,1
1600,732801.5,636447.5,0.0,0.0,1,1
1601,732801.5,636447.5,0.0,0.0,1,1
1602,732801.5,636447.5,0.0,0.0,1,1
1603,732801.5,636447.5,0.0,0.0,1,1
1604,732801.5,636447.5,0.0,0.0,1,1
1605,732801.5,636447.5,0.0,0.0,1,1
1606,732801.5,636447.5,0.0,0.0,1,1
1607,732801.5,636447.5,0.0,0.0,1,1
1608,732511.5,636447.5,0.0,0.0,1,1
1609,732511.5,636447.5,0.0,0.0,1,1
1610,732511.5,636447.5,0.0,0.0,1,1
1611,732511.5,636447.5,0.0,0.0,1,1
1612,732511.5,636447.5,0.0,0.0,1,1
1613,732511.5,636447.5,0.0,0.0,1,1
1614,732511.5,636447.5,0.0,0.0,1,1
1615,732511.5,636447.5,0.0,0.0,1,1
1616,732511.5,636447.5,0.0,0.0,1,1
1617,732511.5,636447.5,0.0,0.0,1,1
1618,732511.5,636447.5,0.0,0.0,1,1
1619,732511.5,636447.5,0.0,0.0,1,1
1620,732511.5,636447.5,0.0,0.0,1,1
1621,732511.5,636447.5,0.0,0.0,1,1
1622,732511.5,636447.5,0.0,0.0,1,1
1623,732511.5,636447.5,0.0,0.0,1,1
1624,732511.5,636447.5,0.0,0.0,1,1
1625,732511.5,636447.5,0.0,0.0,1,1
1626,732511.5,636447.5,0.0,0.0,1,1
1627,732548.5,636447.5,0.0,0.0,1,1
1628,732548.5,636447.5,0.0,0.0,1,1
1629,732548.5,636447.5,0.0,0.0,1,1
1630,732548.5,636447.5,0.0,0.0,1,1
1631,732548.5,636447.5,0.0,0.0,1,1
1632,732548.5,636447.5,0.0,0.0,1,1
1633,732548.5,636447.5,0.0,0.0,1,1
1634,732548.5,636447.5,0.0,0.0,1,1
1635,732548.5,636447.5,0.0,0.0,1,1
1636,732548.5,636447.5,0.0,0.0,1,1
1637,732548.5,636447.5,0.0,0.0,1,1
1638,732548.5,636447.5,0.0,0.0,1,1
1639,732548.5,636447.5,0.0,0.0,1,1
1640,732548.5,636447.5,0.0,0.0,1,1
1641,732548.5,636447.5,0.0,0.0,1,1
1642,732548.5,636447.5,0.0,0.0,1,1
1643,732548.5,636447.5,0.0,0.0,1,1
1644,732548.5,636447.5,0.0,0.0,1,1
1645,732783.5,636447.5,0.0,0.0,1,1
1646,732783.5,636447.5,0.0,0.0,1,1
1647,732783.5,636447.5,0.0,0.0,1,1
1648,732783.5,636447.5,0.0,0.0,1,1
1649,732783.5,636447.5,0.0,0.0,1,1
1650,732783.5,636447.5,0.0,0.0,1,1
1651,732783.5,636447.5,0.0,0.0,1,1
1652,732783.5,636447.5,0.0,0.0,1,1
1653,732783.5,636447.5,0.0,0.0,1,1
1654,732783.5,636447.5,0.0,0.0,1,1
1655,732783.5,636447.5,0.0,0.0,1,1
1656,732783.5,636447.5,0.0,0.0,1,1
1657,732783.5,636447.5,0.0,0.0,1,1
1658,732783.5,636447.5,0.0,0.0,1,1
1659,732783.5,636447.5,0.0,0.0,1,1
1660,732783.5,636447.5,0.0,0.0,1,1
1661,732783.5,636447.5,0.0,0.0,1,1
1662,732783.5,636447.5,0.0,0.0,1,1
1663,732783.5,636447.5,0.0,0.0,1,1
1664,732783.5,636447.5,0.0,0.0,1,1
1665,732783.5,636447.5,0.0,0.0,1,1
1666,732783.5,636447.5,0.0,0.0,1,1
1667,732783.5,636447.5,0.0,0.0,1,1
1668,732783.5,636447.5,0.0,0.0,1,1
1669,732783.5,636447.5,0.0,0.0,1,1
1670,732783.5,636447.5,0.0,0.0,1,1
1671,732783.5,636447.5,0.0,0.0,1,1
1672,732783.5,636447.5,0.0,0.0,1,1
1673,732783.5,636447.5,0.0,0.0,1,1
1674,732783.5,636447.5,0.0,0.0,1,1
1675,732783.5,636447.5,0.0,0.0,1,1
1676,732783.5,636447.5,0.0,0.0,1,1
1677,732783.5,636447.5,0.0,0.0,1,1
1678,732783.5,636447.5,0.0,0.0,1,1
1679,732783.5,636447.5,0.0,0.0,1,1
1680,732783.5,636447.5,0.0,0.0,1,1
1681,732783.5,636447.5,0.0,0.0,1,1
1682,732783.5,636447.5,0.0,0.0,1,1
1683,732783.5,636447.5,0.0,0.0,1,1
1684,732783.5,636447.5,0.0,0.0,1,1
1685,732783.5,636447.5,0.0,0.0,1,1
1686,732783.5,636447.5,0.0,0.0,1,1
1687,732783.5,636447.5,0.0,0.0,1,1
1688,732783.5,636447.5,0.0,0.0,1,1
1689,732811.5,636447.5,0.0,0.0,1,1
1690,732811.5,636447.5,0.0,0.0,1,1
1691,732811.5,636447.5,0.0,0.0,1,1
1692,732811.5,636447.5,0.0,0.0,1,1
1693,732811.5,636447.5,0.0,0.0,1,1
1694,732811.5,636447.5,0.0,0.0,1,1
1695,732811.5,636447.5,0.0,0.0,1,1
1696,732811.5,636447.5,0.0,0.0,1,1
1697,732811.5,636447.5,0.0,0.0,1,1
1698,732811.5,636447.5,0.0,0.0,1,1
1699,732811.5,636447.5,0.0,0.0,1,1
1700,732811.5,636447.5,0.0,0.0,1,1
1701,732811.5,636447.5,0.0,0.0,1,1
1702,732811.5,636447.5,0.0,0.0,1,1
1703,732811.5,636447.5,0.0,0.0,1,1
1704,732811.5,636447.5,0.0,0.0,1,1
1705,732811.5,636447.5,0.0,0.0,1,1
1706,732811.5,636447.5,0.0,0.0,1,1
1707,732811.5,636447.5,0.0,0.0,1,1
1708,732811.5,636447.5,0.0,0.0,1,1
1709,732811.5,636447.5,0.0,0.0,1,1
1710,732811.5,636447.5,0.0,0.0,1,1
1711,732811.5,636447.5,0.0,0.0,1,1
1712,732811.5,636447.5,0.0,0.0,1,1
1713,732811.5,636447.5,0.0,0.0,1,1
1714,732811.5,636447.5,0.0,0.0,1,1
1715,732811.5,636447.5,0.0,0.0,1,1
1716,732811.5,636447.5,0.0,0.0,1,1
1717,732811.5,636447.5,0.0,0.0,1,1
1718,732811.5,636447.5,0.0,0.0,1,1
1719,732811.5,636447.5,0.0,0.0,1,1
1720,732811.5,636447.5,0.0,0.0,1,1
1721,732811.5,636447.5,0.0,0.0,1,1
1722,732811.5,636447.5,0.0,0.0,1,1
1723,732811.5,636447.5,0.0,0.0,1,1
1724,732444.5,636447.5,0.0,0.0,1,1
1725,732444.5,636447.5,0.0,0.0,1,1
1726,732444.5,636447.5,0.0,0.0,1,1
1727,730398.0,636447.5,0.0,0.0,1,1
1728,730398.0,636447.5,0.0,0.0,1,1
1729,730398.0,636447.5,0.0,0.0,1,1
1730,730398.0,636447.5,0.0,0.0,1,1
1731,730398.0,636447.5,0.0,0.0,1,1
1732,730398.0,636447.5,0.0,0.0,1,1
1733,730398.0,636447.5,0.0,0.0,1,1
1734,730398.0,636447.5,0.0,0.0,1,1
1735,730398.0,636447.5,0.0,0.0,1,1
1736,730398.0,636447.5,0.0,0.0,1,1
1737,730398.0,636447.5,0.0,0.0,1,1
1738,730398.0,636447.5,0.0,0.0,1,1
1739,730398.0,636447.5,0.0,0.0,1,1
1740,730398.0,636447.5,0.0,0.0,1,1
1741,730398.0,636447.5,0.0,0.0,1,1
1742,730398.0,636447.5,0.0,0.0,1,1
1743,730398.0,636447.5,0.0,0.0,1,1
1744,730398.0,636447.5,0.0,0.0,1,1
1745,730398.0,636447.5,0.0,0.0,1,1
1746,730398.0,636447.5,0.0,0.0,1,1
1747,730398.0,636447.5,0.0,0.0,1,1
1748,730398.0,636447.5,0.0,0.0,1,1
1749,730398.0,636447.5,0.0,0.0,1,1
1750,730398.0,636447.5,0.0,0.0,1,1
1751,730398.0,636447.5,0.0,0.0,1,1
1752,730398.0,636447.5,0.0,0.0,1,1
1753,730398.0,636447.5,0.0,0.0,1,1
1754,730398.0,636447.5,0.0,0.0,1,1
1755,730398.0,636447.5,0.0,0.0,1,1
1756,730398.0,636447.5,0.0,0.0,1,1
1757,730398.0,636447.5,0.0,0.0,1,1
1758,730398.0,636447.5,0.0,0.0,1,1
1759,730398.0,636447.5,0.0,0.0,1,1
1760,730398.0,636447.5,0.0,0.0,1,1
1761,730398.0,636447.5,0.0,0.0,1,1
1762,730398.0,636447.5,0.0,0.0,1,1
1763,730398.0,636447.5,0.0,0.0,1,1
1764,730398.0,636447.5,0.0,0.0,1,1
1765,730398.0,636447.5,0.0,0.0,1,1
1766,730398.0,636447.5,0.0,0.0,1,1
1767,730398.0,636447.5,0.0,0.0,1,1
1768,730398.0,636447.5,0.0,0.0,1,1
1769,730398.0,636447.5,0.0,0.0,1,1
1770,730398.0,636447.5,0.0,0.0,1,1
1771,730398.0,636447.5,0.0,0.0,1,1
1772,730398.0,636447.5,0.0,0.0,1,1
1773,730398.0,636447.5,0.0,0.0,1,1
1774,730398.0,636447.5,0.0,0.0,1,1
1775,730193.0,636447.5,0.0,0.0,1,1
1776,730193.0,636447.5,0.0,0.0,1,1
1777,730193.0,636447.5,0.0,0.0,1,1
1778,730193.0,636447.5,0.0,0.0,1,1
1779,730193.0,636447.5,0.0,0.0,1,1
1780,730193.0,636447.5,0.0,0.0,1,1
1781,730193.0,636447.5,0.0,0.0,1,1
1782,730193.0,636447.5,0.0,0.0,1,1
1783,730193.0,636447.5,0.0,0.0,1,1
1784,730193.0,636447.5,0.0,0.0,1,1
1785,730193.0,636447.5,0.0,0.0,1,1
1786,730193.0,636447.5,0.0,0.0,1,1
1787,730193.0,636447.5,0.0,0.0,1,1
1788,730193.0,636447.5,0.0,0.0,1,1
1789,730193.0,636447.5,0.0,0.0,1,1
1790,730193.0,636447.5,0.0,0.0,1,1
1791,730193.0,636447.5,0.0,0.0,1,1
1792,730193.0,636447.5,0.0,0.0,1,1
1793,730193.0,636447.5,0.0,0.0,1,1
1794,730193.0,636447.5,0.0,0.0,1,1
1795,730193.0,636447.5,0.0,0.0,1,1
1796,729773.5,636447.5,0.0,0.0,1,1
1797,729391.0,636447.5,0.0,0.0,1,1
1798,729391.0,636447.5,0.0,0.0,1,1
1799,729391.0,636447.5,0.0,0.0,1,1
1800,729391.0,636447.5,0.0,0.0,1,1
1801,729391.0,636447.5,0.0,0.0,1,1
1802,729391.0,636447.5,0.0,0.0,1,1
1803,729359.0,636447.5,0.0,0.0,1,1
1804,729359.0,636447.5,0.0,0.0,1,1
1805,729359.0,636447.5,0.0,0.0,1,1
1806,729359.0,636447.5,0.0,0.0,1,1
1807,729099.0,636447.5,0.0,0.0,1,1
1808,729099.0,636447.5,0.0,0.0,1,1
1809,729099.0,636447.5,0.0,0.0,1,1
1810,729099.0,636447.5,0.0,0.0,1,1
1811,729099.0,636447.5,0.0,0.0,1,1
1812,729099.0,636447.5,0.0,0.0,1,1
1813,729099.0,636447.5,0.0,0.0,1,1
1814,729099.0,636447.5,0.0,0.0,1,1
1815,729099.0,636447.5,0.0,0.0,1,1
1816,729099.0,636447.5,0.0,0.0,1,1
1817,729099.0,636447.5,0.0,0.0,1,1
1818,729099.0,636447.5,0.0,0.0,1,1
1819,729127.0,636447.5,0.0,0.0,1,1
1820,729127.0,636447.5,0.0,0.0,1,1
1821,729127.0,636447.5,0.0,0.0,1,1
1822,729127.0,636447.5,0.0,0.0,1,1
1823,729127.0,636447.5,0.0,0.0,1,1
1824,729127.0,636447.5,0.0,0.0,1,1
1825,729127.0,636447.5,0.0,0.0,1,1
1826,728875.0,636447.5,0.0,0.0,1,1
1827,728875.0,636447.5,0.0,0.0,1,1
1828,728875.0,636447.5,0.0,0.0,1,1
1829,728875.0,636447.5,0.0,0.0,1,1
1830,728875.0,636447.5,0.0,0.0,1,1
1831,728875.0,636447.5,0.0,0.0,1,1
1832,728875.0,636447.5,0.0,0.0,1,1
1833,728875.0,636447.5,0.0,0.0,1,1
1834,728875.0,636447.5,0.0,0.0,1,1
1835,728275.0,636447.5,0.0,0.0,1,1
1836,728275.0,636447.5,0.0,0.0,1,1
1837,728275.0,636447.5,0.0,0.0,1,1
1838,728275.0,636447.5,0.0,0.0,1,1
1839,728275.0,636447.5,0.0,0.0,1,1
1840,728531.0,636447.5,0.0,0.0,1,1
1841,728531.0,636447.5,0.0,0.0,1,1
1842,728531.0,636447.5,0.0,0.0,1,1
1843,728531.0,636447.5,0.0,0.0,1,1
1844,728531.0,636447.5,0.0,0.0,1,1
1845,728531.0,636447.5,0.0,0.0,1,1
1846,728531.0,636447.5,0.0,0.0,1,1
1847,728531.0,636447.5,0.0,0.0,1,1
1848,728531.0,636447.5,0.0,0.0,1,1
1849,728531.0,636447.5,0.0,0.0,1,1
1850,730204.0,636447.5,0.0,0.0,1,1
1851,730204.0,636447.5,0.0,0.0,1,1
1852,730204.0,636447.5,0.0,0.0,1,1
1853,730204.0,636447.5,0.0,0.0,1,1
1854,730204.0,636447.5,0.0,0.0,1,1
1855,730204.0,636447.5,0.0,0.0,1,1
1856,730204.0,636447.5,0.0,0.0,1,1
1857,730176.0,636447.5,0.0,0.0,1,1
1858,730176.0,636447.5,0.0,0.0,1,1
1859,730176.0,636447.5,0.0,0.0,1,1
1860,730176.0,636447.5,0.0,0.0,1,1
1861,730176.0,636447.5,0.0,0.0,1,1
1862,730176.0,636447.5,0.0,0.0,1,1
1863,730176.0,636447.5,0.0,0.0,1,1
1864,730176.0,636447.5,0.0,0.0,1,1
1865,730176.0,636447.5,0.0,0.0,1,1
1866,730176.0,636447.5,0.0,0.0,1,1
1867,730176.0,636447.5,0.0,0.0,1,1
1868,730176.0,636447.5,0.0,0.0,1,1
1869,730176.0,636447.5,0.0,0.0,1,1
1870,730176.0,636447.5,0.0,0.0,1,1
1871,730176.0,636447.5,0.0,0.0,1,1
1872,730176.0,636447.5,0.0,0.0,1,1
1873,730176.0,636447.5,0.0,0.0,1,1
1874,730176.0,636447.5,0.0,0.0,1,1
1875,730176.0,636447.5,0.0,0.0,1,1
1876,730176.0,636447.5,0.0,0.0,1,1
1877,730176.0,636447.5,0.0,0.0,1,1
1878,730176.0,636447.5,0.0,0.0,1,1
1879,730176.0,636447.5,0.0,0.0,1,1
1880,730401.5,636447.5,0.0,0.0,1,1
1881,730401.5,636447.5,0.0,0.0,1,1
1882,730401.5,636447.5,0.0,0.0,1,1
1883,730401.5,636447.5,0.0,0.0,1,1
1884,730401.5,636447.5,0.0,0.0,1,1
1885,730401.5,636447.5,0.0,0.0,1,1
1886,730609.5,636447.5,0.0,0.0,1,1
1887,730609.5,636447.5,0.0,0.0,1,1
1888,730609.5,636447.5,0.0,0.0,1,1
1889,730609.5,636447.5,0.0,0.0,1,1
1890,730609.5,636447.5,0.0,0.0,1,1
1891,730609.5,636447.5,0.0,0.0,1,1
1892,730609.5,636447.5,0.0,0.0,1,1
1893,730609.5,636447.5,0.0,0.0,1,1
1894,730609.5,636447.5,0.0,0.0,1,1
1895,730609.5,636447.5,0.0,0.0,1,1
1896,730609.5,636447.5,0.0,0.0,1,1
1897,730609.5,636447.5,0.0,0.0,1,1
1898,730609.5,636447.5,0.0,0.0,1,1
1899,730609.5,636447.5,0.0,0.0,1,1
1900,730609.5,636447.5,0.0,0.0,1,1
1901,730609.5,636447.5,0.0,0.0,1,1
1902,730609.5,636447.5,0.0,0.0,1,1
1903,730609.5,636447.5,0.0,0.0,1,1
1904,730609.5,636447.5,0.0,0.0,1,1
1905,730609.5,636447.5,0.0,0.0,1,1
1906,730609.5,636447.5,0.0,0.0,1,1
1907,730609.5,636447.5,0.0,0.0,1,1
1908,730609.5,636447.5,0.0,0.0,1,1
1909,730609.5,636447.5,0.0,0.0,1,1
1910,730609.5,636447.5,0.0,0.0,1,1
1911,730609.5,636447.5,0.0,0.0,1,1
1912,730609.5,636447.5,0.0,0.0,1,1
1913,730609.5,636447.5,0.0,0.0,1,1
1914,730609.5,636447.5,0.0,0.0,1,1
1915,730609.5,636447.5,0.0,0.0,1,1
1916,730609.5,636447.5,0.0,0.0,1,1
1917,730609.5,636447.5,0.0,0.0,1,1
1918,730212.5,636447.5,0.0,0.0,1,1
1919,730212.5,636447.5,0.0,0.0,1,1
1920,730212.5,636447.5,0.0,0.0,1,1
1921,730212.5,636447.5,0.0,0.0,1,1
1922,730212.5,636447.5,0.0,0.0,1,1
1923,730212.5,636447.5,0.0,0.0,1,1
1924,730212.5,636447.5,0.0,0.0,1,1
1925,730212.5,636447.5,0.0,0.0,1,1
1926,730225.5,636447.5,0.0,0.0,1,1
1927,730225.5,636447.5,0.0,0.0,1,1
1928,730225.5,636447.5,0.0,0.0,1,1
1929,729894.5,636447.5,0.0,0.0,1,1
1930,729894.5,636447.5,0.0,0.0,1,1
1931,729894.5,636447.5,0.0,0.0,1,1
1932,729894.5,636447.5,0.0,0.0,1,1
1933,729894.5,636447.5,0.0,0.0,1,1
1934,729894.5,636447.5,0.0,0.0,1,1
1935,729894.5,636447.5,0.0,0.0,1,1
1936,729894.5,636447.5,0.0,0.0,1,1
1937,729894.5,636447.5,0.0,0.0,1,1
1938,729894.5,636447.5,0.0,0.0,1,1
1939,729969.5,636447.5,0.0,0.0,1,1
1940,729969.5,636447.5,0.0,0.0,1,1
1941,729969.5,636447.5,0.0,0.0,1,1
1942,729969.5,636447.5,0.0,0.0,1,1
1943,729969.5,636447.5,0.0,0.0,1,1
1944,729969.5,636447.5,0.0,0.0,1,1
1945,729969.5,636447.5,0.0,0.0,1,1
1946,729969.5,636447.5,0.0,0.0,1,1
1947,729969.5,636447.5,0.0,0.0,1,1
1948,729969.5,636447.5,0.0,0.0,1,1
1949,729969.5,636447.5,0.0,0.0,1,1
1950,729969.5,636447.5,0.0,0.0,1,1
1951,729969.5,636447.5,0.0,0.0,1,1
1952,729969.5,636447.5,0.0,0.0,1,1
1953,729969.5,636447.5,0.0,0.0,1,1
1954,729969.5,636447.5,0.0,0.0,1,1
1955,729969.5,636447.5,0.0,0.0,1,1
1956,729969.5,636447.5,0.0,0.0,1,1
1957,729969.5,636447.5,0.0,0.0,1,1
1958,729969.5,636447.5,0.0,0.0,1,1
1959,729969.5,636447.5,0.0,0.0,1,1
1960,729969.5,636447.5,0.0,0.0,1,1
1961,729969.5,636447.5,0.0,0.0,1,1
1962,729969.5,636447.5,0.0,0.0,1,1
1963,729969.5,636447.5,0.0,0.0,1,1
1964,729969.5,636447.5,0.0,0.0,1,1
1965,729969.5,636447.5,0.0,0.0,1,1
1966,729969.5,636447.5,0.0,0.0,1,1
1967,729969.5,636447.5,0.0,0.0,1,1
1968,729969.5,636447.5,0.0,0.0,1,1
1969,729969.5,636447.5,0.0,0.0,1,1
1970,729969.5,636447.5,0.0,0.0,1,1
1971,729969.5,636447.5,0.0,0.0,1,1
1972,729969.5,636447.5,0.0,0.0,1,1
1973,729969.5,636447.5,0.0,0.0,1,1
1974,729969.5,636447.5,0.0,0.0,1,1
1975,729969.5,636447.5,0.0,0.0,1,1
1976,729969.5,636447.5,0.0,0.0,1,1
1977,729969.5,636447.5,0.0,0.0,1,1
1978,729969.5,636447.5,0.0,0.0,1,1
1979,729969.5,636447.5,0.0,0.0,1,1
1980,729969.5,636447.5,0.0,0.0,1,1
1981,729969.5,636447.5,0.0,0.0,1,1
1982,729997.5,636447.5,0.0,0.0,1,1
1983,729997.5,636447.5,0.0,0.0,1,1
1984,729997.5,636447.5,0.0,0.0,1,1
1985,729997.5,636447.5,0.0,0.0,1,1
1986,729997.5,636447.5,0.0,0.0,1,1
1987,729997.5,636447.5,0.0,0.0,1,1
1988,729997.5,636447.5,0.0,0.0,1,1
1989,729836.5,636447.5,0.0,0.0,1,1
1990,729987.5,636447.5,0.0,0.0,1,1
1991,729987.5,636447.5,0.0,0.0,1,1
1992,729987.5,636447.5,0.0,0.0,1,1
1993,729987.5,636447.5,0.0,0.0,1,1
1994,729987.5,636447.5,0.0,0.0,1,1
1995,729987.5,636447.5,0.0,0.0,1,1
1996,729987.5,636447.5,0.0,0.0,1,1
1997,729987.5,636447.5,0.0,0.0,1,1
1998,729987.5,636447.5,0.0,0.0,1,1
1999,729987.5,636447.5,0.0,0.0,1,1
2000,729939.0,636447.5,0.0,0.0,1,1
2001,729939.0,636447.5,0.0,0.0,1,1
2002,729939.0,636447.5,0.0,0.0,1,1
2003,729939.0,636447.5,0.0,0.0,1,1
2004,729939.0,636447.5,0.0,0.0,1,1
2005,729939.0,636447.5,0.0,0.0,1,1
2006,729939.0,636447.5,0.0,0.0,1,1
2007,729939.0,636447.5,0.0,0.0,1,1
2008,729939.0,636447.5,0.0,0.0,1,1
2009,729939.0,636447.5,0.0,0.0,1,1
2010,728405.0,636447.5,0.0,0.0,1,1
2011,728405.0,636447.5,0.0,0.0,1,1
2012,728405.0,636447.5,0.0,0.0,1,1
2013,728405.0,636447.5,0.0,0.0,1,1
2014,728405.0,636447.5,0.0,0.0,1,1
2015,728405.0,636447.5,0.0,0.0,1,1
2016,728452.0,636447.5,0.0,0.0,1,1
2017,728452.0,636447.5,0.0,0.0,1,1
2018,728452.0,636447.5,0.0,0.0,1,1
2019,728452.0,636447.5,0.0,0.0,1,1
2020,728452.0,636447.5,0.0,0.0,1,1
2021,728452.0,636447.5,0.0,0.0,1,1
2022,728452.0,636447.5,0.0,0.0,1,1
2023,728452.0,636447.5,0.0,0.0,1,1
2024,728505.0,636447.5,0.0,0.0,1,1
2025,728505.0,636447.5,0.0,0.0,1,1
2026,728505.0,636447.5,0.0,0.0,1,1
2027,728319.5,636447.5,0.0,0.0,1,1
2028,728319.5,636447.5,0.0,0.0,1,1
2029,728319.5,636447.5,0.0,0.0,1,1
2030,728319.5,636447.5,0.0,0.0,1,1
2031,728319.5,636447.5,0.0,0.0,1,1
2032,728319.5,636447.5,0.0,0.0,1,1
2033,728319.5,636447.5,0.0,0.0,1,1
2034,728319.5,636447.5,0.0,0.0,1,1
2035,728319.5,636447.5,0.0,0.0,1,1
2036,728319.5,636447.5,0.0,0.0,1,1
2037,728319.5,636447.5,0.0,0.0,1,1
2038,728319.5,636447.5,0.0,0.0,1,1
2039,728319.5,636447.5,0.0,0.0,1,1
2040,728319.5,636447.5,0.0,0.0,1,1
2041,728319.5,636447.5,0.0,0.0,1,1
2042,728319.5,636447.5,0.0,0.0,1,1
2043,728256.5,636447.5,0.0,0.0,1,1
2044,728256.5,636447.5,0.0,0.0,1,1
2045,728256.5,636447.5,0.0,0.0,1,1
2046,728256.5,636447.5,0.0,0.0,1,1
2047,728256.5,636447.5,0.0,0.0,1,1
2048,728256.5,636447.5,0.0,0.0,1,1
2049,728256.5,636447.5,0.0,0.0,1,1
2050,728256.5,636447.5,0.0,0.0,1,1
2051,728256.5,636447.5,0.0,0.0,1,1
2052,728256.5,636447.5,0.0,0.0,1,1
2053,728256.5,636447.5,0.0,0.0,1,1
2054,728256.5,636447.5,0.0,0.0,1,1
2055,728256.5,636447.5,0.0,0.0,1,1
2056,728256.5,636447.5,0.0,0.0,1,1
2057,728256.5,636447.5,0.0,0.0,1,1
2058,728256.5,636447.5,0.0,0.0,1,1
2059,728256.5,636447.5,0.0,0.0,1,1
2060,728256.5,636447.5,0.0,0.0,1,1
2061,728256.5,636447.5,0.0,0.0,1,1
2062,728256.5,636447.5,0.0,0.0,1,1
2063,728256.5,636447.5,0.0,0.0,1,1
2064,728156.0,636447.5,0.0,0.0,1,1
2065,728100.5,636447.5,0.0,0.0,1,1
2066,728100.5,636447.5,0.0,0.0,1,1
2067,728100.5,636447.5,0.0,0.0,1,1
2068,728100.5,636447.5,0.0,0.0,1,1
2069,730689.5,636447.5,0.0,0.0,1,1
2070,730689.5,636447.5,0.0,0.0,1,1
2071,731149.0,636447.5,0.0,0.0,1,1
2072,731149.0,636447.5,0.0,0.0,1,1
2073,731149.0,636447.5,0.0,0.0,1,1
2074,731149.0,636447.5,0.0,0.0,1,1
2075,731149.0,636447.5,0.0,0.0,1,1
2076,731149.0,636447.5,0.0,0.0,1,1
2077,731149.0,636447.5,0.0,0.0,1,1
2078,731149.0,636447.5,0.0,0.0,1,1
2079,731149.0,636447.5,0.0,0.0,1,1
2080,731149.0,636447.5,0.0,0.0,1,1
2081,731149.0,636447.5,0.0,0.0,1,1
2082,731149.0,636447.5,0.0,0.0,1,1
2083,731149.0,636447.5,0.0,0.0,1,1
2084,731149.0,636447.5,0.0,0.0,1,1
2085,731149.0,636447.5,0.0,0.0,1,1
2086,731149.0,636447.5,0.0,0.0,1,1
2087,731149.0,636447.5,0.0,0.0,1,1
2088,731149.0,636447.5,0.0,0.0,1,1
2089,731149.0,636447.5,0.0,0.0,1,1
2090,731149.0,636447.5,0.0,0.0,1,1
2091,731149.0,636447.5,0.0,0.0,1,1
2092,731149.0,636447.5,0.0,0.0,1,1
2093,731149.0,636447.5,0.0,0.0,1,1
2094,731149.0,636447.5,0.0,0.0,1,1
2095,731149.0,636447.5,0.0,0.0,1,1
2096,731149.0,636447.5,0.0,0.0,1,1
2097,731149.0,636447.5,0.0,0.0,1,1
2098,731149.0,636447.5,0.0,0.0,1,1
2099,731149.0,636447.5,0.0,0.0,1,1
2100,731149.0,636447.5,0.0,0.0,1,1
2101,730464.0,636447.5,0.0,0.0,1,1
2102,730464.0,636447.5,0.0,0.0,1,1
2103,730464.0,636447.5,0.0,0.0,1,1
2104,730464.0,636447.5,0.0,0.0,1,1
2105,730464.0,636447.5,0.0,0.0,1,1
2106,730464.0,636447.5,0.0,0.0,1,1
2107,730464.0,636447.5,0.0,0.0,1,1
2108,730464.0,636447.5,0.0,0.0,1,1
2109,730464.0,636447.5,0.0,0.0,1,1
2110,730464.0,636447.5,0.0,0.0,1,1
2111,730464.0,636447.5,0.0,0.0,1,1
2112,730464.0,636447.5,0.0,0.0,1,1
2113,730464.0,636447.5,0.0,0.0,1,1
2114,730464.0,636447.5,0.0,0.0,1,1
2115,730464.0,636447.5,0.0,0.0,1,1
2116,730464.0,636447.5,0.0,0.0,1,1
2117,730464.0,636447.5,0.0,0.0,1,1
2118,730464.0,636447.5,0.0,0.0,1,1
2119,730464.0,636447.5,0.0,0.0,1,1
2120,731005.0,636447.5,0.0,0.0,1,1
2121,731005.0,636447.5,0.0,0.0,1,1
2122,731005.0,636447.5,0.0,0.0,1,1
2123,731005.0,636447.5,0.0,0.0,1,1
2124,731005.0,636447.5,0.0,0.0,1,1
2125,731005.0,636447.5,0.0,0.0,1,1
2126,731005.0,636447.5,0.0,0.0,1,1
2127,731005.0,636447.5,0.0,0.0,1,1
2128,731005.0,636447.5,0.0,0.0,1,1
2129,731005.0,636447.5,0.0,0.0,1,1
2130,730761.5,636447.5,0.0,0.0,1,1
2131,730761.5,636447.5,0.0,0.0,1,1
2132,730761.5,636447.5,0.0,0.0,1,1
2133,730761.5,636447.5,0.0,0.0,1,1
2134,730789.0,636447.5,0.0,0.0,1,1
2135,730789.0,636447.5,0.0,0.0,1,1
2136,730789.0,636447.5,0.0,0.0,1,1
2137,730789.0,636447.5,0.0,0.0,1,1
2138,730789.0,636447.5,0.0,0.0,1,1
2139,730789.0,636447.5,0.0,0.0,1,1
2140,730789.0,636447.5,0.0,0.0,1,1
2141,730789.0,636447.5,0.0,0.0,1,1
2142,730789.0,636447.5,0.0,0.0,1,1
2143,730789.0,636447.5,0.0,0.0,1,1
2144,730789.0,636447.5,0.0,0.0,1,1
2145,730789.0,636447.5,0.0,0.0,1,1
2146,730789.0,636447.5,0.0,0.0,1,1
2147,730789.0,636447.5,0.0,0.0,1,1
2148,730762.5,636447.5,0.0,0.0,1,1
2149,730762.5,636447.5,0.0,0.0,1,1
2150,730762.5,636447.5,0.0,0.0,1,1
2151,730762.5,636447.5,0.0,0.0,1,1
2152,730762.5,636447.5,0.0,0.0,1,1
2153,730762.5,636447.5,0.0,0.0,1,1
2154,730762.5,636447.5,0.0,0.0,1,1
2155,730762.5,636447.5,0.0,0.0,1,1
2156,730762.5,636447.5,0.0,0.0,1,1
2157,730762.5,636447.5,0.0,0.0,1,1
2158,730762.5,636447.5,0.0,0.0,1,1
2159,730762.5,636447.5,0.0,0.0,1,1
2160,730855.5,636447.5,0.0,0.0,1,1
2161,730855.5,636447.5,0.0,0.0,1,1
2162,730855.5,636447.5,0.0,0.0,1,1
2163,730855.5,636447.5,0.0,0.0,1,1
2164,730855.5,636447.5,0.0,0.0,1,1
2165,730855.5,636447.5,0.0,0.0,1,1
2166,730855.5,636447.5,0.0,0.0,1,1
2167,730855.5,636447.5,0.0,0.0,1,1
2168,730855.5,636447.5,0.0,0.0,1,1
2169,730855.5,636447.5,0.0,0.0,1,1
2170,730855.5,636447.5,0.0,0.0,1,1
2171,730855.5,636447.5,0.0,0.0,1,1
2172,730855.5,636447.5,0.0,0.0,1,1
2173,730855.5,636447.5,0.0,0.0,1,1
2174,730810.5,636447.5,0.0,0.0,1,1
2175,730810.5,636447.5,0.0,0.0,1,1
2176,730810.5,636447.5,0.0,0.0,1,1
2177,730810.5,636447.5,0.0,0.0,1,1
2178,730810.5,636447.5,0.0,0.0,1,1
2179,730810.5,636447.5,0.0,0.0,1,1
2180,730810.5,636447.5,0.0,0.0,1,1
2181,730810.5,636447.5,0.0,0.0,1,1
2182,730810.5,636447.5,0.0,0.0,1,1
2183,730810.5,636447.5,0.0,0.0,1,1
2184,730810.5,636447.5,0.0,0.0,1,1
2185,730810.5,636447.5,0.0,0.0,1,1
2186,730810.5,636447.5,0.0,0.0,1,1
2187,730810.5,636447.5,0.0,0.0,1,1
2188,730810.5,636447.5,0.0,0.0,1,1
2189,730810.5,636447.5,0.0,0.0,1,1
2190,730810.5,636447.5,0.0,0.0,1,1
2191,730810.5,636447.5,0.0,0.0,1,1
2192,730810.5,636447.5,0.0,0.0,1,1
2193,730847.5,636447.5,0.0,0.0,1,1
2194,730847.5,636447.5,0.0,0.0,1,1
2195,730847.5,636447.5,0.0,0.0,1,1
2196,730847.5,636447.5,0.0,0.0,1,1
2197,730847.5,636447.5,0.0,0.0,1,1
2198,730847.5,636447.5,0.0,0.0,1,1
2199,730847.5,636447.5,0.0,0.0,1,1
2200,730847.5,636447.5,0.0,0.0,1,1
2201,735057.5,636447.5,0.0,0.0,1,1
2202,735057.5,636447.5,0.0,0.0,1,1
2203,735057.5,636447.5,0.0,0.0,1,1
2204,735057.5,636447.5,0.0,0.0,1,1
2205,735057.5,636447.5,0.0,0.0,1,1
2206,735057.5,636447.5,0.0,0.0,1,1
2207,735057.5,636447.5,0.0,0.0,1,1
2208,735057.5,636447.5,0.0,0.0,1,1
2209,735057.5,636447.5,0.0,0.0,1,1
2210,735078.5,636447.5,0.0,0.0,1,1
2211,735078.5,636447.5,0.0,0.0,1,1
2212,735078.5,636447.5,0.0,0.0,1,1
2213,735078.5,636447.5,0.0,0.0,1,1
2214,735078.5,636447.5,0.0,0.0,1,1
2215,735078.5,636447.5,0.0,0.0,1,1
2216,734906.5,636447.5,0.0,0.0,1,1
2217,734906.5,636447.5,0.0,0.0,1,1
2218,734906.5,636447.5,0.0,0.0,1,1
2219,734906.5,636447.5,0.0,0.0,1,1
2220,734906.5,636447.5,0.0,0.0,1,1
2221,734906.5,636447.5,0.0,0.0,1,1
2222,734711.5,636447.5,0.0,0.0,1,1
2223,734711.5,636447.5,0.0,0.0,1,1
2224,734711.5,636447.5,0.0,0.0,1,1
2225,734711.5,636447.5,0.0,0.0,1,1
2226,734711.5,636447.5,0.0,0.0,1,1
2227,734711.5,636447.5,0.0,0.0,1,1
2228,734711.5,636447.5,0.0,0.0,1,1
2229,734711.5,636447.5,0.0,0.0,1,1
2230,734711.5,636447.5,0.0,0.0,1,1
2231,735200.5,636447.5,0.0,0.0,1,1
2232,735200.5,636447.5,0.0,0.0,1,1
2233,735200.5,636447.5,0.0,0.0,1,1
2234,735685.5,636447.5,0.0,0.0,1,1
2235,735685.5,636447.5,0.0,0.0,1,1
2236,735685.5,636447.5,0.0,0.0,1,1
2237,735685.5,636447.5,0.0,0.0,1,1
2238,735685.5,636447.5,0.0,0.0,1,1
2239,735685.5,636447.5,0.0,0.0,1,1
2240,735685.5,636447.5,0.0,0.0,1,1
2241,735685.5,636447.5,0.0,0.0,1,1
2242,735685.5,636447.5,0.0,0.0,1,1
2243,735685.5,636447.5,0.0,0.0,1,1
2244,735685.5,636447.5,0.0,0.0,1,1
2245,735685.5,636447.5,0.0,0.0,1,1
2246,735685.5,636447.5,0.0,0.0,1,1
2247,735685.5,636447.5,0.0,0.0,1,1
2248,735685.5,636447.5,0.0,0.0,1,1
2249,735685.5,636447.5,0.0,0.0,1,1
2250,735685.5,636447.5,0.0,0.0,1,1
2251,735685.5,636447.5,0.0,0.0,1,1
2252,735685.5,636447.5,0.0,0.0,1,1
2253,735685.5,636447.5,0.0,0.0,1,1
2254,735685.5,636447.5,0.0,0.0,1,1
2255,735685.5,636447.5,0.0,0.0,1,1
2256,735685.5,636447.5,0.0,0.0,1,1
2257,735685.5,636447.5,0.0,0.0,1,1
2258,735685.5,636447.5,0.0,0.0,1,1
2259,735685.5,636447.5,0.0,0.0,1,1
2260,735685.5,636447.5,0.0,0.0,1,1
2261,735685.5,636447.5,0.0,0.0,1,1
2262,735685.5,636447.5,0.0,0.0,1,1
2263,735685.5,636447.5,0.0,0.0,1,1
2264,735685.5,636447.5,0.0,0.0,1,1
2265,735464.5,636447.5,0.0,0.0,1,1
2266,735464.5,636447.5,0.0,0.0,1,1
2267,735464.5,636447.5,0.0,0.0,1,1
2268,735464.5,636447.5,0.0,0.0,1,1
2269,735464.5,636447.5,0.0,0.0,1,1
2270,735464.5,636447.5,0.0,0.0,1,1
2271,735464.5,636447.5,0.0,0.0,1,1
2272,735464.5,636447.5,0.0,0.0,1,1
2273,735464.5,636447.5,0.0,0.0,1,1
2274,735464.5,636447.5,0.0,0.0,1,1
2275,735464.5,636447.5,0.0,0.0,1,1
2276,735464.5,636447.5,0.0,0.0,1,1
2277,735464.5,636447.5,0.0,0.0,1,1
2278,735464.5,636447.5,0.0,0.0,1,1
2279,735464.5,636447.5,0.0,0.0,1,1
2280,735464.5,636447.5,0.0,0.0,1,1
2281,735464.5,636447.5,0.0,0.0,1,1
2282,735464.5,636447.5,0.0,0.0,1,1
2283,735464.5,636447.5,0.0,0.0,1,1
2284,735464.5,636447.5,0.0,0.0,1,1
2285,735464.5,636447.5,0.0,0.0,1,1
2286,735464.5,636447.5,0.0,0.0,1,1
2287,735464.5,636447.5,0.0,0.0,1,1
2288,735464.5,636447.5,0.0,0.0,1,1
2289,735464.5,636447.5,0.0,0.0,1,1
2290,735464.5,636447.5,0.0,0.0,1,1
2291,735464.5,636447.5,0.0,0.0,1,1
2292,734874.5,636447.5,0.0,0.0,1,1
2293,734874.5,636447.5,0.0,0.0,1,1
2294,734874.5,636447.5,0.0,0.0,1,1
2295,734874.5,636447.5,0.0,0.0,1,1
2296,734874.5,636447.5,0.0,0.0,1,1
2297,734874.5,636447.5,0.0,0.0,1,1
2298,734874.5,636447.5,0.0,0.0,1,1
2299,734874.5,636447.5,0.0,0.0,1,1
2300,734874.5,636447.5,0.0,0.0,1,1
2301,734874.5,636447.5,0.0,0.0,1,1
2302,734874.5,636447.5,0.0,0.0,1,1
2303,734874.5,636447.5,0.0,0.0,1,1
2304,734874.5,636447.5,0.0,0.0,1,1
2305,734874.5,636447.5,0.0,0.0,1,1
2306,734874.5,636447.5,0.0,0.0,1,1
2307,734874.5,636447.5,0.0,0.0,1,1
2308,734874.5,636447.5,0.0,0.0,1,1
2309,734874.5,636447.5,0.0,0.0,1,1
2310,734874.5,636447.5,0.0,0.0,1,1
2311,734874.5,636447.5,0.0,0.0,1,1
2312,734965.0,636447.5,0.0,0.0,1,1
2313,734965.0,636447.5,0.0,0.0,1,1
2314,734965.0,636447.5,0.0,0.0,1,1
2315,734965.0,636447.5,0.0,0.0,1,1
2316,734965.0,636447.5,0.0,0.0,1,1
2317,734988.0,636447.5,0.0,0.0,1,1
2318,734988.0,636447.5,0.0,0.0,1,1
2319,734988.0,636447.5,0.0,0.0,1,1
2320,734988.0,636447.5,0.0,0.0,1,1
2321,734988.0,636447.5,0.0,0.0,1,1
2322,734988.0,636447.5,0.0,0.0,1,1
2323,734988.0,636447.5,0.0,0.0,1,1
2324,734988.0,636447.5,0.0,0.0,1,1
2325,734988.0,636447.5,0.0,0.0,1,1
2326,734988.0,636447.5,0.0,0.0,1,1
2327,734988.0,636447.5,0.0,0.0,1,1
2328,734988.0,636447.5,0.0,0.0,1,1
2329,734988.0,636447.5,0.0,0.0,1,1
2330,734988.0,636447.5,0.0,0.0,1,1
2331,734988.0,636447.5,0.0,0.0,1,1
2332,734988.0,636447.5,0.0,0.0,1,1
2333,734988.0,636447.5,0.0,0.0,1,1
2334,734988.0,636447.5,0.0,0.0,1,1
2335,734988.0,636447.5,0.0,0.0,1,1
2336,734988.0,636447.5,0.0,0.0,1,1
2337,734988.0,636447.5,0.0,0.0,1,1
2338,736409.0,636447.5,0.0,0.0,1,1
2339,736409.0,636447.5,0.0,0.0,1,1
2340,736409.0,636447.5,0.0,0.0,1,1
2341,736409.0,636447.5,0.0,0.0,1,1
2342,736409.0,636447.5,0.0,0.0,1,1
2343,736409.0,636447.5,0.0,0.0,1,1
2344,736409.0,636447.5,0.0,0.0,1,1
2345,736409.0,636447.5,0.0,0.0,1,1
2346,736409.0,636447.5,0.0,0.0,1,1
2347,736409.0,636447.5,0.0,0.0,1,1
2348,736409.0,636447.5,0.0,0.0,1,1
2349,736409.0,636447.5,0.0,0.0,1,1
2350,736409.0,636447.5,0.0,0.0,1,1
2351,736409.0,636447.5,0.0,0.0,1,1
2352,736409.0,636447.5,0.0,0.0,1,1
2353,736409.0,636447.5,0.0,0.0,1,1
2354,736423.0,636447.5,0.0,0.0,1,1
2355,736423.0,636447.5,0.0,0.0,1,1
2356,736423.0,636447.5,0.0,0.0,1,1
2357,736423.0,636447.5,0.0,0.0,1,1
2358,736423.0,636447.5,0.0,0.0,1,1
2359,736423.0,636447.5,0.0,0.0,1,1
2360,737274.0,636447.5,0.0,0.0,1,1
2361,737274.0,636447.5,0.0,0.0,1,1
2362,737274.0,636447.5,0.0,0.0,1,1
2363,737274.0,636447.5,0.0,0.0,1,1
2364,737274.0,636447.5,0.0,0.0,1,1
2365,737274.0,636447.5,0.0,0.0,1,1
2366,737274.0,636447.5,0.0,0.0,1,1
2367,737274.0,636447.5,0.0,0.0,1,1
2368,737274.0,636447.5,0.0,0.0,1,1
2369,737274.0,636447.5,0.0,0.0,1,1
2370,737274.0,636447.5,0.0,0.0,1,1
2371,737274.0,636447.5,0.0,0.0,1,1
2372,737274.0,636447.5,0.0,0.0,1,1
2373,737274.0,636447.5,0.0,0.0,1,1
2374,737274.0,636447.5,0.0,0.0,1,1
2375,737274.0,636447.5,0.0,0.0,1,1
2376,737274.0,636447.5,0.0,0.0,1,1
2377,737274.0,636447.5,0.0,0.0,1,1
2378,737274.0,636447.5,0.0,0.0,1,1
2379,737274.0,636447.5,0.0,0.0,1,1
2380,737274.0,636447.5,0.0,0.0,1,1
2381,737274.0,636447.5,0.0,0.0,1,1
2382,737274.0,636447.5,0.0,0.0,1,1
2383,737274.0,636447.5,0.0,0.0,1,1
2384,737274.0,636447.5,0.0,0.0,1,1
2385,737274.0,636447.5,0.0,0.0,1,1
2386,737274.0,636447.5,0.0,0.0,1,1
2387,737274.0,636447.5,0.0,0.0,1,1
2388,737274.0,636447.5,0.0,0.0,1,1
2389,737274.0,636447.5,0.0,0.0,1,1
2390,737274.0,636447.5,0.0,0.0,1,1
2391,737274.0,636447.5,0.0,0.0,1,1
2392,737274.0,636447.5,0.0,0.0,1,1
2393,737274.0,636447.5,0.0,0.0,1,1
2394,737274.0,636447.5,0.0,0.0,1,1
2395,737274.0,636447.5,0.0,0.0,1,1
2396,737274.0,636447.5,0.0,0.0,1,1
2397,737274.0,636447.5,0.0,0.0,1,1
2398,737274.0,636447.5,0.0,0.0,1,1
2399,737274.0,636447.5,0.0,0.0,1,1
2400,737274.0,636447.5,0.0,0.0,1,1
2401,737274.0,636447.5,0.0,0.0,1,1
2402,737274.0,636447.5,0.0,0.0,1,1
2403,737274.0,636447.5,0.0,0.0,1,1
2404,737274.0,636447.5,0.0,0.0,1,1
2405,737274.0,636447.5,0.0,0.0,1,1
2406,737274.0,636447.5,0.0,0.0,1,1
2407,737274.0,636447.5,0.0,0.0,1,1
2408,737274.0,636447.5,0.0,0.0,1,1
2409,737274.0,636447.5,0.0,0.0,1,1
2410,737274.0,636447.5,0.0,0.0,1,1
2411,737274.0,636447.5,0.0,0.0,1,1
2412,737274.0,636447.5,0.0,0.0,1,1
2413,737274.0,636447.5,0.0,0.0,1,1
2414,737274.0,636447.5,0.0,0.0,1,1
2415,737274.0,636447.5,0.0,0.0,1,1
2416,737274.0,636447.5,0.0,0.0,1,1
2417,737274.0,636447.5,0.0,0.0,1,1
2418,737274.0,636447.5,0.0,0.0,1,1
2419,737274.0,636447.5,0.0,0.0,1,1
2420,736247.0,636447.5,0.0,0.0,1,1
2421,736257.0,636447.5,0.0,0.0,1,1
2422,736257.0,636447.5,0.0,0.0,1,1
2423,736257.0,636447.5,0.0,0.0,1,1
2424,736257.0,636447.5,0.0,0.0,1,1
2425,736257.0,636447.5,0.0,0.0,1,1
2426,736257.0,636447.5,0.0,0.0,1,1
2427,736257.0,636447.5,0.0,0.0,1,1
2428,736257.0,636447.5,0.0,0.0,1,1
2429,736257.0,636447.5,0.0,0.0,1,1
2430,736257.0,636447.5,0.0,0.0,1,1
2431,736257.0,636447.5,0.0,0.0,1,1
2432,736257.0,636447.5,0.0,0.0,1,1
2433,736257.0,636447.5,0.0,0.0,1,1
2434,736257.0,636447.5,0.0,0.0,1,1
2435,736257.0,636447.5,0.0,0.0,1,1
2436,736257.0,636447.5,0.0,0.0,1,1
2437,736257.0,636447.5,0.0,0.0,1,1
2438,736257.0,636447.5,0.0,0.0,1,1
2439,736257.0,636447.5,0.0,0.0,1,1
2440,736257.0,636447.5,0.0,0.0,1,1
2441,736257.0,636447.5,0.0,0.0,1,1
2442,736257.0,636447.5,0.0,0.0,1,1
2443,736257.0,636447.5,0.0,0.0,1,1
2444,736257.0,636447.5,0.0,0.0,1,1
2445,736257.0,636447.5,0.0,0.0,1,1
2446,736257.0,636447.5,0.0,0.0,1,1
2447,736257.0,636447.5,0.0,0.0,1,1
2448,736257.0,636447.5,0.0,0.0,1,1
2449,736257.0,636447.5,0.0,0.0,1,1
2450,736257.0,636447.5,0.0,0.0,1,1
2451,736257.0,636447.5,0.0,0.0,1,1
2452,736257.0,636447.5,0.0,0.0,1,1
2453,736257.0,636447.5,0.0,0.0,1,1
2454,736257.0,636447.5,0.0,0.0,1,1
2455,736257.0,636447.5,0.0,0.0,1,1
2456,736257.0,636447.5,0.0,0.0,1,1
2457,736257.0,636447.5,0.0,0.0,1,1
2458,736257.0,636447.5,0.0,0.0,1,1
2459,736257.0,636447.5,0.0,0.0,1,1
2460,736257.0,636447.5,0.0,0.0,1,1
2461,736257.0,636447.5,0.0,0.0,1,1
2462,736257.0,636447.5,0.0,0.0,1,1
2463,736257.0,636447.5,0.0,0.0,1,1
2464,736257.0,636447.5,0.0,0.0,1,1
2465,736257.0,636447.5,0.0,0.0,1,1
2466,736257.0,636447.5,0.0,0.0,1,1
2467,736257.0,636447.5,0.0,0.0,1,1
2468,736257.0,636447.5,0.0,0.0,1,1
2469,736257.0,636447.5,0.0,0.0,1,1
2470,736257.0,636447.5,0.0,0.0,1,1
2471,736257.0,636447.5,0.0,0.0,1,1
2472,736257.0,636447.5,0.0,0.0,1,1
2473,736257.0,636447.5,0.0,0.0,1,1
2474,736257.0,636447.5,0.0,0.0,1,1
2475,736257.0,636447.5,0.0,0.0,1,1
2476,736257.0,636447.5,0.0,0.0,1,1
2477,736257.0,636447.5,0.0,0.0,1,1
2478,736257.0,636447.5,0.0,0.0,1,1
2479,736257.0,636447.5,0.0,0.0,1,1
2480,736257.0,636447.5,0.0,0.0,1,1
2481,736257.0,636447.5,0.0,0.0,1,1
2482,736257.0,636447.5,0.0,0.0,1,1
2483,736257.0,636447.5,0.0,0.0,1,1
2484,736257.0,636447.5,0.0,0.0,1,1
2485,736257.0,636447.5,0.0,0.0,1,1
2486,736257.0,636447.5,0.0,0.0,1,1
2487,736257.0,636447.5,0.0,0.0,1,1
2488,736257.0,636447.5,0.0,0.0,1,1
2489,736257.0,636447.5,0.0,0.0,1,1
2490,736257.0,636447.5,0.0,0.0,1,1
2491,736257.0,636447.5,0.0,0.0,1,1
2492,736257.0,636447.5,0.0,0.0,1,1
2493,736257.0,636447.5,0.0,0.0,1,1
2494,736239.0,636447.5,0.0,0.0,1,1
2495,736239.0,636447.5,0.0,0.0,1,1
2496,736239.0,636447.5,0.0,0.0,1,1
2497,736239.0,636447.5,0.0,0.0,1,1
2498,736239.0,636447.5,0.0,0.0,1,1
2499,736229.0,636447.5,0.0,0.0,1,1
2500,736229.0,636447.5,0.0,0.0,1,1
2501,736229.0,636447.5,0.0,0.0,1,1
2502,736229.0,636447.5,0.0,0.0,1,1
2503,736229.0,636447.5,0.0,0.0,1,1
2504,736229.0,636447.5,0.0,0.0,1,1
2505,736229.0,636447.5,0.0,0.0,1,1
2506,736229.0,636447.5,0.0,0.0,1,1
2507,736229.0,636447.5,0.0,0.0,1,1
2508,736229.0,636447.5,0.0,0.0,1,1
2509,736229.0,636447.5,0.0,0.0,1,1
2510,736229.0,636447.5,0.0,0.0,1,1
2511,736229.0,636447.5,0.0,0.0,1,1
2512,736229.0,636447.5,0.0,0.0,1,1
2513,736229.0,636447.5,0.0,0.0,1,1
2514,736229.0,636447.5,0.0,0.0,1,1
2515,736229.0,636447.5,0.0,0.0,1,1
2516,736229.0,636447.5,0.0,0.0,1,1
2517,736229.0,636447.5,0.0,0.0,1,1
2518,736229.0,636447.5,0.0,0.0,1,1
2519,736229.0,636447.5,0.0,0.0,1,1
2520,736229.0,636447.5,0.0,0.0,1,1
2521,736229.0,636447.5,0.0,0.0,1,1
2522,736229.0,636447.5,0.0,0.0,1,1
2523,736229.0,636447.5,0.0,0.0,1,1
2524,736229.0,636447.5,0.0,0.0,1,1
2525,736229.0,636447.5,0.0,0.0,1,1
2526,736229.0,636447.5,0.0,0.0,1,1
2527,736229.0,636447.5,0.0,0.0,1,1
2528,736229.0,636447.5,0.0,0.0,1,1
2529,736229.0,636447.5,0.0,0.0,1,1
2530,736229.0,636447.5,0.0,0.0,1,1
2531,736229.0,636447.5,0.0,0.0,1,1
2532,736154.0,636447.5,0.0,0.0,1,1
2533,736154.0,636447.5,0.0,0.0,1,1
2534,736154.0,636447.5,0.0,0.0,1,1
2535,736154.0,636447.5,0.0,0.0,1,1
2536,736154.0,636447.5,0.0,0.0,1,1
2537,736154.0,636447.5,0.0,0.0,1,1
2538,736154.0,636447.5,0.0,0.0,1,1
2539,736154.0,636447.5,0.0,0.0,1,1
2540,736154.0,636447.5,0.0,0.0,1,1
2541,736154.0,636447.5,0.0,0.0,1,1
2542,736154.0,636447.5,0.0,0.0,1,1
2543,736154.0,636447.5,0.0,0.0,1,1
2544,735975.5,636447.5,0.0,0.0,1,1
2545,735975.5,636447.5,0.0,0.0,1,1
2546,735975.5,636447.5,0.0,0.0,1,1
2547,735975.5,636447.5,0.0,0.0,1,1
2548,735975.5,636447.5,0.0,0.0,1,1
2549,735975.5,636447.5,0.0,0.0,1,1
2550,735975.5,636447.5,0.0,0.0,1,1
2551,735975.5,636447.5,0.0,0.0,1,1
2552,735975.5,636447.5,0.0,0.0,1,1
2553,735985.5,636447.5,0.0,0.0,1,1
2554,735985.5,636447.5,0.0,0.0,1,1
2555,735985.5,636447.5,0.0,0.0,1,1
2556,735985.5,636447.5,0.0,0.0,1,1
2557,735985.5,636447.5,0.0,0.0,1,1
2558,735985.5,636447.5,0.0,0.0,1,1
2559,735985.5,636447.5,0.0,0.0,1,1
2560,735985.5,636447.5,0.0,0.0,1,1
2561,735985.5,636447.5,0.0,0.0,1,1
2562,735985.5,636447.5,0.0,0.0,1,1
2563,735932.0,636447.5,0.0,0.0,1,1
2564,735932.0,636447.5,0.0,0.0,1,1
2565,735932.0,636447.5,0.0,0.0,1,1
2566,735956.0,636447.5,0.0,0.0,1,1
2567,735956.0,636447.5,0.0,0.0,1,1
2568,735956.0,636447.5,0.0,0.0,1,1
2569,735956.0,636447.5,0.0,0.0,1,1
2570,735956.0,636447.5,0.0,0.0,1,1
2571,735956.0,636447.5,0.0,0.0,1,1
2572,735956.0,636447.5,0.0,0.0,1,1
2573,735956.0,636447.5,0.0,0.0,1,1
2574,735956.0,636447.5,0.0,0.0,1,1
2575,735956.0,636447.5,0.0,0.0,1,1
2576,735956.0,636447.5,0.0,0.0,1,1
2577,735956.0,636447.5,0.0,0.0,1,1
2578,735956.0,636447.5,0.0,0.0,1,1
2579,735956.0,636447.5,0.0,0.0,1,1
2580,735956.0,636447.5,0.0,0.0,1,1
2581,735956.0,636447.5,0.0,0.0,1,1
2582,735956.0,636447.5,0.0,0.0,1,1
2583,735942.0,636447.5,0.0,0.0,1,1
2584,735942.0,636447.5,0.0,0.0,1,1
2585,735942.0,636447.5,0.0,0.0,1,1
2586,736031.5,636447.5,0.0,0.0,1,1
2587,736031.5,636447.5,0.0,0.0,1,1
2588,736031.5,636447.5,0.0,0.0,1,1
2589,736031.5,636447.5,0.0,0.0,1,1
2590,736031.5,636447.5,0.0,0.0,1,1
2591,735764.0,636447.5,0.0,0.0,1,1
2592,735764.0,636447.5,0.0,0.0,1,1
2593,735421.0,636447.5,0.0,0.0,1,1
2594,735421.0,636447.5,0.0,0.0,1,1
2595,735421.0,636447.5,0.0,0.0,1,1
2596,735421.0,636447.5,0.0,0.0,1,1
2597,735421.0,636447.5,0.0,0.0,1,1
2598,735421.0,636447.5,0.0,0.0,1,1
2599,735421.0,636447.5,0.0,0.0,1,1
2600,735421.0,636447.5,0.0,0.0,1,1
2601,735421.0,636447.5,0.0,0.0,1,1
2602,735421.0,636447.5,0.0,0.0,1,1
2603,735421.0,636447.5,0.0,0.0,1,1
2604,735421.0,636447.5,0.0,0.0,1,1
2605,735421.0,636447.5,0.0,0.0,1,1
2606,735421.0,636447.5,0.0,0.0,1,1
2607,735421.0,636447.5,0.0,0.0,1,1
2608,734886.5,636447.5,0.0,0.0,1,1
2609,734886.5,636447.5,0.0,0.0,1,1
2610,734717.0,636447.5,0.0,0.0,1,1
2611,734717.0,636447.5,0.0,0.0,1,1
2612,734717.0,636447.5,0.0,0.0,1,1
2613,734717.0,636447.5,0.0,0.0,1,1
2614,734717.0,636447.5,0.0,0.0,1,1
2615,734717.0,636447.5,0.0,0.0,1,1
2616,734717.0,636447.5,0.0,0.0,1,1
2617,734717.0,636447.5,0.0,0.0,1,1
2618,734717.0,636447.5,0.0,0.0,1,1
2619,734717.0,636447.5,0.0,0.0,1,1
2620,734717.0,636447.5,0.0,0.0,1,1
2621,734860.5,636447.5,0.0,0.0,1,1
2622,734860.5,636447.5,0.0,0.0,1,1
2623,734860.5,636447.5,0.0,0.0,1,1
2624,734860.5,636447.5,0.0,0.0,1,1
2625,734860.5,636447.5,0.0,0.0,1,1
2626,734859.0,636447.5,0.0,0.0,1,1
2627,734859.0,636447.5,0.0,0.0,1,1
2628,734859.0,636447.5,0.0,0.0,1,1
2629,734826.5,636447.5,0.0,0.0,1,1
2630,734826.5,636447.5,0.0,0.0,1,1
2631,734826.5,636447.5,0.0,0.0,1,1
2632,734826.5,636447.5,0.0,0.0,1,1
2633,735706.5,636447.5,0.0,0.0,1,1
2634,735706.5,636447.5,0.0,0.0,1,1
2635,735706.5,636447.5,0.0,0.0,1,1
2636,736131.0,636447.5,0.0,0.0,1,1
2637,736367.0,636447.5,0.0,0.0,1,1
2638,736367.0,636447.5,0.0,0.0,1,1
2639,736367.0,636447.5,0.0,0.0,1,1
2640,736367.0,636447.5,0.0,0.0,1,1
2641,736367.0,636447.5,0.0,0.0,1,1
2642,736367.0,636447.5,0.0,0.0,1,1
2643,736367.0,636447.5,0.0,0.0,1,1
2644,736367.0,636447.5,0.0,0.0,1,1
2645,736367.0,636447.5,0.0,0.0,1,1
2646,736367.0,636447.5,0.0,0.0,1,1
2647,738056.5,636447.5,0.0,0.0,1,1
2648,738056.5,636447.5,0.0,0.0,1,1
2649,737875.5,636447.5,0.0,0.0,1,1
2650,737722.0,636447.5,0.0,0.0,1,1
2651,737722.0,636447.5,0.0,0.0,1,1
2652,737722.0,636447.5,0.0,0.0,1,1
2653,737722.0,636447.5,0.0,0.0,1,1
2654,737722.0,636447.5,0.0,0.0,1,1
2655,737722.0,636447.5,0.0,0.0,1,1
2656,737722.0,636447.5,0.0,0.0,1,1
2657,737722.0,636447.5,0.0,0.0,1,1
2658,737722.0,636447.5,0.0,0.0,1,1
2659,746397.5,636447.5,0.0,0.0,1,1
2660,746397.5,636447.5,0.0,0.0,1,1
2661,746397.5,636447.5,0.0,0.0,1,1
2662,746397.5,636447.5,0.0,0.0,1,1
2663,746397.5,636447.5,0.0,0.0,1,1
2664,746397.5,636447.5,0.0,0.0,1,1
2665,746452.5,636447.5,0.0,0.0,1,1
2666,746452.5,636447.5,0.0,0.0,1,1
2667,746452.5,636447.5,0.0,0.0,1,1
2668,746452.5,636447.5,0.0,0.0,1,1
2669,746452.5,636447.5,0.0,0.0,1,1
2670,746452.5,636447.5,0.0,0.0,1,1
2671,746452.5,636447.5,0.0,0.0,1,1
2672,746452.5,636447.5,0.0,0.0,1,1
2673,746452.5,636447.5,0.0,0.0,1,1
2674,746452.5,636447.5,0.0,0.0,1,1
2675,746452.5,636447.5,0.0,0.0,1,1
2676,746452.5,636447.5,0.0,0.0,1,1
2677,746434.5,636447.5,0.0,0.0,1,1
2678,746434.5,636447.5,0.0,0.0,1,1
2679,746434.5,636447.5,0.0,0.0,1,1
2680,746434.5,636447.5,0.0,0.0,1,1
2681,746434.5,636447.5,0.0,0.0,1,1
2682,746434.5,636447.5,0.0,0.0,1,1
2683,746434.5,636447.5,0.0,0.0,1,1
2684,742354.0,636447.5,0.0,0.0,1,1
2685,742354.0,636447.5,0.0,0.0,1,1
2686,742354.0,636447.5,0.0,0.0,1,1
2687,742354.0,636447.5,0.0,0.0,1,1
2688,742354.0,636447.5,0.0,0.0,1,1
2689,742354.0,636447.5,0.0,0.0,1,1
2690,742354.0,636447.5,0.0,0.0,1,1
2691,742354.0,636447.5,0.0,0.0,1,1
2692,742354.0,636447.5,0.0,0.0,1,1
2693,742477.5,636447.5,0.0,0.0,1,1
2694,742477.5,636447.5,0.0,0.0,1,1
2695,742477.5,636447.5,0.0,0.0,1,1
2696,742477.5,636447.5,0.0,0.0,1,1
2697,742477.5,636447.5,0.0,0.0,1,1
2698,742477.5,636447.5,0.0,0.0,1,1
2699,742477.5,636447.5,0.0,0.0,1,1
2700,742477.5,636447.5,0.0,0.0,1,1
2701,742477.5,636447.5,0.0,0.0,1,1
2702,742477.5,636447.5,0.0,0.0,1,1
2703,742477.5,636447.5,0.0,0.0,1,1
2704,742477.5,636447.5,0.0,0.0,1,1
2705,742477.5,636447.5,0.0,0.0,1,1
2706,742540.5,636447.5,0.0,0.0,1,1
2707,742540.5,636447.5,0.0,0.0,1,1
2708,742540.5,636447.5,0.0,0.0,1,1
2709,742540.5,636447.5,0.0,0.0,1,1
2710,742540.5,636447.5,0.0,0.0,1,1
2711,742411.0,636447.5,0.0,0.0,1,1
2712,742411.0,636447.5,0.0,0.0,1,1
2713,742411.0,636447.5,0.0,0.0,1,1
2714,742411.0,636447.5,0.0,0.0,1,1
2715,742411.0,636447.5,0.0,0.0,1,1
2716,742411.0,636447.5,0.0,0.0,1,1
2717,742411.0,636447.5,0.0,0.0,1,1
2718,742411.0,636447.5,0.0,0.0,1,1
2719,742411.0,636447.5,0.0,0.0,1,1
2720,742411.0,636447.5,0.0,0.0,1,1
2721,742411.0,636447.5,0.0,0.0,1,1
2722,742411.0,636447.5,0.0,0.0,1,1
2723,742411.0,636447.5,0.0,0.0,1,1
2724,742411.0,636447.5,0.0,0.0,1,1
2725,742411.0,636447.5,0.0,0.0,1,1
2726,742411.0,636447.5,0.0,0.0,1,1
2727,742411.0,636447.5,0.0,0.0,1,1
2728,742411.0,636447.5,0.0,0.0,1,1
2729,742411.0,636447.5,0.0,0.0,1,1
2730,742411.0,636447.5,0.0,0.0,1,1
2731,742411.0,636447.5,0.0,0.0,1,1
2732,742411.0,636447.5,0.0,0.0,1,1
2733,742411.0,636447.5,0.0,0.0,1,1
2734,742411.0,636447.5,0.0,0.0,1,1
2735,742411.0,636447.5,0.0,0.0,1,1
2736,742992.5,636447.5,0.0,0.0,1,1
2737,742992.5,636447.5,0.0,0.0,1,1
2738,742992.5,636447.5,0.0,0.0,1,1
2739,742992.5,636447.5,0.0,0.0,1,1
2740,742992.5,636447.5,0.0,0.0,1,1
2741,742992.5,636447.5,0.0,0.0,1,1
2742,742992.5,636447.5,0.0,0.0,1,1
2743,742992.5,636447.5,0.0,0.0,1,1
2744,742992.5,636447.5,0.0,0.0,1,1
2745,742992.5,636447.5,0.0,0.0,1,1
2746,742992.5,636447.5,0.0,0.0,1,1
2747,742992.5,636447.5,0.0,0.0,1,1
2748,742992.5,636447.5,0.0,0.0,1,1
2749,742992.5,636447.5,0.0,0.0,1,1
2750,742992.5,636447.5,0.0,0.0,1,1
2751,742992.5,636447.5,0.0,0.0,1,1
2752,742992.5,636447.5,0.0,0.0,1,1
2753,742992.5,636447.5,0.0,0.0,1,1
2754,742992.5,636447.5,0.0,0.0,1,1
2755,742992.5,636447.5,0.0,0.0,1,1
2756,742992.5,636447.5,0.0,0.0,1,1
2757,742992.5,636447.5,0.0,0.0,1,1
2758,742992.5,636447.5,0.0,0.0,1,1
2759,742992.5,636447.5,0.0,0.0,1,1
2760,742992.5,636447.5,0.0,0.0,1,1
2761,742992.5,636447.5,0.0,0.0,1,1
2762,742992.5,636447.5,0.0,0.0,1,1
2763,742992.5,636447.5,0.0,0.0,1,1
2764,742992.5,636447.5,0.0,0.0,1,1
2765,742992.5,636447.5,0.0,0.0,1,1
2766,742992.5,636447.5,0.0,0.0,1,1
2767,742992.5,636447.5,0.0,0.0,1,1
2768,742992.5,636447.5,0.0,0.0,1,1
2769,742992.5,636447.5,0.0,0.0,1,1
2770,742931.5,636447.5,0.0,0.0,1,1
2771,742931.5,636447.5,0.0,0.0,1,1
2772,742931.5,636447.5,0.0,0.0,1,1
2773,742931.5,636447.5,0.0,0.0,1,1
2774,742931.5,636447.5,0.0,0.0,1,1
2775,742931.5,636447.5,0.0,0.0,1,1
2776,742931.5,636447.5,0.0,0.0,1,1
2777,742931.5,636447.5,0.0,0.0,1,1
2778,742900.0,636447.5,0.0,0.0,1,1
2779,742900.0,636447.5,0.0,0.0,1,1
2780,742900.0,636447.5,0.0,0.0,1,1
2781,742900.0,636447.5,0.0,0.0,1,1
2782,742900.0,636447.5,0.0,0.0,1,1
2783,742900.0,636447.5,0.0,0.0,1,1
2784,742900.0,636447.5,0.0,0.0,1,1
2785,742900.0,636447.5,0.0,0.0,1,1
2786,742900.0,636447.5,0.0,0.0,1,1
2787,742900.0,636447.5,0.0,0.0,1,1
2788,742900.0,636447.5,0.0,0.0,1,1
2789,742900.0,636447.5,0.0,0.0,1,1
2790,742900.0,636447.5,0.0,0.0,1,1
2791,742900.0,636447.5,0.0,0.0,1,1
2792,742900.0,636447.5,0.0,0.0,1,1
2793,742900.0,636447.5,0.0,0.0,1,1
2794,742900.0,636447.5,0.0,0.0,1,1
2795,742900.0,636447.5,0.0,0.0,1,1
2796,742900.0,636447.5,0.0,0.0,1,1
2797,742900.0,636447.5,0.0,0.0,1,1
2798,742900.0,636447.5,0.0,0.0,1,1
2799,742900.0,636447.5,0.0,0.0,1,1
2800,742900.0,636447.5,0.0,0.0,1,1
2801,742900.0,636447.5,0.0,0.0,1,1
2802,742900.0,636447.5,0.0,0.0,1,1
2803,742900.0,636447.5,0.0,0.0,1,1
2804,742900.0,636447.5,0.0,0.0,1,1
2805,742900.0,636447.5,0.0,0.0,1,1
2806,742900.0,636447.5,0.0,0.0,1,1
2807,742900.0,636447.5,0.0,0.0,1,1
2808,742900.0,636447.5,0.0,0.0,1,1
2809,742900.0,636447.5,0.0,0.0,1,1
2810,742900.0,636447.5,0.0,0.0,1,1
2811,742900.0,636447.5,0.0,0.0,1,1
2812,743455.5,636447.5,0.0,0.0,1,1
2813,743455.5,636447.5,0.0,0.0,1,1
2814,744867.0,636447.5,0.0,0.0,1,1
2815,744867.0,636447.5,0.0,0.0,1,1
2816,744867.0,636447.5,0.0,0.0,1,1
2817,744867.0,636447.5,0.0,0.0,1,1
2818,744867.0,636447.5,0.0,0.0,1,1
2819,744691.0,636447.5,0.0,0.0,1,1
2820,744691.0,636447.5,0.0,0.0,1,1
2821,744795.5,636447.5,0.0,0.0,1,1
2822,744795.5,636447.5,0.0,0.0,1,1
2823,744795.5,636447.5,0.0,0.0,1,1
2824,744795.5,636447.5,0.0,0.0,1,1
2825,744795.5,636447.5,0.0,0.0,1,1
2826,744795.5,636447.5,0.0,0.0,1,1
2827,744795.5,636447.5,0.0,0.0,1,1
2828,744795.5,636447.5,0.0,0.0,1,1
2829,744795.5,636447.5,0.0,0.0,1,1
2830,744795.5,636447.5,0.0,0.0,1,1
2831,744795.5,636447.5,0.0,0.0,1,1
2832,744795.5,636447.5,0.0,0.0,1,1
2833,744795.5,636447.5,0.0,0.0,1,1
2834,744795.5,636447.5,0.0,0.0,1,1
2835,744795.5,636447.5,0.0,0.0,1,1
2836,744795.5,636447.5,0.0,0.0,1,1
2837,744795.5,636447.5,0.0,0.0,1,1
2838,744825.5,636447.5,0.0,0.0,1,1
2839,744825.5,636447.5,0.0,0.0,1,1
2840,745063.5,636447.5,0.0,0.0,1,1
2841,745063.5,636447.5,0.0,0.0,1,1
2842,745063.5,636447.5,0.0,0.0,1,1
2843,745707.5,636447.5,0.0,0.0,1,1
2844,745707.5,636447.5,0.0,0.0,1,1
2845,745707.5,636447.5,0.0,0.0,1,1
2846,745707.5,636447.5,0.0,0.0,1,1
2847,745707.5,636447.5,0.0,0.0,1,1
2848,745707.5,636447.5,0.0,0.0,1,1
2849,745707.5,636447.5,0.0,0.0,1,1
2850,745707.5,636447.5,0.0,0.0,1,1
2851,745707.5,636447.5,0.0,0.0,1,1
2852,745029.0,636447.5,0.0,0.0,1,1
2853,744553.5,636447.5,0.0,0.0,1,1
2854,744553.5,636447.5,0.0,0.0,1,1
2855,744553.5,636447.5,0.0,0.0,1,1
2856,744553.5,636447.5,0.0,0.0,1,1
2857,744553.5,636447.5,0.0,0.0,1,1
2858,744548.5,636447.5,0.0,0.0,1,1
2859,744548.5,636447.5,0.0,0.0,1,1
2860,744548.5,636447.5,0.0,0.0,1,1
2861,744548.5,636447.5,0.0,0.0,1,1
2862,744548.5,636447.5,0.0,0.0,1,1
2863,744548.5,636447.5,0.0,0.0,1,1
2864,744548.5,636447.5,0.0,0.0,1,1
2865,744548.5,636447.5,0.0,0.0,1,1
2866,744548.5,636447.5,0.0,0.0,1,1
2867,744548.5,636447.5,0.0,0.0,1,1
2868,744548.5,636447.5,0.0,0.0,1,1
2869,744548.5,636447.5,0.0,0.0,1,1
2870,744548.5,636447.5,0.0,0.0,1,1
2871,744548.5,636447.5,0.0,0.0,1,1
2872,744548.5,636447.5,0.0,0.0,1,1
2873,744548.5,636447.5,0.0,0.0,1,1
2874,744548.5,636447.5,0.0,0.0,1,1
2875,744548.5,636447.5,0.0,0.0,1,1
2876,744548.5,636447.5,0.0,0.0,1,1
2877,744548.5,636447.5,0.0,0.0,1,1
2878,744548.5,636447.5,0.0,0.0,1,1
2879,744548.5,636447.5,0.0,0.0,1,1
2880,744548.5,636447.5,0.0,0.0,1,1
2881,744548.5,636447.5,0.0,0.0,1,1
2882,744548.5,636447.5,0.0,0.0,1,1
2883,744548.5,636447.5,0.0,0.0,1,1
2884,744548.5,636447.5,0.0,0.0,1,1
2885,744548.5,636447.5,0.0,0.0,1,1
2886,744548.5,636447.5,0.0,0.0,1,1
2887,744548.5,636447.5,0.0,0.0,1,1
2888,744548.5,636447.5,0.0,0.0,1,1
2889,744548.5,636447.5,0.0,0.0,1,1
2890,744548.5,636447.5,0.0,0.0,1,1
2891,744548.5,636447.5,0.0,0.0,1,1
2892,744548.5,636447.5,0.0,0.0,1,1
2893,744553.5,636447.5,0.0,0.0,1,1
2894,744553.5,636447.5,0.0,0.0,1,1
2895,744553.5,636447.5,0.0,0.0,1,1
2896,744553.5,636447.5,0.0,0.0,1,1
2897,744553.5,636447.5,0.0,0.0,1,1
2898,744553.5,636447.5,0.0,0.0,1,1
2899,744514.5,636447.5,0.0,0.0,1,1
2900,744514.5,636447.5,0.0,0.0,1,1
2901,744514.5,636447.5,0.0,0.0,1,1
2902,744514.5,636447.5,0.0,0.0,1,1
2903,744514.5,636447.5,0.0,0.0,1,1
2904,745333.5,636447.5,0.0,0.0,1,1
2905,745333.5,636447.5,0.0,0.0,1,1
2906,745333.5,636447.5,0.0,0.0,1,1
2907,745333.5,636447.5,0.0,0.0,1,1
2908,745333.5,636447.5,0.0,0.0,1,1
2909,745333.5,636447.5,0.0,0.0,1,1
2910,745333.5,636447.5,0.0,0.0,1,1
2911,745333.5,636447.5,0.0,0.0,1,1
2912,745333.5,636447.5,0.0,0.0,1,1
2913,745363.5,636447.5,0.0,0.0,1,1
2914,745363.5,636447.5,0.0,0.0,1,1
2915,745363.5,636447.5,0.0,0.0,1,1
2916,745363.5,636447.5,0.0,0.0,1,1
2917,745363.5,636447.5,0.0,0.0,1,1
2918,745363.5,636447.5,0.0,0.0,1,1
2919,745363.5,636447.5,0.0,0.0,1,1
2920,745363.5,636447.5,0.0,0.0,1,1
2921,745363.5,636447.5,0.0,0.0,1,1
2922,745272.0,636447.5,0.0,0.0,1,1
2923,745272.0,636447.5,0.0,0.0,1,1
2924,745272.0,636447.5,0.0,0.0,1,1
2925,745272.0,636447.5,0.0,0.0,1,1
2926,745272.0,636447.5,0.0,0.0,1,1
2927,745272.0,636447.5,0.0,0.0,1,1
2928,745272.0,636447.5,0.0,0.0,1,1
2929,745272.0,636447.5,0.0,0.0,1,1
2930,745272.0,636447.5,0.0,0.0,1,1
2931,745272.0,636447.5,0.0,0.0,1,1
2932,745272.0,636447.5,0.0,0.0,1,1
2933,745272.0,636447.5,0.0,0.0,1,1
2934,745272.0,636447.5,0.0,0.0,1,1
2935,745272.0,636447.5,0.0,0.0,1,1
2936,745272.0,636447.5,0.0,0.0,1,1
2937,745272.0,636447.5,0.0,0.0,1,1
2938,745272.0,636447.5,0.0,0.0,1,1
2939,745272.0,636447.5,0.0,0.0,1,1
2940,745272.0,636447.5,0.0,0.0,1,1
2941,745272.0,636447.5,0.0,0.0,1,1
2942,745272.0,636447.5,0.0,0.0,1,1
2943,745272.0,636447.5,0.0,0.0,1,1
2944,745272.0,636447.5,0.0,0.0,1,1
2945,745272.0,636447.5,0.0,0.0,1,1
2946,745272.0,636447.5,0.0,0.0,1,1
2947,745272.0,636447.5,0.0,0.0,1,1
2948,745272.0,636447.5,0.0,0.0,1,1
2949,745272.0,636447.5,0.0,0.0,1,1
2950,745280.0,636447.5,0.0,0.0,1,1
2951,745280.0,636447.5,0.0,0.0,1,1
2952,745280.0,636447.5,0.0,0.0,1,1
2953,745280.0,636447.5,0.0,0.0,1,1
2954,745280.0,636447.5,0.0,0.0,1,1
2955,745280.0,636447.5,0.0,0.0,1,1
2956,745280.0,636447.5,0.0,0.0,1,1
2957,745280.0,636447.5,0.0,0.0,1,1
2958,745280.0,636447.5,0.0,0.0,1,1
2959,745280.0,636447.5,0.0,0.0,1,1
2960,745280.0,636447.5,0.0,0.0,1,1
2961,745280.0,636447.5,0.0,0.0,1,1
2962,745280.0,636447.5,0.0,0.0,1,1
2963,745280.0,636447.5,0.0,0.0,1,1
2964,745280.0,636447.5,0.0,0.0,1,1
2965,745280.0,636447.5,0.0,0.0,1,1
2966,745280.0,636447.5,0.0,0.0,1,1
2967,745280.0,636447.5,0.0,0.0,1,1
2968,745280.0,636447.5,0.0,0.0,1,1
2969,741319.5,636447.5,0.0,0.0,1,1
2970,741319.5,636447.5,0.0,0.0,1,1
2971,741319.5,636447.5,0.0,0.0,1,1
2972,741319.5,636447.5,0.0,0.0,1,1
2973,741319.5,636447.5,0.0,0.0,1,1
2974,741319.5,636447.5,0.0,0.0,1,1
2975,741319.5,636447.5,0.0,0.0,1,1
2976,741319.5,636447.5,0.0,0.0,1,1
2977,741319.5,636447.5,0.0,0.0,1,1
2978,741319.5,636447.5,0.0,0.0,1,1
2979,741319.5,636447.5,0.0,0.0,1,1
2980,741319.5,636447.5,0.0,0.0,1,1
2981,741319.5,636447.5,0.0,0.0,1,1
2982,741319.5,636447.5,0.0,0.0,1,1
2983,741319.5,636447.5,0.0,0.0,1,1
2984,741319.5,636447.5,0.0,0.0,1,1
2985,741319.5,636447.5,0.0,0.0,1,1
2986,741319.5,636447.5,0.0,0.0,1,1
2987,741319.5,636447.5,0.0,0.0,1,1
2988,741319.5,636447.5,0.0,0.0,1,1
2989,741319.5,636447.5,0.0,0.0,1,1
2990,741280.5,636447.5,0.0,0.0,1,1
2991,741280.5,636447.5,0.0,0.0,1,1
2992,741280.5,636447.5,0.0,0.0,1,1
2993,741280.5,636447.5,0.0,0.0,1,1
2994,741280.5,636447.5,0.0,0.0,1,1
2995,741280.5,636447.5,0.0,0.0,1,1
2996,741275.5,636447.5,0.0,0.0,1,1
2997,741275.5,636447.5,0.0,0.0,1,1
2998,741275.5,636447.5,0.0,0.0,1,1
2999,741275.5,636447.5,0.0,0.0,1,1
3000,741275.5,636447.5,0.0,0.0,1,1
3001,741275.5,636447.5,0.0,0.0,1,1
3002,741275.5,636447.5,0.0,0.0,1,1
3003,741275.5,636447.5,0.0,0.0,1,1
3004,741275.5,636447.5,0.0,0.0,1,1
3005,741275.5,636447.5,0.0,0.0,1,1
3006,741275.5,636447.5,0.0,0.0,1,1
3007,741275.5,636447.5,0.0,0.0,1,1
3008,741275.5,636447.5,0.0,0.0,1,1
3009,741275.5,636447.5,0.0,0.0,1,1
3010,741275.5,636447.5,0.0,0.0,1,1
3011,741275.5,636447.5,0.0,0.0,1,1
3012,741275.5,636447.5,0.0,0.0,1,1
3013,741333.5,636447.5,0.0,0.0,1,1
3014,741333.5,636447.5,0.0,0.0,1,1
3015,741333.5,636447.5,0.0,0.0,1,1
3016,741333.5,636447.5,0.0,0.0,1,1
3017,741333.5,636447.5,0.0,0.0,1,1
3018,741333.5,636447.5,0.0,0.0,1,1
3019,741333.5,636447.5,0.0,0.0,1,1
3020,741333.5,636447.5,0.0,0.0,1,1
3021,741333.5,636447.5,0.0,0.0,1,1
3022,741333.5,636447.5,0.0,0.0,1,1
3023,741333.5,636447.5,0.0,0.0,1,1
3024,741141.0,636447.5,0.0,0.0,1,1
3025,741141.0,636447.5,0.0,0.0,1,1
3026,741141.0,636447.5,0.0,0.0,1,1
3027,741141.0,636447.5,0.0,0.0,1,1
3028,741141.0,636447.5,0.0,0.0,1,1
3029,741141.0,636447.5,0.0,0.0,1,1
3030,741141.0,636447.5,0.0,0.0,1,1
3031,741141.0,636447.5,0.0,0.0,1,1
3032,741141.0,636447.5,0.0,0.0,1,1
3033,740988.0,636447.5,0.0,0.0,1,1
3034,740988.0,636447.5,0.0,0.0,1,1
3035,740988.0,636447.5,0.0,0.0,1,1
3036,740988.0,636447.5,0.0,0.0,1,1
3037,740988.0,636447.5,0.0,0.0,1,1
3038,740988.0,636447.5,0.0,0.0,1,1
3039,740988.0,636447.5,0.0,0.0,1,1
3040,740988.0,636447.5,0.0,0.0,1,1
3041,740988.0,636447.5,0.0,0.0,1,1
3042,740988.0,636447.5,0.0,0.0,1,1
3043,740988.0,636447.5,0.0,0.0,1,1
3044,740988.0,636447.5,0.0,0.0,1,1
3045,740988.0,636447.5,0.0,0.0,1,1
3046,740988.0,636447.5,0.0,0.0,1,1
3047,740988.0,636447.5,0.0,0.0,1,1
3048,740988.0,636447.5,0.0,0.0,1,1
3049,740988.0,636447.5,0.0,0.0,1,1
3050,740988.0,636447.5,0.0,0.0,1,1
3051,740988.0,636447.5,0.0,0.0,1,1
3052,740988.0,636447.5,0.0,0.0,1,1
3053,740988.0,636447.5,0.0,0.0,1,1
3054,740988.0,636447.5,0.0,0.0,1,1
3055,740988.0,636447.5,0.0,0.0,1,1
3056,740988.0,636447.5,0.0,0.0,1,1
3057,740988.0,636447.5,0.0,0.0,1,1
3058,740988.0,636447.5,0.0,0.0,1,1
3059,740988.0,636447.5,0.0,0.0,1,1
3060,740988.0,636447.5,0.0,0.0,1,1
3061,741158.0,636447.5,0.0,0.0,1,1
3062,741158.0,636447.5,0.0,0.0,1,1
3063,741158.0,636447.5,0.0,0.0,1,1
3064,741158.0,636447.5,0.0,0.0,1,1
3065,741158.0,636447.5,0.0,0.0,1,1
3066,741158.0,636447.5,0.0,0.0,1,1
3067,741158.0,636447.5,0.0,0.0,1,1
3068,741158.0,636447.5,0.0,0.0,1,1
3069,741310.0,636447.5,0.0,0.0,1,1
3070,741310.0,636447.5,0.0,0.0,1,1
3071,741310.0,636447.5,0.0,0.0,1,1
3072,741310.0,636447.5,0.0,0.0,1,1
3073,741310.0,636447.5,0.0,0.0,1,1
3074,741310.0,636447.5,0.0,0.0,1,1
3075,741310.0,636447.5,0.0,0.0,1,1
3076,741310.0,636447.5,0.0,0.0,1,1
3077,741310.0,636447.5,0.0,0.0,1,1
3078,741310.0,636447.5,0.0,0.0,1,1
3079,741310.0,636447.5,0.0,0.0,1,1
3080,741310.0,636447.5,0.0,0.0,1,1
3081,741310.0,636447.5,0.0,0.0,1,1
3082,741310.0,636447.5,0.0,0.0,1,1
3083,741310.0,636447.5,0.0,0.0,1,1
3084,741310.0,636447.5,0.0,0.0,1,1
3085,741310.0,636447.5,0.0,0.0,1,1
3086,741310.0,636447.5,0.0,0.0,1,1
3087,741310.0,636447.5,0.0,0.0,1,1
3088,741310.0,636447.5,0.0,0.0,1,1
3089,741310.0,636447.5,0.0,0.0,1,1
3090,741310.0,636447.5,0.0,0.0,1,1
3091,741310.0,636447.5,0.0,0.0,1,1
3092,741310.0,636447.5,0.0,0.0,1,1
3093,741314.0,636447.5,0.0,0.0,1,1
3094,741314.0,636447.5,0.0,0.0,1,1
3095,741314.0,636447.5,0.0,0.0,1,1
3096,741314.0,636447.5,0.0,0.0,1,1
3097,741314.0,636447.5,0.0,0.0,1,1
3098,741314.0,636447.5,0.0,0.0,1,1
3099,741314.0,636447.5,0.0,0.0,1,1
3100,741314.0,636447.5,0.0,0.0,1,1
3101,741314.0,636447.5,0.0,0.0,1,1
3102,741314.0,636447.5,0.0,0.0,1,1
3103,741314.0,636447.5,0.0,0.0,1,1
3104,741314.0,636447.5,0.0,0.0,1,1
3105,741314.0,636447.5,0.0,0.0,1,1
3106,741314.0,636447.5,0.0,0.0,1,1
3107,741314.0,636447.5,0.0,0.0,1,1
3108,741314.0,636447.5,0.0,0.0,1,1
3109,741314.0,636447.5,0.0,0.0,1,1
3110,741314.0,636447.5,0.0,0.0,1,1
3111,741314.0,636447.5,0.0,0.0,1,1
3112,741314.0,636447.5,0.0,0.0,1,1
3113,741314.0,636447.5,0.0,0.0,1,1
3114,741314.0,636447.5,0.0,0.0,1,1
3115,741314.0,636447.5,0.0,0.0,1,1
3116,741314.0,636447.5,0.0,0.0,1,1
3117,741314.0,636447.5,0.0,0.0,1,1
3118,741314.0,636447.5,0.0,0.0,1,1
3119,741314.0,636447.5,0.0,0.0,1,1
3120,741314.0,636447.5,0.0,0.0,1,1
3121,741314.0,636447.5,0.0,0.0,1,1
3122,741314.0,636447.5,0.0,0.0,1,1
3123,741314.0,636447.5,0.0,0.0,1,1
3124,739700.0,636447.5,0.0,0.0,1,1
3125,739700.0,636447.5,0.0,0.0,1,1
3126,739700.0,636447.5,0.0,0.0,1,1
3127,739700.0,636447.5,0.0,0.0,1,1
3128,739700.0,636447.5,0.0,0.0,1,1
3129,739700.0,636447.5,0.0,0.0,1,1
3130,739700.0,636447.5,0.0,0.0,1,1
3131,739700.0,636447.5,0.0,0.0,1,1
3132,739700.0,636447.5,0.0,0.0,1,1
3133,739700.0,636447.5,0.0,0.0,1,1
3134,739700.0,636447.5,0.0,0.0,1,1
3135,739700.0,636447.5,0.0,0.0,1,1
3136,739700.0,636447.5,0.0,0.0,1,1
3137,739829.0,636447.5,0.0,0.0,1,1
3138,739910.5,636447.5,0.0,0.0,1,1
3139,739910.5,636447.5,0.0,0.0,1,1
3140,739910.5,636447.5,0.0,0.0,1,1
3141,739910.5,636447.5,0.0,0.0,1,1
3142,739910.5,636447.5,0.0,0.0,1,1
3143,739910.5,636447.5,0.0,0.0,1,1
3144,739910.5,636447.5,0.0,0.0,1,1
3145,739910.5,636447.5,0.0,0.0,1,1
3146,739910.5,636447.5,0.0,0.0,1,1
3147,739910.5,636447.5,0.0,0.0,1,1
3148,739910.5,636447.5,0.0,0.0,1,1
3149,739910.5,636447.5,0.0,0.0,1,1
3150,739910.5,636447.5,0.0,0.0,1,1
3151,739910.5,636447.5,0.0,0.0,1,1
3152,739910.5,636447.5,0.0,0.0,1,1
3153,739910.5,636447.5,0.0,0.0,1,1
3154,739910.5,636447.5,0.0,0.0,1,1
3155,739910.5,636447.5,0.0,0.0,1,1
3156,739910.5,636447.5,0.0,0.0,1,1
3157,739910.5,636447.5,0.0,0.0,1,1
3158,739910.5,636447.5,0.0,0.0,1,1
3159,739490.0,636447.5,0.0,0.0,1,1
3160,739490.0,636447.5,0.0,0.0,1,1
3161,739490.0,636447.5,0.0,0.0,1,1
3162,739490.0,636447.5,0.0,0.0,1,1
3163,739490.0,636447.5,0.0,0.0,1,1
3164,739490.0,636447.5,0.0,0.0,1,1
3165,739490.0,636447.5,0.0,0.0,1,1
3166,739490.0,636447.5,0.0,0.0,1,1
3167,739490.0,636447.5,0.0,0.0,1,1
3168,739490.0,636447.5,0.0,0.0,1,1
3169,739490.0,636447.5,0.0,0.0,1,1
3170,739490.0,636447.5,0.0,0.0,1,1
3171,739490.0,636447.5,0.0,0.0,1,1
3172,739490.0,636447.5,0.0,0.0,1,1
3173,739490.0,636447.5,0.0,0.0,1,1
3174,739490.0,636447.5,0.0,0.0,1,1
3175,739490.0,636447.5,0.0,0.0,1,1
3176,739490.0,636447.5,0.0,0.0,1,1
3177,739490.0,636447.5,0.0,0.0,1,1
3178,739490.0,636447.5,0.0,0.0,1,1
3179,739490.0,636447.5,0.0,0.0,1,1
3180,739490.0,636447.5,0.0,0.0,1,1
3181,739490.0,636447.5,0.0,0.0,1,1
3182,739490.0,636447.5,0.0,0.0,1,1
3183,739490.0,636447.5,0.0,0.0,1,1
3184,739869.0,636447.5,0.0,0.0,1,1
3185,739869.0,636447.5,0.0,0.0,1,1
3186,739869.0,636447.5,0.0,0.0,1,1
3187,739869.0,636447.5,0.0,0.0,1,1
3188,739869.0,636447.5,0.0,0.0,1,1
3189,739869.0,636447.5,0.0,0.0,1,1
3190,739869.0,636447.5,0.0,0.0,1,1
3191,739869.0,636447.5,0.0,0.0,1,1
3192,739772.0,636447.5,0.0,0.0,1,1
3193,739772.0,636447.5,0.0,0.0,1,1
3194,739772.0,636447.5,0.0,0.0,1,1
3195,739772.0,636447.5,0.0,0.0,1,1
3196,739772.0,636447.5,0.0,0.0,1,1
3197,739772.0,636447.5,0.0,0.0,1,1
3198,739772.0,636447.5,0.0,0.0,1,1
3199,739772.0,636447.5,0.0,0.0,1,1
3200,739772.0,636447.5,0.0,0.0,1,1
3201,739772.0,636447.5,0.0,0.0,1,1
3202,739772.0,636447.5,0.0,0.0,1,1
3203,739705.5,636447.5,0.0,0.0,1,1
3204,739705.5,636447.5,0.0,0.0,1,1
3205,739705.5,636447.5,0.0,0.0,1,1
3206,739400.0,636447.5,0.0,0.0,1,1
3207,739400.0,636447.5,0.0,0.0,1,1
3208,739400.0,636447.5,0.0,0.0,1,1
3209,739400.0,636447.5,0.0,0.0,1,1
3210,739400.0,636447.5,0.0,0.0,1,1
3211,739400.0,636447.5,0.0,0.0,1,1
3212,739400.0,636447.5,0.0,0.0,1,1
3213,739400.0,636447.5,0.0,0.0,1,1
3214,739400.0,636447.5,0.0,0.0,1,1
3215,739400.0,636447.5,0.0,0.0,1,1
3216,739400.0,636447.5,0.0,0.0,1,1
3217,739400.0,636447.5,0.0,0.0,1,1
3218,737880.5,636447.5,0.0,0.0,1,1
3219,737880.5,636447.5,0.0,0.0,1,1
3220,737880.5,636447.5,0.0,0.0,1,1
3221,737880.5,636447.5,0.0,0.0,1,1
3222,737880.5,636447.5,0.0,0.0,1,1
3223,737880.5,636447.5,0.0,0.0,1,1
3224,737880.5,636447.5,0.0,0.0,1,1
3225,737880.5,636447.5,0.0,0.0,1,1
3226,737880.5,636447.5,0.0,0.0,1,1
3227,737777.0,636447.5,0.0,0.0,1,1
3228,737777.0,636447.5,0.0,0.0,1,1
3229,737777.0,636447.5,0.0,0.0,1,1
3230,737777.0,636447.5,0.0,0.0,1,1
3231,737777.0,636447.5,0.0,0.0,1,1
3232,737777.0,636447.5,0.0,0.0,1,1
3233,737777.0,636447.5,0.0,0.0,1,1
3234,737945.0,636447.5,0.0,0.0,1,1
3235,737800.5,636447.5,0.0,0.0,1,1
3236,737800.5,636447.5,0.0,0.0,1,1
3237,737800.5,636447.5,0.0,0.0,1,1
3238,737800.5,636447.5,0.0,0.0,1,1
3239,737800.5,636447.5,0.0,0.0,1,1
3240,737800.5,636447.5,0.0,0.0,1,1
3241,737800.5,636447.5,0.0,0.0,1,1
3242,737800.5,636447.5,0.0,0.0,1,1
3243,737800.5,636447.5,0.0,0.0,1,1
3244,738369.0,636447.5,0.0,0.0,1,1
3245,738369.0,636447.5,0.0,0.0,1,1
3246,738369.0,636447.5,0.0,0.0,1,1
3247,738369.0,636447.5,0.0,0.0,1,1
3248,738369.0,636447.5,0.0,0.0,1,1
3249,738369.0,636447.5,0.0,0.0,1,1
3250,738369.0,636447.5,0.0,0.0,1,1
3251,738369.0,636447.5,0.0,0.0,1,1
3252,738369.0,636447.5,0.0,0.0,1,1
3253,738369.0,636447.5,0.0,0.0,1,1
3254,738369.0,636447.5,0.0,0.0,1,1
3255,738369.0,636447.5,0.0,0.0,1,1
3256,738369.0,636447.5,0.0,0.0,1,1
3257,738369.0,636447.5,0.0,0.0,1,1
3258,738369.0,636447.5,0.0,0.0,1,1
3259,738369.0,636447.5,0.0,0.0,1,1
3260,738369.0,636447.5,0.0,0.0,1,1
3261,738369.0,636447.5,0.0,0.0,1,1
3262,738369.0,636447.5,0.0,0.0,1,1
3263,738369.0,636447.5,0.0,0.0,1,1
3264,738369.0,636447.5,0.0,0.0,1,1
3265,738369.0,636447.5,0.0,0.0,1,1
3266,738369.0,636447.5,0.0,0.0,1,1
3267,738369.0,636447.5,0.0,0.0,1,1
3268,738369.0,636447.5,0.0,0.0,1,1
3269,738369.0,636447.5,0.0,0.0,1,1
3270,738369.0,636447.5,0.0,0.0,1,1
3271,738369.0,636447.5,0.0,0.0,1,1
3272,738369.0,636447.5,0.0,0.0,1,1
3273,738369.0,636447.5,0.0,0.0,1,1
3274,738369.0,636447.5,0.0,0.0,1,1
3275,738653.5,636447.5,0.0,0.0,1,1
3276,738653.5,636447.5,0.0,0.0,1,1
3277,738653.5,636447.5,0.0,0.0,1,1
3278,738653.5,636447.5,0.0,0.0,1,1
3279,738653.5,636447.5,0.0,0.0,1,1
3280,738653.5,636447.5,0.0,0.0,1,1
3281,739125.5,636447.5,0.0,0.0,1,1
3282,739125.5,636447.5,0.0,0.0,1,1
3283,739125.5,636447.5,0.0,0.0,1,1
3284,739125.5,636447.5,0.0,0.0,1,1
3285,739125.5,636447.5,0.0,0.0,1,1
3286,739125.5,636447.5,0.0,0.0,1,1
3287,739125.5,636447.5,0.0,0.0,1,1
3288,739125.5,636447.5,0.0,0.0,1,1
3289,739125.5,636447.5,0.0,0.0,1,1
3290,739125.5,636447.5,0.0,0.0,1,1
3291,739125.5,636447.5,0.0,0.0,1,1
3292,739125.5,636447.5,0.0,0.0,1,1
3293,739125.5,636447.5,0.0,0.0,1,1
3294,739125.5,636447.5,0.0,0.0,1,1
3295,739125.5,636447.5,0.0,0.0,1,1
3296,739125.5,636447.5,0.0,0.0,1,1
3297,741508.5,636447.5,0.0,0.0,1,1
3298,741508.5,636447.5,0.0,0.0,1,1
3299,741366.5,636447.5,0.0,0.0,1,1
3300,741366.5,636447.5,0.0,0.0,1,1
3301,741366.5,636447.5,0.0,0.0,1,1
3302,741366.5,636447.5,0.0,0.0,1,1
3303,741366.5,636447.5,0.0,0.0,1,1
3304,741366.5,636447.5,0.0,0.0,1,1
3305,741366.5,636447.5,0.0,0.0,1,1
3306,741366.5,636447.5,0.0,0.0,1,1
3307,741366.5,636447.5,0.0,0.0,1,1
3308,741366.5,636447.5,0.0,0.0,1,1
3309,741366.5,636447.5,0.0,0.0,1,1
3310,741366.5,636447.5,0.0,0.0,1,1
3311,741366.5,636447.5,0.0,0.0,1,1
3312,741303.0,636447.5,0.0,0.0,1,1
3313,741303.0,636447.5,0.0,0.0,1,1
3314,741445.0,636447.5,0.0,0.0,1,1
3315,741445.0,636447.5,0.0,0.0,1,1
3316,741445.0,636447.5,0.0,0.0,1,1
3317,741445.0,636447.5,0.0,0.0,1,1
3318,741445.0,636447.5,0.0,0.0,1,1
3319,741445.0,636447.5,0.0,0.0,1,1
3320,741445.0,636447.5,0.0,0.0,1,1
3321,741445.0,636447.5,0.0,0.0,1,1
3322,741445.0,636447.5,0.0,0.0,1,1
3323,741558.5,636447.5,0.0,0.0,1,1
3324,741558.5,636447.5,0.0,0.0,1,1
3325,741558.5,636447.5,0.0,0.0,1,1
3326,741558.5,636447.5,0.0,0.0,1,1
3327,741558.5,636447.5,0.0,0.0,1,1
3328,741558.5,636447.5,0.0,0.0,1,1
3329,741558.5,636447.5,0.0,0.0,1,1
3330,741558.5,636447.5,0.0,0.0,1,1
3331,741558.5,636447.5,0.0,0.0,1,1
3332,741558.5,636447.5,0.0,0.0,1,1
3333,741558.5,636447.5,0.0,0.0,1,1
3334,741558.5,636447.5,0.0,0.0,1,1
3335,742307.5,636447.5,0.0,0.0,1,1
3336,742307.5,636447.5,0.0,0.0,1,1
3337,742307.5,636447.5,0.0,0.0,1,1
3338,742307.5,636447.5,0.0,0.0,1,1
3339,742307.5,636447.5,0.0,0.0,1,1
3340,742307.5,636447.5,0.0,0.0,1,1
3341,742307.5,636447.5,0.0,0.0,1,1
3342,742307.5,636447.5,0.0,0.0,1,1
3343,742323.0,636447.5,0.0,0.0,1,1
3344,743468.0,636447.5,0.0,0.0,1,1
3345,743468.0,636447.5,0.0,0.0,1,1
3346,743468.0,636447.5,0.0,0.0,1,1
3347,743468.0,636447.5,0.0,0.0,1,1
3348,743468.0,636447.5,0.0,0.0,1,1
3349,744047.5,636447.5,0.0,0.0,1,1
3350,744047.5,636447.5,0.0,0.0,1,1
3351,744047.5,636447.5,0.0,0.0,1,1
3352,744047.5,636447.5,0.0,0.0,1,1
3353,744047.5,636447.5,0.0,0.0,1,1
3354,744047.5,636447.5,0.0,0.0,1,1
3355,744047.5,636447.5,0.0,0.0,1,1
3356,744047.5,636447.5,0.0,0.0,1,1
3357,744047.5,636447.5,0.0,0.0,1,1
3358,744047.5,636447.5,0.0,0.0,1,1
3359,744047.5,636447.5,0.0,0.0,1,1
3360,744047.5,636447.5,0.0,0.0,1,1
3361,744047.5,636447.5,0.0,0.0,1,1
3362,741825.0,636447.5,0.0,0.0,1,1
3363,741825.0,636447.5,0.0,0.0,1,1
3364,740565.5,636447.5,0.0,0.0,1,1
3365,740565.5,636447.5,0.0,0.0,1,1
3366,740565.5,636447.5,0.0,0.0,1,1
3367,740565.5,636447.5,0.0,0.0,1,1
3368,740565.5,636447.5,0.0,0.0,1,1
3369,740565.5,636447.5,0.0,0.0,1,1
3370,740565.5,636447.5,0.0,0.0,1,1
3371,740565.5,636447.5,0.0,0.0,1,1
3372,740565.5,636447.5,0.0,0.0,1,1
3373,740565.5,636447.5,0.0,0.0,1,1
3374,740565.5,636447.5,0.0,0.0,1,1
3375,740565.5,636447.5,0.0,0.0,1,1
3376,740565.5,636447.5,0.0,0.0,1,1
3377,740565.5,636447.5,0.0,0.0,1,1
3378,740565.5,636447.5,0.0,0.0,1,1
3379,740565.5,636447.5,0.0,0.0,1,1
3380,740565.5,636447.5,0.0,0.0,1,1
3381,740520.0,636447.5,0.0,0.0,1,1
3382,740520.0,636447.5,0.0,0.0,1,1
3383,740520.0,636447.5,0.0,0.0,1,1
3384,740520.0,636447.5,0.0,0.0,1,1
3385,740520.0,636447.5,0.0,0.0,1,1
3386,740520.0,636447.5,0.0,0.0,1,1
3387,740520.0,636447.5,0.0,0.0,1,1
3388,740525.0,636447.5,0.0,0.0,1,1
3389,740525.0,636447.5,0.0,0.0,1,1
3390,740525.0,636447.5,0.0,0.0,1,1
3391,740525.0,636447.5,0.0,0.0,1,1
3392,740525.0,636447.5,0.0,0.0,1,1
3393,740525.0,636447.5,0.0,0.0,1,1
3394,740525.0,636447.5,0.0,0.0,1,1
3395,740525.0,636447.5,0.0,0.0,1,1
3396,740525.0,636447.5,0.0,0.0,1,1
3397,740525.0,636447.5,0.0,0.0,1,1
3398,740525.0,636447.5,0.0,0.0,1,1
3399,740525.0,636447.5,0.0,0.0,1,1
3400,740525.0,636447.5,0.0,0.0,1,1
3401,740525.0,636447.5,0.0,0.0,1,1
3402,740525.0,636447.5,0.0,0.0,1,1
3403,740525.0,636447.5,0.0,0.0,1,1
3404,740525.0,636447.5,0.0,0.0,1,1
3405,740525.0,636447.5,0.0,0.0,1,1
3406,740411.5,636447.5,0.0,0.0,1,1
3407,740411.5,636447.5,0.0,0.0,1,1
3408,740411.5,636447.5,0.0,0.0,1,1
3409,740411.5,636447.5,0.0,0.0,1,1
3410,740411.5,636447.5,0.0,0.0,1,1
3411,740411.5,636447.5,0.0,0.0,1,1
3412,740411.5,636447.5,0.0,0.0,1,1
3413,740411.5,636447.5,0.0,0.0,1,1
3414,739276.0,636447.5,0.0,0.0,1,1
3415,739276.0,636447.5,0.0,0.0,1,1
3416,739276.0,636447.5,0.0,0.0,1,1
3417,739276.0,636447.5,0.0,0.0,1,1
3418,739276.0,636447.5,0.0,0.0,1,1
3419,739276.0,636447.5,0.0,0.0,1,1
3420,739276.0,636447.5,0.0,0.0,1,1
3421,739276.0,636447.5,0.0,0.0,1,1
3422,739276.0,636447.5,0.0,0.0,1,1
3423,739276.0,636447.5,0.0,0.0,1,1
3424,739276.0,636447.5,0.0,0.0,1,1
3425,739276.0,636447.5,0.0,0.0,1,1
3426,739276.0,636447.5,0.0,0.0,1,1
3427,739276.0,636447.5,0.0,0.0,1,1
3428,739276.0,636447.5,0.0,0.0,1,1
3429,739276.0,636447.5,0.0,0.0,1,1
3430,739276.0,636447.5,0.0,0.0,1,1
3431,739276.0,636447.5,0.0,0.0,1,1
3432,739276.0,636447.5,0.0,0.0,1,1
3433,739276.0,636447.5,0.0,0.0,1,1
3434,739276.0,636447.5,0.0,0.0,1,1
3435,739276.0,636447.5,0.0,0.0,1,1
3436,739276.0,636447.5,0.0,0.0,1,1
3437,739276.0,636447.5,0.0,0.0,1,1
3438,739276.0,636447.5,0.0,0.0,1,1
3439,739276.0,636447.5,0.0,0.0,1,1
3440,739276.0,636447.5,0.0,0.0,1,1
3441,739276.0,636447.5,0.0,0.0,1,1
3442,739276.0,636447.5,0.0,0.0,1,1
3443,739276.0,636447.5,0.0,0.0,1,1
3444,739276.0,636447.5,0.0,0.0,1,1
3445,739276.0,636447.5,0.0,0.0,1,1
3446,739307.5,636447.5,0.0,0.0,1,1
3447,739307.5,636447.5,0.0,0.0,1,1
3448,739307.5,636447.5,0.0,0.0,1,1
3449,739307.5,636447.5,0.0,0.0,1,1
3450,739307.5,636447.5,0.0,0.0,1,1
3451,739307.5,636447.5,0.0,0.0,1,1
3452,739307.5,636447.5,0.0,0.0,1,1
3453,739307.5,636447.5,0.0,0.0,1,1
3454,739307.5,636447.5,0.0,0.0,1,1
3455,739307.5,636447.5,0.0,0.0,1,1
3456,739307.5,636447.5,0.0,0.0,1,1
3457,739613.0,636447.5,0.0,0.0,1,1
3458,739613.0,636447.5,0.0,0.0,1,1
3459,739613.0,636447.5,0.0,0.0,1,1
3460,739613.0,636447.5,0.0,0.0,1,1
3461,739613.0,636447.5,0.0,0.0,1,1
3462,739613.0,636447.5,0.0,0.0,1,1
3463,739925.0,636447.5,0.0,0.0,1,1
3464,740610.0,636447.5,0.0,0.0,1,1
3465,740610.0,636447.5,0.0,0.0,1,1
3466,740610.0,636447.5,0.0,0.0,1,1
3467,740610.0,636447.5,0.0,0.0,1,1
3468,740610.0,636447.5,0.0,0.0,1,1
3469,740610.0,636447.5,0.0,0.0,1,1
3470,740610.0,636447.5,0.0,0.0,1,1
3471,740610.0,636447.5,0.0,0.0,1,1
3472,740610.0,636447.5,0.0,0.0,1,1
3473,740610.0,636447.5,0.0,0.0,1,1
3474,740610.0,636447.5,0.0,0.0,1,1
3475,740496.5,636447.5,0.0,0.0,1,1
3476,740496.5,636447.5,0.0,0.0,1,1
3477,740496.5,636447.5,0.0,0.0,1,1
3478,740496.5,636447.5,0.0,0.0,1,1
3479,740496.5,636447.5,0.0,0.0,1,1
3480,740496.5,636447.5,0.0,0.0,1,1
3481,740496.5,636447.5,0.0,0.0,1,1
3482,740496.5,636447.5,0.0,0.0,1,1
3483,740496.5,636447.5,0.0,0.0,1,1
3484,740496.5,636447.5,0.0,0.0,1,1
3485,740496.5,636447.5,0.0,0.0,1,1
3486,740496.5,636447.5,0.0,0.0,1,1
3487,740496.5,636447.5,0.0,0.0,1,1
3488,740496.5,636447.5,0.0,0.0,1,1
3489,740496.5,636447.5,0.0,0.0,1,1
3490,740496.5,636447.5,0.0,0.0,1,1
3491,740496.5,636447.5,0.0,0.0,1,1
3492,740496.5,636447.5,0.0,0.0,1,1
3493,740496.5,636447.5,0.0,0.0,1,1
3494,740496.5,636447.5,0.0,0.0,1,1
3495,740496.5,636447.5,0.0,0.0,1,1
3496,740496.5,636447.5,0.0,0.0,1,1
3497,740496.5,636447.5,0.0,0.0,1,1
3498,740496.5,636447.5,0.0,0.0,1,1
3499,740496.5,636447.5,0.0,0.0,1,1
3500,740496.5,636447.5,0.0,0.0,1,1
3501,740496.5,636447.5,0.0,0.0,1,1
3502,740496.5,636447.5,0.0,0.0,1,1
3503,740496.5,636447.5,0.0,0.0,1,1
3504,740496.5,636447.5,0.0,0.0,1,1
3505,740496.5,636447.5,0.0,0.0,1,1
3506,740496.5,636447.5,0.0,0.0,1,1
3507,740496.5,636447.5,0.0,0.0,1,1
3508,740496.5,636447.5,0.0,0.0,1,1
3509,740496.5,636447.5,0.0,0.0,1,1
3510,740496.5,636447.5,0.0,0.0,1,1
3511,740496.5,636447.5,0.0,0.0,1,1
3512,740496.5,636447.5,0.0,0.0,1,1
3513,740496.5,636447.5,0.0,0.0,1,1
3514,740496.5,636447.5,0.0,0.0,1,1
3515,740496.5,636447.5,0.0,0.0,1,1
3516,740496.5,636447.5,0.0,0.0,1,1
3517,740496.5,636447.5,0.0,0.0,1,1
3518,740496.5,636447.5,0.0,0.0,1,1
3519,740496.5,636447.5,0.0,0.0,1,1
3520,740496.5,636447.5,0.0,0.0,1,1
3521,740496.5,636447.5,0.0,0.0,1,1
3522,740496.5,636447.5,0.0,0.0,1,1
3523,740496.5,636447.5,0.0,0.0,1,1
3524,740496.5,636447.5,0.0,0.0,1,1
3525,740496.5,636447.5,0.0,0.0,1,1
3526,744732.5,636447.5,0.0,0.0,1,1
3527,744732.5,636447.5,0.0,0.0,1,1
3528,744732.5,636447.5,0.0,0.0,1,1
3529,744732.5,636447.5,0.0,0.0,1,1
3530,744732.5,636447.5,0.0,0.0,1,1
3531,744732.5,636447.5,0.0,0.0,1,1
3532,744732.5,636447.5,0.0,0.0,1,1
3533,744732.5,636447.5,0.0,0.0,1,1
3534,744732.5,636447.5,0.0,0.0,1,1
3535,744732.5,636447.5,0.0,0.0,1,1
3536,744732.5,636447.5,0.0,0.0,1,1
3537,744732.5,636447.5,0.0,0.0,1,1
3538,744732.5,636447.5,0.0,0.0,1,1
3539,744732.5,636447.5,0.0,0.0,1,1
3540,744732.5,636447.5,0.0,0.0,1,1
3541,744732.5,636447.5,0.0,0.0,1,1
3542,744732.5,636447.5,0.0,0.0,1,1
3543,744732.5,636447.5,0.0,0.0,1,1
3544,744732.5,636447.5,0.0,0.0,1,1
3545,744732.5,636447.5,0.0,0.0,1,1
3546,744732.5,636447.5,0.0,0.0,1,1
3547,744732.5,636447.5,0.0,0.0,1,1
3548,744732.5,636447.5,0.0,0.0,1,1
3549,744732.5,636447.5,0.0,0.0,1,1
3550,744732.5,636447.5,0.0,0.0,1,1
3551,744732.5,636447.5,0.0,0.0,1,1
3552,744732.5,636447.5,0.0,0.0,1,1
3553,744732.5,636447.5,0.0,0.0,1,1
3554,744732.5,636447.5,0.0,0.0,1,1
3555,744732.5,636447.5,0.0,0.0,1,1
3556,744732.5,636447.5,0.0,0.0,1,1
3557,744732.5,636447.5,0.0,0.0,1,1
3558,744732.5,636447.5,0.0,0.0,1,1
3559,744732.5,636447.5,0.0,0.0,1,1
3560,744732.5,636447.5,0.0,0.0,1,1
3561,744732.5,636447.5,0.0,0.0,1,1
3562,744732.5,636447.5,0.0,0.0,1,1
3563,744732.5,636447.5,0.0,0.0,1,1
3564,744732.5,636447.5,0.0,0.0,1,1
3565,744732.5,636447.5,0.0,0.0,1,1
3566,744732.5,636447.5,0.0,0.0,1,1
3567,744732.5,636447.5,0.0,0.0,1,1
3568,744732.5,636447.5,0.0,0.0,1,1
3569,744732.5,636447.5,0.0,0.0,1,1
3570,744732.5,636447.5,0.0,0.0,1,1
3571,744732.5,636447.5,0.0,0.0,1,1
3572,744732.5,636447.5,0.0,0.0,1,1
3573,744732.5,636447.5,0.0,0.0,1,1
3574,744641.0,636447.5,0.0,0.0,1,1
3575,744641.0,636447.5,0.0,0.0,1,1
3576,744641.0,636447.5,0.0,0.0,1,1
3577,744641.0,636447.5,0.0,0.0,1,1
3578,744641.0,636447.5,0.0,0.0,1,1
3579,744641.0,636447.5,0.0,0.0,1,1
3580,744641.0,636447.5,0.0,0.0,1,1
3581,744641.0,636447.5,0.0,0.0,1,1
3582,744641.0,636447.5,0.0,0.0,1,1
3583,744641.0,636447.5,0.0,0.0,1,1
3584,744641.0,636447.5,0.0,0.0,1,1
3585,744641.0,636447.5,0.0,0.0,1,1
3586,744641.0,636447.5,0.0,0.0,1,1
3587,744641.0,636447.5,0.0,0.0,1,1
3588,744641.0,636447.5,0.0,0.0,1,1
3589,744641.0,636447.5,0.0,0.0,1,1
3590,744641.0,636447.5,0.0,0.0,1,1
3591,744641.0,636447.5,0.0,0.0,1,1
3592,744641.0,636447.5,0.0,0.0,1,1
3593,744641.0,636447.5,0.0,0.0,1,1
3594,744641.0,636447.5,0.0,0.0,1,1
3595,744641.0,636447.5,0.0,0.0,1,1
3596,742895.0,636447.5,0.0,0.0,1,1
3597,742895.0,636447.5,0.0,0.0,1,1
3598,742895.0,636447.5,0.0,0.0,1,1
3599,742934.0,636447.5,0.0,0.0,1,1
3600,742934.0,636447.5,0.0,0.0,1,1
3601,742934.0,636447.5,0.0,0.0,1,1
3602,742934.0,636447.5,0.0,0.0,1,1
3603,742934.0,636447.5,0.0,0.0,1,1
3604,742934.0,636447.5,0.0,0.0,1,1
3605,742934.0,636447.5,0.0,0.0,1,1
3606,742934.0,636447.5,0.0,0.0,1,1
3607,742723.5,636447.5,0.0,0.0,1,1
3608,742723.5,636447.5,0.0,0.0,1,1
3609,742723.5,636447.5,0.0,0.0,1,1
3610,742723.5,636447.5,0.0,0.0,1,1
3611,742723.5,636447.5,0.0,0.0,1,1
3612,742723.5,636447.5,0.0,0.0,1,1
3613,742723.5,636447.5,0.0,0.0,1,1
3614,742723.5,636447.5,0.0,0.0,1,1
3615,742723.5,636447.5,0.0,0.0,1,1
3616,742723.5,636447.5,0.0,0.0,1,1
3617,742723.5,636447.5,0.0,0.0,1,1
3618,742723.5,636447.5,0.0,0.0,1,1
3619,742848.5,636447.5,0.0,0.0,1,1
3620,742848.5,636447.5,0.0,0.0,1,1
3621,742848.5,636447.5,0.0,0.0,1,1
3622,742848.5,636447.5,0.0,0.0,1,1
3623,742848.5,636447.5,0.0,0.0,1,1
3624,742848.5,636447.5,0.0,0.0,1,1
3625,742848.5,636447.5,0.0,0.0,1,1
3626,742848.5,636447.5,0.0,0.0,1,1
3627,742848.5,636447.5,0.0,0.0,1,1
3628,742848.5,636447.5,0.0,0.0,1,1
3629,742848.5,636447.5,0.0,0.0,1,1
3630,742848.5,636447.5,0.0,0.0,1,1
3631,742874.5,636447.5,0.0,0.0,1,1
3632,742874.5,636447.5,0.0,0.0,1,1
3633,742874.5,636447.5,0.0,0.0,1,1
3634,742874.5,636447.5,0.0,0.0,1,1
3635,742874.5,636447.5,0.0,0.0,1,1
3636,742874.5,636447.5,0.0,0.0,1,1
3637,742874.5,636447.5,0.0,0.0,1,1
3638,742874.5,636447.5,0.0,0.0,1,1
3639,742874.5,636447.5,0.0,0.0,1,1
3640,742874.5,636447.5,0.0,0.0,1,1
3641,742874.5,636447.5,0.0,0.0,1,1
3642,742874.5,636447.5,0.0,0.0,1,1
3643,742874.5,636447.5,0.0,0.0,1,1
3644,742874.5,636447.5,0.0,0.0,1,1
3645,742874.5,636447.5,0.0,0.0,1,1
3646,744203.0,636447.5,0.0,0.0,1,1
3647,744203.0,636447.5,0.0,0.0,1,1
3648,744203.0,636447.5,0.0,0.0,1,1
3649,744203.0,636447.5,0.0,0.0,1,1
3650,744203.0,636447.5,0.0,0.0,1,1
3651,744216.0,636447.5,0.0,0.0,1,1
3652,744216.0,636447.5,0.0,0.0,1,1
3653,744216.0,636447.5,0.0,0.0,1,1
3654,744216.0,636447.5,0.0,0.0,1,1
3655,744216.0,636447.5,0.0,0.0,1,1
3656,744216.0,636447.5,0.0,0.0,1,1
3657,744216.0,636447.5,0.0,0.0,1,1
3658,744216.0,636447.5,0.0,0.0,1,1
3659,744216.0,636447.5,0.0,0.0,1,1
3660,744216.0,636447.5,0.0,0.0,1,1
3661,744216.0,636447.5,0.0,0.0,1,1
3662,744216.0,636447.5,0.0,0.0,1,1
3663,744216.0,636447.5,0.0,0.0,1,1
3664,744216.0,636447.5,0.0,0.0,1,1
3665,744216.0,636447.5,0.0,0.0,1,1
3666,744258.5,636447.5,0.0,0.0,1,1
3667,744285.0,636447.5,0.0,0.0,1,1
3668,744285.0,636447.5,0.0,0.0,1,1
3669,744285.0,636447.5,0.0,0.0,1,1
3670,744285.0,636447.5,0.0,0.0,1,1
3671,744285.0,636447.5,0.0,0.0,1,1
3672,744285.0,636447.5,0.0,0.0,1,1
3673,744285.0,636447.5,0.0,0.0,1,1
3674,744285.0,636447.5,0.0,0.0,1,1
3675,744285.0,636447.5,0.0,0.0,1,1
3676,744285.0,636447.5,0.0,0.0,1,1
3677,744285.0,636447.5,0.0,0.0,1,1
3678,744285.0,636447.5,0.0,0.0,1,1
3679,744285.0,636447.5,0.0,0.0,1,1
3680,744285.0,636447.5,0.0,0.0,1,1
3681,744285.0,636447.5,0.0,0.0,1,1
3682,744073.5,636447.5,0.0,0.0,1,1
3683,744073.5,636447.5,0.0,0.0,1,1
3684,744073.5,636447.5,0.0,0.0,1,1
3685,744073.5,636447.5,0.0,0.0,1,1
3686,744073.5,636447.5,0.0,0.0,1,1
3687,744073.5,636447.5,0.0,0.0,1,1
3688,744073.5,636447.5,0.0,0.0,1,1
3689,744073.5,636447.5,0.0,0.0,1,1
3690,744073.5,636447.5,0.0,0.0,1,1
3691,744073.5,636447.5,0.0,0.0,1,1
3692,744073.5,636447.5,0.0,0.0,1,1
3693,744073.5,636447.5,0.0,0.0,1,1
3694,744073.5,636447.5,0.0,0.0,1,1
3695,744073.5,636447.5,0.0,0.0,1,1
3696,744073.5,636447.5,0.0,0.0,1,1
3697,744073.5,636447.5,0.0,0.0,1,1
3698,744073.5,636447.5,0.0,0.0,1,1
3699,744073.5,636447.5,0.0,0.0,1,1
3700,744073.5,636447.5,0.0,0.0,1,1
3701,744073.5,636447.5,0.0,0.0,1,1
3702,744073.5,636447.5,0.0,0.0,1,1
3703,744073.5,636447.5,0.0,0.0,1,1
3704,744073.5,636447.5,0.0,0.0,1,1
3705,744073.5,636447.5,0.0,0.0,1,1
3706,744073.5,636447.5,0.0,0.0,1,1
3707,744073.5,636447.5,0.0,0.0,1,1
3708,744073.5,636447.5,0.0,0.0,1,1
3709,744136.0,636447.5,0.0,0.0,1,1
3710,744136.0,636447.5,0.0,0.0,1,1
3711,744136.0,636447.5,0.0,0.0,1,1
3712,744136.0,636447.5,0.0,0.0,1,1
3713,744136.0,636447.5,0.0,0.0,1,1
3714,744136.0,636447.5,0.0,0.0,1,1
3715,744136.0,636447.5,0.0,0.0,1,1
3716,744136.0,636447.5,0.0,0.0,1,1
3717,744136.0,636447.5,0.0,0.0,1,1
3718,744136.0,636447.5,0.0,0.0,1,1
3719,744136.0,636447.5,0.0,0.0,1,1
3720,744125.5,636447.5,0.0,0.0,1,1
3721,744125.5,636447.5,0.0,0.0,1,1
3722,744125.5,636447.5,0.0,0.0,1,1
3723,744125.5,636447.5,0.0,0.0,1,1
3724,744125.5,636447.5,0.0,0.0,1,1
3725,744125.5,636447.5,0.0,0.0,1,1
3726,744125.5,636447.5,0.0,0.0,1,1
3727,744125.5,636447.5,0.0,0.0,1,1
3728,744125.5,636447.5,0.0,0.0,1,1
3729,744125.5,636447.5,0.0,0.0,1,1
3730,744125.5,636447.5,0.0,0.0,1,1
3731,744125.5,636447.5,0.0,0.0,1,1
3732,744125.5,636447.5,0.0,0.0,1,1
3733,744125.5,636447.5,0.0,0.0,1,1
3734,744125.5,636447.5,0.0,0.0,1,1
3735,744125.5,636447.5,0.0,0.0,1,1
3736,744125.5,636447.5,0.0,0.0,1,1
3737,744125.5,636447.5,0.0,0.0,1,1
3738,744125.5,636447.5,0.0,0.0,1,1
3739,744125.5,636447.5,0.0,0.0,1,1
3740,744125.5,636447.5,0.0,0.0,1,1
3741,744125.5,636447.5,0.0,0.0,1,1
3742,744104.0,636447.5,0.0,0.0,1,1
3743,744104.0,636447.5,0.0,0.0,1,1
3744,744104.0,636447.5,0.0,0.0,1,1
3745,744104.0,636447.5,0.0,0.0,1,1
3746,744104.0,636447.5,0.0,0.0,1,1
3747,744104.0,636447.5,0.0,0.0,1,1
3748,744104.0,636447.5,0.0,0.0,1,1
3749,744104.0,636447.5,0.0,0.0,1,1
3750,744948.0,636447.5,0.0,0.0,1,1
3751,745044.5,636447.5,0.0,0.0,1,1
3752,745044.5,636447.5,0.0,0.0,1,1
3753,745044.5,636447.5,0.0,0.0,1,1
3754,745044.5,636447.5,0.0,0.0,1,1
3755,745044.5,636447.5,0.0,0.0,1,1
3756,745044.5,636447.5,0.0,0.0,1,1
3757,745044.5,636447.5,0.0,0.0,1,1
3758,745044.5,636447.5,0.0,0.0,1,1
3759,745044.5,636447.5,0.0,0.0,1,1
3760,745044.5,636447.5,0.0,0.0,1,1
3761,745044.5,636447.5,0.0,0.0,1,1
3762,745044.5,636447.5,0.0,0.0,1,1
3763,745044.5,636447.5,0.0,0.0,1,1
3764,745172.5,636447.5,0.0,0.0,1,1
3765,745172.5,636447.5,0.0,0.0,1,1
3766,745172.5,636447.5,0.0,0.0,1,1
3767,745172.5,636447.5,0.0,0.0,1,1
3768,745172.5,636447.5,0.0,0.0,1,1
3769,745172.5,636447.5,0.0,0.0,1,1
3770,745172.5,636447.5,0.0,0.0,1,1
3771,745172.5,636447.5,0.0,0.0,1,1
3772,745172.5,636447.5,0.0,0.0,1,1
3773,745172.5,636447.5,0.0,0.0,1,1
3774,745172.5,636447.5,0.0,0.0,1,1
3775,745172.5,636447.5,0.0,0.0,1,1
3776,745172.5,636447.5,0.0,0.0,1,1
3777,744973.0,636447.5,0.0,0.0,1,1
3778,747250.5,636447.5,0.0,0.0,1,1
3779,747250.5,636447.5,0.0,0.0,1,1
3780,747250.5,636447.5,0.0,0.0,1,1
3781,747250.5,636447.5,0.0,0.0,1,1
3782,747623.5,636447.5,0.0,0.0,1,1
3783,747623.5,636447.5,0.0,0.0,1,1
3784,747623.5,636447.5,0.0,0.0,1,1
3785,747623.5,636447.5,0.0,0.0,1,1
3786,747623.5,636447.5,0.0,0.0,1,1
3787,747623.5,636447.5,0.0,0.0,1,1
3788,747623.5,636447.5,0.0,0.0,1,1
3789,747623.5,636447.5,0.0,0.0,1,1
3790,747623.5,636447.5,0.0,0.0,1,1
3791,747623.5,636447.5,0.0,0.0,1,1
3792,747623.5,636447.5,0.0,0.0,1,1
3793,747623.5,636447.5,0.0,0.0,1,1
3794,747623.5,636447.5,0.0,0.0,1,1
3795,747623.5,636447.5,0.0,0.0,1,1
3796,747623.5,636447.5,0.0,0.0,1,1
3797,747623.5,636447.5,0.0,0.0,1,1
3798,747623.5,636447.5,0.0,0.0,1,1
3799,747623.5,636447.5,0.0,0.0,1,1
3800,747623.5,636447.5,0.0,0.0,1,1
3801,747623.5,636447.5,0.0,0.0,1,1
3802,747623.5,636447.5,0.0,0.0,1,1
3803,747623.5,636447.5,0.0,0.0,1,1
3804,747623.5,636447.5,0.0,0.0,1,1
3805,747623.5,636447.5,0.0,0.0,1,1
3806,747623.5,636447.5,0.0,0.0,1,1
3807,747623.5,636447.5,0.0,0.0,1,1
3808,747623.5,636447.5,0.0,0.0,1,1
3809,747623.5,636447.5,0.0,0.0,1,1
3810,747623.5,636447.5,0.0,0.0,1,1
3811,747231.0,636447.5,0.0,0.0,1,1
3812,747231.0,636447.5,0.0,0.0,1,1
3813,747231.0,636447.5,0.0,0.0,1,1
3814,747231.0,636447.5,0.0,0.0,1,1
3815,747231.0,636447.5,0.0,0.0,1,1
3816,747231.0,636447.5,0.0,0.0,1,1
3817,747458.0,636447.5,0.0,0.0,1,1
3818,747413.0,636447.5,0.0,0.0,1,1
3819,747413.0,636447.5,0.0,0.0,1,1
3820,747413.0,636447.5,0.0,0.0,1,1
3821,747413.0,636447.5,0.0,0.0,1,1
3822,747413.0,636447.5,0.0,0.0,1,1
3823,747654.0,636447.5,0.0,0.0,1,1
3824,747654.0,636447.5,0.0,0.0,1,1
3825,747654.0,636447.5,0.0,0.0,1,1
3826,747654.0,636447.5,0.0,0.0,1,1
3827,747654.0,636447.5,0.0,0.0,1,1
3828,747654.0,636447.5,0.0,0.0,1,1
3829,747630.5,636447.5,0.0,0.0,1,1
3830,747630.5,636447.5,0.0,0.0,1,1
3831,747630.5,636447.5,0.0,0.0,1,1
3832,747630.5,636447.5,0.0,0.0,1,1
3833,747630.5,636447.5,0.0,0.0,1,1
3834,747630.5,636447.5,0.0,0.0,1,1
3835,747615.5,636447.5,0.0,0.0,1,1
3836,747615.5,636447.5,0.0,0.0,1,1
3837,747615.5,636447.5,0.0,0.0,1,1
3838,747615.5,636447.5,0.0,0.0,1,1
3839,747615.5,636447.5,0.0,0.0,1,1
3840,747615.5,636447.5,0.0,0.0,1,1
3841,747615.5,636447.5,0.0,0.0,1,1
3842,747615.5,636447.5,0.0,0.0,1,1
3843,747615.5,636447.5,0.0,0.0,1,1
3844,747639.5,636447.5,0.0,0.0,1,1
3845,747639.5,636447.5,0.0,0.0,1,1
3846,747639.5,636447.5,0.0,0.0,1,1
3847,750433.5,636447.5,0.0,0.0,1,1
3848,750433.5,636447.5,0.0,0.0,1,1
3849,750433.5,636447.5,0.0,0.0,1,1
3850,750433.5,636447.5,0.0,0.0,1,1
3851,750433.5,636447.5,0.0,0.0,1,1
3852,750433.5,636447.5,0.0,0.0,1,1
3853,750433.5,636447.5,0.0,0.0,1,1
3854,750433.5,636447.5,0.0,0.0,1,1
3855,750433.5,636447.5,0.0,0.0,1,1
3856,750433.5,636447.5,0.0,0.0,1,1
3857,750433.5,636447.5,0.0,0.0,1,1
3858,750433.5,636447.5,0.0,0.0,1,1
3859,750433.5,636447.5,0.0,0.0,1,1
3860,750433.5,636447.5,0.0,0.0,1,1
3861,750433.5,636447.5,0.0,0.0,1,1
3862,750433.5,636447.5,0.0,0.0,1,1
3863,750433.5,636447.5,0.0,0.0,1,1
3864,750149.5,636447.5,0.0,0.0,1,1
3865,750149.5,636447.5,0.0,0.0,1,1
3866,750149.5,636447.5,0.0,0.0,1,1
3867,750149.5,636447.5,0.0,0.0,1,1
3868,750149.5,636447.5,0.0,0.0,1,1
3869,750149.5,636447.5,0.0,0.0,1,1
3870,750149.5,636447.5,0.0,0.0,1,1
3871,750149.5,636447.5,0.0,0.0,1,1
3872,750149.5,636447.5,0.0,0.0,1,1
3873,750149.5,636447.5,0.0,0.0,1,1
3874,750149.5,636447.5,0.0,0.0,1,1
3875,750149.5,636447.5,0.0,0.0,1,1
3876,750149.5,636447.5,0.0,0.0,1,1
3877,750149.5,636447.5,0.0,0.0,1,1
3878,750149.5,636447.5,0.0,0.0,1,1
3879,750149.5,636447.5,0.0,0.0,1,1
3880,750149.5,636447.5,0.0,0.0,1,1
3881,750149.5,636447.5,0.0,0.0,1,1
3882,750149.5,636447.5,0.0,0.0,1,1
3883,750149.5,636447.5,0.0,0.0,1,1
3884,750149.5,636447.5,0.0,0.0,1,1
3885,750149.5,636447.5,0.0,0.0,1,1
3886,750149.5,636447.5,0.0,0.0,1,1
3887,750149.5,636447.5,0.0,0.0,1,1
3888,750149.5,636447.5,0.0,0.0,1,1
3889,750149.5,636447.5,0.0,0.0,1,1
3890,750181.0,636447.5,0.0,0.0,1,1
3891,750181.0,636447.5,0.0,0.0,1,1
3892,750181.0,636447.5,0.0,0.0,1,1
3893,750181.0,636447.5,0.0,0.0,1,1
3894,750181.0,636447.5,0.0,0.0,1,1
3895,750181.0,636447.5,0.0,0.0,1,1
3896,750181.0,636447.5,0.0,0.0,1,1
3897,750913.0,636447.5,0.0,0.0,1,1
3898,750913.0,636447.5,0.0,0.0,1,1
3899,751136.0,636447.5,0.0,0.0,1,1
3900,751136.0,636447.5,0.0,0.0,1,1
3901,751136.0,636447.5,0.0,0.0,1,1
3902,751136.0,636447.5,0.0,0.0,1,1
3903,751136.0,636447.5,0.0,0.0,1,1
3904,751013.0,636447.5,0.0,0.0,1,1
3905,751136.0,636447.5,0.0,0.0,1,1
3906,751136.0,636447.5,0.0,0.0,1,1
3907,751136.0,636447.5,0.0,0.0,1,1
3908,751136.0,636447.5,0.0,0.0,1,1
3909,751136.0,636447.5,0.0,0.0,1,1
3910,751136.0,636447.5,0.0,0.0,1,1
3911,751136.0,636447.5,0.0,0.0,1,1
3912,751136.0,636447.5,0.0,0.0,1,1
3913,751136.0,636447.5,0.0,0.0,1,1
3914,750421.0,636447.5,0.0,0.0,1,1
3915,750421.0,636447.5,0.0,0.0,1,1
3916,750421.0,636447.5,0.0,0.0,1,1
3917,750421.0,636447.5,0.0,0.0,1,1
3918,750421.0,636447.5,0.0,0.0,1,1
3919,750421.0,636447.5,0.0,0.0,1,1
3920,750421.0,636447.5,0.0,0.0,1,1
3921,750421.0,636447.5,0.0,0.0,1,1
3922,750447.0,636447.5,0.0,0.0,1,1
3923,750447.0,636447.5,0.0,0.0,1,1
3924,750447.0,636447.5,0.0,0.0,1,1
3925,750447.0,636447.5,0.0,0.0,1,1
3926,750447.0,636447.5,0.0,0.0,1,1
3927,750447.0,636447.5,0.0,0.0,1,1
3928,750447.0,636447.5,0.0,0.0,1,1
3929,750447.0,636447.5,0.0,0.0,1,1
3930,750447.0,636447.5,0.0,0.0,1,1
3931,750447.0,636447.5,0.0,0.0,1,1
3932,750447.0,636447.5,0.0,0.0,1,1
3933,750447.0,636447.5,0.0,0.0,1,1
3934,750447.0,636447.5,0.0,0.0,1,1
3935,750447.0,636447.5,0.0,0.0,1,1
3936,750447.0,636447.5,0.0,0.0,1,1
3937,750447.0,636447.5,0.0,0.0,1,1
3938,750447.0,636447.5,0.0,0.0,1,1
3939,750447.0,636447.5,0.0,0.0,1,1
3940,750447.0,636447.5,0.0,0.0,1,1
3941,750447.0,636447.5,0.0,0.0,1,1
3942,750447.0,636447.5,0.0,0.0,1,1
3943,750447.0,636447.5,0.0,0.0,1,1
3944,750447.0,636447.5,0.0,0.0,1,1
3945,750447.0,636447.5,0.0,0.0,1,1
3946,750447.0,636447.5,0.0,0.0,1,1
3947,750447.0,636447.5,0.0,0.0,1,1
3948,750447.0,636447.5,0.0,0.0,1,1
3949,750447.0,636447.5,0.0,0.0,1,1
3950,750447.0,636447.5,0.0,0.0,1,1
3951,750447.0,636447.5,0.0,0.0,1,1
3952,750447.0,636447.5,0.0,0.0,1,1
3953,750447.0,636447.5,0.0,0.0,1,1
3954,750447.0,636447.5,0.0,0.0,1,1
3955,750447.0,636447.5,0.0,0.0,1,1
3956,750447.0,636447.5,0.0,0.0,1,1
3957,750447.0,636447.5,0.0,0.0,1,1
3958,750447.0,636447.5,0.0,0.0,1,1
3959,750447.0,636447.5,0.0,0.0,1,1
3960,750447.0,636447.5,0.0,0.0,1,1
3961,750447.0,636447.5,0.0,0.0,1,1
3962,750447.0,636447.5,0.0,0.0,1,1
3963,750447.0,636447.5,0.0,0.0,1,1
3964,750447.0,636447.5,0.0,0.0,1,1
3965,750447.0,636447.5,0.0,0.0,1,1
3966,750447.0,636447.5,0.0,0.0,1,1
3967,750447.0,636447.5,0.0,0.0,1,1
3968,750447.0,636447.5,0.0,0.0,1,1
3969,750447.0,636447.5,0.0,0.0,1,1
3970,750447.0,636447.5,0.0,0.0,1,1
3971,750447.0,636447.5,0.0,0.0,1,1
3972,750447.0,636447.5,0.0,0.0,1,1
3973,750447.0,636447.5,0.0,0.0,1,1
3974,750447.0,636447.5,0.0,0.0,1,1
3975,750447.0,636447.5,0.0,0.0,1,1
3976,750447.0,636447.5,0.0,0.0,1,1
3977,750447.0,636447.5,0.0,0.0,1,1
3978,750447.0,636447.5,0.0,0.0,1,1
3979,750447.0,636447.5,0.0,0.0,1,1
3980,750447.0,636447.5,0.0,0.0,1,1
3981,750447.0,636447.5,0.0,0.0,1,1
3982,750447.0,636447.5,0.0,0.0,1,1
3983,750447.0,636447.5,0.0,0.0,1,1
3984,750447.0,636447.5,0.0,0.0,1,1
3985,750447.0,636447.5,0.0,0.0,1,1
3986,750447.0,636447.5,0.0,0.0,1,1
3987,750447.0,636447.5,0.0,0.0,1,1
3988,750447.0,636447.5,0.0,0.0,1,1
3989,750447.0,636447.5,0.0,0.0,1,1
3990,750447.0,636447.5,0.0,0.0,1,1
3991,750447.0,636447.5,0.0,0.0,1,1
3992,750447.0,636447.5,0.0,0.0,1,1
3993,750447.0,636447.5,0.0,0.0,1,1
3994,750447.0,636447.5,0.0,0.0,1,1
3995,750447.0,636447.5,0.0,0.0,1,1
3996,750447.0,636447.5,0.0,0.0,1,1
3997,750447.0,636447.5,0.0,0.0,1,1
3998,750447.0,636447.5,0.0,0.0,1,1
3999,750447.0,636447.5,0.0,0.0,1,1
4000,750447.0,636447.5,0.0,0.0,1,1
4001,750447.0,636447.5,0.0,0.0,1,1
4002,750447.0,636447.5,0.0,0.0,1,1
4003,750447.0,636447.5,0.0,0.0,1,1
4004,750447.0,636447.5,0.0,0.0,1,1
4005,750447.0,636447.5,0.0,0.0,1,1
4006,750447.0,636447.5,0.0,0.0,1,1
4007,750447.0,636447.5,0.0,0.0,1,1
4008,752000.5,636447.5,0.0,0.0,1,1
4009,752000.5,636447.5,0.0,0.0,1,1
4010,752000.5,636447.5,0.0,0.0,1,1
4011,752000.5,636447.5,0.0,0.0,1,1
4012,752000.5,636447.5,0.0,0.0,1,1
4013,751803.0,636447.5,0.0,0.0,1,1
4014,751803.0,636447.5,0.0,0.0,1,1
4015,751803.0,636447.5,0.0,0.0,1,1
4016,751803.0,636447.5,0.0,0.0,1,1
4017,751803.0,636447.5,0.0,0.0,1,1
4018,751803.0,636447.5,0.0,0.0,1,1
4019,751803.0,636447.5,0.0,0.0,1,1
4020,751803.0,636447.5,0.0,0.0,1,1
4021,751803.0,636447.5,0.0,0.0,1,1
4022,751803.0,636447.5,0.0,0.0,1,1
4023,751803.0,636447.5,0.0,0.0,1,1
4024,751803.0,636447.5,0.0,0.0,1,1
4025,751803.0,636447.5,0.0,0.0,1,1
4026,751803.0,636447.5,0.0,0.0,1,1
4027,751803.0,636447.5,0.0,0.0,1,1
4028,751803.0,636447.5,0.0,0.0,1,1
4029,751803.0,636447.5,0.0,0.0,1,1
4030,754163.0,636447.5,0.0,0.0,1,1
4031,753940.0,636447.5,0.0,0.0,1,1
4032,753940.0,636447.5,0.0,0.0,1,1
4033,753940.0,636447.5,0.0,0.0,1,1
4034,753940.0,636447.5,0.0,0.0,1,1
4035,753940.0,636447.5,0.0,0.0,1,1
4036,753940.0,636447.5,0.0,0.0,1,1
4037,753940.0,636447.5,0.0,0.0,1,1
4038,753940.0,636447.5,0.0,0.0,1,1
4039,753940.0,636447.5,0.0,0.0,1,1
4040,753940.0,636447.5,0.0,0.0,1,1
4041,753930.0,636447.5,0.0,0.0,1,1
4042,753930.0,636447.5,0.0,0.0,1,1
4043,753930.0,636447.5,0.0,0.0,1,1
4044,753930.0,636447.5,0.0,0.0,1,1
4045,753930.0,636447.5,0.0,0.0,1,1
4046,753855.5,636447.5,0.0,0.0,1,1
4047,753855.5,636447.5,0.0,0.0,1,1
4048,753855.5,636447.5,0.0,0.0,1,1
4049,753855.5,636447.5,0.0,0.0,1,1
4050,753855.5,636447.5,0.0,0.0,1,1
4051,753855.5,636447.5,0.0,0.0,1,1
4052,753855.5,636447.5,0.0,0.0,1,1
4053,753855.5,636447.5,0.0,0.0,1,1
4054,753855.5,636447.5,0.0,0.0,1,1
4055,753855.5,636447.5,0.0,0.0,1,1
4056,753855.5,636447.5,0.0,0.0,1,1
4057,753966.5,636447.5,0.0,0.0,1,1
4058,753966.5,636447.5,0.0,0.0,1,1
4059,753966.5,636447.5,0.0,0.0,1,1
4060,753966.5,636447.5,0.0,0.0,1,1
4061,753966.5,636447.5,0.0,0.0,1,1
4062,753966.5,636447.5,0.0,0.0,1,1
4063,753966.5,636447.5,0.0,0.0,1,1
4064,753966.5,636447.5,0.0,0.0,1,1
4065,753966.5,636447.5,0.0,0.0,1,1
4066,753966.5,636447.5,0.0,0.0,1,1
4067,753966.5,636447.5,0.0,0.0,1,1
4068,753966.5,636447.5,0.0,0.0,1,1
4069,753966.5,636447.5,0.0,0.0,1,1
4070,753966.5,636447.5,0.0,0.0,1,1
4071,753966.5,636447.5,0.0,0.0,1,1
4072,753966.5,636447.5,0.0,0.0,1,1
4073,753966.5,636447.5,0.0,0.0,1,1
4074,753966.5,636447.5,0.0,0.0,1,1
4075,753966.5,636447.5,0.0,0.0,1,1
4076,753966.5,636447.5,0.0,0.0,1,1
4077,753966.5,636447.5,0.0,0.0,1,1
4078,753966.5,636447.5,0.0,0.0,1,1
4079,753966.5,636447.5,0.0,0.0,1,1
4080,753832.5,636447.5,0.0,0.0,1,1
4081,753832.5,636447.5,0.0,0.0,1,1
4082,753832.5,636447.5,0.0,0.0,1,1
4083,753832.5,636447.5,0.0,0.0,1,1
4084,753832.5,636447.5,0.0,0.0,1,1
4085,753832.5,636447.5,0.0,0.0,1,1
4086,753909.0,636447.5,0.0,0.0,1,1
4087,753909.0,636447.5,0.0,0.0,1,1
4088,753909.0,636447.5,0.0,0.0,1,1
4089,753909.0,636447.5,0.0,0.0,1,1
4090,753909.0,636447.5,0.0,0.0,1,1
4091,753909.0,636447.5,0.0,0.0,1,1
4092,753909.0,636447.5,0.0,0.0,1,1
4093,753909.0,636447.5,0.0,0.0,1,1
4094,753909.0,636447.5,0.0,0.0,1,1
4095,753909.0,636447.5,0.0,0.0,1,1
4096,753909.0,636447.5,0.0,0.0,1,1
4097,753909.0,636447.5,0.0,0.0,1,1
4098,753909.0,636447.5,0.0,0.0,1,1
4099,753909.0,636447.5,0.0,0.0,1,1
4100,754511.0,636447.5,0.0,0.0,1,1
4101,754511.0,636447.5,0.0,0.0,1,1
4102,754511.0,636447.5,0.0,0.0,1,1
4103,754511.0,636447.5,0.0,0.0,1,1
4104,754511.0,636447.5,0.0,0.0,1,1
4105,754511.0,636447.5,0.0,0.0,1,1
4106,754511.0,636447.5,0.0,0.0,1,1
4107,754511.0,636447.5,0.0,0.0,1,1
4108,754511.0,636447.5,0.0,0.0,1,1
4109,754511.0,636447.5,0.0,0.0,1,1
4110,754511.0,636447.5,0.0,0.0,1,1
4111,754511.0,636447.5,0.0,0.0,1,1
4112,754511.0,636447.5,0.0,0.0,1,1
4113,754790.0,636447.5,0.0,0.0,1,1
4114,754790.0,636447.5,0.0,0.0,1,1
4115,754790.0,636447.5,0.0,0.0,1,1
4116,754790.0,636447.5,0.0,0.0,1,1
4117,754790.0,636447.5,0.0,0.0,1,1
4118,754790.0,636447.5,0.0,0.0,1,1
4119,754790.0,636447.5,0.0,0.0,1,1
4120,754790.0,636447.5,0.0,0.0,1,1
4121,754790.0,636447.5,0.0,0.0,1,1
4122,754770.0,636447.5,0.0,0.0,1,1
4123,754770.0,636447.5,0.0,0.0,1,1
4124,754770.0,636447.5,0.0,0.0,1,1
4125,754770.0,636447.5,0.0,0.0,1,1
4126,754770.0,636447.5,0.0,0.0,1,1
4127,754770.0,636447.5,0.0,0.0,1,1
4128,754770.0,636447.5,0.0,0.0,1,1
4129,754770.0,636447.5,0.0,0.0,1,1
4130,754770.0,636447.5,0.0,0.0,1,1
4131,754770.0,636447.5,0.0,0.0,1,1
4132,754770.0,636447.5,0.0,0.0,1,1
4133,754770.0,636447.5,0.0,0.0,1,1
4134,754770.0,636447.5,0.0,0.0,1,1
4135,754770.0,636447.5,0.0,0.0,1,1
4136,754770.0,636447.5,0.0,0.0,1,1
4137,754770.0,636447.5,0.0,0.0,1,1
4138,754770.0,636447.5,0.0,0.0,1,1
4139,754770.0,636447.5,0.0,0.0,1,1
4140,754692.0,636447.5,0.0,0.0,1,1
4141,754692.0,636447.5,0.0,0.0,1,1
4142,754597.5,636447.5,0.0,0.0,1,1
4143,754597.5,636447.5,0.0,0.0,1,1
4144,754597.5,636447.5,0.0,0.0,1,1
4145,754597.5,636447.5,0.0,0.0,1,1
4146,754597.5,636447.5,0.0,0.0,1,1
4147,754597.5,636447.5,0.0,0.0,1,1
4148,754597.5,636447.5,0.0,0.0,1,1
4149,755715.5,636447.5,0.0,0.0,1,1
4150,755715.5,636447.5,0.0,0.0,1,1
4151,755715.5,636447.5,0.0,0.0,1,1
4152,755715.5,636447.5,0.0,0.0,1,1
4153,755715.5,636447.5,0.0,0.0,1,1
4154,755715.5,636447.5,0.0,0.0,1,1
4155,755715.5,636447.5,0.0,0.0,1,1
4156,755715.5,636447.5,0.0,0.0,1,1
4157,757169.0,636447.5,0.0,0.0,1,1
4158,757169.0,636447.5,0.0,0.0,1,1
4159,757169.0,636447.5,0.0,0.0,1,1
4160,757169.0,636447.5,0.0,0.0,1,1
4161,757169.0,636447.5,0.0,0.0,1,1
4162,757169.0,636447.5,0.0,0.0,1,1
4163,757169.0,636447.5,0.0,0.0,1,1
4164,757169.0,636447.5,0.0,0.0,1,1
4165,757169.0,636447.5,0.0,0.0,1,1
4166,757169.0,636447.5,0.0,0.0,1,1
4167,757169.0,636447.5,0.0,0.0,1,1
4168,757169.0,636447.5,0.0,0.0,1,1
4169,757169.0,636447.5,0.0,0.0,1,1
4170,757169.0,636447.5,0.0,0.0,1,1
4171,757169.0,636447.5,0.0,0.0,1,1
4172,757169.0,636447.5,0.0,0.0,1,1
4173,756070.5,636447.5,0.0,0.0,1,1
4174,756070.5,636447.5,0.0,0.0,1,1
4175,756070.5,636447.5,0.0,0.0,1,1
4176,756070.5,636447.5,0.0,0.0,1,1
4177,756070.5,636447.5,0.0,0.0,1,1
4178,756070.5,636447.5,0.0,0.0,1,1
4179,756070.5,636447.5,0.0,0.0,1,1
4180,756070.5,636447.5,0.0,0.0,1,1
4181,756070.5,636447.5,0.0,0.0,1,1
4182,756070.5,636447.5,0.0,0.0,1,1
4183,756070.5,636447.5,0.0,0.0,1,1
4184,756070.5,636447.5,0.0,0.0,1,1
4185,756070.5,636447.5,0.0,0.0,1,1
4186,756070.5,636447.5,0.0,0.0,1,1
4187,756070.5,636447.5,0.0,0.0,1,1
4188,756070.5,636447.5,0.0,0.0,1,1
4189,756070.5,636447.5,0.0,0.0,1,1
4190,756070.5,636447.5,0.0,0.0,1,1
4191,756070.5,636447.5,0.0,0.0,1,1
4192,756070.5,636447.5,0.0,0.0,1,1
4193,756070.5,636447.5,0.0,0.0,1,1
4194,756070.5,636447.5,0.0,0.0,1,1
4195,756070.5,636447.5,0.0,0.0,1,1
4196,756070.5,636447.5,0.0,0.0,1,1
4197,756070.5,636447.5,0.0,0.0,1,1
4198,756070.5,636447.5,0.0,0.0,1,1
4199,756070.5,636447.5,0.0,0.0,1,1
4200,756070.5,636447.5,0.0,0.0,1,1
4201,756070.5,636447.5,0.0,0.0,1,1
4202,756070.5,636447.5,0.0,0.0,1,1
4203,756070.5,636447.5,0.0,0.0,1,1
4204,756070.5,636447.5,0.0,0.0,1,1
4205,756070.5,636447.5,0.0,0.0,1,1
4206,756070.5,636447.5,0.0,0.0,1,1
4207,756070.5,636447.5,0.0,0.0,1,1
4208,756070.5,636447.5,0.0,0.0,1,1
4209,756070.5,636447.5,0.0,0.0,1,1
4210,756070.5,636447.5,0.0,0.0,1,1
4211,756070.5,636447.5,0.0,0.0,1,1
4212,756070.5,636447.5,0.0,0.0,1,1
4213,756070.5,636447.5,0.0,0.0,1,1
4214,756070.5,636447.5,0.0,0.0,1,1
4215,756070.5,636447.5,0.0,0.0,1,1
4216,756070.5,636447.5,0.0,0.0,1,1
4217,757011.0,636447.5,0.0,0.0,1,1
4218,757011.0,636447.5,0.0,0.0,1,1
4219,757011.0,636447.5,0.0,0.0,1,1
4220,757011.0,636447.5,0.0,0.0,1,1
4221,757011.0,636447.5,0.0,0.0,1,1
4222,760449.0,636447.5,0.0,0.0,1,1
4223,760449.0,636447.5,0.0,0.0,1,1
4224,760449.0,636447.5,0.0,0.0,1,1
4225,760449.0,636447.5,0.0,0.0,1,1
4226,760449.0,636447.5,0.0,0.0,1,1
4227,760449.0,636447.5,0.0,0.0,1,1
4228,760449.0,636447.5,0.0,0.0,1,1
4229,760449.0,636447.5,0.0,0.0,1,1
4230,760449.0,636447.5,0.0,0.0,1,1
4231,760449.0,636447.5,0.0,0.0,1,1
4232,760449.0,636447.5,0.0,0.0,1,1
4233,760449.0,636447.5,0.0,0.0,1,1
4234,760449.0,636447.5,0.0,0.0,1,1
4235,760449.0,636447.5,0.0,0.0,1,1
4236,760449.0,636447.5,0.0,0.0,1,1
4237,760449.0,636447.5,0.0,0.0,1,1
4238,760449.0,636447.5,0.0,0.0,1,1
4239,760449.0,636447.5,0.0,0.0,1,1
4240,760449.0,636447.5,0.0,0.0,1,1
4241,760449.0,636447.5,0.0,0.0,1,1
4242,760449.0,636447.5,0.0,0.0,1,1
4243,760449.0,636447.5,0.0,0.0,1,1
4244,760449.0,636447.5,0.0,0.0,1,1
4245,760449.0,636447.5,0.0,0.0,1,1
4246,760449.0,636447.5,0.0,0.0,1,1
4247,760449.0,636447.5,0.0,0.0,1,1
4248,760449.0,636447.5,0.0,0.0,1,1
4249,760449.0,636447.5,0.0,0.0,1,1
4250,759498.0,636447.5,0.0,0.0,1,1
4251,759498.0,636447.5,0.0,0.0,1,1
4252,759498.0,636447.5,0.0,0.0,1,1
4253,759498.0,636447.5,0.0,0.0,1,1
4254,759498.0,636447.5,0.0,0.0,1,1
4255,759708.5,636447.5,0.0,0.0,1,1
4256,759708.5,636447.5,0.0,0.0,1,1
4257,759707.5,636447.5,0.0,0.0,1,1
4258,759707.5,636447.5,0.0,0.0,1,1
4259,756324.0,636447.5,0.0,0.0,1,1
4260,756324.0,636447.5,0.0,0.0,1,1
4261,757849.5,636447.5,0.0,0.0,1,1
4262,757849.5,636447.5,0.0,0.0,1,1
4263,757849.5,636447.5,0.0,0.0,1,1
4264,757849.5,636447.5,0.0,0.0,1,1
4265,757849.5,636447.5,0.0,0.0,1,1
4266,757849.5,636447.5,0.0,0.0,1,1
4267,757849.5,636447.5,0.0,0.0,1,1
4268,757849.5,636447.5,0.0,0.0,1,1
4269,757849.5,636447.5,0.0,0.0,1,1
4270,757946.5,636447.5,0.0,0.0,1,1
4271,757946.5,636447.5,0.0,0.0,1,1
4272,757946.5,636447.5,0.0,0.0,1,1
4273,757946.5,636447.5,0.0,0.0,1,1
4274,757946.5,636447.5,0.0,0.0,1,1
4275,757946.5,636447.5,0.0,0.0,1,1
4276,757946.5,636447.5,0.0,0.0,1,1
4277,757946.5,636447.5,0.0,0.0,1,1
4278,757946.5,636447.5,0.0,0.0,1,1
4279,757946.5,636447.5,0.0,0.0,1,1
4280,757946.5,636447.5,0.0,0.0,1,1
4281,757946.5,636447.5,0.0,0.0,1,1
4282,757946.5,636447.5,0.0,0.0,1,1
4283,757946.5,636447.5,0.0,0.0,1,1
4284,757946.5,636447.5,0.0,0.0,1,1
4285,757946.5,636447.5,0.0,0.0,1,1
4286,757946.5,636447.5,0.0,0.0,1,1
4287,757946.5,636447.5,0.0,0.0,1,1
4288,757946.5,636447.5,0.0,0.0,1,1
4289,757946.5,636447.5,0.0,0.0,1,1
4290,757875.5,636447.5,0.0,0.0,1,1
4291,757481.0,636447.5,0.0,0.0,1,1
4292,757481.0,636447.5,0.0,0.0,1,1
4293,757481.0,636447.5,0.0,0.0,1,1
4294,758394.0,636447.5,0.0,0.0,1,1
4295,758394.0,636447.5,0.0,0.0,1,1
4296,758394.0,636447.5,0.0,0.0,1,1
4297,758394.0,636447.5,0.0,0.0,1,1
4298,758394.0,636447.5,0.0,0.0,1,1
4299,758394.0,636447.5,0.0,0.0,1,1
4300,758394.0,636447.5,0.0,0.0,1,1
4301,758394.0,636447.5,0.0,0.0,1,1
4302,758394.0,636447.5,0.0,0.0,1,1
4303,758394.0,636447.5,0.0,0.0,1,1
4304,758394.0,636447.5,0.0,0.0,1,1
4305,758394.0,636447.5,0.0,0.0,1,1
4306,758394.0,636447.5,0.0,0.0,1,1
4307,758394.0,636447.5,0.0,0.0,1,1
4308,758394.0,636447.5,0.0,0.0,1,1
4309,758394.0,636447.5,0.0,0.0,1,1
4310,758394.0,636447.5,0.0,0.0,1,1
4311,758394.0,636447.5,0.0,0.0,1,1
4312,758394.0,636447.5,0.0,0.0,1,1
4313,758414.5,636447.5,0.0,0.0,1,1
4314,758414.5,636447.5,0.0,0.0,1,1
4315,758414.5,636447.5,0.0,0.0,1,1
4316,758414.5,636447.5,0.0,0.0,1,1
4317,758414.5,636447.5,0.0,0.0,1,1
4318,758414.5,636447.5,0.0,0.0,1,1
4319,758414.5,636447.5,0.0,0.0,1,1
4320,758414.5,636447.5,0.0,0.0,1,1
4321,758414.5,636447.5,0.0,0.0,1,1
4322,758414.5,636447.5,0.0,0.0,1,1
4323,758414.5,636447.5,0.0,0.0,1,1
4324,758414.5,636447.5,0.0,0.0,1,1
4325,758414.5,636447.5,0.0,0.0,1,1
4326,758414.5,636447.5,0.0,0.0,1,1
4327,758414.5,636447.5,0.0,0.0,1,1
4328,758414.5,636447.5,0.0,0.0,1,1
4329,758414.5,636447.5,0.0,0.0,1,1
4330,758414.5,636447.5,0.0,0.0,1,1
4331,758414.5,636447.5,0.0,0.0,1,1
4332,758414.5,636447.5,0.0,0.0,1,1
4333,758414.5,636447.5,0.0,0.0,1,1
4334,758414.5,636447.5,0.0,0.0,1,1
4335,758414.5,636447.5,0.0,0.0,1,1
4336,758414.5,636447.5,0.0,0.0,1,1
4337,758414.5,636447.5,0.0,0.0,1,1
4338,758414.5,636447.5,0.0,0.0,1,1
4339,758414.5,636447.5,0.0,0.0,1,1
4340,758414.5,636447.5,0.0,0.0,1,1
4341,758414.5,636447.5,0.0,0.0,1,1
4342,758414.5,636447.5,0.0,0.0,1,1
4343,758414.5,636447.5,0.0,0.0,1,1
4344,758414.5,636447.5,0.0,0.0,1,1
4345,758414.5,636447.5,0.0,0.0,1,1
4346,758414.5,636447.5,0.0,0.0,1,1
4347,758414.5,636447.5,0.0,0.0,1,1
4348,758414.5,636447.5,0.0,0.0,1,1
4349,758414.5,636447.5,0.0,0.0,1,1
4350,758414.5,636447.5,0.0,0.0,1,1
4351,758414.5,636447.5,0.0,0.0,1,1
4352,758414.5,636447.5,0.0,0.0,1,1
4353,758414.5,636447.5,0.0,0.0,1,1
4354,758414.5,636447.5,0.0,0.0,1,1
4355,758414.5,636447.5,0.0,0.0,1,1
4356,758414.5,636447.5,0.0,0.0,1,1
4357,758414.5,636447.5,0.0,0.0,1,1
4358,758414.5,636447.5,0.0,0.0,1,1
4359,758414.5,636447.5,0.0,0.0,1,1
4360,758414.5,636447.5,0.0,0.0,1,1
4361,758414.5,636447.5,0.0,0.0,1,1
4362,758414.5,636447.5,0.0,0.0,1,1
4363,758414.5,636447.5,0.0,0.0,1,1
4364,758414.5,636447.5,0.0,0.0,1,1
4365,758414.5,636447.5,0.0,0.0,1,1
4366,758388.5,636447.5,0.0,0.0,1,1
4367,758388.5,636447.5,0.0,0.0,1,1
4368,758388.5,636447.5,0.0,0.0,1,1
4369,758388.5,636447.5,0.0,0.0,1,1
4370,758388.5,636447.5,0.0,0.0,1,1
4371,758388.5,636447.5,0.0,0.0,1,1
4372,758388.5,636447.5,0.0,0.0,1,1
4373,758388.5,636447.5,0.0,0.0,1,1
4374,758388.5,636447.5,0.0,0.0,1,1
4375,758388.5,636447.5,0.0,0.0,1,1
4376,758388.5,636447.5,0.0,0.0,1,1
4377,758388.5,636447.5,0.0,0.0,1,1
4378,758388.5,636447.5,0.0,0.0,1,1
4379,758388.5,636447.5,0.0,0.0,1,1
4380,758388.5,636447.5,0.0,0.0,1,1
4381,759354.0,636447.5,0.0,0.0,1,1
4382,759354.0,636447.5,0.0,0.0,1,1
4383,759354.0,636447.5,0.0,0.0,1,1
4384,759376.5,636447.5,0.0,0.0,1,1
4385,759376.5,636447.5,0.0,0.0,1,1
4386,759376.5,636447.5,0.0,0.0,1,1
4387,759376.5,636447.5,0.0,0.0,1,1
4388,759376.5,636447.5,0.0,0.0,1,1
4389,759376.5,636447.5,0.0,0.0,1,1
4390,759376.5,636447.5,0.0,0.0,1,1
4391,759376.5,636447.5,0.0,0.0,1,1
4392,759376.5,636447.5,0.0,0.0,1,1
4393,759376.5,636447.5,0.0,0.0,1,1
4394,759376.5,636447.5,0.0,0.0,1,1
4395,759376.5,636447.5,0.0,0.0,1,1
4396,759376.5,636447.5,0.0,0.0,1,1
4397,759376.5,636447.5,0.0,0.0,1,1
4398,759376.5,636447.5,0.0,0.0,1,1
4399,759376.5,636447.5,0.0,0.0,1,1
4400,759376.5,636447.5,0.0,0.0,1,1
4401,759376.5,636447.5,0.0,0.0,1,1
4402,759376.5,636447.5,0.0,0.0,1,1
4403,761603.0,636447.5,0.0,0.0,1,1
4404,761603.0,636447.5,0.0,0.0,1,1
4405,761603.0,636447.5,0.0,0.0,1,1
4406,761603.0,636447.5,0.0,0.0,1,1
4407,761603.0,636447.5,0.0,0.0,1,1
4408,761603.0,636447.5,0.0,0.0,1,1
4409,761603.0,636447.5,0.0,0.0,1,1
4410,761603.0,636447.5,0.0,0.0,1,1
4411,761603.0,636447.5,0.0,0.0,1,1
4412,761093.0,636447.5,0.0,0.0,1,1
4413,761093.0,636447.5,0.0,0.0,1,1
4414,761093.0,636447.5,0.0,0.0,1,1
4415,761093.0,636447.5,0.0,0.0,1,1
4416,761093.0,636447.5,0.0,0.0,1,1
4417,761093.0,636447.5,0.0,0.0,1,1
4418,761093.0,636447.5,0.0,0.0,1,1
4419,761093.0,636447.5,0.0,0.0,1,1
4420,761093.0,636447.5,0.0,0.0,1,1
4421,761093.0,636447.5,0.0,0.0,1,1
4422,761093.0,636447.5,0.0,0.0,1,1
4423,761041.0,636447.5,0.0,0.0,1,1
4424,761256.5,636447.5,0.0,0.0,1,1
4425,761256.5,636447.5,0.0,0.0,1,1
4426,761256.5,636447.5,0.0,0.0,1,1
4427,761256.5,636447.5,0.0,0.0,1,1
4428,761256.5,636447.5,0.0,0.0,1,1
4429,761256.5,636447.5,0.0,0.0,1,1
4430,761256.5,636447.5,0.0,0.0,1,1
4431,761256.5,636447.5,0.0,0.0,1,1
4432,761256.5,636447.5,0.0,0.0,1,1
4433,761256.5,636447.5,0.0,0.0,1,1
4434,761256.5,636447.5,0.0,0.0,1,1
4435,761256.5,636447.5,0.0,0.0,1,1
4436,761256.5,636447.5,0.0,0.0,1,1
4437,761256.5,636447.5,0.0,0.0,1,1
4438,761256.5,636447.5,0.0,0.0,1,1
4439,761256.5,636447.5,0.0,0.0,1,1
4440,761256.5,636447.5,0.0,0.0,1,1
4441,761256.5,636447.5,0.0,0.0,1,1
4442,761256.5,636447.5,0.0,0.0,1,1
4443,761256.5,636447.5,0.0,0.0,1,1
4444,761256.5,636447.5,0.0,0.0,1,1
4445,761256.5,636447.5,0.0,0.0,1,1
4446,761256.5,636447.5,0.0,0.0,1,1
4447,761256.5,636447.5,0.0,0.0,1,1
4448,761256.5,636447.5,0.0,0.0,1,1
4449,761256.5,636447.5,0.0,0.0,1,1
4450,761256.5,636447.5,0.0,0.0,1,1
4451,761256.5,636447.5,0.0,0.0,1,1
4452,761275.5,636447.5,0.0,0.0,1,1
4453,761275.5,636447.5,0.0,0.0,1,1
4454,761275.5,636447.5,0.0,0.0,1,1
4455,761275.5,636447.5,0.0,0.0,1,1
4456,761275.5,636447.5,0.0,0.0,1,1
4457,761275.5,636447.5,0.0,0.0,1,1
4458,761275.5,636447.5,0.0,0.0,1,1
4459,761275.5,636447.5,0.0,0.0,1,1
4460,761275.5,636447.5,0.0,0.0,1,1
4461,761275.5,636447.5,0.0,0.0,1,1
4462,761275.5,636447.5,0.0,0.0,1,1
4463,761275.5,636447.5,0.0,0.0,1,1
4464,761275.5,636447.5,0.0,0.0,1,1
4465,762187.0,636447.5,0.0,0.0,1,1
4466,762187.0,636447.5,0.0,0.0,1,1
4467,762187.0,636447.5,0.0,0.0,1,1
4468,762187.0,636447.5,0.0,0.0,1,1
4469,762187.0,636447.5,0.0,0.0,1,1
4470,762187.0,636447.5,0.0,0.0,1,1
4471,762187.0,636447.5,0.0,0.0,1,1
4472,762187.0,636447.5,0.0,0.0,1,1
4473,762187.0,636447.5,0.0,0.0,1,1
4474,762187.0,636447.5,0.0,0.0,1,1
4475,762187.0,636447.5,0.0,0.0,1,1
4476,762187.0,636447.5,0.0,0.0,1,1
4477,762187.0,636447.5,0.0,0.0,1,1
4478,762187.0,636447.5,0.0,0.0,1,1
4479,762187.0,636447.5,0.0,0.0,1,1
4480,762187.0,636447.5,0.0,0.0,1,1
4481,762187.0,636447.5,0.0,0.0,1,1
4482,762187.0,636447.5,0.0,0.0,1,1
4483,762187.0,636447.5,0.0,0.0,1,1
4484,762187.0,636447.5,0.0,0.0,1,1
4485,761496.0,636447.5,0.0,0.0,1,1
4486,761496.0,636447.5,0.0,0.0,1,1
4487,761496.0,636447.5,0.0,0.0,1,1
4488,761496.0,636447.5,0.0,0.0,1,1
4489,761496.0,636447.5,0.0,0.0,1,1
4490,761496.0,636447.5,0.0,0.0,1,1
4491,761496.0,636447.5,0.0,0.0,1,1
4492,761496.0,636447.5,0.0,0.0,1,1
4493,761496.0,636447.5,0.0,0.0,1,1
4494,761496.0,636447.5,0.0,0.0,1,1
4495,761496.0,636447.5,0.0,0.0,1,1
4496,761496.0,636447.5,0.0,0.0,1,1
4497,761496.0,636447.5,0.0,0.0,1,1
4498,761496.0,636447.5,0.0,0.0,1,1
4499,761496.0,636447.5,0.0,0.0,1,1
4500,761248.0,636447.5,0.0,0.0,1,1
4501,761248.0,636447.5,0.0,0.0,1,1
4502,761248.0,636447.5,0.0,0.0,1,1
4503,761248.0,636447.5,0.0,0.0,1,1
4504,761248.0,636447.5,0.0,0.0,1,1
4505,761248.0,636447.5,0.0,0.0,1,1
4506,761248.0,636447.5,0.0,0.0,1,1
4507,761248.0,636447.5,0.0,0.0,1,1
4508,761938.0,636447.5,0.0,0.0,1,1
4509,761938.0,636447.5,0.0,0.0,1,1
4510,761938.0,636447.5,0.0,0.0,1,1
4511,761938.0,636447.5,0.0,0.0,1,1
4512,761938.0,636447.5,0.0,0.0,1,1
4513,761938.0,636447.5,0.0,0.0,1,1
4514,761938.0,636447.5,0.0,0.0,1,1
4515,761938.0,636447.5,0.0,0.0,1,1
4516,761938.0,636447.5,0.0,0.0,1,1
4517,761938.0,636447.5,0.0,0.0,1,1
4518,761938.0,636447.5,0.0,0.0,1,1
4519,759876.5,636447.5,0.0,0.0,1,1
4520,759876.5,636447.5,0.0,0.0,1,1
4521,759876.5,636447.5,0.0,0.0,1,1
4522,759876.5,636447.5,0.0,0.0,1,1
4523,759876.5,636447.5,0.0,0.0,1,1
4524,759876.5,636447.5,0.0,0.0,1,1
4525,759876.5,636447.5,0.0,0.0,1,1
4526,759876.5,636447.5,0.0,0.0,1,1
4527,759876.5,636447.5,0.0,0.0,1,1
4528,759876.5,636447.5,0.0,0.0,1,1
4529,759876.5,636447.5,0.0,0.0,1,1
4530,759876.5,636447.5,0.0,0.0,1,1
4531,759876.5,636447.5,0.0,0.0,1,1
4532,759876.5,636447.5,0.0,0.0,1,1
4533,759876.5,636447.5,0.0,0.0,1,1
4534,759876.5,636447.5,0.0,0.0,1,1
4535,759876.5,636447.5,0.0,0.0,1,1
4536,759876.5,636447.5,0.0,0.0,1,1
4537,759876.5,636447.5,0.0,0.0,1,1
4538,759876.5,636447.5,0.0,0.0,1,1
4539,759876.5,636447.5,0.0,0.0,1,1
4540,759876.5,636447.5,0.0,0.0,1,1
4541,759876.5,636447.5,0.0,0.0,1,1
4542,759876.5,636447.5,0.0,0.0,1,1
4543,759876.5,636447.5,0.0,0.0,1,1
4544,759876.5,636447.5,0.0,0.0,1,1
4545,759876.5,636447.5,0.0,0.0,1,1
4546,759876.5,636447.5,0.0,0.0,1,1
4547,759876.5,636447.5,0.0,0.0,1,1
4548,759876.5,636447.5,0.0,0.0,1,1
4549,759876.5,636447.5,0.0,0.0,1,1
4550,759876.5,636447.5,0.0,0.0,1,1
4551,759876.5,636447.5,0.0,0.0,1,1
4552,759876.5,636447.5,0.0,0.0,1,1
4553,759876.5,636447.5,0.0,0.0,1,1
4554,759876.5,636447.5,0.0,0.0,1,1
4555,759876.5,636447.5,0.0,0.0,1,1
4556,759876.5,636447.5,0.0,0.0,1,1
4557,759876.5,636447.5,0.0,0.0,1,1
4558,759876.5,636447.5,0.0,0.0,1,1
4559,759876.5,636447.5,0.0,0.0,1,1
4560,759876.5,636447.5,0.0,0.0,1,1
4561,759876.5,636447.5,0.0,0.0,1,1
4562,759876.5,636447.5,0.0,0.0,1,1
4563,759941.5,636447.5,0.0,0.0,1,1
4564,759941.5,636447.5,0.0,0.0,1,1
4565,759941.5,636447.5,0.0,0.0,1,1
4566,759941.5,636447.5,0.0,0.0,1,1
4567,759941.5,636447.5,0.0,0.0,1,1
4568,759941.5,636447.5,0.0,0.0,1,1
4569,759941.5,636447.5,0.0,0.0,1,1
4570,759941.5,636447.5,0.0,0.0,1,1
4571,759941.5,636447.5,0.0,0.0,1,1
4572,759941.5,636447.5,0.0,0.0,1,1
4573,759941.5,636447.5,0.0,0.0,1,1
4574,759941.5,636447.5,0.0,0.0,1,1
4575,759941.5,636447.5,0.0,0.0,1,1
4576,759941.5,636447.5,0.0,0.0,1,1
4577,759941.5,636447.5,0.0,0.0,1,1
4578,759941.5,636447.5,0.0,0.0,1,1
4579,759941.5,636447.5,0.0,0.0,1,1
4580,759941.5,636447.5,0.0,0.0,1,1
4581,759941.5,636447.5,0.0,0.0,1,1
4582,759941.5,636447.5,0.0,0.0,1,1
4583,759941.5,636447.5,0.0,0.0,1,1
4584,759941.5,636447.5,0.0,0.0,1,1
4585,759941.5,636447.5,0.0,0.0,1,1
4586,759941.5,636447.5,0.0,0.0,1,1
4587,759941.5,636447.5,0.0,0.0,1,1
4588,759941.5,636447.5,0.0,0.0,1,1
4589,759941.5,636447.5,0.0,0.0,1,1
4590,759941.5,636447.5,0.0,0.0,1,1
4591,759941.5,636447.5,0.0,0.0,1,1
4592,759941.5,636447.5,0.0,0.0,1,1
4593,759941.5,636447.5,0.0,0.0,1,1
4594,759941.5,636447.5,0.0,0.0,1,1
4595,759941.5,636447.5,0.0,0.0,1,1
4596,759941.5,636447.5,0.0,0.0,1,1
4597,759941.5,636447.5,0.0,0.0,1,1
4598,759941.5,636447.5,0.0,0.0,1,1
4599,759941.5,636447.5,0.0,0.0,1,1
4600,759941.5,636447.5,0.0,0.0,1,1
4601,759941.5,636447.5,0.0,0.0,1,1
4602,759941.5,636447.5,0.0,0.0,1,1
4603,759941.5,636447.5,0.0,0.0,1,1
4604,759941.5,636447.5,0.0,0.0,1,1
4605,759941.5,636447.5,0.0,0.0,1,1
4606,759941.5,636447.5,0.0,0.0,1,1
4607,759941.5,636447.5,0.0,0.0,1,1
4608,759978.5,636447.5,0.0,0.0,1,1
4609,759978.5,636447.5,0.0,0.0,1,1
4610,759978.5,636447.5,0.0,0.0,1,1
4611,759978.5,636447.5,0.0,0.0,1,1
4612,759978.5,636447.5,0.0,0.0,1,1
4613,759978.5,636447.5,0.0,0.0,1,1
4614,759978.5,636447.5,0.0,0.0,1,1
4615,760454.0,636447.5,0.0,0.0,1,1
4616,760454.0,636447.5,0.0,0.0,1,1
4617,760454.0,636447.5,0.0,0.0,1,1
4618,760454.0,636447.5,0.0,0.0,1,1
4619,760454.0,636447.5,0.0,0.0,1,1
4620,760945.5,636447.5,0.0,0.0,1,1
4621,760945.5,636447.5,0.0,0.0,1,1
4622,760945.5,636447.5,0.0,0.0,1,1
4623,760945.5,636447.5,0.0,0.0,1,1
4624,760945.5,636447.5,0.0,0.0,1,1
4625,760945.5,636447.5,0.0,0.0,1,1
4626,760945.5,636447.5,0.0,0.0,1,1
4627,760945.5,636447.5,0.0,0.0,1,1
4628,760945.5,636447.5,0.0,0.0,1,1
4629,760945.5,636447.5,0.0,0.0,1,1
4630,760945.5,636447.5,0.0,0.0,1,1
4631,760945.5,636447.5,0.0,0.0,1,1
4632,760945.5,636447.5,0.0,0.0,1,1
4633,760945.5,636447.5,0.0,0.0,1,1
4634,760945.5,636447.5,0.0,0.0,1,1
4635,760968.0,636447.5,0.0,0.0,1,1
4636,760968.0,636447.5,0.0,0.0,1,1
4637,760968.0,636447.5,0.0,0.0,1,1
4638,760968.0,636447.5,0.0,0.0,1,1
4639,760968.0,636447.5,0.0,0.0,1,1
4640,760968.0,636447.5,0.0,0.0,1,1
4641,760968.0,636447.5,0.0,0.0,1,1
4642,760968.0,636447.5,0.0,0.0,1,1
4643,760968.0,636447.5,0.0,0.0,1,1
4644,760968.0,636447.5,0.0,0.0,1,1
4645,760968.0,636447.5,0.0,0.0,1,1
4646,760968.0,636447.5,0.0,0.0,1,1
4647,760968.0,636447.5,0.0,0.0,1,1
4648,760968.0,636447.5,0.0,0.0,1,1
4649,760968.0,636447.5,0.0,0.0,1,1
4650,760968.0,636447.5,0.0,0.0,1,1
4651,760968.0,636447.5,0.0,0.0,1,1
4652,761021.5,636447.5,0.0,0.0,1,1
4653,761021.5,636447.5,0.0,0.0,1,1
4654,761021.5,636447.5,0.0,0.0,1,1
4655,761021.5,636447.5,0.0,0.0,1,1
4656,761021.5,636447.5,0.0,0.0,1,1
4657,761021.5,636447.5,0.0,0.0,1,1
4658,761021.5,636447.5,0.0,0.0,1,1
4659,761021.5,636447.5,0.0,0.0,1,1
4660,761021.5,636447.5,0.0,0.0,1,1
4661,761023.0,636447.5,0.0,0.0,1,1
4662,761023.0,636447.5,0.0,0.0,1,1
4663,761023.0,636447.5,0.0,0.0,1,1
4664,761023.0,636447.5,0.0,0.0,1,1
4665,761023.0,636447.5,0.0,0.0,1,1
4666,761023.0,636447.5,0.0,0.0,1,1
4667,761023.0,636447.5,0.0,0.0,1,1
4668,761375.5,636447.5,0.0,0.0,1,1
4669,761375.5,636447.5,0.0,0.0,1,1
4670,761375.5,636447.5,0.0,0.0,1,1
4671,761375.5,636447.5,0.0,0.0,1,1
4672,761375.5,636447.5,0.0,0.0,1,1
4673,761375.5,636447.5,0.0,0.0,1,1
4674,761375.5,636447.5,0.0,0.0,1,1
4675,761375.5,636447.5,0.0,0.0,1,1
4676,761375.5,636447.5,0.0,0.0,1,1
4677,761375.5,636447.5,0.0,0.0,1,1
4678,761375.5,636447.5,0.0,0.0,1,1
4679,761375.5,636447.5,0.0,0.0,1,1
4680,761375.5,636447.5,0.0,0.0,1,1
4681,761375.5,636447.5,0.0,0.0,1,1
4682,761375.5,636447.5,0.0,0.0,1,1
4683,761375.5,636447.5,0.0,0.0,1,1
4684,761375.5,636447.5,0.0,0.0,1,1
4685,760897.0,636447.5,0.0,0.0,1,1
4686,760897.0,636447.5,0.0,0.0,1,1
4687,760897.0,636447.5,0.0,0.0,1,1
4688,760897.0,636447.5,0.0,0.0,1,1
4689,760897.0,636447.5,0.0,0.0,1,1
4690,760880.5,636447.5,0.0,0.0,1,1
4691,760880.5,636447.5,0.0,0.0,1,1
4692,760880.5,636447.5,0.0,0.0,1,1
4693,760880.5,636447.5,0.0,0.0,1,1
4694,760880.5,636447.5,0.0,0.0,1,1
4695,760880.5,636447.5,0.0,0.0,1,1
4696,760880.5,636447.5,0.0,0.0,1,1
4697,760880.5,636447.5,0.0,0.0,1,1
4698,760880.5,636447.5,0.0,0.0,1,1
4699,760880.5,636447.5,0.0,0.0,1,1
4700,760880.5,636447.5,0.0,0.0,1,1
4701,760880.5,636447.5,0.0,0.0,1,1
4702,758396.5,636447.5,0.0,0.0,1,1
4703,758396.5,636447.5,0.0,0.0,1,1
4704,758484.5,636447.5,0.0,0.0,1,1
4705,758484.5,636447.5,0.0,0.0,1,1
4706,758484.5,636447.5,0.0,0.0,1,1
4707,758484.5,636447.5,0.0,0.0,1,1
4708,758484.5,636447.5,0.0,0.0,1,1
4709,758484.5,636447.5,0.0,0.0,1,1
4710,758484.5,636447.5,0.0,0.0,1,1
4711,758484.5,636447.5,0.0,0.0,1,1
4712,758484.5,636447.5,0.0,0.0,1,1
4713,758484.5,636447.5,0.0,0.0,1,1
4714,758922.5,636447.5,0.0,0.0,1,1
4715,758922.5,636447.5,0.0,0.0,1,1
4716,758922.5,636447.5,0.0,0.0,1,1
4717,758922.5,636447.5,0.0,0.0,1,1
4718,758922.5,636447.5,0.0,0.0,1,1
4719,758922.5,636447.5,0.0,0.0,1,1
4720,758922.5,636447.5,0.0,0.0,1,1
4721,758922.5,636447.5,0.0,0.0,1,1
4722,758922.5,636447.5,0.0,0.0,1,1
4723,758922.5,636447.5,0.0,0.0,1,1
4724,758922.5,636447.5,0.0,0.0,1,1
4725,758922.5,636447.5,0.0,0.0,1,1
4726,758922.5,636447.5,0.0,0.0,1,1
4727,758922.5,636447.5,0.0,0.0,1,1
4728,758922.5,636447.5,0.0,0.0,1,1
4729,758922.5,636447.5,0.0,0.0,1,1
4730,758922.5,636447.5,0.0,0.0,1,1
4731,758922.5,636447.5,0.0,0.0,1,1
4732,758922.5,636447.5,0.0,0.0,1,1
4733,758922.5,636447.5,0.0,0.0,1,1
4734,758922.5,636447.5,0.0,0.0,1,1
4735,758922.5,636447.5,0.0,0.0,1,1
4736,758922.5,636447.5,0.0,0.0,1,1
4737,758922.5,636447.5,0.0,0.0,1,1
4738,758922.5,636447.5,0.0,0.0,1,1
4739,758922.5,636447.5,0.0,0.0,1,1
4740,758922.5,636447.5,0.0,0.0,1,1
4741,758922.5,636447.5,0.0,0.0,1,1
4742,758922.5,636447.5,0.0,0.0,1,1
4743,758922.5,636447.5,0.0,0.0,1,1
4744,758922.5,636447.5,0.0,0.0,1,1
4745,758922.5,636447.5,0.0,0.0,1,1
4746,758922.5,636447.5,0.0,0.0,1,1
4747,758922.5,636447.5,0.0,0.0,1,1
4748,758922.5,636447.5,0.0,0.0,1,1
4749,758922.5,636447.5,0.0,0.0,1,1
4750,758922.5,636447.5,0.0,0.0,1,1
4751,758922.5,636447.5,0.0,0.0,1,1
4752,758922.5,636447.5,0.0,0.0,1,1
4753,758922.5,636447.5,0.0,0.0,1,1
4754,758922.5,636447.5,0.0,0.0,1,1
4755,758922.5,636447.5,0.0,0.0,1,1
4756,758922.5,636447.5,0.0,0.0,1,1
4757,758922.5,636447.5,0.0,0.0,1,1
4758,758922.5,636447.5,0.0,0.0,1,1
4759,758922.5,636447.5,0.0,0.0,1,1
4760,758922.5,636447.5,0.0,0.0,1,1
4761,758922.5,636447.5,0.0,0.0,1,1
4762,758922.5,636447.5,0.0,0.0,1,1
4763,758922.5,636447.5,0.0,0.0,1,1
4764,758664.0,636447.5,0.0,0.0,1,1
4765,758664.0,636447.5,0.0,0.0,1,1
4766,758664.0,636447.5,0.0,0.0,1,1
4767,758664.0,636447.5,0.0,0.0,1,1
4768,758664.0,636447.5,0.0,0.0,1,1
4769,758664.0,636447.5,0.0,0.0,1,1
4770,758664.0,636447.5,0.0,0.0,1,1
4771,758664.0,636447.5,0.0,0.0,1,1
4772,758664.0,636447.5,0.0,0.0,1,1
4773,758664.0,636447.5,0.0,0.0,1,1
4774,758664.0,636447.5,0.0,0.0,1,1
4775,758664.0,636447.5,0.0,0.0,1,1
4776,758664.0,636447.5,0.0,0.0,1,1
4777,758664.0,636447.5,0.0,0.0,1,1
4778,758664.0,636447.5,0.0,0.0,1,1
4779,758664.0,636447.5,0.0,0.0,1,1
4780,758664.0,636447.5,0.0,0.0,1,1
4781,758664.0,636447.5,0.0,0.0,1,1
4782,758659.5,636447.5,0.0,0.0,1,1
4783,759399.0,636447.5,0.0,0.0,1,1
4784,759399.0,636447.5,0.0,0.0,1,1
4785,759399.0,636447.5,0.0,0.0,1,1
4786,759399.0,636447.5,0.0,0.0,1,1
4787,759399.0,636447.5,0.0,0.0,1,1
4788,759399.0,636447.5,0.0,0.0,1,1
4789,759399.0,636447.5,0.0,0.0,1,1
4790,759399.0,636447.5,0.0,0.0,1,1
4791,759399.0,636447.5,0.0,0.0,1,1
4792,759399.0,636447.5,0.0,0.0,1,1
4793,759399.0,636447.5,0.0,0.0,1,1
4794,759399.0,636447.5,0.0,0.0,1,1
4795,759399.0,636447.5,0.0,0.0,1,1
4796,759399.0,636447.5,0.0,0.0,1,1
4797,759399.0,636447.5,0.0,0.0,1,1
4798,759399.0,636447.5,0.0,0.0,1,1
4799,759399.0,636447.5,0.0,0.0,1,1
4800,759399.0,636447.5,0.0,0.0,1,1
4801,759399.0,636447.5,0.0,0.0,1,1
4802,759399.0,636447.5,0.0,0.0,1,1
4803,759399.0,636447.5,0.0,0.0,1,1
4804,759399.0,636447.5,0.0,0.0,1,1
4805,758430.0,636447.5,0.0,0.0,1,1
4806,758430.0,636447.5,0.0,0.0,1,1
4807,758390.0,636447.5,0.0,0.0,1,1
4808,758390.0,636447.5,0.0,0.0,1,1
4809,758390.0,636447.5,0.0,0.0,1,1
4810,758390.0,636447.5,0.0,0.0,1,1
4811,758390.0,636447.5,0.0,0.0,1,1
4812,758390.0,636447.5,0.0,0.0,1,1
4813,758390.0,636447.5,0.0,0.0,1,1
4814,758390.0,636447.5,0.0,0.0,1,1
4815,758390.0,636447.5,0.0,0.0,1,1
4816,758390.0,636447.5,0.0,0.0,1,1
4817,758390.0,636447.5,0.0,0.0,1,1
4818,758390.0,636447.5,0.0,0.0,1,1
4819,758390.0,636447.5,0.0,0.0,1,1
4820,758390.0,636447.5,0.0,0.0,1,1
4821,758390.0,636447.5,0.0,0.0,1,1
4822,758390.0,636447.5,0.0,0.0,1,1
4823,758189.0,636447.5,0.0,0.0,1,1
4824,758189.0,636447.5,0.0,0.0,1,1
4825,758189.0,636447.5,0.0,0.0,1,1
4826,758189.0,636447.5,0.0,0.0,1,1
4827,758189.0,636447.5,0.0,0.0,1,1
4828,758189.0,636447.5,0.0,0.0,1,1
4829,758189.0,636447.5,0.0,0.0,1,1
4830,758189.0,636447.5,0.0,0.0,1,1
4831,758189.0,636447.5,0.0,0.0,1,1
4832,758189.0,636447.5,0.0,0.0,1,1
4833,758189.0,636447.5,0.0,0.0,1,1
4834,758189.0,636447.5,0.0,0.0,1,1
4835,758189.0,636447.5,0.0,0.0,1,1
4836,758189.0,636447.5,0.0,0.0,1,1
4837,758189.0,636447.5,0.0,0.0,1,1
4838,758189.0,636447.5,0.0,0.0,1,1
4839,758189.0,636447.5,0.0,0.0,1,1
4840,758189.0,636447.5,0.0,0.0,1,1
4841,758189.0,636447.5,0.0,0.0,1,1
4842,758189.0,636447.5,0.0,0.0,1,1
4843,758249.0,636447.5,0.0,0.0,1,1
4844,758249.0,636447.5,0.0,0.0,1,1
4845,758249.0,636447.5,0.0,0.0,1,1
4846,758249.0,636447.5,0.0,0.0,1,1
4847,758249.0,636447.5,0.0,0.0,1,1
4848,758249.0,636447.5,0.0,0.0,1,1
4849,758249.0,636447.5,0.0,0.0,1,1
4850,758249.0,636447.5,0.0,0.0,1,1
4851,758249.0,636447.5,0.0,0.0,1,1
4852,758249.0,636447.5,0.0,0.0,1,1
4853,758249.0,636447.5,0.0,0.0,1,1
4854,758249.0,636447.5,0.0,0.0,1,1
4855,758249.0,636447.5,0.0,0.0,1,1
4856,758249.0,636447.5,0.0,0.0,1,1
4857,758249.0,636447.5,0.0,0.0,1,1
4858,758249.0,636447.5,0.0,0.0,1,1
4859,758249.0,636447.5,0.0,0.0,1,1
4860,758249.0,636447.5,0.0,0.0,1,1
4861,758249.0,636447.5,0.0,0.0,1,1
4862,758249.0,636447.5,0.0,0.0,1,1
4863,758249.0,636447.5,0.0,0.0,1,1
4864,758249.0,636447.5,0.0,0.0,1,1
4865,757811.0,636447.5,0.0,0.0,1,1
4866,757811.0,636447.5,0.0,0.0,1,1
4867,757811.0,636447.5,0.0,0.0,1,1
4868,757811.0,636447.5,0.0,0.0,1,1
4869,757811.0,636447.5,0.0,0.0,1,1
4870,757811.0,636447.5,0.0,0.0,1,1
4871,757811.0,636447.5,0.0,0.0,1,1
4872,757811.0,636447.5,0.0,0.0,1,1
4873,757811.0,636447.5,0.0,0.0,1,1
4874,757811.0,636447.5,0.0,0.0,1,1
4875,757811.0,636447.5,0.0,0.0,1,1
4876,757811.0,636447.5,0.0,0.0,1,1
4877,757811.0,636447.5,0.0,0.0,1,1
4878,757811.0,636447.5,0.0,0.0,1,1
4879,757811.0,636447.5,0.0,0.0,1,1
4880,757811.0,636447.5,0.0,0.0,1,1
4881,757811.0,636447.5,0.0,0.0,1,1
4882,757811.0,636447.5,0.0,0.0,1,1
4883,757811.0,636447.5,0.0,0.0,1,1
4884,757811.0,636447.5,0.0,0.0,1,1
4885,757811.0,636447.5,0.0,0.0,1,1
4886,758644.5,636447.5,0.0,0.0,1,1
4887,758644.5,636447.5,0.0,0.0,1,1
4888,758644.5,636447.5,0.0,0.0,1,1
4889,758644.5,636447.5,0.0,0.0,1,1
4890,758644.5,636447.5,0.0,0.0,1,1
4891,758644.5,636447.5,0.0,0.0,1,1
4892,758644.5,636447.5,0.0,0.0,1,1
4893,758509.0,636447.5,0.0,0.0,1,1
4894,758509.0,636447.5,0.0,0.0,1,1
4895,758509.0,636447.5,0.0,0.0,1,1
4896,758509.0,636447.5,0.0,0.0,1,1
4897,758509.0,636447.5,0.0,0.0,1,1
4898,758509.0,636447.5,0.0,0.0,1,1
4899,758509.0,636447.5,0.0,0.0,1,1
4900,758509.0,636447.5,0.0,0.0,1,1
4901,758509.0,636447.5,0.0,0.0,1,1
4902,758538.0,636447.5,0.0,0.0,1,1
4903,758538.0,636447.5,0.0,0.0,1,1
4904,758538.0,636447.5,0.0,0.0,1,1
4905,758538.0,636447.5,0.0,0.0,1,1
4906,758538.0,636447.5,0.0,0.0,1,1
4907,758538.0,636447.5,0.0,0.0,1,1
4908,758538.0,636447.5,0.0,0.0,1,1
4909,758538.0,636447.5,0.0,0.0,1,1
4910,758538.0,636447.5,0.0,0.0,1,1
4911,758538.0,636447.5,0.0,0.0,1,1
4912,758538.0,636447.5,0.0,0.0,1,1
4913,758673.5,636447.5,0.0,0.0,1,1
4914,758673.5,636447.5,0.0,0.0,1,1
4915,758624.5,636447.5,0.0,0.0,1,1
4916,758624.5,636447.5,0.0,0.0,1,1
4917,758624.5,636447.5,0.0,0.0,1,1
4918,758624.5,636447.5,0.0,0.0,1,1
4919,758624.5,636447.5,0.0,0.0,1,1
4920,758624.5,636447.5,0.0,0.0,1,1
4921,758624.5,636447.5,0.0,0.0,1,1
4922,758624.5,636447.5,0.0,0.0,1,1
4923,758624.5,636447.5,0.0,0.0,1,1
4924,758624.5,636447.5,0.0,0.0,1,1
4925,758624.5,636447.5,0.0,0.0,1,1
4926,758624.5,636447.5,0.0,0.0,1,1
4927,758624.5,636447.5,0.0,0.0,1,1
4928,758624.5,636447.5,0.0,0.0,1,1
4929,758624.5,636447.5,0.0,0.0,1,1
4930,758991.5,636447.5,0.0,0.0,1,1
4931,758991.5,636447.5,0.0,0.0,1,1
4932,758991.5,636447.5,0.0,0.0,1,1
4933,758991.5,636447.5,0.0,0.0,1,1
4934,758942.5,636447.5,0.0,0.0,1,1
4935,758942.5,636447.5,0.0,0.0,1,1
4936,758942.5,636447.5,0.0,0.0,1,1
4937,759019.5,636447.5,0.0,0.0,1,1
4938,759019.5,636447.5,0.0,0.0,1,1
4939,759019.5,636447.5,0.0,0.0,1,1
4940,759019.5,636447.5,0.0,0.0,1,1
4941,759019.5,636447.5,0.0,0.0,1,1
4942,759019.5,636447.5,0.0,0.0,1,1
4943,759019.5,636447.5,0.0,0.0,1,1
4944,759019.5,636447.5,0.0,0.0,1,1
4945,759019.5,636447.5,0.0,0.0,1,1
4946,759019.5,636447.5,0.0,0.0,1,1
4947,759019.5,636447.5,0.0,0.0,1,1
4948,759019.5,636447.5,0.0,0.0,1,1
4949,759019.5,636447.5,0.0,0.0,1,1
4950,759019.5,636447.5,0.0,0.0,1,1
4951,759019.5,636447.5,0.0,0.0,1,1
4952,759019.5,636447.5,0.0,0.0,1,1
4953,759019.5,636447.5,0.0,0.0,1,1
4954,759019.5,636447.5,0.0,0.0,1,1
4955,759019.5,636447.5,0.0,0.0,1,1
4956,759019.5,636447.5,0.0,0.0,1,1
4957,759019.5,636447.5,0.0,0.0,1,1
4958,759019.5,636447.5,0.0,0.0,1,1
4959,759019.5,636447.5,0.0,0.0,1,1
4960,759019.5,636447.5,0.0,0.0,1,1
4961,759019.5,636447.5,0.0,0.0,1,1
4962,759019.5,636447.5,0.0,0.0,1,1
4963,759019.5,636447.5,0.0,0.0,1,1
4964,759019.5,636447.5,0.0,0.0,1,1
4965,759019.5,636447.5,0.0,0.0,1,1
4966,759019.5,636447.5,0.0,0.0,1,1
4967,759019.5,636447.5,0.0,0.0,1,1
4968,759019.5,636447.5,0.0,0.0,1,1
4969,759019.5,636447.5,0.0,0.0,1,1
4970,759019.5,636447.5,0.0,0.0,1,1
4971,758576.0,636447.5,0.0,0.0,1,1
4972,758576.0,636447.5,0.0,0.0,1,1
4973,758576.0,636447.5,0.0,0.0,1,1
4974,758576.0,636447.5,0.0,0.0,1,1
4975,758576.0,636447.5,0.0,0.0,1,1
4976,758576.0,636447.5,0.0,0.0,1,1
4977,758576.0,636447.5,0.0,0.0,1,1
4978,758576.0,636447.5,0.0,0.0,1,1
4979,758576.0,636447.5,0.0,0.0,1,1
4980,758542.0,636447.5,0.0,0.0,1,1
4981,758542.0,636447.5,0.0,0.0,1,1
4982,758542.0,636447.5,0.0,0.0,1,1
4983,758542.0,636447.5,0.0,0.0,1,1
4984,758542.0,636447.5,0.0,0.0,1,1
4985,758542.0,636447.5,0.0,0.0,1,1
4986,758542.0,636447.5,0.0,0.0,1,1
4987,758542.0,636447.5,0.0,0.0,1,1
4988,758542.0,636447.5,0.0,0.0,1,1
4989,758542.0,636447.5,0.0,0.0,1,1
4990,758542.0,636447.5,0.0,0.0,1,1
4991,758542.0,636447.5,0.0,0.0,1,1
4992,758542.0,636447.5,0.0,0.0,1,1
4993,758542.0,636447.5,0.0,0.0,1,1
4994,758542.0,636447.5,0.0,0.0,1,1
4995,758542.0,636447.5,0.0,0.0,1,1
4996,758542.0,636447.5,0.0,0.0,1,1
4997,758542.0,636447.5,0.0,0.0,1,1
4998,758542.0,636447.5,0.0,0.0,1,1
4999,758542.0,636447.5,0.0,0.0,1,1
5000,758542.0,636447.5,0.0,0.0,1,1
5001,758542.0,636447.5,0.0,0.0,1,1
5002,758542.0,636447.5,0.0,0.0,1,1
5003,758542.0,636447.5,0.0,0.0,1,1
5004,758542.0,636447.5,0.0,0.0,1,1
5005,758542.0,636447.5,0.0,0.0,1,1
5006,758542.0,636447.5,0.0,0.0,1,1
5007,758542.0,636447.5,0.0,0.0,1,1
5008,758542.0,636447.5,0.0,0.0,1,1
5009,758542.0,636447.5,0.0,0.0,1,1
5010,758542.0,636447.5,0.0,0.0,1,1
5011,758542.0,636447.5,0.0,0.0,1,1
5012,758542.0,636447.5,0.0,0.0,1,1
5013,758576.0,636447.5,0.0,0.0,1,1
5014,758576.0,636447.5,0.0,0.0,1,1
5015,758576.0,636447.5,0.0,0.0,1,1
5016,758576.0,636447.5,0.0,0.0,1,1
5017,758576.0,636447.5,0.0,0.0,1,1
5018,758576.0,636447.5,0.0,0.0,1,1
5019,758576.0,636447.5,0.0,0.0,1,1
5020,758576.0,636447.5,0.0,0.0,1,1
5021,758576.0,636447.5,0.0,0.0,1,1
5022,758576.0,636447.5,0.0,0.0,1,1
5023,758576.0,636447.5,0.0,0.0,1,1
5024,758576.0,636447.5,0.0,0.0,1,1
5025,758576.0,636447.5,0.0,0.0,1,1
5026,758576.0,636447.5,0.0,0.0,1,1
5027,758576.0,636447.5,0.0,0.0,1,1
5028,758576.0,636447.5,0.0,0.0,1,1
5029,758576.0,636447.5,0.0,0.0,1,1
5030,758672.5,636447.5,0.0,0.0,1,1
5031,758672.5,636447.5,0.0,0.0,1,1
5032,758672.5,636447.5,0.0,0.0,1,1
5033,758672.5,636447.5,0.0,0.0,1,1
5034,758672.5,636447.5,0.0,0.0,1,1
5035,758672.5,636447.5,0.0,0.0,1,1
5036,756709.0,636447.5,0.0,0.0,1,1
5037,756709.0,636447.5,0.0,0.0,1,1
5038,756709.0,636447.5,0.0,0.0,1,1
5039,756709.0,636447.5,0.0,0.0,1,1
5040,756709.0,636447.5,0.0,0.0,1,1
5041,756709.0,636447.5,0.0,0.0,1,1
5042,756709.0,636447.5,0.0,0.0,1,1
5043,756709.0,636447.5,0.0,0.0,1,1
5044,756709.0,636447.5,0.0,0.0,1,1
5045,756709.0,636447.5,0.0,0.0,1,1
5046,756709.0,636447.5,0.0,0.0,1,1
5047,756709.0,636447.5,0.0,0.0,1,1
5048,756709.0,636447.5,0.0,0.0,1,1
5049,756709.0,636447.5,0.0,0.0,1,1
5050,756709.0,636447.5,0.0,0.0,1,1
5051,758635.5,636447.5,0.0,0.0,1,1
5052,758635.5,636447.5,0.0,0.0,1,1
5053,758635.5,636447.5,0.0,0.0,1,1
5054,758635.5,636447.5,0.0,0.0,1,1
5055,758635.5,636447.5,0.0,0.0,1,1
5056,758635.5,636447.5,0.0,0.0,1,1
5057,758635.5,636447.5,0.0,0.0,1,1
5058,758635.5,636447.5,0.0,0.0,1,1
5059,758635.5,636447.5,0.0,0.0,1,1
5060,758635.5,636447.5,0.0,0.0,1,1
5061,758635.5,636447.5,0.0,0.0,1,1
5062,758635.5,636447.5,0.0,0.0,1,1
5063,758635.5,636447.5,0.0,0.0,1,1
5064,758635.5,636447.5,0.0,0.0,1,1
5065,758635.5,636447.5,0.0,0.0,1,1
5066,758635.5,636447.5,0.0,0.0,1,1
5067,758635.5,636447.5,0.0,0.0,1,1
5068,758635.5,636447.5,0.0,0.0,1,1
5069,758635.5,636447.5,0.0,0.0,1,1
5070,758635.5,636447.5,0.0,0.0,1,1
5071,758635.5,636447.5,0.0,0.0,1,1
5072,758635.5,636447.5,0.0,0.0,1,1
5073,758635.5,636447.5,0.0,0.0,1,1
5074,758635.5,636447.5,0.0,0.0,1,1
5075,758635.5,636447.5,0.0,0.0,1,1
5076,758601.5,636447.5,0.0,0.0,1,1
5077,758601.5,636447.5,0.0,0.0,1,1
5078,758601.5,636447.5,0.0,0.0,1,1
5079,758601.5,636447.5,0.0,0.0,1,1
5080,758601.5,636447.5,0.0,0.0,1,1
5081,758601.5,636447.5,0.0,0.0,1,1
5082,758601.5,636447.5,0.0,0.0,1,1
5083,758601.5,636447.5,0.0,0.0,1,1
5084,758601.5,636447.5,0.0,0.0,1,1
5085,758601.5,636447.5,0.0,0.0,1,1
5086,758601.5,636447.5,0.0,0.0,1,1
5087,758601.5,636447.5,0.0,0.0,1,1
5088,758601.5,636447.5,0.0,0.0,1,1
5089,758601.5,636447.5,0.0,0.0,1,1
5090,758601.5,636447.5,0.0,0.0,1,1
5091,758601.5,636447.5,0.0,0.0,1,1
5092,758601.5,636447.5,0.0,0.0,1,1
5093,758601.5,636447.5,0.0,0.0,1,1
5094,758601.5,636447.5,0.0,0.0,1,1
5095,758566.0,636447.5,0.0,0.0,1,1
5096,758566.0,636447.5,0.0,0.0,1,1
5097,758566.0,636447.5,0.0,0.0,1,1
5098,758566.0,636447.5,0.0,0.0,1,1
5099,758566.0,636447.5,0.0,0.0,1,1
5100,758566.0,636447.5,0.0,0.0,1,1
5101,758566.0,636447.5,0.0,0.0,1,1
5102,758566.0,636447.5,0.0,0.0,1,1
5103,758566.0,636447.5,0.0,0.0,1,1
5104,758566.0,636447.5,0.0,0.0,1,1
5105,758566.0,636447.5,0.0,0.0,1,1
5106,758566.0,636447.5,0.0,0.0,1,1
5107,758566.0,636447.5,0.0,0.0,1,1
5108,758566.0,636447.5,0.0,0.0,1,1
5109,758566.0,636447.5,0.0,0.0,1,1
5110,758566.0,636447.5,0.0,0.0,1,1
5111,758566.0,636447.5,0.0,0.0,1,1
5112,758566.0,636447.5,0.0,0.0,1,1
5113,758566.0,636447.5,0.0,0.0,1,1
5114,758566.0,636447.5,0.0,0.0,1,1
5115,758566.0,636447.5,0.0,0.0,1,1
5116,758566.0,636447.5,0.0,0.0,1,1
5117,758566.0,636447.5,0.0,0.0,1,1
5118,758566.0,636447.5,0.0,0.0,1,1
5119,758566.0,636447.5,0.0,0.0,1,1
5120,758566.0,636447.5,0.0,0.0,1,1
5121,758566.0,636447.5,0.0,0.0,1,1
5122,758566.0,636447.5,0.0,0.0,1,1
5123,758566.0,636447.5,0.0,0.0,1,1
5124,758566.0,636447.5,0.0,0.0,1,1
5125,758538.0,636447.5,0.0,0.0,1,1
5126,758538.0,636447.5,0.0,0.0,1,1
5127,758538.0,636447.5,0.0,0.0,1,1
5128,758538.0,636447.5,0.0,0.0,1,1
5129,758538.0,636447.5,0.0,0.0,1,1
5130,758538.0,636447.5,0.0,0.0,1,1
5131,758566.0,636447.5,0.0,0.0,1,1
5132,758566.0,636447.5,0.0,0.0,1,1
5133,758566.0,636447.5,0.0,0.0,1,1
5134,758566.0,636447.5,0.0,0.0,1,1
5135,758566.0,636447.5,0.0,0.0,1,1
5136,758566.0,636447.5,0.0,0.0,1,1
5137,758566.0,636447.5,0.0,0.0,1,1
5138,758566.0,636447.5,0.0,0.0,1,1
5139,758621.5,636447.5,0.0,0.0,1,1
5140,758621.5,636447.5,0.0,0.0,1,1
5141,758621.5,636447.5,0.0,0.0,1,1
5142,758621.5,636447.5,0.0,0.0,1,1
5143,758621.5,636447.5,0.0,0.0,1,1
5144,758621.5,636447.5,0.0,0.0,1,1
5145,758621.5,636447.5,0.0,0.0,1,1
5146,758621.5,636447.5,0.0,0.0,1,1
5147,758621.5,636447.5,0.0,0.0,1,1
5148,759302.5,636447.5,0.0,0.0,1,1
5149,759302.5,636447.5,0.0,0.0,1,1
5150,759302.5,636447.5,0.0,0.0,1,1
5151,759302.5,636447.5,0.0,0.0,1,1
5152,759439.5,636447.5,0.0,0.0,1,1
5153,759439.5,636447.5,0.0,0.0,1,1
5154,759439.5,636447.5,0.0,0.0,1,1
5155,759439.5,636447.5,0.0,0.0,1,1
5156,759439.5,636447.5,0.0,0.0,1,1
5157,759439.5,636447.5,0.0,0.0,1,1
5158,759439.5,636447.5,0.0,0.0,1,1
5159,759439.5,636447.5,0.0,0.0,1,1
5160,759439.5,636447.5,0.0,0.0,1,1
5161,759439.5,636447.5,0.0,0.0,1,1
5162,759439.5,636447.5,0.0,0.0,1,1
5163,759313.0,636447.5,0.0,0.0,1,1
5164,759313.0,636447.5,0.0,0.0,1,1
5165,759313.0,636447.5,0.0,0.0,1,1
5166,759379.0,636447.5,0.0,0.0,1,1
5167,759379.0,636447.5,0.0,0.0,1,1
5168,759379.0,636447.5,0.0,0.0,1,1
5169,759379.0,636447.5,0.0,0.0,1,1
5170,759379.0,636447.5,0.0,0.0,1,1
5171,759379.0,636447.5,0.0,0.0,1,1
5172,759379.0,636447.5,0.0,0.0,1,1
5173,759379.0,636447.5,0.0,0.0,1,1
5174,759387.5,636447.5,0.0,0.0,1,1
5175,759387.5,636447.5,0.0,0.0,1,1
5176,759387.5,636447.5,0.0,0.0,1,1
5177,759426.0,636447.5,0.0,0.0,1,1
5178,759426.0,636447.5,0.0,0.0,1,1
5179,759426.0,636447.5,0.0,0.0,1,1
5180,759426.0,636447.5,0.0,0.0,1,1
5181,759426.0,636447.5,0.0,0.0,1,1
5182,759426.0,636447.5,0.0,0.0,1,1
5183,759426.0,636447.5,0.0,0.0,1,1
5184,759426.0,636447.5,0.0,0.0,1,1
5185,759426.0,636447.5,0.0,0.0,1,1
5186,759426.0,636447.5,0.0,0.0,1,1
5187,759426.0,636447.5,0.0,0.0,1,1
5188,759426.0,636447.5,0.0,0.0,1,1
5189,759426.0,636447.5,0.0,0.0,1,1
5190,759426.0,636447.5,0.0,0.0,1,1
5191,759426.0,636447.5,0.0,0.0,1,1
5192,759426.0,636447.5,0.0,0.0,1,1
5193,759426.0,636447.5,0.0,0.0,1,1
5194,759426.0,636447.5,0.0,0.0,1,1
5195,759426.0,636447.5,0.0,0.0,1,1
5196,759426.0,636447.5,0.0,0.0,1,1
5197,759426.0,636447.5,0.0,0.0,1,1
5198,759426.0,636447.5,0.0,0.0,1,1
5199,759426.0,636447.5,0.0,0.0,1,1
5200,759426.0,636447.5,0.0,0.0,1,1
5201,759426.0,636447.5,0.0,0.0,1,1
5202,759426.0,636447.5,0.0,0.0,1,1
5203,759426.0,636447.5,0.0,0.0,1,1
5204,759426.0,636447.5,0.0,0.0,1,1
5205,759426.0,636447.5,0.0,0.0,1,1
5206,759426.0,636447.5,0.0,0.0,1,1
5207,759426.0,636447.5,0.0,0.0,1,1
5208,759426.0,636447.5,0.0,0.0,1,1
5209,759426.0,636447.5,0.0,0.0,1,1
5210,759426.0,636447.5,0.0,0.0,1,1
5211,759426.0,636447.5,0.0,0.0,1,1
5212,759426.0,636447.5,0.0,0.0,1,1
5213,759426.0,636447.5,0.0,0.0,1,1
5214,759426.0,636447.5,0.0,0.0,1,1
5215,759426.0,636447.5,0.0,0.0,1,1
5216,759426.0,636447.5,0.0,0.0,1,1
5217,759426.0,636447.5,0.0,0.0,1,1
5218,759426.0,636447.5,0.0,0.0,1,1
5219,759426.0,636447.5,0.0,0.0,1,1
5220,759426.0,636447.5,0.0,0.0,1,1
5221,759426.0,636447.5,0.0,0.0,1,1
5222,759426.0,636447.5,0.0,0.0,1,1
5223,759426.0,636447.5,0.0,0.0,1,1
5224,759426.0,636447.5,0.0,0.0,1,1
5225,759426.0,636447.5,0.0,0.0,1,1
5226,759426.0,636447.5,0.0,0.0,1,1
5227,759426.0,636447.5,0.0,0.0,1,1
5228,759426.0,636447.5,0.0,0.0,1,1
5229,759426.0,636447.5,0.0,0.0,1,1
5230,759426.0,636447.5,0.0,0.0,1,1
5231,759426.0,636447.5,0.0,0.0,1,1
5232,759426.0,636447.5,0.0,0.0,1,1
5233,759426.0,636447.5,0.0,0.0,1,1
5234,760384.5,636447.5,0.0,0.0,1,1
5235,760384.5,636447.5,0.0,0.0,1,1
5236,760384.5,636447.5,0.0,0.0,1,1
5237,760384.5,636447.5,0.0,0.0,1,1
5238,760384.5,636447.5,0.0,0.0,1,1
5239,760384.5,636447.5,0.0,0.0,1,1
5240,760384.5,636447.5,0.0,0.0,1,1
5241,760384.5,636447.5,0.0,0.0,1,1
5242,760384.5,636447.5,0.0,0.0,1,1
5243,760384.5,636447.5,0.0,0.0,1,1
5244,760384.5,636447.5,0.0,0.0,1,1
5245,760384.5,636447.5,0.0,0.0,1,1
5246,760384.5,636447.5,0.0,0.0,1,1
5247,760384.5,636447.5,0.0,0.0,1,1
5248,760384.5,636447.5,0.0,0.0,1,1
5249,760384.5,636447.5,0.0,0.0,1,1
5250,760384.5,636447.5,0.0,0.0,1,1
5251,760384.5,636447.5,0.0,0.0,1,1
5252,760384.5,636447.5,0.0,0.0,1,1
5253,760384.5,636447.5,0.0,0.0,1,1
5254,760384.5,636447.5,0.0,0.0,1,1
5255,760384.5,636447.5,0.0,0.0,1,1
5256,760384.5,636447.5,0.0,0.0,1,1
5257,759998.5,636447.5,0.0,0.0,1,1
5258,759998.5,636447.5,0.0,0.0,1,1
5259,759998.5,636447.5,0.0,0.0,1,1
5260,759998.5,636447.5,0.0,0.0,1,1
5261,759909.5,636447.5,0.0,0.0,1,1
5262,759909.5,636447.5,0.0,0.0,1,1
5263,759909.5,636447.5,0.0,0.0,1,1
5264,759909.5,636447.5,0.0,0.0,1,1
5265,759799.0,636447.5,0.0,0.0,1,1
5266,759799.0,636447.5,0.0,0.0,1,1
5267,759799.0,636447.5,0.0,0.0,1,1
5268,759799.0,636447.5,0.0,0.0,1,1
5269,759799.0,636447.5,0.0,0.0,1,1
5270,759799.0,636447.5,0.0,0.0,1,1
5271,759799.0,636447.5,0.0,0.0,1,1
5272,759799.0,636447.5,0.0,0.0,1,1
5273,759799.0,636447.5,0.0,0.0,1,1
5274,759799.0,636447.5,0.0,0.0,1,1
5275,759917.0,636447.5,0.0,0.0,1,1
5276,759917.0,636447.5,0.0,0.0,1,1
5277,759917.0,636447.5,0.0,0.0,1,1
5278,759917.0,636447.5,0.0,0.0,1,1
5279,759917.0,636447.5,0.0,0.0,1,1
5280,760124.0,636447.5,0.0,0.0,1,1
5281,760124.0,636447.5,0.0,0.0,1,1
5282,760124.0,636447.5,0.0,0.0,1,1
5283,760124.0,636447.5,0.0,0.0,1,1
5284,760124.0,636447.5,0.0,0.0,1,1
5285,760124.0,636447.5,0.0,0.0,1,1
5286,760124.0,636447.5,0.0,0.0,1,1
5287,765927.5,636447.5,0.0,0.0,1,1
5288,765927.5,636447.5,0.0,0.0,1,1
5289,765927.5,636447.5,0.0,0.0,1,1
5290,765927.5,636447.5,0.0,0.0,1,1
5291,765927.5,636447.5,0.0,0.0,1,1
5292,767802.5,636447.5,0.0,0.0,1,1
5293,767802.5,636447.5,0.0,0.0,1,1
5294,767802.5,636447.5,0.0,0.0,1,1
5295,767802.5,636447.5,0.0,0.0,1,1
5296,767802.5,636447.5,0.0,0.0,1,1
5297,767802.5,636447.5,0.0,0.0,1,1
5298,767802.5,636447.5,0.0,0.0,1,1
5299,767802.5,636447.5,0.0,0.0,1,1
5300,767802.5,636447.5,0.0,0.0,1,1
5301,767802.5,636447.5,0.0,0.0,1,1
5302,767802.5,636447.5,0.0,0.0,1,1
5303,767802.5,636447.5,0.0,0.0,1,1
5304,767802.5,636447.5,0.0,0.0,1,1
5305,767802.5,636447.5,0.0,0.0,1,1
5306,767802.5,636447.5,0.0,0.0,1,1
5307,767802.5,636447.5,0.0,0.0,1,1
5308,767802.5,636447.5,0.0,0.0,1,1
5309,767802.5,636447.5,0.0,0.0,1,1
5310,767802.5,636447.5,0.0,0.0,1,1
5311,767802.5,636447.5,0.0,0.0,1,1
5312,767802.5,636447.5,0.0,0.0,1,1
5313,767802.5,636447.5,0.0,0.0,1,1
5314,767802.5,636447.5,0.0,0.0,1,1
5315,767802.5,636447.5,0.0,0.0,1,1
5316,767802.5,636447.5,0.0,0.0,1,1
5317,767802.5,636447.5,0.0,0.0,1,1
5318,767802.5,636447.5,0.0,0.0,1,1
5319,767802.5,636447.5,0.0,0.0,1,1
5320,767802.5,636447.5,0.0,0.0,1,1
5321,767802.5,636447.5,0.0,0.0,1,1
5322,767802.5,636447.5,0.0,0.0,1,1
5323,767802.5,636447.5,0.0,0.0,1,1
5324,767802.5,636447.5,0.0,0.0,1,1
5325,767802.5,636447.5,0.0,0.0,1,1
5326,767802.5,636447.5,0.0,0.0,1,1
5327,767802.5,636447.5,0.0,0.0,1,1
5328,767802.5,636447.5,0.0,0.0,1,1
5329,767802.5,636447.5,0.0,0.0,1,1
5330,767802.5,636447.5,0.0,0.0,1,1
5331,767748.0,636447.5,0.0,0.0,1,1
5332,767748.0,636447.5,0.0,0.0,1,1
5333,767748.0,636447.5,0.0,0.0,1,1
5334,767748.0,636447.5,0.0,0.0,1,1
5335,767748.0,636447.5,0.0,0.0,1,1
5336,767748.0,636447.5,0.0,0.0,1,1
5337,767748.0,636447.5,0.0,0.0,1,1
5338,767748.0,636447.5,0.0,0.0,1,1
5339,767748.0,636447.5,0.0,0.0,1,1
5340,767748.0,636447.5,0.0,0.0,1,1
5341,767748.0,636447.5,0.0,0.0,1,1
5342,767748.0,636447.5,0.0,0.0,1,1
5343,767748.0,636447.5,0.0,0.0,1,1
5344,767748.0,636447.5,0.0,0.0,1,1
5345,767699.5,636447.5,0.0,0.0,1,1
5346,767699.5,636447.5,0.0,0.0,1,1
5347,767699.5,636447.5,0.0,0.0,1,1
5348,767661.0,636447.5,0.0,0.0,1,1
5349,767661.0,636447.5,0.0,0.0,1,1
5350,767661.0,636447.5,0.0,0.0,1,1
5351,767661.0,636447.5,0.0,0.0,1,1
5352,767661.0,636447.5,0.0,0.0,1,1
5353,767661.0,636447.5,0.0,0.0,1,1
5354,767661.0,636447.5,0.0,0.0,1,1
5355,767661.0,636447.5,0.0,0.0,1,1
5356,767661.0,636447.5,0.0,0.0,1,1
5357,767661.0,636447.5,0.0,0.0,1,1
5358,767661.0,636447.5,0.0,0.0,1,1
5359,767661.0,636447.5,0.0,0.0,1,1
5360,767661.0,636447.5,0.0,0.0,1,1
5361,767661.0,636447.5,0.0,0.0,1,1
5362,767661.0,636447.5,0.0,0.0,1,1
5363,767661.0,636447.5,0.0,0.0,1,1
5364,767661.0,636447.5,0.0,0.0,1,1
5365,767661.0,636447.5,0.0,0.0,1,1
5366,767661.0,636447.5,0.0,0.0,1,1
5367,767661.0,636447.5,0.0,0.0,1,1
5368,767661.0,636447.5,0.0,0.0,1,1
5369,767661.0,636447.5,0.0,0.0,1,1
5370,767661.0,636447.5,0.0,0.0,1,1
5371,767201.0,636447.5,0.0,0.0,1,1
5372,767201.0,636447.5,0.0,0.0,1,1
5373,767201.0,636447.5,0.0,0.0,1,1
5374,767201.0,636447.5,0.0,0.0,1,1
5375,767201.0,636447.5,0.0,0.0,1,1
5376,767201.0,636447.5,0.0,0.0,1,1
5377,767201.0,636447.5,0.0,0.0,1,1
5378,767201.0,636447.5,0.0,0.0,1,1
5379,767201.0,636447.5,0.0,0.0,1,1
5380,767201.0,636447.5,0.0,0.0,1,1
5381,767201.0,636447.5,0.0,0.0,1,1
5382,767201.0,636447.5,0.0,0.0,1,1
5383,767201.0,636447.5,0.0,0.0,1,1
5384,767201.0,636447.5,0.0,0.0,1,1
5385,767201.0,636447.5,0.0,0.0,1,1
5386,767201.0,636447.5,0.0,0.0,1,1
5387,767201.0,636447.5,0.0,0.0,1,1
5388,767201.0,636447.5,0.0,0.0,1,1
5389,767201.0,636447.5,0.0,0.0,1,1
5390,767201.0,636447.5,0.0,0.0,1,1
5391,767201.0,636447.5,0.0,0.0,1,1
5392,767201.0,636447.5,0.0,0.0,1,1
5393,767201.0,636447.5,0.0,0.0,1,1
5394,767201.0,636447.5,0.0,0.0,1,1
5395,767201.0,636447.5,0.0,0.0,1,1
5396,767201.0,636447.5,0.0,0.0,1,1
5397,767201.0,636447.5,0.0,0.0,1,1
5398,767201.0,636447.5,0.0,0.0,1,1
5399,767201.0,636447.5,0.0,0.0,1,1
5400,767201.0,636447.5,0.0,0.0,1,1
5401,766020.5,636447.5,0.0,0.0,1,1
5402,766020.5,636447.5,0.0,0.0,1,1
5403,766020.5,636447.5,0.0,0.0,1,1
5404,766020.5,636447.5,0.0,0.0,1,1
5405,766020.5,636447.5,0.0,0.0,1,1
5406,766020.5,636447.5,0.0,0.0,1,1
5407,766020.5,636447.5,0.0,0.0,1,1
5408,766020.5,636447.5,0.0,0.0,1,1
5409,766020.5,636447.5,0.0,0.0,1,1
5410,766020.5,636447.5,0.0,0.0,1,1
5411,766020.5,636447.5,0.0,0.0,1,1
5412,766020.5,636447.5,0.0,0.0,1,1
5413,766020.5,636447.5,0.0,0.0,1,1
5414,766020.5,636447.5,0.0,0.0,1,1
5415,766020.5,636447.5,0.0,0.0,1,1
5416,766020.5,636447.5,0.0,0.0,1,1
5417,766020.5,636447.5,0.0,0.0,1,1
5418,766020.5,636447.5,0.0,0.0,1,1
5419,766020.5,636447.5,0.0,0.0,1,1
5420,766020.5,636447.5,0.0,0.0,1,1
5421,766020.5,636447.5,0.0,0.0,1,1
5422,766020.5,636447.5,0.0,0.0,1,1
5423,766020.5,636447.5,0.0,0.0,1,1
5424,766020.5,636447.5,0.0,0.0,1,1
5425,766020.5,636447.5,0.0,0.0,1,1
5426,766020.5,636447.5,0.0,0.0,1,1
5427,766020.5,636447.5,0.0,0.0,1,1
5428,766020.5,636447.5,0.0,0.0,1,1
5429,766020.5,636447.5,0.0,0.0,1,1
5430,765874.5,636447.5,0.0,0.0,1,1
5431,765874.5,636447.5,0.0,0.0,1,1
5432,765874.5,636447.5,0.0,0.0,1,1
5433,765874.5,636447.5,0.0,0.0,1,1
5434,765874.5,636447.5,0.0,0.0,1,1
5435,765874.5,636447.5,0.0,0.0,1,1
5436,765874.5,636447.5,0.0,0.0,1,1
5437,765874.5,636447.5,0.0,0.0,1,1
5438,765874.5,636447.5,0.0,0.0,1,1
5439,765874.5,636447.5,0.0,0.0,1,1
5440,765874.5,636447.5,0.0,0.0,1,1
5441,765874.5,636447.5,0.0,0.0,1,1
5442,765874.5,636447.5,0.0,0.0,1,1
5443,765874.5,636447.5,0.0,0.0,1,1
5444,765874.5,636447.5,0.0,0.0,1,1
5445,765874.5,636447.5,0.0,0.0,1,1
5446,765874.5,636447.5,0.0,0.0,1,1
5447,766474.0,636447.5,0.0,0.0,1,1
5448,766474.0,636447.5,0.0,0.0,1,1
5449,766474.0,636447.5,0.0,0.0,1,1
5450,766474.0,636447.5,0.0,0.0,1,1
5451,766474.0,636447.5,0.0,0.0,1,1
5452,766474.0,636447.5,0.0,0.0,1,1
5453,766474.0,636447.5,0.0,0.0,1,1
5454,766474.0,636447.5,0.0,0.0,1,1
5455,766474.0,636447.5,0.0,0.0,1,1
5456,766474.0,636447.5,0.0,0.0,1,1
5457,766474.0,636447.5,0.0,0.0,1,1
5458,766474.0,636447.5,0.0,0.0,1,1
5459,766474.0,636447.5,0.0,0.0,1,1
5460,766474.0,636447.5,0.0,0.0,1,1
5461,766474.0,636447.5,0.0,0.0,1,1
5462,766474.0,636447.5,0.0,0.0,1,1
5463,766474.0,636447.5,0.0,0.0,1,1
5464,766474.0,636447.5,0.0,0.0,1,1
5465,766474.0,636447.5,0.0,0.0,1,1
5466,766474.0,636447.5,0.0,0.0,1,1
5467,766474.0,636447.5,0.0,0.0,1,1
5468,766474.0,636447.5,0.0,0.0,1,1
5469,766474.0,636447.5,0.0,0.0,1,1
5470,766474.0,636447.5,0.0,0.0,1,1
5471,766474.0,636447.5,0.0,0.0,1,1
5472,766474.0,636447.5,0.0,0.0,1,1
5473,766474.0,636447.5,0.0,0.0,1,1
5474,766474.0,636447.5,0.0,0.0,1,1
5475,766474.0,636447.5,0.0,0.0,1,1
5476,766474.0,636447.5,0.0,0.0,1,1
5477,766474.0,636447.5,0.0,0.0,1,1
5478,766474.0,636447.5,0.0,0.0,1,1
5479,766474.0,636447.5,0.0,0.0,1,1
5480,766474.0,636447.5,0.0,0.0,1,1
5481,766474.0,636447.5,0.0,0.0,1,1
5482,766474.0,636447.5,0.0,0.0,1,1
5483,766474.0,636447.5,0.0,0.0,1,1
5484,766474.0,636447.5,0.0,0.0,1,1
5485,766474.0,636447.5,0.0,0.0,1,1
5486,766474.0,636447.5,0.0,0.0,1,1
5487,766474.0,636447.5,0.0,0.0,1,1
5488,766474.0,636447.5,0.0,0.0,1,1
5489,766474.0,636447.5,0.0,0.0,1,1
5490,766474.0,636447.5,0.0,0.0,1,1
5491,766474.0,636447.5,0.0,0.0,1,1
5492,766474.0,636447.5,0.0,0.0,1,1
5493,766474.0,636447.5,0.0,0.0,1,1
5494,766474.0,636447.5,0.0,0.0,1,1
5495,766474.0,636447.5,0.0,0.0,1,1
5496,766474.0,636447.5,0.0,0.0,1,1
5497,766474.0,636447.5,0.0,0.0,1,1
5498,766474.0,636447.5,0.0,0.0,1,1
5499,766474.0,636447.5,0.0,0.0,1,1
5500,766474.0,636447.5,0.0,0.0,1,1
5501,766474.0,636447.5,0.0,0.0,1,1
5502,766474.0,636447.5,0.0,0.0,1,1
5503,766474.0,636447.5,0.0,0.0,1,1
5504,766474.0,636447.5,0.0,0.0,1,1
5505,766474.0,636447.5,0.0,0.0,1,1
5506,766474.0,636447.5,0.0,0.0,1,1
5507,766474.0,636447.5,0.0,0.0,1,1
5508,766474.0,636447.5,0.0,0.0,1,1
5509,766617.5,636447.5,0.0,0.0,1,1
5510,766617.5,636447.5,0.0,0.0,1,1
5511,766617.5,636447.5,0.0,0.0,1,1
5512,766617.5,636447.5,0.0,0.0,1,1
5513,766617.5,636447.5,0.0,0.0,1,1
5514,766617.5,636447.5,0.0,0.0,1,1
5515,766617.5,636447.5,0.0,0.0,1,1
5516,766617.5,636447.5,0.0,0.0,1,1
5517,766617.5,636447.5,0.0,0.0,1,1
5518,766617.5,636447.5,0.0,0.0,1,1
5519,766617.5,636447.5,0.0,0.0,1,1
5520,766617.5,636447.5,0.0,0.0,1,1
5521,766617.5,636447.5,0.0,0.0,1,1
5522,766617.5,636447.5,0.0,0.0,1,1
5523,766617.5,636447.5,0.0,0.0,1,1
5524,766617.5,636447.5,0.0,0.0,1,1
5525,766617.5,636447.5,0.0,0.0,1,1
5526,766617.5,636447.5,0.0,0.0,1,1
5527,766617.5,636447.5,0.0,0.0,1,1
5528,766617.5,636447.5,0.0,0.0,1,1
5529,769549.0,636447.5,0.0,0.0,1,1
5530,769549.0,636447.5,0.0,0.0,1,1
5531,769549.0,636447.5,0.0,0.0,1,1
5532,769549.0,636447.5,0.0,0.0,1,1
5533,770264.5,636447.5,0.0,0.0,1,1
5534,770264.5,636447.5,0.0,0.0,1,1
5535,770264.5,636447.5,0.0,0.0,1,1
5536,770264.5,636447.5,0.0,0.0,1,1
5537,770264.5,636447.5,0.0,0.0,1,1
5538,770264.5,636447.5,0.0,0.0,1,1
5539,770264.5,636447.5,0.0,0.0,1,1
5540,770264.5,636447.5,0.0,0.0,1,1
5541,770264.5,636447.5,0.0,0.0,1,1
5542,770264.5,636447.5,0.0,0.0,1,1
5543,770264.5,636447.5,0.0,0.0,1,1
5544,770264.5,636447.5,0.0,0.0,1,1
5545,770264.5,636447.5,0.0,0.0,1,1
5546,770219.5,636447.5,0.0,0.0,1,1
5547,770219.5,636447.5,0.0,0.0,1,1
5548,770219.5,636447.5,0.0,0.0,1,1
5549,770219.5,636447.5,0.0,0.0,1,1
5550,770219.5,636447.5,0.0,0.0,1,1
5551,770219.5,636447.5,0.0,0.0,1,1
5552,770219.5,636447.5,0.0,0.0,1,1
5553,770219.5,636447.5,0.0,0.0,1,1
5554,770219.5,636447.5,0.0,0.0,1,1
5555,770219.5,636447.5,0.0,0.0,1,1
5556,770219.5,636447.5,0.0,0.0,1,1
5557,770219.5,636447.5,0.0,0.0,1,1
5558,769856.0,636447.5,0.0,0.0,1,1
5559,769856.0,636447.5,0.0,0.0,1,1
5560,769856.0,636447.5,0.0,0.0,1,1
5561,769856.0,636447.5,0.0,0.0,1,1
5562,769856.0,636447.5,0.0,0.0,1,1
5563,769864.5,636447.5,0.0,0.0,1,1
5564,769864.5,636447.5,0.0,0.0,1,1
5565,769864.5,636447.5,0.0,0.0,1,1
5566,769864.5,636447.5,0.0,0.0,1,1
5567,769864.5,636447.5,0.0,0.0,1,1
5568,769864.5,636447.5,0.0,0.0,1,1
5569,769908.5,636447.5,0.0,0.0,1,1
5570,769882.0,636447.5,0.0,0.0,1,1
5571,769882.0,636447.5,0.0,0.0,1,1
5572,769882.0,636447.5,0.0,0.0,1,1
5573,769882.0,636447.5,0.0,0.0,1,1
5574,769882.0,636447.5,0.0,0.0,1,1
5575,769882.0,636447.5,0.0,0.0,1,1
5576,769882.0,636447.5,0.0,0.0,1,1
5577,769882.0,636447.5,0.0,0.0,1,1
5578,769882.0,636447.5,0.0,0.0,1,1
5579,769882.0,636447.5,0.0,0.0,1,1
5580,769882.0,636447.5,0.0,0.0,1,1
5581,769882.0,636447.5,0.0,0.0,1,1
5582,769882.0,636447.5,0.0,0.0,1,1
5583,769882.0,636447.5,0.0,0.0,1,1
5584,766304.0,636447.5,0.0,0.0,1,1
5585,766304.0,636447.5,0.0,0.0,1,1
5586,766304.0,636447.5,0.0,0.0,1,1
5587,766304.0,636447.5,0.0,0.0,1,1
5588,766304.0,636447.5,0.0,0.0,1,1
5589,766304.0,636447.5,0.0,0.0,1,1
5590,766304.0,636447.5,0.0,0.0,1,1
5591,766304.0,636447.5,0.0,0.0,1,1
5592,766304.0,636447.5,0.0,0.0,1,1
5593,766304.0,636447.5,0.0,0.0,1,1
5594,766304.0,636447.5,0.0,0.0,1,1
5595,766291.0,636447.5,0.0,0.0,1,1
5596,766291.0,636447.5,0.0,0.0,1,1
5597,766291.0,636447.5,0.0,0.0,1,1
5598,766291.0,636447.5,0.0,0.0,1,1
5599,766291.0,636447.5,0.0,0.0,1,1
5600,766291.0,636447.5,0.0,0.0,1,1
5601,766291.0,636447.5,0.0,0.0,1,1
5602,766291.0,636447.5,0.0,0.0,1,1
5603,766291.0,636447.5,0.0,0.0,1,1
5604,766291.0,636447.5,0.0,0.0,1,1
5605,766291.0,636447.5,0.0,0.0,1,1
5606,766291.0,636447.5,0.0,0.0,1,1
5607,766291.0,636447.5,0.0,0.0,1,1
5608,766291.0,636447.5,0.0,0.0,1,1
5609,766291.0,636447.5,0.0,0.0,1,1
5610,766291.0,636447.5,0.0,0.0,1,1
5611,766291.0,636447.5,0.0,0.0,1,1
5612,766291.0,636447.5,0.0,0.0,1,1
5613,766291.0,636447.5,0.0,0.0,1,1
5614,766291.0,636447.5,0.0,0.0,1,1
5615,766291.0,636447.5,0.0,0.0,1,1
5616,766291.0,636447.5,0.0,0.0,1,1
5617,766291.0,636447.5,0.0,0.0,1,1
5618,766782.5,636447.5,0.0,0.0,1,1
5619,766782.5,636447.5,0.0,0.0,1,1
5620,766782.5,636447.5,0.0,0.0,1,1
5621,766782.5,636447.5,0.0,0.0,1,1
5622,766782.5,636447.5,0.0,0.0,1,1
5623,766782.5,636447.5,0.0,0.0,1,1
5624,766782.5,636447.5,0.0,0.0,1,1
5625,766782.5,636447.5,0.0,0.0,1,1
5626,766782.5,636447.5,0.0,0.0,1,1
5627,766782.5,636447.5,0.0,0.0,1,1
5628,766782.5,636447.5,0.0,0.0,1,1
5629,766782.5,636447.5,0.0,0.0,1,1
5630,767131.5,636447.5,0.0,0.0,1,1
5631,767131.5,636447.5,0.0,0.0,1,1
5632,767131.5,636447.5,0.0,0.0,1,1
5633,767131.5,636447.5,0.0,0.0,1,1
5634,767131.5,636447.5,0.0,0.0,1,1
5635,767131.5,636447.5,0.0,0.0,1,1
5636,767131.5,636447.5,0.0,0.0,1,1
5637,767131.5,636447.5,0.0,0.0,1,1
5638,767131.5,636447.5,0.0,0.0,1,1
5639,767131.5,636447.5,0.0,0.0,1,1
5640,767131.5,636447.5,0.0,0.0,1,1
5641,767131.5,636447.5,0.0,0.0,1,1
5642,767131.5,636447.5,0.0,0.0,1,1
5643,767131.5,636447.5,0.0,0.0,1,1
5644,767131.5,636447.5,0.0,0.0,1,1
5645,767131.5,636447.5,0.0,0.0,1,1
5646,767131.5,636447.5,0.0,0.0,1,1
5647,767131.5,636447.5,0.0,0.0,1,1
5648,767131.5,636447.5,0.0,0.0,1,1
5649,767131.5,636447.5,0.0,0.0,1,1
5650,767131.5,636447.5,0.0,0.0,1,1
5651,767131.5,636447.5,0.0,0.0,1,1
5652,767131.5,636447.5,0.0,0.0,1,1
5653,767131.5,636447.5,0.0,0.0,1,1
5654,767131.5,636447.5,0.0,0.0,1,1
5655,767131.5,636447.5,0.0,0.0,1,1
5656,767131.5,636447.5,0.0,0.0,1,1
5657,767131.5,636447.5,0.0,0.0,1,1
5658,767131.5,636447.5,0.0,0.0,1,1
5659,767131.5,636447.5,0.0,0.0,1,1
5660,767131.5,636447.5,0.0,0.0,1,1
5661,767253.0,636447.5,0.0,0.0,1,1
5662,767253.0,636447.5,0.0,0.0,1,1
5663,767253.0,636447.5,0.0,0.0,1,1
5664,767253.0,636447.5,0.0,0.0,1,1
5665,767253.0,636447.5,0.0,0.0,1,1
5666,767022.5,636447.5,0.0,0.0,1,1
5667,767022.5,636447.5,0.0,0.0,1,1
5668,767022.5,636447.5,0.0,0.0,1,1
5669,767022.5,636447.5,0.0,0.0,1,1
5670,767022.5,636447.5,0.0,0.0,1,1
5671,767022.5,636447.5,0.0,0.0,1,1
5672,767022.5,636447.5,0.0,0.0,1,1
5673,767022.5,636447.5,0.0,0.0,1,1
5674,767022.5,636447.5,0.0,0.0,1,1
5675,767022.5,636447.5,0.0,0.0,1,1
5676,767022.5,636447.5,0.0,0.0,1,1
5677,767022.5,636447.5,0.0,0.0,1,1
5678,767022.5,636447.5,0.0,0.0,1,1
5679,766449.0,636447.5,0.0,0.0,1,1
5680,766449.0,636447.5,0.0,0.0,1,1
5681,766449.0,636447.5,0.0,0.0,1,1
5682,766449.0,636447.5,0.0,0.0,1,1
5683,766449.0,636447.5,0.0,0.0,1,1
5684,766449.0,636447.5,0.0,0.0,1,1
5685,766449.0,636447.5,0.0,0.0,1,1
5686,766449.0,636447.5,0.0,0.0,1,1
5687,766449.0,636447.5,0.0,0.0,1,1
5688,766449.0,636447.5,0.0,0.0,1,1
5689,766449.0,636447.5,0.0,0.0,1,1
5690,766449.0,636447.5,0.0,0.0,1,1
5691,766449.0,636447.5,0.0,0.0,1,1
5692,766449.0,636447.5,0.0,0.0,1,1
5693,766449.0,636447.5,0.0,0.0,1,1
5694,766987.0,636447.5,0.0,0.0,1,1
5695,766855.0,636447.5,0.0,0.0,1,1
5696,766855.0,636447.5,0.0,0.0,1,1
5697,766855.0,636447.5,0.0,0.0,1,1
5698,766855.0,636447.5,0.0,0.0,1,1
5699,766855.0,636447.5,0.0,0.0,1,1
5700,767010.0,636447.5,0.0,0.0,1,1
5701,767010.0,636447.5,0.0,0.0,1,1
5702,767010.0,636447.5,0.0,0.0,1,1
5703,767010.0,636447.5,0.0,0.0,1,1
5704,767010.0,636447.5,0.0,0.0,1,1
5705,768255.5,636447.5,0.0,0.0,1,1
5706,768255.5,636447.5,0.0,0.0,1,1
5707,768255.5,636447.5,0.0,0.0,1,1
5708,768255.5,636447.5,0.0,0.0,1,1
5709,768255.5,636447.5,0.0,0.0,1,1
5710,768255.5,636447.5,0.0,0.0,1,1
5711,768255.5,636447.5,0.0,0.0,1,1
5712,768255.5,636447.5,0.0,0.0,1,1
5713,768255.5,636447.5,0.0,0.0,1,1
5714,768255.5,636447.5,0.0,0.0,1,1
5715,768227.0,636447.5,0.0,0.0,1,1
5716,768257.0,636447.5,0.0,0.0,1,1
5717,768257.0,636447.5,0.0,0.0,1,1
5718,768257.0,636447.5,0.0,0.0,1,1
5719,768257.0,636447.5,0.0,0.0,1,1
5720,768257.0,636447.5,0.0,0.0,1,1
5721,768257.0,636447.5,0.0,0.0,1,1
5722,768257.0,636447.5,0.0,0.0,1,1
5723,768257.0,636447.5,0.0,0.0,1,1
5724,768257.0,636447.5,0.0,0.0,1,1
5725,768257.0,636447.5,0.0,0.0,1,1
5726,768257.0,636447.5,0.0,0.0,1,1
5727,768257.0,636447.5,0.0,0.0,1,1
5728,768257.0,636447.5,0.0,0.0,1,1
5729,768257.0,636447.5,0.0,0.0,1,1
5730,768214.0,636447.5,0.0,0.0,1,1
5731,768214.0,636447.5,0.0,0.0,1,1
5732,768214.0,636447.5,0.0,0.0,1,1
5733,768214.0,636447.5,0.0,0.0,1,1
5734,768214.0,636447.5,0.0,0.0,1,1
5735,768185.0,636447.5,0.0,0.0,1,1
5736,768185.0,636447.5,0.0,0.0,1,1
5737,768104.0,636447.5,0.0,0.0,1,1
5738,768104.0,636447.5,0.0,0.0,1,1
5739,768104.0,636447.5,0.0,0.0,1,1
5740,767590.5,636447.5,0.0,0.0,1,1
5741,767590.5,636447.5,0.0,0.0,1,1
5742,767590.5,636447.5,0.0,0.0,1,1
5743,767590.5,636447.5,0.0,0.0,1,1
5744,767590.5,636447.5,0.0,0.0,1,1
5745,767590.5,636447.5,0.0,0.0,1,1
5746,767590.5,636447.5,0.0,0.0,1,1
5747,767590.5,636447.5,0.0,0.0,1,1
5748,767590.5,636447.5,0.0,0.0,1,1
5749,767590.5,636447.5,0.0,0.0,1,1
5750,767590.5,636447.5,0.0,0.0,1,1
5751,767590.5,636447.5,0.0,0.0,1,1
5752,767590.5,636447.5,0.0,0.0,1,1
5753,767590.5,636447.5,0.0,0.0,1,1
5754,767590.5,636447.5,0.0,0.0,1,1
5755,767590.5,636447.5,0.0,0.0,1,1
5756,767590.5,636447.5,0.0,0.0,1,1
5757,767590.5,636447.5,0.0,0.0,1,1
5758,767590.5,636447.5,0.0,0.0,1,1
5759,767590.5,636447.5,0.0,0.0,1,1
5760,767590.5,636447.5,0.0,0.0,1,1
5761,767590.5,636447.5,0.0,0.0,1,1
5762,767590.5,636447.5,0.0,0.0,1,1
5763,767590.5,636447.5,0.0,0.0,1,1
5764,767590.5,636447.5,0.0,0.0,1,1
5765,767590.5,636447.5,0.0,0.0,1,1
5766,767590.5,636447.5,0.0,0.0,1,1
5767,767590.5,636447.5,0.0,0.0,1,1
5768,767590.5,636447.5,0.0,0.0,1,1
5769,769571.0,636447.5,0.0,0.0,1,1
5770,769571.0,636447.5,0.0,0.0,1,1
5771,770630.5,636447.5,0.0,0.0,1,1
5772,770630.5,636447.5,0.0,0.0,1,1
5773,770630.5,636447.5,0.0,0.0,1,1
5774,770630.5,636447.5,0.0,0.0,1,1
5775,770630.5,636447.5,0.0,0.0,1,1
5776,770630.5,636447.5,0.0,0.0,1,1
5777,770630.5,636447.5,0.0,0.0,1,1
5778,770630.5,636447.5,0.0,0.0,1,1
5779,770718.5,636447.5,0.0,0.0,1,1
5780,770718.5,636447.5,0.0,0.0,1,1
5781,770718.5,636447.5,0.0,0.0,1,1
5782,770718.5,636447.5,0.0,0.0,1,1
5783,770718.5,636447.5,0.0,0.0,1,1
5784,770718.5,636447.5,0.0,0.0,1,1
5785,770718.5,636447.5,0.0,0.0,1,1
5786,770520.0,636447.5,0.0,0.0,1,1
5787,770520.0,636447.5,0.0,0.0,1,1
5788,770520.0,636447.5,0.0,0.0,1,1
5789,770520.0,636447.5,0.0,0.0,1,1
5790,770520.0,636447.5,0.0,0.0,1,1
5791,770520.0,636447.5,0.0,0.0,1,1
5792,770520.0,636447.5,0.0,0.0,1,1
5793,770520.0,636447.5,0.0,0.0,1,1
5794,770520.0,636447.5,0.0,0.0,1,1
5795,770520.0,636447.5,0.0,0.0,1,1
5796,770520.0,636447.5,0.0,0.0,1,1
5797,770520.0,636447.5,0.0,0.0,1,1
5798,770785.0,636447.5,0.0,0.0,1,1
5799,770785.0,636447.5,0.0,0.0,1,1
5800,770785.0,636447.5,0.0,0.0,1,1
5801,770770.5,636447.5,0.0,0.0,1,1
5802,770770.5,636447.5,0.0,0.0,1,1
5803,770770.5,636447.5,0.0,0.0,1,1
5804,770770.5,636447.5,0.0,0.0,1,1
5805,770770.5,636447.5,0.0,0.0,1,1
5806,770770.5,636447.5,0.0,0.0,1,1
5807,770770.5,636447.5,0.0,0.0,1,1
5808,770770.5,636447.5,0.0,0.0,1,1
5809,770770.5,636447.5,0.0,0.0,1,1
5810,770770.5,636447.5,0.0,0.0,1,1
5811,770770.5,636447.5,0.0,0.0,1,1
5812,770770.5,636447.5,0.0,0.0,1,1
5813,770770.5,636447.5,0.0,0.0,1,1
5814,770770.5,636447.5,0.0,0.0,1,1
5815,770770.5,636447.5,0.0,0.0,1,1
5816,770770.5,636447.5,0.0,0.0,1,1
5817,770770.5,636447.5,0.0,0.0,1,1
5818,770770.5,636447.5,0.0,0.0,1,1
5819,770770.5,636447.5,0.0,0.0,1,1
5820,770770.5,636447.5,0.0,0.0,1,1
5821,770770.5,636447.5,0.0,0.0,1,1
5822,770770.5,636447.5,0.0,0.0,1,1
5823,770770.5,636447.5,0.0,0.0,1,1
5824,770770.5,636447.5,0.0,0.0,1,1
5825,770770.5,636447.5,0.0,0.0,1,1
5826,770770.5,636447.5,0.0,0.0,1,1
5827,770770.5,636447.5,0.0,0.0,1,1
5828,770770.5,636447.5,0.0,0.0,1,1
5829,770770.5,636447.5,0.0,0.0,1,1
5830,770770.5,636447.5,0.0,0.0,1,1
5831,770770.5,636447.5,0.0,0.0,1,1
5832,771343.0,636447.5,0.0,0.0,1,1
5833,771343.0,636447.5,0.0,0.0,1,1
5834,771343.0,636447.5,0.0,0.0,1,1
5835,771343.0,636447.5,0.0,0.0,1,1
5836,771343.0,636447.5,0.0,0.0,1,1
5837,771343.0,636447.5,0.0,0.0,1,1
5838,771343.0,636447.5,0.0,0.0,1,1
5839,771343.0,636447.5,0.0,0.0,1,1
5840,771343.0,636447.5,0.0,0.0,1,1
5841,771343.0,636447.5,0.0,0.0,1,1
5842,771343.0,636447.5,0.0,0.0,1,1
5843,771343.0,636447.5,0.0,0.0,1,1
5844,771343.0,636447.5,0.0,0.0,1,1
5845,771343.0,636447.5,0.0,0.0,1,1
5846,771343.0,636447.5,0.0,0.0,1,1
5847,771343.0,636447.5,0.0,0.0,1,1
5848,771343.0,636447.5,0.0,0.0,1,1
5849,771343.0,636447.5,0.0,0.0,1,1
5850,771343.0,636447.5,0.0,0.0,1,1
5851,771343.0,636447.5,0.0,0.0,1,1
5852,771343.0,636447.5,0.0,0.0,1,1
5853,771343.0,636447.5,0.0,0.0,1,1
5854,771343.0,636447.5,0.0,0.0,1,1
5855,771343.0,636447.5,0.0,0.0,1,1
5856,771343.0,636447.5,0.0,0.0,1,1
5857,771343.0,636447.5,0.0,0.0,1,1
5858,771343.0,636447.5,0.0,0.0,1,1
5859,771343.0,636447.5,0.0,0.0,1,1
5860,771343.0,636447.5,0.0,0.0,1,1
5861,771343.0,636447.5,0.0,0.0,1,1
5862,771343.0,636447.5,0.0,0.0,1,1
5863,771343.0,636447.5,0.0,0.0,1,1
5864,771343.0,636447.5,0.0,0.0,1,1
5865,771343.0,636447.5,0.0,0.0,1,1
5866,771343.0,636447.5,0.0,0.0,1,1
5867,771343.0,636447.5,0.0,0.0,1,1
5868,771343.0,636447.5,0.0,0.0,1,1
5869,771343.0,636447.5,0.0,0.0,1,1
5870,771343.0,636447.5,0.0,0.0,1,1
5871,771343.0,636447.5,0.0,0.0,1,1
5872,771343.0,636447.5,0.0,0.0,1,1
5873,771343.0,636447.5,0.0,0.0,1,1
5874,771343.0,636447.5,0.0,0.0,1,1
5875,771343.0,636447.5,0.0,0.0,1,1
5876,771343.0,636447.5,0.0,0.0,1,1
5877,771343.0,636447.5,0.0,0.0,1,1
5878,771343.0,636447.5,0.0,0.0,1,1
5879,771252.5,636447.5,0.0,0.0,1,1
5880,771252.5,636447.5,0.0,0.0,1,1
5881,771252.5,636447.5,0.0,0.0,1,1
5882,771252.5,636447.5,0.0,0.0,1,1
5883,771252.5,636447.5,0.0,0.0,1,1
5884,771252.5,636447.5,0.0,0.0,1,1
5885,768879.0,636447.5,0.0,0.0,1,1
5886,768879.0,636447.5,0.0,0.0,1,1
5887,768879.0,636447.5,0.0,0.0,1,1
5888,768879.0,636447.5,0.0,0.0,1,1
5889,768879.0,636447.5,0.0,0.0,1,1
5890,768879.0,636447.5,0.0,0.0,1,1
5891,768879.0,636447.5,0.0,0.0,1,1
5892,768879.0,636447.5,0.0,0.0,1,1
5893,768948.0,636447.5,0.0,0.0,1,1
5894,768737.0,636447.5,0.0,0.0,1,1
5895,768652.0,636447.5,0.0,0.0,1,1
5896,768652.0,636447.5,0.0,0.0,1,1
5897,768652.0,636447.5,0.0,0.0,1,1
5898,768652.0,636447.5,0.0,0.0,1,1
5899,768652.0,636447.5,0.0,0.0,1,1
5900,768652.0,636447.5,0.0,0.0,1,1
5901,768652.0,636447.5,0.0,0.0,1,1
5902,768652.0,636447.5,0.0,0.0,1,1
5903,768652.0,636447.5,0.0,0.0,1,1
5904,768652.0,636447.5,0.0,0.0,1,1
5905,768652.0,636447.5,0.0,0.0,1,1
5906,768652.0,636447.5,0.0,0.0,1,1
5907,768565.0,636447.5,0.0,0.0,1,1
5908,768565.0,636447.5,0.0,0.0,1,1
5909,768693.5,636447.5,0.0,0.0,1,1
5910,768693.5,636447.5,0.0,0.0,1,1
5911,768693.5,636447.5,0.0,0.0,1,1
5912,768693.5,636447.5,0.0,0.0,1,1
5913,768693.5,636447.5,0.0,0.0,1,1
5914,768693.5,636447.5,0.0,0.0,1,1
5915,768693.5,636447.5,0.0,0.0,1,1
5916,768693.5,636447.5,0.0,0.0,1,1
5917,768693.5,636447.5,0.0,0.0,1,1
5918,768693.5,636447.5,0.0,0.0,1,1
5919,768693.5,636447.5,0.0,0.0,1,1
5920,768693.5,636447.5,0.0,0.0,1,1
5921,768693.5,636447.5,0.0,0.0,1,1
5922,768693.5,636447.5,0.0,0.0,1,1
5923,768693.5,636447.5,0.0,0.0,1,1
5924,768693.5,636447.5,0.0,0.0,1,1
5925,768693.5,636447.5,0.0,0.0,1,1
5926,768693.5,636447.5,0.0,0.0,1,1
5927,768886.5,636447.5,0.0,0.0,1,1
5928,768886.5,636447.5,0.0,0.0,1,1
5929,768886.5,636447.5,0.0,0.0,1,1
5930,768886.5,636447.5,0.0,0.0,1,1
5931,768886.5,636447.5,0.0,0.0,1,1
5932,768690.0,636447.5,0.0,0.0,1,1
5933,768690.0,636447.5,0.0,0.0,1,1
5934,768690.0,636447.5,0.0,0.0,1,1
5935,768690.0,636447.5,0.0,0.0,1,1
5936,768690.0,636447.5,0.0,0.0,1,1
5937,768690.0,636447.5,0.0,0.0,1,1
5938,768690.0,636447.5,0.0,0.0,1,1
5939,768690.0,636447.5,0.0,0.0,1,1
5940,768690.0,636447.5,0.0,0.0,1,1
5941,768690.0,636447.5,0.0,0.0,1,1
5942,768690.0,636447.5,0.0,0.0,1,1
5943,768690.0,636447.5,0.0,0.0,1,1
5944,768690.0,636447.5,0.0,0.0,1,1
5945,768690.0,636447.5,0.0,0.0,1,1
5946,768690.0,636447.5,0.0,0.0,1,1
5947,768690.0,636447.5,0.0,0.0,1,1
5948,768690.0,636447.5,0.0,0.0,1,1
5949,768690.0,636447.5,0.0,0.0,1,1
5950,768690.0,636447.5,0.0,0.0,1,1
5951,768111.5,636447.5,0.0,0.0,1,1
5952,768111.5,636447.5,0.0,0.0,1,1
5953,768111.5,636447.5,0.0,0.0,1,1
5954,768111.5,636447.5,0.0,0.0,1,1
5955,768111.5,636447.5,0.0,0.0,1,1
5956,768111.5,636447.5,0.0,0.0,1,1
5957,768111.5,636447.5,0.0,0.0,1,1
5958,768111.5,636447.5,0.0,0.0,1,1
5959,768081.0,636447.5,0.0,0.0,1,1
5960,768081.0,636447.5,0.0,0.0,1,1
5961,768081.0,636447.5,0.0,0.0,1,1
5962,768081.0,636447.5,0.0,0.0,1,1
5963,768081.0,636447.5,0.0,0.0,1,1
5964,768081.0,636447.5,0.0,0.0,1,1
5965,768184.0,636447.5,0.0,0.0,1,1
5966,768184.0,636447.5,0.0,0.0,1,1
5967,768184.0,636447.5,0.0,0.0,1,1
5968,768184.0,636447.5,0.0,0.0,1,1
5969,768184.0,636447.5,0.0,0.0,1,1
5970,768184.0,636447.5,0.0,0.0,1,1
5971,768184.0,636447.5,0.0,0.0,1,1
5972,768184.0,636447.5,0.0,0.0,1,1
5973,768184.0,636447.5,0.0,0.0,1,1
5974,768184.0,636447.5,0.0,0.0,1,1
5975,768184.0,636447.5,0.0,0.0,1,1
5976,768184.0,636447.5,0.0,0.0,1,1
5977,768184.0,636447.5,0.0,0.0,1,1
5978,768184.0,636447.5,0.0,0.0,1,1
5979,768184.0,636447.5,0.0,0.0,1,1
5980,768239.5,636447.5,0.0,0.0,1,1
5981,768239.5,636447.5,0.0,0.0,1,1
5982,768239.5,636447.5,0.0,0.0,1,1
5983,768239.5,636447.5,0.0,0.0,1,1
5984,767444.5,636447.5,0.0,0.0,1,1
5985,767444.5,636447.5,0.0,0.0,1,1
5986,767444.5,636447.5,0.0,0.0,1,1
5987,767444.5,636447.5,0.0,0.0,1,1
5988,767444.5,636447.5,0.0,0.0,1,1
5989,767444.5,636447.5,0.0,0.0,1,1
5990,767444.5,636447.5,0.0,0.0,1,1
5991,767444.5,636447.5,0.0,0.0,1,1
5992,767444.5,636447.5,0.0,0.0,1,1
5993,767444.5,636447.5,0.0,0.0,1,1
5994,767444.5,636447.5,0.0,0.0,1,1
5995,767444.5,636447.5,0.0,0.0,1,1
5996,767444.5,636447.5,0.0,0.0,1,1
5997,767444.5,636447.5,0.0,0.0,1,1
5998,767444.5,636447.5,0.0,0.0,1,1
5999,767444.5,636447.5,0.0,0.0,1,1
6000,767444.5,636447.5,0.0,0.0,1,1
6001,767444.5,636447.5,0.0,0.0,1,1
6002,767444.5,636447.5,0.0,0.0,1,1
6003,767444.5,636447.5,0.0,0.0,1,1
6004,767444.5,636447.5,0.0,0.0,1,1
6005,767444.5,636447.5,0.0,0.0,1,1
6006,767444.5,636447.5,0.0,0.0,1,1
6007,767444.5,636447.5,0.0,0.0,1,1
6008,767444.5,636447.5,0.0,0.0,1,1
6009,767444.5,636447.5,0.0,0.0,1,1
6010,767444.5,636447.5,0.0,0.0,1,1
6011,767444.5,636447.5,0.0,0.0,1,1
6012,767444.5,636447.5,0.0,0.0,1,1
6013,767444.5,636447.5,0.0,0.0,1,1
6014,767444.5,636447.5,0.0,0.0,1,1
6015,767444.5,636447.5,0.0,0.0,1,1
6016,767444.5,636447.5,0.0,0.0,1,1
6017,767444.5,636447.5,0.0,0.0,1,1
6018,767229.5,636447.5,0.0,0.0,1,1
6019,767229.5,636447.5,0.0,0.0,1,1
6020,767229.5,636447.5,0.0,0.0,1,1
6021,767229.5,636447.5,0.0,0.0,1,1
6022,767229.5,636447.5,0.0,0.0,1,1
6023,767229.5,636447.5,0.0,0.0,1,1
6024,767229.5,636447.5,0.0,0.0,1,1
6025,767229.5,636447.5,0.0,0.0,1,1
6026,767229.5,636447.5,0.0,0.0,1,1
6027,767229.5,636447.5,0.0,0.0,1,1
6028,767229.5,636447.5,0.0,0.0,1,1
6029,767229.5,636447.5,0.0,0.0,1,1
6030,767229.5,636447.5,0.0,0.0,1,1
6031,767229.5,636447.5,0.0,0.0,1,1
6032,767229.5,636447.5,0.0,0.0,1,1
6033,767229.5,636447.5,0.0,0.0,1,1
6034,767229.5,636447.5,0.0,0.0,1,1
6035,767229.5,636447.5,0.0,0.0,1,1
6036,767229.5,636447.5,0.0,0.0,1,1
6037,767229.5,636447.5,0.0,0.0,1,1
6038,767229.5,636447.5,0.0,0.0,1,1
6039,767229.5,636447.5,0.0,0.0,1,1
6040,767109.0,636447.5,0.0,0.0,1,1
6041,767109.0,636447.5,0.0,0.0,1,1
6042,767109.0,636447.5,0.0,0.0,1,1
6043,767109.0,636447.5,0.0,0.0,1,1
6044,767109.0,636447.5,0.0,0.0,1,1
6045,767109.0,636447.5,0.0,0.0,1,1
6046,767109.0,636447.5,0.0,0.0,1,1
6047,767109.0,636447.5,0.0,0.0,1,1
6048,767109.0,636447.5,0.0,0.0,1,1
6049,767109.0,636447.5,0.0,0.0,1,1
6050,767229.5,636447.5,0.0,0.0,1,1
6051,767229.5,636447.5,0.0,0.0,1,1
6052,767229.5,636447.5,0.0,0.0,1,1
6053,767229.5,636447.5,0.0,0.0,1,1
6054,767229.5,636447.5,0.0,0.0,1,1
6055,767229.5,636447.5,0.0,0.0,1,1
6056,767229.5,636447.5,0.0,0.0,1,1
6057,767229.5,636447.5,0.0,0.0,1,1
6058,767229.5,636447.5,0.0,0.0,1,1
6059,767229.5,636447.5,0.0,0.0,1,1
6060,767229.5,636447.5,0.0,0.0,1,1
6061,767229.5,636447.5,0.0,0.0,1,1
6062,767229.5,636447.5,0.0,0.0,1,1
6063,767229.5,636447.5,0.0,0.0,1,1
6064,767229.5,636447.5,0.0,0.0,1,1
6065,767229.5,636447.5,0.0,0.0,1,1
6066,767229.5,636447.5,0.0,0.0,1,1
6067,767229.5,636447.5,0.0,0.0,1,1
6068,767229.5,636447.5,0.0,0.0,1,1
6069,767229.5,636447.5,0.0,0.0,1,1
6070,767229.5,636447.5,0.0,0.0,1,1
6071,767229.5,636447.5,0.0,0.0,1,1
6072,767229.5,636447.5,0.0,0.0,1,1
6073,767229.5,636447.5,0.0,0.0,1,1
6074,767229.5,636447.5,0.0,0.0,1,1
6075,767229.5,636447.5,0.0,0.0,1,1
6076,767229.5,636447.5,0.0,0.0,1,1
6077,767229.5,636447.5,0.0,0.0,1,1
6078,767229.5,636447.5,0.0,0.0,1,1
6079,767229.5,636447.5,0.0,0.0,1,1
6080,767229.5,636447.5,0.0,0.0,1,1
6081,767229.5,636447.5,0.0,0.0,1,1
6082,767229.5,636447.5,0.0,0.0,1,1
6083,767229.5,636447.5,0.0,0.0,1,1
6084,767229.5,636447.5,0.0,0.0,1,1
6085,767229.5,636447.5,0.0,0.0,1,1
6086,767229.5,636447.5,0.0,0.0,1,1
6087,767211.5,636447.5,0.0,0.0,1,1
6088,767211.5,636447.5,0.0,0.0,1,1
6089,767211.5,636447.5,0.0,0.0,1,1
6090,767211.5,636447.5,0.0,0.0,1,1
6091,767211.5,636447.5,0.0,0.0,1,1
6092,767211.5,636447.5,0.0,0.0,1,1
6093,767211.5,636447.5,0.0,0.0,1,1
6094,767211.5,636447.5,0.0,0.0,1,1
6095,767211.5,636447.5,0.0,0.0,1,1
6096,767211.5,636447.5,0.0,0.0,1,1
6097,767211.5,636447.5,0.0,0.0,1,1
6098,767211.5,636447.5,0.0,0.0,1,1
6099,767211.5,636447.5,0.0,0.0,1,1
6100,767211.5,636447.5,0.0,0.0,1,1
6101,767211.5,636447.5,0.0,0.0,1,1
6102,767211.5,636447.5,0.0,0.0,1,1
6103,767211.5,636447.5,0.0,0.0,1,1
6104,767211.5,636447.5,0.0,0.0,1,1
6105,767211.5,636447.5,0.0,0.0,1,1
6106,767211.5,636447.5,0.0,0.0,1,1
6107,767211.5,636447.5,0.0,0.0,1,1
6108,767211.5,636447.5,0.0,0.0,1,1
6109,767211.5,636447.5,0.0,0.0,1,1
6110,767211.5,636447.5,0.0,0.0,1,1
6111,767211.5,636447.5,0.0,0.0,1,1
6112,767305.5,636447.5,0.0,0.0,1,1
6113,767305.5,636447.5,0.0,0.0,1,1
6114,767305.5,636447.5,0.0,0.0,1,1
6115,767305.5,636447.5,0.0,0.0,1,1
6116,767305.5,636447.5,0.0,0.0,1,1
6117,767305.5,636447.5,0.0,0.0,1,1
6118,767305.5,636447.5,0.0,0.0,1,1
6119,767305.5,636447.5,0.0,0.0,1,1
6120,767305.5,636447.5,0.0,0.0,1,1
6121,767305.5,636447.5,0.0,0.0,1,1
6122,767305.5,636447.5,0.0,0.0,1,1
6123,767305.5,636447.5,0.0,0.0,1,1
6124,767305.5,636447.5,0.0,0.0,1,1
6125,767305.5,636447.5,0.0,0.0,1,1
6126,767305.5,636447.5,0.0,0.0,1,1
6127,767305.5,636447.5,0.0,0.0,1,1
6128,767305.5,636447.5,0.0,0.0,1,1
6129,767305.5,636447.5,0.0,0.0,1,1
6130,767305.5,636447.5,0.0,0.0,1,1
6131,767305.5,636447.5,0.0,0.0,1,1
6132,768097.5,636447.5,0.0,0.0,1,1
6133,768097.5,636447.5,0.0,0.0,1,1
6134,768097.5,636447.5,0.0,0.0,1,1
6135,765923.0,636447.5,0.0,0.0,1,1
6136,765923.0,636447.5,0.0,0.0,1,1
6137,765923.0,636447.5,0.0,0.0,1,1
6138,765923.0,636447.5,0.0,0.0,1,1
6139,765923.0,636447.5,0.0,0.0,1,1
6140,765923.0,636447.5,0.0,0.0,1,1
6141,765923.0,636447.5,0.0,0.0,1,1
6142,765923.0,636447.5,0.0,0.0,1,1
6143,765923.0,636447.5,0.0,0.0,1,1
6144,765923.0,636447.5,0.0,0.0,1,1
6145,765923.0,636447.5,0.0,0.0,1,1
6146,765923.0,636447.5,0.0,0.0,1,1
6147,765923.0,636447.5,0.0,0.0,1,1
6148,765923.0,636447.5,0.0,0.0,1,1
6149,765923.0,636447.5,0.0,0.0,1,1
6150,765923.0,636447.5,0.0,0.0,1,1
6151,765923.0,636447.5,0.0,0.0,1,1
6152,766053.0,636447.5,0.0,0.0,1,1
6153,766053.0,636447.5,0.0,0.0,1,1
6154,766053.0,636447.5,0.0,0.0,1,1
6155,766053.0,636447.5,0.0,0.0,1,1
6156,766053.0,636447.5,0.0,0.0,1,1
6157,766053.0,636447.5,0.0,0.0,1,1
6158,766053.0,636447.5,0.0,0.0,1,1
6159,766053.0,636447.5,0.0,0.0,1,1
6160,766053.0,636447.5,0.0,0.0,1,1
6161,766053.0,636447.5,0.0,0.0,1,1
6162,766053.0,636447.5,0.0,0.0,1,1
6163,766053.0,636447.5,0.0,0.0,1,1
6164,766053.0,636447.5,0.0,0.0,1,1
6165,766053.0,636447.5,0.0,0.0,1,1
6166,766053.0,636447.5,0.0,0.0,1,1
6167,766083.5,636447.5,0.0,0.0,1,1
6168,766083.5,636447.5,0.0,0.0,1,1
6169,766083.5,636447.5,0.0,0.0,1,1
6170,766083.5,636447.5,0.0,0.0,1,1
6171,766083.5,636447.5,0.0,0.0,1,1
6172,766083.5,636447.5,0.0,0.0,1,1
6173,766083.5,636447.5,0.0,0.0,1,1
6174,766083.5,636447.5,0.0,0.0,1,1
6175,766083.5,636447.5,0.0,0.0,1,1
6176,766083.5,636447.5,0.0,0.0,1,1
6177,766083.5,636447.5,0.0,0.0,1,1
6178,766083.5,636447.5,0.0,0.0,1,1
6179,766083.5,636447.5,0.0,0.0,1,1
6180,766083.5,636447.5,0.0,0.0,1,1
6181,766083.5,636447.5,0.0,0.0,1,1
6182,766083.5,636447.5,0.0,0.0,1,1
6183,766083.5,636447.5,0.0,0.0,1,1
6184,766083.5,636447.5,0.0,0.0,1,1
6185,766083.5,636447.5,0.0,0.0,1,1
6186,766083.5,636447.5,0.0,0.0,1,1
6187,766083.5,636447.5,0.0,0.0,1,1
6188,768077.0,636447.5,0.0,0.0,1,1
6189,768077.0,636447.5,0.0,0.0,1,1
6190,768077.0,636447.5,0.0,0.0,1,1
6191,768077.0,636447.5,0.0,0.0,1,1
6192,768077.0,636447.5,0.0,0.0,1,1
6193,768656.0,636447.5,0.0,0.0,1,1
6194,768656.0,636447.5,0.0,0.0,1,1
6195,768656.0,636447.5,0.0,0.0,1,1
6196,768656.0,636447.5,0.0,0.0,1,1
6197,768656.0,636447.5,0.0,0.0,1,1
6198,768656.0,636447.5,0.0,0.0,1,1
6199,768656.0,636447.5,0.0,0.0,1,1
6200,768656.0,636447.5,0.0,0.0,1,1
6201,768656.0,636447.5,0.0,0.0,1,1
6202,768656.0,636447.5,0.0,0.0,1,1
6203,768656.0,636447.5,0.0,0.0,1,1
6204,768753.0,636447.5,0.0,0.0,1,1
6205,768753.0,636447.5,0.0,0.0,1,1
6206,768753.0,636447.5,0.0,0.0,1,1
6207,768753.0,636447.5,0.0,0.0,1,1
6208,768753.0,636447.5,0.0,0.0,1,1
6209,768753.0,636447.5,0.0,0.0,1,1
6210,768753.0,636447.5,0.0,0.0,1,1
6211,768753.0,636447.5,0.0,0.0,1,1
6212,768753.0,636447.5,0.0,0.0,1,1
6213,768753.0,636447.5,0.0,0.0,1,1
6214,768753.0,636447.5,0.0,0.0,1,1
6215,768753.0,636447.5,0.0,0.0,1,1
6216,768753.0,636447.5,0.0,0.0,1,1
6217,768753.0,636447.5,0.0,0.0,1,1
6218,768753.0,636447.5,0.0,0.0,1,1
6219,768753.0,636447.5,0.0,0.0,1,1
6220,768753.0,636447.5,0.0,0.0,1,1
6221,768753.0,636447.5,0.0,0.0,1,1
6222,768753.0,636447.5,0.0,0.0,1,1
6223,768753.0,636447.5,0.0,0.0,1,1
6224,768753.0,636447.5,0.0,0.0,1,1
6225,768753.0,636447.5,0.0,0.0,1,1
6226,768753.0,636447.5,0.0,0.0,1,1
6227,768753.0,636447.5,0.0,0.0,1,1
6228,768753.0,636447.5,0.0,0.0,1,1
6229,768753.0,636447.5,0.0,0.0,1,1
6230,768753.0,636447.5,0.0,0.0,1,1
6231,768753.0,636447.5,0.0,0.0,1,1
6232,768753.0,636447.5,0.0,0.0,1,1
6233,768753.0,636447.5,0.0,0.0,1,1
6234,768753.0,636447.5,0.0,0.0,1,1
6235,768753.0,636447.5,0.0,0.0,1,1
6236,768753.0,636447.5,0.0,0.0,1,1
6237,768753.0,636447.5,0.0,0.0,1,1
6238,768753.0,636447.5,0.0,0.0,1,1
6239,768753.0,636447.5,0.0,0.0,1,1
6240,768753.0,636447.5,0.0,0.0,1,1
6241,768753.0,636447.5,0.0,0.0,1,1
6242,768753.0,636447.5,0.0,0.0,1,1
6243,768753.0,636447.5,0.0,0.0,1,1
6244,768753.0,636447.5,0.0,0.0,1,1
6245,768753.0,636447.5,0.0,0.0,1,1
6246,768753.0,636447.5,0.0,0.0,1,1
6247,768753.0,636447.5,0.0,0.0,1,1
6248,768753.0,636447.5,0.0,0.0,1,1
6249,768753.0,636447.5,0.0,0.0,1,1
6250,768753.0,636447.5,0.0,0.0,1,1
6251,768753.0,636447.5,0.0,0.0,1,1
6252,768753.0,636447.5,0.0,0.0,1,1
6253,768753.0,636447.5,0.0,0.0,1,1
6254,768563.5,636447.5,0.0,0.0,1,1
6255,768563.5,636447.5,0.0,0.0,1,1
6256,768563.5,636447.5,0.0,0.0,1,1
6257,768563.5,636447.5,0.0,0.0,1,1
6258,768563.5,636447.5,0.0,0.0,1,1
6259,768563.5,636447.5,0.0,0.0,1,1
6260,768563.5,636447.5,0.0,0.0,1,1
6261,768563.5,636447.5,0.0,0.0,1,1
6262,768563.5,636447.5,0.0,0.0,1,1
6263,768461.5,636447.5,0.0,0.0,1,1
6264,768461.5,636447.5,0.0,0.0,1,1
6265,768461.5,636447.5,0.0,0.0,1,1
6266,768461.5,636447.5,0.0,0.0,1,1
6267,768461.5,636447.5,0.0,0.0,1,1
6268,768461.5,636447.5,0.0,0.0,1,1
6269,768461.5,636447.5,0.0,0.0,1,1
6270,768461.5,636447.5,0.0,0.0,1,1
6271,768461.5,636447.5,0.0,0.0,1,1
6272,768461.5,636447.5,0.0,0.0,1,1
6273,768461.5,636447.5,0.0,0.0,1,1
6274,768461.5,636447.5,0.0,0.0,1,1
6275,768461.5,636447.5,0.0,0.0,1,1
6276,768461.5,636447.5,0.0,0.0,1,1
6277,768461.5,636447.5,0.0,0.0,1,1
6278,768461.5,636447.5,0.0,0.0,1,1
6279,768461.5,636447.5,0.0,0.0,1,1
6280,768461.5,636447.5,0.0,0.0,1,1
6281,768461.5,636447.5,0.0,0.0,1,1
6282,768461.5,636447.5,0.0,0.0,1,1
6283,768461.5,636447.5,0.0,0.0,1,1
6284,768461.5,636447.5,0.0,0.0,1,1
6285,768461.5,636447.5,0.0,0.0,1,1
6286,768461.5,636447.5,0.0,0.0,1,1
6287,768461.5,636447.5,0.0,0.0,1,1
6288,768461.5,636447.5,0.0,0.0,1,1
6289,768461.5,636447.5,0.0,0.0,1,1
6290,768461.5,636447.5,0.0,0.0,1,1
6291,768461.5,636447.5,0.0,0.0,1,1
6292,768461.5,636447.5,0.0,0.0,1,1
6293,768461.5,636447.5,0.0,0.0,1,1
6294,768461.5,636447.5,0.0,0.0,1,1
6295,768461.5,636447.5,0.0,0.0,1,1
6296,768461.5,636447.5,0.0,0.0,1,1
6297,768461.5,636447.5,0.0,0.0,1,1
6298,768461.5,636447.5,0.0,0.0,1,1
6299,768461.5,636447.5,0.0,0.0,1,1
6300,768461.5,636447.5,0.0,0.0,1,1
6301,768461.5,636447.5,0.0,0.0,1,1
6302,768461.5,636447.5,0.0,0.0,1,1
6303,768461.5,636447.5,0.0,0.0,1,1
6304,768461.5,636447.5,0.0,0.0,1,1
6305,768461.5,636447.5,0.0,0.0,1,1
6306,772187.0,636447.5,0.0,0.0,1,1
6307,772187.0,636447.5,0.0,0.0,1,1
6308,772187.0,636447.5,0.0,0.0,1,1
6309,772187.0,636447.5,0.0,0.0,1,1
6310,772187.0,636447.5,0.0,0.0,1,1
6311,772187.0,636447.5,0.0,0.0,1,1
6312,772187.0,636447.5,0.0,0.0,1,1
6313,772187.0,636447.5,0.0,0.0,1,1
6314,772187.0,636447.5,0.0,0.0,1,1
6315,772187.0,636447.5,0.0,0.0,1,1
6316,772187.0,636447.5,0.0,0.0,1,1
6317,772187.0,636447.5,0.0,0.0,1,1
6318,772187.0,636447.5,0.0,0.0,1,1
6319,772187.0,636447.5,0.0,0.0,1,1
6320,772187.0,636447.5,0.0,0.0,1,1
6321,772187.0,636447.5,0.0,0.0,1,1
6322,772187.0,636447.5,0.0,0.0,1,1
6323,772187.0,636447.5,0.0,0.0,1,1
6324,772187.0,636447.5,0.0,0.0,1,1
6325,772187.0,636447.5,0.0,0.0,1,1
6326,772187.0,636447.5,0.0,0.0,1,1
6327,772187.0,636447.5,0.0,0.0,1,1
6328,772187.0,636447.5,0.0,0.0,1,1
6329,772187.0,636447.5,0.0,0.0,1,1
6330,772187.0,636447.5,0.0,0.0,1,1
6331,772187.0,636447.5,0.0,0.0,1,1
6332,772187.0,636447.5,0.0,0.0,1,1
6333,772187.0,636447.5,0.0,0.0,1,1
6334,772187.0,636447.5,0.0,0.0,1,1
6335,772187.0,636447.5,0.0,0.0,1,1
6336,772187.0,636447.5,0.0,0.0,1,1
6337,772187.0,636447.5,0.0,0.0,1,1
6338,772187.0,636447.5,0.0,0.0,1,1
6339,772187.0,636447.5,0.0,0.0,1,1
6340,772187.0,636447.5,0.0,0.0,1,1
6341,772187.0,636447.5,0.0,0.0,1,1
6342,772187.0,636447.5,0.0,0.0,1,1
6343,772187.0,636447.5,0.0,0.0,1,1
6344,772187.0,636447.5,0.0,0.0,1,1
6345,772187.0,636447.5,0.0,0.0,1,1
6346,772187.0,636447.5,0.0,0.0,1,1
6347,772247.5,636447.5,0.0,0.0,1,1
6348,772247.5,636447.5,0.0,0.0,1,1
6349,772247.5,636447.5,0.0,0.0,1,1
6350,772247.5,636447.5,0.0,0.0,1,1
6351,772247.5,636447.5,0.0,0.0,1,1
6352,772247.5,636447.5,0.0,0.0,1,1
6353,772247.5,636447.5,0.0,0.0,1,1
6354,772247.5,636447.5,0.0,0.0,1,1
6355,772247.5,636447.5,0.0,0.0,1,1
6356,772247.5,636447.5,0.0,0.0,1,1
6357,772247.5,636447.5,0.0,0.0,1,1
6358,772247.5,636447.5,0.0,0.0,1,1
6359,772247.5,636447.5,0.0,0.0,1,1
6360,772247.5,636447.5,0.0,0.0,1,1
6361,772247.5,636447.5,0.0,0.0,1,1
6362,772247.5,636447.5,0.0,0.0,1,1
6363,772247.5,636447.5,0.0,0.0,1,1
6364,772247.5,636447.5,0.0,0.0,1,1
6365,772247.5,636447.5,0.0,0.0,1,1
6366,772247.5,636447.5,0.0,0.0,1,1
6367,772247.5,636447.5,0.0,0.0,1,1
6368,772247.5,636447.5,0.0,0.0,1,1
6369,772247.5,636447.5,0.0,0.0,1,1
6370,772247.5,636447.5,0.0,0.0,1,1
6371,772247.5,636447.5,0.0,0.0,1,1
6372,772247.5,636447.5,0.0,0.0,1,1
6373,772247.5,636447.5,0.0,0.0,1,1
6374,772247.5,636447.5,0.0,0.0,1,1
6375,772247.5,636447.5,0.0,0.0,1,1
6376,772247.5,636447.5,0.0,0.0,1,1
6377,772247.5,636447.5,0.0,0.0,1,1
6378,772247.5,636447.5,0.0,0.0,1,1
6379,772247.5,636447.5,0.0,0.0,1,1
6380,772247.5,636447.5,0.0,0.0,1,1
6381,772247.5,636447.5,0.0,0.0,1,1
6382,772247.5,636447.5,0.0,0.0,1,1
6383,772247.5,636447.5,0.0,0.0,1,1
6384,772247.5,636447.5,0.0,0.0,1,1
6385,772247.5,636447.5,0.0,0.0,1,1
6386,772247.5,636447.5,0.0,0.0,1,1
6387,772247.5,636447.5,0.0,0.0,1,1
6388,772247.5,636447.5,0.0,0.0,1,1
6389,772265.5,636447.5,0.0,0.0,1,1
6390,772265.5,636447.5,0.0,0.0,1,1
6391,772265.5,636447.5,0.0,0.0,1,1
6392,772265.5,636447.5,0.0,0.0,1,1
6393,772265.5,636447.5,0.0,0.0,1,1
6394,772265.5,636447.5,0.0,0.0,1,1
6395,772265.5,636447.5,0.0,0.0,1,1
6396,772265.5,636447.5,0.0,0.0,1,1
6397,772265.5,636447.5,0.0,0.0,1,1
6398,772265.5,636447.5,0.0,0.0,1,1
6399,772265.5,636447.5,0.0,0.0,1,1
6400,772265.5,636447.5,0.0,0.0,1,1
6401,772265.5,636447.5,0.0,0.0,1,1
6402,772265.5,636447.5,0.0,0.0,1,1
6403,772265.5,636447.5,0.0,0.0,1,1
6404,772265.5,636447.5,0.0,0.0,1,1
6405,772265.5,636447.5,0.0,0.0,1,1
6406,772265.5,636447.5,0.0,0.0,1,1
6407,771869.5,636447.5,0.0,0.0,1,1
6408,771869.5,636447.5,0.0,0.0,1,1
6409,771869.5,636447.5,0.0,0.0,1,1
6410,771869.5,636447.5,0.0,0.0,1,1
6411,771869.5,636447.5,0.0,0.0,1,1
6412,771869.5,636447.5,0.0,0.0,1,1
6413,771869.5,636447.5,0.0,0.0,1,1
6414,771869.5,636447.5,0.0,0.0,1,1
6415,769421.5,636447.5,0.0,0.0,1,1
6416,769391.5,636447.5,0.0,0.0,1,1
6417,769391.5,636447.5,0.0,0.0,1,1
6418,769391.5,636447.5,0.0,0.0,1,1
6419,769391.5,636447.5,0.0,0.0,1,1
6420,769391.5,636447.5,0.0,0.0,1,1
6421,769391.5,636447.5,0.0,0.0,1,1
6422,769391.5,636447.5,0.0,0.0,1,1
6423,769391.5,636447.5,0.0,0.0,1,1
6424,769391.5,636447.5,0.0,0.0,1,1
6425,769391.5,636447.5,0.0,0.0,1,1
6426,769982.5,636447.5,0.0,0.0,1,1
6427,769982.5,636447.5,0.0,0.0,1,1
6428,770052.5,636447.5,0.0,0.0,1,1
6429,770052.5,636447.5,0.0,0.0,1,1
6430,770052.5,636447.5,0.0,0.0,1,1
6431,770052.5,636447.5,0.0,0.0,1,1
6432,770052.5,636447.5,0.0,0.0,1,1
6433,770052.5,636447.5,0.0,0.0,1,1
6434,770052.5,636447.5,0.0,0.0,1,1
6435,770052.5,636447.5,0.0,0.0,1,1
6436,770052.5,636447.5,0.0,0.0,1,1
6437,770052.5,636447.5,0.0,0.0,1,1
6438,770052.5,636447.5,0.0,0.0,1,1
6439,770052.5,636447.5,0.0,0.0,1,1
6440,770052.5,636447.5,0.0,0.0,1,1
6441,770052.5,636447.5,0.0,0.0,1,1
6442,770052.5,636447.5,0.0,0.0,1,1
6443,770052.5,636447.5,0.0,0.0,1,1
6444,770052.5,636447.5,0.0,0.0,1,1
6445,770052.5,636447.5,0.0,0.0,1,1
6446,770052.5,636447.5,0.0,0.0,1,1
6447,770052.5,636447.5,0.0,0.0,1,1
6448,770082.5,636447.5,0.0,0.0,1,1
6449,770082.5,636447.5,0.0,0.0,1,1
6450,770082.5,636447.5,0.0,0.0,1,1
6451,770082.5,636447.5,0.0,0.0,1,1
6452,770082.5,636447.5,0.0,0.0,1,1
6453,770082.5,636447.5,0.0,0.0,1,1
6454,770082.5,636447.5,0.0,0.0,1,1
6455,770082.5,636447.5,0.0,0.0,1,1
6456,770082.5,636447.5,0.0,0.0,1,1
6457,770082.5,636447.5,0.0,0.0,1,1
6458,770082.5,636447.5,0.0,0.0,1,1
6459,770082.5,636447.5,0.0,0.0,1,1
6460,770082.5,636447.5,0.0,0.0,1,1
6461,770082.5,636447.5,0.0,0.0,1,1
6462,770082.5,636447.5,0.0,0.0,1,1
6463,770082.5,636447.5,0.0,0.0,1,1
6464,770082.5,636447.5,0.0,0.0,1,1
6465,770082.5,636447.5,0.0,0.0,1,1
6466,770082.5,636447.5,0.0,0.0,1,1
6467,770082.5,636447.5,0.0,0.0,1,1
6468,770082.5,636447.5,0.0,0.0,1,1
6469,770082.5,636447.5,0.0,0.0,1,1
6470,770082.5,636447.5,0.0,0.0,1,1
6471,770082.5,636447.5,0.0,0.0,1,1
6472,770082.5,636447.5,0.0,0.0,1,1
6473,770082.5,636447.5,0.0,0.0,1,1
6474,770082.5,636447.5,0.0,0.0,1,1
6475,770082.5,636447.5,0.0,0.0,1,1
6476,770082.5,636447.5,0.0,0.0,1,1
6477,770082.5,636447.5,0.0,0.0,1,1
6478,770082.5,636447.5,0.0,0.0,1,1
6479,770082.5,636447.5,0.0,0.0,1,1
6480,769833.5,636447.5,0.0,0.0,1,1
6481,769833.5,636447.5,0.0,0.0,1,1
6482,769833.5,636447.5,0.0,0.0,1,1
6483,769833.5,636447.5,0.0,0.0,1,1
6484,769833.5,636447.5,0.0,0.0,1,1
6485,769833.5,636447.5,0.0,0.0,1,1
6486,769833.5,636447.5,0.0,0.0,1,1
6487,769833.5,636447.5,0.0,0.0,1,1
6488,769833.5,636447.5,0.0,0.0,1,1
6489,769753.0,636447.5,0.0,0.0,1,1
6490,769753.0,636447.5,0.0,0.0,1,1
6491,769753.0,636447.5,0.0,0.0,1,1
6492,769753.0,636447.5,0.0,0.0,1,1
6493,769753.0,636447.5,0.0,0.0,1,1
6494,769753.0,636447.5,0.0,0.0,1,1
6495,769753.0,636447.5,0.0,0.0,1,1
6496,769753.0,636447.5,0.0,0.0,1,1
6497,769753.0,636447.5,0.0,0.0,1,1
6498,769753.0,636447.5,0.0,0.0,1,1
6499,769597.0,636447.5,0.0,0.0,1,1
6500,769597.0,636447.5,0.0,0.0,1,1
6501,769597.0,636447.5,0.0,0.0,1,1
6502,769597.0,636447.5,0.0,0.0,1,1
6503,769597.0,636447.5,0.0,0.0,1,1
6504,769597.0,636447.5,0.0,0.0,1,1
6505,769597.0,636447.5,0.0,0.0,1,1
6506,769597.0,636447.5,0.0,0.0,1,1
6507,769602.0,636447.5,0.0,0.0,1,1
6508,769602.0,636447.5,0.0,0.0,1,1
6509,769542.5,636447.5,0.0,0.0,1,1
6510,769542.5,636447.5,0.0,0.0,1,1
6511,769542.5,636447.5,0.0,0.0,1,1
6512,769542.5,636447.5,0.0,0.0,1,1
6513,770866.5,636447.5,0.0,0.0,1,1
6514,770866.5,636447.5,0.0,0.0,1,1
6515,770866.5,636447.5,0.0,0.0,1,1
6516,770866.5,636447.5,0.0,0.0,1,1
6517,770866.5,636447.5,0.0,0.0,1,1
6518,770866.5,636447.5,0.0,0.0,1,1
6519,770866.5,636447.5,0.0,0.0,1,1
6520,770866.5,636447.5,0.0,0.0,1,1
6521,770866.5,636447.5,0.0,0.0,1,1
6522,770866.5,636447.5,0.0,0.0,1,1
6523,770866.5,636447.5,0.0,0.0,1,1
6524,770866.5,636447.5,0.0,0.0,1,1
6525,770866.5,636447.5,0.0,0.0,1,1
6526,770866.5,636447.5,0.0,0.0,1,1
6527,770866.5,636447.5,0.0,0.0,1,1
6528,770866.5,636447.5,0.0,0.0,1,1
6529,770866.5,636447.5,0.0,0.0,1,1
6530,770866.5,636447.5,0.0,0.0,1,1
6531,770866.5,636447.5,0.0,0.0,1,1
6532,770866.5,636447.5,0.0,0.0,1,1
6533,770866.5,636447.5,0.0,0.0,1,1
6534,770866.5,636447.5,0.0,0.0,1,1
6535,770866.5,636447.5,0.0,0.0,1,1
6536,770783.5,636447.5,0.0,0.0,1,1
6537,770783.5,636447.5,0.0,0.0,1,1
6538,770783.5,636447.5,0.0,0.0,1,1
6539,770783.5,636447.5,0.0,0.0,1,1
6540,770738.5,636447.5,0.0,0.0,1,1
6541,770738.5,636447.5,0.0,0.0,1,1
6542,770738.5,636447.5,0.0,0.0,1,1
6543,770738.5,636447.5,0.0,0.0,1,1
6544,770738.5,636447.5,0.0,0.0,1,1
6545,770738.5,636447.5,0.0,0.0,1,1
6546,770738.5,636447.5,0.0,0.0,1,1
6547,770738.5,636447.5,0.0,0.0,1,1
6548,770738.5,636447.5,0.0,0.0,1,1
6549,770738.5,636447.5,0.0,0.0,1,1
6550,770738.5,636447.5,0.0,0.0,1,1
6551,770738.5,636447.5,0.0,0.0,1,1
6552,770738.5,636447.5,0.0,0.0,1,1
6553,770738.5,636447.5,0.0,0.0,1,1
6554,770738.5,636447.5,0.0,0.0,1,1
6555,770738.5,636447.5,0.0,0.0,1,1
6556,770738.5,636447.5,0.0,0.0,1,1
6557,770738.5,636447.5,0.0,0.0,1,1
6558,770738.5,636447.5,0.0,0.0,1,1
6559,770738.5,636447.5,0.0,0.0,1,1
6560,770738.5,636447.5,0.0,0.0,1,1
6561,770738.5,636447.5,0.0,0.0,1,1
6562,770738.5,636447.5,0.0,0.0,1,1
6563,768229.0,636447.5,0.0,0.0,1,1
6564,768229.0,636447.5,0.0,0.0,1,1
6565,768229.0,636447.5,0.0,0.0,1,1
6566,768229.0,636447.5,0.0,0.0,1,1
6567,768229.0,636447.5,0.0,0.0,1,1
6568,768229.0,636447.5,0.0,0.0,1,1
6569,768229.0,636447.5,0.0,0.0,1,1
6570,768229.0,636447.5,0.0,0.0,1,1
6571,768229.0,636447.5,0.0,0.0,1,1
6572,768991.0,636447.5,0.0,0.0,1,1
6573,768991.0,636447.5,0.0,0.0,1,1
6574,768991.0,636447.5,0.0,0.0,1,1
6575,768991.0,636447.5,0.0,0.0,1,1
6576,768991.0,636447.5,0.0,0.0,1,1
6577,768991.0,636447.5,0.0,0.0,1,1
6578,768991.0,636447.5,0.0,0.0,1,1
6579,768991.0,636447.5,0.0,0.0,1,1
6580,768991.0,636447.5,0.0,0.0,1,1
6581,768991.0,636447.5,0.0,0.0,1,1
6582,768991.0,636447.5,0.0,0.0,1,1
6583,768991.0,636447.5,0.0,0.0,1,1
6584,768991.0,636447.5,0.0,0.0,1,1
6585,768991.0,636447.5,0.0,0.0,1,1
6586,768991.0,636447.5,0.0,0.0,1,1
6587,768991.0,636447.5,0.0,0.0,1,1
6588,768991.0,636447.5,0.0,0.0,1,1
6589,768991.0,636447.5,0.0,0.0,1,1
6590,768991.0,636447.5,0.0,0.0,1,1
6591,768991.0,636447.5,0.0,0.0,1,1
6592,768991.0,636447.5,0.0,0.0,1,1
6593,768991.0,636447.5,0.0,0.0,1,1
6594,768991.0,636447.5,0.0,0.0,1,1
6595,768991.0,636447.5,0.0,0.0,1,1
6596,768991.0,636447.5,0.0,0.0,1,1
6597,768991.0,636447.5,0.0,0.0,1,1
6598,768991.0,636447.5,0.0,0.0,1,1
6599,768991.0,636447.5,0.0,0.0,1,1
6600,768991.0,636447.5,0.0,0.0,1,1
6601,768991.0,636447.5,0.0,0.0,1,1
6602,768991.0,636447.5,0.0,0.0,1,1
6603,768991.0,636447.5,0.0,0.0,1,1
6604,768991.0,636447.5,0.0,0.0,1,1
6605,768991.0,636447.5,0.0,0.0,1,1
6606,768991.0,636447.5,0.0,0.0,1,1
6607,768991.0,636447.5,0.0,0.0,1,1
6608,768938.0,636447.5,0.0,0.0,1,1
6609,768938.0,636447.5,0.0,0.0,1,1
6610,768938.0,636447.5,0.0,0.0,1,1
6611,768938.0,636447.5,0.0,0.0,1,1
6612,768938.0,636447.5,0.0,0.0,1,1
6613,768938.0,636447.5,0.0,0.0,1,1
6614,768938.0,636447.5,0.0,0.0,1,1
6615,768938.0,636447.5,0.0,0.0,1,1
6616,768938.0,636447.5,0.0,0.0,1,1
6617,768938.0,636447.5,0.0,0.0,1,1
6618,768938.0,636447.5,0.0,0.0,1,1
6619,768938.0,636447.5,0.0,0.0,1,1
6620,768938.0,636447.5,0.0,0.0,1,1
6621,768938.0,636447.5,0.0,0.0,1,1
6622,768938.0,636447.5,0.0,0.0,1,1
6623,768938.0,636447.5,0.0,0.0,1,1
6624,768938.0,636447.5,0.0,0.0,1,1
6625,768938.0,636447.5,0.0,0.0,1,1
6626,768938.0,636447.5,0.0,0.0,1,1
6627,768938.0,636447.5,0.0,0.0,1,1
6628,768938.0,636447.5,0.0,0.0,1,1
6629,768938.0,636447.5,0.0,0.0,1,1
6630,768938.0,636447.5,0.0,0.0,1,1
6631,768938.0,636447.5,0.0,0.0,1,1
6632,768938.0,636447.5,0.0,0.0,1,1
6633,768938.0,636447.5,0.0,0.0,1,1
6634,768938.0,636447.5,0.0,0.0,1,1
6635,768938.0,636447.5,0.0,0.0,1,1
6636,768938.0,636447.5,0.0,0.0,1,1
6637,768938.0,636447.5,0.0,0.0,1,1
6638,768938.0,636447.5,0.0,0.0,1,1
6639,768919.5,636447.5,0.0,0.0,1,1
6640,768919.5,636447.5,0.0,0.0,1,1
6641,768919.5,636447.5,0.0,0.0,1,1
6642,768919.5,636447.5,0.0,0.0,1,1
6643,768919.5,636447.5,0.0,0.0,1,1
6644,768919.5,636447.5,0.0,0.0,1,1
6645,768919.5,636447.5,0.0,0.0,1,1
6646,769068.0,636447.5,0.0,0.0,1,1
6647,769068.0,636447.5,0.0,0.0,1,1
6648,769068.0,636447.5,0.0,0.0,1,1
6649,769068.0,636447.5,0.0,0.0,1,1
6650,769068.0,636447.5,0.0,0.0,1,1
6651,769068.0,636447.5,0.0,0.0,1,1
6652,768926.5,636447.5,0.0,0.0,1,1
6653,768926.5,636447.5,0.0,0.0,1,1
6654,768926.5,636447.5,0.0,0.0,1,1
6655,768926.5,636447.5,0.0,0.0,1,1
6656,768926.5,636447.5,0.0,0.0,1,1
6657,768926.5,636447.5,0.0,0.0,1,1
6658,768926.5,636447.5,0.0,0.0,1,1
6659,768926.5,636447.5,0.0,0.0,1,1
6660,768926.5,636447.5,0.0,0.0,1,1
6661,768926.5,636447.5,0.0,0.0,1,1
6662,768926.5,636447.5,0.0,0.0,1,1
6663,768937.5,636447.5,0.0,0.0,1,1
6664,768937.5,636447.5,0.0,0.0,1,1
6665,768937.5,636447.5,0.0,0.0,1,1
6666,768937.5,636447.5,0.0,0.0,1,1
6667,768848.0,636447.5,0.0,0.0,1,1
6668,768848.0,636447.5,0.0,0.0,1,1
6669,768848.0,636447.5,0.0,0.0,1,1
6670,768848.0,636447.5,0.0,0.0,1,1
6671,768848.0,636447.5,0.0,0.0,1,1
6672,768848.0,636447.5,0.0,0.0,1,1
6673,768848.0,636447.5,0.0,0.0,1,1
6674,768848.0,636447.5,0.0,0.0,1,1
6675,768848.0,636447.5,0.0,0.0,1,1
6676,768848.0,636447.5,0.0,0.0,1,1
6677,768848.0,636447.5,0.0,0.0,1,1
6678,768933.0,636447.5,0.0,0.0,1,1
6679,768933.0,636447.5,0.0,0.0,1,1
6680,768933.0,636447.5,0.0,0.0,1,1
6681,768849.0,636447.5,0.0,0.0,1,1
6682,768849.0,636447.5,0.0,0.0,1,1
6683,768849.0,636447.5,0.0,0.0,1,1
6684,768849.0,636447.5,0.0,0.0,1,1
6685,768849.0,636447.5,0.0,0.0,1,1
6686,768849.0,636447.5,0.0,0.0,1,1
6687,768849.0,636447.5,0.0,0.0,1,1
6688,768849.0,636447.5,0.0,0.0,1,1
6689,768849.0,636447.5,0.0,0.0,1,1
6690,768849.0,636447.5,0.0,0.0,1,1
6691,768849.0,636447.5,0.0,0.0,1,1
6692,768849.0,636447.5,0.0,0.0,1,1
6693,768849.0,636447.5,0.0,0.0,1,1
6694,768649.5,636447.5,0.0,0.0,1,1
6695,768649.5,636447.5,0.0,0.0,1,1
6696,768649.5,636447.5,0.0,0.0,1,1
6697,768649.5,636447.5,0.0,0.0,1,1
6698,768649.5,636447.5,0.0,0.0,1,1
6699,769263.0,636447.5,0.0,0.0,1,1
6700,769263.0,636447.5,0.0,0.0,1,1
6701,769263.0,636447.5,0.0,0.0,1,1
6702,769390.5,636447.5,0.0,0.0,1,1
6703,769390.5,636447.5,0.0,0.0,1,1
6704,769390.5,636447.5,0.0,0.0,1,1
6705,769390.5,636447.5,0.0,0.0,1,1
6706,769390.5,636447.5,0.0,0.0,1,1
6707,769390.5,636447.5,0.0,0.0,1,1
6708,769390.5,636447.5,0.0,0.0,1,1
6709,769173.5,636447.5,0.0,0.0,1,1
6710,769173.5,636447.5,0.0,0.0,1,1
6711,769173.5,636447.5,0.0,0.0,1,1
6712,769173.5,636447.5,0.0,0.0,1,1
6713,769204.5,636447.5,0.0,0.0,1,1
6714,769204.5,636447.5,0.0,0.0,1,1
6715,769204.5,636447.5,0.0,0.0,1,1
6716,769204.5,636447.5,0.0,0.0,1,1
6717,769173.5,636447.5,0.0,0.0,1,1
6718,769173.5,636447.5,0.0,0.0,1,1
6719,767224.0,636447.5,0.0,0.0,1,1
6720,767224.0,636447.5,0.0,0.0,1,1
6721,767224.0,636447.5,0.0,0.0,1,1
6722,767224.0,636447.5,0.0,0.0,1,1
6723,767224.0,636447.5,0.0,0.0,1,1
6724,767224.0,636447.5,0.0,0.0,1,1
6725,767224.0,636447.5,0.0,0.0,1,1
6726,767219.5,636447.5,0.0,0.0,1,1
6727,767219.5,636447.5,0.0,0.0,1,1
6728,766815.5,636447.5,0.0,0.0,1,1
6729,766815.5,636447.5,0.0,0.0,1,1
6730,766815.5,636447.5,0.0,0.0,1,1
6731,766815.5,636447.5,0.0,0.0,1,1
6732,766815.5,636447.5,0.0,0.0,1,1
6733,766815.5,636447.5,0.0,0.0,1,1
6734,766815.5,636447.5,0.0,0.0,1,1
6735,766815.5,636447.5,0.0,0.0,1,1
6736,766815.5,636447.5,0.0,0.0,1,1
6737,766815.5,636447.5,0.0,0.0,1,1
6738,766815.5,636447.5,0.0,0.0,1,1
6739,766815.5,636447.5,0.0,0.0,1,1
6740,766815.5,636447.5,0.0,0.0,1,1
6741,766815.5,636447.5,0.0,0.0,1,1
6742,766845.0,636447.5,0.0,0.0,1,1
6743,766845.0,636447.5,0.0,0.0,1,1
6744,766845.0,636447.5,0.0,0.0,1,1
6745,766845.0,636447.5,0.0,0.0,1,1
6746,766845.0,636447.5,0.0,0.0,1,1
6747,766845.0,636447.5,0.0,0.0,1,1
6748,766845.0,636447.5,0.0,0.0,1,1
6749,766845.0,636447.5,0.0,0.0,1,1
6750,766845.0,636447.5,0.0,0.0,1,1
6751,766845.0,636447.5,0.0,0.0,1,1
6752,766845.0,636447.5,0.0,0.0,1,1
6753,766845.0,636447.5,0.0,0.0,1,1
6754,766845.0,636447.5,0.0,0.0,1,1
6755,766877.0,636447.5,0.0,0.0,1,1
6756,766877.0,636447.5,0.0,0.0,1,1
6757,767180.5,636447.5,0.0,0.0,1,1
6758,767180.5,636447.5,0.0,0.0,1,1
6759,767180.5,636447.5,0.0,0.0,1,1
6760,767180.5,636447.5,0.0,0.0,1,1
6761,767180.5,636447.5,0.0,0.0,1,1
6762,767180.5,636447.5,0.0,0.0,1,1
6763,767180.5,636447.5,0.0,0.0,1,1
6764,767180.5,636447.5,0.0,0.0,1,1
6765,767180.5,636447.5,0.0,0.0,1,1
6766,767180.5,636447.5,0.0,0.0,1,1
6767,767180.5,636447.5,0.0,0.0,1,1
6768,767180.5,636447.5,0.0,0.0,1,1
6769,767180.5,636447.5,0.0,0.0,1,1
6770,767180.5,636447.5,0.0,0.0,1,1
6771,767180.5,636447.5,0.0,0.0,1,1
6772,767180.5,636447.5,0.0,0.0,1,1
6773,767180.5,636447.5,0.0,0.0,1,1
6774,767180.5,636447.5,0.0,0.0,1,1
6775,767180.5,636447.5,0.0,0.0,1,1
6776,767180.5,636447.5,0.0,0.0,1,1
6777,767180.5,636447.5,0.0,0.0,1,1
6778,767180.5,636447.5,0.0,0.0,1,1
6779,767180.5,636447.5,0.0,0.0,1,1
6780,767180.5,636447.5,0.0,0.0,1,1
6781,767180.5,636447.5,0.0,0.0,1,1
6782,767180.5,636447.5,0.0,0.0,1,1
6783,767180.5,636447.5,0.0,0.0,1,1
6784,767180.5,636447.5,0.0,0.0,1,1
6785,767180.5,636447.5,0.0,0.0,1,1
6786,767180.5,636447.5,0.0,0.0,1,1
6787,767180.5,636447.5,0.0,0.0,1,1
6788,767180.5,636447.5,0.0,0.0,1,1
6789,767180.5,636447.5,0.0,0.0,1,1
6790,767180.5,636447.5,0.0,0.0,1,1
6791,767180.5,636447.5,0.0,0.0,1,1
6792,767180.5,636447.5,0.0,0.0,1,1
6793,767180.5,636447.5,0.0,0.0,1,1
6794,767180.5,636447.5,0.0,0.0,1,1
6795,767180.5,636447.5,0.0,0.0,1,1
6796,767180.5,636447.5,0.0,0.0,1,1
6797,767180.5,636447.5,0.0,0.0,1,1
6798,767180.5,636447.5,0.0,0.0,1,1
6799,767180.5,636447.5,0.0,0.0,1,1
6800,767180.5,636447.5,0.0,0.0,1,1
6801,767180.5,636447.5,0.0,0.0,1,1
6802,767180.5,636447.5,0.0,0.0,1,1
6803,767060.0,636447.5,0.0,0.0,1,1
6804,767060.0,636447.5,0.0,0.0,1,1
6805,767060.0,636447.5,0.0,0.0,1,1
6806,767060.0,636447.5,0.0,0.0,1,1
6807,767060.0,636447.5,0.0,0.0,1,1
6808,767060.0,636447.5,0.0,0.0,1,1
6809,767060.0,636447.5,0.0,0.0,1,1
6810,767060.0,636447.5,0.0,0.0,1,1
6811,767060.0,636447.5,0.0,0.0,1,1
6812,767060.0,636447.5,0.0,0.0,1,1
6813,767060.0,636447.5,0.0,0.0,1,1
6814,767060.0,636447.5,0.0,0.0,1,1
6815,767060.0,636447.5,0.0,0.0,1,1
6816,767060.0,636447.5,0.0,0.0,1,1
6817,767060.0,636447.5,0.0,0.0,1,1
6818,767060.0,636447.5,0.0,0.0,1,1
6819,767060.0,636447.5,0.0,0.0,1,1
6820,767060.0,636447.5,0.0,0.0,1,1
6821,767060.0,636447.5,0.0,0.0,1,1
6822,767060.0,636447.5,0.0,0.0,1,1
6823,767060.0,636447.5,0.0,0.0,1,1
6824,767060.0,636447.5,0.0,0.0,1,1
6825,767060.0,636447.5,0.0,0.0,1,1
6826,767060.0,636447.5,0.0,0.0,1,1
6827,767060.0,636447.5,0.0,0.0,1,1
6828,767060.0,636447.5,0.0,0.0,1,1
6829,767060.0,636447.5,0.0,0.0,1,1
6830,767060.0,636447.5,0.0,0.0,1,1
6831,767060.0,636447.5,0.0,0.0,1,1
6832,767060.0,636447.5,0.0,0.0,1,1
6833,767060.0,636447.5,0.0,0.0,1,1
6834,767060.0,636447.5,0.0,0.0,1,1
6835,767060.0,636447.5,0.0,0.0,1,1
6836,767060.0,636447.5,0.0,0.0,1,1
6837,767104.0,636447.5,0.0,0.0,1,1
6838,767104.0,636447.5,0.0,0.0,1,1
6839,767104.0,636447.5,0.0,0.0,1,1
6840,767104.0,636447.5,0.0,0.0,1,1
6841,767104.0,636447.5,0.0,0.0,1,1
6842,767104.0,636447.5,0.0,0.0,1,1
6843,767104.0,636447.5,0.0,0.0,1,1
6844,767104.0,636447.5,0.0,0.0,1,1
6845,767104.0,636447.5,0.0,0.0,1,1
6846,767140.5,636447.5,0.0,0.0,1,1
6847,767213.5,636447.5,0.0,0.0,1,1
6848,767213.5,636447.5,0.0,0.0,1,1
6849,767213.5,636447.5,0.0,0.0,1,1
6850,767213.5,636447.5,0.0,0.0,1,1
6851,767213.5,636447.5,0.0,0.0,1,1
6852,767213.5,636447.5,0.0,0.0,1,1
6853,767213.5,636447.5,0.0,0.0,1,1
6854,767213.5,636447.5,0.0,0.0,1,1
6855,767213.5,636447.5,0.0,0.0,1,1
6856,767334.0,636447.5,0.0,0.0,1,1
6857,767334.0,636447.5,0.0,0.0,1,1
6858,767334.0,636447.5,0.0,0.0,1,1
6859,767334.0,636447.5,0.0,0.0,1,1
6860,767334.0,636447.5,0.0,0.0,1,1
6861,767334.0,636447.5,0.0,0.0,1,1
6862,767334.0,636447.5,0.0,0.0,1,1
6863,767334.0,636447.5,0.0,0.0,1,1
6864,767092.5,636447.5,0.0,0.0,1,1
6865,767060.5,636447.5,0.0,0.0,1,1
6866,767060.5,636447.5,0.0,0.0,1,1
6867,767060.5,636447.5,0.0,0.0,1,1
6868,767060.5,636447.5,0.0,0.0,1,1
6869,767060.5,636447.5,0.0,0.0,1,1
6870,767060.5,636447.5,0.0,0.0,1,1
6871,767060.5,636447.5,0.0,0.0,1,1
6872,767060.5,636447.5,0.0,0.0,1,1
6873,767060.5,636447.5,0.0,0.0,1,1
6874,767060.5,636447.5,0.0,0.0,1,1
6875,767647.0,636447.5,0.0,0.0,1,1
6876,767647.0,636447.5,0.0,0.0,1,1
6877,767647.0,636447.5,0.0,0.0,1,1
6878,767647.0,636447.5,0.0,0.0,1,1
6879,767647.0,636447.5,0.0,0.0,1,1
6880,767647.0,636447.5,0.0,0.0,1,1
6881,767647.0,636447.5,0.0,0.0,1,1
6882,767647.0,636447.5,0.0,0.0,1,1
6883,767647.0,636447.5,0.0,0.0,1,1
6884,767647.0,636447.5,0.0,0.0,1,1
6885,767647.0,636447.5,0.0,0.0,1,1
6886,767647.0,636447.5,0.0,0.0,1,1
6887,767647.0,636447.5,0.0,0.0,1,1
6888,767647.0,636447.5,0.0,0.0,1,1
6889,767647.0,636447.5,0.0,0.0,1,1
6890,767647.0,636447.5,0.0,0.0,1,1
6891,767647.0,636447.5,0.0,0.0,1,1
6892,767647.0,636447.5,0.0,0.0,1,1
6893,766498.0,636447.5,0.0,0.0,1,1
6894,766498.0,636447.5,0.0,0.0,1,1
6895,766498.0,636447.5,0.0,0.0,1,1
6896,766498.0,636447.5,0.0,0.0,1,1
6897,766498.0,636447.5,0.0,0.0,1,1
6898,766498.0,636447.5,0.0,0.0,1,1
6899,766498.0,636447.5,0.0,0.0,1,1
6900,766498.0,636447.5,0.0,0.0,1,1
6901,766498.0,636447.5,0.0,0.0,1,1
6902,766498.0,636447.5,0.0,0.0,1,1
6903,766498.0,636447.5,0.0,0.0,1,1
6904,766498.0,636447.5,0.0,0.0,1,1
6905,766498.0,636447.5,0.0,0.0,1,1
6906,766498.0,636447.5,0.0,0.0,1,1
6907,766444.5,636447.5,0.0,0.0,1,1
6908,766444.5,636447.5,0.0,0.0,1,1
6909,766444.5,636447.5,0.0,0.0,1,1
6910,766444.5,636447.5,0.0,0.0,1,1
6911,766444.5,636447.5,0.0,0.0,1,1
6912,766444.5,636447.5,0.0,0.0,1,1
6913,765913.5,636447.5,0.0,0.0,1,1
6914,766040.0,636447.5,0.0,0.0,1,1
6915,766040.0,636447.5,0.0,0.0,1,1
6916,766040.0,636447.5,0.0,0.0,1,1
6917,766040.0,636447.5,0.0,0.0,1,1
6918,766040.0,636447.5,0.0,0.0,1,1
6919,766040.0,636447.5,0.0,0.0,1,1
6920,766040.0,636447.5,0.0,0.0,1,1
6921,766040.0,636447.5,0.0,0.0,1,1
6922,766040.0,636447.5,0.0,0.0,1,1
6923,766040.0,636447.5,0.0,0.0,1,1
6924,766040.0,636447.5,0.0,0.0,1,1
6925,766040.0,636447.5,0.0,0.0,1,1
6926,766040.0,636447.5,0.0,0.0,1,1
6927,766040.0,636447.5,0.0,0.0,1,1
6928,766040.0,636447.5,0.0,0.0,1,1
6929,766158.5,636447.5,0.0,0.0,1,1
6930,766158.5,636447.5,0.0,0.0,1,1
6931,766158.5,636447.5,0.0,0.0,1,1
6932,766158.5,636447.5,0.0,0.0,1,1
6933,766158.5,636447.5,0.0,0.0,1,1
6934,766158.5,636447.5,0.0,0.0,1,1
6935,766158.5,636447.5,0.0,0.0,1,1
6936,766158.5,636447.5,0.0,0.0,1,1
6937,766158.5,636447.5,0.0,0.0,1,1
6938,766158.5,636447.5,0.0,0.0,1,1
6939,766158.5,636447.5,0.0,0.0,1,1
6940,766158.5,636447.5,0.0,0.0,1,1
6941,766158.5,636447.5,0.0,0.0,1,1
6942,767951.5,636447.5,0.0,0.0,1,1
6943,767951.5,636447.5,0.0,0.0,1,1
6944,767951.5,636447.5,0.0,0.0,1,1
6945,767951.5,636447.5,0.0,0.0,1,1
6946,767951.5,636447.5,0.0,0.0,1,1
6947,767951.5,636447.5,0.0,0.0,1,1
6948,767951.5,636447.5,0.0,0.0,1,1
6949,767133.5,636447.5,0.0,0.0,1,1
6950,767133.5,636447.5,0.0,0.0,1,1
6951,767133.5,636447.5,0.0,0.0,1,1
6952,767133.5,636447.5,0.0,0.0,1,1
6953,767133.5,636447.5,0.0,0.0,1,1
6954,767133.5,636447.5,0.0,0.0,1,1
6955,767088.0,636447.5,0.0,0.0,1,1
6956,767088.0,636447.5,0.0,0.0,1,1
6957,767088.0,636447.5,0.0,0.0,1,1
6958,767088.0,636447.5,0.0,0.0,1,1
6959,767088.0,636447.5,0.0,0.0,1,1
6960,767088.0,636447.5,0.0,0.0,1,1
6961,767088.0,636447.5,0.0,0.0,1,1
6962,767088.0,636447.5,0.0,0.0,1,1
6963,767088.0,636447.5,0.0,0.0,1,1
6964,767088.0,636447.5,0.0,0.0,1,1
6965,767088.0,636447.5,0.0,0.0,1,1
6966,767088.0,636447.5,0.0,0.0,1,1
6967,767088.0,636447.5,0.0,0.0,1,1
6968,767088.0,636447.5,0.0,0.0,1,1
6969,767088.0,636447.5,0.0,0.0,1,1
6970,767088.0,636447.5,0.0,0.0,1,1
6971,767088.0,636447.5,0.0,0.0,1,1
6972,767088.0,636447.5,0.0,0.0,1,1
6973,767088.0,636447.5,0.0,0.0,1,1
6974,767088.0,636447.5,0.0,0.0,1,1
6975,767088.0,636447.5,0.0,0.0,1,1
6976,767088.0,636447.5,0.0,0.0,1,1
6977,767088.0,636447.5,0.0,0.0,1,1
6978,767088.0,636447.5,0.0,0.0,1,1
6979,767088.0,636447.5,0.0,0.0,1,1
6980,767088.0,636447.5,0.0,0.0,1,1
6981,767088.0,636447.5,0.0,0.0,1,1
6982,767088.0,636447.5,0.0,0.0,1,1
6983,767088.0,636447.5,0.0,0.0,1,1
6984,767088.0,636447.5,0.0,0.0,1,1
6985,767088.0,636447.5,0.0,0.0,1,1
6986,767088.0,636447.5,0.0,0.0,1,1
6987,767088.0,636447.5,0.0,0.0,1,1
6988,767088.0,636447.5,0.0,0.0,1,1
6989,767088.0,636447.5,0.0,0.0,1,1
6990,767088.0,636447.5,0.0,0.0,1,1
6991,767134.0,636447.5,0.0,0.0,1,1
6992,767134.0,636447.5,0.0,0.0,1,1
6993,767134.0,636447.5,0.0,0.0,1,1
6994,767134.0,636447.5,0.0,0.0,1,1
6995,767134.0,636447.5,0.0,0.0,1,1
6996,767134.0,636447.5,0.0,0.0,1,1
6997,767134.0,636447.5,0.0,0.0,1,1
6998,767134.0,636447.5,0.0,0.0,1,1
6999,767134.0,636447.5,0.0,0.0,1,1
7000,767134.0,636447.5,0.0,0.0,1,1
7001,767134.0,636447.5,0.0,0.0,1,1
7002,767134.0,636447.5,0.0,0.0,1,1
7003,767134.0,636447.5,0.0,0.0,1,1
7004,767134.0,636447.5,0.0,0.0,1,1
7005,767078.5,636447.5,0.0,0.0,1,1
7006,767078.5,636447.5,0.0,0.0,1,1
7007,767078.5,636447.5,0.0,0.0,1,1
7008,767078.5,636447.5,0.0,0.0,1,1
7009,767078.5,636447.5,0.0,0.0,1,1
7010,767078.5,636447.5,0.0,0.0,1,1
7011,767078.5,636447.5,0.0,0.0,1,1
7012,767005.5,636447.5,0.0,0.0,1,1
7013,767005.5,636447.5,0.0,0.0,1,1
7014,767005.5,636447.5,0.0,0.0,1,1
7015,767005.5,636447.5,0.0,0.0,1,1
7016,767005.5,636447.5,0.0,0.0,1,1
7017,767005.5,636447.5,0.0,0.0,1,1
7018,767005.5,636447.5,0.0,0.0,1,1
7019,767005.5,636447.5,0.0,0.0,1,1
7020,767005.5,636447.5,0.0,0.0,1,1
7021,767005.5,636447.5,0.0,0.0,1,1
7022,767005.5,636447.5,0.0,0.0,1,1
7023,767005.5,636447.5,0.0,0.0,1,1
7024,767005.5,636447.5,0.0,0.0,1,1
7025,767005.5,636447.5,0.0,0.0,1,1
7026,767005.5,636447.5,0.0,0.0,1,1
7027,767005.5,636447.5,0.0,0.0,1,1
7028,767005.5,636447.5,0.0,0.0,1,1
7029,767005.5,636447.5,0.0,0.0,1,1
7030,767005.5,636447.5,0.0,0.0,1,1
7031,767005.5,636447.5,0.0,0.0,1,1
7032,767005.5,636447.5,0.0,0.0,1,1
7033,767005.5,636447.5,0.0,0.0,1,1
7034,767005.5,636447.5,0.0,0.0,1,1
7035,767005.5,636447.5,0.0,0.0,1,1
7036,767005.5,636447.5,0.0,0.0,1,1
7037,767005.5,636447.5,0.0,0.0,1,1
7038,767005.5,636447.5,0.0,0.0,1,1
7039,767005.5,636447.5,0.0,0.0,1,1
7040,767005.5,636447.5,0.0,0.0,1,1
7041,767005.5,636447.5,0.0,0.0,1,1
7042,767005.5,636447.5,0.0,0.0,1,1
7043,767005.5,636447.5,0.0,0.0,1,1
7044,767005.5,636447.5,0.0,0.0,1,1
7045,767005.5,636447.5,0.0,0.0,1,1
7046,767005.5,636447.5,0.0,0.0,1,1
7047,767005.5,636447.5,0.0,0.0,1,1
7048,767005.5,636447.5,0.0,0.0,1,1
7049,767005.5,636447.5,0.0,0.0,1,1
7050,767005.5,636447.5,0.0,0.0,1,1
7051,767005.5,636447.5,0.0,0.0,1,1
7052,767005.5,636447.5,0.0,0.0,1,1
7053,767005.5,636447.5,0.0,0.0,1,1
7054,767005.5,636447.5,0.0,0.0,1,1
7055,767005.5,636447.5,0.0,0.0,1,1
7056,767005.5,636447.5,0.0,0.0,1,1
7057,767005.5,636447.5,0.0,0.0,1,1
7058,767005.5,636447.5,0.0,0.0,1,1
7059,767005.5,636447.5,0.0,0.0,1,1
7060,767005.5,636447.5,0.0,0.0,1,1
7061,767005.5,636447.5,0.0,0.0,1,1
7062,767005.5,636447.5,0.0,0.0,1,1
7063,767005.5,636447.5,0.0,0.0,1,1
7064,767005.5,636447.5,0.0,0.0,1,1
7065,767005.5,636447.5,0.0,0.0,1,1
7066,767005.5,636447.5,0.0,0.0,1,1
7067,767005.5,636447.5,0.0,0.0,1,1
7068,767005.5,636447.5,0.0,0.0,1,1
7069,767005.5,636447.5,0.0,0.0,1,1
7070,767005.5,636447.5,0.0,0.0,1,1
7071,767005.5,636447.5,0.0,0.0,1,1
7072,767005.5,636447.5,0.0,0.0,1,1
7073,767005.5,636447.5,0.0,0.0,1,1
7074,767005.5,636447.5,0.0,0.0,1,1
7075,767005.5,636447.5,0.0,0.0,1,1
7076,767005.5,636447.5,0.0,0.0,1,1
7077,767005.5,636447.5,0.0,0.0,1,1
7078,767005.5,636447.5,0.0,0.0,1,1
7079,767005.5,636447.5,0.0,0.0,1,1
7080,767005.5,636447.5,0.0,0.0,1,1
7081,767005.5,636447.5,0.0,0.0,1,1
7082,767434.5,636447.5,0.0,0.0,1,1
7083,767434.5,636447.5,0.0,0.0,1,1
7084,767434.5,636447.5,0.0,0.0,1,1
7085,767434.5,636447.5,0.0,0.0,1,1
7086,767434.5,636447.5,0.0,0.0,1,1
7087,767434.5,636447.5,0.0,0.0,1,1
7088,767434.5,636447.5,0.0,0.0,1,1
7089,767434.5,636447.5,0.0,0.0,1,1
7090,767434.5,636447.5,0.0,0.0,1,1
7091,767434.5,636447.5,0.0,0.0,1,1
7092,767434.5,636447.5,0.0,0.0,1,1
7093,767434.5,636447.5,0.0,0.0,1,1
7094,767434.5,636447.5,0.0,0.0,1,1
7095,767434.5,636447.5,0.0,0.0,1,1
7096,767434.5,636447.5,0.0,0.0,1,1
7097,767434.5,636447.5,0.0,0.0,1,1
7098,767434.5,636447.5,0.0,0.0,1,1
7099,767434.5,636447.5,0.0,0.0,1,1
7100,767434.5,636447.5,0.0,0.0,1,1
7101,767434.5,636447.5,0.0,0.0,1,1
7102,767456.5,636447.5,0.0,0.0,1,1
7103,767456.5,636447.5,0.0,0.0,1,1
7104,767456.5,636447.5,0.0,0.0,1,1
7105,767456.5,636447.5,0.0,0.0,1,1
7106,767456.5,636447.5,0.0,0.0,1,1
7107,767456.5,636447.5,0.0,0.0,1,1
7108,767456.5,636447.5,0.0,0.0,1,1
7109,767456.5,636447.5,0.0,0.0,1,1
7110,767456.5,636447.5,0.0,0.0,1,1
7111,767486.5,636447.5,0.0,0.0,1,1
7112,767486.5,636447.5,0.0,0.0,1,1
7113,767486.5,636447.5,0.0,0.0,1,1
7114,767483.5,636447.5,0.0,0.0,1,1
7115,767483.5,636447.5,0.0,0.0,1,1
7116,767483.5,636447.5,0.0,0.0,1,1
7117,767483.5,636447.5,0.0,0.0,1,1
7118,767483.5,636447.5,0.0,0.0,1,1
7119,767483.5,636447.5,0.0,0.0,1,1
7120,767483.5,636447.5,0.0,0.0,1,1
7121,767483.5,636447.5,0.0,0.0,1,1
7122,767356.0,636447.5,0.0,0.0,1,1
7123,767356.0,636447.5,0.0,0.0,1,1
7124,767356.0,636447.5,0.0,0.0,1,1
7125,767356.0,636447.5,0.0,0.0,1,1
7126,767356.0,636447.5,0.0,0.0,1,1
7127,767356.0,636447.5,0.0,0.0,1,1
7128,767356.0,636447.5,0.0,0.0,1,1
7129,767356.0,636447.5,0.0,0.0,1,1
7130,767356.0,636447.5,0.0,0.0,1,1
7131,767356.0,636447.5,0.0,0.0,1,1
7132,767356.0,636447.5,0.0,0.0,1,1
7133,767356.0,636447.5,0.0,0.0,1,1
7134,767356.0,636447.5,0.0,0.0,1,1
7135,767468.0,636447.5,0.0,0.0,1,1
7136,767468.0,636447.5,0.0,0.0,1,1
7137,767468.0,636447.5,0.0,0.0,1,1
7138,767468.0,636447.5,0.0,0.0,1,1
7139,767468.0,636447.5,0.0,0.0,1,1
7140,767468.0,636447.5,0.0,0.0,1,1
7141,767468.0,636447.5,0.0,0.0,1,1
7142,767474.0,636447.5,0.0,0.0,1,1
7143,767474.0,636447.5,0.0,0.0,1,1
7144,767679.0,636447.5,0.0,0.0,1,1
7145,767679.0,636447.5,0.0,0.0,1,1
7146,767679.0,636447.5,0.0,0.0,1,1
7147,767679.0,636447.5,0.0,0.0,1,1
7148,767679.0,636447.5,0.0,0.0,1,1
7149,767679.0,636447.5,0.0,0.0,1,1
7150,767679.0,636447.5,0.0,0.0,1,1
7151,767679.0,636447.5,0.0,0.0,1,1
7152,767679.0,636447.5,0.0,0.0,1,1
7153,767679.0,636447.5,0.0,0.0,1,1
7154,767679.0,636447.5,0.0,0.0,1,1
7155,767679.0,636447.5,0.0,0.0,1,1
7156,767679.0,636447.5,0.0,0.0,1,1
7157,767679.0,636447.5,0.0,0.0,1,1
7158,767679.0,636447.5,0.0,0.0,1,1
7159,767679.0,636447.5,0.0,0.0,1,1
7160,767679.0,636447.5,0.0,0.0,1,1
7161,767679.0,636447.5,0.0,0.0,1,1
7162,767679.0,636447.5,0.0,0.0,1,1
7163,767679.0,636447.5,0.0,0.0,1,1
7164,767679.0,636447.5,0.0,0.0,1,1
7165,767679.0,636447.5,0.0,0.0,1,1
7166,767679.0,636447.5,0.0,0.0,1,1
7167,767679.0,636447.5,0.0,0.0,1,1
7168,767679.0,636447.5,0.0,0.0,1,1
7169,767679.0,636447.5,0.0,0.0,1,1
7170,767679.0,636447.5,0.0,0.0,1,1
7171,767679.0,636447.5,0.0,0.0,1,1
7172,767679.0,636447.5,0.0,0.0,1,1
7173,767679.0,636447.5,0.0,0.0,1,1
7174,767679.0,636447.5,0.0,0.0,1,1
7175,767679.0,636447.5,0.0,0.0,1,1
7176,767679.0,636447.5,0.0,0.0,1,1
7177,767679.0,636447.5,0.0,0.0,1,1
7178,767679.0,636447.5,0.0,0.0,1,1
7179,767679.0,636447.5,0.0,0.0,1,1
7180,767679.0,636447.5,0.0,0.0,1,1
7181,767679.0,636447.5,0.0,0.0,1,1
7182,767679.0,636447.5,0.0,0.0,1,1
7183,767679.0,636447.5,0.0,0.0,1,1
7184,767679.0,636447.5,0.0,0.0,1,1
7185,767679.0,636447.5,0.0,0.0,1,1
7186,767679.0,636447.5,0.0,0.0,1,1
7187,767679.0,636447.5,0.0,0.0,1,1
7188,767679.0,636447.5,0.0,0.0,1,1
7189,767679.0,636447.5,0.0,0.0,1,1
7190,767679.0,636447.5,0.0,0.0,1,1
7191,767679.0,636447.5,0.0,0.0,1,1
7192,767679.0,636447.5,0.0,0.0,1,1
7193,767679.0,636447.5,0.0,0.0,1,1
7194,767683.5,636447.5,0.0,0.0,1,1
7195,767683.5,636447.5,0.0,0.0,1,1
7196,767683.5,636447.5,0.0,0.0,1,1
7197,767683.5,636447.5,0.0,0.0,1,1
7198,767683.5,636447.5,0.0,0.0,1,1
7199,767683.5,636447.5,0.0,0.0,1,1
7200,767683.5,636447.5,0.0,0.0,1,1
7201,767683.5,636447.5,0.0,0.0,1,1
7202,767683.5,636447.5,0.0,0.0,1,1
7203,767683.5,636447.5,0.0,0.0,1,1
7204,767683.5,636447.5,0.0,0.0,1,1
7205,767683.5,636447.5,0.0,0.0,1,1
7206,767683.5,636447.5,0.0,0.0,1,1
7207,767683.5,636447.5,0.0,0.0,1,1
7208,767683.5,636447.5,0.0,0.0,1,1
7209,767683.5,636447.5,0.0,0.0,1,1
7210,767683.5,636447.5,0.0,0.0,1,1
7211,767683.5,636447.5,0.0,0.0,1,1
7212,767683.5,636447.5,0.0,0.0,1,1
7213,767683.5,636447.5,0.0,0.0,1,1
7214,767683.5,636447.5,0.0,0.0,1,1
7215,767683.5,636447.5,0.0,0.0,1,1
7216,767683.5,636447.5,0.0,0.0,1,1
7217,767683.5,636447.5,0.0,0.0,1,1
7218,767683.5,636447.5,0.0,0.0,1,1
7219,767683.5,636447.5,0.0,0.0,1,1
7220,767683.5,636447.5,0.0,0.0,1,1
7221,767683.5,636447.5,0.0,0.0,1,1
7222,767683.5,636447.5,0.0,0.0,1,1
7223,767683.5,636447.5,0.0,0.0,1,1
7224,767683.5,636447.5,0.0,0.0,1,1
7225,767683.5,636447.5,0.0,0.0,1,1
7226,767683.5,636447.5,0.0,0.0,1,1
7227,767683.5,636447.5,0.0,0.0,1,1
7228,767683.5,636447.5,0.0,0.0,1,1
7229,767683.5,636447.5,0.0,0.0,1,1
7230,767683.5,636447.5,0.0,0.0,1,1
7231,767683.5,636447.5,0.0,0.0,1,1
7232,767683.5,636447.5,0.0,0.0,1,1
7233,767683.5,636447.5,0.0,0.0,1,1
7234,767683.5,636447.5,0.0,0.0,1,1
7235,767683.5,636447.5,0.0,0.0,1,1
7236,767683.5,636447.5,0.0,0.0,1,1
7237,767683.5,636447.5,0.0,0.0,1,1
7238,767688.5,636447.5,0.0,0.0,1,1
7239,766928.0,636447.5,0.0,0.0,1,1
7240,766928.0,636447.5,0.0,0.0,1,1
7241,766928.0,636447.5,0.0,0.0,1,1
7242,766928.0,636447.5,0.0,0.0,1,1
7243,766928.0,636447.5,0.0,0.0,1,1
7244,766928.0,636447.5,0.0,0.0,1,1
7245,766928.0,636447.5,0.0,0.0,1,1
7246,766928.0,636447.5,0.0,0.0,1,1
7247,766928.0,636447.5,0.0,0.0,1,1
7248,766928.0,636447.5,0.0,0.0,1,1
7249,766928.0,636447.5,0.0,0.0,1,1
7250,769887.0,636447.5,0.0,0.0,1,1
7251,769887.0,636447.5,0.0,0.0,1,1
7252,769887.0,636447.5,0.0,0.0,1,1
7253,770175.5,636447.5,0.0,0.0,1,1
7254,770175.5,636447.5,0.0,0.0,1,1
7255,770175.5,636447.5,0.0,0.0,1,1
7256,770175.5,636447.5,0.0,0.0,1,1
7257,770175.5,636447.5,0.0,0.0,1,1
7258,770175.5,636447.5,0.0,0.0,1,1
7259,770175.5,636447.5,0.0,0.0,1,1
7260,770175.5,636447.5,0.0,0.0,1,1
7261,770175.5,636447.5,0.0,0.0,1,1
7262,770175.5,636447.5,0.0,0.0,1,1
7263,770175.5,636447.5,0.0,0.0,1,1
7264,770175.5,636447.5,0.0,0.0,1,1
7265,770175.5,636447.5,0.0,0.0,1,1
7266,770175.5,636447.5,0.0,0.0,1,1
7267,770175.5,636447.5,0.0,0.0,1,1
7268,770175.5,636447.5,0.0,0.0,1,1
7269,770175.5,636447.5,0.0,0.0,1,1
7270,770175.5,636447.5,0.0,0.0,1,1
7271,770175.5,636447.5,0.0,0.0,1,1
7272,770175.5,636447.5,0.0,0.0,1,1
7273,770175.5,636447.5,0.0,0.0,1,1
7274,770175.5,636447.5,0.0,0.0,1,1
7275,770175.5,636447.5,0.0,0.0,1,1
7276,770175.5,636447.5,0.0,0.0,1,1
7277,770175.5,636447.5,0.0,0.0,1,1
7278,770124.5,636447.5,0.0,0.0,1,1
7279,770124.5,636447.5,0.0,0.0,1,1
7280,770124.5,636447.5,0.0,0.0,1,1
7281,770124.5,636447.5,0.0,0.0,1,1
7282,770124.5,636447.5,0.0,0.0,1,1
7283,770124.5,636447.5,0.0,0.0,1,1
7284,770488.0,636447.5,0.0,0.0,1,1
7285,770488.0,636447.5,0.0,0.0,1,1
7286,770488.0,636447.5,0.0,0.0,1,1
7287,770488.0,636447.5,0.0,0.0,1,1
7288,770488.0,636447.5,0.0,0.0,1,1
7289,770488.0,636447.5,0.0,0.0,1,1
7290,770488.0,636447.5,0.0,0.0,1,1
7291,770488.0,636447.5,0.0,0.0,1,1
7292,770488.0,636447.5,0.0,0.0,1,1
7293,770488.0,636447.5,0.0,0.0,1,1
7294,770488.0,636447.5,0.0,0.0,1,1
7295,770488.0,636447.5,0.0,0.0,1,1
7296,770488.0,636447.5,0.0,0.0,1,1
7297,770488.0,636447.5,0.0,0.0,1,1
7298,770374.5,636447.5,0.0,0.0,1,1
7299,770374.5,636447.5,0.0,0.0,1,1
7300,770374.5,636447.5,0.0,0.0,1,1
7301,770339.5,636447.5,0.0,0.0,1,1
7302,770339.5,636447.5,0.0,0.0,1,1
7303,770339.5,636447.5,0.0,0.0,1,1
7304,770339.5,636447.5,0.0,0.0,1,1
7305,771206.5,636447.5,0.0,0.0,1,1
7306,771206.5,636447.5,0.0,0.0,1,1
7307,771206.5,636447.5,0.0,0.0,1,1
7308,771206.5,636447.5,0.0,0.0,1,1
7309,771206.5,636447.5,0.0,0.0,1,1
7310,771206.5,636447.5,0.0,0.0,1,1
7311,771206.5,636447.5,0.0,0.0,1,1
7312,771206.5,636447.5,0.0,0.0,1,1
7313,771206.5,636447.5,0.0,0.0,1,1
7314,771206.5,636447.5,0.0,0.0,1,1
7315,771206.5,636447.5,0.0,0.0,1,1
7316,771206.5,636447.5,0.0,0.0,1,1
7317,771206.5,636447.5,0.0,0.0,1,1
7318,772020.0,636447.5,0.0,0.0,1,1
7319,772020.0,636447.5,0.0,0.0,1,1
7320,772020.0,636447.5,0.0,0.0,1,1
7321,772020.0,636447.5,0.0,0.0,1,1
7322,772020.0,636447.5,0.0,0.0,1,1
7323,772020.0,636447.5,0.0,0.0,1,1
7324,772020.0,636447.5,0.0,0.0,1,1
7325,772020.0,636447.5,0.0,0.0,1,1
7326,772020.0,636447.5,0.0,0.0,1,1
7327,772020.0,636447.5,0.0,0.0,1,1
7328,772020.0,636447.5,0.0,0.0,1,1
7329,772020.0,636447.5,0.0,0.0,1,1
7330,772956.0,636447.5,0.0,0.0,1,1
7331,772956.0,636447.5,0.0,0.0,1,1
7332,772956.0,636447.5,0.0,0.0,1,1
7333,772956.0,636447.5,0.0,0.0,1,1
7334,772956.0,636447.5,0.0,0.0,1,1
7335,772956.0,636447.5,0.0,0.0,1,1
7336,773039.0,636447.5,0.0,0.0,1,1
7337,773039.0,636447.5,0.0,0.0,1,1
7338,773039.0,636447.5,0.0,0.0,1,1
7339,773039.0,636447.5,0.0,0.0,1,1
7340,773039.0,636447.5,0.0,0.0,1,1
7341,773039.0,636447.5,0.0,0.0,1,1
7342,773039.0,636447.5,0.0,0.0,1,1
7343,773039.0,636447.5,0.0,0.0,1,1
7344,773039.0,636447.5,0.0,0.0,1,1
7345,773039.0,636447.5,0.0,0.0,1,1
7346,773039.0,636447.5,0.0,0.0,1,1
7347,773039.0,636447.5,0.0,0.0,1,1
7348,773039.0,636447.5,0.0,0.0,1,1
7349,773039.0,636447.5,0.0,0.0,1,1
7350,773039.0,636447.5,0.0,0.0,1,1
7351,773060.5,636447.5,0.0,0.0,1,1
7352,773060.5,636447.5,0.0,0.0,1,1
7353,773060.5,636447.5,0.0,0.0,1,1
7354,773060.5,636447.5,0.0,0.0,1,1
7355,773060.5,636447.5,0.0,0.0,1,1
7356,773088.5,636447.5,0.0,0.0,1,1
7357,773088.5,636447.5,0.0,0.0,1,1
7358,773088.5,636447.5,0.0,0.0,1,1
7359,773088.5,636447.5,0.0,0.0,1,1
7360,773088.5,636447.5,0.0,0.0,1,1
7361,773088.5,636447.5,0.0,0.0,1,1
7362,772498.5,636447.5,0.0,0.0,1,1
7363,772498.5,636447.5,0.0,0.0,1,1
7364,772498.5,636447.5,0.0,0.0,1,1
7365,772498.5,636447.5,0.0,0.0,1,1
7366,772498.5,636447.5,0.0,0.0,1,1
7367,772498.5,636447.5,0.0,0.0,1,1
7368,772498.5,636447.5,0.0,0.0,1,1
7369,772498.5,636447.5,0.0,0.0,1,1
7370,772498.5,636447.5,0.0,0.0,1,1
7371,772498.5,636447.5,0.0,0.0,1,1
7372,772498.5,636447.5,0.0,0.0,1,1
7373,772498.5,636447.5,0.0,0.0,1,1
7374,772498.5,636447.5,0.0,0.0,1,1
7375,772459.5,636447.5,0.0,0.0,1,1
7376,772459.5,636447.5,0.0,0.0,1,1
7377,772459.5,636447.5,0.0,0.0,1,1
7378,772459.5,636447.5,0.0,0.0,1,1
7379,772459.5,636447.5,0.0,0.0,1,1
7380,772459.5,636447.5,0.0,0.0,1,1
7381,772459.5,636447.5,0.0,0.0,1,1
7382,772459.5,636447.5,0.0,0.0,1,1
7383,772459.5,636447.5,0.0,0.0,1,1
7384,772459.5,636447.5,0.0,0.0,1,1
7385,772459.5,636447.5,0.0,0.0,1,1
7386,772459.5,636447.5,0.0,0.0,1,1
7387,772459.5,636447.5,0.0,0.0,1,1
7388,772459.5,636447.5,0.0,0.0,1,1
7389,772440.5,636447.5,0.0,0.0,1,1
7390,772440.5,636447.5,0.0,0.0,1,1
7391,772440.5,636447.5,0.0,0.0,1,1
7392,772440.5,636447.5,0.0,0.0,1,1
7393,772440.5,636447.5,0.0,0.0,1,1
7394,772440.5,636447.5,0.0,0.0,1,1
7395,772440.5,636447.5,0.0,0.0,1,1
7396,772440.5,636447.5,0.0,0.0,1,1
7397,772440.5,636447.5,0.0,0.0,1,1
7398,772440.5,636447.5,0.0,0.0,1,1
7399,772440.5,636447.5,0.0,0.0,1,1
7400,772440.5,636447.5,0.0,0.0,1,1
7401,772440.5,636447.5,0.0,0.0,1,1
7402,772429.0,636447.5,0.0,0.0,1,1
7403,772429.0,636447.5,0.0,0.0,1,1
7404,772429.0,636447.5,0.0,0.0,1,1
7405,772429.0,636447.5,0.0,0.0,1,1
7406,772429.0,636447.5,0.0,0.0,1,1
7407,772429.0,636447.5,0.0,0.0,1,1
7408,772429.0,636447.5,0.0,0.0,1,1
7409,772429.0,636447.5,0.0,0.0,1,1
7410,772429.0,636447.5,0.0,0.0,1,1
7411,772429.0,636447.5,0.0,0.0,1,1
7412,772429.0,636447.5,0.0,0.0,1,1
7413,772429.0,636447.5,0.0,0.0,1,1
7414,772429.0,636447.5,0.0,0.0,1,1
7415,772304.5,636447.5,0.0,0.0,1,1
7416,772304.5,636447.5,0.0,0.0,1,1
7417,772304.5,636447.5,0.0,0.0,1,1
7418,772304.5,636447.5,0.0,0.0,1,1
7419,772304.5,636447.5,0.0,0.0,1,1
7420,772304.5,636447.5,0.0,0.0,1,1
7421,772304.5,636447.5,0.0,0.0,1,1
7422,769799.0,636447.5,0.0,0.0,1,1
7423,769799.0,636447.5,0.0,0.0,1,1
7424,769799.0,636447.5,0.0,0.0,1,1
7425,769799.0,636447.5,0.0,0.0,1,1
7426,769799.0,636447.5,0.0,0.0,1,1
7427,769799.0,636447.5,0.0,0.0,1,1
7428,769799.0,636447.5,0.0,0.0,1,1
7429,769799.0,636447.5,0.0,0.0,1,1
7430,769799.0,636447.5,0.0,0.0,1,1
7431,769799.0,636447.5,0.0,0.0,1,1
7432,769799.0,636447.5,0.0,0.0,1,1
7433,769799.0,636447.5,0.0,0.0,1,1
7434,769673.0,636447.5,0.0,0.0,1,1
7435,769673.0,636447.5,0.0,0.0,1,1
7436,769539.5,636447.5,0.0,0.0,1,1
7437,769539.5,636447.5,0.0,0.0,1,1
7438,769539.5,636447.5,0.0,0.0,1,1
7439,769539.5,636447.5,0.0,0.0,1,1
7440,769539.5,636447.5,0.0,0.0,1,1
7441,769539.5,636447.5,0.0,0.0,1,1
7442,769539.5,636447.5,0.0,0.0,1,1
7443,769539.5,636447.5,0.0,0.0,1,1
7444,769539.5,636447.5,0.0,0.0,1,1
7445,769539.5,636447.5,0.0,0.0,1,1
7446,769539.5,636447.5,0.0,0.0,1,1
7447,769539.5,636447.5,0.0,0.0,1,1
7448,769539.5,636447.5,0.0,0.0,1,1
7449,769539.5,636447.5,0.0,0.0,1,1
7450,769539.5,636447.5,0.0,0.0,1,1
7451,769539.5,636447.5,0.0,0.0,1,1
7452,769539.5,636447.5,0.0,0.0,1,1
7453,769539.5,636447.5,0.0,0.0,1,1
7454,769539.5,636447.5,0.0,0.0,1,1
7455,769539.5,636447.5,0.0,0.0,1,1
7456,769539.5,636447.5,0.0,0.0,1,1
7457,769539.5,636447.5,0.0,0.0,1,1
7458,769539.5,636447.5,0.0,0.0,1,1
7459,769539.5,636447.5,0.0,0.0,1,1
7460,769539.5,636447.5,0.0,0.0,1,1
7461,769539.5,636447.5,0.0,0.0,1,1
7462,769539.5,636447.5,0.0,0.0,1,1
7463,769539.5,636447.5,0.0,0.0,1,1
7464,769539.5,636447.5,0.0,0.0,1,1
7465,769539.5,636447.5,0.0,0.0,1,1
7466,769539.5,636447.5,0.0,0.0,1,1
7467,769539.5,636447.5,0.0,0.0,1,1
7468,769539.5,636447.5,0.0,0.0,1,1
7469,769539.5,636447.5,0.0,0.0,1,1
7470,769539.5,636447.5,0.0,0.0,1,1
7471,769539.5,636447.5,0.0,0.0,1,1
7472,769539.5,636447.5,0.0,0.0,1,1
7473,769539.5,636447.5,0.0,0.0,1,1
7474,769539.5,636447.5,0.0,0.0,1,1
7475,769539.5,636447.5,0.0,0.0,1,1
7476,769539.5,636447.5,0.0,0.0,1,1
7477,769539.5,636447.5,0.0,0.0,1,1
7478,769539.5,636447.5,0.0,0.0,1,1
7479,769539.5,636447.5,0.0,0.0,1,1
7480,769539.5,636447.5,0.0,0.0,1,1
7481,769539.5,636447.5,0.0,0.0,1,1
7482,769539.5,636447.5,0.0,0.0,1,1
7483,769539.5,636447.5,0.0,0.0,1,1
7484,769340.0,636447.5,0.0,0.0,1,1
7485,771600.0,636447.5,0.0,0.0,1,1
7486,771600.0,636447.5,0.0,0.0,1,1
7487,771600.0,636447.5,0.0,0.0,1,1
7488,771600.0,636447.5,0.0,0.0,1,1
7489,771600.0,636447.5,0.0,0.0,1,1
7490,771796.0,636447.5,0.0,0.0,1,1
7491,771796.0,636447.5,0.0,0.0,1,1
7492,771796.0,636447.5,0.0,0.0,1,1
7493,771796.0,636447.5,0.0,0.0,1,1
7494,771796.0,636447.5,0.0,0.0,1,1
7495,771796.0,636447.5,0.0,0.0,1,1
7496,771796.0,636447.5,0.0,0.0,1,1
7497,771796.0,636447.5,0.0,0.0,1,1
7498,771796.0,636447.5,0.0,0.0,1,1
7499,771796.0,636447.5,0.0,0.0,1,1
7500,771796.0,636447.5,0.0,0.0,1,1
7501,771796.0,636447.5,0.0,0.0,1,1
7502,771796.0,636447.5,0.0,0.0,1,1
7503,771796.0,636447.5,0.0,0.0,1,1
7504,771796.0,636447.5,0.0,0.0,1,1
7505,771796.0,636447.5,0.0,0.0,1,1
7506,771796.0,636447.5,0.0,0.0,1,1
7507,771796.0,636447.5,0.0,0.0,1,1
7508,771796.0,636447.5,0.0,0.0,1,1
7509,771796.0,636447.5,0.0,0.0,1,1
7510,771796.0,636447.5,0.0,0.0,1,1
7511,771796.0,636447.5,0.0,0.0,1,1
7512,771796.0,636447.5,0.0,0.0,1,1
7513,771796.0,636447.5,0.0,0.0,1,1
7514,771796.0,636447.5,0.0,0.0,1,1
7515,772077.5,636447.5,0.0,0.0,1,1
7516,772077.5,636447.5,0.0,0.0,1,1
7517,772077.5,636447.5,0.0,0.0,1,1
7518,772077.5,636447.5,0.0,0.0,1,1
7519,772077.5,636447.5,0.0,0.0,1,1
7520,772077.5,636447.5,0.0,0.0,1,1
7521,772077.5,636447.5,0.0,0.0,1,1
7522,772077.5,636447.5,0.0,0.0,1,1
7523,772077.5,636447.5,0.0,0.0,1,1
7524,772077.5,636447.5,0.0,0.0,1,1
7525,772077.5,636447.5,0.0,0.0,1,1
7526,772077.5,636447.5,0.0,0.0,1,1
7527,772010.5,636447.5,0.0,0.0,1,1
7528,772010.5,636447.5,0.0,0.0,1,1
7529,772010.5,636447.5,0.0,0.0,1,1
7530,772010.5,636447.5,0.0,0.0,1,1
7531,772010.5,636447.5,0.0,0.0,1,1
7532,772010.5,636447.5,0.0,0.0,1,1
7533,772010.5,636447.5,0.0,0.0,1,1
7534,772010.5,636447.5,0.0,0.0,1,1
7535,772010.5,636447.5,0.0,0.0,1,1
7536,772010.5,636447.5,0.0,0.0,1,1
7537,772010.5,636447.5,0.0,0.0,1,1
7538,772213.5,636447.5,0.0,0.0,1,1
7539,772213.5,636447.5,0.0,0.0,1,1
7540,772213.5,636447.5,0.0,0.0,1,1
7541,772213.5,636447.5,0.0,0.0,1,1
7542,772213.5,636447.5,0.0,0.0,1,1
7543,772213.5,636447.5,0.0,0.0,1,1
7544,772213.5,636447.5,0.0,0.0,1,1
7545,772213.5,636447.5,0.0,0.0,1,1
7546,772213.5,636447.5,0.0,0.0,1,1
7547,772213.5,636447.5,0.0,0.0,1,1
7548,772213.5,636447.5,0.0,0.0,1,1
7549,772213.5,636447.5,0.0,0.0,1,1
7550,772213.5,636447.5,0.0,0.0,1,1
7551,772213.5,636447.5,0.0,0.0,1,1
7552,772213.5,636447.5,0.0,0.0,1,1
7553,772213.5,636447.5,0.0,0.0,1,1
7554,772213.5,636447.5,0.0,0.0,1,1
7555,772213.5,636447.5,0.0,0.0,1,1
7556,772005.0,636447.5,0.0,0.0,1,1
7557,772005.0,636447.5,0.0,0.0,1,1
7558,772005.0,636447.5,0.0,0.0,1,1
7559,772005.0,636447.5,0.0,0.0,1,1
7560,772005.0,636447.5,0.0,0.0,1,1
7561,772005.0,636447.5,0.0,0.0,1,1
7562,772005.0,636447.5,0.0,0.0,1,1
7563,772005.0,636447.5,0.0,0.0,1,1
7564,772005.0,636447.5,0.0,0.0,1,1
7565,772005.0,636447.5,0.0,0.0,1,1
7566,772005.0,636447.5,0.0,0.0,1,1
7567,772005.0,636447.5,0.0,0.0,1,1
7568,772005.0,636447.5,0.0,0.0,1,1
7569,772005.0,636447.5,0.0,0.0,1,1
7570,772005.0,636447.5,0.0,0.0,1,1
7571,772005.0,636447.5,0.0,0.0,1,1
7572,772005.0,636447.5,0.0,0.0,1,1
7573,772005.0,636447.5,0.0,0.0,1,1
7574,772005.0,636447.5,0.0,0.0,1,1
7575,772005.0,636447.5,0.0,0.0,1,1
7576,772005.0,636447.5,0.0,0.0,1,1
7577,771783.5,636447.5,0.0,0.0,1,1
7578,771783.5,636447.5,0.0,0.0,1,1
7579,771783.5,636447.5,0.0,0.0,1,1
7580,771783.5,636447.5,0.0,0.0,1,1
7581,771783.5,636447.5,0.0,0.0,1,1
7582,771783.5,636447.5,0.0,0.0,1,1
7583,771783.5,636447.5,0.0,0.0,1,1
7584,771783.5,636447.5,0.0,0.0,1,1
7585,771783.5,636447.5,0.0,0.0,1,1
7586,771783.5,636447.5,0.0,0.0,1,1
7587,771783.5,636447.5,0.0,0.0,1,1
7588,771783.5,636447.5,0.0,0.0,1,1
7589,771783.5,636447.5,0.0,0.0,1,1
7590,771783.5,636447.5,0.0,0.0,1,1
7591,771760.5,636447.5,0.0,0.0,1,1
7592,771760.5,636447.5,0.0,0.0,1,1
7593,771760.5,636447.5,0.0,0.0,1,1
7594,771760.5,636447.5,0.0,0.0,1,1
7595,771760.5,636447.5,0.0,0.0,1,1
7596,771760.5,636447.5,0.0,0.0,1,1
7597,771760.5,636447.5,0.0,0.0,1,1
7598,771760.5,636447.5,0.0,0.0,1,1
7599,772104.0,636447.5,0.0,0.0,1,1
7600,772104.0,636447.5,0.0,0.0,1,1
7601,772127.0,636447.5,0.0,0.0,1,1
7602,772127.0,636447.5,0.0,0.0,1,1
7603,772127.0,636447.5,0.0,0.0,1,1
7604,772127.0,636447.5,0.0,0.0,1,1
7605,772127.0,636447.5,0.0,0.0,1,1
7606,772127.0,636447.5,0.0,0.0,1,1
7607,772127.0,636447.5,0.0,0.0,1,1
7608,772127.0,636447.5,0.0,0.0,1,1
7609,772127.0,636447.5,0.0,0.0,1,1
7610,772127.0,636447.5,0.0,0.0,1,1
7611,772127.0,636447.5,0.0,0.0,1,1
7612,772127.0,636447.5,0.0,0.0,1,1
7613,772127.0,636447.5,0.0,0.0,1,1
7614,772127.0,636447.5,0.0,0.0,1,1
7615,772127.0,636447.5,0.0,0.0,1,1
7616,772127.0,636447.5,0.0,0.0,1,1
7617,772127.0,636447.5,0.0,0.0,1,1
7618,772127.0,636447.5,0.0,0.0,1,1
7619,772127.0,636447.5,0.0,0.0,1,1
7620,772127.0,636447.5,0.0,0.0,1,1
7621,772127.0,636447.5,0.0,0.0,1,1
7622,772127.0,636447.5,0.0,0.0,1,1
7623,771698.0,636447.5,0.0,0.0,1,1
7624,771698.0,636447.5,0.0,0.0,1,1
7625,771698.0,636447.5,0.0,0.0,1,1
7626,771698.0,636447.5,0.0,0.0,1,1
7627,771588.0,636447.5,0.0,0.0,1,1
7628,771588.0,636447.5,0.0,0.0,1,1
7629,771588.0,636447.5,0.0,0.0,1,1
7630,771588.0,636447.5,0.0,0.0,1,1
7631,771588.0,636447.5,0.0,0.0,1,1
7632,771678.5,636447.5,0.0,0.0,1,1
7633,771678.5,636447.5,0.0,0.0,1,1
7634,771678.5,636447.5,0.0,0.0,1,1
7635,771678.5,636447.5,0.0,0.0,1,1
7636,771678.5,636447.5,0.0,0.0,1,1
7637,771820.0,636447.5,0.0,0.0,1,1
7638,771820.0,636447.5,0.0,0.0,1,1
7639,772045.5,636447.5,0.0,0.0,1,1
7640,772045.5,636447.5,0.0,0.0,1,1
7641,772045.5,636447.5,0.0,0.0,1,1
7642,771705.0,636447.5,0.0,0.0,1,1
7643,771705.0,636447.5,0.0,0.0,1,1
7644,771705.0,636447.5,0.0,0.0,1,1
7645,771705.0,636447.5,0.0,0.0,1,1
7646,771705.0,636447.5,0.0,0.0,1,1
7647,771705.0,636447.5,0.0,0.0,1,1
7648,771705.0,636447.5,0.0,0.0,1,1
7649,771705.0,636447.5,0.0,0.0,1,1
7650,771705.0,636447.5,0.0,0.0,1,1
7651,771705.0,636447.5,0.0,0.0,1,1
7652,771705.0,636447.5,0.0,0.0,1,1
7653,772045.5,636447.5,0.0,0.0,1,1
7654,772045.5,636447.5,0.0,0.0,1,1
7655,772045.5,636447.5,0.0,0.0,1,1
7656,772045.5,636447.5,0.0,0.0,1,1
7657,772045.5,636447.5,0.0,0.0,1,1
7658,772045.5,636447.5,0.0,0.0,1,1
7659,771705.0,636447.5,0.0,0.0,1,1
7660,771705.0,636447.5,0.0,0.0,1,1
7661,771705.0,636447.5,0.0,0.0,1,1
7662,771705.0,636447.5,0.0,0.0,1,1
7663,771705.0,636447.5,0.0,0.0,1,1
7664,771705.0,636447.5,0.0,0.0,1,1
7665,771705.0,636447.5,0.0,0.0,1,1
7666,771705.0,636447.5,0.0,0.0,1,1
7667,771705.0,636447.5,0.0,0.0,1,1
7668,771705.0,636447.5,0.0,0.0,1,1
7669,771705.0,636447.5,0.0,0.0,1,1
7670,771705.0,636447.5,0.0,0.0,1,1
7671,771705.0,636447.5,0.0,0.0,1,1
7672,771705.0,636447.5,0.0,0.0,1,1
7673,771705.0,636447.5,0.0,0.0,1,1
7674,771705.0,636447.5,0.0,0.0,1,1
7675,771705.0,636447.5,0.0,0.0,1,1
7676,771705.0,636447.5,0.0,0.0,1,1
7677,771294.5,636447.5,0.0,0.0,1,1
7678,771294.5,636447.5,0.0,0.0,1,1
7679,771294.5,636447.5,0.0,0.0,1,1
7680,771294.5,636447.5,0.0,0.0,1,1
7681,771294.5,636447.5,0.0,0.0,1,1
7682,771294.5,636447.5,0.0,0.0,1,1
7683,771294.5,636447.5,0.0,0.0,1,1
7684,771294.5,636447.5,0.0,0.0,1,1
7685,771294.5,636447.5,0.0,0.0,1,1
7686,771294.5,636447.5,0.0,0.0,1,1
7687,771294.5,636447.5,0.0,0.0,1,1
7688,771357.5,636447.5,0.0,0.0,1,1
7689,771357.5,636447.5,0.0,0.0,1,1
7690,771357.5,636447.5,0.0,0.0,1,1
7691,771357.5,636447.5,0.0,0.0,1,1
7692,771357.5,636447.5,0.0,0.0,1,1
7693,771357.5,636447.5,0.0,0.0,1,1
7694,770991.0,636447.5,0.0,0.0,1,1
7695,770991.0,636447.5,0.0,0.0,1,1
7696,770991.0,636447.5,0.0,0.0,1,1
7697,770991.0,636447.5,0.0,0.0,1,1
7698,770991.0,636447.5,0.0,0.0,1,1
7699,770991.0,636447.5,0.0,0.0,1,1
7700,770991.0,636447.5,0.0,0.0,1,1
7701,770991.0,636447.5,0.0,0.0,1,1
7702,770991.0,636447.5,0.0,0.0,1,1
7703,771212.0,636447.5,0.0,0.0,1,1
7704,771212.0,636447.5,0.0,0.0,1,1
7705,771212.0,636447.5,0.0,0.0,1,1
7706,771212.0,636447.5,0.0,0.0,1,1
7707,771212.0,636447.5,0.0,0.0,1,1
7708,771212.0,636447.5,0.0,0.0,1,1
7709,771212.0,636447.5,0.0,0.0,1,1
7710,771212.0,636447.5,0.0,0.0,1,1
7711,771212.0,636447.5,0.0,0.0,1,1
7712,771212.0,636447.5,0.0,0.0,1,1
7713,771212.0,636447.5,0.0,0.0,1,1
7714,771212.0,636447.5,0.0,0.0,1,1
7715,771212.0,636447.5,0.0,0.0,1,1
7716,771212.0,636447.5,0.0,0.0,1,1
7717,771212.0,636447.5,0.0,0.0,1,1
7718,771212.0,636447.5,0.0,0.0,1,1
7719,771212.0,636447.5,0.0,0.0,1,1
7720,771212.0,636447.5,0.0,0.0,1,1
7721,771212.0,636447.5,0.0,0.0,1,1
7722,771212.0,636447.5,0.0,0.0,1,1
7723,771365.0,636447.5,0.0,0.0,1,1
7724,771365.0,636447.5,0.0,0.0,1,1
7725,771365.0,636447.5,0.0,0.0,1,1
7726,771365.0,636447.5,0.0,0.0,1,1
7727,771365.0,636447.5,0.0,0.0,1,1
7728,771365.0,636447.5,0.0,0.0,1,1
7729,771365.0,636447.5,0.0,0.0,1,1
7730,771517.5,636447.5,0.0,0.0,1,1
7731,772565.5,636447.5,0.0,0.0,1,1
7732,772565.5,636447.5,0.0,0.0,1,1
7733,772565.5,636447.5,0.0,0.0,1,1
7734,772565.5,636447.5,0.0,0.0,1,1
7735,772565.5,636447.5,0.0,0.0,1,1
7736,772565.5,636447.5,0.0,0.0,1,1
7737,772565.5,636447.5,0.0,0.0,1,1
7738,772565.5,636447.5,0.0,0.0,1,1
7739,773234.5,636447.5,0.0,0.0,1,1
7740,773234.5,636447.5,0.0,0.0,1,1
7741,773234.5,636447.5,0.0,0.0,1,1
7742,773234.5,636447.5,0.0,0.0,1,1
7743,773234.5,636447.5,0.0,0.0,1,1
7744,773234.5,636447.5,0.0,0.0,1,1
7745,781471.0,636447.5,0.0,0.0,1,1
7746,780172.0,636447.5,0.0,0.0,1,1
7747,780172.0,636447.5,0.0,0.0,1,1
7748,780172.0,636447.5,0.0,0.0,1,1
7749,780172.0,636447.5,0.0,0.0,1,1
7750,780172.0,636447.5,0.0,0.0,1,1
7751,780172.0,636447.5,0.0,0.0,1,1
7752,780155.0,636447.5,0.0,0.0,1,1
7753,780155.0,636447.5,0.0,0.0,1,1
7754,780155.0,636447.5,0.0,0.0,1,1
7755,780155.0,636447.5,0.0,0.0,1,1
7756,780155.0,636447.5,0.0,0.0,1,1
7757,780272.5,636447.5,0.0,0.0,1,1
7758,780272.5,636447.5,0.0,0.0,1,1
7759,780272.5,636447.5,0.0,0.0,1,1
7760,780272.5,636447.5,0.0,0.0,1,1
7761,780272.5,636447.5,0.0,0.0,1,1
7762,780272.5,636447.5,0.0,0.0,1,1
7763,780272.5,636447.5,0.0,0.0,1,1
7764,780272.5,636447.5,0.0,0.0,1,1
7765,780272.5,636447.5,0.0,0.0,1,1
7766,780272.5,636447.5,0.0,0.0,1,1
7767,780776.5,636447.5,0.0,0.0,1,1
7768,780776.5,636447.5,0.0,0.0,1,1
7769,780776.5,636447.5,0.0,0.0,1,1
7770,780776.5,636447.5,0.0,0.0,1,1
7771,780776.5,636447.5,0.0,0.0,1,1
7772,780776.5,636447.5,0.0,0.0,1,1
7773,780776.5,636447.5,0.0,0.0,1,1
7774,780776.5,636447.5,0.0,0.0,1,1
7775,780776.5,636447.5,0.0,0.0,1,1
7776,780776.5,636447.5,0.0,0.0,1,1
7777,780776.5,636447.5,0.0,0.0,1,1
7778,780776.5,636447.5,0.0,0.0,1,1
7779,780776.5,636447.5,0.0,0.0,1,1
7780,780776.5,636447.5,0.0,0.0,1,1
7781,780776.5,636447.5,0.0,0.0,1,1
7782,780776.5,636447.5,0.0,0.0,1,1
7783,780776.5,636447.5,0.0,0.0,1,1
7784,780776.5,636447.5,0.0,0.0,1,1
7785,780702.5,636447.5,0.0,0.0,1,1
7786,780702.5,636447.5,0.0,0.0,1,1
7787,780702.5,636447.5,0.0,0.0,1,1
7788,780702.5,636447.5,0.0,0.0,1,1
7789,780702.5,636447.5,0.0,0.0,1,1
7790,780702.5,636447.5,0.0,0.0,1,1
7791,780702.5,636447.5,0.0,0.0,1,1
7792,780702.5,636447.5,0.0,0.0,1,1
7793,780702.5,636447.5,0.0,0.0,1,1
7794,780702.5,636447.5,0.0,0.0,1,1
7795,780702.5,636447.5,0.0,0.0,1,1
7796,780702.5,636447.5,0.0,0.0,1,1
7797,780702.5,636447.5,0.0,0.0,1,1
7798,780702.5,636447.5,0.0,0.0,1,1
7799,780702.5,636447.5,0.0,0.0,1,1
7800,780702.5,636447.5,0.0,0.0,1,1
7801,780702.5,636447.5,0.0,0.0,1,1
7802,780702.5,636447.5,0.0,0.0,1,1
7803,780702.5,636447.5,0.0,0.0,1,1
7804,780702.5,636447.5,0.0,0.0,1,1
7805,780702.5,636447.5,0.0,0.0,1,1
7806,780702.5,636447.5,0.0,0.0,1,1
7807,780702.5,636447.5,0.0,0.0,1,1
7808,780702.5,636447.5,0.0,0.0,1,1
7809,780702.5,636447.5,0.0,0.0,1,1
7810,780702.5,636447.5,0.0,0.0,1,1
7811,780702.5,636447.5,0.0,0.0,1,1
7812,780702.5,636447.5,0.0,0.0,1,1
7813,780702.5,636447.5,0.0,0.0,1,1
7814,780702.5,636447.5,0.0,0.0,1,1
7815,780702.5,636447.5,0.0,0.0,1,1
7816,780702.5,636447.5,0.0,0.0,1,1
7817,780702.5,636447.5,0.0,0.0,1,1
7818,780702.5,636447.5,0.0,0.0,1,1
7819,780702.5,636447.5,0.0,0.0,1,1
7820,780702.5,636447.5,0.0,0.0,1,1
7821,780702.5,636447.5,0.0,0.0,1,1
7822,780702.5,636447.5,0.0,0.0,1,1
7823,780637.0,636447.5,0.0,0.0,1,1
7824,780637.0,636447.5,0.0,0.0,1,1
7825,780637.0,636447.5,0.0,0.0,1,1
7826,780637.0,636447.5,0.0,0.0,1,1
7827,780637.0,636447.5,0.0,0.0,1,1
7828,780637.0,636447.5,0.0,0.0,1,1
7829,780637.0,636447.5,0.0,0.0,1,1
7830,780637.0,636447.5,0.0,0.0,1,1
7831,780637.0,636447.5,0.0,0.0,1,1
7832,780637.0,636447.5,0.0,0.0,1,1
7833,780651.0,636447.5,0.0,0.0,1,1
7834,780651.0,636447.5,0.0,0.0,1,1
7835,780651.0,636447.5,0.0,0.0,1,1
7836,780651.0,636447.5,0.0,0.0,1,1
7837,780651.0,636447.5,0.0,0.0,1,1
7838,780584.0,636447.5,0.0,0.0,1,1
7839,780584.0,636447.5,0.0,0.0,1,1
7840,780584.0,636447.5,0.0,0.0,1,1
7841,780584.0,636447.5,0.0,0.0,1,1
7842,780584.0,636447.5,0.0,0.0,1,1
7843,780584.0,636447.5,0.0,0.0,1,1
7844,780584.0,636447.5,0.0,0.0,1,1
7845,780584.0,636447.5,0.0,0.0,1,1
7846,780584.0,636447.5,0.0,0.0,1,1
7847,780584.0,636447.5,0.0,0.0,1,1
7848,780584.0,636447.5,0.0,0.0,1,1
7849,780759.5,636447.5,0.0,0.0,1,1
7850,780759.5,636447.5,0.0,0.0,1,1
7851,780759.5,636447.5,0.0,0.0,1,1
7852,780759.5,636447.5,0.0,0.0,1,1
7853,780759.5,636447.5,0.0,0.0,1,1
7854,780759.5,636447.5,0.0,0.0,1,1
7855,780759.5,636447.5,0.0,0.0,1,1
7856,780759.5,636447.5,0.0,0.0,1,1
7857,780759.5,636447.5,0.0,0.0,1,1
7858,780759.5,636447.5,0.0,0.0,1,1
7859,780759.5,636447.5,0.0,0.0,1,1
7860,780759.5,636447.5,0.0,0.0,1,1
7861,780759.5,636447.5,0.0,0.0,1,1
7862,780759.5,636447.5,0.0,0.0,1,1
7863,780759.5,636447.5,0.0,0.0,1,1
7864,780759.5,636447.5,0.0,0.0,1,1
7865,780759.5,636447.5,0.0,0.0,1,1
7866,780759.5,636447.5,0.0,0.0,1,1
7867,780759.5,636447.5,0.0,0.0,1,1
7868,780759.5,636447.5,0.0,0.0,1,1
7869,780759.5,636447.5,0.0,0.0,1,1
7870,780759.5,636447.5,0.0,0.0,1,1
7871,780759.5,636447.5,0.0,0.0,1,1
7872,780759.5,636447.5,0.0,0.0,1,1
7873,780759.5,636447.5,0.0,0.0,1,1
7874,780759.5,636447.5,0.0,0.0,1,1
7875,780759.5,636447.5,0.0,0.0,1,1
7876,780759.5,636447.5,0.0,0.0,1,1
7877,780759.5,636447.5,0.0,0.0,1,1
7878,780759.5,636447.5,0.0,0.0,1,1
7879,780759.5,636447.5,0.0,0.0,1,1
7880,780759.5,636447.5,0.0,0.0,1,1
7881,780759.5,636447.5,0.0,0.0,1,1
7882,780759.5,636447.5,0.0,0.0,1,1
7883,780759.5,636447.5,0.0,0.0,1,1
7884,780759.5,636447.5,0.0,0.0,1,1
7885,780759.5,636447.5,0.0,0.0,1,1
7886,780759.5,636447.5,0.0,0.0,1,1
7887,780759.5,636447.5,0.0,0.0,1,1
7888,780759.5,636447.5,0.0,0.0,1,1
7889,780759.5,636447.5,0.0,0.0,1,1
7890,780759.5,636447.5,0.0,0.0,1,1
7891,780759.5,636447.5,0.0,0.0,1,1
7892,780759.5,636447.5,0.0,0.0,1,1
7893,780759.5,636447.5,0.0,0.0,1,1
7894,780759.5,636447.5,0.0,0.0,1,1
7895,780759.5,636447.5,0.0,0.0,1,1
7896,780759.5,636447.5,0.0,0.0,1,1
7897,780759.5,636447.5,0.0,0.0,1,1
7898,780759.5,636447.5,0.0,0.0,1,1
7899,780759.5,636447.5,0.0,0.0,1,1
7900,785866.0,636447.5,0.0,0.0,1,1
7901,785866.0,636447.5,0.0,0.0,1,1
7902,785866.0,636447.5,0.0,0.0,1,1
7903,785866.0,636447.5,0.0,0.0,1,1
7904,785866.0,636447.5,0.0,0.0,1,1
7905,785866.0,636447.5,0.0,0.0,1,1
7906,785866.0,636447.5,0.0,0.0,1,1
7907,785866.0,636447.5,0.0,0.0,1,1
7908,785866.0,636447.5,0.0,0.0,1,1
7909,785866.0,636447.5,0.0,0.0,1,1
7910,785866.0,636447.5,0.0,0.0,1,1
7911,785866.0,636447.5,0.0,0.0,1,1
7912,785866.0,636447.5,0.0,0.0,1,1
7913,785866.0,636447.5,0.0,0.0,1,1
7914,785866.0,636447.5,0.0,0.0,1,1
7915,785866.0,636447.5,0.0,0.0,1,1
7916,785866.0,636447.5,0.0,0.0,1,1
7917,785866.0,636447.5,0.0,0.0,1,1
7918,785866.0,636447.5,0.0,0.0,1,1
7919,785866.0,636447.5,0.0,0.0,1,1
7920,785866.0,636447.5,0.0,0.0,1,1
7921,785866.0,636447.5,0.0,0.0,1,1
7922,785866.0,636447.5,0.0,0.0,1,1
7923,785798.5,636447.5,0.0,0.0,1,1
7924,785798.5,636447.5,0.0,0.0,1,1
7925,785798.5,636447.5,0.0,0.0,1,1
7926,785798.5,636447.5,0.0,0.0,1,1
7927,785798.5,636447.5,0.0,0.0,1,1
7928,785952.0,636447.5,0.0,0.0,1,1
7929,785952.0,636447.5,0.0,0.0,1,1
7930,785952.0,636447.5,0.0,0.0,1,1
7931,785952.0,636447.5,0.0,0.0,1,1
7932,785952.0,636447.5,0.0,0.0,1,1
7933,785952.0,636447.5,0.0,0.0,1,1
7934,785568.0,636447.5,0.0,0.0,1,1
7935,785568.0,636447.5,0.0,0.0,1,1
7936,785568.0,636447.5,0.0,0.0,1,1
7937,785568.0,636447.5,0.0,0.0,1,1
7938,785460.0,636447.5,0.0,0.0,1,1
7939,785460.0,636447.5,0.0,0.0,1,1
7940,785460.0,636447.5,0.0,0.0,1,1
7941,785460.0,636447.5,0.0,0.0,1,1
7942,785460.0,636447.5,0.0,0.0,1,1
7943,785460.0,636447.5,0.0,0.0,1,1
7944,785460.0,636447.5,0.0,0.0,1,1
7945,785460.0,636447.5,0.0,0.0,1,1
7946,785460.0,636447.5,0.0,0.0,1,1
7947,785460.0,636447.5,0.0,0.0,1,1
7948,785460.0,636447.5,0.0,0.0,1,1
7949,785460.0,636447.5,0.0,0.0,1,1
7950,786529.5,636447.5,0.0,0.0,1,1
7951,786529.5,636447.5,0.0,0.0,1,1
7952,786529.5,636447.5,0.0,0.0,1,1
7953,786529.5,636447.5,0.0,0.0,1,1
7954,786529.5,636447.5,0.0,0.0,1,1
7955,786529.5,636447.5,0.0,0.0,1,1
7956,786529.5,636447.5,0.0,0.0,1,1
7957,786529.5,636447.5,0.0,0.0,1,1
7958,786529.5,636447.5,0.0,0.0,1,1
7959,786529.5,636447.5,0.0,0.0,1,1
7960,786529.5,636447.5,0.0,0.0,1,1
7961,786529.5,636447.5,0.0,0.0,1,1
7962,786428.0,636447.5,0.0,0.0,1,1
7963,786428.0,636447.5,0.0,0.0,1,1
7964,786428.0,636447.5,0.0,0.0,1,1
7965,786428.0,636447.5,0.0,0.0,1,1
7966,786428.0,636447.5,0.0,0.0,1,1
7967,786428.0,636447.5,0.0,0.0,1,1
7968,786428.0,636447.5,0.0,0.0,1,1
7969,786428.0,636447.5,0.0,0.0,1,1
7970,786428.0,636447.5,0.0,0.0,1,1
7971,786428.0,636447.5,0.0,0.0,1,1
7972,786428.0,636447.5,0.0,0.0,1,1
7973,786428.0,636447.5,0.0,0.0,1,1
7974,786428.0,636447.5,0.0,0.0,1,1
7975,786428.0,636447.5,0.0,0.0,1,1
7976,786428.0,636447.5,0.0,0.0,1,1
7977,786428.0,636447.5,0.0,0.0,1,1
7978,786428.0,636447.5,0.0,0.0,1,1
7979,786428.0,636447.5,0.0,0.0,1,1
7980,786428.0,636447.5,0.0,0.0,1,1
7981,786428.0,636447.5,0.0,0.0,1,1
7982,786428.0,636447.5,0.0,0.0,1,1
7983,786428.0,636447.5,0.0,0.0,1,1
7984,786428.0,636447.5,0.0,0.0,1,1
7985,786428.0,636447.5,0.0,0.0,1,1
7986,786428.0,636447.5,0.0,0.0,1,1
7987,786428.0,636447.5,0.0,0.0,1,1
7988,786428.0,636447.5,0.0,0.0,1,1
7989,786428.0,636447.5,0.0,0.0,1,1
7990,786428.0,636447.5,0.0,0.0,1,1
7991,786428.0,636447.5,0.0,0.0,1,1
7992,786428.0,636447.5,0.0,0.0,1,1
7993,786428.0,636447.5,0.0,0.0,1,1
7994,786428.0,636447.5,0.0,0.0,1,1
7995,786428.0,636447.5,0.0,0.0,1,1
7996,786428.0,636447.5,0.0,0.0,1,1
7997,786428.0,636447.5,0.0,0.0,1,1
7998,786428.0,636447.5,0.0,0.0,1,1
7999,786428.0,636447.5,0.0,0.0,1,1
8000,786428.0,636447.5,0.0,0.0,1,1
8001,786428.0,636447.5,0.0,0.0,1,1
8002,786428.0,636447.5,0.0,0.0,1,1
8003,786428.0,636447.5,0.0,0.0,1,1
8004,786428.0,636447.5,0.0,0.0,1,1
8005,786428.0,636447.5,0.0,0.0,1,1
8006,786428.0,636447.5,0.0,0.0,1,1
8007,786428.0,636447.5,0.0,0.0,1,1
8008,786428.0,636447.5,0.0,0.0,1,1
8009,786428.0,636447.5,0.0,0.0,1,1
8010,786428.0,636447.5,0.0,0.0,1,1
8011,786428.0,636447.5,0.0,0.0,1,1
8012,786428.0,636447.5,0.0,0.0,1,1
8013,786428.0,636447.5,0.0,0.0,1,1
8014,786428.0,636447.5,0.0,0.0,1,1
8015,786428.0,636447.5,0.0,0.0,1,1
8016,786428.0,636447.5,0.0,0.0,1,1
8017,786428.0,636447.5,0.0,0.0,1,1
8018,786428.0,636447.5,0.0,0.0,1,1
8019,786428.0,636447.5,0.0,0.0,1,1
8020,786428.0,636447.5,0.0,0.0,1,1
8021,786428.0,636447.5,0.0,0.0,1,1
8022,786428.0,636447.5,0.0,0.0,1,1
8023,786428.0,636447.5,0.0,0.0,1,1
8024,786428.0,636447.5,0.0,0.0,1,1
8025,786428.0,636447.5,0.0,0.0,1,1
8026,786428.0,636447.5,0.0,0.0,1,1
8027,786428.0,636447.5,0.0,0.0,1,1
8028,786428.0,636447.5,0.0,0.0,1,1
8029,786428.0,636447.5,0.0,0.0,1,1
8030,786428.0,636447.5,0.0,0.0,1,1
8031,786428.0,636447.5,0.0,0.0,1,1
8032,786428.0,636447.5,0.0,0.0,1,1
8033,786428.0,636447.5,0.0,0.0,1,1
8034,786428.0,636447.5,0.0,0.0,1,1
8035,786428.0,636447.5,0.0,0.0,1,1
8036,786428.0,636447.5,0.0,0.0,1,1
8037,786428.0,636447.5,0.0,0.0,1,1
8038,786428.0,636447.5,0.0,0.0,1,1
8039,786428.0,636447.5,0.0,0.0,1,1
8040,786428.0,636447.5,0.0,0.0,1,1
8041,786428.0,636447.5,0.0,0.0,1,1
8042,786428.0,636447.5,0.0,0.0,1,1
8043,786428.0,636447.5,0.0,0.0,1,1
8044,786428.0,636447.5,0.0,0.0,1,1
8045,786428.0,636447.5,0.0,0.0,1,1
8046,786428.0,636447.5,0.0,0.0,1,1
8047,786428.0,636447.5,0.0,0.0,1,1
8048,786428.0,636447.5,0.0,0.0,1,1
8049,786428.0,636447.5,0.0,0.0,1,1
8050,785989.0,636447.5,0.0,0.0,1,1
8051,785989.0,636447.5,0.0,0.0,1,1
8052,785989.0,636447.5,0.0,0.0,1,1
8053,785989.0,636447.5,0.0,0.0,1,1
8054,785989.0,636447.5,0.0,0.0,1,1
8055,785989.0,636447.5,0.0,0.0,1,1
8056,785989.0,636447.5,0.0,0.0,1,1
8057,785989.0,636447.5,0.0,0.0,1,1
8058,785989.0,636447.5,0.0,0.0,1,1
8059,786085.5,636447.5,0.0,0.0,1,1
8060,786085.5,636447.5,0.0,0.0,1,1
8061,786085.5,636447.5,0.0,0.0,1,1
8062,786085.5,636447.5,0.0,0.0,1,1
8063,786085.5,636447.5,0.0,0.0,1,1
8064,786085.5,636447.5,0.0,0.0,1,1
8065,786085.5,636447.5,0.0,0.0,1,1
8066,786085.5,636447.5,0.0,0.0,1,1
8067,786085.5,636447.5,0.0,0.0,1,1
8068,786085.5,636447.5,0.0,0.0,1,1
8069,786085.5,636447.5,0.0,0.0,1,1
8070,786085.5,636447.5,0.0,0.0,1,1
8071,786085.5,636447.5,0.0,0.0,1,1
8072,786085.5,636447.5,0.0,0.0,1,1
8073,786085.5,636447.5,0.0,0.0,1,1
8074,786085.5,636447.5,0.0,0.0,1,1
8075,786085.5,636447.5,0.0,0.0,1,1
8076,786085.5,636447.5,0.0,0.0,1,1
8077,786085.5,636447.5,0.0,0.0,1,1
8078,786085.5,636447.5,0.0,0.0,1,1
8079,786085.5,636447.5,0.0,0.0,1,1
8080,786085.5,636447.5,0.0,0.0,1,1
8081,786085.5,636447.5,0.0,0.0,1,1
8082,786085.5,636447.5,0.0,0.0,1,1
8083,786085.5,636447.5,0.0,0.0,1,1
8084,786085.5,636447.5,0.0,0.0,1,1
8085,786085.5,636447.5,0.0,0.0,1,1
8086,786085.5,636447.5,0.0,0.0,1,1
8087,786085.5,636447.5,0.0,0.0,1,1
8088,786085.5,636447.5,0.0,0.0,1,1
8089,786085.5,636447.5,0.0,0.0,1,1
8090,786085.5,636447.5,0.0,0.0,1,1
8091,786085.5,636447.5,0.0,0.0,1,1
8092,786085.5,636447.5,0.0,0.0,1,1
8093,786085.5,636447.5,0.0,0.0,1,1
8094,786085.5,636447.5,0.0,0.0,1,1
8095,786085.5,636447.5,0.0,0.0,1,1
8096,786085.5,636447.5,0.0,0.0,1,1
8097,786085.5,636447.5,0.0,0.0,1,1
8098,786085.5,636447.5,0.0,0.0,1,1
8099,786085.5,636447.5,0.0,0.0,1,1
8100,786085.5,636447.5,0.0,0.0,1,1
8101,786085.5,636447.5,0.0,0.0,1,1
8102,786085.5,636447.5,0.0,0.0,1,1
8103,786085.5,636447.5,0.0,0.0,1,1
8104,786085.5,636447.5,0.0,0.0,1,1
8105,786085.5,636447.5,0.0,0.0,1,1
8106,786085.5,636447.5,0.0,0.0,1,1
8107,786085.5,636447.5,0.0,0.0,1,1
8108,786085.5,636447.5,0.0,0.0,1,1
8109,786085.5,636447.5,0.0,0.0,1,1
8110,785797.5,636447.5,0.0,0.0,1,1
8111,785797.5,636447.5,0.0,0.0,1,1
8112,785797.5,636447.5,0.0,0.0,1,1
8113,786278.5,636447.5,0.0,0.0,1,1
8114,786278.5,636447.5,0.0,0.0,1,1
8115,786278.5,636447.5,0.0,0.0,1,1
8116,786278.5,636447.5,0.0,0.0,1,1
8117,786365.5,636447.5,0.0,0.0,1,1
8118,786365.5,636447.5,0.0,0.0,1,1
8119,786365.5,636447.5,0.0,0.0,1,1
8120,786365.5,636447.5,0.0,0.0,1,1
8121,786365.5,636447.5,0.0,0.0,1,1
8122,786365.5,636447.5,0.0,0.0,1,1
8123,786365.5,636447.5,0.0,0.0,1,1
8124,786365.5,636447.5,0.0,0.0,1,1
8125,786365.5,636447.5,0.0,0.0,1,1
8126,786365.5,636447.5,0.0,0.0,1,1
8127,786365.5,636447.5,0.0,0.0,1,1
8128,786365.5,636447.5,0.0,0.0,1,1
8129,786258.0,636447.5,0.0,0.0,1,1
8130,786258.0,636447.5,0.0,0.0,1,1
8131,786258.0,636447.5,0.0,0.0,1,1
8132,786258.0,636447.5,0.0,0.0,1,1
8133,786258.0,636447.5,0.0,0.0,1,1
8134,786258.0,636447.5,0.0,0.0,1,1
8135,786258.0,636447.5,0.0,0.0,1,1
8136,786258.0,636447.5,0.0,0.0,1,1
8137,786258.0,636447.5,0.0,0.0,1,1
8138,786258.0,636447.5,0.0,0.0,1,1
8139,786258.0,636447.5,0.0,0.0,1,1
8140,786258.0,636447.5,0.0,0.0,1,1
8141,786258.0,636447.5,0.0,0.0,1,1
8142,786258.0,636447.5,0.0,0.0,1,1
8143,786258.0,636447.5,0.0,0.0,1,1
8144,786258.0,636447.5,0.0,0.0,1,1
8145,786258.0,636447.5,0.0,0.0,1,1
8146,788001.5,636447.5,0.0,0.0,1,1
8147,788001.5,636447.5,0.0,0.0,1,1
8148,788001.5,636447.5,0.0,0.0,1,1
8149,788001.5,636447.5,0.0,0.0,1,1
8150,788001.5,636447.5,0.0,0.0,1,1
8151,788001.5,636447.5,0.0,0.0,1,1
8152,788001.5,636447.5,0.0,0.0,1,1
8153,788001.5,636447.5,0.0,0.0,1,1
8154,788001.5,636447.5,0.0,0.0,1,1
8155,787939.5,636447.5,0.0,0.0,1,1
8156,788196.5,636447.5,0.0,0.0,1,1
8157,788196.5,636447.5,0.0,0.0,1,1
8158,788196.5,636447.5,0.0,0.0,1,1
8159,788196.5,636447.5,0.0,0.0,1,1
8160,788196.5,636447.5,0.0,0.0,1,1
8161,788196.5,636447.5,0.0,0.0,1,1
8162,788126.0,636447.5,0.0,0.0,1,1
8163,788126.0,636447.5,0.0,0.0,1,1
8164,788126.0,636447.5,0.0,0.0,1,1
8165,788126.0,636447.5,0.0,0.0,1,1
8166,788126.0,636447.5,0.0,0.0,1,1
8167,788126.0,636447.5,0.0,0.0,1,1
8168,788126.0,636447.5,0.0,0.0,1,1
8169,788126.0,636447.5,0.0,0.0,1,1
8170,788126.0,636447.5,0.0,0.0,1,1
8171,788126.0,636447.5,0.0,0.0,1,1
8172,788126.0,636447.5,0.0,0.0,1,1
8173,788126.0,636447.5,0.0,0.0,1,1
8174,788126.0,636447.5,0.0,0.0,1,1
8175,788126.0,636447.5,0.0,0.0,1,1
8176,788126.0,636447.5,0.0,0.0,1,1
8177,788126.0,636447.5,0.0,0.0,1,1
8178,788126.0,636447.5,0.0,0.0,1,1
8179,788126.0,636447.5,0.0,0.0,1,1
8180,788108.0,636447.5,0.0,0.0,1,1
8181,788108.0,636447.5,0.0,0.0,1,1
8182,788108.0,636447.5,0.0,0.0,1,1
8183,788108.0,636447.5,0.0,0.0,1,1
8184,788108.0,636447.5,0.0,0.0,1,1
8185,788108.0,636447.5,0.0,0.0,1,1
8186,788108.0,636447.5,0.0,0.0,1,1
8187,788108.0,636447.5,0.0,0.0,1,1
8188,788108.0,636447.5,0.0,0.0,1,1
8189,788108.0,636447.5,0.0,0.0,1,1
8190,788108.0,636447.5,0.0,0.0,1,1
8191,788108.0,636447.5,0.0,0.0,1,1
8192,788108.0,636447.5,0.0,0.0,1,1
8193,788108.0,636447.5,0.0,0.0,1,1
8194,788108.0,636447.5,0.0,0.0,1,1
8195,788108.0,636447.5,0.0,0.0,1,1
8196,788108.0,636447.5,0.0,0.0,1,1
8197,787844.5,636447.5,0.0,0.0,1,1
8198,787844.5,636447.5,0.0,0.0,1,1
8199,787844.5,636447.5,0.0,0.0,1,1
8200,789979.0,636447.5,0.0,0.0,1,1
8201,789979.0,636447.5,0.0,0.0,1,1
8202,789979.0,636447.5,0.0,0.0,1,1
8203,789979.0,636447.5,0.0,0.0,1,1
8204,789979.0,636447.5,0.0,0.0,1,1
8205,789979.0,636447.5,0.0,0.0,1,1
8206,789979.0,636447.5,0.0,0.0,1,1
8207,789979.0,636447.5,0.0,0.0,1,1
8208,789979.0,636447.5,0.0,0.0,1,1
8209,789979.0,636447.5,0.0,0.0,1,1
8210,789979.0,636447.5,0.0,0.0,1,1
8211,789979.0,636447.5,0.0,0.0,1,1
8212,789979.0,636447.5,0.0,0.0,1,1
8213,789979.0,636447.5,0.0,0.0,1,1
8214,789979.0,636447.5,0.0,0.0,1,1
8215,789979.0,636447.5,0.0,0.0,1,1
8216,789979.0,636447.5,0.0,0.0,1,1
8217,789979.0,636447.5,0.0,0.0,1,1
8218,789979.0,636447.5,0.0,0.0,1,1
8219,789979.0,636447.5,0.0,0.0,1,1
8220,789979.0,636447.5,0.0,0.0,1,1
8221,789979.0,636447.5,0.0,0.0,1,1
8222,789979.0,636447.5,0.0,0.0,1,1
8223,789979.0,636447.5,0.0,0.0,1,1
8224,789979.0,636447.5,0.0,0.0,1,1
8225,789979.0,636447.5,0.0,0.0,1,1
8226,789979.0,636447.5,0.0,0.0,1,1
8227,789979.0,636447.5,0.0,0.0,1,1
8228,789979.0,636447.5,0.0,0.0,1,1
8229,789979.0,636447.5,0.0,0.0,1,1
8230,789979.0,636447.5,0.0,0.0,1,1
8231,789979.0,636447.5,0.0,0.0,1,1
8232,789979.0,636447.5,0.0,0.0,1,1
8233,789979.0,636447.5,0.0,0.0,1,1
8234,789979.0,636447.5,0.0,0.0,1,1
8235,789979.0,636447.5,0.0,0.0,1,1
8236,789979.0,636447.5,0.0,0.0,1,1
8237,789979.0,636447.5,0.0,0.0,1,1
8238,790096.5,636447.5,0.0,0.0,1,1
8239,790848.0,636447.5,0.0,0.0,1,1
8240,790848.0,636447.5,0.0,0.0,1,1
8241,790848.0,636447.5,0.0,0.0,1,1
8242,790848.0,636447.5,0.0,0.0,1,1
8243,790848.0,636447.5,0.0,0.0,1,1
8244,790848.0,636447.5,0.0,0.0,1,1
8245,790848.0,636447.5,0.0,0.0,1,1
8246,790848.0,636447.5,0.0,0.0,1,1
8247,790848.0,636447.5,0.0,0.0,1,1
8248,790848.0,636447.5,0.0,0.0,1,1
8249,790848.0,636447.5,0.0,0.0,1,1
8250,790848.0,636447.5,0.0,0.0,1,1
8251,790848.0,636447.5,0.0,0.0,1,1
8252,790848.0,636447.5,0.0,0.0,1,1
8253,790848.0,636447.5,0.0,0.0,1,1
8254,790848.0,636447.5,0.0,0.0,1,1
8255,790848.0,636447.5,0.0,0.0,1,1
8256,790848.0,636447.5,0.0,0.0,1,1
8257,790848.0,636447.5,0.0,0.0,1,1
8258,790848.0,636447.5,0.0,0.0,1,1
8259,790848.0,636447.5,0.0,0.0,1,1
8260,790848.0,636447.5,0.0,0.0,1,1
8261,790848.0,636447.5,0.0,0.0,1,1
8262,790848.0,636447.5,0.0,0.0,1,1
8263,790848.0,636447.5,0.0,0.0,1,1
8264,790778.0,636447.5,0.0,0.0,1,1
8265,790778.0,636447.5,0.0,0.0,1,1
8266,790778.0,636447.5,0.0,0.0,1,1
8267,790778.0,636447.5,0.0,0.0,1,1
8268,790778.0,636447.5,0.0,0.0,1,1
8269,790778.0,636447.5,0.0,0.0,1,1
8270,790778.0,636447.5,0.0,0.0,1,1
8271,790778.0,636447.5,0.0,0.0,1,1
8272,790778.0,636447.5,0.0,0.0,1,1
8273,790778.0,636447.5,0.0,0.0,1,1
8274,790778.0,636447.5,0.0,0.0,1,1
8275,790778.0,636447.5,0.0,0.0,1,1
8276,790778.0,636447.5,0.0,0.0,1,1
8277,790778.0,636447.5,0.0,0.0,1,1
8278,790778.0,636447.5,0.0,0.0,1,1
8279,790778.0,636447.5,0.0,0.0,1,1
8280,790778.0,636447.5,0.0,0.0,1,1
8281,790778.0,636447.5,0.0,0.0,1,1
8282,790778.0,636447.5,0.0,0.0,1,1
8283,790778.0,636447.5,0.0,0.0,1,1
8284,790825.0,636447.5,0.0,0.0,1,1
8285,790825.0,636447.5,0.0,0.0,1,1
8286,790825.0,636447.5,0.0,0.0,1,1
8287,790825.0,636447.5,0.0,0.0,1,1
8288,790825.0,636447.5,0.0,0.0,1,1
8289,790825.0,636447.5,0.0,0.0,1,1
8290,790813.0,636447.5,0.0,0.0,1,1
8291,790813.0,636447.5,0.0,0.0,1,1
8292,790825.0,636447.5,0.0,0.0,1,1
8293,790825.0,636447.5,0.0,0.0,1,1
8294,790825.0,636447.5,0.0,0.0,1,1
8295,790825.0,636447.5,0.0,0.0,1,1
8296,790825.0,636447.5,0.0,0.0,1,1
8297,790825.0,636447.5,0.0,0.0,1,1
8298,790825.0,636447.5,0.0,0.0,1,1
8299,790687.5,636447.5,0.0,0.0,1,1
8300,790687.5,636447.5,0.0,0.0,1,1
8301,790687.5,636447.5,0.0,0.0,1,1
8302,790687.5,636447.5,0.0,0.0,1,1
8303,790687.5,636447.5,0.0,0.0,1,1
8304,790687.5,636447.5,0.0,0.0,1,1
8305,790687.5,636447.5,0.0,0.0,1,1
8306,790687.5,636447.5,0.0,0.0,1,1
8307,790687.5,636447.5,0.0,0.0,1,1
8308,789714.5,636447.5,0.0,0.0,1,1
8309,789714.5,636447.5,0.0,0.0,1,1
8310,789617.0,636447.5,0.0,0.0,1,1
8311,789617.0,636447.5,0.0,0.0,1,1
8312,789617.0,636447.5,0.0,0.0,1,1
8313,789617.0,636447.5,0.0,0.0,1,1
8314,789617.0,636447.5,0.0,0.0,1,1
8315,789617.0,636447.5,0.0,0.0,1,1
8316,789617.0,636447.5,0.0,0.0,1,1
8317,789617.0,636447.5,0.0,0.0,1,1
8318,789617.0,636447.5,0.0,0.0,1,1
8319,789617.0,636447.5,0.0,0.0,1,1
8320,789617.0,636447.5,0.0,0.0,1,1
8321,789617.0,636447.5,0.0,0.0,1,1
8322,789617.0,636447.5,0.0,0.0,1,1
8323,789617.0,636447.5,0.0,0.0,1,1
8324,789617.0,636447.5,0.0,0.0,1,1
8325,789617.0,636447.5,0.0,0.0,1,1
8326,789617.0,636447.5,0.0,0.0,1,1
8327,789617.0,636447.5,0.0,0.0,1,1
8328,789617.0,636447.5,0.0,0.0,1,1
8329,789617.0,636447.5,0.0,0.0,1,1
8330,789617.0,636447.5,0.0,0.0,1,1
8331,789617.0,636447.5,0.0,0.0,1,1
8332,789617.0,636447.5,0.0,0.0,1,1
8333,789617.0,636447.5,0.0,0.0,1,1
8334,789617.0,636447.5,0.0,0.0,1,1
8335,789617.0,636447.5,0.0,0.0,1,1
8336,789617.0,636447.5,0.0,0.0,1,1
8337,789617.0,636447.5,0.0,0.0,1,1
8338,789617.0,636447.5,0.0,0.0,1,1
8339,789617.0,636447.5,0.0,0.0,1,1
8340,789617.0,636447.5,0.0,0.0,1,1
8341,789617.0,636447.5,0.0,0.0,1,1
8342,789617.0,636447.5,0.0,0.0,1,1
8343,789617.0,636447.5,0.0,0.0,1,1
8344,789617.0,636447.5,0.0,0.0,1,1
8345,789617.0,636447.5,0.0,0.0,1,1
8346,789617.0,636447.5,0.0,0.0,1,1
8347,789617.0,636447.5,0.0,0.0,1,1
8348,789617.0,636447.5,0.0,0.0,1,1
8349,789617.0,636447.5,0.0,0.0,1,1
8350,789617.0,636447.5,0.0,0.0,1,1
8351,789617.0,636447.5,0.0,0.0,1,1
8352,789617.0,636447.5,0.0,0.0,1,1
8353,789617.0,636447.5,0.0,0.0,1,1
8354,789617.0,636447.5,0.0,0.0,1,1
8355,789617.0,636447.5,0.0,0.0,1,1
8356,789617.0,636447.5,0.0,0.0,1,1
8357,789617.0,636447.5,0.0,0.0,1,1
8358,789617.0,636447.5,0.0,0.0,1,1
8359,789617.0,636447.5,0.0,0.0,1,1
8360,789617.0,636447.5,0.0,0.0,1,1
8361,789617.0,636447.5,0.0,0.0,1,1
8362,789617.0,636447.5,0.0,0.0,1,1
8363,789617.0,636447.5,0.0,0.0,1,1
8364,789617.0,636447.5,0.0,0.0,1,1
8365,789617.0,636447.5,0.0,0.0,1,1
8366,789617.0,636447.5,0.0,0.0,1,1
8367,789617.0,636447.5,0.0,0.0,1,1
8368,789617.0,636447.5,0.0,0.0,1,1
8369,789617.0,636447.5,0.0,0.0,1,1
8370,789617.0,636447.5,0.0,0.0,1,1
8371,789617.0,636447.5,0.0,0.0,1,1
8372,789617.0,636447.5,0.0,0.0,1,1
8373,789617.0,636447.5,0.0,0.0,1,1
8374,789617.0,636447.5,0.0,0.0,1,1
8375,789617.0,636447.5,0.0,0.0,1,1
8376,789617.0,636447.5,0.0,0.0,1,1
8377,789628.0,636447.5,0.0,0.0,1,1
8378,789628.0,636447.5,0.0,0.0,1,1
8379,789628.0,636447.5,0.0,0.0,1,1
8380,789628.0,636447.5,0.0,0.0,1,1
8381,789628.0,636447.5,0.0,0.0,1,1
8382,789628.0,636447.5,0.0,0.0,1,1
8383,789628.0,636447.5,0.0,0.0,1,1
8384,789628.0,636447.5,0.0,0.0,1,1
8385,789628.0,636447.5,0.0,0.0,1,1
8386,789628.0,636447.5,0.0,0.0,1,1
8387,789628.0,636447.5,0.0,0.0,1,1
8388,789635.0,636447.5,0.0,0.0,1,1
8389,789635.0,636447.5,0.0,0.0,1,1
8390,789635.0,636447.5,0.0,0.0,1,1
8391,789635.0,636447.5,0.0,0.0,1,1
8392,789635.0,636447.5,0.0,0.0,1,1
8393,789635.0,636447.5,0.0,0.0,1,1
8394,789635.0,636447.5,0.0,0.0,1,1
8395,789635.0,636447.5,0.0,0.0,1,1
8396,789635.0,636447.5,0.0,0.0,1,1
8397,789635.0,636447.5,0.0,0.0,1,1
8398,789635.0,636447.5,0.0,0.0,1,1
8399,789497.0,636447.5,0.0,0.0,1,1
8400,789497.0,636447.5,0.0,0.0,1,1
8401,789497.0,636447.5,0.0,0.0,1,1
8402,789497.0,636447.5,0.0,0.0,1,1
8403,789497.0,636447.5,0.0,0.0,1,1
8404,789497.0,636447.5,0.0,0.0,1,1
8405,789497.0,636447.5,0.0,0.0,1,1
8406,789497.0,636447.5,0.0,0.0,1,1
8407,789497.0,636447.5,0.0,0.0,1,1
8408,789497.0,636447.5,0.0,0.0,1,1
8409,789497.0,636447.5,0.0,0.0,1,1
8410,789497.0,636447.5,0.0,0.0,1,1
8411,789497.0,636447.5,0.0,0.0,1,1
8412,789497.0,636447.5,0.0,0.0,1,1
8413,789497.0,636447.5,0.0,0.0,1,1
8414,789497.0,636447.5,0.0,0.0,1,1
8415,789497.0,636447.5,0.0,0.0,1,1
8416,789497.0,636447.5,0.0,0.0,1,1
8417,789497.0,636447.5,0.0,0.0,1,1
8418,789497.0,636447.5,0.0,0.0,1,1
8419,789497.0,636447.5,0.0,0.0,1,1
8420,789497.0,636447.5,0.0,0.0,1,1
8421,789497.0,636447.5,0.0,0.0,1,1
8422,789497.0,636447.5,0.0,0.0,1,1
8423,789497.0,636447.5,0.0,0.0,1,1
8424,789497.0,636447.5,0.0,0.0,1,1
8425,789497.0,636447.5,0.0,0.0,1,1
8426,789497.0,636447.5,0.0,0.0,1,1
8427,789497.0,636447.5,0.0,0.0,1,1
8428,789497.0,636447.5,0.0,0.0,1,1
8429,789497.0,636447.5,0.0,0.0,1,1
8430,788320.5,636447.5,0.0,0.0,1,1
8431,788320.5,636447.5,0.0,0.0,1,1
8432,788320.5,636447.5,0.0,0.0,1,1
8433,788320.5,636447.5,0.0,0.0,1,1
8434,788320.5,636447.5,0.0,0.0,1,1
8435,788320.5,636447.5,0.0,0.0,1,1
8436,788320.5,636447.5,0.0,0.0,1,1
8437,788320.5,636447.5,0.0,0.0,1,1
8438,788320.5,636447.5,0.0,0.0,1,1
8439,788320.5,636447.5,0.0,0.0,1,1
8440,788483.0,636447.5,0.0,0.0,1,1
8441,788483.0,636447.5,0.0,0.0,1,1
8442,788483.0,636447.5,0.0,0.0,1,1
8443,788483.0,636447.5,0.0,0.0,1,1
8444,788483.0,636447.5,0.0,0.0,1,1
8445,788483.0,636447.5,0.0,0.0,1,1
8446,788483.0,636447.5,0.0,0.0,1,1
8447,788483.0,636447.5,0.0,0.0,1,1
8448,788483.0,636447.5,0.0,0.0,1,1
8449,788483.0,636447.5,0.0,0.0,1,1
8450,788483.0,636447.5,0.0,0.0,1,1
8451,788483.0,636447.5,0.0,0.0,1,1
8452,788483.0,636447.5,0.0,0.0,1,1
8453,788483.0,636447.5,0.0,0.0,1,1
8454,788483.0,636447.5,0.0,0.0,1,1
8455,788483.0,636447.5,0.0,0.0,1,1
8456,788483.0,636447.5,0.0,0.0,1,1
8457,788584.5,636447.5,0.0,0.0,1,1
8458,788584.5,636447.5,0.0,0.0,1,1
8459,788584.5,636447.5,0.0,0.0,1,1
8460,788584.5,636447.5,0.0,0.0,1,1
8461,788584.5,636447.5,0.0,0.0,1,1
8462,788584.5,636447.5,0.0,0.0,1,1
8463,788584.5,636447.5,0.0,0.0,1,1
8464,788584.5,636447.5,0.0,0.0,1,1
8465,788571.5,636447.5,0.0,0.0,1,1
8466,788571.5,636447.5,0.0,0.0,1,1
8467,788571.5,636447.5,0.0,0.0,1,1
8468,790224.0,636447.5,0.0,0.0,1,1
8469,790224.0,636447.5,0.0,0.0,1,1
8470,790224.0,636447.5,0.0,0.0,1,1
8471,790224.0,636447.5,0.0,0.0,1,1
8472,790224.0,636447.5,0.0,0.0,1,1
8473,790224.0,636447.5,0.0,0.0,1,1
8474,790224.0,636447.5,0.0,0.0,1,1
8475,790177.0,636447.5,0.0,0.0,1,1
8476,790177.0,636447.5,0.0,0.0,1,1
8477,790177.0,636447.5,0.0,0.0,1,1
8478,790177.0,636447.5,0.0,0.0,1,1
8479,790177.0,636447.5,0.0,0.0,1,1
8480,790353.5,636447.5,0.0,0.0,1,1
8481,790353.5,636447.5,0.0,0.0,1,1
8482,790353.5,636447.5,0.0,0.0,1,1
8483,790353.5,636447.5,0.0,0.0,1,1
8484,790353.5,636447.5,0.0,0.0,1,1
8485,790353.5,636447.5,0.0,0.0,1,1
8486,790353.5,636447.5,0.0,0.0,1,1
8487,790353.5,636447.5,0.0,0.0,1,1
8488,790353.5,636447.5,0.0,0.0,1,1
8489,790353.5,636447.5,0.0,0.0,1,1
8490,790318.0,636447.5,0.0,0.0,1,1
8491,790392.0,636447.5,0.0,0.0,1,1
8492,790387.5,636447.5,0.0,0.0,1,1
8493,790387.5,636447.5,0.0,0.0,1,1
8494,790387.5,636447.5,0.0,0.0,1,1
8495,790387.5,636447.5,0.0,0.0,1,1
8496,790387.5,636447.5,0.0,0.0,1,1
8497,790387.5,636447.5,0.0,0.0,1,1
8498,790387.5,636447.5,0.0,0.0,1,1
8499,790387.5,636447.5,0.0,0.0,1,1
8500,790387.5,636447.5,0.0,0.0,1,1
8501,790387.5,636447.5,0.0,0.0,1,1
8502,790387.5,636447.5,0.0,0.0,1,1
8503,790387.5,636447.5,0.0,0.0,1,1
8504,790387.5,636447.5,0.0,0.0,1,1
8505,790387.5,636447.5,0.0,0.0,1,1
8506,790387.5,636447.5,0.0,0.0,1,1
8507,790387.5,636447.5,0.0,0.0,1,1
8508,790387.5,636447.5,0.0,0.0,1,1
8509,790387.5,636447.5,0.0,0.0,1,1
8510,790387.5,636447.5,0.0,0.0,1,1
8511,790387.5,636447.5,0.0,0.0,1,1
8512,790444.5,636447.5,0.0,0.0,1,1
8513,790444.5,636447.5,0.0,0.0,1,1
8514,790444.5,636447.5,0.0,0.0,1,1
8515,790444.5,636447.5,0.0,0.0,1,1
8516,790495.5,636447.5,0.0,0.0,1,1
8517,790495.5,636447.5,0.0,0.0,1,1
8518,790495.5,636447.5,0.0,0.0,1,1
8519,790495.5,636447.5,0.0,0.0,1,1
8520,790495.5,636447.5,0.0,0.0,1,1
8521,790495.5,636447.5,0.0,0.0,1,1
8522,790495.5,636447.5,0.0,0.0,1,1
8523,790495.5,636447.5,0.0,0.0,1,1
8524,790495.5,636447.5,0.0,0.0,1,1
8525,790495.5,636447.5,0.0,0.0,1,1
8526,792201.0,636447.5,0.0,0.0,1,1
8527,792201.0,636447.5,0.0,0.0,1,1
8528,792201.0,636447.5,0.0,0.0,1,1
8529,792201.0,636447.5,0.0,0.0,1,1
8530,792201.0,636447.5,0.0,0.0,1,1
8531,792201.0,636447.5,0.0,0.0,1,1
8532,792201.0,636447.5,0.0,0.0,1,1
8533,792201.0,636447.5,0.0,0.0,1,1
8534,792201.0,636447.5,0.0,0.0,1,1
8535,792201.0,636447.5,0.0,0.0,1,1
8536,792201.0,636447.5,0.0,0.0,1,1
8537,792201.0,636447.5,0.0,0.0,1,1
8538,792201.0,636447.5,0.0,0.0,1,1
8539,792201.0,636447.5,0.0,0.0,1,1
8540,792201.0,636447.5,0.0,0.0,1,1
8541,792201.0,636447.5,0.0,0.0,1,1
8542,792129.0,636447.5,0.0,0.0,1,1
8543,792129.0,636447.5,0.0,0.0,1,1
8544,792129.0,636447.5,0.0,0.0,1,1
8545,792129.0,636447.5,0.0,0.0,1,1
8546,792129.0,636447.5,0.0,0.0,1,1
8547,792129.0,636447.5,0.0,0.0,1,1
8548,792129.0,636447.5,0.0,0.0,1,1
8549,792129.0,636447.5,0.0,0.0,1,1
8550,792129.0,636447.5,0.0,0.0,1,1
8551,792129.0,636447.5,0.0,0.0,1,1
8552,792129.0,636447.5,0.0,0.0,1,1
8553,792129.0,636447.5,0.0,0.0,1,1
8554,792129.0,636447.5,0.0,0.0,1,1
8555,792129.0,636447.5,0.0,0.0,1,1
8556,792129.0,636447.5,0.0,0.0,1,1
8557,792129.0,636447.5,0.0,0.0,1,1
8558,791778.5,636447.5,0.0,0.0,1,1
8559,791778.5,636447.5,0.0,0.0,1,1
8560,791778.5,636447.5,0.0,0.0,1,1
8561,791723.5,636447.5,0.0,0.0,1,1
8562,791723.5,636447.5,0.0,0.0,1,1
8563,791723.5,636447.5,0.0,0.0,1,1
8564,791723.5,636447.5,0.0,0.0,1,1
8565,791723.5,636447.5,0.0,0.0,1,1
8566,791723.5,636447.5,0.0,0.0,1,1
8567,791723.5,636447.5,0.0,0.0,1,1
8568,791723.5,636447.5,0.0,0.0,1,1
8569,791723.5,636447.5,0.0,0.0,1,1
8570,792153.0,636447.5,0.0,0.0,1,1
8571,792153.0,636447.5,0.0,0.0,1,1
8572,792153.0,636447.5,0.0,0.0,1,1
8573,792153.0,636447.5,0.0,0.0,1,1
8574,792153.0,636447.5,0.0,0.0,1,1
8575,792153.0,636447.5,0.0,0.0,1,1
8576,792153.0,636447.5,0.0,0.0,1,1
8577,792153.0,636447.5,0.0,0.0,1,1
8578,792153.0,636447.5,0.0,0.0,1,1
8579,792153.0,636447.5,0.0,0.0,1,1
8580,792153.0,636447.5,0.0,0.0,1,1
8581,792153.0,636447.5,0.0,0.0,1,1
8582,792153.0,636447.5,0.0,0.0,1,1
8583,792153.0,636447.5,0.0,0.0,1,1
8584,792153.0,636447.5,0.0,0.0,1,1
8585,792153.0,636447.5,0.0,0.0,1,1
8586,792153.0,636447.5,0.0,0.0,1,1
8587,792153.0,636447.5,0.0,0.0,1,1
8588,792153.0,636447.5,0.0,0.0,1,1
8589,792153.0,636447.5,0.0,0.0,1,1
8590,792153.0,636447.5,0.0,0.0,1,1
8591,792153.0,636447.5,0.0,0.0,1,1
8592,792153.0,636447.5,0.0,0.0,1,1
8593,792153.0,636447.5,0.0,0.0,1,1
8594,792153.0,636447.5,0.0,0.0,1,1
8595,792153.0,636447.5,0.0,0.0,1,1
8596,792153.0,636447.5,0.0,0.0,1,1
8597,792153.0,636447.5,0.0,0.0,1,1
8598,792153.0,636447.5,0.0,0.0,1,1
8599,792153.0,636447.5,0.0,0.0,1,1
8600,792153.0,636447.5,0.0,0.0,1,1
8601,792153.0,636447.5,0.0,0.0,1,1
8602,792153.0,636447.5,0.0,0.0,1,1
8603,792153.0,636447.5,0.0,0.0,1,1
8604,792153.0,636447.5,0.0,0.0,1,1
8605,792203.0,636447.5,0.0,0.0,1,1
8606,792203.0,636447.5,0.0,0.0,1,1
8607,792203.0,636447.5,0.0,0.0,1,1
8608,792203.0,636447.5,0.0,0.0,1,1
8609,792203.0,636447.5,0.0,0.0,1,1
8610,792203.0,636447.5,0.0,0.0,1,1
8611,792203.0,636447.5,0.0,0.0,1,1
8612,792203.0,636447.5,0.0,0.0,1,1
8613,792203.0,636447.5,0.0,0.0,1,1
8614,792203.0,636447.5,0.0,0.0,1,1
8615,792207.0,636447.5,0.0,0.0,1,1
8616,792472.5,636447.5,0.0,0.0,1,1
8617,792472.5,636447.5,0.0,0.0,1,1
8618,792472.5,636447.5,0.0,0.0,1,1
8619,792472.5,636447.5,0.0,0.0,1,1
8620,792472.5,636447.5,0.0,0.0,1,1
8621,792472.5,636447.5,0.0,0.0,1,1
8622,792472.5,636447.5,0.0,0.0,1,1
8623,792472.5,636447.5,0.0,0.0,1,1
8624,792472.5,636447.5,0.0,0.0,1,1
8625,792472.5,636447.5,0.0,0.0,1,1
8626,792472.5,636447.5,0.0,0.0,1,1
8627,792472.5,636447.5,0.0,0.0,1,1
8628,792472.5,636447.5,0.0,0.0,1,1
8629,792472.5,636447.5,0.0,0.0,1,1
8630,792472.5,636447.5,0.0,0.0,1,1
8631,792472.5,636447.5,0.0,0.0,1,1
8632,792472.5,636447.5,0.0,0.0,1,1
8633,792472.5,636447.5,0.0,0.0,1,1
8634,792472.5,636447.5,0.0,0.0,1,1
8635,792472.5,636447.5,0.0,0.0,1,1
8636,792472.5,636447.5,0.0,0.0,1,1
8637,792472.5,636447.5,0.0,0.0,1,1
8638,792472.5,636447.5,0.0,0.0,1,1
8639,792472.5,636447.5,0.0,0.0,1,1
8640,792472.5,636447.5,0.0,0.0,1,1
8641,792472.5,636447.5,0.0,0.0,1,1
8642,792472.5,636447.5,0.0,0.0,1,1
8643,792472.5,636447.5,0.0,0.0,1,1
8644,792472.5,636447.5,0.0,0.0,1,1
8645,792472.5,636447.5,0.0,0.0,1,1
8646,792472.5,636447.5,0.0,0.0,1,1
8647,794421.5,636447.5,0.0,0.0,1,1
8648,794421.5,636447.5,0.0,0.0,1,1
8649,794421.5,636447.5,0.0,0.0,1,1
8650,794421.5,636447.5,0.0,0.0,1,1
8651,793989.0,636447.5,0.0,0.0,1,1
8652,793989.0,636447.5,0.0,0.0,1,1
8653,793989.0,636447.5,0.0,0.0,1,1
8654,793989.0,636447.5,0.0,0.0,1,1
8655,793989.0,636447.5,0.0,0.0,1,1
8656,793989.0,636447.5,0.0,0.0,1,1
8657,793989.0,636447.5,0.0,0.0,1,1
8658,793989.0,636447.5,0.0,0.0,1,1
8659,793989.0,636447.5,0.0,0.0,1,1
8660,793989.0,636447.5,0.0,0.0,1,1
8661,793989.0,636447.5,0.0,0.0,1,1
8662,793989.0,636447.5,0.0,0.0,1,1
8663,793989.0,636447.5,0.0,0.0,1,1
8664,793989.0,636447.5,0.0,0.0,1,1
8665,793989.0,636447.5,0.0,0.0,1,1
8666,793989.0,636447.5,0.0,0.0,1,1
8667,793989.0,636447.5,0.0,0.0,1,1
8668,793989.0,636447.5,0.0,0.0,1,1
8669,793989.0,636447.5,0.0,0.0,1,1
8670,793989.0,636447.5,0.0,0.0,1,1
8671,793989.0,636447.5,0.0,0.0,1,1
8672,793989.0,636447.5,0.0,0.0,1,1
8673,794852.0,636447.5,0.0,0.0,1,1
8674,794852.0,636447.5,0.0,0.0,1,1
8675,794852.0,636447.5,0.0,0.0,1,1
8676,794852.0,636447.5,0.0,0.0,1,1
8677,794852.0,636447.5,0.0,0.0,1,1
8678,794852.0,636447.5,0.0,0.0,1,1
8679,794852.0,636447.5,0.0,0.0,1,1
8680,794852.0,636447.5,0.0,0.0,1,1
8681,794852.0,636447.5,0.0,0.0,1,1
8682,794852.0,636447.5,0.0,0.0,1,1
8683,794852.0,636447.5,0.0,0.0,1,1
8684,794852.0,636447.5,0.0,0.0,1,1
8685,794852.0,636447.5,0.0,0.0,1,1
8686,794852.0,636447.5,0.0,0.0,1,1
8687,794852.0,636447.5,0.0,0.0,1,1
8688,794852.0,636447.5,0.0,0.0,1,1
8689,794852.0,636447.5,0.0,0.0,1,1
8690,794852.0,636447.5,0.0,0.0,1,1
8691,794852.0,636447.5,0.0,0.0,1,1
8692,794852.0,636447.5,0.0,0.0,1,1
8693,794852.0,636447.5,0.0,0.0,1,1
8694,794852.0,636447.5,0.0,0.0,1,1
8695,794852.0,636447.5,0.0,0.0,1,1
8696,794852.0,636447.5,0.0,0.0,1,1
8697,794852.0,636447.5,0.0,0.0,1,1
8698,794852.0,636447.5,0.0,0.0,1,1
8699,794696.5,636447.5,0.0,0.0,1,1
8700,794696.5,636447.5,0.0,0.0,1,1
8701,794696.5,636447.5,0.0,0.0,1,1
8702,794696.5,636447.5,0.0,0.0,1,1
8703,794696.5,636447.5,0.0,0.0,1,1
8704,794696.5,636447.5,0.0,0.0,1,1
8705,794696.5,636447.5,0.0,0.0,1,1
8706,794696.5,636447.5,0.0,0.0,1,1
8707,794696.5,636447.5,0.0,0.0,1,1
8708,794696.5,636447.5,0.0,0.0,1,1
8709,794748.5,636447.5,0.0,0.0,1,1
8710,794748.5,636447.5,0.0,0.0,1,1
8711,794748.5,636447.5,0.0,0.0,1,1
8712,794748.5,636447.5,0.0,0.0,1,1
8713,794748.5,636447.5,0.0,0.0,1,1
8714,794748.5,636447.5,0.0,0.0,1,1
8715,794748.5,636447.5,0.0,0.0,1,1
8716,794748.5,636447.5,0.0,0.0,1,1
8717,794748.5,636447.5,0.0,0.0,1,1
8718,794748.5,636447.5,0.0,0.0,1,1
8719,794748.5,636447.5,0.0,0.0,1,1
8720,794748.5,636447.5,0.0,0.0,1,1
8721,794748.5,636447.5,0.0,0.0,1,1
8722,794748.5,636447.5,0.0,0.0,1,1
8723,794748.5,636447.5,0.0,0.0,1,1
8724,794748.5,636447.5,0.0,0.0,1,1
8725,794748.5,636447.5,0.0,0.0,1,1
8726,794748.5,636447.5,0.0,0.0,1,1
8727,794748.5,636447.5,0.0,0.0,1,1
8728,794468.5,636447.5,0.0,0.0,1,1
8729,794468.5,636447.5,0.0,0.0,1,1
8730,794468.5,636447.5,0.0,0.0,1,1
8731,794468.5,636447.5,0.0,0.0,1,1
8732,794468.5,636447.5,0.0,0.0,1,1
8733,794468.5,636447.5,0.0,0.0,1,1
8734,794468.5,636447.5,0.0,0.0,1,1
8735,794468.5,636447.5,0.0,0.0,1,1
8736,794468.5,636447.5,0.0,0.0,1,1
8737,794468.5,636447.5,0.0,0.0,1,1
8738,794468.5,636447.5,0.0,0.0,1,1
8739,794468.5,636447.5,0.0,0.0,1,1
8740,794468.5,636447.5,0.0,0.0,1,1
8741,794468.5,636447.5,0.0,0.0,1,1
8742,794468.5,636447.5,0.0,0.0,1,1
8743,794468.5,636447.5,0.0,0.0,1,1
8744,796021.5,636447.5,0.0,0.0,1,1
8745,796021.5,636447.5,0.0,0.0,1,1
8746,796021.5,636447.5,0.0,0.0,1,1
8747,796021.5,636447.5,0.0,0.0,1,1
8748,796021.5,636447.5,0.0,0.0,1,1
8749,796021.5,636447.5,0.0,0.0,1,1
8750,796021.5,636447.5,0.0,0.0,1,1
8751,796021.5,636447.5,0.0,0.0,1,1
8752,796021.5,636447.5,0.0,0.0,1,1
8753,796021.5,636447.5,0.0,0.0,1,1
8754,796021.5,636447.5,0.0,0.0,1,1
8755,796021.5,636447.5,0.0,0.0,1,1
8756,796021.5,636447.5,0.0,0.0,1,1
8757,796021.5,636447.5,0.0,0.0,1,1
8758,796021.5,636447.5,0.0,0.0,1,1
8759,795725.5,636447.5,0.0,0.0,1,1
8760,795725.5,636447.5,0.0,0.0,1,1
8761,795725.5,636447.5,0.0,0.0,1,1
8762,795725.5,636447.5,0.0,0.0,1,1
8763,795725.5,636447.5,0.0,0.0,1,1
8764,795725.5,636447.5,0.0,0.0,1,1
8765,795725.5,636447.5,0.0,0.0,1,1
8766,795725.5,636447.5,0.0,0.0,1,1
8767,795725.5,636447.5,0.0,0.0,1,1
8768,795725.5,636447.5,0.0,0.0,1,1
8769,795725.5,636447.5,0.0,0.0,1,1
8770,795725.5,636447.5,0.0,0.0,1,1
8771,795725.5,636447.5,0.0,0.0,1,1
8772,795725.5,636447.5,0.0,0.0,1,1
8773,795725.5,636447.5,0.0,0.0,1,1
8774,795725.5,636447.5,0.0,0.0,1,1
8775,795725.5,636447.5,0.0,0.0,1,1
8776,795725.5,636447.5,0.0,0.0,1,1
8777,795725.5,636447.5,0.0,0.0,1,1
8778,795393.0,636447.5,0.0,0.0,1,1
8779,795393.0,636447.5,0.0,0.0,1,1
8780,795393.0,636447.5,0.0,0.0,1,1
8781,795393.0,636447.5,0.0,0.0,1,1
8782,795393.0,636447.5,0.0,0.0,1,1
8783,795393.0,636447.5,0.0,0.0,1,1
8784,795393.0,636447.5,0.0,0.0,1,1
8785,795393.0,636447.5,0.0,0.0,1,1
8786,795393.0,636447.5,0.0,0.0,1,1
8787,795393.0,636447.5,0.0,0.0,1,1
8788,795393.0,636447.5,0.0,0.0,1,1
8789,795393.0,636447.5,0.0,0.0,1,1
8790,795393.0,636447.5,0.0,0.0,1,1
8791,795393.0,636447.5,0.0,0.0,1,1
8792,795393.0,636447.5,0.0,0.0,1,1
8793,795393.0,636447.5,0.0,0.0,1,1
8794,795393.0,636447.5,0.0,0.0,1,1
8795,795393.0,636447.5,0.0,0.0,1,1
8796,795393.0,636447.5,0.0,0.0,1,1
8797,795393.0,636447.5,0.0,0.0,1,1
8798,795393.0,636447.5,0.0,0.0,1,1
8799,795393.0,636447.5,0.0,0.0,1,1
8800,795393.0,636447.5,0.0,0.0,1,1
8801,795393.0,636447.5,0.0,0.0,1,1
8802,795393.0,636447.5,0.0,0.0,1,1
8803,795393.0,636447.5,0.0,0.0,1,1
8804,795393.0,636447.5,0.0,0.0,1,1
8805,795393.0,636447.5,0.0,0.0,1,1
8806,795393.0,636447.5,0.0,0.0,1,1
8807,795393.0,636447.5,0.0,0.0,1,1
8808,795393.0,636447.5,0.0,0.0,1,1
8809,795393.0,636447.5,0.0,0.0,1,1
8810,795393.0,636447.5,0.0,0.0,1,1
8811,795393.0,636447.5,0.0,0.0,1,1
8812,795393.0,636447.5,0.0,0.0,1,1
8813,795393.0,636447.5,0.0,0.0,1,1
8814,795260.0,636447.5,0.0,0.0,1,1
8815,795260.0,636447.5,0.0,0.0,1,1
8816,795260.0,636447.5,0.0,0.0,1,1
8817,795260.0,636447.5,0.0,0.0,1,1
8818,795350.0,636447.5,0.0,0.0,1,1
8819,795350.0,636447.5,0.0,0.0,1,1
8820,795350.0,636447.5,0.0,0.0,1,1
8821,795350.0,636447.5,0.0,0.0,1,1
8822,795350.0,636447.5,0.0,0.0,1,1
8823,795350.0,636447.5,0.0,0.0,1,1
8824,795350.0,636447.5,0.0,0.0,1,1
8825,795350.0,636447.5,0.0,0.0,1,1
8826,795350.0,636447.5,0.0,0.0,1,1
8827,795350.0,636447.5,0.0,0.0,1,1
8828,795350.0,636447.5,0.0,0.0,1,1
8829,795350.0,636447.5,0.0,0.0,1,1
8830,795350.0,636447.5,0.0,0.0,1,1
8831,795350.0,636447.5,0.0,0.0,1,1
8832,795350.0,636447.5,0.0,0.0,1,1
8833,795350.0,636447.5,0.0,0.0,1,1
8834,795350.0,636447.5,0.0,0.0,1,1
8835,795350.0,636447.5,0.0,0.0,1,1
8836,795350.0,636447.5,0.0,0.0,1,1
8837,795350.0,636447.5,0.0,0.0,1,1
8838,795350.0,636447.5,0.0,0.0,1,1
8839,795350.0,636447.5,0.0,0.0,1,1
8840,795350.0,636447.5,0.0,0.0,1,1
8841,795350.0,636447.5,0.0,0.0,1,1
8842,795350.0,636447.5,0.0,0.0,1,1
8843,795350.0,636447.5,0.0,0.0,1,1
8844,795350.0,636447.5,0.0,0.0,1,1
8845,795411.5,636447.5,0.0,0.0,1,1
8846,795414.5,636447.5,0.0,0.0,1,1
8847,795414.5,636447.5,0.0,0.0,1,1
8848,795414.5,636447.5,0.0,0.0,1,1
8849,795414.5,636447.5,0.0,0.0,1,1
8850,795414.5,636447.5,0.0,0.0,1,1
8851,795414.5,636447.5,0.0,0.0,1,1
8852,795414.5,636447.5,0.0,0.0,1,1
8853,795414.5,636447.5,0.0,0.0,1,1
8854,795414.5,636447.5,0.0,0.0,1,1
8855,795414.5,636447.5,0.0,0.0,1,1
8856,795414.5,636447.5,0.0,0.0,1,1
8857,795414.5,636447.5,0.0,0.0,1,1
8858,795414.5,636447.5,0.0,0.0,1,1
8859,795414.5,636447.5,0.0,0.0,1,1
8860,795414.5,636447.5,0.0,0.0,1,1
8861,795694.5,636447.5,0.0,0.0,1,1
8862,795694.5,636447.5,0.0,0.0,1,1
8863,795694.5,636447.5,0.0,0.0,1,1
8864,795694.5,636447.5,0.0,0.0,1,1
8865,795694.5,636447.5,0.0,0.0,1,1
8866,795694.5,636447.5,0.0,0.0,1,1
8867,795694.5,636447.5,0.0,0.0,1,1
8868,795694.5,636447.5,0.0,0.0,1,1
8869,795694.5,636447.5,0.0,0.0,1,1
8870,795694.5,636447.5,0.0,0.0,1,1
8871,795694.5,636447.5,0.0,0.0,1,1
8872,795694.5,636447.5,0.0,0.0,1,1
8873,795694.5,636447.5,0.0,0.0,1,1
8874,795694.5,636447.5,0.0,0.0,1,1
8875,795694.5,636447.5,0.0,0.0,1,1
8876,795694.5,636447.5,0.0,0.0,1,1
8877,795797.5,636447.5,0.0,0.0,1,1
8878,795797.5,636447.5,0.0,0.0,1,1
8879,795797.5,636447.5,0.0,0.0,1,1
8880,795797.5,636447.5,0.0,0.0,1,1
8881,795797.5,636447.5,0.0,0.0,1,1
8882,795619.0,636447.5,0.0,0.0,1,1
8883,795619.0,636447.5,0.0,0.0,1,1
8884,795619.0,636447.5,0.0,0.0,1,1
8885,795619.0,636447.5,0.0,0.0,1,1
8886,795619.0,636447.5,0.0,0.0,1,1
8887,795623.5,636447.5,0.0,0.0,1,1
8888,795623.5,636447.5,0.0,0.0,1,1
8889,795623.5,636447.5,0.0,0.0,1,1
8890,795623.5,636447.5,0.0,0.0,1,1
8891,795623.5,636447.5,0.0,0.0,1,1
8892,795623.5,636447.5,0.0,0.0,1,1
8893,795623.5,636447.5,0.0,0.0,1,1
8894,795623.5,636447.5,0.0,0.0,1,1
8895,795623.5,636447.5,0.0,0.0,1,1
8896,795623.5,636447.5,0.0,0.0,1,1
8897,795623.5,636447.5,0.0,0.0,1,1
8898,795623.5,636447.5,0.0,0.0,1,1
8899,795623.5,636447.5,0.0,0.0,1,1
8900,795623.5,636447.5,0.0,0.0,1,1
8901,795623.5,636447.5,0.0,0.0,1,1
8902,795623.5,636447.5,0.0,0.0,1,1
8903,795623.5,636447.5,0.0,0.0,1,1
8904,795623.5,636447.5,0.0,0.0,1,1
8905,795623.5,636447.5,0.0,0.0,1,1
8906,795623.5,636447.5,0.0,0.0,1,1
8907,795623.5,636447.5,0.0,0.0,1,1
8908,795623.5,636447.5,0.0,0.0,1,1
8909,795623.5,636447.5,0.0,0.0,1,1
8910,795619.5,636447.5,0.0,0.0,1,1
8911,795619.5,636447.5,0.0,0.0,1,1
8912,795619.5,636447.5,0.0,0.0,1,1
8913,795619.5,636447.5,0.0,0.0,1,1
8914,795619.5,636447.5,0.0,0.0,1,1
8915,795619.5,636447.5,0.0,0.0,1,1
8916,795619.5,636447.5,0.0,0.0,1,1
8917,795619.5,636447.5,0.0,0.0,1,1
8918,795619.5,636447.5,0.0,0.0,1,1
8919,795619.5,636447.5,0.0,0.0,1,1
8920,795619.5,636447.5,0.0,0.0,1,1
8921,795619.5,636447.5,0.0,0.0,1,1
8922,795619.5,636447.5,0.0,0.0,1,1
8923,795884.5,636447.5,0.0,0.0,1,1
8924,795884.5,636447.5,0.0,0.0,1,1
8925,795884.5,636447.5,0.0,0.0,1,1
8926,795884.5,636447.5,0.0,0.0,1,1
8927,795884.5,636447.5,0.0,0.0,1,1
8928,795884.5,636447.5,0.0,0.0,1,1
8929,795884.5,636447.5,0.0,0.0,1,1
8930,795967.5,636447.5,0.0,0.0,1,1
8931,795967.5,636447.5,0.0,0.0,1,1
8932,795967.5,636447.5,0.0,0.0,1,1
8933,795967.5,636447.5,0.0,0.0,1,1
8934,795967.5,636447.5,0.0,0.0,1,1
8935,795967.5,636447.5,0.0,0.0,1,1
8936,795967.5,636447.5,0.0,0.0,1,1
8937,795967.5,636447.5,0.0,0.0,1,1
8938,795967.5,636447.5,0.0,0.0,1,1
8939,795967.5,636447.5,0.0,0.0,1,1
8940,795967.5,636447.5,0.0,0.0,1,1
8941,795967.5,636447.5,0.0,0.0,1,1
8942,795967.5,636447.5,0.0,0.0,1,1
8943,795967.5,636447.5,0.0,0.0,1,1
8944,795967.5,636447.5,0.0,0.0,1,1
8945,795967.5,636447.5,0.0,0.0,1,1
8946,795967.5,636447.5,0.0,0.0,1,1
8947,795967.5,636447.5,0.0,0.0,1,1
8948,795967.5,636447.5,0.0,0.0,1,1
8949,795967.5,636447.5,0.0,0.0,1,1
8950,795967.5,636447.5,0.0,0.0,1,1
8951,795967.5,636447.5,0.0,0.0,1,1
8952,795967.5,636447.5,0.0,0.0,1,1
8953,795967.5,636447.5,0.0,0.0,1,1
8954,795967.5,636447.5,0.0,0.0,1,1
8955,795967.5,636447.5,0.0,0.0,1,1
8956,795967.5,636447.5,0.0,0.0,1,1
8957,795967.5,636447.5,0.0,0.0,1,1
8958,795967.5,636447.5,0.0,0.0,1,1
8959,795967.5,636447.5,0.0,0.0,1,1
8960,795967.5,636447.5,0.0,0.0,1,1
8961,795967.5,636447.5,0.0,0.0,1,1
8962,795967.5,636447.5,0.0,0.0,1,1
8963,795967.5,636447.5,0.0,0.0,1,1
8964,795967.5,636447.5,0.0,0.0,1,1
8965,795967.5,636447.5,0.0,0.0,1,1
8966,795967.5,636447.5,0.0,0.0,1,1
8967,795967.5,636447.5,0.0,0.0,1,1
8968,795967.5,636447.5,0.0,0.0,1,1
8969,795967.5,636447.5,0.0,0.0,1,1
8970,795967.5,636447.5,0.0,0.0,1,1
8971,795967.5,636447.5,0.0,0.0,1,1
8972,795967.5,636447.5,0.0,0.0,1,1
8973,795967.5,636447.5,0.0,0.0,1,1
8974,795967.5,636447.5,0.0,0.0,1,1
8975,795967.5,636447.5,0.0,0.0,1,1
8976,795967.5,636447.5,0.0,0.0,1,1
8977,795967.5,636447.5,0.0,0.0,1,1
8978,795967.5,636447.5,0.0,0.0,1,1
8979,795967.5,636447.5,0.0,0.0,1,1
8980,795967.5,636447.5,0.0,0.0,1,1
8981,795967.5,636447.5,0.0,0.0,1,1
8982,795967.5,636447.5,0.0,0.0,1,1
8983,795967.5,636447.5,0.0,0.0,1,1
8984,795967.5,636447.5,0.0,0.0,1,1
8985,795967.5,636447.5,0.0,0.0,1,1
8986,795967.5,636447.5,0.0,0.0,1,1
8987,795967.5,636447.5,0.0,0.0,1,1
8988,795967.5,636447.5,0.0,0.0,1,1
8989,795967.5,636447.5,0.0,0.0,1,1
8990,795967.5,636447.5,0.0,0.0,1,1
8991,795967.5,636447.5,0.0,0.0,1,1
8992,795967.5,636447.5,0.0,0.0,1,1
8993,795967.5,636447.5,0.0,0.0,1,1
8994,795967.5,636447.5,0.0,0.0,1,1
8995,795967.5,636447.5,0.0,0.0,1,1
8996,795967.5,636447.5,0.0,0.0,1,1
8997,795967.5,636447.5,0.0,0.0,1,1
8998,795967.5,636447.5,0.0,0.0,1,1
8999,795967.5,636447.5,0.0,0.0,1,1
9000,795967.5,636447.5,0.0,0.0,1,1
9001,795967.5,636447.5,0.0,0.0,1,1
9002,795967.5,636447.5,0.0,0.0,1,1
9003,795967.5,636447.5,0.0,0.0,1,1
9004,795967.5,636447.5,0.0,0.0,1,1
9005,795967.5,636447.5,0.0,0.0,1,1
9006,795967.5,636447.5,0.0,0.0,1,1
9007,795967.5,636447.5,0.0,0.0,1,1
9008,795967.5,636447.5,0.0,0.0,1,1
9009,795967.5,636447.5,0.0,0.0,1,1
9010,795967.5,636447.5,0.0,0.0,1,1
9011,795967.5,636447.5,0.0,0.0,1,1
9012,795967.5,636447.5,0.0,0.0,1,1
9013,795967.5,636447.5,0.0,0.0,1,1
9014,795967.5,636447.5,0.0,0.0,1,1
9015,795947.0,636447.5,0.0,0.0,1,1
9016,795947.0,636447.5,0.0,0.0,1,1
9017,795947.0,636447.5,0.0,0.0,1,1
9018,795947.0,636447.5,0.0,0.0,1,1
9019,795947.0,636447.5,0.0,0.0,1,1
9020,795947.0,636447.5,0.0,0.0,1,1
9021,795947.0,636447.5,0.0,0.0,1,1
9022,795947.0,636447.5,0.0,0.0,1,1
9023,795947.0,636447.5,0.0,0.0,1,1
9024,795947.0,636447.5,0.0,0.0,1,1
9025,795947.0,636447.5,0.0,0.0,1,1
9026,795947.0,636447.5,0.0,0.0,1,1
9027,795947.0,636447.5,0.0,0.0,1,1
9028,795947.0,636447.5,0.0,0.0,1,1
9029,795947.0,636447.5,0.0,0.0,1,1
9030,795947.0,636447.5,0.0,0.0,1,1
9031,795947.0,636447.5,0.0,0.0,1,1
9032,795947.0,636447.5,0.0,0.0,1,1
9033,795947.0,636447.5,0.0,0.0,1,1
9034,795947.0,636447.5,0.0,0.0,1,1
9035,795947.0,636447.5,0.0,0.0,1,1
9036,795947.0,636447.5,0.0,0.0,1,1
9037,795947.0,636447.5,0.0,0.0,1,1
9038,795947.0,636447.5,0.0,0.0,1,1
9039,795947.0,636447.5,0.0,0.0,1,1
9040,795905.0,636447.5,0.0,0.0,1,1
9041,795905.0,636447.5,0.0,0.0,1,1
9042,795905.0,636447.5,0.0,0.0,1,1
9043,795905.0,636447.5,0.0,0.0,1,1
9044,795905.0,636447.5,0.0,0.0,1,1
9045,795905.0,636447.5,0.0,0.0,1,1
9046,795905.0,636447.5,0.0,0.0,1,1
9047,795905.0,636447.5,0.0,0.0,1,1
9048,795905.0,636447.5,0.0,0.0,1,1
9049,795905.0,636447.5,0.0,0.0,1,1
9050,795905.0,636447.5,0.0,0.0,1,1
9051,795905.0,636447.5,0.0,0.0,1,1
9052,795905.0,636447.5,0.0,0.0,1,1
9053,795905.0,636447.5,0.0,0.0,1,1
9054,795905.0,636447.5,0.0,0.0,1,1
9055,795905.0,636447.5,0.0,0.0,1,1
9056,795905.0,636447.5,0.0,0.0,1,1
9057,796200.5,636447.5,0.0,0.0,1,1
9058,796619.5,636447.5,0.0,0.0,1,1
9059,796619.5,636447.5,0.0,0.0,1,1
9060,796619.5,636447.5,0.0,0.0,1,1
9061,796619.5,636447.5,0.0,0.0,1,1
9062,796619.5,636447.5,0.0,0.0,1,1
9063,796619.5,636447.5,0.0,0.0,1,1
9064,796619.5,636447.5,0.0,0.0,1,1
9065,796619.5,636447.5,0.0,0.0,1,1
9066,796619.5,636447.5,0.0,0.0,1,1
9067,796619.5,636447.5,0.0,0.0,1,1
9068,796619.5,636447.5,0.0,0.0,1,1
9069,796619.5,636447.5,0.0,0.0,1,1
9070,796619.5,636447.5,0.0,0.0,1,1
9071,796619.5,636447.5,0.0,0.0,1,1
9072,796615.5,636447.5,0.0,0.0,1,1
9073,796615.5,636447.5,0.0,0.0,1,1
9074,796615.5,636447.5,0.0,0.0,1,1
9075,796615.5,636447.5,0.0,0.0,1,1
9076,796615.5,636447.5,0.0,0.0,1,1
9077,796615.5,636447.5,0.0,0.0,1,1
9078,796615.5,636447.5,0.0,0.0,1,1
9079,796615.5,636447.5,0.0,0.0,1,1
9080,796615.5,636447.5,0.0,0.0,1,1
9081,796615.5,636447.5,0.0,0.0,1,1
9082,796615.5,636447.5,0.0,0.0,1,1
9083,796615.5,636447.5,0.0,0.0,1,1
9084,796615.5,636447.5,0.0,0.0,1,1
9085,796615.5,636447.5,0.0,0.0,1,1
9086,796615.5,636447.5,0.0,0.0,1,1
9087,796615.5,636447.5,0.0,0.0,1,1
9088,796615.5,636447.5,0.0,0.0,1,1
9089,796615.5,636447.5,0.0,0.0,1,1
9090,796397.5,636447.5,0.0,0.0,1,1
9091,796397.5,636447.5,0.0,0.0,1,1
9092,796444.0,636447.5,0.0,0.0,1,1
9093,796444.0,636447.5,0.0,0.0,1,1
9094,796444.0,636447.5,0.0,0.0,1,1
9095,796433.5,636447.5,0.0,0.0,1,1
9096,796433.5,636447.5,0.0,0.0,1,1
9097,796433.5,636447.5,0.0,0.0,1,1
9098,796433.5,636447.5,0.0,0.0,1,1
9099,796433.5,636447.5,0.0,0.0,1,1
9100,796433.5,636447.5,0.0,0.0,1,1
9101,796433.5,636447.5,0.0,0.0,1,1
9102,796433.5,636447.5,0.0,0.0,1,1
9103,796433.5,636447.5,0.0,0.0,1,1
9104,796433.5,636447.5,0.0,0.0,1,1
9105,796370.0,636447.5,0.0,0.0,1,1
9106,796370.0,636447.5,0.0,0.0,1,1
9107,796370.0,636447.5,0.0,0.0,1,1
9108,796370.0,636447.5,0.0,0.0,1,1
9109,796370.0,636447.5,0.0,0.0,1,1
9110,796370.0,636447.5,0.0,0.0,1,1
9111,796370.0,636447.5,0.0,0.0,1,1
9112,796370.0,636447.5,0.0,0.0,1,1
9113,796370.0,636447.5,0.0,0.0,1,1
9114,796370.0,636447.5,0.0,0.0,1,1
9115,796370.0,636447.5,0.0,0.0,1,1
9116,796370.0,636447.5,0.0,0.0,1,1
9117,796370.0,636447.5,0.0,0.0,1,1
9118,796370.0,636447.5,0.0,0.0,1,1
9119,796370.0,636447.5,0.0,0.0,1,1
9120,796370.0,636447.5,0.0,0.0,1,1
9121,796370.0,636447.5,0.0,0.0,1,1
9122,796370.0,636447.5,0.0,0.0,1,1
9123,796370.0,636447.5,0.0,0.0,1,1
9124,796370.0,636447.5,0.0,0.0,1,1
9125,796370.0,636447.5,0.0,0.0,1,1
9126,796370.0,636447.5,0.0,0.0,1,1
9127,796370.0,636447.5,0.0,0.0,1,1
9128,796370.0,636447.5,0.0,0.0,1,1
9129,796370.0,636447.5,0.0,0.0,1,1
9130,796370.0,636447.5,0.0,0.0,1,1
9131,796370.0,636447.5,0.0,0.0,1,1
9132,796370.0,636447.5,0.0,0.0,1,1
9133,796370.0,636447.5,0.0,0.0,1,1
9134,796370.0,636447.5,0.0,0.0,1,1
9135,796370.0,636447.5,0.0,0.0,1,1
9136,796370.0,636447.5,0.0,0.0,1,1
9137,796370.0,636447.5,0.0,0.0,1,1
9138,796370.0,636447.5,0.0,0.0,1,1
9139,796370.0,636447.5,0.0,0.0,1,1
9140,796370.0,636447.5,0.0,0.0,1,1
9141,796370.0,636447.5,0.0,0.0,1,1
9142,796370.0,636447.5,0.0,0.0,1,1
9143,796370.0,636447.5,0.0,0.0,1,1
9144,796370.0,636447.5,0.0,0.0,1,1
9145,796370.0,636447.5,0.0,0.0,1,1
9146,796370.0,636447.5,0.0,0.0,1,1
9147,796370.0,636447.5,0.0,0.0,1,1
9148,796370.0,636447.5,0.0,0.0,1,1
9149,796370.0,636447.5,0.0,0.0,1,1
9150,796370.0,636447.5,0.0,0.0,1,1
9151,796370.0,636447.5,0.0,0.0,1,1
9152,796370.0,636447.5,0.0,0.0,1,1
9153,796370.0,636447.5,0.0,0.0,1,1
9154,796370.0,636447.5,0.0,0.0,1,1
9155,796370.0,636447.5,0.0,0.0,1,1
9156,796266.0,636447.5,0.0,0.0,1,1
9157,798065.0,636447.5,0.0,0.0,1,1
9158,798065.0,636447.5,0.0,0.0,1,1
9159,798065.0,636447.5,0.0,0.0,1,1
9160,798065.0,636447.5,0.0,0.0,1,1
9161,798065.0,636447.5,0.0,0.0,1,1
9162,798065.0,636447.5,0.0,0.0,1,1
9163,798065.0,636447.5,0.0,0.0,1,1
9164,798065.0,636447.5,0.0,0.0,1,1
9165,798065.0,636447.5,0.0,0.0,1,1
9166,798065.0,636447.5,0.0,0.0,1,1
9167,798065.0,636447.5,0.0,0.0,1,1
9168,798065.0,636447.5,0.0,0.0,1,1
9169,798065.0,636447.5,0.0,0.0,1,1
9170,798065.0,636447.5,0.0,0.0,1,1
9171,798065.0,636447.5,0.0,0.0,1,1
9172,798065.0,636447.5,0.0,0.0,1,1
9173,798065.0,636447.5,0.0,0.0,1,1
9174,798065.0,636447.5,0.0,0.0,1,1
9175,798065.0,636447.5,0.0,0.0,1,1
9176,798065.0,636447.5,0.0,0.0,1,1
9177,798065.0,636447.5,0.0,0.0,1,1
9178,798065.0,636447.5,0.0,0.0,1,1
9179,798065.0,636447.5,0.0,0.0,1,1
9180,798065.0,636447.5,0.0,0.0,1,1
9181,798065.0,636447.5,0.0,0.0,1,1
9182,798065.0,636447.5,0.0,0.0,1,1
9183,798005.0,636447.5,0.0,0.0,1,1
9184,798005.0,636447.5,0.0,0.0,1,1
9185,798005.0,636447.5,0.0,0.0,1,1
9186,798005.0,636447.5,0.0,0.0,1,1
9187,798005.0,636447.5,0.0,0.0,1,1
9188,798005.0,636447.5,0.0,0.0,1,1
9189,798053.0,636447.5,0.0,0.0,1,1
9190,798053.0,636447.5,0.0,0.0,1,1
9191,798053.0,636447.5,0.0,0.0,1,1
9192,798053.0,636447.5,0.0,0.0,1,1
9193,798053.0,636447.5,0.0,0.0,1,1
9194,798053.0,636447.5,0.0,0.0,1,1
9195,798053.0,636447.5,0.0,0.0,1,1
9196,798053.0,636447.5,0.0,0.0,1,1
9197,798053.0,636447.5,0.0,0.0,1,1
9198,798053.0,636447.5,0.0,0.0,1,1
9199,798053.0,636447.5,0.0,0.0,1,1
9200,798053.0,636447.5,0.0,0.0,1,1
9201,798053.0,636447.5,0.0,0.0,1,1
9202,798053.0,636447.5,0.0,0.0,1,1
9203,798053.0,636447.5,0.0,0.0,1,1
9204,798020.0,636447.5,0.0,0.0,1,1
9205,798020.0,636447.5,0.0,0.0,1,1
9206,798020.0,636447.5,0.0,0.0,1,1
9207,798020.0,636447.5,0.0,0.0,1,1
9208,798020.0,636447.5,0.0,0.0,1,1
9209,798020.0,636447.5,0.0,0.0,1,1
9210,797379.0,636447.5,0.0,0.0,1,1
9211,797379.0,636447.5,0.0,0.0,1,1
9212,797379.0,636447.5,0.0,0.0,1,1
9213,797379.0,636447.5,0.0,0.0,1,1
9214,797379.0,636447.5,0.0,0.0,1,1
9215,797379.0,636447.5,0.0,0.0,1,1
9216,797379.0,636447.5,0.0,0.0,1,1
9217,797379.0,636447.5,0.0,0.0,1,1
9218,797379.0,636447.5,0.0,0.0,1,1
9219,797379.0,636447.5,0.0,0.0,1,1
9220,797379.0,636447.5,0.0,0.0,1,1
9221,797379.0,636447.5,0.0,0.0,1,1
9222,797379.0,636447.5,0.0,0.0,1,1
9223,797379.0,636447.5,0.0,0.0,1,1
9224,797379.0,636447.5,0.0,0.0,1,1
9225,797379.0,636447.5,0.0,0.0,1,1
9226,797379.0,636447.5,0.0,0.0,1,1
9227,797379.0,636447.5,0.0,0.0,1,1
9228,797379.0,636447.5,0.0,0.0,1,1
9229,797379.0,636447.5,0.0,0.0,1,1
9230,797379.0,636447.5,0.0,0.0,1,1
9231,797379.0,636447.5,0.0,0.0,1,1
9232,797379.0,636447.5,0.0,0.0,1,1
9233,797379.0,636447.5,0.0,0.0,1,1
9234,797379.0,636447.5,0.0,0.0,1,1
9235,797379.0,636447.5,0.0,0.0,1,1
9236,797379.0,636447.5,0.0,0.0,1,1
9237,797379.0,636447.5,0.0,0.0,1,1
9238,797379.0,636447.5,0.0,0.0,1,1
9239,797281.5,636447.5,0.0,0.0,1,1
9240,797281.5,636447.5,0.0,0.0,1,1
9241,797281.5,636447.5,0.0,0.0,1,1
9242,797281.5,636447.5,0.0,0.0,1,1
9243,797281.5,636447.5,0.0,0.0,1,1
9244,797281.5,636447.5,0.0,0.0,1,1
9245,797281.5,636447.5,0.0,0.0,1,1
9246,797313.0,636447.5,0.0,0.0,1,1
9247,797313.0,636447.5,0.0,0.0,1,1
9248,797313.0,636447.5,0.0,0.0,1,1
9249,797313.0,636447.5,0.0,0.0,1,1
9250,797312.0,636447.5,0.0,0.0,1,1
9251,797312.0,636447.5,0.0,0.0,1,1
9252,797312.0,636447.5,0.0,0.0,1,1
9253,797312.0,636447.5,0.0,0.0,1,1
9254,797312.0,636447.5,0.0,0.0,1,1
9255,797312.0,636447.5,0.0,0.0,1,1
9256,797312.0,636447.5,0.0,0.0,1,1
9257,797312.0,636447.5,0.0,0.0,1,1
9258,797312.0,636447.5,0.0,0.0,1,1
9259,797312.0,636447.5,0.0,0.0,1,1
9260,797312.0,636447.5,0.0,0.0,1,1
9261,797312.0,636447.5,0.0,0.0,1,1
9262,797312.0,636447.5,0.0,0.0,1,1
9263,797312.0,636447.5,0.0,0.0,1,1
9264,795968.0,636447.5,0.0,0.0,1,1
9265,795968.0,636447.5,0.0,0.0,1,1
9266,795968.0,636447.5,0.0,0.0,1,1
9267,795968.0,636447.5,0.0,0.0,1,1
9268,795968.0,636447.5,0.0,0.0,1,1
9269,795968.0,636447.5,0.0,0.0,1,1
9270,795968.0,636447.5,0.0,0.0,1,1
9271,795959.0,636447.5,0.0,0.0,1,1
9272,795959.0,636447.5,0.0,0.0,1,1
9273,795959.0,636447.5,0.0,0.0,1,1
9274,795959.0,636447.5,0.0,0.0,1,1
9275,795959.0,636447.5,0.0,0.0,1,1
9276,795959.0,636447.5,0.0,0.0,1,1
9277,795852.5,636447.5,0.0,0.0,1,1
9278,795418.5,636447.5,0.0,0.0,1,1
9279,795418.5,636447.5,0.0,0.0,1,1
9280,795418.5,636447.5,0.0,0.0,1,1
9281,795418.5,636447.5,0.0,0.0,1,1
9282,795418.5,636447.5,0.0,0.0,1,1
9283,795418.5,636447.5,0.0,0.0,1,1
9284,795418.5,636447.5,0.0,0.0,1,1
9285,795418.5,636447.5,0.0,0.0,1,1
9286,795418.5,636447.5,0.0,0.0,1,1
9287,795418.5,636447.5,0.0,0.0,1,1
9288,795418.5,636447.5,0.0,0.0,1,1
9289,795418.5,636447.5,0.0,0.0,1,1
9290,795418.5,636447.5,0.0,0.0,1,1
9291,795302.5,636447.5,0.0,0.0,1,1
9292,795302.5,636447.5,0.0,0.0,1,1
9293,795302.5,636447.5,0.0,0.0,1,1
9294,795302.5,636447.5,0.0,0.0,1,1
9295,795302.5,636447.5,0.0,0.0,1,1
9296,795302.5,636447.5,0.0,0.0,1,1
9297,795302.5,636447.5,0.0,0.0,1,1
9298,795302.5,636447.5,0.0,0.0,1,1
9299,795302.5,636447.5,0.0,0.0,1,1
9300,795302.5,636447.5,0.0,0.0,1,1
9301,795302.5,636447.5,0.0,0.0,1,1
9302,795302.5,636447.5,0.0,0.0,1,1
9303,795268.0,636447.5,0.0,0.0,1,1
9304,795268.0,636447.5,0.0,0.0,1,1
9305,795268.0,636447.5,0.0,0.0,1,1
9306,795268.0,636447.5,0.0,0.0,1,1
9307,795268.0,636447.5,0.0,0.0,1,1
9308,795268.0,636447.5,0.0,0.0,1,1
9309,795268.0,636447.5,0.0,0.0,1,1
9310,795268.0,636447.5,0.0,0.0,1,1
9311,795268.0,636447.5,0.0,0.0,1,1
9312,795268.0,636447.5,0.0,0.0,1,1
9313,795268.0,636447.5,0.0,0.0,1,1
9314,795268.0,636447.5,0.0,0.0,1,1
9315,795268.0,636447.5,0.0,0.0,1,1
9316,795268.0,636447.5,0.0,0.0,1,1
9317,795268.0,636447.5,0.0,0.0,1,1
9318,795268.0,636447.5,0.0,0.0,1,1
9319,795268.0,636447.5,0.0,0.0,1,1
9320,795268.0,636447.5,0.0,0.0,1,1
9321,795268.0,636447.5,0.0,0.0,1,1
9322,794982.0,636447.5,0.0,0.0,1,1
9323,794982.0,636447.5,0.0,0.0,1,1
9324,794982.0,636447.5,0.0,0.0,1,1
9325,794982.0,636447.5,0.0,0.0,1,1
9326,794982.0,636447.5,0.0,0.0,1,1
9327,794982.0,636447.5,0.0,0.0,1,1
9328,794982.0,636447.5,0.0,0.0,1,1
9329,794982.0,636447.5,0.0,0.0,1,1
9330,794982.0,636447.5,0.0,0.0,1,1
9331,794982.0,636447.5,0.0,0.0,1,1
9332,794982.0,636447.5,0.0,0.0,1,1
9333,794982.0,636447.5,0.0,0.0,1,1
9334,794982.0,636447.5,0.0,0.0,1,1
9335,794982.0,636447.5,0.0,0.0,1,1
9336,794982.0,636447.5,0.0,0.0,1,1
9337,794982.0,636447.5,0.0,0.0,1,1
9338,794982.0,636447.5,0.0,0.0,1,1
9339,794982.0,636447.5,0.0,0.0,1,1
9340,794982.0,636447.5,0.0,0.0,1,1
9341,794982.0,636447.5,0.0,0.0,1,1
9342,794982.0,636447.5,0.0,0.0,1,1
9343,794982.0,636447.5,0.0,0.0,1,1
9344,794982.0,636447.5,0.0,0.0,1,1
9345,794896.0,636447.5,0.0,0.0,1,1
9346,794896.0,636447.5,0.0,0.0,1,1
9347,794896.0,636447.5,0.0,0.0,1,1
9348,794896.0,636447.5,0.0,0.0,1,1
9349,794896.0,636447.5,0.0,0.0,1,1
9350,794896.0,636447.5,0.0,0.0,1,1
9351,794896.0,636447.5,0.0,0.0,1,1
9352,794896.0,636447.5,0.0,0.0,1,1
9353,794896.0,636447.5,0.0,0.0,1,1
9354,794896.0,636447.5,0.0,0.0,1,1
9355,794896.0,636447.5,0.0,0.0,1,1
9356,794896.0,636447.5,0.0,0.0,1,1
9357,794896.0,636447.5,0.0,0.0,1,1
9358,794896.0,636447.5,0.0,0.0,1,1
9359,794896.0,636447.5,0.0,0.0,1,1
9360,794896.0,636447.5,0.0,0.0,1,1
9361,794896.0,636447.5,0.0,0.0,1,1
9362,794896.0,636447.5,0.0,0.0,1,1
9363,794896.0,636447.5,0.0,0.0,1,1
9364,794896.0,636447.5,0.0,0.0,1,1
9365,794896.0,636447.5,0.0,0.0,1,1
9366,794896.0,636447.5,0.0,0.0,1,1
9367,794986.0,636447.5,0.0,0.0,1,1
9368,794986.0,636447.5,0.0,0.0,1,1
9369,794986.0,636447.5,0.0,0.0,1,1
9370,794986.0,636447.5,0.0,0.0,1,1
9371,794986.0,636447.5,0.0,0.0,1,1
9372,794986.0,636447.5,0.0,0.0,1,1
9373,794986.0,636447.5,0.0,0.0,1,1
9374,794986.0,636447.5,0.0,0.0,1,1
9375,794986.0,636447.5,0.0,0.0,1,1
9376,794986.0,636447.5,0.0,0.0,1,1
9377,794986.0,636447.5,0.0,0.0,1,1
9378,794986.0,636447.5,0.0,0.0,1,1
9379,794986.0,636447.5,0.0,0.0,1,1
9380,794986.0,636447.5,0.0,0.0,1,1
9381,794986.0,636447.5,0.0,0.0,1,1
9382,794986.0,636447.5,0.0,0.0,1,1
9383,794986.0,636447.5,0.0,0.0,1,1
9384,794986.0,636447.5,0.0,0.0,1,1
9385,794986.0,636447.5,0.0,0.0,1,1
9386,794986.0,636447.5,0.0,0.0,1,1
9387,794986.0,636447.5,0.0,0.0,1,1
9388,794986.0,636447.5,0.0,0.0,1,1
9389,794986.0,636447.5,0.0,0.0,1,1
9390,794986.0,636447.5,0.0,0.0,1,1
9391,794986.0,636447.5,0.0,0.0,1,1
9392,794870.0,636447.5,0.0,0.0,1,1
9393,795056.5,636447.5,0.0,0.0,1,1
9394,795056.5,636447.5,0.0,0.0,1,1
9395,792896.5,636447.5,0.0,0.0,1,1
9396,792896.5,636447.5,0.0,0.0,1,1
9397,792896.5,636447.5,0.0,0.0,1,1
9398,792896.5,636447.5,0.0,0.0,1,1
9399,792896.5,636447.5,0.0,0.0,1,1
9400,792896.5,636447.5,0.0,0.0,1,1
9401,792896.5,636447.5,0.0,0.0,1,1
9402,792896.5,636447.5,0.0,0.0,1,1
9403,792896.5,636447.5,0.0,0.0,1,1
9404,792896.5,636447.5,0.0,0.0,1,1
9405,792896.5,636447.5,0.0,0.0,1,1
9406,792896.5,636447.5,0.0,0.0,1,1
9407,792896.5,636447.5,0.0,0.0,1,1
9408,792896.5,636447.5,0.0,0.0,1,1
9409,792896.5,636447.5,0.0,0.0,1,1
9410,792896.5,636447.5,0.0,0.0,1,1
9411,792896.5,636447.5,0.0,0.0,1,1
9412,792896.5,636447.5,0.0,0.0,1,1
9413,792896.5,636447.5,0.0,0.0,1,1
9414,792896.5,636447.5,0.0,0.0,1,1
9415,792896.5,636447.5,0.0,0.0,1,1
9416,792896.5,636447.5,0.0,0.0,1,1
9417,792896.5,636447.5,0.0,0.0,1,1
9418,792896.5,636447.5,0.0,0.0,1,1
9419,792896.5,636447.5,0.0,0.0,1,1
9420,792896.5,636447.5,0.0,0.0,1,1
9421,792896.5,636447.5,0.0,0.0,1,1
9422,792896.5,636447.5,0.0,0.0,1,1
9423,792854.5,636447.5,0.0,0.0,1,1
9424,792854.5,636447.5,0.0,0.0,1,1
9425,792854.5,636447.5,0.0,0.0,1,1
9426,792854.5,636447.5,0.0,0.0,1,1
9427,792854.5,636447.5,0.0,0.0,1,1
9428,792854.5,636447.5,0.0,0.0,1,1
9429,792854.5,636447.5,0.0,0.0,1,1
9430,792342.0,636447.5,0.0,0.0,1,1
9431,792342.0,636447.5,0.0,0.0,1,1
9432,792342.0,636447.5,0.0,0.0,1,1
9433,792342.0,636447.5,0.0,0.0,1,1
9434,792342.0,636447.5,0.0,0.0,1,1
9435,792342.0,636447.5,0.0,0.0,1,1
9436,793501.0,636447.5,0.0,0.0,1,1
9437,793501.0,636447.5,0.0,0.0,1,1
9438,793501.0,636447.5,0.0,0.0,1,1
9439,793501.0,636447.5,0.0,0.0,1,1
9440,793501.0,636447.5,0.0,0.0,1,1
9441,793501.0,636447.5,0.0,0.0,1,1
9442,793501.0,636447.5,0.0,0.0,1,1
9443,793501.0,636447.5,0.0,0.0,1,1
9444,793501.0,636447.5,0.0,0.0,1,1
9445,793501.0,636447.5,0.0,0.0,1,1
9446,793501.0,636447.5,0.0,0.0,1,1
9447,793501.0,636447.5,0.0,0.0,1,1
9448,793501.0,636447.5,0.0,0.0,1,1
9449,793501.0,636447.5,0.0,0.0,1,1
9450,793501.0,636447.5,0.0,0.0,1,1
9451,793501.0,636447.5,0.0,0.0,1,1
9452,793501.0,636447.5,0.0,0.0,1,1
9453,793501.0,636447.5,0.0,0.0,1,1
9454,793501.0,636447.5,0.0,0.0,1,1
9455,793501.0,636447.5,0.0,0.0,1,1
9456,793501.0,636447.5,0.0,0.0,1,1
9457,793501.0,636447.5,0.0,0.0,1,1
9458,793501.0,636447.5,0.0,0.0,1,1
9459,793501.0,636447.5,0.0,0.0,1,1
9460,793501.0,636447.5,0.0,0.0,1,1
9461,793501.0,636447.5,0.0,0.0,1,1
9462,793501.0,636447.5,0.0,0.0,1,1
9463,793498.0,636447.5,0.0,0.0,1,1
9464,793498.0,636447.5,0.0,0.0,1,1
9465,793498.0,636447.5,0.0,0.0,1,1
9466,793498.0,636447.5,0.0,0.0,1,1
9467,793498.0,636447.5,0.0,0.0,1,1
9468,793498.0,636447.5,0.0,0.0,1,1
9469,793498.0,636447.5,0.0,0.0,1,1
9470,793498.0,636447.5,0.0,0.0,1,1
9471,793498.0,636447.5,0.0,0.0,1,1
9472,793498.0,636447.5,0.0,0.0,1,1
9473,793498.0,636447.5,0.0,0.0,1,1
9474,793498.0,636447.5,0.0,0.0,1,1
9475,793498.0,636447.5,0.0,0.0,1,1
9476,793498.0,636447.5,0.0,0.0,1,1
9477,793498.0,636447.5,0.0,0.0,1,1
9478,793498.0,636447.5,0.0,0.0,1,1
9479,793498.0,636447.5,0.0,0.0,1,1
9480,793498.0,636447.5,0.0,0.0,1,1
9481,793498.0,636447.5,0.0,0.0,1,1
9482,793498.0,636447.5,0.0,0.0,1,1
9483,792938.5,636447.5,0.0,0.0,1,1
9484,792938.5,636447.5,0.0,0.0,1,1
9485,792938.5,636447.5,0.0,0.0,1,1
9486,792938.5,636447.5,0.0,0.0,1,1
9487,792938.5,636447.5,0.0,0.0,1,1
9488,792938.5,636447.5,0.0,0.0,1,1
9489,792938.5,636447.5,0.0,0.0,1,1
9490,792938.5,636447.5,0.0,0.0,1,1
9491,792938.5,636447.5,0.0,0.0,1,1
9492,792938.5,636447.5,0.0,0.0,1,1
9493,792938.5,636447.5,0.0,0.0,1,1
9494,792938.5,636447.5,0.0,0.0,1,1
9495,792938.5,636447.5,0.0,0.0,1,1
9496,792938.5,636447.5,0.0,0.0,1,1
9497,792938.5,636447.5,0.0,0.0,1,1
9498,792938.5,636447.5,0.0,0.0,1,1
9499,792938.5,636447.5,0.0,0.0,1,1
9500,792938.5,636447.5,0.0,0.0,1,1
9501,792938.5,636447.5,0.0,0.0,1,1
9502,792938.5,636447.5,0.0,0.0,1,1
9503,792938.5,636447.5,0.0,0.0,1,1
9504,792938.5,636447.5,0.0,0.0,1,1
9505,792938.5,636447.5,0.0,0.0,1,1
9506,792938.5,636447.5,0.0,0.0,1,1
9507,792938.5,636447.5,0.0,0.0,1,1
9508,792911.5,636447.5,0.0,0.0,1,1
9509,792911.5,636447.5,0.0,0.0,1,1
9510,792911.5,636447.5,0.0,0.0,1,1
9511,792911.5,636447.5,0.0,0.0,1,1
9512,792911.5,636447.5,0.0,0.0,1,1
9513,792911.5,636447.5,0.0,0.0,1,1
9514,792911.5,636447.5,0.0,0.0,1,1
9515,792911.5,636447.5,0.0,0.0,1,1
9516,792911.5,636447.5,0.0,0.0,1,1
9517,792911.5,636447.5,0.0,0.0,1,1
9518,792911.5,636447.5,0.0,0.0,1,1
9519,792911.5,636447.5,0.0,0.0,1,1
9520,792911.5,636447.5,0.0,0.0,1,1
9521,792911.5,636447.5,0.0,0.0,1,1
9522,792911.5,636447.5,0.0,0.0,1,1
9523,792911.5,636447.5,0.0,0.0,1,1
9524,792911.5,636447.5,0.0,0.0,1,1
9525,792911.5,636447.5,0.0,0.0,1,1
9526,792911.5,636447.5,0.0,0.0,1,1
9527,792911.5,636447.5,0.0,0.0,1,1
9528,792911.5,636447.5,0.0,0.0,1,1
9529,793910.5,636447.5,0.0,0.0,1,1
9530,793910.5,636447.5,0.0,0.0,1,1
9531,793910.5,636447.5,0.0,0.0,1,1
9532,793910.5,636447.5,0.0,0.0,1,1
9533,793703.0,636447.5,0.0,0.0,1,1
9534,793703.0,636447.5,0.0,0.0,1,1
9535,793703.0,636447.5,0.0,0.0,1,1
9536,793703.0,636447.5,0.0,0.0,1,1
9537,793703.0,636447.5,0.0,0.0,1,1
9538,793369.0,636447.5,0.0,0.0,1,1
9539,793369.0,636447.5,0.0,0.0,1,1
9540,793369.0,636447.5,0.0,0.0,1,1
9541,793369.0,636447.5,0.0,0.0,1,1
9542,793369.0,636447.5,0.0,0.0,1,1
9543,793369.0,636447.5,0.0,0.0,1,1
9544,793369.0,636447.5,0.0,0.0,1,1
9545,793369.0,636447.5,0.0,0.0,1,1
9546,793369.0,636447.5,0.0,0.0,1,1
9547,793369.0,636447.5,0.0,0.0,1,1
9548,793369.0,636447.5,0.0,0.0,1,1
9549,793369.0,636447.5,0.0,0.0,1,1
9550,793369.0,636447.5,0.0,0.0,1,1
9551,793369.0,636447.5,0.0,0.0,1,1
9552,793369.0,636447.5,0.0,0.0,1,1
9553,793369.0,636447.5,0.0,0.0,1,1
9554,793369.0,636447.5,0.0,0.0,1,1
9555,793369.0,636447.5,0.0,0.0,1,1
9556,793369.0,636447.5,0.0,0.0,1,1
9557,793369.0,636447.5,0.0,0.0,1,1
9558,793369.0,636447.5,0.0,0.0,1,1
9559,793369.0,636447.5,0.0,0.0,1,1
9560,793369.0,636447.5,0.0,0.0,1,1
9561,793369.0,636447.5,0.0,0.0,1,1
9562,793369.0,636447.5,0.0,0.0,1,1
9563,793369.0,636447.5,0.0,0.0,1,1
9564,793369.0,636447.5,0.0,0.0,1,1
9565,793356.5,636447.5,0.0,0.0,1,1
9566,793356.5,636447.5,0.0,0.0,1,1
9567,793356.5,636447.5,0.0,0.0,1,1
9568,793356.5,636447.5,0.0,0.0,1,1
9569,793356.5,636447.5,0.0,0.0,1,1
9570,793356.5,636447.5,0.0,0.0,1,1
9571,793356.5,636447.5,0.0,0.0,1,1
9572,793356.5,636447.5,0.0,0.0,1,1
9573,793356.5,636447.5,0.0,0.0,1,1
9574,793356.5,636447.5,0.0,0.0,1,1
9575,793356.5,636447.5,0.0,0.0,1,1
9576,793356.5,636447.5,0.0,0.0,1,1
9577,793356.5,636447.5,0.0,0.0,1,1
9578,793356.5,636447.5,0.0,0.0,1,1
9579,793356.5,636447.5,0.0,0.0,1,1
9580,793356.5,636447.5,0.0,0.0,1,1
9581,793356.5,636447.5,0.0,0.0,1,1
9582,793356.5,636447.5,0.0,0.0,1,1
9583,793356.5,636447.5,0.0,0.0,1,1
9584,793356.5,636447.5,0.0,0.0,1,1
9585,793356.5,636447.5,0.0,0.0,1,1
9586,793356.5,636447.5,0.0,0.0,1,1
9587,793356.5,636447.5,0.0,0.0,1,1
9588,797262.5,636447.5,0.0,0.0,1,1
9589,797262.5,636447.5,0.0,0.0,1,1
9590,797262.5,636447.5,0.0,0.0,1,1
9591,797262.5,636447.5,0.0,0.0,1,1
9592,797262.5,636447.5,0.0,0.0,1,1
9593,797262.5,636447.5,0.0,0.0,1,1
9594,797262.5,636447.5,0.0,0.0,1,1
9595,797262.5,636447.5,0.0,0.0,1,1
9596,798048.0,636447.5,0.0,0.0,1,1
9597,798024.0,636447.5,0.0,0.0,1,1
9598,798024.0,636447.5,0.0,0.0,1,1
9599,798024.0,636447.5,0.0,0.0,1,1
9600,798024.0,636447.5,0.0,0.0,1,1
9601,794522.5,636447.5,0.0,0.0,1,1
9602,794522.5,636447.5,0.0,0.0,1,1
9603,794522.5,636447.5,0.0,0.0,1,1
9604,794852.5,636447.5,0.0,0.0,1,1
9605,794852.5,636447.5,0.0,0.0,1,1
9606,794852.5,636447.5,0.0,0.0,1,1
9607,794852.5,636447.5,0.0,0.0,1,1
9608,794761.0,636447.5,0.0,0.0,1,1
9609,794797.5,636447.5,0.0,0.0,1,1
9610,794797.5,636447.5,0.0,0.0,1,1
9611,794797.5,636447.5,0.0,0.0,1,1
9612,794797.5,636447.5,0.0,0.0,1,1
9613,794797.5,636447.5,0.0,0.0,1,1
9614,794797.5,636447.5,0.0,0.0,1,1
9615,794797.5,636447.5,0.0,0.0,1,1
9616,794797.5,636447.5,0.0,0.0,1,1
9617,794797.5,636447.5,0.0,0.0,1,1
9618,794797.5,636447.5,0.0,0.0,1,1
9619,794797.5,636447.5,0.0,0.0,1,1
9620,794797.5,636447.5,0.0,0.0,1,1
9621,794797.5,636447.5,0.0,0.0,1,1
9622,794797.5,636447.5,0.0,0.0,1,1
9623,794797.5,636447.5,0.0,0.0,1,1
9624,794797.5,636447.5,0.0,0.0,1,1
9625,794797.5,636447.5,0.0,0.0,1,1
9626,794797.5,636447.5,0.0,0.0,1,1
9627,794797.5,636447.5,0.0,0.0,1,1
9628,794797.5,636447.5,0.0,0.0,1,1
9629,794797.5,636447.5,0.0,0.0,1,1
9630,794797.5,636447.5,0.0,0.0,1,1
9631,795092.5,636447.5,0.0,0.0,1,1
9632,795092.5,636447.5,0.0,0.0,1,1
9633,795092.5,636447.5,0.0,0.0,1,1
9634,795092.5,636447.5,0.0,0.0,1,1
9635,795092.5,636447.5,0.0,0.0,1,1
9636,795092.5,636447.5,0.0,0.0,1,1
9637,795092.5,636447.5,0.0,0.0,1,1
9638,795092.5,636447.5,0.0,0.0,1,1
9639,795092.5,636447.5,0.0,0.0,1,1
9640,795092.5,636447.5,0.0,0.0,1,1
9641,795092.5,636447.5,0.0,0.0,1,1
9642,795092.5,636447.5,0.0,0.0,1,1
9643,795092.5,636447.5,0.0,0.0,1,1
9644,795092.5,636447.5,0.0,0.0,1,1
9645,795092.5,636447.5,0.0,0.0,1,1
9646,795092.5,636447.5,0.0,0.0,1,1
9647,795092.5,636447.5,0.0,0.0,1,1
9648,795092.5,636447.5,0.0,0.0,1,1
9649,795092.5,636447.5,0.0,0.0,1,1
9650,795092.5,636447.5,0.0,0.0,1,1
9651,795092.5,636447.5,0.0,0.0,1,1
9652,795092.5,636447.5,0.0,0.0,1,1
9653,795147.5,636447.5,0.0,0.0,1,1
9654,795147.5,636447.5,0.0,0.0,1,1
9655,795147.5,636447.5,0.0,0.0,1,1
9656,795147.5,636447.5,0.0,0.0,1,1
9657,795147.5,636447.5,0.0,0.0,1,1
9658,795147.5,636447.5,0.0,0.0,1,1
9659,795147.5,636447.5,0.0,0.0,1,1
9660,795147.5,636447.5,0.0,0.0,1,1
9661,795147.5,636447.5,0.0,0.0,1,1
9662,795147.5,636447.5,0.0,0.0,1,1
9663,795147.5,636447.5,0.0,0.0,1,1
9664,795147.5,636447.5,0.0,0.0,1,1
9665,793629.5,636447.5,0.0,0.0,1,1
9666,793629.5,636447.5,0.0,0.0,1,1
9667,793629.5,636447.5,0.0,0.0,1,1
9668,793629.5,636447.5,0.0,0.0,1,1
9669,793629.5,636447.5,0.0,0.0,1,1
9670,793629.5,636447.5,0.0,0.0,1,1
9671,793629.5,636447.5,0.0,0.0,1,1
9672,793629.5,636447.5,0.0,0.0,1,1
9673,793629.5,636447.5,0.0,0.0,1,1
9674,793629.5,636447.5,0.0,0.0,1,1
9675,793629.5,636447.5,0.0,0.0,1,1
9676,793629.5,636447.5,0.0,0.0,1,1
9677,793629.5,636447.5,0.0,0.0,1,1
9678,793629.5,636447.5,0.0,0.0,1,1
9679,795334.0,636447.5,0.0,0.0,1,1
9680,795334.0,636447.5,0.0,0.0,1,1
9681,795334.0,636447.5,0.0,0.0,1,1
9682,795506.0,636447.5,0.0,0.0,1,1
9683,795506.0,636447.5,0.0,0.0,1,1
9684,795506.0,636447.5,0.0,0.0,1,1
9685,795506.0,636447.5,0.0,0.0,1,1
9686,795506.0,636447.5,0.0,0.0,1,1
9687,795506.0,636447.5,0.0,0.0,1,1
9688,795506.0,636447.5,0.0,0.0,1,1
9689,795643.0,636447.5,0.0,0.0,1,1
9690,795643.0,636447.5,0.0,0.0,1,1
9691,795643.0,636447.5,0.0,0.0,1,1
9692,795643.0,636447.5,0.0,0.0,1,1
9693,795643.0,636447.5,0.0,0.0,1,1
9694,795643.0,636447.5,0.0,0.0,1,1
9695,795643.0,636447.5,0.0,0.0,1,1
9696,795643.0,636447.5,0.0,0.0,1,1
9697,795643.0,636447.5,0.0,0.0,1,1
9698,795643.0,636447.5,0.0,0.0,1,1
9699,795643.0,636447.5,0.0,0.0,1,1
9700,795643.0,636447.5,0.0,0.0,1,1
9701,795643.0,636447.5,0.0,0.0,1,1
9702,795643.0,636447.5,0.0,0.0,1,1
9703,795643.0,636447.5,0.0,0.0,1,1
9704,795643.0,636447.5,0.0,0.0,1,1
9705,795643.0,636447.5,0.0,0.0,1,1
9706,795643.0,636447.5,0.0,0.0,1,1
9707,795643.0,636447.5,0.0,0.0,1,1
9708,795643.0,636447.5,0.0,0.0,1,1
9709,795643.0,636447.5,0.0,0.0,1,1
9710,795643.0,636447.5,0.0,0.0,1,1
9711,795643.0,636447.5,0.0,0.0,1,1
9712,795643.0,636447.5,0.0,0.0,1,1
9713,795643.0,636447.5,0.0,0.0,1,1
9714,795643.0,636447.5,0.0,0.0,1,1
9715,795643.0,636447.5,0.0,0.0,1,1
9716,795643.0,636447.5,0.0,0.0,1,1
9717,795643.0,636447.5,0.0,0.0,1,1
9718,795534.5,636447.5,0.0,0.0,1,1
9719,795534.5,636447.5,0.0,0.0,1,1
9720,795534.5,636447.5,0.0,0.0,1,1
9721,795534.5,636447.5,0.0,0.0,1,1
9722,795534.5,636447.5,0.0,0.0,1,1
9723,795534.5,636447.5,0.0,0.0,1,1
9724,795457.5,636447.5,0.0,0.0,1,1
9725,795457.5,636447.5,0.0,0.0,1,1
9726,795457.5,636447.5,0.0,0.0,1,1
9727,795522.0,636447.5,0.0,0.0,1,1
9728,795522.0,636447.5,0.0,0.0,1,1
9729,795522.0,636447.5,0.0,0.0,1,1
9730,795522.0,636447.5,0.0,0.0,1,1
9731,795522.0,636447.5,0.0,0.0,1,1
9732,795522.0,636447.5,0.0,0.0,1,1
9733,795522.0,636447.5,0.0,0.0,1,1
9734,795522.0,636447.5,0.0,0.0,1,1
9735,795522.0,636447.5,0.0,0.0,1,1
9736,795522.0,636447.5,0.0,0.0,1,1
9737,795522.0,636447.5,0.0,0.0,1,1
9738,795522.0,636447.5,0.0,0.0,1,1
9739,795522.0,636447.5,0.0,0.0,1,1
9740,795522.0,636447.5,0.0,0.0,1,1
9741,795522.0,636447.5,0.0,0.0,1,1
9742,795522.0,636447.5,0.0,0.0,1,1
9743,795522.0,636447.5,0.0,0.0,1,1
9744,795522.0,636447.5,0.0,0.0,1,1
9745,795522.0,636447.5,0.0,0.0,1,1
9746,795522.0,636447.5,0.0,0.0,1,1
9747,795522.0,636447.5,0.0,0.0,1,1
9748,795522.0,636447.5,0.0,0.0,1,1
9749,795522.0,636447.5,0.0,0.0,1,1
9750,795513.0,636447.5,0.0,0.0,1,1
9751,795513.0,636447.5,0.0,0.0,1,1
9752,795513.0,636447.5,0.0,0.0,1,1
9753,795513.0,636447.5,0.0,0.0,1,1
9754,795513.0,636447.5,0.0,0.0,1,1
9755,795513.0,636447.5,0.0,0.0,1,1
9756,795513.0,636447.5,0.0,0.0,1,1
9757,794948.0,636447.5,0.0,0.0,1,1
9758,794948.0,636447.5,0.0,0.0,1,1
9759,794948.0,636447.5,0.0,0.0,1,1
9760,794948.0,636447.5,0.0,0.0,1,1
9761,794948.0,636447.5,0.0,0.0,1,1
9762,794948.0,636447.5,0.0,0.0,1,1
9763,794948.0,636447.5,0.0,0.0,1,1
9764,794948.0,636447.5,0.0,0.0,1,1
9765,794985.0,636447.5,0.0,0.0,1,1
9766,794985.0,636447.5,0.0,0.0,1,1
9767,794985.0,636447.5,0.0,0.0,1,1
9768,794985.0,636447.5,0.0,0.0,1,1
9769,794985.0,636447.5,0.0,0.0,1,1
9770,794985.0,636447.5,0.0,0.0,1,1
9771,794985.0,636447.5,0.0,0.0,1,1
9772,794985.0,636447.5,0.0,0.0,1,1
9773,794985.0,636447.5,0.0,0.0,1,1
9774,794985.0,636447.5,0.0,0.0,1,1
9775,794985.0,636447.5,0.0,0.0,1,1
9776,794985.0,636447.5,0.0,0.0,1,1
9777,794985.0,636447.5,0.0,0.0,1,1
9778,794985.0,636447.5,0.0,0.0,1,1
9779,794985.0,636447.5,0.0,0.0,1,1
9780,794985.0,636447.5,0.0,0.0,1,1
9781,794985.0,636447.5,0.0,0.0,1,1
9782,794985.0,636447.5,0.0,0.0,1,1
9783,794985.0,636447.5,0.0,0.0,1,1
9784,794985.0,636447.5,0.0,0.0,1,1
9785,794985.0,636447.5,0.0,0.0,1,1
9786,794985.0,636447.5,0.0,0.0,1,1
9787,794985.0,636447.5,0.0,0.0,1,1
9788,794985.0,636447.5,0.0,0.0,1,1
9789,795014.0,636447.5,0.0,0.0,1,1
9790,795014.0,636447.5,0.0,0.0,1,1
9791,795014.0,636447.5,0.0,0.0,1,1
9792,795014.0,636447.5,0.0,0.0,1,1
9793,795014.0,636447.5,0.0,0.0,1,1
9794,795014.0,636447.5,0.0,0.0,1,1
9795,795014.0,636447.5,0.0,0.0,1,1
9796,795014.0,636447.5,0.0,0.0,1,1
9797,795014.0,636447.5,0.0,0.0,1,1
9798,795014.0,636447.5,0.0,0.0,1,1
9799,795014.0,636447.5,0.0,0.0,1,1
9800,795014.0,636447.5,0.0,0.0,1,1
9801,795014.0,636447.5,0.0,0.0,1,1
9802,795014.0,636447.5,0.0,0.0,1,1
9803,795014.0,636447.5,0.0,0.0,1,1
9804,795014.0,636447.5,0.0,0.0,1,1
9805,795014.0,636447.5,0.0,0.0,1,1
9806,795014.0,636447.5,0.0,0.0,1,1
9807,795014.0,636447.5,0.0,0.0,1,1
9808,795014.0,636447.5,0.0,0.0,1,1
9809,795014.0,636447.5,0.0,0.0,1,1
9810,795014.0,636447.5,0.0,0.0,1,1
9811,795014.0,636447.5,0.0,0.0,1,1
9812,795014.0,636447.5,0.0,0.0,1,1
9813,795014.0,636447.5,0.0,0.0,1,1
9814,795014.0,636447.5,0.0,0.0,1,1
9815,795014.0,636447.5,0.0,0.0,1,1
9816,795014.0,636447.5,0.0,0.0,1,1
9817,795014.0,636447.5,0.0,0.0,1,1
9818,795014.0,636447.5,0.0,0.0,1,1
9819,795014.0,636447.5,0.0,0.0,1,1
9820,795014.0,636447.5,0.0,0.0,1,1
9821,795014.0,636447.5,0.0,0.0,1,1
9822,795014.0,636447.5,0.0,0.0,1,1
9823,795014.0,636447.5,0.0,0.0,1,1
9824,795014.0,636447.5,0.0,0.0,1,1
9825,795014.0,636447.5,0.0,0.0,1,1
9826,794952.0,636447.5,0.0,0.0,1,1
9827,794952.0,636447.5,0.0,0.0,1,1
9828,794952.0,636447.5,0.0,0.0,1,1
9829,794952.0,636447.5,0.0,0.0,1,1
9830,794952.0,636447.5,0.0,0.0,1,1
9831,794952.0,636447.5,0.0,0.0,1,1
9832,794952.0,636447.5,0.0,0.0,1,1
9833,794952.0,636447.5,0.0,0.0,1,1
9834,794952.0,636447.5,0.0,0.0,1,1
9835,794952.0,636447.5,0.0,0.0,1,1
9836,794952.0,636447.5,0.0,0.0,1,1
9837,794952.0,636447.5,0.0,0.0,1,1
9838,794952.0,636447.5,0.0,0.0,1,1
9839,794952.0,636447.5,0.0,0.0,1,1
9840,794952.0,636447.5,0.0,0.0,1,1
9841,794952.0,636447.5,0.0,0.0,1,1
9842,794952.0,636447.5,0.0,0.0,1,1
9843,794952.0,636447.5,0.0,0.0,1,1
9844,794952.0,636447.5,0.0,0.0,1,1
9845,794952.0,636447.5,0.0,0.0,1,1
9846,794952.0,636447.5,0.0,0.0,1,1
9847,794952.0,636447.5,0.0,0.0,1,1
9848,794952.0,636447.5,0.0,0.0,1,1
9849,794952.0,636447.5,0.0,0.0,1,1
9850,794952.0,636447.5,0.0,0.0,1,1
9851,794952.0,636447.5,0.0,0.0,1,1
9852,794952.0,636447.5,0.0,0.0,1,1
9853,794952.0,636447.5,0.0,0.0,1,1
9854,794952.0,636447.5,0.0,0.0,1,1
9855,794952.0,636447.5,0.0,0.0,1,1
9856,794952.0,636447.5,0.0,0.0,1,1
9857,794952.0,636447.5,0.0,0.0,1,1
9858,794952.0,636447.5,0.0,0.0,1,1
9859,794952.0,636447.5,0.0,0.0,1,1
9860,794952.0,636447.5,0.0,0.0,1,1
9861,794952.0,636447.5,0.0,0.0,1,1
9862,794952.0,636447.5,0.0,0.0,1,1
9863,795397.0,636447.5,0.0,0.0,1,1
9864,795397.0,636447.5,0.0,0.0,1,1
9865,796341.0,636447.5,0.0,0.0,1,1
9866,796341.0,636447.5,0.0,0.0,1,1
9867,796341.0,636447.5,0.0,0.0,1,1
9868,796341.0,636447.5,0.0,0.0,1,1
9869,796341.0,636447.5,0.0,0.0,1,1
9870,796341.0,636447.5,0.0,0.0,1,1
9871,796341.0,636447.5,0.0,0.0,1,1
9872,796341.0,636447.5,0.0,0.0,1,1
9873,796341.0,636447.5,0.0,0.0,1,1
9874,796341.0,636447.5,0.0,0.0,1,1
9875,796341.0,636447.5,0.0,0.0,1,1
9876,796341.0,636447.5,0.0,0.0,1,1
9877,796341.0,636447.5,0.0,0.0,1,1
9878,796341.0,636447.5,0.0,0.0,1,1
9879,796341.0,636447.5,0.0,0.0,1,1
9880,796341.0,636447.5,0.0,0.0,1,1
9881,796341.0,636447.5,0.0,0.0,1,1
9882,796341.0,636447.5,0.0,0.0,1,1
9883,796341.0,636447.5,0.0,0.0,1,1
9884,796341.0,636447.5,0.0,0.0,1,1
9885,796341.0,636447.5,0.0,0.0,1,1
9886,796341.0,636447.5,0.0,0.0,1,1
9887,796341.0,636447.5,0.0,0.0,1,1
9888,796341.0,636447.5,0.0,0.0,1,1
9889,796341.0,636447.5,0.0,0.0,1,1
9890,796341.0,636447.5,0.0,0.0,1,1
9891,796341.0,636447.5,0.0,0.0,1,1
9892,796341.0,636447.5,0.0,0.0,1,1
9893,796341.0,636447.5,0.0,0.0,1,1
9894,796341.0,636447.5,0.0,0.0,1,1
9895,796341.0,636447.5,0.0,0.0,1,1
9896,796341.0,636447.5,0.0,0.0,1,1
9897,796341.0,636447.5,0.0,0.0,1,1
9898,796341.0,636447.5,0.0,0.0,1,1
9899,796341.0,636447.5,0.0,0.0,1,1
9900,796341.0,636447.5,0.0,0.0,1,1
9901,796341.0,636447.5,0.0,0.0,1,1
9902,796341.0,636447.5,0.0,0.0,1,1
9903,796341.0,636447.5,0.0,0.0,1,1
9904,796341.0,636447.5,0.0,0.0,1,1
9905,796341.0,636447.5,0.0,0.0,1,1
9906,796341.0,636447.5,0.0,0.0,1,1
9907,796449.5,636447.5,0.0,0.0,1,1
9908,796811.0,636447.5,0.0,0.0,1,1
9909,796811.0,636447.5,0.0,0.0,1,1
9910,796811.0,636447.5,0.0,0.0,1,1
9911,796811.0,636447.5,0.0,0.0,1,1
9912,797996.0,636447.5,0.0,0.0,1,1
9913,797996.0,636447.5,0.0,0.0,1,1
9914,798143.0,636447.5,0.0,0.0,1,1
9915,798143.0,636447.5,0.0,0.0,1,1
9916,798143.0,636447.5,0.0,0.0,1,1
9917,798143.0,636447.5,0.0,0.0,1,1
9918,798143.0,636447.5,0.0,0.0,1,1
9919,798143.0,636447.5,0.0,0.0,1,1
9920,798143.0,636447.5,0.0,0.0,1,1
9921,798143.0,636447.5,0.0,0.0,1,1
9922,798143.0,636447.5,0.0,0.0,1,1
9923,798143.0,636447.5,0.0,0.0,1,1
9924,798143.0,636447.5,0.0,0.0,1,1
9925,798143.0,636447.5,0.0,0.0,1,1
9926,798143.0,636447.5,0.0,0.0,1,1
9927,798143.0,636447.5,0.0,0.0,1,1
9928,798143.0,636447.5,0.0,0.0,1,1
9929,798143.0,636447.5,0.0,0.0,1,1
9930,798143.0,636447.5,0.0,0.0,1,1
9931,798159.5,636447.5,0.0,0.0,1,1
9932,798159.5,636447.5,0.0,0.0,1,1
9933,798159.5,636447.5,0.0,0.0,1,1
9934,798159.5,636447.5,0.0,0.0,1,1
9935,798159.5,636447.5,0.0,0.0,1,1
9936,798159.5,636447.5,0.0,0.0,1,1
9937,798159.5,636447.5,0.0,0.0,1,1
9938,798037.5,636447.5,0.0,0.0,1,1
9939,798037.5,636447.5,0.0,0.0,1,1
9940,798037.5,636447.5,0.0,0.0,1,1
9941,797968.0,636447.5,0.0,0.0,1,1
9942,797968.0,636447.5,0.0,0.0,1,1
9943,797968.0,636447.5,0.0,0.0,1,1
9944,797968.0,636447.5,0.0,0.0,1,1
9945,797968.0,636447.5,0.0,0.0,1,1
9946,797968.0,636447.5,0.0,0.0,1,1
9947,797968.0,636447.5,0.0,0.0,1,1
9948,797968.0,636447.5,0.0,0.0,1,1
9949,797968.0,636447.5,0.0,0.0,1,1
9950,797968.0,636447.5,0.0,0.0,1,1
9951,797968.0,636447.5,0.0,0.0,1,1
9952,797968.0,636447.5,0.0,0.0,1,1
9953,797968.0,636447.5,0.0,0.0,1,1
9954,797968.0,636447.5,0.0,0.0,1,1
9955,797968.0,636447.5,0.0,0.0,1,1
9956,799626.0,636447.5,0.0,0.0,1,1
9957,799626.0,636447.5,0.0,0.0,1,1
9958,799626.0,636447.5,0.0,0.0,1,1
9959,799626.0,636447.5,0.0,0.0,1,1
9960,799626.0,636447.5,0.0,0.0,1,1
9961,799626.0,636447.5,0.0,0.0,1,1
9962,799626.0,636447.5,0.0,0.0,1,1
9963,799794.0,636447.5,0.0,0.0,1,1
9964,799794.0,636447.5,0.0,0.0,1,1
9965,799794.0,636447.5,0.0,0.0,1,1
9966,799794.0,636447.5,0.0,0.0,1,1
9967,799794.0,636447.5,0.0,0.0,1,1
9968,799794.0,636447.5,0.0,0.0,1,1
9969,799794.0,636447.5,0.0,0.0,1,1
9970,799794.0,636447.5,0.0,0.0,1,1
9971,799794.0,636447.5,0.0,0.0,1,1
9972,799794.0,636447.5,0.0,0.0,1,1
9973,799794.0,636447.5,0.0,0.0,1,1
9974,799794.0,636447.5,0.0,0.0,1,1
9975,799794.0,636447.5,0.0,0.0,1,1
9976,799794.0,636447.5,0.0,0.0,1,1
9977,799794.0,636447.5,0.0,0.0,1,1
9978,799731.0,636447.5,0.0,0.0,1,1
9979,799731.0,636447.5,0.0,0.0,1,1
9980,799731.0,636447.5,0.0,0.0,1,1
9981,799790.5,636447.5,0.0,0.0,1,1
9982,799790.5,636447.5,0.0,0.0,1,1
9983,799790.5,636447.5,0.0,0.0,1,1
9984,799661.0,636447.5,0.0,0.0,1,1
9985,799661.0,636447.5,0.0,0.0,1,1
9986,799661.0,636447.5,0.0,0.0,1,1
9987,799661.0,636447.5,0.0,0.0,1,1
9988,799661.0,636447.5,0.0,0.0,1,1
9989,799661.0,636447.5,0.0,0.0,1,1
9990,799661.0,636447.5,0.0,0.0,1,1
9991,799661.0,636447.5,0.0,0.0,1,1
9992,799661.0,636447.5,0.0,0.0,1,1
9993,799661.0,636447.5,0.0,0.0,1,1
9994,799661.0,636447.5,0.0,0.0,1,1
9995,799661.0,636447.5,0.0,0.0,1,1
9996,799661.0,636447.5,0.0,0.0,1,1
9997,799661.0,636447.5,0.0,0.0,1,1
9998,799661.0,636447.5,0.0,0.0,1,1
9999,799661.0,636447.5,0.0,0.0,1,1
10000,799661.0,636447.5,0.0,0.0,1,1
10001,799661.0,636447.5,0.0,0.0,1,1
10002,799661.0,636447.5,0.0,0.0,1,1
10003,799661.0,636447.5,0.0,0.0,1,1
10004,799725.5,636447.5,0.0,0.0,1,1
10005,799725.5,636447.5,0.0,0.0,1,1
10006,799725.5,636447.5,0.0,0.0,1,1
10007,799725.5,636447.5,0.0,0.0,1,1
10008,799725.5,636447.5,0.0,0.0,1,1
10009,799725.5,636447.5,0.0,0.0,1,1
10010,799725.5,636447.5,0.0,0.0,1,1
10011,799725.5,636447.5,0.0,0.0,1,1
10012,799725.5,636447.5,0.0,0.0,1,1
10013,799725.5,636447.5,0.0,0.0,1,1
10014,799725.5,636447.5,0.0,0.0,1,1
10015,799725.5,636447.5,0.0,0.0,1,1
10016,799725.5,636447.5,0.0,0.0,1,1
10017,798990.0,636447.5,0.0,0.0,1,1
10018,798990.0,636447.5,0.0,0.0,1,1
10019,798990.0,636447.5,0.0,0.0,1,1
10020,798990.0,636447.5,0.0,0.0,1,1
10021,798990.0,636447.5,0.0,0.0,1,1
10022,798990.0,636447.5,0.0,0.0,1,1
10023,798990.0,636447.5,0.0,0.0,1,1
10024,798990.0,636447.5,0.0,0.0,1,1
10025,798990.0,636447.5,0.0,0.0,1,1
10026,798438.0,636447.5,0.0,0.0,1,1
10027,798438.0,636447.5,0.0,0.0,1,1
10028,798438.0,636447.5,0.0,0.0,1,1
10029,798438.0,636447.5,0.0,0.0,1,1
10030,798438.0,636447.5,0.0,0.0,1,1
10031,798438.0,636447.5,0.0,0.0,1,1
10032,798438.0,636447.5,0.0,0.0,1,1
10033,798438.0,636447.5,0.0,0.0,1,1
10034,798438.0,636447.5,0.0,0.0,1,1
10035,798438.0,636447.5,0.0,0.0,1,1
10036,798438.0,636447.5,0.0,0.0,1,1
10037,798438.0,636447.5,0.0,0.0,1,1
10038,798438.0,636447.5,0.0,0.0,1,1
10039,798438.0,636447.5,0.0,0.0,1,1
10040,798438.0,636447.5,0.0,0.0,1,1
10041,798438.0,636447.5,0.0,0.0,1,1
10042,798438.0,636447.5,0.0,0.0,1,1
10043,798438.0,636447.5,0.0,0.0,1,1
10044,798438.0,636447.5,0.0,0.0,1,1
10045,798438.0,636447.5,0.0,0.0,1,1
10046,798438.0,636447.5,0.0,0.0,1,1
10047,798438.0,636447.5,0.0,0.0,1,1
10048,798438.0,636447.5,0.0,0.0,1,1
10049,798223.0,636447.5,0.0,0.0,1,1
10050,798223.0,636447.5,0.0,0.0,1,1
10051,798366.5,636447.5,0.0,0.0,1,1
10052,798366.5,636447.5,0.0,0.0,1,1
10053,798366.5,636447.5,0.0,0.0,1,1
10054,798366.5,636447.5,0.0,0.0,1,1
10055,798366.5,636447.5,0.0,0.0,1,1
10056,798366.5,636447.5,0.0,0.0,1,1
10057,798366.5,636447.5,0.0,0.0,1,1
10058,798366.5,636447.5,0.0,0.0,1,1
10059,798366.5,636447.5,0.0,0.0,1,1
10060,798366.5,636447.5,0.0,0.0,1,1
10061,798366.5,636447.5,0.0,0.0,1,1
10062,798366.5,636447.5,0.0,0.0,1,1
10063,798366.5,636447.5,0.0,0.0,1,1
10064,798366.5,636447.5,0.0,0.0,1,1
10065,798366.5,636447.5,0.0,0.0,1,1
10066,798366.5,636447.5,0.0,0.0,1,1
10067,798366.5,636447.5,0.0,0.0,1,1
10068,798366.5,636447.5,0.0,0.0,1,1
10069,798366.5,636447.5,0.0,0.0,1,1
10070,798366.5,636447.5,0.0,0.0,1,1
10071,798366.5,636447.5,0.0,0.0,1,1
10072,798366.5,636447.5,0.0,0.0,1,1
10073,798366.5,636447.5,0.0,0.0,1,1
10074,798366.5,636447.5,0.0,0.0,1,1
10075,798366.5,636447.5,0.0,0.0,1,1
10076,798366.5,636447.5,0.0,0.0,1,1
10077,798366.5,636447.5,0.0,0.0,1,1
10078,798366.5,636447.5,0.0,0.0,1,1
10079,798366.5,636447.5,0.0,0.0,1,1
10080,798366.5,636447.5,0.0,0.0,1,1
10081,798366.5,636447.5,0.0,0.0,1,1
10082,798366.5,636447.5,0.0,0.0,1,1
10083,798366.5,636447.5,0.0,0.0,1,1
10084,798366.5,636447.5,0.0,0.0,1,1
10085,798366.5,636447.5,0.0,0.0,1,1
10086,798366.5,636447.5,0.0,0.0,1,1
10087,798366.5,636447.5,0.0,0.0,1,1
10088,798366.5,636447.5,0.0,0.0,1,1
10089,798428.5,636447.5,0.0,0.0,1,1
10090,798428.5,636447.5,0.0,0.0,1,1
10091,798428.5,636447.5,0.0,0.0,1,1
10092,798428.5,636447.5,0.0,0.0,1,1
10093,798428.5,636447.5,0.0,0.0,1,1
10094,798428.5,636447.5,0.0,0.0,1,1
10095,798428.5,636447.5,0.0,0.0,1,1
10096,798428.5,636447.5,0.0,0.0,1,1
10097,798428.5,636447.5,0.0,0.0,1,1
10098,798428.5,636447.5,0.0,0.0,1,1
10099,798428.5,636447.5,0.0,0.0,1,1
10100,798428.5,636447.5,0.0,0.0,1,1
10101,798428.5,636447.5,0.0,0.0,1,1
10102,798428.5,636447.5,0.0,0.0,1,1
10103,798428.5,636447.5,0.0,0.0,1,1
10104,798428.5,636447.5,0.0,0.0,1,1
10105,798428.5,636447.5,0.0,0.0,1,1
10106,798428.5,636447.5,0.0,0.0,1,1
10107,798428.5,636447.5,0.0,0.0,1,1
10108,798428.5,636447.5,0.0,0.0,1,1
10109,798428.5,636447.5,0.0,0.0,1,1
10110,798428.5,636447.5,0.0,0.0,1,1
10111,798428.5,636447.5,0.0,0.0,1,1
10112,798428.5,636447.5,0.0,0.0,1,1
10113,798428.5,636447.5,0.0,0.0,1,1
10114,799547.5,636447.5,0.0,0.0,1,1
10115,799679.0,636447.5,0.0,0.0,1,1
10116,799679.0,636447.5,0.0,0.0,1,1
10117,799679.0,636447.5,0.0,0.0,1,1
10118,799679.0,636447.5,0.0,0.0,1,1
10119,799679.0,636447.5,0.0,0.0,1,1
10120,799679.0,636447.5,0.0,0.0,1,1
10121,799679.0,636447.5,0.0,0.0,1,1
10122,799679.0,636447.5,0.0,0.0,1,1
10123,800912.0,636447.5,0.0,0.0,1,1
10124,800912.0,636447.5,0.0,0.0,1,1
10125,800776.5,636447.5,0.0,0.0,1,1
10126,800776.5,636447.5,0.0,0.0,1,1
10127,800776.5,636447.5,0.0,0.0,1,1
10128,800984.0,636447.5,0.0,0.0,1,1
10129,800984.0,636447.5,0.0,0.0,1,1
10130,800984.0,636447.5,0.0,0.0,1,1
10131,800984.0,636447.5,0.0,0.0,1,1
10132,800984.0,636447.5,0.0,0.0,1,1
10133,800984.0,636447.5,0.0,0.0,1,1
10134,800984.0,636447.5,0.0,0.0,1,1
10135,800984.0,636447.5,0.0,0.0,1,1
10136,800984.0,636447.5,0.0,0.0,1,1
10137,800984.0,636447.5,0.0,0.0,1,1
10138,800984.0,636447.5,0.0,0.0,1,1
10139,800984.0,636447.5,0.0,0.0,1,1
10140,800984.0,636447.5,0.0,0.0,1,1
10141,800984.0,636447.5,0.0,0.0,1,1
10142,800984.0,636447.5,0.0,0.0,1,1
10143,800865.0,636447.5,0.0,0.0,1,1
10144,800865.0,636447.5,0.0,0.0,1,1
10145,800865.0,636447.5,0.0,0.0,1,1
10146,800865.0,636447.5,0.0,0.0,1,1
10147,800865.0,636447.5,0.0,0.0,1,1
10148,800865.0,636447.5,0.0,0.0,1,1
10149,800865.0,636447.5,0.0,0.0,1,1
10150,800865.0,636447.5,0.0,0.0,1,1
10151,800865.0,636447.5,0.0,0.0,1,1
10152,800865.0,636447.5,0.0,0.0,1,1
10153,800865.0,636447.5,0.0,0.0,1,1
10154,800865.0,636447.5,0.0,0.0,1,1
10155,800865.0,636447.5,0.0,0.0,1,1
10156,800772.5,636447.5,0.0,0.0,1,1
10157,801586.0,636447.5,0.0,0.0,1,1
10158,801586.0,636447.5,0.0,0.0,1,1
10159,801586.0,636447.5,0.0,0.0,1,1
10160,801586.0,636447.5,0.0,0.0,1,1
10161,801586.0,636447.5,0.0,0.0,1,1
10162,801586.0,636447.5,0.0,0.0,1,1
10163,801586.0,636447.5,0.0,0.0,1,1
10164,801586.0,636447.5,0.0,0.0,1,1
10165,801586.0,636447.5,0.0,0.0,1,1
10166,801586.0,636447.5,0.0,0.0,1,1
10167,801586.0,636447.5,0.0,0.0,1,1
10168,795489.5,636447.5,0.0,0.0,1,1
10169,795489.5,636447.5,0.0,0.0,1,1
10170,795489.5,636447.5,0.0,0.0,1,1
10171,795489.5,636447.5,0.0,0.0,1,1
10172,795489.5,636447.5,0.0,0.0,1,1
10173,795489.5,636447.5,0.0,0.0,1,1
10174,795489.5,636447.5,0.0,0.0,1,1
10175,795558.5,636447.5,0.0,0.0,1,1
10176,795558.5,636447.5,0.0,0.0,1,1
10177,795611.0,636447.5,0.0,0.0,1,1
10178,795611.0,636447.5,0.0,0.0,1,1
10179,795611.0,636447.5,0.0,0.0,1,1
10180,795611.0,636447.5,0.0,0.0,1,1
10181,795611.0,636447.5,0.0,0.0,1,1
10182,795611.0,636447.5,0.0,0.0,1,1
10183,795611.0,636447.5,0.0,0.0,1,1
10184,795611.0,636447.5,0.0,0.0,1,1
10185,795558.5,636447.5,0.0,0.0,1,1
10186,795558.5,636447.5,0.0,0.0,1,1
10187,795558.5,636447.5,0.0,0.0,1,1
10188,795558.5,636447.5,0.0,0.0,1,1
10189,795558.5,636447.5,0.0,0.0,1,1
10190,795558.5,636447.5,0.0,0.0,1,1
10191,795558.5,636447.5,0.0,0.0,1,1
10192,795558.5,636447.5,0.0,0.0,1,1
10193,795558.5,636447.5,0.0,0.0,1,1
10194,795558.5,636447.5,0.0,0.0,1,1
10195,795558.5,636447.5,0.0,0.0,1,1
10196,795558.5,636447.5,0.0,0.0,1,1
10197,795558.5,636447.5,0.0,0.0,1,1
10198,795558.5,636447.5,0.0,0.0,1,1
10199,795558.5,636447.5,0.0,0.0,1,1
10200,795558.5,636447.5,0.0,0.0,1,1
10201,795558.5,636447.5,0.0,0.0,1,1
10202,795558.5,636447.5,0.0,0.0,1,1
10203,795558.5,636447.5,0.0,0.0,1,1
10204,795558.5,636447.5,0.0,0.0,1,1
10205,795558.5,636447.5,0.0,0.0,1,1
10206,795558.5,636447.5,0.0,0.0,1,1
10207,795558.5,636447.5,0.0,0.0,1,1
10208,795558.5,636447.5,0.0,0.0,1,1
10209,795558.5,636447.5,0.0,0.0,1,1
10210,795558.5,636447.5,0.0,0.0,1,1
10211,795558.5,636447.5,0.0,0.0,1,1
10212,795558.5,636447.5,0.0,0.0,1,1
10213,795558.5,636447.5,0.0,0.0,1,1
10214,795558.5,636447.5,0.0,0.0,1,1
10215,795558.5,636447.5,0.0,0.0,1,1
10216,795533.5,636447.5,0.0,0.0,1,1
10217,795533.5,636447.5,0.0,0.0,1,1
10218,795533.5,636447.5,0.0,0.0,1,1
10219,795533.5,636447.5,0.0,0.0,1,1
10220,795533.5,636447.5,0.0,0.0,1,1
10221,795533.5,636447.5,0.0,0.0,1,1
10222,795533.5,636447.5,0.0,0.0,1,1
10223,795533.5,636447.5,0.0,0.0,1,1
10224,795533.5,636447.5,0.0,0.0,1,1
10225,795533.5,636447.5,0.0,0.0,1,1
10226,795533.5,636447.5,0.0,0.0,1,1
10227,795533.5,636447.5,0.0,0.0,1,1
10228,795533.5,636447.5,0.0,0.0,1,1
10229,795533.5,636447.5,0.0,0.0,1,1
10230,795533.5,636447.5,0.0,0.0,1,1
10231,795533.5,636447.5,0.0,0.0,1,1
10232,795533.5,636447.5,0.0,0.0,1,1
10233,795533.5,636447.5,0.0,0.0,1,1
10234,795533.5,636447.5,0.0,0.0,1,1
10235,795533.5,636447.5,0.0,0.0,1,1
10236,795452.0,636447.5,0.0,0.0,1,1
10237,795452.0,636447.5,0.0,0.0,1,1
10238,795452.0,636447.5,0.0,0.0,1,1
10239,795452.0,636447.5,0.0,0.0,1,1
10240,795452.0,636447.5,0.0,0.0,1,1
10241,795452.0,636447.5,0.0,0.0,1,1
10242,795452.0,636447.5,0.0,0.0,1,1
10243,795452.0,636447.5,0.0,0.0,1,1
10244,795452.0,636447.5,0.0,0.0,1,1
10245,795452.0,636447.5,0.0,0.0,1,1
10246,795452.0,636447.5,0.0,0.0,1,1
10247,795452.0,636447.5,0.0,0.0,1,1
10248,795452.0,636447.5,0.0,0.0,1,1
10249,795452.0,636447.5,0.0,0.0,1,1
10250,795452.0,636447.5,0.0,0.0,1,1
10251,795452.0,636447.5,0.0,0.0,1,1
10252,795452.0,636447.5,0.0,0.0,1,1
10253,796528.0,636447.5,0.0,0.0,1,1
10254,796528.0,636447.5,0.0,0.0,1,1
10255,796528.0,636447.5,0.0,0.0,1,1
10256,796528.0,636447.5,0.0,0.0,1,1
10257,796528.0,636447.5,0.0,0.0,1,1
10258,796528.0,636447.5,0.0,0.0,1,1
10259,796528.0,636447.5,0.0,0.0,1,1
10260,796528.0,636447.5,0.0,0.0,1,1
10261,796528.0,636447.5,0.0,0.0,1,1
10262,796528.0,636447.5,0.0,0.0,1,1
10263,796528.0,636447.5,0.0,0.0,1,1
10264,796528.0,636447.5,0.0,0.0,1,1
10265,796528.0,636447.5,0.0,0.0,1,1
10266,796528.0,636447.5,0.0,0.0,1,1
10267,796528.0,636447.5,0.0,0.0,1,1
10268,796528.0,636447.5,0.0,0.0,1,1
10269,796528.0,636447.5,0.0,0.0,1,1
10270,796528.0,636447.5,0.0,0.0,1,1
10271,796528.0,636447.5,0.0,0.0,1,1
10272,796528.0,636447.5,0.0,0.0,1,1
10273,796528.0,636447.5,0.0,0.0,1,1
10274,796528.0,636447.5,0.0,0.0,1,1
10275,796528.0,636447.5,0.0,0.0,1,1
10276,796528.0,636447.5,0.0,0.0,1,1
10277,796528.0,636447.5,0.0,0.0,1,1
10278,796528.0,636447.5,0.0,0.0,1,1
10279,796528.0,636447.5,0.0,0.0,1,1
10280,796528.0,636447.5,0.0,0.0,1,1
10281,796528.0,636447.5,0.0,0.0,1,1
10282,796551.5,636447.5,0.0,0.0,1,1
10283,796551.5,636447.5,0.0,0.0,1,1
10284,796551.5,636447.5,0.0,0.0,1,1
10285,796551.5,636447.5,0.0,0.0,1,1
10286,796551.5,636447.5,0.0,0.0,1,1
10287,796551.5,636447.5,0.0,0.0,1,1
10288,796551.5,636447.5,0.0,0.0,1,1
10289,796551.5,636447.5,0.0,0.0,1,1
10290,796551.5,636447.5,0.0,0.0,1,1
10291,796551.5,636447.5,0.0,0.0,1,1
10292,796551.5,636447.5,0.0,0.0,1,1
10293,796551.5,636447.5,0.0,0.0,1,1
10294,796628.0,636447.5,0.0,0.0,1,1
10295,796628.0,636447.5,0.0,0.0,1,1
10296,796628.0,636447.5,0.0,0.0,1,1
10297,796628.0,636447.5,0.0,0.0,1,1
10298,796628.0,636447.5,0.0,0.0,1,1
10299,796628.0,636447.5,0.0,0.0,1,1
10300,796628.0,636447.5,0.0,0.0,1,1
10301,796628.0,636447.5,0.0,0.0,1,1
10302,796628.0,636447.5,0.0,0.0,1,1
10303,796628.0,636447.5,0.0,0.0,1,1
10304,796628.0,636447.5,0.0,0.0,1,1
10305,796628.0,636447.5,0.0,0.0,1,1
10306,796628.0,636447.5,0.0,0.0,1,1
10307,796628.0,636447.5,0.0,0.0,1,1
10308,796628.0,636447.5,0.0,0.0,1,1
10309,796628.0,636447.5,0.0,0.0,1,1
10310,796628.0,636447.5,0.0,0.0,1,1
10311,796628.0,636447.5,0.0,0.0,1,1
10312,796628.0,636447.5,0.0,0.0,1,1
10313,796628.0,636447.5,0.0,0.0,1,1
10314,796628.0,636447.5,0.0,0.0,1,1
10315,796628.0,636447.5,0.0,0.0,1,1
10316,796628.0,636447.5,0.0,0.0,1,1
10317,796628.0,636447.5,0.0,0.0,1,1
10318,796628.0,636447.5,0.0,0.0,1,1
10319,796628.0,636447.5,0.0,0.0,1,1
10320,796628.0,636447.5,0.0,0.0,1,1
10321,796628.0,636447.5,0.0,0.0,1,1
10322,796628.0,636447.5,0.0,0.0,1,1
10323,796628.0,636447.5,0.0,0.0,1,1
10324,796628.0,636447.5,0.0,0.0,1,1
10325,796634.0,636447.5,0.0,0.0,1,1
10326,796634.0,636447.5,0.0,0.0,1,1
10327,796634.0,636447.5,0.0,0.0,1,1
10328,796634.0,636447.5,0.0,0.0,1,1
10329,796634.0,636447.5,0.0,0.0,1,1
10330,796634.0,636447.5,0.0,0.0,1,1
10331,796634.0,636447.5,0.0,0.0,1,1
10332,796634.0,636447.5,0.0,0.0,1,1
10333,796634.0,636447.5,0.0,0.0,1,1
10334,796634.0,636447.5,0.0,0.0,1,1
10335,796634.0,636447.5,0.0,0.0,1,1
10336,796634.0,636447.5,0.0,0.0,1,1
10337,796634.0,636447.5,0.0,0.0,1,1
10338,796634.0,636447.5,0.0,0.0,1,1
10339,796634.0,636447.5,0.0,0.0,1,1
10340,796634.0,636447.5,0.0,0.0,1,1
10341,796634.0,636447.5,0.0,0.0,1,1
10342,796634.0,636447.5,0.0,0.0,1,1
10343,796634.0,636447.5,0.0,0.0,1,1
10344,796634.0,636447.5,0.0,0.0,1,1
10345,796634.0,636447.5,0.0,0.0,1,1
10346,795512.5,636447.5,0.0,0.0,1,1
10347,795849.0,636447.5,0.0,0.0,1,1
10348,795849.0,636447.5,0.0,0.0,1,1
10349,795849.0,636447.5,0.0,0.0,1,1
10350,795849.0,636447.5,0.0,0.0,1,1
10351,795849.0,636447.5,0.0,0.0,1,1
10352,795849.0,636447.5,0.0,0.0,1,1
10353,795849.0,636447.5,0.0,0.0,1,1
10354,795849.0,636447.5,0.0,0.0,1,1
10355,795849.0,636447.5,0.0,0.0,1,1
10356,795849.0,636447.5,0.0,0.0,1,1
10357,795849.0,636447.5,0.0,0.0,1,1
10358,795849.0,636447.5,0.0,0.0,1,1
10359,795849.0,636447.5,0.0,0.0,1,1
10360,795984.5,636447.5,0.0,0.0,1,1
10361,795984.5,636447.5,0.0,0.0,1,1
10362,795984.5,636447.5,0.0,0.0,1,1
10363,795984.5,636447.5,0.0,0.0,1,1
10364,795984.5,636447.5,0.0,0.0,1,1
10365,795984.5,636447.5,0.0,0.0,1,1
10366,795984.5,636447.5,0.0,0.0,1,1
10367,795984.5,636447.5,0.0,0.0,1,1
10368,795984.5,636447.5,0.0,0.0,1,1
10369,795984.5,636447.5,0.0,0.0,1,1
10370,795984.5,636447.5,0.0,0.0,1,1
10371,795984.5,636447.5,0.0,0.0,1,1
10372,795984.5,636447.5,0.0,0.0,1,1
10373,795984.5,636447.5,0.0,0.0,1,1
10374,795984.5,636447.5,0.0,0.0,1,1
10375,795984.5,636447.5,0.0,0.0,1,1
10376,795984.5,636447.5,0.0,0.0,1,1
10377,795984.5,636447.5,0.0,0.0,1,1
10378,795984.5,636447.5,0.0,0.0,1,1
10379,795984.5,636447.5,0.0,0.0,1,1
10380,795984.5,636447.5,0.0,0.0,1,1
10381,795984.5,636447.5,0.0,0.0,1,1
10382,795984.5,636447.5,0.0,0.0,1,1
10383,795984.5,636447.5,0.0,0.0,1,1
10384,795984.5,636447.5,0.0,0.0,1,1
10385,795984.5,636447.5,0.0,0.0,1,1
10386,795984.5,636447.5,0.0,0.0,1,1
10387,795984.5,636447.5,0.0,0.0,1,1
10388,795984.5,636447.5,0.0,0.0,1,1
10389,795984.5,636447.5,0.0,0.0,1,1
10390,795984.5,636447.5,0.0,0.0,1,1
10391,795984.5,636447.5,0.0,0.0,1,1
10392,795984.5,636447.5,0.0,0.0,1,1
10393,795984.5,636447.5,0.0,0.0,1,1
10394,795984.5,636447.5,0.0,0.0,1,1
10395,795984.5,636447.5,0.0,0.0,1,1
10396,795679.0,636447.5,0.0,0.0,1,1
10397,795679.0,636447.5,0.0,0.0,1,1
10398,795679.0,636447.5,0.0,0.0,1,1
10399,795679.0,636447.5,0.0,0.0,1,1
10400,795679.0,636447.5,0.0,0.0,1,1
10401,795679.0,636447.5,0.0,0.0,1,1
10402,795679.0,636447.5,0.0,0.0,1,1
10403,795679.0,636447.5,0.0,0.0,1,1
10404,795679.0,636447.5,0.0,0.0,1,1
10405,795679.0,636447.5,0.0,0.0,1,1
10406,795679.0,636447.5,0.0,0.0,1,1
10407,795679.0,636447.5,0.0,0.0,1,1
10408,795679.0,636447.5,0.0,0.0,1,1
10409,795628.0,636447.5,0.0,0.0,1,1
10410,795628.0,636447.5,0.0,0.0,1,1
10411,795628.0,636447.5,0.0,0.0,1,1
10412,795628.0,636447.5,0.0,0.0,1,1
10413,795628.0,636447.5,0.0,0.0,1,1
10414,795628.0,636447.5,0.0,0.0,1,1
10415,795628.0,636447.5,0.0,0.0,1,1
10416,795628.0,636447.5,0.0,0.0,1,1
10417,795628.0,636447.5,0.0,0.0,1,1
10418,795628.0,636447.5,0.0,0.0,1,1
10419,795628.0,636447.5,0.0,0.0,1,1
10420,795628.0,636447.5,0.0,0.0,1,1
10421,795628.0,636447.5,0.0,0.0,1,1
10422,795628.0,636447.5,0.0,0.0,1,1
10423,795345.5,636447.5,0.0,0.0,1,1
10424,795345.5,636447.5,0.0,0.0,1,1
10425,795345.5,636447.5,0.0,0.0,1,1
10426,795345.5,636447.5,0.0,0.0,1,1
10427,795216.0,636447.5,0.0,0.0,1,1
10428,795216.0,636447.5,0.0,0.0,1,1
10429,795216.0,636447.5,0.0,0.0,1,1
10430,795216.0,636447.5,0.0,0.0,1,1
10431,795216.0,636447.5,0.0,0.0,1,1
10432,795216.0,636447.5,0.0,0.0,1,1
10433,795216.0,636447.5,0.0,0.0,1,1
10434,795216.0,636447.5,0.0,0.0,1,1
10435,795216.0,636447.5,0.0,0.0,1,1
10436,795216.0,636447.5,0.0,0.0,1,1
10437,795216.0,636447.5,0.0,0.0,1,1
10438,795216.0,636447.5,0.0,0.0,1,1
10439,795216.0,636447.5,0.0,0.0,1,1
10440,795216.0,636447.5,0.0,0.0,1,1
10441,795216.0,636447.5,0.0,0.0,1,1
10442,795216.0,636447.5,0.0,0.0,1,1
10443,795216.0,636447.5,0.0,0.0,1,1
10444,795216.0,636447.5,0.0,0.0,1,1
10445,795216.0,636447.5,0.0,0.0,1,1
10446,795216.0,636447.5,0.0,0.0,1,1
10447,795216.0,636447.5,0.0,0.0,1,1
10448,795216.0,636447.5,0.0,0.0,1,1
10449,795216.0,636447.5,0.0,0.0,1,1
10450,795216.0,636447.5,0.0,0.0,1,1
10451,795216.0,636447.5,0.0,0.0,1,1
10452,795028.5,636447.5,0.0,0.0,1,1
10453,795028.5,636447.5,0.0,0.0,1,1
10454,795028.5,636447.5,0.0,0.0,1,1
10455,795028.5,636447.5,0.0,0.0,1,1
10456,795028.5,636447.5,0.0,0.0,1,1
10457,795028.5,636447.5,0.0,0.0,1,1
10458,795028.5,636447.5,0.0,0.0,1,1
10459,795028.5,636447.5,0.0,0.0,1,1
10460,795028.5,636447.5,0.0,0.0,1,1
10461,795028.5,636447.5,0.0,0.0,1,1
10462,795028.5,636447.5,0.0,0.0,1,1
10463,795028.5,636447.5,0.0,0.0,1,1
10464,794435.5,636447.5,0.0,0.0,1,1
10465,794435.5,636447.5,0.0,0.0,1,1
10466,794435.5,636447.5,0.0,0.0,1,1
10467,794435.5,636447.5,0.0,0.0,1,1
10468,794435.5,636447.5,0.0,0.0,1,1
10469,794435.5,636447.5,0.0,0.0,1,1
10470,794435.5,636447.5,0.0,0.0,1,1
10471,794435.5,636447.5,0.0,0.0,1,1
10472,794435.5,636447.5,0.0,0.0,1,1
10473,794435.5,636447.5,0.0,0.0,1,1
10474,794435.5,636447.5,0.0,0.0,1,1
10475,794435.5,636447.5,0.0,0.0,1,1
10476,794435.5,636447.5,0.0,0.0,1,1
10477,794435.5,636447.5,0.0,0.0,1,1
10478,794435.5,636447.5,0.0,0.0,1,1
10479,794435.5,636447.5,0.0,0.0,1,1
10480,794435.5,636447.5,0.0,0.0,1,1
10481,794435.5,636447.5,0.0,0.0,1,1
10482,794435.5,636447.5,0.0,0.0,1,1
10483,794435.5,636447.5,0.0,0.0,1,1
10484,794421.5,636447.5,0.0,0.0,1,1
10485,794421.5,636447.5,0.0,0.0,1,1
10486,794421.5,636447.5,0.0,0.0,1,1
10487,794421.5,636447.5,0.0,0.0,1,1
10488,794421.5,636447.5,0.0,0.0,1,1
10489,794252.0,636447.5,0.0,0.0,1,1
10490,794252.0,636447.5,0.0,0.0,1,1
10491,794252.0,636447.5,0.0,0.0,1,1
10492,794252.0,636447.5,0.0,0.0,1,1
10493,794252.0,636447.5,0.0,0.0,1,1
10494,794252.0,636447.5,0.0,0.0,1,1
10495,794252.0,636447.5,0.0,0.0,1,1
10496,794404.5,636447.5,0.0,0.0,1,1
10497,794404.5,636447.5,0.0,0.0,1,1
10498,794404.5,636447.5,0.0,0.0,1,1
10499,794404.5,636447.5,0.0,0.0,1,1
10500,794404.5,636447.5,0.0,0.0,1,1
10501,794404.5,636447.5,0.0,0.0,1,1
10502,794404.5,636447.5,0.0,0.0,1,1
10503,794404.5,636447.5,0.0,0.0,1,1
10504,794404.5,636447.5,0.0,0.0,1,1
10505,794404.5,636447.5,0.0,0.0,1,1
10506,794404.5,636447.5,0.0,0.0,1,1
10507,794404.5,636447.5,0.0,0.0,1,1
10508,794404.5,636447.5,0.0,0.0,1,1
10509,794404.5,636447.5,0.0,0.0,1,1
10510,794404.5,636447.5,0.0,0.0,1,1
10511,794404.5,636447.5,0.0,0.0,1,1
10512,794404.5,636447.5,0.0,0.0,1,1
10513,794404.5,636447.5,0.0,0.0,1,1
10514,794404.5,636447.5,0.0,0.0,1,1
10515,794404.5,636447.5,0.0,0.0,1,1
10516,794404.5,636447.5,0.0,0.0,1,1
10517,794404.5,636447.5,0.0,0.0,1,1
10518,794404.5,636447.5,0.0,0.0,1,1
10519,794404.5,636447.5,0.0,0.0,1,1
10520,794404.5,636447.5,0.0,0.0,1,1
10521,794404.5,636447.5,0.0,0.0,1,1
10522,794404.5,636447.5,0.0,0.0,1,1
10523,794404.5,636447.5,0.0,0.0,1,1
10524,794404.5,636447.5,0.0,0.0,1,1
10525,794404.5,636447.5,0.0,0.0,1,1
10526,794404.5,636447.5,0.0,0.0,1,1
10527,794404.5,636447.5,0.0,0.0,1,1
10528,794586.5,636447.5,0.0,0.0,1,1
10529,794586.5,636447.5,0.0,0.0,1,1
10530,794586.5,636447.5,0.0,0.0,1,1
10531,794876.5,636447.5,0.0,0.0,1,1
10532,794876.5,636447.5,0.0,0.0,1,1
10533,794876.5,636447.5,0.0,0.0,1,1
10534,794876.5,636447.5,0.0,0.0,1,1
10535,794876.5,636447.5,0.0,0.0,1,1
10536,794876.5,636447.5,0.0,0.0,1,1
10537,794876.5,636447.5,0.0,0.0,1,1
10538,794876.5,636447.5,0.0,0.0,1,1
10539,794876.5,636447.5,0.0,0.0,1,1
10540,794876.5,636447.5,0.0,0.0,1,1
10541,794876.5,636447.5,0.0,0.0,1,1
10542,794872.5,636447.5,0.0,0.0,1,1
10543,794872.5,636447.5,0.0,0.0,1,1
10544,794872.5,636447.5,0.0,0.0,1,1
10545,794872.5,636447.5,0.0,0.0,1,1
10546,794872.5,636447.5,0.0,0.0,1,1
10547,794872.5,636447.5,0.0,0.0,1,1
10548,794872.5,636447.5,0.0,0.0,1,1
10549,794872.5,636447.5,0.0,0.0,1,1
10550,794537.5,636447.5,0.0,0.0,1,1
10551,794537.5,636447.5,0.0,0.0,1,1
10552,794537.5,636447.5,0.0,0.0,1,1
10553,794537.5,636447.5,0.0,0.0,1,1
10554,794537.5,636447.5,0.0,0.0,1,1
10555,794537.5,636447.5,0.0,0.0,1,1
10556,794537.5,636447.5,0.0,0.0,1,1
10557,794453.5,636447.5,0.0,0.0,1,1
10558,794453.5,636447.5,0.0,0.0,1,1
10559,794453.5,636447.5,0.0,0.0,1,1
10560,794453.5,636447.5,0.0,0.0,1,1
10561,794453.5,636447.5,0.0,0.0,1,1
10562,794453.5,636447.5,0.0,0.0,1,1
10563,794607.5,636447.5,0.0,0.0,1,1
10564,794607.5,636447.5,0.0,0.0,1,1
10565,794607.5,636447.5,0.0,0.0,1,1
10566,794607.5,636447.5,0.0,0.0,1,1
10567,794607.5,636447.5,0.0,0.0,1,1
10568,794607.5,636447.5,0.0,0.0,1,1
10569,794607.5,636447.5,0.0,0.0,1,1
10570,794607.5,636447.5,0.0,0.0,1,1
10571,794607.5,636447.5,0.0,0.0,1,1
10572,794607.5,636447.5,0.0,0.0,1,1
10573,794607.5,636447.5,0.0,0.0,1,1
10574,794607.5,636447.5,0.0,0.0,1,1
10575,794607.5,636447.5,0.0,0.0,1,1
10576,794607.5,636447.5,0.0,0.0,1,1
10577,794607.5,636447.5,0.0,0.0,1,1
10578,794607.5,636447.5,0.0,0.0,1,1
10579,794607.5,636447.5,0.0,0.0,1,1
10580,794607.5,636447.5,0.0,0.0,1,1
10581,794607.5,636447.5,0.0,0.0,1,1
10582,794607.5,636447.5,0.0,0.0,1,1
10583,794607.5,636447.5,0.0,0.0,1,1
10584,794607.5,636447.5,0.0,0.0,1,1
10585,794607.5,636447.5,0.0,0.0,1,1
10586,794607.5,636447.5,0.0,0.0,1,1
10587,794607.5,636447.5,0.0,0.0,1,1
10588,794607.5,636447.5,0.0,0.0,1,1
10589,794607.5,636447.5,0.0,0.0,1,1
10590,794607.5,636447.5,0.0,0.0,1,1
10591,794607.5,636447.5,0.0,0.0,1,1
10592,794607.5,636447.5,0.0,0.0,1,1
10593,794607.5,636447.5,0.0,0.0,1,1
10594,794607.5,636447.5,0.0,0.0,1,1
10595,794607.5,636447.5,0.0,0.0,1,1
10596,794658.5,636447.5,0.0,0.0,1,1
10597,794658.5,636447.5,0.0,0.0,1,1
10598,794630.5,636447.5,0.0,0.0,1,1
10599,794630.5,636447.5,0.0,0.0,1,1
10600,794161.5,636447.5,0.0,0.0,1,1
10601,794161.5,636447.5,0.0,0.0,1,1
10602,794161.5,636447.5,0.0,0.0,1,1
10603,794161.5,636447.5,0.0,0.0,1,1
10604,794161.5,636447.5,0.0,0.0,1,1
10605,794161.5,636447.5,0.0,0.0,1,1
10606,794161.5,636447.5,0.0,0.0,1,1
10607,794106.0,636447.5,0.0,0.0,1,1
10608,794106.0,636447.5,0.0,0.0,1,1
10609,794106.0,636447.5,0.0,0.0,1,1
10610,794106.0,636447.5,0.0,0.0,1,1
10611,794250.5,636447.5,0.0,0.0,1,1
10612,794250.5,636447.5,0.0,0.0,1,1
10613,794250.5,636447.5,0.0,0.0,1,1
10614,794250.5,636447.5,0.0,0.0,1,1
10615,794250.5,636447.5,0.0,0.0,1,1
10616,794250.5,636447.5,0.0,0.0,1,1
10617,794250.5,636447.5,0.0,0.0,1,1
10618,794250.5,636447.5,0.0,0.0,1,1
10619,794250.5,636447.5,0.0,0.0,1,1
10620,794250.5,636447.5,0.0,0.0,1,1
10621,794250.5,636447.5,0.0,0.0,1,1
10622,794250.5,636447.5,0.0,0.0,1,1
10623,794250.5,636447.5,0.0,0.0,1,1
10624,794250.5,636447.5,0.0,0.0,1,1
10625,794250.5,636447.5,0.0,0.0,1,1
10626,794250.5,636447.5,0.0,0.0,1,1
10627,794250.5,636447.5,0.0,0.0,1,1
10628,794250.5,636447.5,0.0,0.0,1,1
10629,794250.5,636447.5,0.0,0.0,1,1
10630,794250.5,636447.5,0.0,0.0,1,1
10631,794250.5,636447.5,0.0,0.0,1,1
10632,794250.5,636447.5,0.0,0.0,1,1
10633,794250.5,636447.5,0.0,0.0,1,1
10634,794250.5,636447.5,0.0,0.0,1,1
10635,794250.5,636447.5,0.0,0.0,1,1
10636,794250.5,636447.5,0.0,0.0,1,1
10637,794250.5,636447.5,0.0,0.0,1,1
10638,794254.5,636447.5,0.0,0.0,1,1
10639,794254.5,636447.5,0.0,0.0,1,1
10640,794254.5,636447.5,0.0,0.0,1,1
10641,794254.5,636447.5,0.0,0.0,1,1
10642,794254.5,636447.5,0.0,0.0,1,1
10643,794254.5,636447.5,0.0,0.0,1,1
10644,794254.5,636447.5,0.0,0.0,1,1
10645,794254.5,636447.5,0.0,0.0,1,1
10646,794254.5,636447.5,0.0,0.0,1,1
10647,794254.5,636447.5,0.0,0.0,1,1
10648,794254.5,636447.5,0.0,0.0,1,1
10649,794254.5,636447.5,0.0,0.0,1,1
10650,794254.5,636447.5,0.0,0.0,1,1
10651,794254.5,636447.5,0.0,0.0,1,1
10652,794102.0,636447.5,0.0,0.0,1,1
10653,794102.0,636447.5,0.0,0.0,1,1
10654,794102.0,636447.5,0.0,0.0,1,1
10655,794102.0,636447.5,0.0,0.0,1,1
10656,794102.0,636447.5,0.0,0.0,1,1
10657,794102.0,636447.5,0.0,0.0,1,1
10658,794102.0,636447.5,0.0,0.0,1,1
10659,794102.0,636447.5,0.0,0.0,1,1
10660,794102.0,636447.5,0.0,0.0,1,1
10661,794102.0,636447.5,0.0,0.0,1,1
10662,794102.0,636447.5,0.0,0.0,1,1
10663,794102.0,636447.5,0.0,0.0,1,1
10664,794102.0,636447.5,0.0,0.0,1,1
10665,794102.0,636447.5,0.0,0.0,1,1
10666,794102.0,636447.5,0.0,0.0,1,1
10667,794102.0,636447.5,0.0,0.0,1,1
10668,794181.0,636447.5,0.0,0.0,1,1
10669,794181.0,636447.5,0.0,0.0,1,1
10670,794181.0,636447.5,0.0,0.0,1,1
10671,794045.5,636447.5,0.0,0.0,1,1
10672,794045.5,636447.5,0.0,0.0,1,1
10673,794045.5,636447.5,0.0,0.0,1,1
10674,794045.5,636447.5,0.0,0.0,1,1
10675,794045.5,636447.5,0.0,0.0,1,1
10676,794045.5,636447.5,0.0,0.0,1,1
10677,794045.5,636447.5,0.0,0.0,1,1
10678,794045.5,636447.5,0.0,0.0,1,1
10679,794045.5,636447.5,0.0,0.0,1,1
10680,793507.5,636447.5,0.0,0.0,1,1
10681,793507.5,636447.5,0.0,0.0,1,1
10682,793507.5,636447.5,0.0,0.0,1,1
10683,793507.5,636447.5,0.0,0.0,1,1
10684,793507.5,636447.5,0.0,0.0,1,1
10685,793507.5,636447.5,0.0,0.0,1,1
10686,793507.5,636447.5,0.0,0.0,1,1
10687,793507.5,636447.5,0.0,0.0,1,1
10688,793507.5,636447.5,0.0,0.0,1,1
10689,793507.5,636447.5,0.0,0.0,1,1
10690,793507.5,636447.5,0.0,0.0,1,1
10691,793507.5,636447.5,0.0,0.0,1,1
10692,793507.5,636447.5,0.0,0.0,1,1
10693,794060.0,636447.5,0.0,0.0,1,1
10694,794060.0,636447.5,0.0,0.0,1,1
10695,794060.0,636447.5,0.0,0.0,1,1
10696,794134.0,636447.5,0.0,0.0,1,1
10697,794134.0,636447.5,0.0,0.0,1,1
10698,794134.0,636447.5,0.0,0.0,1,1
10699,794134.0,636447.5,0.0,0.0,1,1
10700,794134.0,636447.5,0.0,0.0,1,1
10701,794134.0,636447.5,0.0,0.0,1,1
10702,794134.0,636447.5,0.0,0.0,1,1
10703,794134.0,636447.5,0.0,0.0,1,1
10704,794134.0,636447.5,0.0,0.0,1,1
10705,794134.0,636447.5,0.0,0.0,1,1
10706,794134.0,636447.5,0.0,0.0,1,1
10707,794134.0,636447.5,0.0,0.0,1,1
10708,794134.0,636447.5,0.0,0.0,1,1
10709,794134.0,636447.5,0.0,0.0,1,1
10710,794134.0,636447.5,0.0,0.0,1,1
10711,794134.0,636447.5,0.0,0.0,1,1
10712,794134.0,636447.5,0.0,0.0,1,1
10713,794134.0,636447.5,0.0,0.0,1,1
10714,794134.0,636447.5,0.0,0.0,1,1
10715,793508.0,636447.5,0.0,0.0,1,1
10716,793508.0,636447.5,0.0,0.0,1,1
10717,793978.0,636447.5,0.0,0.0,1,1
10718,793978.0,636447.5,0.0,0.0,1,1
10719,793978.0,636447.5,0.0,0.0,1,1
10720,793978.0,636447.5,0.0,0.0,1,1
10721,793978.0,636447.5,0.0,0.0,1,1
10722,793978.0,636447.5,0.0,0.0,1,1
10723,793978.0,636447.5,0.0,0.0,1,1
10724,793978.0,636447.5,0.0,0.0,1,1
10725,793978.0,636447.5,0.0,0.0,1,1
10726,793978.0,636447.5,0.0,0.0,1,1
10727,793978.0,636447.5,0.0,0.0,1,1
10728,793978.0,636447.5,0.0,0.0,1,1
10729,793978.0,636447.5,0.0,0.0,1,1
10730,793978.0,636447.5,0.0,0.0,1,1
10731,793978.0,636447.5,0.0,0.0,1,1
10732,793978.0,636447.5,0.0,0.0,1,1
10733,793978.0,636447.5,0.0,0.0,1,1
10734,793978.0,636447.5,0.0,0.0,1,1
10735,793978.0,636447.5,0.0,0.0,1,1
10736,793978.0,636447.5,0.0,0.0,1,1
10737,793978.0,636447.5,0.0,0.0,1,1
10738,793978.0,636447.5,0.0,0.0,1,1
10739,793978.0,636447.5,0.0,0.0,1,1
10740,793978.0,636447.5,0.0,0.0,1,1
10741,793978.0,636447.5,0.0,0.0,1,1
10742,793978.0,636447.5,0.0,0.0,1,1
10743,793978.0,636447.5,0.0,0.0,1,1
10744,793978.0,636447.5,0.0,0.0,1,1
10745,793978.0,636447.5,0.0,0.0,1,1
10746,793978.0,636447.5,0.0,0.0,1,1
10747,793978.0,636447.5,0.0,0.0,1,1
10748,793978.0,636447.5,0.0,0.0,1,1
10749,793978.0,636447.5,0.0,0.0,1,1
10750,795655.5,636447.5,0.0,0.0,1,1
10751,795655.5,636447.5,0.0,0.0,1,1
10752,795655.5,636447.5,0.0,0.0,1,1
10753,795655.5,636447.5,0.0,0.0,1,1
10754,795655.5,636447.5,0.0,0.0,1,1
10755,795655.5,636447.5,0.0,0.0,1,1
10756,795655.5,636447.5,0.0,0.0,1,1
10757,795655.5,636447.5,0.0,0.0,1,1
10758,795655.5,636447.5,0.0,0.0,1,1
10759,795655.5,636447.5,0.0,0.0,1,1
10760,795655.5,636447.5,0.0,0.0,1,1
10761,795655.5,636447.5,0.0,0.0,1,1
10762,795655.5,636447.5,0.0,0.0,1,1
10763,795655.5,636447.5,0.0,0.0,1,1
10764,795655.5,636447.5,0.0,0.0,1,1
10765,795655.5,636447.5,0.0,0.0,1,1
10766,795655.5,636447.5,0.0,0.0,1,1
10767,795655.5,636447.5,0.0,0.0,1,1
10768,795655.5,636447.5,0.0,0.0,1,1
10769,795655.5,636447.5,0.0,0.0,1,1
10770,795655.5,636447.5,0.0,0.0,1,1
10771,795655.5,636447.5,0.0,0.0,1,1
10772,795655.5,636447.5,0.0,0.0,1,1
10773,795655.5,636447.5,0.0,0.0,1,1
10774,795655.5,636447.5,0.0,0.0,1,1
10775,795655.5,636447.5,0.0,0.0,1,1
10776,795655.5,636447.5,0.0,0.0,1,1
10777,795655.5,636447.5,0.0,0.0,1,1
10778,795655.5,636447.5,0.0,0.0,1,1
10779,795655.5,636447.5,0.0,0.0,1,1
10780,795655.5,636447.5,0.0,0.0,1,1
10781,795655.5,636447.5,0.0,0.0,1,1
10782,795655.5,636447.5,0.0,0.0,1,1
10783,795655.5,636447.5,0.0,0.0,1,1
10784,795655.5,636447.5,0.0,0.0,1,1
10785,795655.5,636447.5,0.0,0.0,1,1
10786,795655.5,636447.5,0.0,0.0,1,1
10787,795655.5,636447.5,0.0,0.0,1,1
10788,795655.5,636447.5,0.0,0.0,1,1
10789,795768.5,636447.5,0.0,0.0,1,1
10790,795768.5,636447.5,0.0,0.0,1,1
10791,795768.5,636447.5,0.0,0.0,1,1
10792,795768.5,636447.5,0.0,0.0,1,1
10793,795768.5,636447.5,0.0,0.0,1,1
10794,795768.5,636447.5,0.0,0.0,1,1
10795,795768.5,636447.5,0.0,0.0,1,1
10796,795768.5,636447.5,0.0,0.0,1,1
10797,795768.5,636447.5,0.0,0.0,1,1
10798,795768.5,636447.5,0.0,0.0,1,1
10799,795768.5,636447.5,0.0,0.0,1,1
10800,795768.5,636447.5,0.0,0.0,1,1
10801,795768.5,636447.5,0.0,0.0,1,1
10802,795768.5,636447.5,0.0,0.0,1,1
10803,795646.0,636447.5,0.0,0.0,1,1
10804,795646.0,636447.5,0.0,0.0,1,1
10805,795646.0,636447.5,0.0,0.0,1,1
10806,795646.0,636447.5,0.0,0.0,1,1
10807,795561.5,636447.5,0.0,0.0,1,1
10808,795561.5,636447.5,0.0,0.0,1,1
10809,795561.5,636447.5,0.0,0.0,1,1
10810,795561.5,636447.5,0.0,0.0,1,1
10811,795561.5,636447.5,0.0,0.0,1,1
10812,795561.5,636447.5,0.0,0.0,1,1
10813,795561.5,636447.5,0.0,0.0,1,1
10814,795561.5,636447.5,0.0,0.0,1,1
10815,795561.5,636447.5,0.0,0.0,1,1
10816,795561.5,636447.5,0.0,0.0,1,1
10817,795561.5,636447.5,0.0,0.0,1,1
10818,795561.5,636447.5,0.0,0.0,1,1
10819,795561.5,636447.5,0.0,0.0,1,1
10820,795561.5,636447.5,0.0,0.0,1,1
10821,796152.0,636447.5,0.0,0.0,1,1
10822,796152.0,636447.5,0.0,0.0,1,1
10823,796152.0,636447.5,0.0,0.0,1,1
10824,796152.0,636447.5,0.0,0.0,1,1
10825,796442.0,636447.5,0.0,0.0,1,1
10826,796442.0,636447.5,0.0,0.0,1,1
10827,796442.0,636447.5,0.0,0.0,1,1
10828,796442.0,636447.5,0.0,0.0,1,1
10829,796442.0,636447.5,0.0,0.0,1,1
10830,796900.0,636447.5,0.0,0.0,1,1
10831,796900.0,636447.5,0.0,0.0,1,1
10832,796900.0,636447.5,0.0,0.0,1,1
10833,796900.0,636447.5,0.0,0.0,1,1
10834,796900.0,636447.5,0.0,0.0,1,1
10835,796900.0,636447.5,0.0,0.0,1,1
10836,796900.0,636447.5,0.0,0.0,1,1
10837,796900.0,636447.5,0.0,0.0,1,1
10838,796900.0,636447.5,0.0,0.0,1,1
10839,796900.0,636447.5,0.0,0.0,1,1
10840,796900.0,636447.5,0.0,0.0,1,1
10841,796900.0,636447.5,0.0,0.0,1,1
10842,796900.0,636447.5,0.0,0.0,1,1
10843,796900.0,636447.5,0.0,0.0,1,1
10844,796900.0,636447.5,0.0,0.0,1,1
10845,796900.0,636447.5,0.0,0.0,1,1
10846,796900.0,636447.5,0.0,0.0,1,1
10847,797919.0,636447.5,0.0,0.0,1,1
10848,797919.0,636447.5,0.0,0.0,1,1
10849,797919.0,636447.5,0.0,0.0,1,1
10850,797919.0,636447.5,0.0,0.0,1,1
10851,797919.0,636447.5,0.0,0.0,1,1
10852,797919.0,636447.5,0.0,0.0,1,1
10853,797919.0,636447.5,0.0,0.0,1,1
10854,797919.0,636447.5,0.0,0.0,1,1
10855,797919.0,636447.5,0.0,0.0,1,1
10856,797919.0,636447.5,0.0,0.0,1,1
10857,797919.0,636447.5,0.0,0.0,1,1
10858,797919.0,636447.5,0.0,0.0,1,1
10859,797919.0,636447.5,0.0,0.0,1,1
10860,797919.0,636447.5,0.0,0.0,1,1
10861,797919.0,636447.5,0.0,0.0,1,1
10862,797919.0,636447.5,0.0,0.0,1,1
10863,797919.0,636447.5,0.0,0.0,1,1
10864,797919.0,636447.5,0.0,0.0,1,1
10865,797919.0,636447.5,0.0,0.0,1,1
10866,797919.0,636447.5,0.0,0.0,1,1
10867,797919.0,636447.5,0.0,0.0,1,1
10868,797919.0,636447.5,0.0,0.0,1,1
10869,797919.0,636447.5,0.0,0.0,1,1
10870,797919.0,636447.5,0.0,0.0,1,1
10871,797919.0,636447.5,0.0,0.0,1,1
10872,797919.0,636447.5,0.0,0.0,1,1
10873,797919.0,636447.5,0.0,0.0,1,1
10874,797919.0,636447.5,0.0,0.0,1,1
10875,797919.0,636447.5,0.0,0.0,1,1
10876,797919.0,636447.5,0.0,0.0,1,1
10877,797919.0,636447.5,0.0,0.0,1,1
10878,797919.0,636447.5,0.0,0.0,1,1
10879,797919.0,636447.5,0.0,0.0,1,1
10880,797919.0,636447.5,0.0,0.0,1,1
10881,797919.0,636447.5,0.0,0.0,1,1
10882,797919.0,636447.5,0.0,0.0,1,1
10883,797919.0,636447.5,0.0,0.0,1,1
10884,797919.0,636447.5,0.0,0.0,1,1
10885,797919.0,636447.5,0.0,0.0,1,1
10886,797919.0,636447.5,0.0,0.0,1,1
10887,797919.0,636447.5,0.0,0.0,1,1
10888,797919.0,636447.5,0.0,0.0,1,1
10889,798851.0,636447.5,0.0,0.0,1,1
10890,798851.0,636447.5,0.0,0.0,1,1
10891,798851.0,636447.5,0.0,0.0,1,1
10892,798851.0,636447.5,0.0,0.0,1,1
10893,798851.0,636447.5,0.0,0.0,1,1
10894,798851.0,636447.5,0.0,0.0,1,1
10895,798851.0,636447.5,0.0,0.0,1,1
10896,798851.0,636447.5,0.0,0.0,1,1
10897,798851.0,636447.5,0.0,0.0,1,1
10898,798851.0,636447.5,0.0,0.0,1,1
10899,798851.0,636447.5,0.0,0.0,1,1
10900,798851.0,636447.5,0.0,0.0,1,1
10901,798851.0,636447.5,0.0,0.0,1,1
10902,798851.0,636447.5,0.0,0.0,1,1
10903,798851.0,636447.5,0.0,0.0,1,1
10904,798851.0,636447.5,0.0,0.0,1,1
10905,798851.0,636447.5,0.0,0.0,1,1
10906,798851.0,636447.5,0.0,0.0,1,1
10907,798851.0,636447.5,0.0,0.0,1,1
10908,798851.0,636447.5,0.0,0.0,1,1
10909,798851.0,636447.5,0.0,0.0,1,1
10910,798851.0,636447.5,0.0,0.0,1,1
10911,798851.0,636447.5,0.0,0.0,1,1
10912,798851.0,636447.5,0.0,0.0,1,1
10913,798851.0,636447.5,0.0,0.0,1,1
10914,798851.0,636447.5,0.0,0.0,1,1
10915,798851.0,636447.5,0.0,0.0,1,1
10916,798851.0,636447.5,0.0,0.0,1,1
10917,798851.0,636447.5,0.0,0.0,1,1
10918,798851.0,636447.5,0.0,0.0,1,1
10919,798851.0,636447.5,0.0,0.0,1,1
10920,798851.0,636447.5,0.0,0.0,1,1
10921,798851.0,636447.5,0.0,0.0,1,1
10922,798777.0,636447.5,0.0,0.0,1,1
10923,798777.0,636447.5,0.0,0.0,1,1
10924,798777.0,636447.5,0.0,0.0,1,1
10925,798777.0,636447.5,0.0,0.0,1,1
10926,798641.0,636447.5,0.0,0.0,1,1
10927,798641.0,636447.5,0.0,0.0,1,1
10928,798641.0,636447.5,0.0,0.0,1,1
10929,798641.0,636447.5,0.0,0.0,1,1
10930,798704.0,636447.5,0.0,0.0,1,1
10931,798704.0,636447.5,0.0,0.0,1,1
10932,798704.0,636447.5,0.0,0.0,1,1
10933,798704.0,636447.5,0.0,0.0,1,1
10934,798704.0,636447.5,0.0,0.0,1,1
10935,798704.0,636447.5,0.0,0.0,1,1
10936,798704.0,636447.5,0.0,0.0,1,1
10937,798704.0,636447.5,0.0,0.0,1,1
10938,798704.0,636447.5,0.0,0.0,1,1
10939,798704.0,636447.5,0.0,0.0,1,1
10940,798704.0,636447.5,0.0,0.0,1,1
10941,798704.0,636447.5,0.0,0.0,1,1
10942,798704.0,636447.5,0.0,0.0,1,1
10943,798704.0,636447.5,0.0,0.0,1,1
10944,798704.0,636447.5,0.0,0.0,1,1
10945,798704.0,636447.5,0.0,0.0,1,1
10946,798704.0,636447.5,0.0,0.0,1,1
10947,798704.0,636447.5,0.0,0.0,1,1
10948,798704.0,636447.5,0.0,0.0,1,1
10949,798704.0,636447.5,0.0,0.0,1,1
10950,798704.0,636447.5,0.0,0.0,1,1
10951,799091.0,636447.5,0.0,0.0,1,1
10952,799091.0,636447.5,0.0,0.0,1,1
10953,799091.0,636447.5,0.0,0.0,1,1
10954,799091.0,636447.5,0.0,0.0,1,1
10955,799091.0,636447.5,0.0,0.0,1,1
10956,799091.0,636447.5,0.0,0.0,1,1
10957,799091.0,636447.5,0.0,0.0,1,1
10958,799091.0,636447.5,0.0,0.0,1,1
10959,799091.0,636447.5,0.0,0.0,1,1
10960,799091.0,636447.5,0.0,0.0,1,1
10961,799091.0,636447.5,0.0,0.0,1,1
10962,799091.0,636447.5,0.0,0.0,1,1
10963,799148.0,636447.5,0.0,0.0,1,1
10964,799148.0,636447.5,0.0,0.0,1,1
10965,799148.0,636447.5,0.0,0.0,1,1
10966,799148.0,636447.5,0.0,0.0,1,1
10967,799148.0,636447.5,0.0,0.0,1,1
10968,799623.0,636447.5,0.0,0.0,1,1
10969,799623.0,636447.5,0.0,0.0,1,1
10970,799623.0,636447.5,0.0,0.0,1,1
10971,799623.0,636447.5,0.0,0.0,1,1
10972,799623.0,636447.5,0.0,0.0,1,1
10973,799623.0,636447.5,0.0,0.0,1,1
10974,799623.0,636447.5,0.0,0.0,1,1
10975,799623.0,636447.5,0.0,0.0,1,1
10976,799623.0,636447.5,0.0,0.0,1,1
10977,799623.0,636447.5,0.0,0.0,1,1
10978,799623.0,636447.5,0.0,0.0,1,1
10979,799623.0,636447.5,0.0,0.0,1,1
10980,799623.0,636447.5,0.0,0.0,1,1
10981,799623.0,636447.5,0.0,0.0,1,1
10982,799623.0,636447.5,0.0,0.0,1,1
10983,799623.0,636447.5,0.0,0.0,1,1
10984,799623.0,636447.5,0.0,0.0,1,1
10985,799623.0,636447.5,0.0,0.0,1,1
10986,799623.0,636447.5,0.0,0.0,1,1
10987,799623.0,636447.5,0.0,0.0,1,1
10988,799623.0,636447.5,0.0,0.0,1,1
10989,799623.0,636447.5,0.0,0.0,1,1
10990,799623.0,636447.5,0.0,0.0,1,1
10991,799623.0,636447.5,0.0,0.0,1,1
10992,799623.0,636447.5,0.0,0.0,1,1
10993,799623.0,636447.5,0.0,0.0,1,1
10994,799623.0,636447.5,0.0,0.0,1,1
10995,799623.0,636447.5,0.0,0.0,1,1
10996,799623.0,636447.5,0.0,0.0,1,1
10997,799623.0,636447.5,0.0,0.0,1,1
10998,799623.0,636447.5,0.0,0.0,1,1
10999,799623.0,636447.5,0.0,0.0,1,1
11000,799623.0,636447.5,0.0,0.0,1,1
11001,799623.0,636447.5,0.0,0.0,1,1
11002,799580.0,636447.5,0.0,0.0,1,1
11003,799580.0,636447.5,0.0,0.0,1,1
11004,799580.0,636447.5,0.0,0.0,1,1
11005,799580.0,636447.5,0.0,0.0,1,1
11006,799580.0,636447.5,0.0,0.0,1,1
11007,799580.0,636447.5,0.0,0.0,1,1
11008,799580.0,636447.5,0.0,0.0,1,1
11009,799580.0,636447.5,0.0,0.0,1,1
11010,799580.0,636447.5,0.0,0.0,1,1
11011,799580.0,636447.5,0.0,0.0,1,1
11012,799580.0,636447.5,0.0,0.0,1,1
11013,799580.0,636447.5,0.0,0.0,1,1
11014,799580.0,636447.5,0.0,0.0,1,1
11015,799580.0,636447.5,0.0,0.0,1,1
11016,799580.0,636447.5,0.0,0.0,1,1
11017,799580.0,636447.5,0.0,0.0,1,1
11018,799580.0,636447.5,0.0,0.0,1,1
11019,799580.0,636447.5,0.0,0.0,1,1
11020,799580.0,636447.5,0.0,0.0,1,1
11021,799580.0,636447.5,0.0,0.0,1,1
11022,799580.0,636447.5,0.0,0.0,1,1
11023,799580.0,636447.5,0.0,0.0,1,1
11024,799580.0,636447.5,0.0,0.0,1,1
11025,799580.0,636447.5,0.0,0.0,1,1
11026,799580.0,636447.5,0.0,0.0,1,1
11027,799580.0,636447.5,0.0,0.0,1,1
11028,799580.0,636447.5,0.0,0.0,1,1
11029,799580.0,636447.5,0.0,0.0,1,1
11030,799717.0,636447.5,0.0,0.0,1,1
11031,799717.0,636447.5,0.0,0.0,1,1
11032,799717.0,636447.5,0.0,0.0,1,1
11033,799780.0,636447.5,0.0,0.0,1,1
11034,799780.0,636447.5,0.0,0.0,1,1
11035,799780.0,636447.5,0.0,0.0,1,1
11036,799780.0,636447.5,0.0,0.0,1,1
11037,799780.0,636447.5,0.0,0.0,1,1
11038,799780.0,636447.5,0.0,0.0,1,1
11039,799780.0,636447.5,0.0,0.0,1,1
11040,799780.0,636447.5,0.0,0.0,1,1
11041,799780.0,636447.5,0.0,0.0,1,1
11042,799780.0,636447.5,0.0,0.0,1,1
11043,799780.0,636447.5,0.0,0.0,1,1
11044,799780.0,636447.5,0.0,0.0,1,1
11045,799780.0,636447.5,0.0,0.0,1,1
11046,798220.5,636447.5,0.0,0.0,1,1
11047,798220.5,636447.5,0.0,0.0,1,1
11048,798220.5,636447.5,0.0,0.0,1,1
11049,798220.5,636447.5,0.0,0.0,1,1
11050,798220.5,636447.5,0.0,0.0,1,1
11051,798220.5,636447.5,0.0,0.0,1,1
11052,798220.5,636447.5,0.0,0.0,1,1
11053,798220.5,636447.5,0.0,0.0,1,1
11054,798220.5,636447.5,0.0,0.0,1,1
11055,797770.5,636447.5,0.0,0.0,1,1
11056,797770.5,636447.5,0.0,0.0,1,1
11057,797770.5,636447.5,0.0,0.0,1,1
11058,797770.5,636447.5,0.0,0.0,1,1
11059,797770.5,636447.5,0.0,0.0,1,1
11060,797770.5,636447.5,0.0,0.0,1,1
11061,797770.5,636447.5,0.0,0.0,1,1
11062,797770.5,636447.5,0.0,0.0,1,1
11063,797770.5,636447.5,0.0,0.0,1,1
11064,797770.5,636447.5,0.0,0.0,1,1
11065,797770.5,636447.5,0.0,0.0,1,1
11066,797770.5,636447.5,0.0,0.0,1,1
11067,797770.5,636447.5,0.0,0.0,1,1
11068,797770.5,636447.5,0.0,0.0,1,1
11069,797770.5,636447.5,0.0,0.0,1,1
11070,797770.5,636447.5,0.0,0.0,1,1
11071,797770.5,636447.5,0.0,0.0,1,1
11072,797770.5,636447.5,0.0,0.0,1,1
11073,797770.5,636447.5,0.0,0.0,1,1
11074,797770.5,636447.5,0.0,0.0,1,1
11075,797770.5,636447.5,0.0,0.0,1,1
11076,797770.5,636447.5,0.0,0.0,1,1
11077,797770.5,636447.5,0.0,0.0,1,1
11078,797770.5,636447.5,0.0,0.0,1,1
11079,797770.5,636447.5,0.0,0.0,1,1
11080,797770.5,636447.5,0.0,0.0,1,1
11081,797770.5,636447.5,0.0,0.0,1,1
11082,797770.5,636447.5,0.0,0.0,1,1
11083,797770.5,636447.5,0.0,0.0,1,1
11084,797770.5,636447.5,0.0,0.0,1,1
11085,797103.0,636447.5,0.0,0.0,1,1
11086,797103.0,636447.5,0.0,0.0,1,1
11087,797103.0,636447.5,0.0,0.0,1,1
11088,797103.0,636447.5,0.0,0.0,1,1
11089,797103.0,636447.5,0.0,0.0,1,1
11090,797103.0,636447.5,0.0,0.0,1,1
11091,797103.0,636447.5,0.0,0.0,1,1
11092,797103.0,636447.5,0.0,0.0,1,1
11093,797103.0,636447.5,0.0,0.0,1,1
11094,797103.0,636447.5,0.0,0.0,1,1
11095,797103.0,636447.5,0.0,0.0,1,1
11096,797103.0,636447.5,0.0,0.0,1,1
11097,797103.0,636447.5,0.0,0.0,1,1
11098,797103.0,636447.5,0.0,0.0,1,1
11099,797103.0,636447.5,0.0,0.0,1,1
11100,797103.0,636447.5,0.0,0.0,1,1
11101,797103.0,636447.5,0.0,0.0,1,1
11102,797103.0,636447.5,0.0,0.0,1,1
11103,797103.0,636447.5,0.0,0.0,1,1
11104,797103.0,636447.5,0.0,0.0,1,1
11105,797103.0,636447.5,0.0,0.0,1,1
11106,797103.0,636447.5,0.0,0.0,1,1
11107,797103.0,636447.5,0.0,0.0,1,1
11108,797103.0,636447.5,0.0,0.0,1,1
11109,797103.0,636447.5,0.0,0.0,1,1
11110,797103.0,636447.5,0.0,0.0,1,1
11111,797103.0,636447.5,0.0,0.0,1,1
11112,797103.0,636447.5,0.0,0.0,1,1
11113,797103.0,636447.5,0.0,0.0,1,1
11114,797103.0,636447.5,0.0,0.0,1,1
11115,797103.0,636447.5,0.0,0.0,1,1
11116,797130.5,636447.5,0.0,0.0,1,1
11117,797428.5,636447.5,0.0,0.0,1,1
11118,797428.5,636447.5,0.0,0.0,1,1
11119,797428.5,636447.5,0.0,0.0,1,1
11120,797428.5,636447.5,0.0,0.0,1,1
11121,797428.5,636447.5,0.0,0.0,1,1
11122,797428.5,636447.5,0.0,0.0,1,1
11123,797428.5,636447.5,0.0,0.0,1,1
11124,797428.5,636447.5,0.0,0.0,1,1
11125,797428.5,636447.5,0.0,0.0,1,1
11126,797428.5,636447.5,0.0,0.0,1,1
11127,797428.5,636447.5,0.0,0.0,1,1
11128,797428.5,636447.5,0.0,0.0,1,1
11129,797428.5,636447.5,0.0,0.0,1,1
11130,797428.5,636447.5,0.0,0.0,1,1
11131,797428.5,636447.5,0.0,0.0,1,1
11132,797428.5,636447.5,0.0,0.0,1,1
11133,797428.5,636447.5,0.0,0.0,1,1
11134,797428.5,636447.5,0.0,0.0,1,1
11135,797428.5,636447.5,0.0,0.0,1,1
11136,797428.5,636447.5,0.0,0.0,1,1
11137,797428.5,636447.5,0.0,0.0,1,1
11138,797428.5,636447.5,0.0,0.0,1,1
11139,797428.5,636447.5,0.0,0.0,1,1
11140,797428.5,636447.5,0.0,0.0,1,1
11141,797428.5,636447.5,0.0,0.0,1,1
11142,797428.5,636447.5,0.0,0.0,1,1
11143,797428.5,636447.5,0.0,0.0,1,1
11144,797428.5,636447.5,0.0,0.0,1,1
11145,797428.5,636447.5,0.0,0.0,1,1
11146,797428.5,636447.5,0.0,0.0,1,1
11147,797428.5,636447.5,0.0,0.0,1,1
11148,797428.5,636447.5,0.0,0.0,1,1
11149,797428.5,636447.5,0.0,0.0,1,1
11150,797428.5,636447.5,0.0,0.0,1,1
11151,797428.5,636447.5,0.0,0.0,1,1
11152,797428.5,636447.5,0.0,0.0,1,1
11153,797428.5,636447.5,0.0,0.0,1,1
11154,797428.5,636447.5,0.0,0.0,1,1
11155,797428.5,636447.5,0.0,0.0,1,1
11156,797186.0,636447.5,0.0,0.0,1,1
11157,797186.0,636447.5,0.0,0.0,1,1
11158,797186.0,636447.5,0.0,0.0,1,1
11159,797186.0,636447.5,0.0,0.0,1,1
11160,797186.0,636447.5,0.0,0.0,1,1
11161,797186.0,636447.5,0.0,0.0,1,1
11162,797186.0,636447.5,0.0,0.0,1,1
11163,797186.0,636447.5,0.0,0.0,1,1
11164,797186.0,636447.5,0.0,0.0,1,1
11165,797186.0,636447.5,0.0,0.0,1,1
11166,797186.0,636447.5,0.0,0.0,1,1
11167,797186.0,636447.5,0.0,0.0,1,1
11168,797324.0,636447.5,0.0,0.0,1,1
11169,797324.0,636447.5,0.0,0.0,1,1
11170,797324.0,636447.5,0.0,0.0,1,1
11171,797324.0,636447.5,0.0,0.0,1,1
11172,797324.0,636447.5,0.0,0.0,1,1
11173,797324.0,636447.5,0.0,0.0,1,1
11174,797324.0,636447.5,0.0,0.0,1,1
11175,797324.0,636447.5,0.0,0.0,1,1
11176,797324.0,636447.5,0.0,0.0,1,1
11177,799004.5,636447.5,0.0,0.0,1,1
11178,799004.5,636447.5,0.0,0.0,1,1
11179,799004.5,636447.5,0.0,0.0,1,1
11180,799004.5,636447.5,0.0,0.0,1,1
11181,799004.5,636447.5,0.0,0.0,1,1
11182,799004.5,636447.5,0.0,0.0,1,1
11183,799004.5,636447.5,0.0,0.0,1,1
11184,799004.5,636447.5,0.0,0.0,1,1
11185,799004.5,636447.5,0.0,0.0,1,1
11186,799004.5,636447.5,0.0,0.0,1,1
11187,799004.5,636447.5,0.0,0.0,1,1
11188,799004.5,636447.5,0.0,0.0,1,1
11189,799004.5,636447.5,0.0,0.0,1,1
11190,799004.5,636447.5,0.0,0.0,1,1
11191,799004.5,636447.5,0.0,0.0,1,1
11192,799004.5,636447.5,0.0,0.0,1,1
11193,799004.5,636447.5,0.0,0.0,1,1
11194,799004.5,636447.5,0.0,0.0,1,1
11195,799004.5,636447.5,0.0,0.0,1,1
11196,799004.5,636447.5,0.0,0.0,1,1
11197,799004.5,636447.5,0.0,0.0,1,1
11198,799004.5,636447.5,0.0,0.0,1,1
11199,799004.5,636447.5,0.0,0.0,1,1
11200,799004.5,636447.5,0.0,0.0,1,1
11201,799004.5,636447.5,0.0,0.0,1,1
11202,799004.5,636447.5,0.0,0.0,1,1
11203,799004.5,636447.5,0.0,0.0,1,1
11204,799004.5,636447.5,0.0,0.0,1,1
11205,799004.5,636447.5,0.0,0.0,1,1
11206,799004.5,636447.5,0.0,0.0,1,1
11207,798803.5,636447.5,0.0,0.0,1,1
11208,798803.5,636447.5,0.0,0.0,1,1
11209,798803.5,636447.5,0.0,0.0,1,1
11210,798803.5,636447.5,0.0,0.0,1,1
11211,798803.5,636447.5,0.0,0.0,1,1
11212,799047.5,636447.5,0.0,0.0,1,1
11213,799047.5,636447.5,0.0,0.0,1,1
11214,799047.5,636447.5,0.0,0.0,1,1
11215,799047.5,636447.5,0.0,0.0,1,1
11216,799047.5,636447.5,0.0,0.0,1,1
11217,799047.5,636447.5,0.0,0.0,1,1
11218,799047.5,636447.5,0.0,0.0,1,1
11219,799066.5,636447.5,0.0,0.0,1,1
11220,799066.5,636447.5,0.0,0.0,1,1
11221,799066.5,636447.5,0.0,0.0,1,1
11222,799066.5,636447.5,0.0,0.0,1,1
11223,799066.5,636447.5,0.0,0.0,1,1
11224,799066.5,636447.5,0.0,0.0,1,1
11225,799066.5,636447.5,0.0,0.0,1,1
11226,799130.5,636447.5,0.0,0.0,1,1
11227,799130.5,636447.5,0.0,0.0,1,1
11228,799130.5,636447.5,0.0,0.0,1,1
11229,799130.5,636447.5,0.0,0.0,1,1
11230,799130.5,636447.5,0.0,0.0,1,1
11231,799130.5,636447.5,0.0,0.0,1,1
11232,799130.5,636447.5,0.0,0.0,1,1
11233,799130.5,636447.5,0.0,0.0,1,1
11234,799130.5,636447.5,0.0,0.0,1,1
11235,799130.5,636447.5,0.0,0.0,1,1
11236,799130.5,636447.5,0.0,0.0,1,1
11237,799130.5,636447.5,0.0,0.0,1,1
11238,799130.5,636447.5,0.0,0.0,1,1
11239,799130.5,636447.5,0.0,0.0,1,1
11240,799130.5,636447.5,0.0,0.0,1,1
11241,799130.5,636447.5,0.0,0.0,1,1
11242,799130.5,636447.5,0.0,0.0,1,1
11243,799130.5,636447.5,0.0,0.0,1,1
11244,799130.5,636447.5,0.0,0.0,1,1
11245,799130.5,636447.5,0.0,0.0,1,1
11246,799130.5,636447.5,0.0,0.0,1,1
11247,799130.5,636447.5,0.0,0.0,1,1
11248,799130.5,636447.5,0.0,0.0,1,1
11249,799130.5,636447.5,0.0,0.0,1,1
11250,799130.5,636447.5,0.0,0.0,1,1
11251,799130.5,636447.5,0.0,0.0,1,1
11252,799654.5,636447.5,0.0,0.0,1,1
11253,799654.5,636447.5,0.0,0.0,1,1
11254,799654.5,636447.5,0.0,0.0,1,1
11255,799654.5,636447.5,0.0,0.0,1,1
11256,799654.5,636447.5,0.0,0.0,1,1
11257,799654.5,636447.5,0.0,0.0,1,1
11258,799654.5,636447.5,0.0,0.0,1,1
11259,799654.5,636447.5,0.0,0.0,1,1
11260,799654.5,636447.5,0.0,0.0,1,1
11261,799654.5,636447.5,0.0,0.0,1,1
11262,799654.5,636447.5,0.0,0.0,1,1
11263,799654.5,636447.5,0.0,0.0,1,1
11264,799654.5,636447.5,0.0,0.0,1,1
11265,799772.5,636447.5,0.0,0.0,1,1
11266,799772.5,636447.5,0.0,0.0,1,1
11267,799772.5,636447.5,0.0,0.0,1,1
11268,799772.5,636447.5,0.0,0.0,1,1
11269,799772.5,636447.5,0.0,0.0,1,1
11270,799772.5,636447.5,0.0,0.0,1,1
11271,799772.5,636447.5,0.0,0.0,1,1
11272,799772.5,636447.5,0.0,0.0,1,1
11273,799772.5,636447.5,0.0,0.0,1,1
11274,799772.5,636447.5,0.0,0.0,1,1
11275,799772.5,636447.5,0.0,0.0,1,1
11276,799772.5,636447.5,0.0,0.0,1,1
11277,799772.5,636447.5,0.0,0.0,1,1
11278,799772.5,636447.5,0.0,0.0,1,1
11279,799772.5,636447.5,0.0,0.0,1,1
11280,799772.5,636447.5,0.0,0.0,1,1
11281,799772.5,636447.5,0.0,0.0,1,1
11282,799772.5,636447.5,0.0,0.0,1,1
11283,799772.5,636447.5,0.0,0.0,1,1
11284,799772.5,636447.5,0.0,0.0,1,1
11285,799772.5,636447.5,0.0,0.0,1,1
11286,799772.5,636447.5,0.0,0.0,1,1
11287,799772.5,636447.5,0.0,0.0,1,1
11288,799772.5,636447.5,0.0,0.0,1,1
11289,799772.5,636447.5,0.0,0.0,1,1
11290,799772.5,636447.5,0.0,0.0,1,1
11291,799772.5,636447.5,0.0,0.0,1,1
11292,799772.5,636447.5,0.0,0.0,1,1
11293,799772.5,636447.5,0.0,0.0,1,1
11294,799772.5,636447.5,0.0,0.0,1,1
11295,799772.5,636447.5,0.0,0.0,1,1
11296,799772.5,636447.5,0.0,0.0,1,1
11297,799848.5,636447.5,0.0,0.0,1,1
11298,799848.5,636447.5,0.0,0.0,1,1
11299,799848.5,636447.5,0.0,0.0,1,1
11300,799848.5,636447.5,0.0,0.0,1,1
11301,799848.5,636447.5,0.0,0.0,1,1
11302,799848.5,636447.5,0.0,0.0,1,1
11303,799848.5,636447.5,0.0,0.0,1,1
11304,799848.5,636447.5,0.0,0.0,1,1
11305,799848.5,636447.5,0.0,0.0,1,1
11306,799848.5,636447.5,0.0,0.0,1,1
11307,799848.5,636447.5,0.0,0.0,1,1
11308,799848.5,636447.5,0.0,0.0,1,1
11309,799848.5,636447.5,0.0,0.0,1,1
11310,799848.5,636447.5,0.0,0.0,1,1
11311,799848.5,636447.5,0.0,0.0,1,1
11312,799848.5,636447.5,0.0,0.0,1,1
11313,799848.5,636447.5,0.0,0.0,1,1
11314,799848.5,636447.5,0.0,0.0,1,1
11315,799848.5,636447.5,0.0,0.0,1,1
11316,799848.5,636447.5,0.0,0.0,1,1
11317,799848.5,636447.5,0.0,0.0,1,1
11318,799679.5,636447.5,0.0,0.0,1,1
11319,799679.5,636447.5,0.0,0.0,1,1
11320,799679.5,636447.5,0.0,0.0,1,1
11321,799679.5,636447.5,0.0,0.0,1,1
11322,799679.5,636447.5,0.0,0.0,1,1
11323,799679.5,636447.5,0.0,0.0,1,1
11324,799679.5,636447.5,0.0,0.0,1,1
11325,799679.5,636447.5,0.0,0.0,1,1
11326,799679.5,636447.5,0.0,0.0,1,1
11327,800933.5,636447.5,0.0,0.0,1,1
11328,800933.5,636447.5,0.0,0.0,1,1
11329,800933.5,636447.5,0.0,0.0,1,1
11330,800933.5,636447.5,0.0,0.0,1,1
11331,800933.5,636447.5,0.0,0.0,1,1
11332,800933.5,636447.5,0.0,0.0,1,1
11333,800933.5,636447.5,0.0,0.0,1,1
11334,800933.5,636447.5,0.0,0.0,1,1
11335,800933.5,636447.5,0.0,0.0,1,1
11336,800933.5,636447.5,0.0,0.0,1,1
11337,800933.5,636447.5,0.0,0.0,1,1
11338,800933.5,636447.5,0.0,0.0,1,1
11339,800933.5,636447.5,0.0,0.0,1,1
11340,800933.5,636447.5,0.0,0.0,1,1
11341,800933.5,636447.5,0.0,0.0,1,1
11342,800933.5,636447.5,0.0,0.0,1,1
11343,800933.5,636447.5,0.0,0.0,1,1
11344,800933.5,636447.5,0.0,0.0,1,1
11345,800933.5,636447.5,0.0,0.0,1,1
11346,800923.0,636447.5,0.0,0.0,1,1
11347,800923.0,636447.5,0.0,0.0,1,1
11348,800923.0,636447.5,0.0,0.0,1,1
11349,800923.0,636447.5,0.0,0.0,1,1
11350,800923.0,636447.5,0.0,0.0,1,1
11351,800923.0,636447.5,0.0,0.0,1,1
11352,800923.0,636447.5,0.0,0.0,1,1
11353,801864.5,636447.5,0.0,0.0,1,1
11354,801864.5,636447.5,0.0,0.0,1,1
11355,801864.5,636447.5,0.0,0.0,1,1
11356,801864.5,636447.5,0.0,0.0,1,1
11357,801864.5,636447.5,0.0,0.0,1,1
11358,801864.5,636447.5,0.0,0.0,1,1
11359,801864.5,636447.5,0.0,0.0,1,1
11360,801864.5,636447.5,0.0,0.0,1,1
11361,801864.5,636447.5,0.0,0.0,1,1
11362,801864.5,636447.5,0.0,0.0,1,1
11363,801864.5,636447.5,0.0,0.0,1,1
11364,801864.5,636447.5,0.0,0.0,1,1
11365,801864.5,636447.5,0.0,0.0,1,1
11366,801864.5,636447.5,0.0,0.0,1,1
11367,801864.5,636447.5,0.0,0.0,1,1
11368,801864.5,636447.5,0.0,0.0,1,1
11369,801864.5,636447.5,0.0,0.0,1,1
11370,801864.5,636447.5,0.0,0.0,1,1
11371,801864.5,636447.5,0.0,0.0,1,1
11372,801864.5,636447.5,0.0,0.0,1,1
11373,801864.5,636447.5,0.0,0.0,1,1
11374,801864.5,636447.5,0.0,0.0,1,1
11375,801864.5,636447.5,0.0,0.0,1,1
11376,801864.5,636447.5,0.0,0.0,1,1
11377,801864.5,636447.5,0.0,0.0,1,1
11378,801864.5,636447.5,0.0,0.0,1,1
11379,801864.5,636447.5,0.0,0.0,1,1
11380,801864.5,636447.5,0.0,0.0,1,1
11381,801864.5,636447.5,0.0,0.0,1,1
11382,801864.5,636447.5,0.0,0.0,1,1
11383,801864.5,636447.5,0.0,0.0,1,1
11384,801864.5,636447.5,0.0,0.0,1,1
11385,801864.5,636447.5,0.0,0.0,1,1
11386,801864.5,636447.5,0.0,0.0,1,1
11387,801864.5,636447.5,0.0,0.0,1,1
11388,801864.5,636447.5,0.0,0.0,1,1
11389,801864.5,636447.5,0.0,0.0,1,1
11390,801864.5,636447.5,0.0,0.0,1,1
11391,801864.5,636447.5,0.0,0.0,1,1
11392,801864.5,636447.5,0.0,0.0,1,1
11393,801864.5,636447.5,0.0,0.0,1,1
11394,801864.5,636447.5,0.0,0.0,1,1
11395,801864.5,636447.5,0.0,0.0,1,1
11396,801864.5,636447.5,0.0,0.0,1,1
11397,801864.5,636447.5,0.0,0.0,1,1
11398,801864.5,636447.5,0.0,0.0,1,1
11399,801864.5,636447.5,0.0,0.0,1,1
11400,801864.5,636447.5,0.0,0.0,1,1
11401,801864.5,636447.5,0.0,0.0,1,1
11402,801864.5,636447.5,0.0,0.0,1,1
11403,801864.5,636447.5,0.0,0.0,1,1
11404,801864.5,636447.5,0.0,0.0,1,1
11405,801864.5,636447.5,0.0,0.0,1,1
11406,801864.5,636447.5,0.0,0.0,1,1
11407,801864.5,636447.5,0.0,0.0,1,1
11408,801864.5,636447.5,0.0,0.0,1,1
11409,801864.5,636447.5,0.0,0.0,1,1
11410,801864.5,636447.5,0.0,0.0,1,1
11411,801864.5,636447.5,0.0,0.0,1,1
11412,801864.5,636447.5,0.0,0.0,1,1
11413,801778.0,636447.5,0.0,0.0,1,1
11414,801778.0,636447.5,0.0,0.0,1,1
11415,803245.0,636447.5,0.0,0.0,1,1
11416,803245.0,636447.5,0.0,0.0,1,1
11417,803245.0,636447.5,0.0,0.0,1,1
11418,803245.0,636447.5,0.0,0.0,1,1
11419,803245.0,636447.5,0.0,0.0,1,1
11420,803143.5,636447.5,0.0,0.0,1,1
11421,803143.5,636447.5,0.0,0.0,1,1
11422,803143.5,636447.5,0.0,0.0,1,1
11423,803143.5,636447.5,0.0,0.0,1,1
11424,803143.5,636447.5,0.0,0.0,1,1
11425,803143.5,636447.5,0.0,0.0,1,1
11426,803143.5,636447.5,0.0,0.0,1,1
11427,803143.5,636447.5,0.0,0.0,1,1
11428,803143.5,636447.5,0.0,0.0,1,1
11429,803143.5,636447.5,0.0,0.0,1,1
11430,803143.5,636447.5,0.0,0.0,1,1
11431,803143.5,636447.5,0.0,0.0,1,1
11432,803143.5,636447.5,0.0,0.0,1,1
11433,803428.5,636447.5,0.0,0.0,1,1
11434,803428.5,636447.5,0.0,0.0,1,1
11435,803428.5,636447.5,0.0,0.0,1,1
11436,803428.5,636447.5,0.0,0.0,1,1
11437,803428.5,636447.5,0.0,0.0,1,1
11438,803428.5,636447.5,0.0,0.0,1,1
11439,803428.5,636447.5,0.0,0.0,1,1
11440,803428.5,636447.5,0.0,0.0,1,1
11441,803428.5,636447.5,0.0,0.0,1,1
11442,803428.5,636447.5,0.0,0.0,1,1
11443,803428.5,636447.5,0.0,0.0,1,1
11444,803428.5,636447.5,0.0,0.0,1,1
11445,795409.0,636447.5,0.0,0.0,1,1
11446,795409.0,636447.5,0.0,0.0,1,1
11447,795409.0,636447.5,0.0,0.0,1,1
11448,795409.0,636447.5,0.0,0.0,1,1
11449,795409.0,636447.5,0.0,0.0,1,1
11450,795409.0,636447.5,0.0,0.0,1,1
11451,795409.0,636447.5,0.0,0.0,1,1
11452,795409.0,636447.5,0.0,0.0,1,1
11453,795409.0,636447.5,0.0,0.0,1,1
11454,795409.0,636447.5,0.0,0.0,1,1
11455,795409.0,636447.5,0.0,0.0,1,1
11456,795409.0,636447.5,0.0,0.0,1,1
11457,795409.0,636447.5,0.0,0.0,1,1
11458,795409.0,636447.5,0.0,0.0,1,1
11459,795409.0,636447.5,0.0,0.0,1,1
11460,795409.0,636447.5,0.0,0.0,1,1
11461,795425.0,636447.5,0.0,0.0,1,1
11462,795211.0,636447.5,0.0,0.0,1,1
11463,795211.0,636447.5,0.0,0.0,1,1
11464,795211.0,636447.5,0.0,0.0,1,1
11465,795211.0,636447.5,0.0,0.0,1,1
11466,795211.0,636447.5,0.0,0.0,1,1
11467,795211.0,636447.5,0.0,0.0,1,1
11468,795211.0,636447.5,0.0,0.0,1,1
11469,795211.0,636447.5,0.0,0.0,1,1
11470,795211.0,636447.5,0.0,0.0,1,1
11471,795211.0,636447.5,0.0,0.0,1,1
11472,795211.0,636447.5,0.0,0.0,1,1
11473,795210.0,636447.5,0.0,0.0,1,1
11474,795210.0,636447.5,0.0,0.0,1,1
11475,795210.0,636447.5,0.0,0.0,1,1
11476,795210.0,636447.5,0.0,0.0,1,1
11477,795210.0,636447.5,0.0,0.0,1,1
11478,795210.0,636447.5,0.0,0.0,1,1
11479,795210.0,636447.5,0.0,0.0,1,1
11480,795210.0,636447.5,0.0,0.0,1,1
11481,795210.0,636447.5,0.0,0.0,1,1
11482,795210.0,636447.5,0.0,0.0,1,1
11483,795210.0,636447.5,0.0,0.0,1,1
11484,795210.0,636447.5,0.0,0.0,1,1
11485,795210.0,636447.5,0.0,0.0,1,1
11486,795210.0,636447.5,0.0,0.0,1,1
11487,804467.5,636447.5,0.0,0.0,1,1
11488,804467.5,636447.5,0.0,0.0,1,1
11489,804467.5,636447.5,0.0,0.0,1,1
11490,804467.5,636447.5,0.0,0.0,1,1
11491,804467.5,636447.5,0.0,0.0,1,1
11492,804467.5,636447.5,0.0,0.0,1,1
11493,804467.5,636447.5,0.0,0.0,1,1
11494,804467.5,636447.5,0.0,0.0,1,1
11495,804467.5,636447.5,0.0,0.0,1,1
11496,804467.5,636447.5,0.0,0.0,1,1
11497,804467.5,636447.5,0.0,0.0,1,1
11498,804467.5,636447.5,0.0,0.0,1,1
11499,804467.5,636447.5,0.0,0.0,1,1
11500,804467.5,636447.5,0.0,0.0,1,1
11501,804467.5,636447.5,0.0,0.0,1,1
11502,804467.5,636447.5,0.0,0.0,1,1
11503,804467.5,636447.5,0.0,0.0,1,1
11504,804467.5,636447.5,0.0,0.0,1,1
11505,804467.5,636447.5,0.0,0.0,1,1
11506,804467.5,636447.5,0.0,0.0,1,1
11507,804467.5,636447.5,0.0,0.0,1,1
11508,804467.5,636447.5,0.0,0.0,1,1
11509,804467.5,636447.5,0.0,0.0,1,1
11510,804467.5,636447.5,0.0,0.0,1,1
11511,804467.5,636447.5,0.0,0.0,1,1
11512,804467.5,636447.5,0.0,0.0,1,1
11513,804467.5,636447.5,0.0,0.0,1,1
11514,804467.5,636447.5,0.0,0.0,1,1
11515,804467.5,636447.5,0.0,0.0,1,1
11516,804467.5,636447.5,0.0,0.0,1,1
11517,804467.5,636447.5,0.0,0.0,1,1
11518,804467.5,636447.5,0.0,0.0,1,1
11519,804012.0,636447.5,0.0,0.0,1,1
11520,804012.0,636447.5,0.0,0.0,1,1
11521,804012.0,636447.5,0.0,0.0,1,1
11522,804012.0,636447.5,0.0,0.0,1,1
11523,804012.0,636447.5,0.0,0.0,1,1
11524,804012.0,636447.5,0.0,0.0,1,1
11525,804012.0,636447.5,0.0,0.0,1,1
11526,804012.0,636447.5,0.0,0.0,1,1
11527,804012.0,636447.5,0.0,0.0,1,1
11528,804012.0,636447.5,0.0,0.0,1,1
11529,804012.0,636447.5,0.0,0.0,1,1
11530,804012.0,636447.5,0.0,0.0,1,1
11531,804012.0,636447.5,0.0,0.0,1,1
11532,804012.0,636447.5,0.0,0.0,1,1
11533,804012.0,636447.5,0.0,0.0,1,1
11534,804012.0,636447.5,0.0,0.0,1,1
11535,804012.0,636447.5,0.0,0.0,1,1
11536,804012.0,636447.5,0.0,0.0,1,1
11537,804012.0,636447.5,0.0,0.0,1,1
11538,804012.0,636447.5,0.0,0.0,1,1
11539,804012.0,636447.5,0.0,0.0,1,1
11540,804012.0,636447.5,0.0,0.0,1,1
11541,804012.0,636447.5,0.0,0.0,1,1
11542,804012.0,636447.5,0.0,0.0,1,1
11543,804012.0,636447.5,0.0,0.0,1,1
11544,804012.0,636447.5,0.0,0.0,1,1
11545,804012.0,636447.5,0.0,0.0,1,1
11546,804012.0,636447.5,0.0,0.0,1,1
11547,804012.0,636447.5,0.0,0.0,1,1
11548,804012.0,636447.5,0.0,0.0,1,1
11549,804012.0,636447.5,0.0,0.0,1,1
11550,804012.0,636447.5,0.0,0.0,1,1
11551,804012.0,636447.5,0.0,0.0,1,1
11552,804012.0,636447.5,0.0,0.0,1,1
11553,804012.0,636447.5,0.0,0.0,1,1
11554,804012.0,636447.5,0.0,0.0,1,1
11555,804012.0,636447.5,0.0,0.0,1,1
11556,804012.0,636447.5,0.0,0.0,1,1
11557,804012.0,636447.5,0.0,0.0,1,1
11558,804012.0,636447.5,0.0,0.0,1,1
11559,804012.0,636447.5,0.0,0.0,1,1
11560,804012.0,636447.5,0.0,0.0,1,1
11561,804012.0,636447.5,0.0,0.0,1,1
11562,804352.0,636447.5,0.0,0.0,1,1
11563,804352.0,636447.5,0.0,0.0,1,1
11564,804352.0,636447.5,0.0,0.0,1,1
11565,804352.0,636447.5,0.0,0.0,1,1
11566,804352.0,636447.5,0.0,0.0,1,1
11567,804352.0,636447.5,0.0,0.0,1,1
11568,804352.0,636447.5,0.0,0.0,1,1
11569,804352.0,636447.5,0.0,0.0,1,1
11570,804352.0,636447.5,0.0,0.0,1,1
11571,804352.0,636447.5,0.0,0.0,1,1
11572,804352.0,636447.5,0.0,0.0,1,1
11573,804352.0,636447.5,0.0,0.0,1,1
11574,804352.0,636447.5,0.0,0.0,1,1
11575,804352.0,636447.5,0.0,0.0,1,1
11576,804352.0,636447.5,0.0,0.0,1,1
11577,804352.0,636447.5,0.0,0.0,1,1
11578,804352.0,636447.5,0.0,0.0,1,1
11579,804352.0,636447.5,0.0,0.0,1,1
11580,804352.0,636447.5,0.0,0.0,1,1
11581,804352.0,636447.5,0.0,0.0,1,1
11582,804352.0,636447.5,0.0,0.0,1,1
11583,803752.0,636447.5,0.0,0.0,1,1
11584,803752.0,636447.5,0.0,0.0,1,1
11585,803752.0,636447.5,0.0,0.0,1,1
11586,803752.0,636447.5,0.0,0.0,1,1
11587,803752.0,636447.5,0.0,0.0,1,1
11588,803752.0,636447.5,0.0,0.0,1,1
11589,803752.0,636447.5,0.0,0.0,1,1
11590,803752.0,636447.5,0.0,0.0,1,1
11591,803752.0,636447.5,0.0,0.0,1,1
11592,803752.0,636447.5,0.0,0.0,1,1
11593,803752.0,636447.5,0.0,0.0,1,1
11594,803752.0,636447.5,0.0,0.0,1,1
11595,803752.0,636447.5,0.0,0.0,1,1
11596,803752.0,636447.5,0.0,0.0,1,1
11597,803752.0,636447.5,0.0,0.0,1,1
11598,803752.0,636447.5,0.0,0.0,1,1
11599,803752.0,636447.5,0.0,0.0,1,1
11600,803752.0,636447.5,0.0,0.0,1,1
11601,803752.0,636447.5,0.0,0.0,1,1
11602,803752.0,636447.5,0.0,0.0,1,1
11603,803752.0,636447.5,0.0,0.0,1,1
11604,803752.0,636447.5,0.0,0.0,1,1
11605,803752.0,636447.5,0.0,0.0,1,1
11606,803752.0,636447.5,0.0,0.0,1,1
11607,803752.0,636447.5,0.0,0.0,1,1
11608,803752.0,636447.5,0.0,0.0,1,1
11609,803752.0,636447.5,0.0,0.0,1,1
11610,803752.0,636447.5,0.0,0.0,1,1
11611,803752.0,636447.5,0.0,0.0,1,1
11612,803752.0,636447.5,0.0,0.0,1,1
11613,803752.0,636447.5,0.0,0.0,1,1
11614,803752.0,636447.5,0.0,0.0,1,1
11615,803752.0,636447.5,0.0,0.0,1,1
11616,803752.0,636447.5,0.0,0.0,1,1
11617,803752.0,636447.5,0.0,0.0,1,1
11618,803752.0,636447.5,0.0,0.0,1,1
11619,803752.0,636447.5,0.0,0.0,1,1
11620,803752.0,636447.5,0.0,0.0,1,1
11621,803752.0,636447.5,0.0,0.0,1,1
11622,803752.0,636447.5,0.0,0.0,1,1
11623,803752.0,636447.5,0.0,0.0,1,1
11624,803752.0,636447.5,0.0,0.0,1,1
11625,803752.0,636447.5,0.0,0.0,1,1
11626,803752.0,636447.5,0.0,0.0,1,1
11627,803752.0,636447.5,0.0,0.0,1,1
11628,803752.0,636447.5,0.0,0.0,1,1
11629,803752.0,636447.5,0.0,0.0,1,1
11630,803752.0,636447.5,0.0,0.0,1,1
11631,803752.0,636447.5,0.0,0.0,1,1
11632,803752.0,636447.5,0.0,0.0,1,1
11633,803752.0,636447.5,0.0,0.0,1,1
11634,803752.0,636447.5,0.0,0.0,1,1
11635,803752.0,636447.5,0.0,0.0,1,1
11636,803752.0,636447.5,0.0,0.0,1,1
11637,803752.0,636447.5,0.0,0.0,1,1
11638,803752.0,636447.5,0.0,0.0,1,1
11639,803752.0,636447.5,0.0,0.0,1,1
11640,803752.0,636447.5,0.0,0.0,1,1
11641,803752.0,636447.5,0.0,0.0,1,1
11642,803752.0,636447.5,0.0,0.0,1,1
11643,803752.0,636447.5,0.0,0.0,1,1
11644,803752.0,636447.5,0.0,0.0,1,1
11645,803752.0,636447.5,0.0,0.0,1,1
11646,803752.0,636447.5,0.0,0.0,1,1
11647,803752.0,636447.5,0.0,0.0,1,1
11648,803752.0,636447.5,0.0,0.0,1,1
11649,803752.0,636447.5,0.0,0.0,1,1
11650,803752.0,636447.5,0.0,0.0,1,1
11651,803752.0,636447.5,0.0,0.0,1,1
11652,803752.0,636447.5,0.0,0.0,1,1
11653,803752.0,636447.5,0.0,0.0,1,1
11654,803752.0,636447.5,0.0,0.0,1,1
11655,803752.0,636447.5,0.0,0.0,1,1
11656,803752.0,636447.5,0.0,0.0,1,1
11657,803752.0,636447.5,0.0,0.0,1,1
11658,803752.0,636447.5,0.0,0.0,1,1
11659,803752.0,636447.5,0.0,0.0,1,1
11660,803752.0,636447.5,0.0,0.0,1,1
11661,803752.0,636447.5,0.0,0.0,1,1
11662,803752.0,636447.5,0.0,0.0,1,1
11663,803752.0,636447.5,0.0,0.0,1,1
11664,803752.0,636447.5,0.0,0.0,1,1
11665,803752.0,636447.5,0.0,0.0,1,1
11666,803533.0,636447.5,0.0,0.0,1,1
11667,803533.0,636447.5,0.0,0.0,1,1
11668,803533.0,636447.5,0.0,0.0,1,1
11669,803533.0,636447.5,0.0,0.0,1,1
11670,803533.0,636447.5,0.0,0.0,1,1
11671,803533.0,636447.5,0.0,0.0,1,1
11672,803533.0,636447.5,0.0,0.0,1,1
11673,803533.0,636447.5,0.0,0.0,1,1
11674,803533.0,636447.5,0.0,0.0,1,1
11675,803533.0,636447.5,0.0,0.0,1,1
11676,803533.0,636447.5,0.0,0.0,1,1
11677,803533.0,636447.5,0.0,0.0,1,1
11678,803533.0,636447.5,0.0,0.0,1,1
11679,803533.0,636447.5,0.0,0.0,1,1
11680,803533.0,636447.5,0.0,0.0,1,1
11681,803533.0,636447.5,0.0,0.0,1,1
11682,803533.0,636447.5,0.0,0.0,1,1
11683,803533.0,636447.5,0.0,0.0,1,1
11684,803533.0,636447.5,0.0,0.0,1,1
11685,803533.0,636447.5,0.0,0.0,1,1
11686,803533.0,636447.5,0.0,0.0,1,1
11687,803533.0,636447.5,0.0,0.0,1,1
11688,803512.0,636447.5,0.0,0.0,1,1
11689,803512.0,636447.5,0.0,0.0,1,1
11690,803533.5,636447.5,0.0,0.0,1,1
11691,803533.5,636447.5,0.0,0.0,1,1
11692,803533.5,636447.5,0.0,0.0,1,1
11693,802799.5,636447.5,0.0,0.0,1,1
11694,802799.5,636447.5,0.0,0.0,1,1
11695,802799.5,636447.5,0.0,0.0,1,1
11696,802799.5,636447.5,0.0,0.0,1,1
11697,802799.5,636447.5,0.0,0.0,1,1
11698,802799.5,636447.5,0.0,0.0,1,1
11699,802799.5,636447.5,0.0,0.0,1,1
11700,802799.5,636447.5,0.0,0.0,1,1
11701,802799.5,636447.5,0.0,0.0,1,1
11702,802799.5,636447.5,0.0,0.0,1,1
11703,802799.5,636447.5,0.0,0.0,1,1
11704,802799.5,636447.5,0.0,0.0,1,1
11705,802799.5,636447.5,0.0,0.0,1,1
11706,802799.5,636447.5,0.0,0.0,1,1
11707,802799.5,636447.5,0.0,0.0,1,1
11708,802799.5,636447.5,0.0,0.0,1,1
11709,802799.5,636447.5,0.0,0.0,1,1
11710,802799.5,636447.5,0.0,0.0,1,1
11711,802799.5,636447.5,0.0,0.0,1,1
11712,802799.5,636447.5,0.0,0.0,1,1
11713,802799.5,636447.5,0.0,0.0,1,1
11714,802830.5,636447.5,0.0,0.0,1,1
11715,802830.5,636447.5,0.0,0.0,1,1
11716,802830.5,636447.5,0.0,0.0,1,1
11717,802750.0,636447.5,0.0,0.0,1,1
11718,802750.0,636447.5,0.0,0.0,1,1
11719,802750.0,636447.5,0.0,0.0,1,1
11720,802750.0,636447.5,0.0,0.0,1,1
11721,802750.0,636447.5,0.0,0.0,1,1
11722,802750.0,636447.5,0.0,0.0,1,1
11723,802750.0,636447.5,0.0,0.0,1,1
11724,802765.0,636447.5,0.0,0.0,1,1
11725,802765.0,636447.5,0.0,0.0,1,1
11726,802765.0,636447.5,0.0,0.0,1,1
11727,802765.0,636447.5,0.0,0.0,1,1
11728,802765.0,636447.5,0.0,0.0,1,1
11729,802765.0,636447.5,0.0,0.0,1,1
11730,802765.0,636447.5,0.0,0.0,1,1
11731,802765.0,636447.5,0.0,0.0,1,1
11732,802765.0,636447.5,0.0,0.0,1,1
11733,802765.0,636447.5,0.0,0.0,1,1
11734,802765.0,636447.5,0.0,0.0,1,1
11735,802765.0,636447.5,0.0,0.0,1,1
11736,802765.0,636447.5,0.0,0.0,1,1
11737,802765.0,636447.5,0.0,0.0,1,1
11738,802765.0,636447.5,0.0,0.0,1,1
11739,802765.0,636447.5,0.0,0.0,1,1
11740,803592.5,636447.5,0.0,0.0,1,1
11741,803592.5,636447.5,0.0,0.0,1,1
11742,803592.5,636447.5,0.0,0.0,1,1
11743,803592.5,636447.5,0.0,0.0,1,1
11744,803592.5,636447.5,0.0,0.0,1,1
11745,803592.5,636447.5,0.0,0.0,1,1
11746,803592.5,636447.5,0.0,0.0,1,1
11747,803592.5,636447.5,0.0,0.0,1,1
11748,803690.5,636447.5,0.0,0.0,1,1
11749,803690.5,636447.5,0.0,0.0,1,1
11750,803690.5,636447.5,0.0,0.0,1,1
11751,803690.5,636447.5,0.0,0.0,1,1
11752,803690.5,636447.5,0.0,0.0,1,1
11753,803690.5,636447.5,0.0,0.0,1,1
11754,803690.5,636447.5,0.0,0.0,1,1
11755,803690.5,636447.5,0.0,0.0,1,1
11756,803690.5,636447.5,0.0,0.0,1,1
11757,803690.5,636447.5,0.0,0.0,1,1
11758,803690.5,636447.5,0.0,0.0,1,1
11759,803690.5,636447.5,0.0,0.0,1,1
11760,803690.5,636447.5,0.0,0.0,1,1
11761,803690.5,636447.5,0.0,0.0,1,1
11762,803690.5,636447.5,0.0,0.0,1,1
11763,803690.5,636447.5,0.0,0.0,1,1
11764,803690.5,636447.5,0.0,0.0,1,1
11765,803690.5,636447.5,0.0,0.0,1,1
11766,803775.5,636447.5,0.0,0.0,1,1
11767,803994.5,636447.5,0.0,0.0,1,1
11768,803994.5,636447.5,0.0,0.0,1,1
11769,803994.5,636447.5,0.0,0.0,1,1
11770,803994.5,636447.5,0.0,0.0,1,1
11771,803994.5,636447.5,0.0,0.0,1,1
11772,803994.5,636447.5,0.0,0.0,1,1
11773,803994.5,636447.5,0.0,0.0,1,1
11774,803994.5,636447.5,0.0,0.0,1,1
11775,803994.5,636447.5,0.0,0.0,1,1
11776,803994.5,636447.5,0.0,0.0,1,1
11777,803994.5,636447.5,0.0,0.0,1,1
11778,803994.5,636447.5,0.0,0.0,1,1
11779,803994.5,636447.5,0.0,0.0,1,1
11780,803994.5,636447.5,0.0,0.0,1,1
11781,803994.5,636447.5,0.0,0.0,1,1
11782,803994.5,636447.5,0.0,0.0,1,1
11783,803994.5,636447.5,0.0,0.0,1,1
11784,803994.5,636447.5,0.0,0.0,1,1
11785,803994.5,636447.5,0.0,0.0,1,1
11786,803994.5,636447.5,0.0,0.0,1,1
11787,804026.0,636447.5,0.0,0.0,1,1
11788,804026.0,636447.5,0.0,0.0,1,1
11789,804026.0,636447.5,0.0,0.0,1,1
11790,804026.0,636447.5,0.0,0.0,1,1
11791,804026.0,636447.5,0.0,0.0,1,1
11792,804026.0,636447.5,0.0,0.0,1,1
11793,804026.0,636447.5,0.0,0.0,1,1
11794,804026.0,636447.5,0.0,0.0,1,1
11795,804026.0,636447.5,0.0,0.0,1,1
11796,804026.0,636447.5,0.0,0.0,1,1
11797,804026.0,636447.5,0.0,0.0,1,1
11798,804026.0,636447.5,0.0,0.0,1,1
11799,804026.0,636447.5,0.0,0.0,1,1
11800,804026.0,636447.5,0.0,0.0,1,1
11801,804026.0,636447.5,0.0,0.0,1,1
11802,804026.0,636447.5,0.0,0.0,1,1
11803,804026.0,636447.5,0.0,0.0,1,1
11804,804026.0,636447.5,0.0,0.0,1,1
11805,804026.0,636447.5,0.0,0.0,1,1
11806,804026.0,636447.5,0.0,0.0,1,1
11807,804026.0,636447.5,0.0,0.0,1,1
11808,804026.0,636447.5,0.0,0.0,1,1
11809,804026.0,636447.5,0.0,0.0,1,1
11810,804026.0,636447.5,0.0,0.0,1,1
11811,804026.0,636447.5,0.0,0.0,1,1
11812,804026.0,636447.5,0.0,0.0,1,1
11813,804026.0,636447.5,0.0,0.0,1,1
11814,804026.0,636447.5,0.0,0.0,1,1
11815,804026.0,636447.5,0.0,0.0,1,1
11816,804026.0,636447.5,0.0,0.0,1,1
11817,804026.0,636447.5,0.0,0.0,1,1
11818,804026.0,636447.5,0.0,0.0,1,1
11819,804026.0,636447.5,0.0,0.0,1,1
11820,804026.0,636447.5,0.0,0.0,1,1
11821,804026.0,636447.5,0.0,0.0,1,1
11822,804026.0,636447.5,0.0,0.0,1,1
11823,804026.0,636447.5,0.0,0.0,1,1
11824,804026.0,636447.5,0.0,0.0,1,1
11825,804026.0,636447.5,0.0,0.0,1,1
11826,804026.0,636447.5,0.0,0.0,1,1
11827,804026.0,636447.5,0.0,0.0,1,1
11828,804026.0,636447.5,0.0,0.0,1,1
11829,804026.0,636447.5,0.0,0.0,1,1
11830,804026.0,636447.5,0.0,0.0,1,1
11831,803438.0,636447.5,0.0,0.0,1,1
11832,803438.0,636447.5,0.0,0.0,1,1
11833,803438.0,636447.5,0.0,0.0,1,1
11834,803438.0,636447.5,0.0,0.0,1,1
11835,803438.0,636447.5,0.0,0.0,1,1
11836,803438.0,636447.5,0.0,0.0,1,1
11837,803438.0,636447.5,0.0,0.0,1,1
11838,803438.0,636447.5,0.0,0.0,1,1
11839,803438.0,636447.5,0.0,0.0,1,1
11840,803438.0,636447.5,0.0,0.0,1,1
11841,803438.0,636447.5,0.0,0.0,1,1
11842,803438.0,636447.5,0.0,0.0,1,1
11843,803438.0,636447.5,0.0,0.0,1,1
11844,803438.0,636447.5,0.0,0.0,1,1
11845,803438.0,636447.5,0.0,0.0,1,1
11846,803438.0,636447.5,0.0,0.0,1,1
11847,803438.0,636447.5,0.0,0.0,1,1
11848,803438.0,636447.5,0.0,0.0,1,1
11849,803438.0,636447.5,0.0,0.0,1,1
11850,803438.0,636447.5,0.0,0.0,1,1
11851,803438.0,636447.5,0.0,0.0,1,1
11852,803438.0,636447.5,0.0,0.0,1,1
11853,803438.0,636447.5,0.0,0.0,1,1
11854,803438.0,636447.5,0.0,0.0,1,1
11855,803438.0,636447.5,0.0,0.0,1,1
11856,803438.0,636447.5,0.0,0.0,1,1
11857,803438.0,636447.5,0.0,0.0,1,1
11858,803438.0,636447.5,0.0,0.0,1,1
11859,803438.0,636447.5,0.0,0.0,1,1
11860,803438.0,636447.5,0.0,0.0,1,1
11861,803438.0,636447.5,0.0,0.0,1,1
11862,803438.0,636447.5,0.0,0.0,1,1
11863,803438.0,636447.5,0.0,0.0,1,1
11864,803438.0,636447.5,0.0,0.0,1,1
11865,803438.0,636447.5,0.0,0.0,1,1
11866,803438.0,636447.5,0.0,0.0,1,1
11867,803438.0,636447.5,0.0,0.0,1,1
11868,803505.5,636447.5,0.0,0.0,1,1
11869,803505.5,636447.5,0.0,0.0,1,1
11870,803505.5,636447.5,0.0,0.0,1,1
11871,803505.5,636447.5,0.0,0.0,1,1
11872,803505.5,636447.5,0.0,0.0,1,1
11873,803505.5,636447.5,0.0,0.0,1,1
11874,803505.5,636447.5,0.0,0.0,1,1
11875,803505.5,636447.5,0.0,0.0,1,1
11876,803326.5,636447.5,0.0,0.0,1,1
11877,803326.5,636447.5,0.0,0.0,1,1
11878,803326.5,636447.5,0.0,0.0,1,1
11879,803326.5,636447.5,0.0,0.0,1,1
11880,803326.5,636447.5,0.0,0.0,1,1
11881,803326.5,636447.5,0.0,0.0,1,1
11882,803326.5,636447.5,0.0,0.0,1,1
11883,803326.5,636447.5,0.0,0.0,1,1
11884,803326.5,636447.5,0.0,0.0,1,1
11885,803326.5,636447.5,0.0,0.0,1,1
11886,803326.5,636447.5,0.0,0.0,1,1
11887,803326.5,636447.5,0.0,0.0,1,1
11888,803326.5,636447.5,0.0,0.0,1,1
11889,803326.5,636447.5,0.0,0.0,1,1
11890,803204.0,636447.5,0.0,0.0,1,1
11891,803204.0,636447.5,0.0,0.0,1,1
11892,803204.0,636447.5,0.0,0.0,1,1
11893,803204.0,636447.5,0.0,0.0,1,1
11894,803204.0,636447.5,0.0,0.0,1,1
11895,803204.0,636447.5,0.0,0.0,1,1
11896,803204.0,636447.5,0.0,0.0,1,1
11897,803204.0,636447.5,0.0,0.0,1,1
11898,803204.0,636447.5,0.0,0.0,1,1
11899,803204.0,636447.5,0.0,0.0,1,1
11900,803204.0,636447.5,0.0,0.0,1,1
11901,803204.0,636447.5,0.0,0.0,1,1
11902,803204.0,636447.5,0.0,0.0,1,1
11903,803165.0,636447.5,0.0,0.0,1,1
11904,803165.0,636447.5,0.0,0.0,1,1
11905,803165.0,636447.5,0.0,0.0,1,1
11906,803165.0,636447.5,0.0,0.0,1,1
11907,803165.0,636447.5,0.0,0.0,1,1
11908,803165.0,636447.5,0.0,0.0,1,1
11909,803165.0,636447.5,0.0,0.0,1,1
11910,803165.0,636447.5,0.0,0.0,1,1
11911,803165.0,636447.5,0.0,0.0,1,1
11912,803165.0,636447.5,0.0,0.0,1,1
11913,803165.0,636447.5,0.0,0.0,1,1
11914,803165.0,636447.5,0.0,0.0,1,1
11915,803165.0,636447.5,0.0,0.0,1,1
11916,803165.0,636447.5,0.0,0.0,1,1
11917,803165.0,636447.5,0.0,0.0,1,1
11918,803165.0,636447.5,0.0,0.0,1,1
11919,803165.0,636447.5,0.0,0.0,1,1
11920,803165.0,636447.5,0.0,0.0,1,1
11921,803165.0,636447.5,0.0,0.0,1,1
11922,803165.0,636447.5,0.0,0.0,1,1
11923,803165.0,636447.5,0.0,0.0,1,1
11924,803165.0,636447.5,0.0,0.0,1,1
11925,803165.0,636447.5,0.0,0.0,1,1
11926,803165.0,636447.5,0.0,0.0,1,1
11927,803165.0,636447.5,0.0,0.0,1,1
11928,803165.0,636447.5,0.0,0.0,1,1
11929,803165.0,636447.5,0.0,0.0,1,1
11930,803165.0,636447.5,0.0,0.0,1,1
11931,803165.0,636447.5,0.0,0.0,1,1
11932,803165.0,636447.5,0.0,0.0,1,1
11933,803165.0,636447.5,0.0,0.0,1,1
11934,803165.0,636447.5,0.0,0.0,1,1
11935,803165.0,636447.5,0.0,0.0,1,1
11936,803165.0,636447.5,0.0,0.0,1,1
11937,803165.0,636447.5,0.0,0.0,1,1
11938,803165.0,636447.5,0.0,0.0,1,1
11939,803165.0,636447.5,0.0,0.0,1,1
11940,803165.0,636447.5,0.0,0.0,1,1
11941,803165.0,636447.5,0.0,0.0,1,1
11942,803165.0,636447.5,0.0,0.0,1,1
11943,803165.0,636447.5,0.0,0.0,1,1
11944,803165.0,636447.5,0.0,0.0,1,1
11945,803165.0,636447.5,0.0,0.0,1,1
11946,803165.0,636447.5,0.0,0.0,1,1
11947,803165.0,636447.5,0.0,0.0,1,1
11948,803165.0,636447.5,0.0,0.0,1,1
11949,803165.0,636447.5,0.0,0.0,1,1
11950,803165.0,636447.5,0.0,0.0,1,1
11951,803165.0,636447.5,0.0,0.0,1,1
11952,803165.0,636447.5,0.0,0.0,1,1
11953,803165.0,636447.5,0.0,0.0,1,1
11954,803165.0,636447.5,0.0,0.0,1,1
11955,803165.0,636447.5,0.0,0.0,1,1
11956,803165.0,636447.5,0.0,0.0,1,1
11957,803165.0,636447.5,0.0,0.0,1,1
11958,803165.0,636447.5,0.0,0.0,1,1
11959,803165.0,636447.5,0.0,0.0,1,1
11960,803165.0,636447.5,0.0,0.0,1,1
11961,803165.0,636447.5,0.0,0.0,1,1
11962,803165.0,636447.5,0.0,0.0,1,1
11963,803148.0,636447.5,0.0,0.0,1,1
11964,803148.0,636447.5,0.0,0.0,1,1
11965,803148.0,636447.5,0.0,0.0,1,1
11966,803148.0,636447.5,0.0,0.0,1,1
11967,803148.0,636447.5,0.0,0.0,1,1
11968,803148.0,636447.5,0.0,0.0,1,1
11969,803148.0,636447.5,0.0,0.0,1,1
11970,803148.0,636447.5,0.0,0.0,1,1
11971,803148.0,636447.5,0.0,0.0,1,1
11972,803824.0,636447.5,0.0,0.0,1,1
11973,803824.0,636447.5,0.0,0.0,1,1
11974,803649.0,636447.5,0.0,0.0,1,1
11975,803649.0,636447.5,0.0,0.0,1,1
11976,803649.0,636447.5,0.0,0.0,1,1
11977,803474.0,636447.5,0.0,0.0,1,1
11978,803474.0,636447.5,0.0,0.0,1,1
11979,803474.0,636447.5,0.0,0.0,1,1
11980,803474.0,636447.5,0.0,0.0,1,1
11981,803474.0,636447.5,0.0,0.0,1,1
11982,803474.0,636447.5,0.0,0.0,1,1
11983,803474.0,636447.5,0.0,0.0,1,1
11984,803474.0,636447.5,0.0,0.0,1,1
11985,803474.0,636447.5,0.0,0.0,1,1
11986,803474.0,636447.5,0.0,0.0,1,1
11987,803474.0,636447.5,0.0,0.0,1,1
11988,803474.0,636447.5,0.0,0.0,1,1
11989,803474.0,636447.5,0.0,0.0,1,1
11990,803474.0,636447.5,0.0,0.0,1,1
11991,803474.0,636447.5,0.0,0.0,1,1
11992,803474.0,636447.5,0.0,0.0,1,1
11993,803474.0,636447.5,0.0,0.0,1,1
11994,803474.0,636447.5,0.0,0.0,1,1
11995,803474.0,636447.5,0.0,0.0,1,1
11996,803474.0,636447.5,0.0,0.0,1,1
11997,803474.0,636447.5,0.0,0.0,1,1
11998,803474.0,636447.5,0.0,0.0,1,1
11999,803474.0,636447.5,0.0,0.0,1,1
12000,803474.0,636447.5,0.0,0.0,1,1
12001,803474.0,636447.5,0.0,0.0,1,1
12002,803474.0,636447.5,0.0,0.0,1,1
12003,803474.0,636447.5,0.0,0.0,1,1
12004,803474.0,636447.5,0.0,0.0,1,1
12005,803474.0,636447.5,0.0,0.0,1,1
12006,803474.0,636447.5,0.0,0.0,1,1
12007,803474.0,636447.5,0.0,0.0,1,1
12008,803474.0,636447.5,0.0,0.0,1,1
12009,803474.0,636447.5,0.0,0.0,1,1
12010,803474.0,636447.5,0.0,0.0,1,1
12011,803474.0,636447.5,0.0,0.0,1,1
12012,803474.0,636447.5,0.0,0.0,1,1
12013,803474.0,636447.5,0.0,0.0,1,1
12014,803474.0,636447.5,0.0,0.0,1,1
12015,803474.0,636447.5,0.0,0.0,1,1
12016,803474.0,636447.5,0.0,0.0,1,1
12017,803474.0,636447.5,0.0,0.0,1,1
12018,803474.0,636447.5,0.0,0.0,1,1
12019,803474.0,636447.5,0.0,0.0,1,1
12020,803529.0,636447.5,0.0,0.0,1,1
12021,803529.0,636447.5,0.0,0.0,1,1
12022,803529.0,636447.5,0.0,0.0,1,1
12023,803537.5,636447.5,0.0,0.0,1,1
12024,803537.5,636447.5,0.0,0.0,1,1
12025,803537.5,636447.5,0.0,0.0,1,1
12026,803537.5,636447.5,0.0,0.0,1,1
12027,803537.5,636447.5,0.0,0.0,1,1
12028,803537.5,636447.5,0.0,0.0,1,1
12029,803537.5,636447.5,0.0,0.0,1,1
12030,803537.5,636447.5,0.0,0.0,1,1
12031,803537.5,636447.5,0.0,0.0,1,1
12032,803537.5,636447.5,0.0,0.0,1,1
12033,803537.5,636447.5,0.0,0.0,1,1
12034,803537.5,636447.5,0.0,0.0,1,1
12035,803537.5,636447.5,0.0,0.0,1,1
12036,803537.5,636447.5,0.0,0.0,1,1
12037,803537.5,636447.5,0.0,0.0,1,1
12038,803537.5,636447.5,0.0,0.0,1,1
12039,803537.5,636447.5,0.0,0.0,1,1
12040,803537.5,636447.5,0.0,0.0,1,1
12041,803537.5,636447.5,0.0,0.0,1,1
12042,803537.5,636447.5,0.0,0.0,1,1
12043,803537.5,636447.5,0.0,0.0,1,1
12044,803537.5,636447.5,0.0,0.0,1,1
12045,803537.5,636447.5,0.0,0.0,1,1
12046,803537.5,636447.5,0.0,0.0,1,1
12047,803537.5,636447.5,0.0,0.0,1,1
12048,803537.5,636447.5,0.0,0.0,1,1
12049,803537.5,636447.5,0.0,0.0,1,1
12050,803537.5,636447.5,0.0,0.0,1,1
12051,803537.5,636447.5,0.0,0.0,1,1
12052,803537.5,636447.5,0.0,0.0,1,1
12053,803537.5,636447.5,0.0,0.0,1,1
12054,803537.5,636447.5,0.0,0.0,1,1
12055,803537.5,636447.5,0.0,0.0,1,1
12056,803569.5,636447.5,0.0,0.0,1,1
12057,803569.5,636447.5,0.0,0.0,1,1
12058,803569.5,636447.5,0.0,0.0,1,1
12059,803569.5,636447.5,0.0,0.0,1,1
12060,803569.5,636447.5,0.0,0.0,1,1
12061,803438.5,636447.5,0.0,0.0,1,1
12062,803438.5,636447.5,0.0,0.0,1,1
12063,803438.5,636447.5,0.0,0.0,1,1
12064,803438.5,636447.5,0.0,0.0,1,1
12065,803485.5,636447.5,0.0,0.0,1,1
12066,803485.5,636447.5,0.0,0.0,1,1
12067,803485.5,636447.5,0.0,0.0,1,1
12068,803485.5,636447.5,0.0,0.0,1,1
12069,803344.5,636447.5,0.0,0.0,1,1
12070,803344.5,636447.5,0.0,0.0,1,1
12071,803344.5,636447.5,0.0,0.0,1,1
12072,803344.5,636447.5,0.0,0.0,1,1
12073,803344.5,636447.5,0.0,0.0,1,1
12074,803344.5,636447.5,0.0,0.0,1,1
12075,803344.5,636447.5,0.0,0.0,1,1
12076,803344.5,636447.5,0.0,0.0,1,1
12077,803344.5,636447.5,0.0,0.0,1,1
12078,803344.5,636447.5,0.0,0.0,1,1
12079,803344.5,636447.5,0.0,0.0,1,1
12080,803344.5,636447.5,0.0,0.0,1,1
12081,803344.5,636447.5,0.0,0.0,1,1
12082,803344.5,636447.5,0.0,0.0,1,1
12083,803830.5,636447.5,0.0,0.0,1,1
12084,803830.5,636447.5,0.0,0.0,1,1
12085,803830.5,636447.5,0.0,0.0,1,1
12086,803830.5,636447.5,0.0,0.0,1,1
12087,803830.5,636447.5,0.0,0.0,1,1
12088,803830.5,636447.5,0.0,0.0,1,1
12089,803602.0,636447.5,0.0,0.0,1,1
12090,803602.0,636447.5,0.0,0.0,1,1
12091,803602.0,636447.5,0.0,0.0,1,1
12092,803602.0,636447.5,0.0,0.0,1,1
12093,803602.0,636447.5,0.0,0.0,1,1
12094,803602.0,636447.5,0.0,0.0,1,1
12095,803602.0,636447.5,0.0,0.0,1,1
12096,803602.0,636447.5,0.0,0.0,1,1
12097,803602.0,636447.5,0.0,0.0,1,1
12098,803602.0,636447.5,0.0,0.0,1,1
12099,803602.0,636447.5,0.0,0.0,1,1
12100,803602.0,636447.5,0.0,0.0,1,1
12101,803602.0,636447.5,0.0,0.0,1,1
12102,803602.0,636447.5,0.0,0.0,1,1
12103,803602.0,636447.5,0.0,0.0,1,1
12104,803602.0,636447.5,0.0,0.0,1,1
12105,803602.0,636447.5,0.0,0.0,1,1
12106,803602.0,636447.5,0.0,0.0,1,1
12107,803602.0,636447.5,0.0,0.0,1,1
12108,803602.0,636447.5,0.0,0.0,1,1
12109,803602.0,636447.5,0.0,0.0,1,1
12110,803602.0,636447.5,0.0,0.0,1,1
12111,803602.0,636447.5,0.0,0.0,1,1
12112,803602.0,636447.5,0.0,0.0,1,1
12113,803602.0,636447.5,0.0,0.0,1,1
12114,803602.0,636447.5,0.0,0.0,1,1
12115,803602.0,636447.5,0.0,0.0,1,1
12116,803602.0,636447.5,0.0,0.0,1,1
12117,803602.0,636447.5,0.0,0.0,1,1
12118,803602.0,636447.5,0.0,0.0,1,1
12119,803602.0,636447.5,0.0,0.0,1,1
12120,803602.0,636447.5,0.0,0.0,1,1
12121,803602.0,636447.5,0.0,0.0,1,1
12122,803602.0,636447.5,0.0,0.0,1,1
12123,803602.0,636447.5,0.0,0.0,1,1
12124,803602.0,636447.5,0.0,0.0,1,1
12125,803602.0,636447.5,0.0,0.0,1,1
12126,803602.0,636447.5,0.0,0.0,1,1
12127,803602.0,636447.5,0.0,0.0,1,1
12128,803602.0,636447.5,0.0,0.0,1,1
12129,803602.0,636447.5,0.0,0.0,1,1
12130,803559.5,636447.5,0.0,0.0,1,1
12131,803559.5,636447.5,0.0,0.0,1,1
12132,803559.5,636447.5,0.0,0.0,1,1
12133,803559.5,636447.5,0.0,0.0,1,1
12134,803559.5,636447.5,0.0,0.0,1,1
12135,803559.5,636447.5,0.0,0.0,1,1
12136,803559.5,636447.5,0.0,0.0,1,1
12137,803559.5,636447.5,0.0,0.0,1,1
12138,803559.5,636447.5,0.0,0.0,1,1
12139,803559.5,636447.5,0.0,0.0,1,1
12140,803559.5,636447.5,0.0,0.0,1,1
12141,803559.5,636447.5,0.0,0.0,1,1
12142,803559.5,636447.5,0.0,0.0,1,1
12143,803559.5,636447.5,0.0,0.0,1,1
12144,803559.5,636447.5,0.0,0.0,1,1
12145,803559.5,636447.5,0.0,0.0,1,1
12146,803559.5,636447.5,0.0,0.0,1,1
12147,803559.5,636447.5,0.0,0.0,1,1
12148,803559.5,636447.5,0.0,0.0,1,1
12149,803559.5,636447.5,0.0,0.0,1,1
12150,803559.5,636447.5,0.0,0.0,1,1
12151,803559.5,636447.5,0.0,0.0,1,1
12152,803512.5,636447.5,0.0,0.0,1,1
12153,803714.0,636447.5,0.0,0.0,1,1
12154,804138.0,636447.5,0.0,0.0,1,1
12155,804138.0,636447.5,0.0,0.0,1,1
12156,804138.0,636447.5,0.0,0.0,1,1
12157,804138.0,636447.5,0.0,0.0,1,1
12158,804138.0,636447.5,0.0,0.0,1,1
12159,804138.0,636447.5,0.0,0.0,1,1
12160,804138.0,636447.5,0.0,0.0,1,1
12161,804138.0,636447.5,0.0,0.0,1,1
12162,804138.0,636447.5,0.0,0.0,1,1
12163,804195.0,636447.5,0.0,0.0,1,1
12164,804195.0,636447.5,0.0,0.0,1,1
12165,804195.0,636447.5,0.0,0.0,1,1
12166,804195.0,636447.5,0.0,0.0,1,1
12167,804195.0,636447.5,0.0,0.0,1,1
12168,804195.0,636447.5,0.0,0.0,1,1
12169,804195.0,636447.5,0.0,0.0,1,1
12170,804195.0,636447.5,0.0,0.0,1,1
12171,804195.0,636447.5,0.0,0.0,1,1
12172,804195.0,636447.5,0.0,0.0,1,1
12173,804195.0,636447.5,0.0,0.0,1,1
12174,804195.0,636447.5,0.0,0.0,1,1
12175,804195.0,636447.5,0.0,0.0,1,1
12176,804195.0,636447.5,0.0,0.0,1,1
12177,804195.0,636447.5,0.0,0.0,1,1
12178,804195.0,636447.5,0.0,0.0,1,1
12179,804195.0,636447.5,0.0,0.0,1,1
12180,804425.5,636447.5,0.0,0.0,1,1
12181,804368.5,636447.5,0.0,0.0,1,1
12182,804368.5,636447.5,0.0,0.0,1,1
12183,804368.5,636447.5,0.0,0.0,1,1
12184,804368.5,636447.5,0.0,0.0,1,1
12185,804368.5,636447.5,0.0,0.0,1,1
12186,804368.5,636447.5,0.0,0.0,1,1
12187,804368.5,636447.5,0.0,0.0,1,1
12188,804368.5,636447.5,0.0,0.0,1,1
12189,804368.5,636447.5,0.0,0.0,1,1
12190,804368.5,636447.5,0.0,0.0,1,1
12191,804368.5,636447.5,0.0,0.0,1,1
12192,804368.5,636447.5,0.0,0.0,1,1
12193,804368.5,636447.5,0.0,0.0,1,1
12194,804368.5,636447.5,0.0,0.0,1,1
12195,804368.5,636447.5,0.0,0.0,1,1
12196,804368.5,636447.5,0.0,0.0,1,1
12197,804368.5,636447.5,0.0,0.0,1,1
12198,804368.5,636447.5,0.0,0.0,1,1
12199,804368.5,636447.5,0.0,0.0,1,1
12200,804307.5,636447.5,0.0,0.0,1,1
12201,804307.5,636447.5,0.0,0.0,1,1
12202,804307.5,636447.5,0.0,0.0,1,1
12203,804307.5,636447.5,0.0,0.0,1,1
12204,804307.5,636447.5,0.0,0.0,1,1
12205,804307.5,636447.5,0.0,0.0,1,1
12206,804307.5,636447.5,0.0,0.0,1,1
12207,804307.5,636447.5,0.0,0.0,1,1
12208,804307.5,636447.5,0.0,0.0,1,1
12209,804307.5,636447.5,0.0,0.0,1,1
12210,804307.5,636447.5,0.0,0.0,1,1
12211,804307.5,636447.5,0.0,0.0,1,1
12212,804307.5,636447.5,0.0,0.0,1,1
12213,804307.5,636447.5,0.0,0.0,1,1
12214,804307.5,636447.5,0.0,0.0,1,1
12215,804307.5,636447.5,0.0,0.0,1,1
12216,804307.5,636447.5,0.0,0.0,1,1
12217,804307.5,636447.5,0.0,0.0,1,1
12218,804307.5,636447.5,0.0,0.0,1,1
12219,804307.5,636447.5,0.0,0.0,1,1
12220,804307.5,636447.5,0.0,0.0,1,1
12221,804307.5,636447.5,0.0,0.0,1,1
12222,804307.5,636447.5,0.0,0.0,1,1
12223,804307.5,636447.5,0.0,0.0,1,1
12224,804307.5,636447.5,0.0,0.0,1,1
12225,803702.0,636447.5,0.0,0.0,1,1
12226,803702.0,636447.5,0.0,0.0,1,1
12227,803702.0,636447.5,0.0,0.0,1,1
12228,803702.0,636447.5,0.0,0.0,1,1
12229,803702.0,636447.5,0.0,0.0,1,1
12230,803702.0,636447.5,0.0,0.0,1,1
12231,803702.0,636447.5,0.0,0.0,1,1
12232,803702.0,636447.5,0.0,0.0,1,1
12233,803702.0,636447.5,0.0,0.0,1,1
12234,803702.0,636447.5,0.0,0.0,1,1
12235,803702.0,636447.5,0.0,0.0,1,1
12236,803763.0,636447.5,0.0,0.0,1,1
12237,803763.0,636447.5,0.0,0.0,1,1
12238,803763.0,636447.5,0.0,0.0,1,1
12239,803763.0,636447.5,0.0,0.0,1,1
12240,803763.0,636447.5,0.0,0.0,1,1
12241,803763.0,636447.5,0.0,0.0,1,1
12242,803763.0,636447.5,0.0,0.0,1,1
12243,803763.0,636447.5,0.0,0.0,1,1
12244,803763.0,636447.5,0.0,0.0,1,1
12245,803763.0,636447.5,0.0,0.0,1,1
12246,803763.0,636447.5,0.0,0.0,1,1
12247,803763.0,636447.5,0.0,0.0,1,1
12248,803763.0,636447.5,0.0,0.0,1,1
12249,803763.0,636447.5,0.0,0.0,1,1
12250,803763.0,636447.5,0.0,0.0,1,1
12251,803763.0,636447.5,0.0,0.0,1,1
12252,803763.0,636447.5,0.0,0.0,1,1
12253,803763.0,636447.5,0.0,0.0,1,1
12254,803763.0,636447.5,0.0,0.0,1,1
12255,803763.0,636447.5,0.0,0.0,1,1
12256,803763.0,636447.5,0.0,0.0,1,1
12257,803763.0,636447.5,0.0,0.0,1,1
12258,803763.0,636447.5,0.0,0.0,1,1
12259,803532.5,636447.5,0.0,0.0,1,1
12260,803532.5,636447.5,0.0,0.0,1,1
12261,803532.5,636447.5,0.0,0.0,1,1
12262,801551.0,636447.5,0.0,0.0,1,1
12263,801551.0,636447.5,0.0,0.0,1,1
12264,801551.0,636447.5,0.0,0.0,1,1
12265,801551.0,636447.5,0.0,0.0,1,1
12266,801551.0,636447.5,0.0,0.0,1,1
12267,801551.0,636447.5,0.0,0.0,1,1
12268,801551.0,636447.5,0.0,0.0,1,1
12269,801565.0,636447.5,0.0,0.0,1,1
12270,801565.0,636447.5,0.0,0.0,1,1
12271,801565.0,636447.5,0.0,0.0,1,1
12272,801565.0,636447.5,0.0,0.0,1,1
12273,801565.0,636447.5,0.0,0.0,1,1
12274,801565.0,636447.5,0.0,0.0,1,1
12275,801565.0,636447.5,0.0,0.0,1,1
12276,801565.0,636447.5,0.0,0.0,1,1
12277,801565.0,636447.5,0.0,0.0,1,1
12278,801565.0,636447.5,0.0,0.0,1,1
12279,801565.0,636447.5,0.0,0.0,1,1
12280,801565.0,636447.5,0.0,0.0,1,1
12281,801565.0,636447.5,0.0,0.0,1,1
12282,801565.0,636447.5,0.0,0.0,1,1
12283,801565.0,636447.5,0.0,0.0,1,1
12284,801565.0,636447.5,0.0,0.0,1,1
12285,801565.0,636447.5,0.0,0.0,1,1
12286,801565.0,636447.5,0.0,0.0,1,1
12287,801565.0,636447.5,0.0,0.0,1,1
12288,801565.0,636447.5,0.0,0.0,1,1
12289,801565.0,636447.5,0.0,0.0,1,1
12290,801565.0,636447.5,0.0,0.0,1,1
12291,801565.0,636447.5,0.0,0.0,1,1
12292,801565.0,636447.5,0.0,0.0,1,1
12293,801565.0,636447.5,0.0,0.0,1,1
12294,801565.0,636447.5,0.0,0.0,1,1
12295,801565.0,636447.5,0.0,0.0,1,1
12296,801565.0,636447.5,0.0,0.0,1,1
12297,801565.0,636447.5,0.0,0.0,1,1
12298,803127.5,636447.5,0.0,0.0,1,1
12299,803127.5,636447.5,0.0,0.0,1,1
12300,803127.5,636447.5,0.0,0.0,1,1
12301,803127.5,636447.5,0.0,0.0,1,1
12302,803127.5,636447.5,0.0,0.0,1,1
12303,803127.5,636447.5,0.0,0.0,1,1
12304,803127.5,636447.5,0.0,0.0,1,1
12305,803127.5,636447.5,0.0,0.0,1,1
12306,803127.5,636447.5,0.0,0.0,1,1
12307,803127.5,636447.5,0.0,0.0,1,1
12308,803127.5,636447.5,0.0,0.0,1,1
12309,803127.5,636447.5,0.0,0.0,1,1
12310,803127.5,636447.5,0.0,0.0,1,1
12311,803127.5,636447.5,0.0,0.0,1,1
12312,803127.5,636447.5,0.0,0.0,1,1
12313,803127.5,636447.5,0.0,0.0,1,1
12314,803127.5,636447.5,0.0,0.0,1,1
12315,803127.5,636447.5,0.0,0.0,1,1
12316,803127.5,636447.5,0.0,0.0,1,1
12317,803127.5,636447.5,0.0,0.0,1,1
12318,803127.5,636447.5,0.0,0.0,1,1
12319,803127.5,636447.5,0.0,0.0,1,1
12320,803127.5,636447.5,0.0,0.0,1,1
12321,803127.5,636447.5,0.0,0.0,1,1
12322,803127.5,636447.5,0.0,0.0,1,1
12323,803127.5,636447.5,0.0,0.0,1,1
12324,803127.5,636447.5,0.0,0.0,1,1
12325,803704.5,636447.5,0.0,0.0,1,1
12326,802997.5,636447.5,0.0,0.0,1,1
12327,802997.5,636447.5,0.0,0.0,1,1
12328,802997.5,636447.5,0.0,0.0,1,1
12329,802997.5,636447.5,0.0,0.0,1,1
12330,802997.5,636447.5,0.0,0.0,1,1
12331,802997.5,636447.5,0.0,0.0,1,1
12332,802997.5,636447.5,0.0,0.0,1,1
12333,802997.5,636447.5,0.0,0.0,1,1
12334,802997.5,636447.5,0.0,0.0,1,1
12335,802997.5,636447.5,0.0,0.0,1,1
12336,802997.5,636447.5,0.0,0.0,1,1
12337,802997.5,636447.5,0.0,0.0,1,1
12338,802997.5,636447.5,0.0,0.0,1,1
12339,802997.5,636447.5,0.0,0.0,1,1
12340,802997.5,636447.5,0.0,0.0,1,1
12341,802997.5,636447.5,0.0,0.0,1,1
12342,802997.5,636447.5,0.0,0.0,1,1
12343,802997.5,636447.5,0.0,0.0,1,1
12344,802997.5,636447.5,0.0,0.0,1,1
12345,802997.5,636447.5,0.0,0.0,1,1
12346,802997.5,636447.5,0.0,0.0,1,1
12347,802997.5,636447.5,0.0,0.0,1,1
12348,802997.5,636447.5,0.0,0.0,1,1
12349,802997.5,636447.5,0.0,0.0,1,1
12350,802997.5,636447.5,0.0,0.0,1,1
12351,802997.5,636447.5,0.0,0.0,1,1
12352,802997.5,636447.5,0.0,0.0,1,1
12353,802997.5,636447.5,0.0,0.0,1,1
12354,803612.0,636447.5,0.0,0.0,1,1
12355,803612.0,636447.5,0.0,0.0,1,1
12356,803612.0,636447.5,0.0,0.0,1,1
12357,803612.0,636447.5,0.0,0.0,1,1
12358,803612.0,636447.5,0.0,0.0,1,1
12359,803612.0,636447.5,0.0,0.0,1,1
12360,803612.0,636447.5,0.0,0.0,1,1
12361,803612.0,636447.5,0.0,0.0,1,1
12362,803612.0,636447.5,0.0,0.0,1,1
12363,803612.0,636447.5,0.0,0.0,1,1
12364,803612.0,636447.5,0.0,0.0,1,1
12365,803612.0,636447.5,0.0,0.0,1,1
12366,803612.0,636447.5,0.0,0.0,1,1
12367,803612.0,636447.5,0.0,0.0,1,1
12368,803612.0,636447.5,0.0,0.0,1,1
12369,803612.0,636447.5,0.0,0.0,1,1
12370,803612.0,636447.5,0.0,0.0,1,1
12371,803612.0,636447.5,0.0,0.0,1,1
12372,803612.0,636447.5,0.0,0.0,1,1
12373,803612.0,636447.5,0.0,0.0,1,1
12374,803612.0,636447.5,0.0,0.0,1,1
12375,803612.0,636447.5,0.0,0.0,1,1
12376,803612.0,636447.5,0.0,0.0,1,1
12377,803612.0,636447.5,0.0,0.0,1,1
12378,803612.0,636447.5,0.0,0.0,1,1
12379,803612.0,636447.5,0.0,0.0,1,1
12380,803633.5,636447.5,0.0,0.0,1,1
12381,803633.5,636447.5,0.0,0.0,1,1
12382,803633.5,636447.5,0.0,0.0,1,1
12383,803633.5,636447.5,0.0,0.0,1,1
12384,803633.5,636447.5,0.0,0.0,1,1
12385,803633.5,636447.5,0.0,0.0,1,1
12386,803633.5,636447.5,0.0,0.0,1,1
12387,803633.5,636447.5,0.0,0.0,1,1
12388,803633.5,636447.5,0.0,0.0,1,1
12389,803633.5,636447.5,0.0,0.0,1,1
12390,803633.5,636447.5,0.0,0.0,1,1
12391,803633.5,636447.5,0.0,0.0,1,1
12392,803633.5,636447.5,0.0,0.0,1,1
12393,803633.5,636447.5,0.0,0.0,1,1
12394,803633.5,636447.5,0.0,0.0,1,1
12395,803633.5,636447.5,0.0,0.0,1,1
12396,803633.5,636447.5,0.0,0.0,1,1
12397,803755.0,636447.5,0.0,0.0,1,1
12398,803755.0,636447.5,0.0,0.0,1,1
12399,803755.0,636447.5,0.0,0.0,1,1
12400,803755.0,636447.5,0.0,0.0,1,1
12401,803755.0,636447.5,0.0,0.0,1,1
12402,803755.0,636447.5,0.0,0.0,1,1
12403,803755.0,636447.5,0.0,0.0,1,1
12404,803755.0,636447.5,0.0,0.0,1,1
12405,803755.0,636447.5,0.0,0.0,1,1
12406,803755.0,636447.5,0.0,0.0,1,1
12407,803755.0,636447.5,0.0,0.0,1,1
12408,803755.0,636447.5,0.0,0.0,1,1
12409,809902.5,636447.5,0.0,0.0,1,1
12410,809902.5,636447.5,0.0,0.0,1,1
12411,809902.5,636447.5,0.0,0.0,1,1
12412,809902.5,636447.5,0.0,0.0,1,1
12413,809902.5,636447.5,0.0,0.0,1,1
12414,809902.5,636447.5,0.0,0.0,1,1
12415,809902.5,636447.5,0.0,0.0,1,1
12416,809902.5,636447.5,0.0,0.0,1,1
12417,809902.5,636447.5,0.0,0.0,1,1
12418,809902.5,636447.5,0.0,0.0,1,1
12419,809902.5,636447.5,0.0,0.0,1,1
12420,809902.5,636447.5,0.0,0.0,1,1
12421,809902.5,636447.5,0.0,0.0,1,1
12422,809902.5,636447.5,0.0,0.0,1,1
12423,809902.5,636447.5,0.0,0.0,1,1
12424,809902.5,636447.5,0.0,0.0,1,1
12425,809902.5,636447.5,0.0,0.0,1,1
12426,809844.5,636447.5,0.0,0.0,1,1
12427,809844.5,636447.5,0.0,0.0,1,1
12428,809844.5,636447.5,0.0,0.0,1,1
12429,809844.5,636447.5,0.0,0.0,1,1
12430,809844.5,636447.5,0.0,0.0,1,1
12431,809844.5,636447.5,0.0,0.0,1,1
12432,809844.5,636447.5,0.0,0.0,1,1
12433,809844.5,636447.5,0.0,0.0,1,1
12434,809844.5,636447.5,0.0,0.0,1,1
12435,809844.5,636447.5,0.0,0.0,1,1
12436,809844.5,636447.5,0.0,0.0,1,1
12437,809844.5,636447.5,0.0,0.0,1,1
12438,809844.5,636447.5,0.0,0.0,1,1
12439,809844.5,636447.5,0.0,0.0,1,1
12440,809844.5,636447.5,0.0,0.0,1,1
12441,809844.5,636447.5,0.0,0.0,1,1
12442,809844.5,636447.5,0.0,0.0,1,1
12443,809844.5,636447.5,0.0,0.0,1,1
12444,809844.5,636447.5,0.0,0.0,1,1
12445,809844.5,636447.5,0.0,0.0,1,1
12446,809844.5,636447.5,0.0,0.0,1,1
12447,809844.5,636447.5,0.0,0.0,1,1
12448,809844.5,636447.5,0.0,0.0,1,1
12449,809844.5,636447.5,0.0,0.0,1,1
12450,810054.0,636447.5,0.0,0.0,1,1
12451,810054.0,636447.5,0.0,0.0,1,1
12452,810054.0,636447.5,0.0,0.0,1,1
12453,810054.0,636447.5,0.0,0.0,1,1
12454,810054.0,636447.5,0.0,0.0,1,1
12455,810054.0,636447.5,0.0,0.0,1,1
12456,810054.0,636447.5,0.0,0.0,1,1
12457,810054.0,636447.5,0.0,0.0,1,1
12458,810054.0,636447.5,0.0,0.0,1,1
12459,810054.0,636447.5,0.0,0.0,1,1
12460,810054.0,636447.5,0.0,0.0,1,1
12461,810054.0,636447.5,0.0,0.0,1,1
12462,810054.0,636447.5,0.0,0.0,1,1
12463,810054.0,636447.5,0.0,0.0,1,1
12464,810054.0,636447.5,0.0,0.0,1,1
12465,810054.0,636447.5,0.0,0.0,1,1
12466,810054.0,636447.5,0.0,0.0,1,1
12467,810054.0,636447.5,0.0,0.0,1,1
12468,806493.5,636447.5,0.0,0.0,1,1
12469,806493.5,636447.5,0.0,0.0,1,1
12470,806493.5,636447.5,0.0,0.0,1,1
12471,806493.5,636447.5,0.0,0.0,1,1
12472,806493.5,636447.5,0.0,0.0,1,1
12473,806493.5,636447.5,0.0,0.0,1,1
12474,806493.5,636447.5,0.0,0.0,1,1
12475,806493.5,636447.5,0.0,0.0,1,1
12476,806493.5,636447.5,0.0,0.0,1,1
12477,806493.5,636447.5,0.0,0.0,1,1
12478,806493.5,636447.5,0.0,0.0,1,1
12479,806136.5,636447.5,0.0,0.0,1,1
12480,806136.5,636447.5,0.0,0.0,1,1
12481,806136.5,636447.5,0.0,0.0,1,1
12482,806747.0,636447.5,0.0,0.0,1,1
12483,806747.0,636447.5,0.0,0.0,1,1
12484,806747.0,636447.5,0.0,0.0,1,1
12485,806747.0,636447.5,0.0,0.0,1,1
12486,806747.0,636447.5,0.0,0.0,1,1
12487,806747.0,636447.5,0.0,0.0,1,1
12488,806747.0,636447.5,0.0,0.0,1,1
12489,806747.0,636447.5,0.0,0.0,1,1
12490,806747.0,636447.5,0.0,0.0,1,1
12491,806747.0,636447.5,0.0,0.0,1,1
12492,806747.0,636447.5,0.0,0.0,1,1
12493,806747.0,636447.5,0.0,0.0,1,1
12494,806747.0,636447.5,0.0,0.0,1,1
12495,806747.0,636447.5,0.0,0.0,1,1
12496,806747.0,636447.5,0.0,0.0,1,1
12497,806747.0,636447.5,0.0,0.0,1,1
12498,806747.0,636447.5,0.0,0.0,1,1
12499,806747.0,636447.5,0.0,0.0,1,1
12500,806747.0,636447.5,0.0,0.0,1,1
12501,806747.0,636447.5,0.0,0.0,1,1
12502,806683.0,636447.5,0.0,0.0,1,1
12503,806683.0,636447.5,0.0,0.0,1,1
12504,806683.0,636447.5,0.0,0.0,1,1
12505,806683.0,636447.5,0.0,0.0,1,1
12506,806683.0,636447.5,0.0,0.0,1,1
12507,806683.0,636447.5,0.0,0.0,1,1
12508,806683.0,636447.5,0.0,0.0,1,1
12509,806683.0,636447.5,0.0,0.0,1,1
12510,806683.0,636447.5,0.0,0.0,1,1
12511,806683.0,636447.5,0.0,0.0,1,1
12512,806683.0,636447.5,0.0,0.0,1,1
12513,806683.0,636447.5,0.0,0.0,1,1
12514,806683.0,636447.5,0.0,0.0,1,1
12515,806683.0,636447.5,0.0,0.0,1,1
12516,806683.0,636447.5,0.0,0.0,1,1
12517,806683.0,636447.5,0.0,0.0,1,1
12518,806683.0,636447.5,0.0,0.0,1,1
12519,806683.0,636447.5,0.0,0.0,1,1
12520,806683.0,636447.5,0.0,0.0,1,1
12521,806683.0,636447.5,0.0,0.0,1,1
12522,806683.0,636447.5,0.0,0.0,1,1
12523,806683.0,636447.5,0.0,0.0,1,1
12524,806683.0,636447.5,0.0,0.0,1,1
12525,806683.0,636447.5,0.0,0.0,1,1
12526,806683.0,636447.5,0.0,0.0,1,1
12527,806683.0,636447.5,0.0,0.0,1,1
12528,806683.0,636447.5,0.0,0.0,1,1
12529,806683.0,636447.5,0.0,0.0,1,1
12530,806683.0,636447.5,0.0,0.0,1,1
12531,806683.0,636447.5,0.0,0.0,1,1
12532,807220.5,636447.5,0.0,0.0,1,1
12533,807220.5,636447.5,0.0,0.0,1,1
12534,807220.5,636447.5,0.0,0.0,1,1
12535,807220.5,636447.5,0.0,0.0,1,1
12536,807220.5,636447.5,0.0,0.0,1,1
12537,807220.5,636447.5,0.0,0.0,1,1
12538,807220.5,636447.5,0.0,0.0,1,1
12539,807220.5,636447.5,0.0,0.0,1,1
12540,807220.5,636447.5,0.0,0.0,1,1
12541,807220.5,636447.5,0.0,0.0,1,1
12542,807220.5,636447.5,0.0,0.0,1,1
12543,807220.5,636447.5,0.0,0.0,1,1
12544,807220.5,636447.5,0.0,0.0,1,1
12545,807220.5,636447.5,0.0,0.0,1,1
12546,807220.5,636447.5,0.0,0.0,1,1
12547,807164.5,636447.5,0.0,0.0,1,1
12548,807164.5,636447.5,0.0,0.0,1,1
12549,807164.5,636447.5,0.0,0.0,1,1
12550,807164.5,636447.5,0.0,0.0,1,1
12551,807164.5,636447.5,0.0,0.0,1,1
12552,807164.5,636447.5,0.0,0.0,1,1
12553,807164.5,636447.5,0.0,0.0,1,1
12554,807164.5,636447.5,0.0,0.0,1,1
12555,807164.5,636447.5,0.0,0.0,1,1
12556,807164.5,636447.5,0.0,0.0,1,1
12557,807164.5,636447.5,0.0,0.0,1,1
12558,807164.5,636447.5,0.0,0.0,1,1
12559,807164.5,636447.5,0.0,0.0,1,1
12560,807164.5,636447.5,0.0,0.0,1,1
12561,807164.5,636447.5,0.0,0.0,1,1
12562,807164.5,636447.5,0.0,0.0,1,1
12563,807164.5,636447.5,0.0,0.0,1,1
12564,807164.5,636447.5,0.0,0.0,1,1
12565,807164.5,636447.5,0.0,0.0,1,1
12566,807164.5,636447.5,0.0,0.0,1,1
12567,807164.5,636447.5,0.0,0.0,1,1
12568,807164.5,636447.5,0.0,0.0,1,1
12569,807164.5,636447.5,0.0,0.0,1,1
12570,807164.5,636447.5,0.0,0.0,1,1
12571,807164.5,636447.5,0.0,0.0,1,1
12572,807164.5,636447.5,0.0,0.0,1,1
12573,807164.5,636447.5,0.0,0.0,1,1
12574,807164.5,636447.5,0.0,0.0,1,1
12575,807164.5,636447.5,0.0,0.0,1,1
12576,807164.5,636447.5,0.0,0.0,1,1
12577,807122.5,636447.5,0.0,0.0,1,1
12578,807122.5,636447.5,0.0,0.0,1,1
12579,807122.5,636447.5,0.0,0.0,1,1
12580,807122.5,636447.5,0.0,0.0,1,1
12581,807122.5,636447.5,0.0,0.0,1,1
12582,807122.5,636447.5,0.0,0.0,1,1
12583,807122.5,636447.5,0.0,0.0,1,1
12584,807122.5,636447.5,0.0,0.0,1,1
12585,807122.5,636447.5,0.0,0.0,1,1
12586,807122.5,636447.5,0.0,0.0,1,1
12587,807122.5,636447.5,0.0,0.0,1,1
12588,807122.5,636447.5,0.0,0.0,1,1
12589,807122.5,636447.5,0.0,0.0,1,1
12590,807122.5,636447.5,0.0,0.0,1,1
12591,807122.5,636447.5,0.0,0.0,1,1
12592,807122.5,636447.5,0.0,0.0,1,1
12593,807122.5,636447.5,0.0,0.0,1,1
12594,807122.5,636447.5,0.0,0.0,1,1
12595,807122.5,636447.5,0.0,0.0,1,1
12596,807122.5,636447.5,0.0,0.0,1,1
12597,807122.5,636447.5,0.0,0.0,1,1
12598,807122.5,636447.5,0.0,0.0,1,1
12599,807122.5,636447.5,0.0,0.0,1,1
12600,807122.5,636447.5,0.0,0.0,1,1
12601,807122.5,636447.5,0.0,0.0,1,1
12602,807122.5,636447.5,0.0,0.0,1,1
12603,806478.0,636447.5,0.0,0.0,1,1
12604,806478.0,636447.5,0.0,0.0,1,1
12605,806478.0,636447.5,0.0,0.0,1,1
12606,806478.0,636447.5,0.0,0.0,1,1
12607,806478.0,636447.5,0.0,0.0,1,1
12608,806478.0,636447.5,0.0,0.0,1,1
12609,806478.0,636447.5,0.0,0.0,1,1
12610,806478.0,636447.5,0.0,0.0,1,1
12611,806478.0,636447.5,0.0,0.0,1,1
12612,806478.0,636447.5,0.0,0.0,1,1
12613,806478.0,636447.5,0.0,0.0,1,1
12614,806478.0,636447.5,0.0,0.0,1,1
12615,806478.0,636447.5,0.0,0.0,1,1
12616,805512.5,636447.5,0.0,0.0,1,1
12617,805512.5,636447.5,0.0,0.0,1,1
12618,805512.5,636447.5,0.0,0.0,1,1
12619,805512.5,636447.5,0.0,0.0,1,1
12620,805512.5,636447.5,0.0,0.0,1,1
12621,805512.5,636447.5,0.0,0.0,1,1
12622,805512.5,636447.5,0.0,0.0,1,1
12623,805512.5,636447.5,0.0,0.0,1,1
12624,805512.5,636447.5,0.0,0.0,1,1
12625,805512.5,636447.5,0.0,0.0,1,1
12626,805512.5,636447.5,0.0,0.0,1,1
12627,808125.0,636447.5,0.0,0.0,1,1
12628,808125.0,636447.5,0.0,0.0,1,1
12629,808125.0,636447.5,0.0,0.0,1,1
12630,808125.0,636447.5,0.0,0.0,1,1
12631,808125.0,636447.5,0.0,0.0,1,1
12632,808125.0,636447.5,0.0,0.0,1,1
12633,808125.0,636447.5,0.0,0.0,1,1
12634,808231.0,636447.5,0.0,0.0,1,1
12635,808231.0,636447.5,0.0,0.0,1,1
12636,808231.0,636447.5,0.0,0.0,1,1
12637,808231.0,636447.5,0.0,0.0,1,1
12638,808231.0,636447.5,0.0,0.0,1,1
12639,808231.0,636447.5,0.0,0.0,1,1
12640,808231.0,636447.5,0.0,0.0,1,1
12641,808231.0,636447.5,0.0,0.0,1,1
12642,808231.0,636447.5,0.0,0.0,1,1
12643,808231.0,636447.5,0.0,0.0,1,1
12644,808231.0,636447.5,0.0,0.0,1,1
12645,808231.0,636447.5,0.0,0.0,1,1
12646,808231.0,636447.5,0.0,0.0,1,1
12647,808231.0,636447.5,0.0,0.0,1,1
12648,808231.0,636447.5,0.0,0.0,1,1
12649,808231.0,636447.5,0.0,0.0,1,1
12650,808231.0,636447.5,0.0,0.0,1,1
12651,808231.0,636447.5,0.0,0.0,1,1
12652,808231.0,636447.5,0.0,0.0,1,1
12653,808231.0,636447.5,0.0,0.0,1,1
12654,808231.0,636447.5,0.0,0.0,1,1
12655,808231.0,636447.5,0.0,0.0,1,1
12656,808231.0,636447.5,0.0,0.0,1,1
12657,808231.0,636447.5,0.0,0.0,1,1
12658,808231.0,636447.5,0.0,0.0,1,1
12659,808231.0,636447.5,0.0,0.0,1,1
12660,808231.0,636447.5,0.0,0.0,1,1
12661,808231.0,636447.5,0.0,0.0,1,1
12662,808231.0,636447.5,0.0,0.0,1,1
12663,808231.0,636447.5,0.0,0.0,1,1
12664,808231.0,636447.5,0.0,0.0,1,1
12665,808231.0,636447.5,0.0,0.0,1,1
12666,808231.0,636447.5,0.0,0.0,1,1
12667,808278.5,636447.5,0.0,0.0,1,1
12668,808278.5,636447.5,0.0,0.0,1,1
12669,808278.5,636447.5,0.0,0.0,1,1
12670,808278.5,636447.5,0.0,0.0,1,1
12671,808278.5,636447.5,0.0,0.0,1,1
12672,808278.5,636447.5,0.0,0.0,1,1
12673,808278.5,636447.5,0.0,0.0,1,1
12674,808278.5,636447.5,0.0,0.0,1,1
12675,808502.5,636447.5,0.0,0.0,1,1
12676,808502.5,636447.5,0.0,0.0,1,1
12677,808502.5,636447.5,0.0,0.0,1,1
12678,808502.5,636447.5,0.0,0.0,1,1
12679,808523.5,636447.5,0.0,0.0,1,1
12680,808523.5,636447.5,0.0,0.0,1,1
12681,808523.5,636447.5,0.0,0.0,1,1
12682,808523.5,636447.5,0.0,0.0,1,1
12683,808523.5,636447.5,0.0,0.0,1,1
12684,808523.5,636447.5,0.0,0.0,1,1
12685,808523.5,636447.5,0.0,0.0,1,1
12686,808523.5,636447.5,0.0,0.0,1,1
12687,808523.5,636447.5,0.0,0.0,1,1
12688,808523.5,636447.5,0.0,0.0,1,1
12689,808523.5,636447.5,0.0,0.0,1,1
12690,808624.5,636447.5,0.0,0.0,1,1
12691,808648.5,636447.5,0.0,0.0,1,1
12692,808648.5,636447.5,0.0,0.0,1,1
12693,808648.5,636447.5,0.0,0.0,1,1
12694,808159.5,636447.5,0.0,0.0,1,1
12695,808159.5,636447.5,0.0,0.0,1,1
12696,808159.5,636447.5,0.0,0.0,1,1
12697,808159.5,636447.5,0.0,0.0,1,1
12698,808159.5,636447.5,0.0,0.0,1,1
12699,808159.5,636447.5,0.0,0.0,1,1
12700,808159.5,636447.5,0.0,0.0,1,1
12701,808159.5,636447.5,0.0,0.0,1,1
12702,808159.5,636447.5,0.0,0.0,1,1
12703,808159.5,636447.5,0.0,0.0,1,1
12704,808159.5,636447.5,0.0,0.0,1,1
12705,808159.5,636447.5,0.0,0.0,1,1
12706,808159.5,636447.5,0.0,0.0,1,1
12707,808159.5,636447.5,0.0,0.0,1,1
12708,808159.5,636447.5,0.0,0.0,1,1
12709,808159.5,636447.5,0.0,0.0,1,1
12710,808159.5,636447.5,0.0,0.0,1,1
12711,808159.5,636447.5,0.0,0.0,1,1
12712,808159.5,636447.5,0.0,0.0,1,1
12713,808159.5,636447.5,0.0,0.0,1,1
12714,808159.5,636447.5,0.0,0.0,1,1
12715,808159.5,636447.5,0.0,0.0,1,1
12716,808159.5,636447.5,0.0,0.0,1,1
12717,808159.5,636447.5,0.0,0.0,1,1
12718,808159.5,636447.5,0.0,0.0,1,1
12719,808159.5,636447.5,0.0,0.0,1,1
12720,808159.5,636447.5,0.0,0.0,1,1
12721,808159.5,636447.5,0.0,0.0,1,1
12722,808159.5,636447.5,0.0,0.0,1,1
12723,808159.5,636447.5,0.0,0.0,1,1
12724,808159.5,636447.5,0.0,0.0,1,1
12725,808159.5,636447.5,0.0,0.0,1,1
12726,808159.5,636447.5,0.0,0.0,1,1
12727,808159.5,636447.5,0.0,0.0,1,1
12728,808159.5,636447.5,0.0,0.0,1,1
12729,808159.5,636447.5,0.0,0.0,1,1
12730,808159.5,636447.5,0.0,0.0,1,1
12731,808159.5,636447.5,0.0,0.0,1,1
12732,810412.0,636447.5,0.0,0.0,1,1
12733,810412.0,636447.5,0.0,0.0,1,1
12734,810412.0,636447.5,0.0,0.0,1,1
12735,810412.0,636447.5,0.0,0.0,1,1
12736,810412.0,636447.5,0.0,0.0,1,1
12737,810412.0,636447.5,0.0,0.0,1,1
12738,810512.5,636447.5,0.0,0.0,1,1
12739,810512.5,636447.5,0.0,0.0,1,1
12740,810512.5,636447.5,0.0,0.0,1,1
12741,810512.5,636447.5,0.0,0.0,1,1
12742,810512.5,636447.5,0.0,0.0,1,1
12743,810512.5,636447.5,0.0,0.0,1,1
12744,810512.5,636447.5,0.0,0.0,1,1
12745,810512.5,636447.5,0.0,0.0,1,1
12746,810512.5,636447.5,0.0,0.0,1,1
12747,810512.5,636447.5,0.0,0.0,1,1
12748,810512.5,636447.5,0.0,0.0,1,1
12749,810512.5,636447.5,0.0,0.0,1,1
12750,810512.5,636447.5,0.0,0.0,1,1
12751,810512.5,636447.5,0.0,0.0,1,1
12752,810512.5,636447.5,0.0,0.0,1,1
12753,810512.5,636447.5,0.0,0.0,1,1
12754,810512.5,636447.5,0.0,0.0,1,1
12755,810512.5,636447.5,0.0,0.0,1,1
12756,810512.5,636447.5,0.0,0.0,1,1
12757,810512.5,636447.5,0.0,0.0,1,1
12758,810512.5,636447.5,0.0,0.0,1,1
12759,810512.5,636447.5,0.0,0.0,1,1
12760,810512.5,636447.5,0.0,0.0,1,1
12761,811285.5,636447.5,0.0,0.0,1,1
12762,811285.5,636447.5,0.0,0.0,1,1
12763,811285.5,636447.5,0.0,0.0,1,1
12764,811255.5,636447.5,0.0,0.0,1,1
12765,811255.5,636447.5,0.0,0.0,1,1
12766,811255.5,636447.5,0.0,0.0,1,1
12767,811255.5,636447.5,0.0,0.0,1,1
12768,811255.5,636447.5,0.0,0.0,1,1
12769,811255.5,636447.5,0.0,0.0,1,1
12770,811255.5,636447.5,0.0,0.0,1,1
12771,811255.5,636447.5,0.0,0.0,1,1
12772,811255.5,636447.5,0.0,0.0,1,1
12773,811255.5,636447.5,0.0,0.0,1,1
12774,811255.5,636447.5,0.0,0.0,1,1
12775,811255.5,636447.5,0.0,0.0,1,1
12776,811188.0,636447.5,0.0,0.0,1,1
12777,811188.0,636447.5,0.0,0.0,1,1
12778,811188.0,636447.5,0.0,0.0,1,1
12779,811188.0,636447.5,0.0,0.0,1,1
12780,811188.0,636447.5,0.0,0.0,1,1
12781,811146.0,636447.5,0.0,0.0,1,1
12782,811146.0,636447.5,0.0,0.0,1,1
12783,811146.0,636447.5,0.0,0.0,1,1
12784,811146.0,636447.5,0.0,0.0,1,1
12785,811146.0,636447.5,0.0,0.0,1,1
12786,811146.0,636447.5,0.0,0.0,1,1
12787,811146.0,636447.5,0.0,0.0,1,1
12788,811146.0,636447.5,0.0,0.0,1,1
12789,811146.0,636447.5,0.0,0.0,1,1
12790,811177.5,636447.5,0.0,0.0,1,1
12791,811428.5,636447.5,0.0,0.0,1,1
12792,810973.0,636447.5,0.0,0.0,1,1
12793,812010.0,636447.5,0.0,0.0,1,1
12794,812010.0,636447.5,0.0,0.0,1,1
12795,812010.0,636447.5,0.0,0.0,1,1
12796,812010.0,636447.5,0.0,0.0,1,1
12797,812010.0,636447.5,0.0,0.0,1,1
12798,812010.0,636447.5,0.0,0.0,1,1
12799,812152.0,636447.5,0.0,0.0,1,1
12800,812152.0,636447.5,0.0,0.0,1,1
12801,812152.0,636447.5,0.0,0.0,1,1
12802,812108.5,636447.5,0.0,0.0,1,1
12803,812108.5,636447.5,0.0,0.0,1,1
12804,812108.5,636447.5,0.0,0.0,1,1
12805,812108.5,636447.5,0.0,0.0,1,1
12806,812108.5,636447.5,0.0,0.0,1,1
12807,812108.5,636447.5,0.0,0.0,1,1
12808,812108.5,636447.5,0.0,0.0,1,1
12809,812108.5,636447.5,0.0,0.0,1,1
12810,812108.5,636447.5,0.0,0.0,1,1
12811,812108.5,636447.5,0.0,0.0,1,1
12812,812143.0,636447.5,0.0,0.0,1,1
12813,812143.0,636447.5,0.0,0.0,1,1
12814,812143.0,636447.5,0.0,0.0,1,1
12815,812143.0,636447.5,0.0,0.0,1,1
12816,812143.0,636447.5,0.0,0.0,1,1
12817,812143.0,636447.5,0.0,0.0,1,1
12818,812143.0,636447.5,0.0,0.0,1,1
12819,812143.0,636447.5,0.0,0.0,1,1
12820,812143.0,636447.5,0.0,0.0,1,1
12821,812143.0,636447.5,0.0,0.0,1,1
12822,812143.0,636447.5,0.0,0.0,1,1
12823,812143.0,636447.5,0.0,0.0,1,1
12824,812143.0,636447.5,0.0,0.0,1,1
12825,812143.0,636447.5,0.0,0.0,1,1
12826,812143.0,636447.5,0.0,0.0,1,1
12827,812143.0,636447.5,0.0,0.0,1,1
12828,812143.0,636447.5,0.0,0.0,1,1
12829,812143.0,636447.5,0.0,0.0,1,1
12830,812143.0,636447.5,0.0,0.0,1,1
12831,812143.0,636447.5,0.0,0.0,1,1
12832,812143.0,636447.5,0.0,0.0,1,1
12833,812143.0,636447.5,0.0,0.0,1,1
12834,812143.0,636447.5,0.0,0.0,1,1
12835,812143.0,636447.5,0.0,0.0,1,1
12836,812143.0,636447.5,0.0,0.0,1,1
12837,812143.0,636447.5,0.0,0.0,1,1
12838,812143.0,636447.5,0.0,0.0,1,1
12839,812143.0,636447.5,0.0,0.0,1,1
12840,814563.0,636447.5,0.0,0.0,1,1
12841,814563.0,636447.5,0.0,0.0,1,1
12842,814563.0,636447.5,0.0,0.0,1,1
12843,814563.0,636447.5,0.0,0.0,1,1
12844,814563.0,636447.5,0.0,0.0,1,1
12845,814563.0,636447.5,0.0,0.0,1,1
12846,814563.0,636447.5,0.0,0.0,1,1
12847,814563.0,636447.5,0.0,0.0,1,1
12848,814563.0,636447.5,0.0,0.0,1,1
12849,814563.0,636447.5,0.0,0.0,1,1
12850,814563.0,636447.5,0.0,0.0,1,1
12851,814483.0,636447.5,0.0,0.0,1,1
12852,814483.0,636447.5,0.0,0.0,1,1
12853,814483.0,636447.5,0.0,0.0,1,1
12854,814483.0,636447.5,0.0,0.0,1,1
12855,814483.0,636447.5,0.0,0.0,1,1
12856,814483.0,636447.5,0.0,0.0,1,1
12857,814483.0,636447.5,0.0,0.0,1,1
12858,814483.0,636447.5,0.0,0.0,1,1
12859,814483.0,636447.5,0.0,0.0,1,1
12860,814483.0,636447.5,0.0,0.0,1,1
12861,814483.0,636447.5,0.0,0.0,1,1
12862,814483.0,636447.5,0.0,0.0,1,1
12863,814483.0,636447.5,0.0,0.0,1,1
12864,814483.0,636447.5,0.0,0.0,1,1
12865,814483.0,636447.5,0.0,0.0,1,1
12866,814483.0,636447.5,0.0,0.0,1,1
12867,814483.0,636447.5,0.0,0.0,1,1
12868,814483.0,636447.5,0.0,0.0,1,1
12869,814483.0,636447.5,0.0,0.0,1,1
12870,814483.0,636447.5,0.0,0.0,1,1
12871,814483.0,636447.5,0.0,0.0,1,1
12872,814483.0,636447.5,0.0,0.0,1,1
12873,814483.0,636447.5,0.0,0.0,1,1
12874,814483.0,636447.5,0.0,0.0,1,1
12875,814463.5,636447.5,0.0,0.0,1,1
12876,814463.5,636447.5,0.0,0.0,1,1
12877,814463.5,636447.5,0.0,0.0,1,1
12878,814463.5,636447.5,0.0,0.0,1,1
12879,814463.5,636447.5,0.0,0.0,1,1
12880,814463.5,636447.5,0.0,0.0,1,1
12881,814463.5,636447.5,0.0,0.0,1,1
12882,814463.5,636447.5,0.0,0.0,1,1
12883,814463.5,636447.5,0.0,0.0,1,1
12884,814463.5,636447.5,0.0,0.0,1,1
12885,814463.5,636447.5,0.0,0.0,1,1
12886,814463.5,636447.5,0.0,0.0,1,1
12887,814463.5,636447.5,0.0,0.0,1,1
12888,814463.5,636447.5,0.0,0.0,1,1
12889,814463.5,636447.5,0.0,0.0,1,1
12890,814463.5,636447.5,0.0,0.0,1,1
12891,814463.5,636447.5,0.0,0.0,1,1
12892,814463.5,636447.5,0.0,0.0,1,1
12893,814463.5,636447.5,0.0,0.0,1,1
12894,814671.0,636447.5,0.0,0.0,1,1
12895,814671.0,636447.5,0.0,0.0,1,1
12896,814671.0,636447.5,0.0,0.0,1,1
12897,814671.0,636447.5,0.0,0.0,1,1
12898,814671.0,636447.5,0.0,0.0,1,1
12899,814671.0,636447.5,0.0,0.0,1,1
12900,814671.0,636447.5,0.0,0.0,1,1
12901,814671.0,636447.5,0.0,0.0,1,1
12902,814671.0,636447.5,0.0,0.0,1,1
12903,814671.0,636447.5,0.0,0.0,1,1
12904,814671.0,636447.5,0.0,0.0,1,1
12905,814671.0,636447.5,0.0,0.0,1,1
12906,814671.0,636447.5,0.0,0.0,1,1
12907,814671.0,636447.5,0.0,0.0,1,1
12908,814671.0,636447.5,0.0,0.0,1,1
12909,814671.0,636447.5,0.0,0.0,1,1
12910,814671.0,636447.5,0.0,0.0,1,1
12911,814671.0,636447.5,0.0,0.0,1,1
12912,814671.0,636447.5,0.0,0.0,1,1
12913,814199.0,636447.5,0.0,0.0,1,1
12914,814282.0,636447.5,0.0,0.0,1,1
12915,814282.0,636447.5,0.0,0.0,1,1
12916,814282.0,636447.5,0.0,0.0,1,1
12917,814282.0,636447.5,0.0,0.0,1,1
12918,814282.0,636447.5,0.0,0.0,1,1
12919,814282.0,636447.5,0.0,0.0,1,1
12920,814282.0,636447.5,0.0,0.0,1,1
12921,814282.0,636447.5,0.0,0.0,1,1
12922,814282.0,636447.5,0.0,0.0,1,1
12923,814282.0,636447.5,0.0,0.0,1,1
12924,814282.0,636447.5,0.0,0.0,1,1
12925,814282.0,636447.5,0.0,0.0,1,1
12926,814282.0,636447.5,0.0,0.0,1,1
12927,814282.0,636447.5,0.0,0.0,1,1
12928,814282.0,636447.5,0.0,0.0,1,1
12929,814282.0,636447.5,0.0,0.0,1,1
12930,814282.0,636447.5,0.0,0.0,1,1
12931,814282.0,636447.5,0.0,0.0,1,1
12932,814282.0,636447.5,0.0,0.0,1,1
12933,814282.0,636447.5,0.0,0.0,1,1
12934,814282.0,636447.5,0.0,0.0,1,1
12935,814282.0,636447.5,0.0,0.0,1,1
12936,814282.0,636447.5,0.0,0.0,1,1
12937,814282.0,636447.5,0.0,0.0,1,1
12938,814282.0,636447.5,0.0,0.0,1,1
12939,814282.0,636447.5,0.0,0.0,1,1
12940,814282.0,636447.5,0.0,0.0,1,1
12941,814282.0,636447.5,0.0,0.0,1,1
12942,814282.0,636447.5,0.0,0.0,1,1
12943,814282.0,636447.5,0.0,0.0,1,1
12944,814282.0,636447.5,0.0,0.0,1,1
12945,814282.0,636447.5,0.0,0.0,1,1
12946,814282.0,636447.5,0.0,0.0,1,1
12947,814282.0,636447.5,0.0,0.0,1,1
12948,814282.0,636447.5,0.0,0.0,1,1
12949,814282.0,636447.5,0.0,0.0,1,1
12950,814282.0,636447.5,0.0,0.0,1,1
12951,814282.0,636447.5,0.0,0.0,1,1
12952,814282.0,636447.5,0.0,0.0,1,1
12953,814282.0,636447.5,0.0,0.0,1,1
12954,814282.0,636447.5,0.0,0.0,1,1
12955,814282.0,636447.5,0.0,0.0,1,1
12956,814282.0,636447.5,0.0,0.0,1,1
12957,814282.0,636447.5,0.0,0.0,1,1
12958,814282.0,636447.5,0.0,0.0,1,1
12959,814282.0,636447.5,0.0,0.0,1,1
12960,814282.0,636447.5,0.0,0.0,1,1
12961,814282.0,636447.5,0.0,0.0,1,1
12962,814282.0,636447.5,0.0,0.0,1,1
12963,814282.0,636447.5,0.0,0.0,1,1
12964,814282.0,636447.5,0.0,0.0,1,1
12965,814282.0,636447.5,0.0,0.0,1,1
12966,814282.0,636447.5,0.0,0.0,1,1
12967,814282.0,636447.5,0.0,0.0,1,1
12968,814282.0,636447.5,0.0,0.0,1,1
12969,814282.0,636447.5,0.0,0.0,1,1
12970,814282.0,636447.5,0.0,0.0,1,1
12971,814282.0,636447.5,0.0,0.0,1,1
12972,814282.0,636447.5,0.0,0.0,1,1
12973,814282.0,636447.5,0.0,0.0,1,1
12974,814282.0,636447.5,0.0,0.0,1,1
12975,814282.0,636447.5,0.0,0.0,1,1
12976,814741.5,636447.5,0.0,0.0,1,1
12977,814741.5,636447.5,0.0,0.0,1,1
12978,814741.5,636447.5,0.0,0.0,1,1
12979,814741.5,636447.5,0.0,0.0,1,1
12980,814741.5,636447.5,0.0,0.0,1,1
12981,814741.5,636447.5,0.0,0.0,1,1
12982,814741.5,636447.5,0.0,0.0,1,1
12983,814741.5,636447.5,0.0,0.0,1,1
12984,814741.5,636447.5,0.0,0.0,1,1
12985,814741.5,636447.5,0.0,0.0,1,1
12986,814741.5,636447.5,0.0,0.0,1,1
12987,814741.5,636447.5,0.0,0.0,1,1
12988,814741.5,636447.5,0.0,0.0,1,1
12989,814741.5,636447.5,0.0,0.0,1,1
12990,814741.5,636447.5,0.0,0.0,1,1
12991,814741.5,636447.5,0.0,0.0,1,1
12992,814741.5,636447.5,0.0,0.0,1,1
12993,814741.5,636447.5,0.0,0.0,1,1
12994,814741.5,636447.5,0.0,0.0,1,1
12995,814741.5,636447.5,0.0,0.0,1,1
12996,814741.5,636447.5,0.0,0.0,1,1
12997,814741.5,636447.5,0.0,0.0,1,1
12998,814741.5,636447.5,0.0,0.0,1,1
12999,814741.5,636447.5,0.0,0.0,1,1
13000,814741.5,636447.5,0.0,0.0,1,1
13001,814741.5,636447.5,0.0,0.0,1,1
13002,814741.5,636447.5,0.0,0.0,1,1
13003,816276.0,636447.5,0.0,0.0,1,1
13004,816276.0,636447.5,0.0,0.0,1,1
13005,816276.0,636447.5,0.0,0.0,1,1
13006,816276.0,636447.5,0.0,0.0,1,1
13007,816276.0,636447.5,0.0,0.0,1,1
13008,816276.0,636447.5,0.0,0.0,1,1
13009,816276.0,636447.5,0.0,0.0,1,1
13010,816222.0,636447.5,0.0,0.0,1,1
13011,816222.0,636447.5,0.0,0.0,1,1
13012,816222.0,636447.5,0.0,0.0,1,1
13013,816222.0,636447.5,0.0,0.0,1,1
13014,816222.0,636447.5,0.0,0.0,1,1
13015,816183.0,636447.5,0.0,0.0,1,1
13016,816183.0,636447.5,0.0,0.0,1,1
13017,816183.0,636447.5,0.0,0.0,1,1
13018,816183.0,636447.5,0.0,0.0,1,1
13019,816183.0,636447.5,0.0,0.0,1,1
13020,816183.0,636447.5,0.0,0.0,1,1
13021,816183.0,636447.5,0.0,0.0,1,1
13022,816183.0,636447.5,0.0,0.0,1,1
13023,816183.0,636447.5,0.0,0.0,1,1
13024,816183.0,636447.5,0.0,0.0,1,1
13025,816183.0,636447.5,0.0,0.0,1,1
13026,816183.0,636447.5,0.0,0.0,1,1
13027,816183.0,636447.5,0.0,0.0,1,1
13028,816183.0,636447.5,0.0,0.0,1,1
13029,816183.0,636447.5,0.0,0.0,1,1
13030,816183.0,636447.5,0.0,0.0,1,1
13031,816183.0,636447.5,0.0,0.0,1,1
13032,816183.0,636447.5,0.0,0.0,1,1
13033,816183.0,636447.5,0.0,0.0,1,1
13034,816183.0,636447.5,0.0,0.0,1,1
13035,816041.0,636447.5,0.0,0.0,1,1
13036,816041.0,636447.5,0.0,0.0,1,1
13037,816041.0,636447.5,0.0,0.0,1,1
13038,816041.0,636447.5,0.0,0.0,1,1
13039,816041.0,636447.5,0.0,0.0,1,1
13040,816041.0,636447.5,0.0,0.0,1,1
13041,816041.0,636447.5,0.0,0.0,1,1
13042,816041.0,636447.5,0.0,0.0,1,1
13043,816041.0,636447.5,0.0,0.0,1,1
13044,816041.0,636447.5,0.0,0.0,1,1
13045,816041.0,636447.5,0.0,0.0,1,1
13046,816041.0,636447.5,0.0,0.0,1,1
13047,816041.0,636447.5,0.0,0.0,1,1
13048,816041.0,636447.5,0.0,0.0,1,1
13049,816041.0,636447.5,0.0,0.0,1,1
13050,816041.0,636447.5,0.0,0.0,1,1
13051,816041.0,636447.5,0.0,0.0,1,1
13052,816041.0,636447.5,0.0,0.0,1,1
13053,816041.0,636447.5,0.0,0.0,1,1
13054,816041.0,636447.5,0.0,0.0,1,1
13055,816041.0,636447.5,0.0,0.0,1,1
13056,816041.0,636447.5,0.0,0.0,1,1
13057,816041.0,636447.5,0.0,0.0,1,1
13058,816041.0,636447.5,0.0,0.0,1,1
13059,816041.0,636447.5,0.0,0.0,1,1
13060,816041.0,636447.5,0.0,0.0,1,1
13061,816041.0,636447.5,0.0,0.0,1,1
13062,816041.0,636447.5,0.0,0.0,1,1
13063,816041.0,636447.5,0.0,0.0,1,1
13064,816041.0,636447.5,0.0,0.0,1,1
13065,816041.0,636447.5,0.0,0.0,1,1
13066,816041.0,636447.5,0.0,0.0,1,1
13067,816041.0,636447.5,0.0,0.0,1,1
13068,816041.0,636447.5,0.0,0.0,1,1
13069,816041.0,636447.5,0.0,0.0,1,1
13070,816334.5,636447.5,0.0,0.0,1,1
13071,816334.5,636447.5,0.0,0.0,1,1
13072,816334.5,636447.5,0.0,0.0,1,1
13073,816334.5,636447.5,0.0,0.0,1,1
13074,816334.5,636447.5,0.0,0.0,1,1
13075,816334.5,636447.5,0.0,0.0,1,1
13076,816334.5,636447.5,0.0,0.0,1,1
13077,816334.5,636447.5,0.0,0.0,1,1
13078,816334.5,636447.5,0.0,0.0,1,1
13079,816334.5,636447.5,0.0,0.0,1,1
13080,816334.5,636447.5,0.0,0.0,1,1
13081,816334.5,636447.5,0.0,0.0,1,1
13082,816334.5,636447.5,0.0,0.0,1,1
13083,816334.5,636447.5,0.0,0.0,1,1
13084,816334.5,636447.5,0.0,0.0,1,1
13085,816334.5,636447.5,0.0,0.0,1,1
13086,816299.0,636447.5,0.0,0.0,1,1
13087,816238.0,636447.5,0.0,0.0,1,1
13088,816238.0,636447.5,0.0,0.0,1,1
13089,816238.0,636447.5,0.0,0.0,1,1
13090,816238.0,636447.5,0.0,0.0,1,1
13091,816238.0,636447.5,0.0,0.0,1,1
13092,816238.0,636447.5,0.0,0.0,1,1
13093,816238.0,636447.5,0.0,0.0,1,1
13094,816238.0,636447.5,0.0,0.0,1,1
13095,816238.0,636447.5,0.0,0.0,1,1
13096,816238.0,636447.5,0.0,0.0,1,1
13097,816238.0,636447.5,0.0,0.0,1,1
13098,816238.0,636447.5,0.0,0.0,1,1
13099,816238.0,636447.5,0.0,0.0,1,1
13100,816238.0,636447.5,0.0,0.0,1,1
13101,816238.0,636447.5,0.0,0.0,1,1
13102,816238.0,636447.5,0.0,0.0,1,1
13103,816238.0,636447.5,0.0,0.0,1,1
13104,816238.0,636447.5,0.0,0.0,1,1
13105,816238.0,636447.5,0.0,0.0,1,1
13106,816238.0,636447.5,0.0,0.0,1,1
13107,816238.0,636447.5,0.0,0.0,1,1
13108,816238.0,636447.5,0.0,0.0,1,1
13109,816238.0,636447.5,0.0,0.0,1,1
13110,816238.0,636447.5,0.0,0.0,1,1
13111,816238.0,636447.5,0.0,0.0,1,1
13112,816238.0,636447.5,0.0,0.0,1,1
13113,816238.0,636447.5,0.0,0.0,1,1
13114,816238.0,636447.5,0.0,0.0,1,1
13115,816238.0,636447.5,0.0,0.0,1,1
13116,816238.0,636447.5,0.0,0.0,1,1
13117,816238.0,636447.5,0.0,0.0,1,1
13118,816238.0,636447.5,0.0,0.0,1,1
13119,816238.0,636447.5,0.0,0.0,1,1
13120,816238.0,636447.5,0.0,0.0,1,1
13121,816238.0,636447.5,0.0,0.0,1,1
13122,816238.0,636447.5,0.0,0.0,1,1
13123,816238.0,636447.5,0.0,0.0,1,1
13124,816238.0,636447.5,0.0,0.0,1,1
13125,816238.0,636447.5,0.0,0.0,1,1
13126,816238.0,636447.5,0.0,0.0,1,1
13127,816238.0,636447.5,0.0,0.0,1,1
13128,816238.0,636447.5,0.0,0.0,1,1
13129,816238.0,636447.5,0.0,0.0,1,1
13130,816238.0,636447.5,0.0,0.0,1,1
13131,816238.0,636447.5,0.0,0.0,1,1
13132,816238.0,636447.5,0.0,0.0,1,1
13133,816238.0,636447.5,0.0,0.0,1,1
13134,816707.0,636447.5,0.0,0.0,1,1
13135,816707.0,636447.5,0.0,0.0,1,1
13136,816707.0,636447.5,0.0,0.0,1,1
13137,816707.0,636447.5,0.0,0.0,1,1
13138,816707.0,636447.5,0.0,0.0,1,1
13139,816707.0,636447.5,0.0,0.0,1,1
13140,816707.0,636447.5,0.0,0.0,1,1
13141,816707.0,636447.5,0.0,0.0,1,1
13142,816707.0,636447.5,0.0,0.0,1,1
13143,816707.0,636447.5,0.0,0.0,1,1
13144,816707.0,636447.5,0.0,0.0,1,1
13145,816707.0,636447.5,0.0,0.0,1,1
13146,816707.0,636447.5,0.0,0.0,1,1
13147,816707.0,636447.5,0.0,0.0,1,1
13148,816675.0,636447.5,0.0,0.0,1,1
13149,816675.0,636447.5,0.0,0.0,1,1
13150,816675.0,636447.5,0.0,0.0,1,1
13151,816675.0,636447.5,0.0,0.0,1,1
13152,816675.0,636447.5,0.0,0.0,1,1
13153,816675.0,636447.5,0.0,0.0,1,1
13154,816675.0,636447.5,0.0,0.0,1,1
13155,816675.0,636447.5,0.0,0.0,1,1
13156,816675.0,636447.5,0.0,0.0,1,1
13157,816675.0,636447.5,0.0,0.0,1,1
13158,816675.0,636447.5,0.0,0.0,1,1
13159,816675.0,636447.5,0.0,0.0,1,1
13160,816675.0,636447.5,0.0,0.0,1,1
13161,816675.0,636447.5,0.0,0.0,1,1
13162,816675.0,636447.5,0.0,0.0,1,1
13163,816675.0,636447.5,0.0,0.0,1,1
13164,816675.0,636447.5,0.0,0.0,1,1
13165,816675.0,636447.5,0.0,0.0,1,1
13166,816675.0,636447.5,0.0,0.0,1,1
13167,816675.0,636447.5,0.0,0.0,1,1
13168,816675.0,636447.5,0.0,0.0,1,1
13169,816675.0,636447.5,0.0,0.0,1,1
13170,816675.0,636447.5,0.0,0.0,1,1
13171,816675.0,636447.5,0.0,0.0,1,1
13172,816675.0,636447.5,0.0,0.0,1,1
13173,816675.0,636447.5,0.0,0.0,1,1
13174,816675.0,636447.5,0.0,0.0,1,1
13175,816675.0,636447.5,0.0,0.0,1,1
13176,816560.0,636447.5,0.0,0.0,1,1
13177,816560.0,636447.5,0.0,0.0,1,1
13178,816560.0,636447.5,0.0,0.0,1,1
13179,816560.0,636447.5,0.0,0.0,1,1
13180,816560.0,636447.5,0.0,0.0,1,1
13181,816560.0,636447.5,0.0,0.0,1,1
13182,816560.0,636447.5,0.0,0.0,1,1
13183,816560.0,636447.5,0.0,0.0,1,1
13184,816560.0,636447.5,0.0,0.0,1,1
13185,816560.0,636447.5,0.0,0.0,1,1
13186,816560.0,636447.5,0.0,0.0,1,1
13187,816560.0,636447.5,0.0,0.0,1,1
13188,816560.0,636447.5,0.0,0.0,1,1
13189,816560.0,636447.5,0.0,0.0,1,1
13190,816560.0,636447.5,0.0,0.0,1,1
13191,816560.0,636447.5,0.0,0.0,1,1
13192,816560.0,636447.5,0.0,0.0,1,1
13193,816560.0,636447.5,0.0,0.0,1,1
13194,816560.0,636447.5,0.0,0.0,1,1
13195,816560.0,636447.5,0.0,0.0,1,1
13196,816560.0,636447.5,0.0,0.0,1,1
13197,816597.0,636447.5,0.0,0.0,1,1
13198,816597.0,636447.5,0.0,0.0,1,1
13199,816597.0,636447.5,0.0,0.0,1,1
13200,816597.0,636447.5,0.0,0.0,1,1
13201,816597.0,636447.5,0.0,0.0,1,1
13202,816597.0,636447.5,0.0,0.0,1,1
13203,816597.0,636447.5,0.0,0.0,1,1
13204,816597.0,636447.5,0.0,0.0,1,1
13205,816597.0,636447.5,0.0,0.0,1,1
13206,816597.0,636447.5,0.0,0.0,1,1
13207,816597.0,636447.5,0.0,0.0,1,1
13208,816597.0,636447.5,0.0,0.0,1,1
13209,816597.0,636447.5,0.0,0.0,1,1
13210,816597.0,636447.5,0.0,0.0,1,1
13211,816597.0,636447.5,0.0,0.0,1,1
13212,816597.0,636447.5,0.0,0.0,1,1
13213,816597.0,636447.5,0.0,0.0,1,1
13214,815372.5,636447.5,0.0,0.0,1,1
13215,815372.5,636447.5,0.0,0.0,1,1
13216,815372.5,636447.5,0.0,0.0,1,1
13217,815372.5,636447.5,0.0,0.0,1,1
13218,815372.5,636447.5,0.0,0.0,1,1
13219,815372.5,636447.5,0.0,0.0,1,1
13220,815372.5,636447.5,0.0,0.0,1,1
13221,815372.5,636447.5,0.0,0.0,1,1
13222,815372.5,636447.5,0.0,0.0,1,1
13223,815372.5,636447.5,0.0,0.0,1,1
13224,815372.5,636447.5,0.0,0.0,1,1
13225,815372.5,636447.5,0.0,0.0,1,1
13226,815372.5,636447.5,0.0,0.0,1,1
13227,815056.5,636447.5,0.0,0.0,1,1
13228,815056.5,636447.5,0.0,0.0,1,1
13229,815056.5,636447.5,0.0,0.0,1,1
13230,815056.5,636447.5,0.0,0.0,1,1
13231,815056.5,636447.5,0.0,0.0,1,1
13232,815056.5,636447.5,0.0,0.0,1,1
13233,815056.5,636447.5,0.0,0.0,1,1
13234,815056.5,636447.5,0.0,0.0,1,1
13235,815056.5,636447.5,0.0,0.0,1,1
13236,815056.5,636447.5,0.0,0.0,1,1
13237,815056.5,636447.5,0.0,0.0,1,1
13238,815056.5,636447.5,0.0,0.0,1,1
13239,815056.5,636447.5,0.0,0.0,1,1
13240,815056.5,636447.5,0.0,0.0,1,1
13241,815056.5,636447.5,0.0,0.0,1,1
13242,815056.5,636447.5,0.0,0.0,1,1
13243,815056.5,636447.5,0.0,0.0,1,1
13244,815056.5,636447.5,0.0,0.0,1,1
13245,815056.5,636447.5,0.0,0.0,1,1
13246,815056.5,636447.5,0.0,0.0,1,1
13247,815056.5,636447.5,0.0,0.0,1,1
13248,815056.5,636447.5,0.0,0.0,1,1
13249,815056.5,636447.5,0.0,0.0,1,1
13250,815056.5,636447.5,0.0,0.0,1,1
13251,815056.5,636447.5,0.0,0.0,1,1
13252,815056.5,636447.5,0.0,0.0,1,1
13253,815056.5,636447.5,0.0,0.0,1,1
13254,815056.5,636447.5,0.0,0.0,1,1
13255,815056.5,636447.5,0.0,0.0,1,1
13256,815056.5,636447.5,0.0,0.0,1,1
13257,815056.5,636447.5,0.0,0.0,1,1
13258,815056.5,636447.5,0.0,0.0,1,1
13259,815056.5,636447.5,0.0,0.0,1,1
13260,815056.5,636447.5,0.0,0.0,1,1
13261,815056.5,636447.5,0.0,0.0,1,1
13262,815056.5,636447.5,0.0,0.0,1,1
13263,815056.5,636447.5,0.0,0.0,1,1
13264,815056.5,636447.5,0.0,0.0,1,1
13265,815056.5,636447.5,0.0,0.0,1,1
13266,815056.5,636447.5,0.0,0.0,1,1
13267,815258.5,636447.5,0.0,0.0,1,1
13268,815258.5,636447.5,0.0,0.0,1,1
13269,815258.5,636447.5,0.0,0.0,1,1
13270,815373.5,636447.5,0.0,0.0,1,1
13271,815373.5,636447.5,0.0,0.0,1,1
13272,815373.5,636447.5,0.0,0.0,1,1
13273,815373.5,636447.5,0.0,0.0,1,1
13274,815373.5,636447.5,0.0,0.0,1,1
13275,815373.5,636447.5,0.0,0.0,1,1
13276,814737.5,636447.5,0.0,0.0,1,1
13277,814737.5,636447.5,0.0,0.0,1,1
13278,814737.5,636447.5,0.0,0.0,1,1
13279,814737.5,636447.5,0.0,0.0,1,1
13280,814737.5,636447.5,0.0,0.0,1,1
13281,814737.5,636447.5,0.0,0.0,1,1
13282,814737.5,636447.5,0.0,0.0,1,1
13283,814737.5,636447.5,0.0,0.0,1,1
13284,814737.5,636447.5,0.0,0.0,1,1
13285,814737.5,636447.5,0.0,0.0,1,1
13286,814737.5,636447.5,0.0,0.0,1,1
13287,814737.5,636447.5,0.0,0.0,1,1
13288,814737.5,636447.5,0.0,0.0,1,1
13289,814737.5,636447.5,0.0,0.0,1,1
13290,814737.5,636447.5,0.0,0.0,1,1
13291,814737.5,636447.5,0.0,0.0,1,1
13292,814737.5,636447.5,0.0,0.0,1,1
13293,814749.5,636447.5,0.0,0.0,1,1
13294,814749.5,636447.5,0.0,0.0,1,1
13295,814749.5,636447.5,0.0,0.0,1,1
13296,814749.5,636447.5,0.0,0.0,1,1
13297,814749.5,636447.5,0.0,0.0,1,1
13298,814665.5,636447.5,0.0,0.0,1,1
13299,814665.5,636447.5,0.0,0.0,1,1
13300,814667.0,636447.5,0.0,0.0,1,1
13301,814524.5,636447.5,0.0,0.0,1,1
13302,814524.5,636447.5,0.0,0.0,1,1
13303,814524.5,636447.5,0.0,0.0,1,1
13304,814524.5,636447.5,0.0,0.0,1,1
13305,814524.5,636447.5,0.0,0.0,1,1
13306,814524.5,636447.5,0.0,0.0,1,1
13307,814524.5,636447.5,0.0,0.0,1,1
13308,814524.5,636447.5,0.0,0.0,1,1
13309,814524.5,636447.5,0.0,0.0,1,1
13310,814524.5,636447.5,0.0,0.0,1,1
13311,814524.5,636447.5,0.0,0.0,1,1
13312,814524.5,636447.5,0.0,0.0,1,1
13313,814524.5,636447.5,0.0,0.0,1,1
13314,814495.0,636447.5,0.0,0.0,1,1
13315,814495.0,636447.5,0.0,0.0,1,1
13316,815415.0,636447.5,0.0,0.0,1,1
13317,815415.0,636447.5,0.0,0.0,1,1
13318,815415.0,636447.5,0.0,0.0,1,1
13319,815415.0,636447.5,0.0,0.0,1,1
13320,815415.0,636447.5,0.0,0.0,1,1
13321,817217.0,636447.5,0.0,0.0,1,1
13322,817217.0,636447.5,0.0,0.0,1,1
13323,817217.0,636447.5,0.0,0.0,1,1
13324,817217.0,636447.5,0.0,0.0,1,1
13325,817217.0,636447.5,0.0,0.0,1,1
13326,817217.0,636447.5,0.0,0.0,1,1
13327,817217.0,636447.5,0.0,0.0,1,1
13328,817217.0,636447.5,0.0,0.0,1,1
13329,817217.0,636447.5,0.0,0.0,1,1
13330,817217.0,636447.5,0.0,0.0,1,1
13331,817106.5,636447.5,0.0,0.0,1,1
13332,817106.5,636447.5,0.0,0.0,1,1
13333,817106.5,636447.5,0.0,0.0,1,1
13334,817106.5,636447.5,0.0,0.0,1,1
13335,817106.5,636447.5,0.0,0.0,1,1
13336,817106.5,636447.5,0.0,0.0,1,1
13337,817106.5,636447.5,0.0,0.0,1,1
13338,817106.5,636447.5,0.0,0.0,1,1
13339,817106.5,636447.5,0.0,0.0,1,1
13340,817106.5,636447.5,0.0,0.0,1,1
13341,817106.5,636447.5,0.0,0.0,1,1
13342,817106.5,636447.5,0.0,0.0,1,1
13343,817106.5,636447.5,0.0,0.0,1,1
13344,817106.5,636447.5,0.0,0.0,1,1
13345,817106.5,636447.5,0.0,0.0,1,1
13346,817106.5,636447.5,0.0,0.0,1,1
13347,817106.5,636447.5,0.0,0.0,1,1
13348,817106.5,636447.5,0.0,0.0,1,1
13349,817106.5,636447.5,0.0,0.0,1,1
13350,817106.5,636447.5,0.0,0.0,1,1
13351,817106.5,636447.5,0.0,0.0,1,1
13352,817106.5,636447.5,0.0,0.0,1,1
13353,817106.5,636447.5,0.0,0.0,1,1
13354,817106.5,636447.5,0.0,0.0,1,1
13355,817106.5,636447.5,0.0,0.0,1,1
13356,817106.5,636447.5,0.0,0.0,1,1
13357,817106.5,636447.5,0.0,0.0,1,1
13358,817106.5,636447.5,0.0,0.0,1,1
13359,817106.5,636447.5,0.0,0.0,1,1
13360,817106.5,636447.5,0.0,0.0,1,1
13361,817106.5,636447.5,0.0,0.0,1,1
13362,817106.5,636447.5,0.0,0.0,1,1
13363,817106.5,636447.5,0.0,0.0,1,1
13364,817106.5,636447.5,0.0,0.0,1,1
13365,817106.5,636447.5,0.0,0.0,1,1
13366,817106.5,636447.5,0.0,0.0,1,1
13367,817106.5,636447.5,0.0,0.0,1,1
13368,817106.5,636447.5,0.0,0.0,1,1
13369,817106.5,636447.5,0.0,0.0,1,1
13370,817106.5,636447.5,0.0,0.0,1,1
13371,817106.5,636447.5,0.0,0.0,1,1
13372,817106.5,636447.5,0.0,0.0,1,1
13373,817106.5,636447.5,0.0,0.0,1,1
13374,817106.5,636447.5,0.0,0.0,1,1
13375,817106.5,636447.5,0.0,0.0,1,1
13376,817106.5,636447.5,0.0,0.0,1,1
13377,817106.5,636447.5,0.0,0.0,1,1
13378,817106.5,636447.5,0.0,0.0,1,1
13379,817106.5,636447.5,0.0,0.0,1,1
13380,817106.5,636447.5,0.0,0.0,1,1
13381,817106.5,636447.5,0.0,0.0,1,1
13382,817106.5,636447.5,0.0,0.0,1,1
13383,817106.5,636447.5,0.0,0.0,1,1
13384,817106.5,636447.5,0.0,0.0,1,1
13385,817106.5,636447.5,0.0,0.0,1,1
13386,817106.5,636447.5,0.0,0.0,1,1
13387,817106.5,636447.5,0.0,0.0,1,1
13388,817106.5,636447.5,0.0,0.0,1,1
13389,817106.5,636447.5,0.0,0.0,1,1
13390,817106.5,636447.5,0.0,0.0,1,1
13391,817106.5,636447.5,0.0,0.0,1,1
13392,817106.5,636447.5,0.0,0.0,1,1
13393,817106.5,636447.5,0.0,0.0,1,1
13394,817106.5,636447.5,0.0,0.0,1,1
13395,817106.5,636447.5,0.0,0.0,1,1
13396,817106.5,636447.5,0.0,0.0,1,1
13397,817270.5,636447.5,0.0,0.0,1,1
13398,817270.5,636447.5,0.0,0.0,1,1
13399,817270.5,636447.5,0.0,0.0,1,1
13400,817270.5,636447.5,0.0,0.0,1,1
13401,817270.5,636447.5,0.0,0.0,1,1
13402,817270.5,636447.5,0.0,0.0,1,1
13403,817270.5,636447.5,0.0,0.0,1,1
13404,817270.5,636447.5,0.0,0.0,1,1
13405,817270.5,636447.5,0.0,0.0,1,1
13406,817270.5,636447.5,0.0,0.0,1,1
13407,817270.5,636447.5,0.0,0.0,1,1
13408,817270.5,636447.5,0.0,0.0,1,1
13409,817270.5,636447.5,0.0,0.0,1,1
13410,816934.0,636447.5,0.0,0.0,1,1
13411,816934.0,636447.5,0.0,0.0,1,1
13412,816934.0,636447.5,0.0,0.0,1,1
13413,816934.0,636447.5,0.0,0.0,1,1
13414,816934.0,636447.5,0.0,0.0,1,1
13415,816934.0,636447.5,0.0,0.0,1,1
13416,816934.0,636447.5,0.0,0.0,1,1
13417,816934.0,636447.5,0.0,0.0,1,1
13418,816934.0,636447.5,0.0,0.0,1,1
13419,816934.0,636447.5,0.0,0.0,1,1
13420,816934.0,636447.5,0.0,0.0,1,1
13421,816934.0,636447.5,0.0,0.0,1,1
13422,816934.0,636447.5,0.0,0.0,1,1
13423,816934.0,636447.5,0.0,0.0,1,1
13424,816934.0,636447.5,0.0,0.0,1,1
13425,816934.0,636447.5,0.0,0.0,1,1
13426,816934.0,636447.5,0.0,0.0,1,1
13427,816934.0,636447.5,0.0,0.0,1,1
13428,816934.0,636447.5,0.0,0.0,1,1
13429,816934.0,636447.5,0.0,0.0,1,1
13430,816934.0,636447.5,0.0,0.0,1,1
13431,816934.0,636447.5,0.0,0.0,1,1
13432,816934.0,636447.5,0.0,0.0,1,1
13433,816934.0,636447.5,0.0,0.0,1,1
13434,816934.0,636447.5,0.0,0.0,1,1
13435,816934.0,636447.5,0.0,0.0,1,1
13436,816934.0,636447.5,0.0,0.0,1,1
13437,816934.0,636447.5,0.0,0.0,1,1
13438,816934.0,636447.5,0.0,0.0,1,1
13439,816934.0,636447.5,0.0,0.0,1,1
13440,816934.0,636447.5,0.0,0.0,1,1
13441,816934.0,636447.5,0.0,0.0,1,1
13442,816934.0,636447.5,0.0,0.0,1,1
13443,816934.0,636447.5,0.0,0.0,1,1
13444,816934.0,636447.5,0.0,0.0,1,1
13445,816934.0,636447.5,0.0,0.0,1,1
13446,816934.0,636447.5,0.0,0.0,1,1
13447,816934.0,636447.5,0.0,0.0,1,1
13448,816934.0,636447.5,0.0,0.0,1,1
13449,816934.0,636447.5,0.0,0.0,1,1
13450,816934.0,636447.5,0.0,0.0,1,1
13451,816934.0,636447.5,0.0,0.0,1,1
13452,816934.0,636447.5,0.0,0.0,1,1
13453,816934.0,636447.5,0.0,0.0,1,1
13454,816934.0,636447.5,0.0,0.0,1,1
13455,816934.0,636447.5,0.0,0.0,1,1
13456,816934.0,636447.5,0.0,0.0,1,1
13457,816934.0,636447.5,0.0,0.0,1,1
13458,816569.0,636447.5,0.0,0.0,1,1
13459,816569.0,636447.5,0.0,0.0,1,1
13460,816569.0,636447.5,0.0,0.0,1,1
13461,816569.0,636447.5,0.0,0.0,1,1
13462,816569.0,636447.5,0.0,0.0,1,1
13463,816569.0,636447.5,0.0,0.0,1,1
13464,816569.0,636447.5,0.0,0.0,1,1
13465,816569.0,636447.5,0.0,0.0,1,1
13466,816569.0,636447.5,0.0,0.0,1,1
13467,816569.0,636447.5,0.0,0.0,1,1
13468,816569.0,636447.5,0.0,0.0,1,1
13469,816569.0,636447.5,0.0,0.0,1,1
13470,816569.0,636447.5,0.0,0.0,1,1
13471,816569.0,636447.5,0.0,0.0,1,1
13472,816569.0,636447.5,0.0,0.0,1,1
13473,816569.0,636447.5,0.0,0.0,1,1
13474,815239.0,636447.5,0.0,0.0,1,1
13475,815239.0,636447.5,0.0,0.0,1,1
13476,815239.0,636447.5,0.0,0.0,1,1
13477,815239.0,636447.5,0.0,0.0,1,1
13478,815239.0,636447.5,0.0,0.0,1,1
13479,815239.0,636447.5,0.0,0.0,1,1
13480,815239.0,636447.5,0.0,0.0,1,1
13481,814689.0,636447.5,0.0,0.0,1,1
13482,814689.0,636447.5,0.0,0.0,1,1
13483,814689.0,636447.5,0.0,0.0,1,1
13484,814689.0,636447.5,0.0,0.0,1,1
13485,814689.0,636447.5,0.0,0.0,1,1
13486,814689.0,636447.5,0.0,0.0,1,1
13487,814689.0,636447.5,0.0,0.0,1,1
13488,814689.0,636447.5,0.0,0.0,1,1
13489,814689.0,636447.5,0.0,0.0,1,1
13490,814689.0,636447.5,0.0,0.0,1,1
13491,814689.0,636447.5,0.0,0.0,1,1
13492,814689.0,636447.5,0.0,0.0,1,1
13493,814689.0,636447.5,0.0,0.0,1,1
13494,814689.0,636447.5,0.0,0.0,1,1
13495,814689.0,636447.5,0.0,0.0,1,1
13496,814689.0,636447.5,0.0,0.0,1,1
13497,814578.5,636447.5,0.0,0.0,1,1
13498,814578.5,636447.5,0.0,0.0,1,1
13499,814578.5,636447.5,0.0,0.0,1,1
13500,814578.5,636447.5,0.0,0.0,1,1
13501,814578.5,636447.5,0.0,0.0,1,1
13502,814578.5,636447.5,0.0,0.0,1,1
13503,815058.5,636447.5,0.0,0.0,1,1
13504,815058.5,636447.5,0.0,0.0,1,1
13505,815058.5,636447.5,0.0,0.0,1,1
13506,815058.5,636447.5,0.0,0.0,1,1
13507,815058.5,636447.5,0.0,0.0,1,1
13508,815058.5,636447.5,0.0,0.0,1,1
13509,815058.5,636447.5,0.0,0.0,1,1
13510,815058.5,636447.5,0.0,0.0,1,1
13511,815058.5,636447.5,0.0,0.0,1,1
13512,815058.5,636447.5,0.0,0.0,1,1
13513,815058.5,636447.5,0.0,0.0,1,1
13514,815058.5,636447.5,0.0,0.0,1,1
13515,815058.5,636447.5,0.0,0.0,1,1
13516,815058.5,636447.5,0.0,0.0,1,1
13517,815058.5,636447.5,0.0,0.0,1,1
13518,815058.5,636447.5,0.0,0.0,1,1
13519,815058.5,636447.5,0.0,0.0,1,1
13520,815025.0,636447.5,0.0,0.0,1,1
13521,815025.0,636447.5,0.0,0.0,1,1
13522,815090.0,636447.5,0.0,0.0,1,1
13523,815090.0,636447.5,0.0,0.0,1,1
13524,815090.0,636447.5,0.0,0.0,1,1
13525,815090.0,636447.5,0.0,0.0,1,1
13526,815090.0,636447.5,0.0,0.0,1,1
13527,815090.0,636447.5,0.0,0.0,1,1
13528,815090.0,636447.5,0.0,0.0,1,1
13529,815090.0,636447.5,0.0,0.0,1,1
13530,815090.0,636447.5,0.0,0.0,1,1
13531,815090.0,636447.5,0.0,0.0,1,1
13532,814562.5,636447.5,0.0,0.0,1,1
13533,814562.5,636447.5,0.0,0.0,1,1
13534,814562.5,636447.5,0.0,0.0,1,1
13535,814562.5,636447.5,0.0,0.0,1,1
13536,814562.5,636447.5,0.0,0.0,1,1
13537,814562.5,636447.5,0.0,0.0,1,1
13538,814562.5,636447.5,0.0,0.0,1,1
13539,814562.5,636447.5,0.0,0.0,1,1
13540,814558.0,636447.5,0.0,0.0,1,1
13541,814558.0,636447.5,0.0,0.0,1,1
13542,814558.0,636447.5,0.0,0.0,1,1
13543,814558.0,636447.5,0.0,0.0,1,1
13544,814558.0,636447.5,0.0,0.0,1,1
13545,814558.0,636447.5,0.0,0.0,1,1
13546,814558.0,636447.5,0.0,0.0,1,1
13547,814558.0,636447.5,0.0,0.0,1,1
13548,814558.0,636447.5,0.0,0.0,1,1
13549,814558.0,636447.5,0.0,0.0,1,1
13550,814558.0,636447.5,0.0,0.0,1,1
13551,815456.0,636447.5,0.0,0.0,1,1
13552,815456.0,636447.5,0.0,0.0,1,1
13553,815456.0,636447.5,0.0,0.0,1,1
13554,815456.0,636447.5,0.0,0.0,1,1
13555,815456.0,636447.5,0.0,0.0,1,1
13556,815456.0,636447.5,0.0,0.0,1,1
13557,815456.0,636447.5,0.0,0.0,1,1
13558,815456.0,636447.5,0.0,0.0,1,1
13559,815456.0,636447.5,0.0,0.0,1,1
13560,815456.0,636447.5,0.0,0.0,1,1
13561,815456.0,636447.5,0.0,0.0,1,1
13562,815456.0,636447.5,0.0,0.0,1,1
13563,815456.0,636447.5,0.0,0.0,1,1
13564,815456.0,636447.5,0.0,0.0,1,1
13565,815456.0,636447.5,0.0,0.0,1,1
13566,815456.0,636447.5,0.0,0.0,1,1
13567,815456.0,636447.5,0.0,0.0,1,1
13568,815456.0,636447.5,0.0,0.0,1,1
13569,815456.0,636447.5,0.0,0.0,1,1
13570,815456.0,636447.5,0.0,0.0,1,1
13571,815456.0,636447.5,0.0,0.0,1,1
13572,815456.0,636447.5,0.0,0.0,1,1
13573,815456.0,636447.5,0.0,0.0,1,1
13574,815456.0,636447.5,0.0,0.0,1,1
13575,815456.0,636447.5,0.0,0.0,1,1
13576,815456.0,636447.5,0.0,0.0,1,1
13577,815456.0,636447.5,0.0,0.0,1,1
13578,815456.0,636447.5,0.0,0.0,1,1
13579,815456.0,636447.5,0.0,0.0,1,1
13580,815517.5,636447.5,0.0,0.0,1,1
13581,815517.5,636447.5,0.0,0.0,1,1
13582,815644.0,636447.5,0.0,0.0,1,1
13583,815644.0,636447.5,0.0,0.0,1,1
13584,815644.0,636447.5,0.0,0.0,1,1
13585,815644.0,636447.5,0.0,0.0,1,1
13586,815644.0,636447.5,0.0,0.0,1,1
13587,815644.0,636447.5,0.0,0.0,1,1
13588,815644.0,636447.5,0.0,0.0,1,1
13589,815644.0,636447.5,0.0,0.0,1,1
13590,815644.0,636447.5,0.0,0.0,1,1
13591,815644.0,636447.5,0.0,0.0,1,1
13592,815644.0,636447.5,0.0,0.0,1,1
13593,815731.5,636447.5,0.0,0.0,1,1
13594,815878.0,636447.5,0.0,0.0,1,1
13595,815878.0,636447.5,0.0,0.0,1,1
13596,809636.5,636447.5,0.0,0.0,1,1
13597,807253.0,636447.5,0.0,0.0,1,1
13598,807253.0,636447.5,0.0,0.0,1,1
13599,807253.0,636447.5,0.0,0.0,1,1
13600,807048.5,636447.5,0.0,0.0,1,1
13601,807133.5,636447.5,0.0,0.0,1,1
13602,807133.5,636447.5,0.0,0.0,1,1
13603,807133.5,636447.5,0.0,0.0,1,1
13604,807133.5,636447.5,0.0,0.0,1,1
13605,807133.5,636447.5,0.0,0.0,1,1
13606,807133.5,636447.5,0.0,0.0,1,1
13607,807133.5,636447.5,0.0,0.0,1,1
13608,807133.5,636447.5,0.0,0.0,1,1
13609,807133.5,636447.5,0.0,0.0,1,1
13610,807133.5,636447.5,0.0,0.0,1,1
13611,807133.5,636447.5,0.0,0.0,1,1
13612,807133.5,636447.5,0.0,0.0,1,1
13613,807133.5,636447.5,0.0,0.0,1,1
13614,807133.5,636447.5,0.0,0.0,1,1
13615,807133.5,636447.5,0.0,0.0,1,1
13616,807133.5,636447.5,0.0,0.0,1,1
13617,807133.5,636447.5,0.0,0.0,1,1
13618,807062.5,636447.5,0.0,0.0,1,1
13619,807062.5,636447.5,0.0,0.0,1,1
13620,807062.5,636447.5,0.0,0.0,1,1
13621,807062.5,636447.5,0.0,0.0,1,1
13622,807062.5,636447.5,0.0,0.0,1,1
13623,807062.5,636447.5,0.0,0.0,1,1
13624,807062.5,636447.5,0.0,0.0,1,1
13625,807062.5,636447.5,0.0,0.0,1,1
13626,807062.5,636447.5,0.0,0.0,1,1
13627,807062.5,636447.5,0.0,0.0,1,1
13628,807062.5,636447.5,0.0,0.0,1,1
13629,807062.5,636447.5,0.0,0.0,1,1
13630,807062.5,636447.5,0.0,0.0,1,1
13631,807062.5,636447.5,0.0,0.0,1,1
13632,807062.5,636447.5,0.0,0.0,1,1
13633,807062.5,636447.5,0.0,0.0,1,1
13634,807062.5,636447.5,0.0,0.0,1,1
13635,807062.5,636447.5,0.0,0.0,1,1
13636,807004.5,636447.5,0.0,0.0,1,1
13637,807004.5,636447.5,0.0,0.0,1,1
13638,807004.5,636447.5,0.0,0.0,1,1
13639,807278.5,636447.5,0.0,0.0,1,1
13640,806774.0,636447.5,0.0,0.0,1,1
13641,806774.0,636447.5,0.0,0.0,1,1
13642,806774.0,636447.5,0.0,0.0,1,1
13643,806774.0,636447.5,0.0,0.0,1,1
13644,806774.0,636447.5,0.0,0.0,1,1
13645,806774.0,636447.5,0.0,0.0,1,1
13646,806774.0,636447.5,0.0,0.0,1,1
13647,806774.0,636447.5,0.0,0.0,1,1
13648,806774.0,636447.5,0.0,0.0,1,1
13649,806774.0,636447.5,0.0,0.0,1,1
13650,806774.0,636447.5,0.0,0.0,1,1
13651,806774.0,636447.5,0.0,0.0,1,1
13652,807053.5,636447.5,0.0,0.0,1,1
13653,807053.5,636447.5,0.0,0.0,1,1
13654,807053.5,636447.5,0.0,0.0,1,1
13655,807053.5,636447.5,0.0,0.0,1,1
13656,807053.5,636447.5,0.0,0.0,1,1
13657,807053.5,636447.5,0.0,0.0,1,1
13658,807053.5,636447.5,0.0,0.0,1,1
13659,807053.5,636447.5,0.0,0.0,1,1
13660,807053.5,636447.5,0.0,0.0,1,1
13661,806638.0,636447.5,0.0,0.0,1,1
13662,806638.0,636447.5,0.0,0.0,1,1
13663,806638.0,636447.5,0.0,0.0,1,1
13664,806638.0,636447.5,0.0,0.0,1,1
13665,806638.0,636447.5,0.0,0.0,1,1
13666,806638.0,636447.5,0.0,0.0,1,1
13667,806638.0,636447.5,0.0,0.0,1,1
13668,806638.0,636447.5,0.0,0.0,1,1
13669,806638.0,636447.5,0.0,0.0,1,1
13670,806638.0,636447.5,0.0,0.0,1,1
13671,806638.0,636447.5,0.0,0.0,1,1
13672,806715.0,636447.5,0.0,0.0,1,1
13673,806715.0,636447.5,0.0,0.0,1,1
13674,806715.0,636447.5,0.0,0.0,1,1
13675,806942.5,636447.5,0.0,0.0,1,1
13676,806942.5,636447.5,0.0,0.0,1,1
13677,806942.5,636447.5,0.0,0.0,1,1
13678,806942.5,636447.5,0.0,0.0,1,1
13679,806942.5,636447.5,0.0,0.0,1,1
13680,806942.5,636447.5,0.0,0.0,1,1
13681,806942.5,636447.5,0.0,0.0,1,1
13682,806942.5,636447.5,0.0,0.0,1,1
13683,806942.5,636447.5,0.0,0.0,1,1
13684,806942.5,636447.5,0.0,0.0,1,1
13685,806942.5,636447.5,0.0,0.0,1,1
13686,806942.5,636447.5,0.0,0.0,1,1
13687,806942.5,636447.5,0.0,0.0,1,1
13688,806942.5,636447.5,0.0,0.0,1,1
13689,806942.5,636447.5,0.0,0.0,1,1
13690,806831.0,636447.5,0.0,0.0,1,1
13691,806831.0,636447.5,0.0,0.0,1,1
13692,806831.0,636447.5,0.0,0.0,1,1
13693,806831.0,636447.5,0.0,0.0,1,1
13694,806831.0,636447.5,0.0,0.0,1,1
13695,806831.0,636447.5,0.0,0.0,1,1
13696,806831.0,636447.5,0.0,0.0,1,1
13697,806831.0,636447.5,0.0,0.0,1,1
13698,806831.0,636447.5,0.0,0.0,1,1
13699,806831.0,636447.5,0.0,0.0,1,1
13700,806831.0,636447.5,0.0,0.0,1,1
13701,806831.0,636447.5,0.0,0.0,1,1
13702,806655.5,636447.5,0.0,0.0,1,1
13703,806655.5,636447.5,0.0,0.0,1,1
13704,806655.5,636447.5,0.0,0.0,1,1
13705,806655.5,636447.5,0.0,0.0,1,1
13706,806655.5,636447.5,0.0,0.0,1,1
13707,805909.5,636447.5,0.0,0.0,1,1
13708,806832.0,636447.5,0.0,0.0,1,1
13709,806832.0,636447.5,0.0,0.0,1,1
13710,806832.0,636447.5,0.0,0.0,1,1
13711,806832.0,636447.5,0.0,0.0,1,1
13712,806832.0,636447.5,0.0,0.0,1,1
13713,806832.0,636447.5,0.0,0.0,1,1
13714,806945.0,636447.5,0.0,0.0,1,1
13715,806945.0,636447.5,0.0,0.0,1,1
13716,806945.0,636447.5,0.0,0.0,1,1
13717,806945.0,636447.5,0.0,0.0,1,1
13718,806822.0,636447.5,0.0,0.0,1,1
13719,806834.0,636447.5,0.0,0.0,1,1
13720,806834.0,636447.5,0.0,0.0,1,1
13721,806834.0,636447.5,0.0,0.0,1,1
13722,806834.0,636447.5,0.0,0.0,1,1
13723,806834.0,636447.5,0.0,0.0,1,1
13724,806834.0,636447.5,0.0,0.0,1,1
13725,806834.0,636447.5,0.0,0.0,1,1
13726,806834.0,636447.5,0.0,0.0,1,1
13727,806834.0,636447.5,0.0,0.0,1,1
13728,806834.0,636447.5,0.0,0.0,1,1
13729,806834.0,636447.5,0.0,0.0,1,1
13730,806834.0,636447.5,0.0,0.0,1,1
13731,808548.5,636447.5,0.0,0.0,1,1
13732,808548.5,636447.5,0.0,0.0,1,1
13733,808548.5,636447.5,0.0,0.0,1,1
13734,808548.5,636447.5,0.0,0.0,1,1
13735,808548.5,636447.5,0.0,0.0,1,1
13736,808548.5,636447.5,0.0,0.0,1,1
13737,808548.5,636447.5,0.0,0.0,1,1
13738,808548.5,636447.5,0.0,0.0,1,1
13739,808548.5,636447.5,0.0,0.0,1,1
13740,808548.5,636447.5,0.0,0.0,1,1
13741,808548.5,636447.5,0.0,0.0,1,1
13742,808548.5,636447.5,0.0,0.0,1,1
13743,808548.5,636447.5,0.0,0.0,1,1
13744,808548.5,636447.5,0.0,0.0,1,1
13745,808548.5,636447.5,0.0,0.0,1,1
13746,808548.5,636447.5,0.0,0.0,1,1
13747,808548.5,636447.5,0.0,0.0,1,1
13748,808548.5,636447.5,0.0,0.0,1,1
13749,808548.5,636447.5,0.0,0.0,1,1
13750,808548.5,636447.5,0.0,0.0,1,1
13751,808548.5,636447.5,0.0,0.0,1,1
13752,808578.5,636447.5,0.0,0.0,1,1
13753,808578.5,636447.5,0.0,0.0,1,1
13754,808578.5,636447.5,0.0,0.0,1,1
13755,808578.5,636447.5,0.0,0.0,1,1
13756,808578.5,636447.5,0.0,0.0,1,1
13757,808697.5,636447.5,0.0,0.0,1,1
13758,808697.5,636447.5,0.0,0.0,1,1
13759,808697.5,636447.5,0.0,0.0,1,1
13760,808697.5,636447.5,0.0,0.0,1,1
13761,808697.5,636447.5,0.0,0.0,1,1
13762,808697.5,636447.5,0.0,0.0,1,1
13763,808697.5,636447.5,0.0,0.0,1,1
13764,808697.5,636447.5,0.0,0.0,1,1
13765,808697.5,636447.5,0.0,0.0,1,1
13766,808570.5,636447.5,0.0,0.0,1,1
13767,808570.5,636447.5,0.0,0.0,1,1
13768,808570.5,636447.5,0.0,0.0,1,1
13769,808570.5,636447.5,0.0,0.0,1,1
13770,808570.5,636447.5,0.0,0.0,1,1
13771,808570.5,636447.5,0.0,0.0,1,1
13772,808570.5,636447.5,0.0,0.0,1,1
13773,808570.5,636447.5,0.0,0.0,1,1
13774,808570.5,636447.5,0.0,0.0,1,1
13775,808570.5,636447.5,0.0,0.0,1,1
13776,808570.5,636447.5,0.0,0.0,1,1
13777,808570.5,636447.5,0.0,0.0,1,1
13778,808570.5,636447.5,0.0,0.0,1,1
13779,808570.5,636447.5,0.0,0.0,1,1
13780,808570.5,636447.5,0.0,0.0,1,1
13781,808570.5,636447.5,0.0,0.0,1,1
13782,808570.5,636447.5,0.0,0.0,1,1
13783,808570.5,636447.5,0.0,0.0,1,1
13784,808570.5,636447.5,0.0,0.0,1,1
13785,808570.5,636447.5,0.0,0.0,1,1
13786,808727.5,636447.5,0.0,0.0,1,1
13787,808727.5,636447.5,0.0,0.0,1,1
13788,808727.5,636447.5,0.0,0.0,1,1
13789,808727.5,636447.5,0.0,0.0,1,1
13790,808727.5,636447.5,0.0,0.0,1,1
13791,808727.5,636447.5,0.0,0.0,1,1
13792,808727.5,636447.5,0.0,0.0,1,1
13793,808727.5,636447.5,0.0,0.0,1,1
13794,808727.5,636447.5,0.0,0.0,1,1
13795,808727.5,636447.5,0.0,0.0,1,1
13796,808727.5,636447.5,0.0,0.0,1,1
13797,808727.5,636447.5,0.0,0.0,1,1
13798,808727.5,636447.5,0.0,0.0,1,1
13799,808727.5,636447.5,0.0,0.0,1,1
13800,808727.5,636447.5,0.0,0.0,1,1
13801,808727.5,636447.5,0.0,0.0,1,1
13802,808727.5,636447.5,0.0,0.0,1,1
13803,808727.5,636447.5,0.0,0.0,1,1
13804,808727.5,636447.5,0.0,0.0,1,1
13805,808727.5,636447.5,0.0,0.0,1,1
13806,808727.5,636447.5,0.0,0.0,1,1
13807,808727.5,636447.5,0.0,0.0,1,1
13808,808727.5,636447.5,0.0,0.0,1,1
13809,808727.5,636447.5,0.0,0.0,1,1
13810,808727.5,636447.5,0.0,0.0,1,1
13811,808727.5,636447.5,0.0,0.0,1,1
13812,808865.5,636447.5,0.0,0.0,1,1
13813,808865.5,636447.5,0.0,0.0,1,1
13814,808865.5,636447.5,0.0,0.0,1,1
13815,808865.5,636447.5,0.0,0.0,1,1
13816,808865.5,636447.5,0.0,0.0,1,1
13817,808865.5,636447.5,0.0,0.0,1,1
13818,808865.5,636447.5,0.0,0.0,1,1
13819,808865.5,636447.5,0.0,0.0,1,1
13820,808865.5,636447.5,0.0,0.0,1,1
13821,808865.5,636447.5,0.0,0.0,1,1
13822,808865.5,636447.5,0.0,0.0,1,1
13823,808865.5,636447.5,0.0,0.0,1,1
13824,808865.5,636447.5,0.0,0.0,1,1
13825,808865.5,636447.5,0.0,0.0,1,1
13826,808865.5,636447.5,0.0,0.0,1,1
13827,808865.5,636447.5,0.0,0.0,1,1
13828,808865.5,636447.5,0.0,0.0,1,1
13829,808918.5,636447.5,0.0,0.0,1,1
13830,808918.5,636447.5,0.0,0.0,1,1
13831,808918.5,636447.5,0.0,0.0,1,1
13832,808918.5,636447.5,0.0,0.0,1,1
13833,808918.5,636447.5,0.0,0.0,1,1
13834,808918.5,636447.5,0.0,0.0,1,1
13835,808918.5,636447.5,0.0,0.0,1,1
13836,808918.5,636447.5,0.0,0.0,1,1
13837,808918.5,636447.5,0.0,0.0,1,1
13838,808918.5,636447.5,0.0,0.0,1,1
13839,808918.5,636447.5,0.0,0.0,1,1
13840,808918.5,636447.5,0.0,0.0,1,1
13841,808918.5,636447.5,0.0,0.0,1,1
13842,808918.5,636447.5,0.0,0.0,1,1
13843,807735.5,636447.5,0.0,0.0,1,1
13844,807735.5,636447.5,0.0,0.0,1,1
13845,807895.0,636447.5,0.0,0.0,1,1
13846,807895.0,636447.5,0.0,0.0,1,1
13847,807895.0,636447.5,0.0,0.0,1,1
13848,807895.0,636447.5,0.0,0.0,1,1
13849,807895.0,636447.5,0.0,0.0,1,1
13850,807895.0,636447.5,0.0,0.0,1,1
13851,807895.0,636447.5,0.0,0.0,1,1
13852,807895.0,636447.5,0.0,0.0,1,1
13853,807895.0,636447.5,0.0,0.0,1,1
13854,807895.0,636447.5,0.0,0.0,1,1
13855,807895.0,636447.5,0.0,0.0,1,1
13856,808508.5,636447.5,0.0,0.0,1,1
13857,808508.5,636447.5,0.0,0.0,1,1
13858,808508.5,636447.5,0.0,0.0,1,1
13859,808508.5,636447.5,0.0,0.0,1,1
13860,808508.5,636447.5,0.0,0.0,1,1
13861,808427.5,636447.5,0.0,0.0,1,1
13862,808427.5,636447.5,0.0,0.0,1,1
13863,808427.5,636447.5,0.0,0.0,1,1
13864,808427.5,636447.5,0.0,0.0,1,1
13865,808427.5,636447.5,0.0,0.0,1,1
13866,808427.5,636447.5,0.0,0.0,1,1
13867,808427.5,636447.5,0.0,0.0,1,1
13868,808133.5,636447.5,0.0,0.0,1,1
13869,808133.5,636447.5,0.0,0.0,1,1
13870,808133.5,636447.5,0.0,0.0,1,1
13871,808133.5,636447.5,0.0,0.0,1,1
13872,808133.5,636447.5,0.0,0.0,1,1
13873,808133.5,636447.5,0.0,0.0,1,1
13874,808133.5,636447.5,0.0,0.0,1,1
13875,808133.5,636447.5,0.0,0.0,1,1
13876,808133.5,636447.5,0.0,0.0,1,1
13877,808133.5,636447.5,0.0,0.0,1,1
13878,807983.5,636447.5,0.0,0.0,1,1
13879,807983.5,636447.5,0.0,0.0,1,1
13880,807983.5,636447.5,0.0,0.0,1,1
13881,807983.5,636447.5,0.0,0.0,1,1
13882,807983.5,636447.5,0.0,0.0,1,1
13883,807955.0,636447.5,0.0,0.0,1,1
13884,807955.0,636447.5,0.0,0.0,1,1
13885,807955.0,636447.5,0.0,0.0,1,1
13886,807955.0,636447.5,0.0,0.0,1,1
13887,807955.0,636447.5,0.0,0.0,1,1
13888,807955.0,636447.5,0.0,0.0,1,1
13889,807955.0,636447.5,0.0,0.0,1,1
13890,807955.0,636447.5,0.0,0.0,1,1
13891,807955.0,636447.5,0.0,0.0,1,1
13892,807955.0,636447.5,0.0,0.0,1,1
13893,807955.0,636447.5,0.0,0.0,1,1
13894,807955.0,636447.5,0.0,0.0,1,1
13895,807955.0,636447.5,0.0,0.0,1,1
13896,807774.5,636447.5,0.0,0.0,1,1
13897,807857.5,636447.5,0.0,0.0,1,1
13898,807857.5,636447.5,0.0,0.0,1,1
13899,807857.5,636447.5,0.0,0.0,1,1
13900,807857.5,636447.5,0.0,0.0,1,1
13901,807781.0,636447.5,0.0,0.0,1,1
13902,807781.0,636447.5,0.0,0.0,1,1
13903,807781.0,636447.5,0.0,0.0,1,1
13904,807781.0,636447.5,0.0,0.0,1,1
13905,807781.0,636447.5,0.0,0.0,1,1
13906,807781.0,636447.5,0.0,0.0,1,1
13907,807781.0,636447.5,0.0,0.0,1,1
13908,807781.0,636447.5,0.0,0.0,1,1
13909,807781.0,636447.5,0.0,0.0,1,1
13910,807781.0,636447.5,0.0,0.0,1,1
13911,807781.0,636447.5,0.0,0.0,1,1
13912,807781.0,636447.5,0.0,0.0,1,1
13913,807781.0,636447.5,0.0,0.0,1,1
13914,807781.0,636447.5,0.0,0.0,1,1
13915,807781.0,636447.5,0.0,0.0,1,1
13916,807781.0,636447.5,0.0,0.0,1,1
13917,809334.0,636447.5,0.0,0.0,1,1
13918,809412.0,636447.5,0.0,0.0,1,1
13919,809502.0,636447.5,0.0,0.0,1,1
13920,809502.0,636447.5,0.0,0.0,1,1
13921,809502.0,636447.5,0.0,0.0,1,1
13922,809502.0,636447.5,0.0,0.0,1,1
13923,809502.0,636447.5,0.0,0.0,1,1
13924,809502.0,636447.5,0.0,0.0,1,1
13925,809406.5,636447.5,0.0,0.0,1,1
13926,809406.5,636447.5,0.0,0.0,1,1
13927,809406.5,636447.5,0.0,0.0,1,1
13928,809406.5,636447.5,0.0,0.0,1,1
13929,809406.5,636447.5,0.0,0.0,1,1
13930,809406.5,636447.5,0.0,0.0,1,1
13931,809406.5,636447.5,0.0,0.0,1,1
13932,810234.5,636447.5,0.0,0.0,1,1
13933,810234.5,636447.5,0.0,0.0,1,1
13934,810234.5,636447.5,0.0,0.0,1,1
13935,810234.5,636447.5,0.0,0.0,1,1
13936,810234.5,636447.5,0.0,0.0,1,1
13937,810234.5,636447.5,0.0,0.0,1,1
13938,810234.5,636447.5,0.0,0.0,1,1
13939,810234.5,636447.5,0.0,0.0,1,1
13940,810234.5,636447.5,0.0,0.0,1,1
13941,810234.5,636447.5,0.0,0.0,1,1
13942,810234.5,636447.5,0.0,0.0,1,1
13943,810234.5,636447.5,0.0,0.0,1,1
13944,810234.5,636447.5,0.0,0.0,1,1
13945,810234.5,636447.5,0.0,0.0,1,1
13946,810234.5,636447.5,0.0,0.0,1,1
13947,810234.5,636447.5,0.0,0.0,1,1
13948,810234.5,636447.5,0.0,0.0,1,1
13949,810234.5,636447.5,0.0,0.0,1,1
13950,810234.5,636447.5,0.0,0.0,1,1
13951,810234.5,636447.5,0.0,0.0,1,1
13952,810234.5,636447.5,0.0,0.0,1,1
13953,810234.5,636447.5,0.0,0.0,1,1
13954,810234.5,636447.5,0.0,0.0,1,1
13955,810234.5,636447.5,0.0,0.0,1,1
13956,809221.5,636447.5,0.0,0.0,1,1
13957,809221.5,636447.5,0.0,0.0,1,1
13958,809221.5,636447.5,0.0,0.0,1,1
13959,809221.5,636447.5,0.0,0.0,1,1
13960,809221.5,636447.5,0.0,0.0,1,1
13961,809221.5,636447.5,0.0,0.0,1,1
13962,809221.5,636447.5,0.0,0.0,1,1
13963,809221.5,636447.5,0.0,0.0,1,1
13964,809221.5,636447.5,0.0,0.0,1,1
13965,809221.5,636447.5,0.0,0.0,1,1
13966,809221.5,636447.5,0.0,0.0,1,1
13967,809221.5,636447.5,0.0,0.0,1,1
13968,809221.5,636447.5,0.0,0.0,1,1
13969,809221.5,636447.5,0.0,0.0,1,1
13970,809221.5,636447.5,0.0,0.0,1,1
13971,809221.5,636447.5,0.0,0.0,1,1
13972,809221.5,636447.5,0.0,0.0,1,1
13973,809221.5,636447.5,0.0,0.0,1,1
13974,809221.5,636447.5,0.0,0.0,1,1
13975,809221.5,636447.5,0.0,0.0,1,1
13976,809221.5,636447.5,0.0,0.0,1,1
13977,809221.5,636447.5,0.0,0.0,1,1
13978,809221.5,636447.5,0.0,0.0,1,1
13979,809221.5,636447.5,0.0,0.0,1,1
13980,809221.5,636447.5,0.0,0.0,1,1
13981,809221.5,636447.5,0.0,0.0,1,1
13982,809221.5,636447.5,0.0,0.0,1,1
13983,809221.5,636447.5,0.0,0.0,1,1
13984,809221.5,636447.5,0.0,0.0,1,1
13985,809221.5,636447.5,0.0,0.0,1,1
13986,809221.5,636447.5,0.0,0.0,1,1
13987,809221.5,636447.5,0.0,0.0,1,1
13988,809221.5,636447.5,0.0,0.0,1,1
13989,809221.5,636447.5,0.0,0.0,1,1
13990,809221.5,636447.5,0.0,0.0,1,1
13991,809221.5,636447.5,0.0,0.0,1,1
13992,809221.5,636447.5,0.0,0.0,1,1
13993,809221.5,636447.5,0.0,0.0,1,1
13994,809221.5,636447.5,0.0,0.0,1,1
13995,809221.5,636447.5,0.0,0.0,1,1
13996,809221.5,636447.5,0.0,0.0,1,1
13997,809221.5,636447.5,0.0,0.0,1,1
13998,809221.5,636447.5,0.0,0.0,1,1
13999,809221.5,636447.5,0.0,0.0,1,1
14000,809221.5,636447.5,0.0,0.0,1,1
14001,809221.5,636447.5,0.0,0.0,1,1
14002,809221.5,636447.5,0.0,0.0,1,1
14003,809221.5,636447.5,0.0,0.0,1,1
14004,809221.5,636447.5,0.0,0.0,1,1
14005,809221.5,636447.5,0.0,0.0,1,1
14006,809221.5,636447.5,0.0,0.0,1,1
14007,809221.5,636447.5,0.0,0.0,1,1
14008,809221.5,636447.5,0.0,0.0,1,1
14009,809221.5,636447.5,0.0,0.0,1,1
14010,809221.5,636447.5,0.0,0.0,1,1
14011,809221.5,636447.5,0.0,0.0,1,1
14012,809221.5,636447.5,0.0,0.0,1,1
14013,809221.5,636447.5,0.0,0.0,1,1
14014,809221.5,636447.5,0.0,0.0,1,1
14015,809221.5,636447.5,0.0,0.0,1,1
14016,809221.5,636447.5,0.0,0.0,1,1
14017,809221.5,636447.5,0.0,0.0,1,1
14018,809221.5,636447.5,0.0,0.0,1,1
14019,809221.5,636447.5,0.0,0.0,1,1
14020,809221.5,636447.5,0.0,0.0,1,1
14021,809221.5,636447.5,0.0,0.0,1,1
14022,809221.5,636447.5,0.0,0.0,1,1
14023,809221.5,636447.5,0.0,0.0,1,1
14024,809221.5,636447.5,0.0,0.0,1,1
14025,809221.5,636447.5,0.0,0.0,1,1
14026,809221.5,636447.5,0.0,0.0,1,1
14027,809221.5,636447.5,0.0,0.0,1,1
14028,809221.5,636447.5,0.0,0.0,1,1
14029,809221.5,636447.5,0.0,0.0,1,1
14030,809221.5,636447.5,0.0,0.0,1,1
14031,809221.5,636447.5,0.0,0.0,1,1
14032,808522.5,636447.5,0.0,0.0,1,1
14033,808467.0,636447.5,0.0,0.0,1,1
14034,808467.0,636447.5,0.0,0.0,1,1
14035,808467.0,636447.5,0.0,0.0,1,1
14036,808467.0,636447.5,0.0,0.0,1,1
14037,808467.0,636447.5,0.0,0.0,1,1
14038,808467.0,636447.5,0.0,0.0,1,1
14039,808467.0,636447.5,0.0,0.0,1,1
14040,808467.0,636447.5,0.0,0.0,1,1
14041,808467.0,636447.5,0.0,0.0,1,1
14042,808467.0,636447.5,0.0,0.0,1,1
14043,808467.0,636447.5,0.0,0.0,1,1
14044,808467.0,636447.5,0.0,0.0,1,1
14045,808467.0,636447.5,0.0,0.0,1,1
14046,808467.0,636447.5,0.0,0.0,1,1
14047,808467.0,636447.5,0.0,0.0,1,1
14048,808994.0,636447.5,0.0,0.0,1,1
14049,808994.0,636447.5,0.0,0.0,1,1
14050,808994.0,636447.5,0.0,0.0,1,1
14051,808994.0,636447.5,0.0,0.0,1,1
14052,808994.0,636447.5,0.0,0.0,1,1
14053,808994.0,636447.5,0.0,0.0,1,1
14054,808994.0,636447.5,0.0,0.0,1,1
14055,808994.0,636447.5,0.0,0.0,1,1
14056,808994.0,636447.5,0.0,0.0,1,1
14057,808776.0,636447.5,0.0,0.0,1,1
14058,808776.0,636447.5,0.0,0.0,1,1
14059,808776.0,636447.5,0.0,0.0,1,1
14060,808988.5,636447.5,0.0,0.0,1,1
14061,808988.5,636447.5,0.0,0.0,1,1
14062,808988.5,636447.5,0.0,0.0,1,1
14063,808988.5,636447.5,0.0,0.0,1,1
14064,808988.5,636447.5,0.0,0.0,1,1
14065,808988.5,636447.5,0.0,0.0,1,1
14066,808988.5,636447.5,0.0,0.0,1,1
14067,808988.5,636447.5,0.0,0.0,1,1
14068,808988.5,636447.5,0.0,0.0,1,1
14069,808988.5,636447.5,0.0,0.0,1,1
14070,808988.5,636447.5,0.0,0.0,1,1
14071,808988.5,636447.5,0.0,0.0,1,1
14072,808988.5,636447.5,0.0,0.0,1,1
14073,808988.5,636447.5,0.0,0.0,1,1
14074,808988.5,636447.5,0.0,0.0,1,1
14075,808988.5,636447.5,0.0,0.0,1,1
14076,808988.5,636447.5,0.0,0.0,1,1
14077,808988.5,636447.5,0.0,0.0,1,1
14078,808988.5,636447.5,0.0,0.0,1,1
14079,808988.5,636447.5,0.0,0.0,1,1
14080,808988.5,636447.5,0.0,0.0,1,1
14081,808988.5,636447.5,0.0,0.0,1,1
14082,808988.5,636447.5,0.0,0.0,1,1
14083,808988.5,636447.5,0.0,0.0,1,1
14084,808988.5,636447.5,0.0,0.0,1,1
14085,808988.5,636447.5,0.0,0.0,1,1
14086,808988.5,636447.5,0.0,0.0,1,1
14087,808988.5,636447.5,0.0,0.0,1,1
14088,808988.5,636447.5,0.0,0.0,1,1
14089,808988.5,636447.5,0.0,0.0,1,1
14090,808988.5,636447.5,0.0,0.0,1,1
14091,808988.5,636447.5,0.0,0.0,1,1
14092,808988.5,636447.5,0.0,0.0,1,1
14093,808988.5,636447.5,0.0,0.0,1,1
14094,808932.5,636447.5,0.0,0.0,1,1
14095,808932.5,636447.5,0.0,0.0,1,1
14096,808932.5,636447.5,0.0,0.0,1,1
14097,808932.5,636447.5,0.0,0.0,1,1
14098,808932.5,636447.5,0.0,0.0,1,1
14099,808932.5,636447.5,0.0,0.0,1,1
14100,808932.5,636447.5,0.0,0.0,1,1
14101,808932.5,636447.5,0.0,0.0,1,1
14102,808795.5,636447.5,0.0,0.0,1,1
14103,808795.5,636447.5,0.0,0.0,1,1
14104,808795.5,636447.5,0.0,0.0,1,1
14105,808795.5,636447.5,0.0,0.0,1,1
14106,808795.5,636447.5,0.0,0.0,1,1
14107,808795.5,636447.5,0.0,0.0,1,1
14108,808795.5,636447.5,0.0,0.0,1,1
14109,808795.5,636447.5,0.0,0.0,1,1
14110,808795.5,636447.5,0.0,0.0,1,1
14111,805956.0,636447.5,0.0,0.0,1,1
14112,805956.0,636447.5,0.0,0.0,1,1
14113,805956.0,636447.5,0.0,0.0,1,1
14114,805956.0,636447.5,0.0,0.0,1,1
14115,805956.0,636447.5,0.0,0.0,1,1
14116,805956.0,636447.5,0.0,0.0,1,1
14117,805956.0,636447.5,0.0,0.0,1,1
14118,805956.0,636447.5,0.0,0.0,1,1
14119,805956.0,636447.5,0.0,0.0,1,1
14120,805796.0,636447.5,0.0,0.0,1,1
14121,805796.0,636447.5,0.0,0.0,1,1
14122,805750.5,636447.5,0.0,0.0,1,1
14123,805750.5,636447.5,0.0,0.0,1,1
14124,805750.5,636447.5,0.0,0.0,1,1
14125,805750.5,636447.5,0.0,0.0,1,1
14126,805750.5,636447.5,0.0,0.0,1,1
14127,805750.5,636447.5,0.0,0.0,1,1
14128,805750.5,636447.5,0.0,0.0,1,1
14129,805750.5,636447.5,0.0,0.0,1,1
14130,805750.5,636447.5,0.0,0.0,1,1
14131,805750.5,636447.5,0.0,0.0,1,1
14132,805750.5,636447.5,0.0,0.0,1,1
14133,805750.5,636447.5,0.0,0.0,1,1
14134,805750.5,636447.5,0.0,0.0,1,1
14135,805750.5,636447.5,0.0,0.0,1,1
14136,805750.5,636447.5,0.0,0.0,1,1
14137,805750.5,636447.5,0.0,0.0,1,1
14138,805750.5,636447.5,0.0,0.0,1,1
14139,805750.5,636447.5,0.0,0.0,1,1
14140,805750.5,636447.5,0.0,0.0,1,1
14141,805750.5,636447.5,0.0,0.0,1,1
14142,805750.5,636447.5,0.0,0.0,1,1
14143,805750.5,636447.5,0.0,0.0,1,1
14144,805750.5,636447.5,0.0,0.0,1,1
14145,805750.5,636447.5,0.0,0.0,1,1
14146,805750.5,636447.5,0.0,0.0,1,1
14147,805750.5,636447.5,0.0,0.0,1,1
14148,805750.5,636447.5,0.0,0.0,1,1
14149,805750.5,636447.5,0.0,0.0,1,1
14150,805750.5,636447.5,0.0,0.0,1,1
14151,805750.5,636447.5,0.0,0.0,1,1
14152,805750.5,636447.5,0.0,0.0,1,1
14153,805750.5,636447.5,0.0,0.0,1,1
14154,805794.5,636447.5,0.0,0.0,1,1
14155,805794.5,636447.5,0.0,0.0,1,1
14156,805794.5,636447.5,0.0,0.0,1,1
14157,805794.5,636447.5,0.0,0.0,1,1
14158,805794.5,636447.5,0.0,0.0,1,1
14159,805731.0,636447.5,0.0,0.0,1,1
14160,805731.0,636447.5,0.0,0.0,1,1
14161,805731.0,636447.5,0.0,0.0,1,1
14162,805731.0,636447.5,0.0,0.0,1,1
14163,805731.0,636447.5,0.0,0.0,1,1
14164,805731.0,636447.5,0.0,0.0,1,1
14165,805731.0,636447.5,0.0,0.0,1,1
14166,805731.0,636447.5,0.0,0.0,1,1
14167,805731.0,636447.5,0.0,0.0,1,1
14168,805731.0,636447.5,0.0,0.0,1,1
14169,805731.0,636447.5,0.0,0.0,1,1
14170,805731.0,636447.5,0.0,0.0,1,1
14171,805731.0,636447.5,0.0,0.0,1,1
14172,805766.0,636447.5,0.0,0.0,1,1
14173,805766.0,636447.5,0.0,0.0,1,1
14174,805766.0,636447.5,0.0,0.0,1,1
14175,805766.0,636447.5,0.0,0.0,1,1
14176,805766.0,636447.5,0.0,0.0,1,1
14177,805766.0,636447.5,0.0,0.0,1,1
14178,805766.0,636447.5,0.0,0.0,1,1
14179,805766.0,636447.5,0.0,0.0,1,1
14180,805766.0,636447.5,0.0,0.0,1,1
14181,805766.0,636447.5,0.0,0.0,1,1
14182,805766.0,636447.5,0.0,0.0,1,1
14183,805766.0,636447.5,0.0,0.0,1,1
14184,805766.0,636447.5,0.0,0.0,1,1
14185,805766.0,636447.5,0.0,0.0,1,1
14186,805766.0,636447.5,0.0,0.0,1,1
14187,805766.0,636447.5,0.0,0.0,1,1
14188,805766.0,636447.5,0.0,0.0,1,1
14189,802689.5,636447.5,0.0,0.0,1,1
14190,802689.5,636447.5,0.0,0.0,1,1
14191,802689.5,636447.5,0.0,0.0,1,1
14192,802689.5,636447.5,0.0,0.0,1,1
14193,802689.5,636447.5,0.0,0.0,1,1
14194,802689.5,636447.5,0.0,0.0,1,1
14195,802689.5,636447.5,0.0,0.0,1,1
14196,802689.5,636447.5,0.0,0.0,1,1
14197,802812.0,636447.5,0.0,0.0,1,1
14198,802812.0,636447.5,0.0,0.0,1,1
14199,802812.0,636447.5,0.0,0.0,1,1
14200,802812.0,636447.5,0.0,0.0,1,1
14201,802812.0,636447.5,0.0,0.0,1,1
14202,802812.0,636447.5,0.0,0.0,1,1
14203,802812.0,636447.5,0.0,0.0,1,1
14204,802812.0,636447.5,0.0,0.0,1,1
14205,804072.0,636447.5,0.0,0.0,1,1
14206,804072.0,636447.5,0.0,0.0,1,1
14207,804072.0,636447.5,0.0,0.0,1,1
14208,804072.0,636447.5,0.0,0.0,1,1
14209,804072.0,636447.5,0.0,0.0,1,1
14210,804072.0,636447.5,0.0,0.0,1,1
14211,804072.0,636447.5,0.0,0.0,1,1
14212,804072.0,636447.5,0.0,0.0,1,1
14213,804072.0,636447.5,0.0,0.0,1,1
14214,804072.0,636447.5,0.0,0.0,1,1
14215,804072.0,636447.5,0.0,0.0,1,1
14216,804072.0,636447.5,0.0,0.0,1,1
14217,804072.0,636447.5,0.0,0.0,1,1
14218,804072.0,636447.5,0.0,0.0,1,1
14219,804072.0,636447.5,0.0,0.0,1,1
14220,804072.0,636447.5,0.0,0.0,1,1
14221,804072.0,636447.5,0.0,0.0,1,1
14222,804072.0,636447.5,0.0,0.0,1,1
14223,804072.0,636447.5,0.0,0.0,1,1
14224,803773.0,636447.5,0.0,0.0,1,1
14225,803773.0,636447.5,0.0,0.0,1,1
14226,803773.0,636447.5,0.0,0.0,1,1
14227,803773.0,636447.5,0.0,0.0,1,1
14228,803773.0,636447.5,0.0,0.0,1,1
14229,803773.0,636447.5,0.0,0.0,1,1
14230,803773.0,636447.5,0.0,0.0,1,1
14231,806034.5,636447.5,0.0,0.0,1,1
14232,806034.5,636447.5,0.0,0.0,1,1
14233,806034.5,636447.5,0.0,0.0,1,1
14234,806034.5,636447.5,0.0,0.0,1,1
14235,806034.5,636447.5,0.0,0.0,1,1
14236,806034.5,636447.5,0.0,0.0,1,1
14237,806034.5,636447.5,0.0,0.0,1,1
14238,806034.5,636447.5,0.0,0.0,1,1
14239,806034.5,636447.5,0.0,0.0,1,1
14240,806034.5,636447.5,0.0,0.0,1,1
14241,806034.5,636447.5,0.0,0.0,1,1
14242,806034.5,636447.5,0.0,0.0,1,1
14243,806034.5,636447.5,0.0,0.0,1,1
14244,806034.5,636447.5,0.0,0.0,1,1
14245,806034.5,636447.5,0.0,0.0,1,1
14246,806034.5,636447.5,0.0,0.0,1,1
14247,806034.5,636447.5,0.0,0.0,1,1
14248,806034.5,636447.5,0.0,0.0,1,1
14249,806034.5,636447.5,0.0,0.0,1,1
14250,806034.5,636447.5,0.0,0.0,1,1
14251,806034.5,636447.5,0.0,0.0,1,1
14252,806034.5,636447.5,0.0,0.0,1,1
14253,806034.5,636447.5,0.0,0.0,1,1
14254,806034.5,636447.5,0.0,0.0,1,1
14255,806034.5,636447.5,0.0,0.0,1,1
14256,806034.5,636447.5,0.0,0.0,1,1
14257,806034.5,636447.5,0.0,0.0,1,1
14258,806034.5,636447.5,0.0,0.0,1,1
14259,806034.5,636447.5,0.0,0.0,1,1
14260,806034.5,636447.5,0.0,0.0,1,1
14261,806034.5,636447.5,0.0,0.0,1,1
14262,806034.5,636447.5,0.0,0.0,1,1
14263,806034.5,636447.5,0.0,0.0,1,1
14264,806034.5,636447.5,0.0,0.0,1,1
14265,806034.5,636447.5,0.0,0.0,1,1
14266,806034.5,636447.5,0.0,0.0,1,1
14267,806034.5,636447.5,0.0,0.0,1,1
14268,806034.5,636447.5,0.0,0.0,1,1
14269,806034.5,636447.5,0.0,0.0,1,1
14270,806034.5,636447.5,0.0,0.0,1,1
14271,806034.5,636447.5,0.0,0.0,1,1
14272,806034.5,636447.5,0.0,0.0,1,1
14273,806034.5,636447.5,0.0,0.0,1,1
14274,806034.5,636447.5,0.0,0.0,1,1
14275,806034.5,636447.5,0.0,0.0,1,1
14276,806034.5,636447.5,0.0,0.0,1,1
14277,806034.5,636447.5,0.0,0.0,1,1
14278,806034.5,636447.5,0.0,0.0,1,1
14279,806034.5,636447.5,0.0,0.0,1,1
14280,806034.5,636447.5,0.0,0.0,1,1
14281,806034.5,636447.5,0.0,0.0,1,1
14282,806034.5,636447.5,0.0,0.0,1,1
14283,806034.5,636447.5,0.0,0.0,1,1
14284,806034.5,636447.5,0.0,0.0,1,1
14285,806034.5,636447.5,0.0,0.0,1,1
14286,806034.5,636447.5,0.0,0.0,1,1
14287,806034.5,636447.5,0.0,0.0,1,1
14288,806034.5,636447.5,0.0,0.0,1,1
14289,806034.5,636447.5,0.0,0.0,1,1
14290,806034.5,636447.5,0.0,0.0,1,1
14291,806034.5,636447.5,0.0,0.0,1,1
14292,806034.5,636447.5,0.0,0.0,1,1
14293,806034.5,636447.5,0.0,0.0,1,1
14294,806034.5,636447.5,0.0,0.0,1,1
14295,806034.5,636447.5,0.0,0.0,1,1
14296,806034.5,636447.5,0.0,0.0,1,1
14297,806034.5,636447.5,0.0,0.0,1,1
14298,806034.5,636447.5,0.0,0.0,1,1
14299,806034.5,636447.5,0.0,0.0,1,1
14300,806034.5,636447.5,0.0,0.0,1,1
14301,806034.5,636447.5,0.0,0.0,1,1
14302,806034.5,636447.5,0.0,0.0,1,1
14303,806034.5,636447.5,0.0,0.0,1,1
14304,806034.5,636447.5,0.0,0.0,1,1
14305,806034.5,636447.5,0.0,0.0,1,1
14306,806034.5,636447.5,0.0,0.0,1,1
14307,806034.5,636447.5,0.0,0.0,1,1
14308,806034.5,636447.5,0.0,0.0,1,1
14309,806034.5,636447.5,0.0,0.0,1,1
14310,806034.5,636447.5,0.0,0.0,1,1
14311,806034.5,636447.5,0.0,0.0,1,1
14312,806034.5,636447.5,0.0,0.0,1,1
14313,806034.5,636447.5,0.0,0.0,1,1
14314,806034.5,636447.5,0.0,0.0,1,1
14315,806034.5,636447.5,0.0,0.0,1,1
14316,806034.5,636447.5,0.0,0.0,1,1
14317,806034.5,636447.5,0.0,0.0,1,1
14318,806034.5,636447.5,0.0,0.0,1,1
14319,806034.5,636447.5,0.0,0.0,1,1
14320,806034.5,636447.5,0.0,0.0,1,1
14321,806034.5,636447.5,0.0,0.0,1,1
14322,806034.5,636447.5,0.0,0.0,1,1
14323,806034.5,636447.5,0.0,0.0,1,1
14324,806034.5,636447.5,0.0,0.0,1,1
14325,806034.5,636447.5,0.0,0.0,1,1
14326,806034.5,636447.5,0.0,0.0,1,1
14327,806034.5,636447.5,0.0,0.0,1,1
14328,806034.5,636447.5,0.0,0.0,1,1
14329,806034.5,636447.5,0.0,0.0,1,1
14330,806034.5,636447.5,0.0,0.0,1,1
14331,806034.5,636447.5,0.0,0.0,1,1
14332,806034.5,636447.5,0.0,0.0,1,1
14333,806034.5,636447.5,0.0,0.0,1,1
14334,806034.5,636447.5,0.0,0.0,1,1
14335,806034.5,636447.5,0.0,0.0,1,1
14336,806034.5,636447.5,0.0,0.0,1,1
14337,806034.5,636447.5,0.0,0.0,1,1
14338,806034.5,636447.5,0.0,0.0,1,1
14339,806034.5,636447.5,0.0,0.0,1,1
14340,806034.5,636447.5,0.0,0.0,1,1
14341,806034.5,636447.5,0.0,0.0,1,1
14342,806034.5,636447.5,0.0,0.0,1,1
14343,806034.5,636447.5,0.0,0.0,1,1
14344,806034.5,636447.5,0.0,0.0,1,1
14345,806034.5,636447.5,0.0,0.0,1,1
14346,806034.5,636447.5,0.0,0.0,1,1
14347,806034.5,636447.5,0.0,0.0,1,1
14348,806034.5,636447.5,0.0,0.0,1,1
14349,806034.5,636447.5,0.0,0.0,1,1
14350,806121.5,636447.5,0.0,0.0,1,1
14351,806121.5,636447.5,0.0,0.0,1,1
14352,806121.5,636447.5,0.0,0.0,1,1
14353,806121.5,636447.5,0.0,0.0,1,1
14354,806121.5,636447.5,0.0,0.0,1,1
14355,806121.5,636447.5,0.0,0.0,1,1
14356,806121.5,636447.5,0.0,0.0,1,1
14357,806121.5,636447.5,0.0,0.0,1,1
14358,806121.5,636447.5,0.0,0.0,1,1
14359,806121.5,636447.5,0.0,0.0,1,1
14360,806121.5,636447.5,0.0,0.0,1,1
14361,806121.5,636447.5,0.0,0.0,1,1
14362,806121.5,636447.5,0.0,0.0,1,1
14363,806121.5,636447.5,0.0,0.0,1,1
14364,806121.5,636447.5,0.0,0.0,1,1
14365,806121.5,636447.5,0.0,0.0,1,1
14366,806121.5,636447.5,0.0,0.0,1,1
14367,806121.5,636447.5,0.0,0.0,1,1
14368,806121.5,636447.5,0.0,0.0,1,1
14369,806121.5,636447.5,0.0,0.0,1,1
14370,806121.5,636447.5,0.0,0.0,1,1
14371,806121.5,636447.5,0.0,0.0,1,1
14372,806121.5,636447.5,0.0,0.0,1,1
14373,806121.5,636447.5,0.0,0.0,1,1
14374,806121.5,636447.5,0.0,0.0,1,1
14375,806121.5,636447.5,0.0,0.0,1,1
14376,806121.5,636447.5,0.0,0.0,1,1
14377,806121.5,636447.5,0.0,0.0,1,1
14378,806121.5,636447.5,0.0,0.0,1,1
14379,806121.5,636447.5,0.0,0.0,1,1
14380,806121.5,636447.5,0.0,0.0,1,1
14381,806121.5,636447.5,0.0,0.0,1,1
14382,804846.0,636447.5,0.0,0.0,1,1
14383,804846.0,636447.5,0.0,0.0,1,1
14384,804706.0,636447.5,0.0,0.0,1,1
14385,804706.0,636447.5,0.0,0.0,1,1
14386,804706.0,636447.5,0.0,0.0,1,1
14387,804706.0,636447.5,0.0,0.0,1,1
14388,804706.0,636447.5,0.0,0.0,1,1
14389,804706.0,636447.5,0.0,0.0,1,1
14390,804706.0,636447.5,0.0,0.0,1,1
14391,804706.0,636447.5,0.0,0.0,1,1
14392,804582.5,636447.5,0.0,0.0,1,1
14393,804582.5,636447.5,0.0,0.0,1,1
14394,804582.5,636447.5,0.0,0.0,1,1
14395,804582.5,636447.5,0.0,0.0,1,1
14396,804582.5,636447.5,0.0,0.0,1,1
14397,804582.5,636447.5,0.0,0.0,1,1
14398,804582.5,636447.5,0.0,0.0,1,1
14399,804582.5,636447.5,0.0,0.0,1,1
14400,804582.5,636447.5,0.0,0.0,1,1
14401,804582.5,636447.5,0.0,0.0,1,1
14402,804582.5,636447.5,0.0,0.0,1,1
14403,804582.5,636447.5,0.0,0.0,1,1
14404,804582.5,636447.5,0.0,0.0,1,1
14405,804582.5,636447.5,0.0,0.0,1,1
14406,804582.5,636447.5,0.0,0.0,1,1
14407,804582.5,636447.5,0.0,0.0,1,1
14408,804582.5,636447.5,0.0,0.0,1,1
14409,804582.5,636447.5,0.0,0.0,1,1
14410,804582.5,636447.5,0.0,0.0,1,1
14411,804582.5,636447.5,0.0,0.0,1,1
14412,804582.5,636447.5,0.0,0.0,1,1
14413,804582.5,636447.5,0.0,0.0,1,1
14414,804582.5,636447.5,0.0,0.0,1,1
14415,804608.5,636447.5,0.0,0.0,1,1
14416,804608.5,636447.5,0.0,0.0,1,1
14417,804608.5,636447.5,0.0,0.0,1,1
14418,804161.5,636447.5,0.0,0.0,1,1
14419,804161.5,636447.5,0.0,0.0,1,1
14420,804161.5,636447.5,0.0,0.0,1,1
14421,804161.5,636447.5,0.0,0.0,1,1
14422,804161.5,636447.5,0.0,0.0,1,1
14423,804161.5,636447.5,0.0,0.0,1,1
14424,804161.5,636447.5,0.0,0.0,1,1
14425,804161.5,636447.5,0.0,0.0,1,1
14426,804161.5,636447.5,0.0,0.0,1,1
14427,804161.5,636447.5,0.0,0.0,1,1
14428,804161.5,636447.5,0.0,0.0,1,1
14429,804161.5,636447.5,0.0,0.0,1,1
14430,804161.5,636447.5,0.0,0.0,1,1
14431,804161.5,636447.5,0.0,0.0,1,1
14432,804161.5,636447.5,0.0,0.0,1,1
14433,804161.5,636447.5,0.0,0.0,1,1
14434,804363.5,636447.5,0.0,0.0,1,1
14435,804363.5,636447.5,0.0,0.0,1,1
14436,804363.5,636447.5,0.0,0.0,1,1
14437,804363.5,636447.5,0.0,0.0,1,1
14438,804363.5,636447.5,0.0,0.0,1,1
14439,804363.5,636447.5,0.0,0.0,1,1
14440,804363.5,636447.5,0.0,0.0,1,1
14441,804842.5,636447.5,0.0,0.0,1,1
14442,804842.5,636447.5,0.0,0.0,1,1
14443,804842.5,636447.5,0.0,0.0,1,1
14444,804842.5,636447.5,0.0,0.0,1,1
14445,804842.5,636447.5,0.0,0.0,1,1
14446,804842.5,636447.5,0.0,0.0,1,1
14447,804842.5,636447.5,0.0,0.0,1,1
14448,804842.5,636447.5,0.0,0.0,1,1
14449,804842.5,636447.5,0.0,0.0,1,1
14450,804842.5,636447.5,0.0,0.0,1,1
14451,804842.5,636447.5,0.0,0.0,1,1
14452,804842.5,636447.5,0.0,0.0,1,1
14453,805224.5,636447.5,0.0,0.0,1,1
14454,805224.5,636447.5,0.0,0.0,1,1
14455,805224.5,636447.5,0.0,0.0,1,1
14456,805224.5,636447.5,0.0,0.0,1,1
14457,805224.5,636447.5,0.0,0.0,1,1
14458,805224.5,636447.5,0.0,0.0,1,1
14459,805224.5,636447.5,0.0,0.0,1,1
14460,805224.5,636447.5,0.0,0.0,1,1
14461,805224.5,636447.5,0.0,0.0,1,1
14462,805224.5,636447.5,0.0,0.0,1,1
14463,805224.5,636447.5,0.0,0.0,1,1
14464,805339.5,636447.5,0.0,0.0,1,1
14465,805339.5,636447.5,0.0,0.0,1,1
14466,805339.5,636447.5,0.0,0.0,1,1
14467,805339.5,636447.5,0.0,0.0,1,1
14468,805339.5,636447.5,0.0,0.0,1,1
14469,805339.5,636447.5,0.0,0.0,1,1
14470,805376.5,636447.5,0.0,0.0,1,1
14471,805376.5,636447.5,0.0,0.0,1,1
14472,805376.5,636447.5,0.0,0.0,1,1
14473,805376.5,636447.5,0.0,0.0,1,1
14474,805376.5,636447.5,0.0,0.0,1,1
14475,805376.5,636447.5,0.0,0.0,1,1
14476,805376.5,636447.5,0.0,0.0,1,1
14477,805376.5,636447.5,0.0,0.0,1,1
14478,805376.5,636447.5,0.0,0.0,1,1
14479,805376.5,636447.5,0.0,0.0,1,1
14480,805376.5,636447.5,0.0,0.0,1,1
14481,805376.5,636447.5,0.0,0.0,1,1
14482,805376.5,636447.5,0.0,0.0,1,1
14483,805376.5,636447.5,0.0,0.0,1,1
14484,805376.5,636447.5,0.0,0.0,1,1
14485,805376.5,636447.5,0.0,0.0,1,1
14486,805376.5,636447.5,0.0,0.0,1,1
14487,805376.5,636447.5,0.0,0.0,1,1
14488,805376.5,636447.5,0.0,0.0,1,1
14489,805376.5,636447.5,0.0,0.0,1,1
14490,805376.5,636447.5,0.0,0.0,1,1
14491,805376.5,636447.5,0.0,0.0,1,1
14492,805317.5,636447.5,0.0,0.0,1,1
14493,805317.5,636447.5,0.0,0.0,1,1
14494,805317.5,636447.5,0.0,0.0,1,1
14495,805317.5,636447.5,0.0,0.0,1,1
14496,805317.5,636447.5,0.0,0.0,1,1
14497,805317.5,636447.5,0.0,0.0,1,1
14498,805317.5,636447.5,0.0,0.0,1,1
14499,805317.5,636447.5,0.0,0.0,1,1
14500,805317.5,636447.5,0.0,0.0,1,1
14501,805317.5,636447.5,0.0,0.0,1,1
14502,805317.5,636447.5,0.0,0.0,1,1
14503,805317.5,636447.5,0.0,0.0,1,1
14504,805317.5,636447.5,0.0,0.0,1,1
14505,805317.5,636447.5,0.0,0.0,1,1
14506,805317.5,636447.5,0.0,0.0,1,1
14507,805317.5,636447.5,0.0,0.0,1,1
14508,805317.5,636447.5,0.0,0.0,1,1
14509,804524.0,636447.5,0.0,0.0,1,1
14510,804524.0,636447.5,0.0,0.0,1,1
14511,804812.5,636447.5,0.0,0.0,1,1
14512,804812.5,636447.5,0.0,0.0,1,1
14513,804812.5,636447.5,0.0,0.0,1,1
14514,804812.5,636447.5,0.0,0.0,1,1
14515,804812.5,636447.5,0.0,0.0,1,1
14516,804812.5,636447.5,0.0,0.0,1,1
14517,804812.5,636447.5,0.0,0.0,1,1
14518,804812.5,636447.5,0.0,0.0,1,1
14519,804812.5,636447.5,0.0,0.0,1,1
14520,804812.5,636447.5,0.0,0.0,1,1
14521,804812.5,636447.5,0.0,0.0,1,1
14522,804812.5,636447.5,0.0,0.0,1,1
14523,804812.5,636447.5,0.0,0.0,1,1
14524,804812.5,636447.5,0.0,0.0,1,1
14525,804812.5,636447.5,0.0,0.0,1,1
14526,804812.5,636447.5,0.0,0.0,1,1
14527,804812.5,636447.5,0.0,0.0,1,1
14528,804812.5,636447.5,0.0,0.0,1,1
14529,804812.5,636447.5,0.0,0.0,1,1
14530,804812.5,636447.5,0.0,0.0,1,1
14531,804812.5,636447.5,0.0,0.0,1,1
14532,804812.5,636447.5,0.0,0.0,1,1
14533,804812.5,636447.5,0.0,0.0,1,1
14534,804812.5,636447.5,0.0,0.0,1,1
14535,804812.5,636447.5,0.0,0.0,1,1
14536,804812.5,636447.5,0.0,0.0,1,1
14537,804812.5,636447.5,0.0,0.0,1,1
14538,804812.5,636447.5,0.0,0.0,1,1
14539,804812.5,636447.5,0.0,0.0,1,1
14540,804812.5,636447.5,0.0,0.0,1,1
14541,804812.5,636447.5,0.0,0.0,1,1
14542,804812.5,636447.5,0.0,0.0,1,1
14543,804812.5,636447.5,0.0,0.0,1,1
14544,804812.5,636447.5,0.0,0.0,1,1
14545,804812.5,636447.5,0.0,0.0,1,1
14546,804812.5,636447.5,0.0,0.0,1,1
14547,804614.5,636447.5,0.0,0.0,1,1
14548,804614.5,636447.5,0.0,0.0,1,1
14549,804614.5,636447.5,0.0,0.0,1,1
14550,804614.5,636447.5,0.0,0.0,1,1
14551,804614.5,636447.5,0.0,0.0,1,1
14552,804614.5,636447.5,0.0,0.0,1,1
14553,804614.5,636447.5,0.0,0.0,1,1
14554,804614.5,636447.5,0.0,0.0,1,1
14555,804614.5,636447.5,0.0,0.0,1,1
14556,805576.0,636447.5,0.0,0.0,1,1
14557,805576.0,636447.5,0.0,0.0,1,1
14558,805576.0,636447.5,0.0,0.0,1,1
14559,805576.0,636447.5,0.0,0.0,1,1
14560,805576.0,636447.5,0.0,0.0,1,1
14561,805576.0,636447.5,0.0,0.0,1,1
14562,805576.0,636447.5,0.0,0.0,1,1
14563,805576.0,636447.5,0.0,0.0,1,1
14564,805576.0,636447.5,0.0,0.0,1,1
14565,804645.5,636447.5,0.0,0.0,1,1
14566,804645.5,636447.5,0.0,0.0,1,1
14567,804645.5,636447.5,0.0,0.0,1,1
14568,804645.5,636447.5,0.0,0.0,1,1
14569,804645.5,636447.5,0.0,0.0,1,1
14570,804645.5,636447.5,0.0,0.0,1,1
14571,804645.5,636447.5,0.0,0.0,1,1
14572,804645.5,636447.5,0.0,0.0,1,1
14573,804645.5,636447.5,0.0,0.0,1,1
14574,804645.5,636447.5,0.0,0.0,1,1
14575,804645.5,636447.5,0.0,0.0,1,1
14576,804645.5,636447.5,0.0,0.0,1,1
14577,804645.5,636447.5,0.0,0.0,1,1
14578,804645.5,636447.5,0.0,0.0,1,1
14579,804645.5,636447.5,0.0,0.0,1,1
14580,804645.5,636447.5,0.0,0.0,1,1
14581,804645.5,636447.5,0.0,0.0,1,1
14582,804645.5,636447.5,0.0,0.0,1,1
14583,804645.5,636447.5,0.0,0.0,1,1
14584,804645.5,636447.5,0.0,0.0,1,1
14585,804645.5,636447.5,0.0,0.0,1,1
14586,804645.5,636447.5,0.0,0.0,1,1
14587,804645.5,636447.5,0.0,0.0,1,1
14588,804645.5,636447.5,0.0,0.0,1,1
14589,804645.5,636447.5,0.0,0.0,1,1
14590,804645.5,636447.5,0.0,0.0,1,1
14591,804645.5,636447.5,0.0,0.0,1,1
14592,804694.0,636447.5,0.0,0.0,1,1
14593,804694.0,636447.5,0.0,0.0,1,1
14594,804694.0,636447.5,0.0,0.0,1,1
14595,804694.0,636447.5,0.0,0.0,1,1
14596,804694.0,636447.5,0.0,0.0,1,1
14597,804694.0,636447.5,0.0,0.0,1,1
14598,804694.0,636447.5,0.0,0.0,1,1
14599,804694.0,636447.5,0.0,0.0,1,1
14600,804546.0,636447.5,0.0,0.0,1,1
14601,804546.0,636447.5,0.0,0.0,1,1
14602,804546.0,636447.5,0.0,0.0,1,1
14603,804546.0,636447.5,0.0,0.0,1,1
14604,804546.0,636447.5,0.0,0.0,1,1
14605,804546.0,636447.5,0.0,0.0,1,1
14606,804546.0,636447.5,0.0,0.0,1,1
14607,804546.0,636447.5,0.0,0.0,1,1
14608,804546.0,636447.5,0.0,0.0,1,1
14609,804546.0,636447.5,0.0,0.0,1,1
14610,804546.0,636447.5,0.0,0.0,1,1
14611,804546.0,636447.5,0.0,0.0,1,1
14612,804546.0,636447.5,0.0,0.0,1,1
14613,804546.0,636447.5,0.0,0.0,1,1
14614,804345.5,636447.5,0.0,0.0,1,1
14615,804345.5,636447.5,0.0,0.0,1,1
14616,804345.5,636447.5,0.0,0.0,1,1
14617,804244.0,636447.5,0.0,0.0,1,1
14618,804244.0,636447.5,0.0,0.0,1,1
14619,804244.0,636447.5,0.0,0.0,1,1
14620,804244.0,636447.5,0.0,0.0,1,1
14621,804244.0,636447.5,0.0,0.0,1,1
14622,804244.0,636447.5,0.0,0.0,1,1
14623,804244.0,636447.5,0.0,0.0,1,1
14624,804244.0,636447.5,0.0,0.0,1,1
14625,804244.0,636447.5,0.0,0.0,1,1
14626,804244.0,636447.5,0.0,0.0,1,1
14627,804244.0,636447.5,0.0,0.0,1,1
14628,804244.0,636447.5,0.0,0.0,1,1
14629,804244.0,636447.5,0.0,0.0,1,1
14630,804244.0,636447.5,0.0,0.0,1,1
14631,804244.0,636447.5,0.0,0.0,1,1
14632,804244.0,636447.5,0.0,0.0,1,1
14633,804244.0,636447.5,0.0,0.0,1,1
14634,804244.0,636447.5,0.0,0.0,1,1
14635,804234.0,636447.5,0.0,0.0,1,1
14636,804234.0,636447.5,0.0,0.0,1,1
14637,804234.0,636447.5,0.0,0.0,1,1
14638,804234.0,636447.5,0.0,0.0,1,1
14639,804234.0,636447.5,0.0,0.0,1,1
14640,804234.0,636447.5,0.0,0.0,1,1
14641,803489.0,636447.5,0.0,0.0,1,1
14642,803489.0,636447.5,0.0,0.0,1,1
14643,803489.0,636447.5,0.0,0.0,1,1
14644,803489.0,636447.5,0.0,0.0,1,1
14645,803489.0,636447.5,0.0,0.0,1,1
14646,803613.0,636447.5,0.0,0.0,1,1
14647,803613.0,636447.5,0.0,0.0,1,1
14648,803613.0,636447.5,0.0,0.0,1,1
14649,803613.0,636447.5,0.0,0.0,1,1
14650,803613.0,636447.5,0.0,0.0,1,1
14651,803613.0,636447.5,0.0,0.0,1,1
14652,803613.0,636447.5,0.0,0.0,1,1
14653,803613.0,636447.5,0.0,0.0,1,1
14654,804053.0,636447.5,0.0,0.0,1,1
14655,804053.0,636447.5,0.0,0.0,1,1
14656,804053.0,636447.5,0.0,0.0,1,1
14657,804053.0,636447.5,0.0,0.0,1,1
14658,804053.0,636447.5,0.0,0.0,1,1
14659,804053.0,636447.5,0.0,0.0,1,1
14660,804053.0,636447.5,0.0,0.0,1,1
14661,804053.0,636447.5,0.0,0.0,1,1
14662,804053.0,636447.5,0.0,0.0,1,1
14663,804053.0,636447.5,0.0,0.0,1,1
14664,804053.0,636447.5,0.0,0.0,1,1
14665,804053.0,636447.5,0.0,0.0,1,1
14666,804053.0,636447.5,0.0,0.0,1,1
14667,804053.0,636447.5,0.0,0.0,1,1
14668,804053.0,636447.5,0.0,0.0,1,1
14669,804053.0,636447.5,0.0,0.0,1,1
14670,804053.0,636447.5,0.0,0.0,1,1
14671,804211.5,636447.5,0.0,0.0,1,1
14672,804211.5,636447.5,0.0,0.0,1,1
14673,804211.5,636447.5,0.0,0.0,1,1
14674,804211.5,636447.5,0.0,0.0,1,1
14675,804211.5,636447.5,0.0,0.0,1,1
14676,804211.5,636447.5,0.0,0.0,1,1
14677,804211.5,636447.5,0.0,0.0,1,1
14678,804211.5,636447.5,0.0,0.0,1,1
14679,804211.5,636447.5,0.0,0.0,1,1
14680,804211.5,636447.5,0.0,0.0,1,1
14681,804211.5,636447.5,0.0,0.0,1,1
14682,804211.5,636447.5,0.0,0.0,1,1
14683,804268.0,636447.5,0.0,0.0,1,1
14684,804268.0,636447.5,0.0,0.0,1,1
14685,804268.0,636447.5,0.0,0.0,1,1
14686,804268.0,636447.5,0.0,0.0,1,1
14687,804268.0,636447.5,0.0,0.0,1,1
14688,804268.0,636447.5,0.0,0.0,1,1
14689,804268.0,636447.5,0.0,0.0,1,1
14690,804268.0,636447.5,0.0,0.0,1,1
14691,804268.0,636447.5,0.0,0.0,1,1
14692,804268.0,636447.5,0.0,0.0,1,1
14693,804281.0,636447.5,0.0,0.0,1,1
14694,804281.0,636447.5,0.0,0.0,1,1
14695,804281.0,636447.5,0.0,0.0,1,1
14696,804281.0,636447.5,0.0,0.0,1,1
14697,804281.0,636447.5,0.0,0.0,1,1
14698,804281.0,636447.5,0.0,0.0,1,1
14699,804281.0,636447.5,0.0,0.0,1,1
14700,804281.0,636447.5,0.0,0.0,1,1
14701,804281.0,636447.5,0.0,0.0,1,1
14702,804281.0,636447.5,0.0,0.0,1,1
14703,804281.0,636447.5,0.0,0.0,1,1
14704,804281.0,636447.5,0.0,0.0,1,1
14705,804281.0,636447.5,0.0,0.0,1,1
14706,804281.0,636447.5,0.0,0.0,1,1
14707,804281.0,636447.5,0.0,0.0,1,1
14708,804281.0,636447.5,0.0,0.0,1,1
14709,804281.0,636447.5,0.0,0.0,1,1
14710,804281.0,636447.5,0.0,0.0,1,1
14711,804281.0,636447.5,0.0,0.0,1,1
14712,804281.0,636447.5,0.0,0.0,1,1
14713,804281.0,636447.5,0.0,0.0,1,1
14714,804281.0,636447.5,0.0,0.0,1,1
14715,804281.0,636447.5,0.0,0.0,1,1
14716,804281.0,636447.5,0.0,0.0,1,1
14717,804281.0,636447.5,0.0,0.0,1,1
14718,804281.0,636447.5,0.0,0.0,1,1
14719,804281.0,636447.5,0.0,0.0,1,1
14720,804281.0,636447.5,0.0,0.0,1,1
14721,804281.0,636447.5,0.0,0.0,1,1
14722,804281.0,636447.5,0.0,0.0,1,1
14723,804992.0,636447.5,0.0,0.0,1,1
14724,804992.0,636447.5,0.0,0.0,1,1
14725,804992.0,636447.5,0.0,0.0,1,1
14726,804992.0,636447.5,0.0,0.0,1,1
14727,804992.0,636447.5,0.0,0.0,1,1
14728,804992.0,636447.5,0.0,0.0,1,1
14729,805113.5,636447.5,0.0,0.0,1,1
14730,805113.5,636447.5,0.0,0.0,1,1
14731,805113.5,636447.5,0.0,0.0,1,1
14732,805113.5,636447.5,0.0,0.0,1,1
14733,805113.5,636447.5,0.0,0.0,1,1
14734,805113.5,636447.5,0.0,0.0,1,1
14735,805113.5,636447.5,0.0,0.0,1,1
14736,805113.5,636447.5,0.0,0.0,1,1
14737,805113.5,636447.5,0.0,0.0,1,1
14738,805113.5,636447.5,0.0,0.0,1,1
14739,805113.5,636447.5,0.0,0.0,1,1
14740,805113.5,636447.5,0.0,0.0,1,1
14741,805113.5,636447.5,0.0,0.0,1,1
14742,805113.5,636447.5,0.0,0.0,1,1
14743,805113.5,636447.5,0.0,0.0,1,1
14744,805113.5,636447.5,0.0,0.0,1,1
14745,805113.5,636447.5,0.0,0.0,1,1
14746,805113.5,636447.5,0.0,0.0,1,1
14747,805113.5,636447.5,0.0,0.0,1,1
14748,805113.5,636447.5,0.0,0.0,1,1
14749,805113.5,636447.5,0.0,0.0,1,1
14750,805113.5,636447.5,0.0,0.0,1,1
14751,805113.5,636447.5,0.0,0.0,1,1
14752,805113.5,636447.5,0.0,0.0,1,1
14753,805113.5,636447.5,0.0,0.0,1,1
14754,805113.5,636447.5,0.0,0.0,1,1
14755,805113.5,636447.5,0.0,0.0,1,1
14756,805113.5,636447.5,0.0,0.0,1,1
14757,805113.5,636447.5,0.0,0.0,1,1
14758,805113.5,636447.5,0.0,0.0,1,1
14759,805113.5,636447.5,0.0,0.0,1,1
14760,804739.0,636447.5,0.0,0.0,1,1
14761,804739.0,636447.5,0.0,0.0,1,1
14762,804739.0,636447.5,0.0,0.0,1,1
14763,804739.0,636447.5,0.0,0.0,1,1
14764,804739.0,636447.5,0.0,0.0,1,1
14765,804739.0,636447.5,0.0,0.0,1,1
14766,804739.0,636447.5,0.0,0.0,1,1
14767,804739.0,636447.5,0.0,0.0,1,1
14768,804739.0,636447.5,0.0,0.0,1,1
14769,804739.0,636447.5,0.0,0.0,1,1
14770,804739.0,636447.5,0.0,0.0,1,1
14771,804739.0,636447.5,0.0,0.0,1,1
14772,804739.0,636447.5,0.0,0.0,1,1
14773,804739.0,636447.5,0.0,0.0,1,1
14774,804739.0,636447.5,0.0,0.0,1,1
14775,804739.0,636447.5,0.0,0.0,1,1
14776,804739.0,636447.5,0.0,0.0,1,1
14777,804739.0,636447.5,0.0,0.0,1,1
14778,804739.0,636447.5,0.0,0.0,1,1
14779,804739.0,636447.5,0.0,0.0,1,1
14780,804739.0,636447.5,0.0,0.0,1,1
14781,804739.0,636447.5,0.0,0.0,1,1
14782,804739.0,636447.5,0.0,0.0,1,1
14783,804739.0,636447.5,0.0,0.0,1,1
14784,804739.0,636447.5,0.0,0.0,1,1
14785,804739.0,636447.5,0.0,0.0,1,1
14786,804739.0,636447.5,0.0,0.0,1,1
14787,804739.0,636447.5,0.0,0.0,1,1
14788,804739.0,636447.5,0.0,0.0,1,1
14789,804739.0,636447.5,0.0,0.0,1,1
14790,804739.0,636447.5,0.0,0.0,1,1
14791,804739.0,636447.5,0.0,0.0,1,1
14792,804739.0,636447.5,0.0,0.0,1,1
14793,804739.0,636447.5,0.0,0.0,1,1
14794,804739.0,636447.5,0.0,0.0,1,1
14795,804739.0,636447.5,0.0,0.0,1,1
14796,804739.0,636447.5,0.0,0.0,1,1
14797,804739.0,636447.5,0.0,0.0,1,1
14798,804739.0,636447.5,0.0,0.0,1,1
14799,804739.0,636447.5,0.0,0.0,1,1
14800,804739.0,636447.5,0.0,0.0,1,1
14801,805935.0,636447.5,0.0,0.0,1,1
14802,805935.0,636447.5,0.0,0.0,1,1
14803,805935.0,636447.5,0.0,0.0,1,1
14804,805935.0,636447.5,0.0,0.0,1,1
14805,805935.0,636447.5,0.0,0.0,1,1
14806,805935.0,636447.5,0.0,0.0,1,1
14807,805935.0,636447.5,0.0,0.0,1,1
14808,805935.0,636447.5,0.0,0.0,1,1
14809,805935.0,636447.5,0.0,0.0,1,1
14810,805935.0,636447.5,0.0,0.0,1,1
14811,805957.5,636447.5,0.0,0.0,1,1
14812,805957.5,636447.5,0.0,0.0,1,1
14813,805957.5,636447.5,0.0,0.0,1,1
14814,805957.5,636447.5,0.0,0.0,1,1
14815,805957.5,636447.5,0.0,0.0,1,1
14816,805957.5,636447.5,0.0,0.0,1,1
14817,805957.5,636447.5,0.0,0.0,1,1
14818,805957.5,636447.5,0.0,0.0,1,1
14819,805957.5,636447.5,0.0,0.0,1,1
14820,805414.5,636447.5,0.0,0.0,1,1
14821,805414.5,636447.5,0.0,0.0,1,1
14822,805414.5,636447.5,0.0,0.0,1,1
14823,805414.5,636447.5,0.0,0.0,1,1
14824,805414.5,636447.5,0.0,0.0,1,1
14825,805414.5,636447.5,0.0,0.0,1,1
14826,805480.5,636447.5,0.0,0.0,1,1
14827,805480.5,636447.5,0.0,0.0,1,1
14828,805480.5,636447.5,0.0,0.0,1,1
14829,805480.5,636447.5,0.0,0.0,1,1
14830,805480.5,636447.5,0.0,0.0,1,1
14831,805480.5,636447.5,0.0,0.0,1,1
14832,805480.5,636447.5,0.0,0.0,1,1
14833,805480.5,636447.5,0.0,0.0,1,1
14834,805480.5,636447.5,0.0,0.0,1,1
14835,805480.5,636447.5,0.0,0.0,1,1
14836,805480.5,636447.5,0.0,0.0,1,1
14837,805480.5,636447.5,0.0,0.0,1,1
14838,806136.5,636447.5,0.0,0.0,1,1
14839,806136.5,636447.5,0.0,0.0,1,1
14840,806136.5,636447.5,0.0,0.0,1,1
14841,806136.5,636447.5,0.0,0.0,1,1
14842,806136.5,636447.5,0.0,0.0,1,1
14843,806136.5,636447.5,0.0,0.0,1,1
14844,805950.0,636447.5,0.0,0.0,1,1
14845,805950.0,636447.5,0.0,0.0,1,1
14846,805950.0,636447.5,0.0,0.0,1,1
14847,805950.0,636447.5,0.0,0.0,1,1
14848,805950.0,636447.5,0.0,0.0,1,1
14849,805950.0,636447.5,0.0,0.0,1,1
14850,805950.0,636447.5,0.0,0.0,1,1
14851,805950.0,636447.5,0.0,0.0,1,1
14852,805950.0,636447.5,0.0,0.0,1,1
14853,805897.0,636447.5,0.0,0.0,1,1
14854,805904.0,636447.5,0.0,0.0,1,1
14855,805904.0,636447.5,0.0,0.0,1,1
14856,805904.0,636447.5,0.0,0.0,1,1
14857,805904.0,636447.5,0.0,0.0,1,1
14858,805904.0,636447.5,0.0,0.0,1,1
14859,805904.0,636447.5,0.0,0.0,1,1
14860,805904.0,636447.5,0.0,0.0,1,1
14861,805904.0,636447.5,0.0,0.0,1,1
14862,805904.0,636447.5,0.0,0.0,1,1
14863,805904.0,636447.5,0.0,0.0,1,1
14864,805904.0,636447.5,0.0,0.0,1,1
14865,805904.0,636447.5,0.0,0.0,1,1
14866,805904.0,636447.5,0.0,0.0,1,1
14867,805904.0,636447.5,0.0,0.0,1,1
14868,805904.0,636447.5,0.0,0.0,1,1
14869,805904.0,636447.5,0.0,0.0,1,1
14870,805904.0,636447.5,0.0,0.0,1,1
14871,805904.0,636447.5,0.0,0.0,1,1
14872,805904.0,636447.5,0.0,0.0,1,1
14873,805904.0,636447.5,0.0,0.0,1,1
14874,805904.0,636447.5,0.0,0.0,1,1
14875,805904.0,636447.5,0.0,0.0,1,1
14876,805904.0,636447.5,0.0,0.0,1,1
14877,805904.0,636447.5,0.0,0.0,1,1
14878,805904.0,636447.5,0.0,0.0,1,1
14879,805904.0,636447.5,0.0,0.0,1,1
14880,805904.0,636447.5,0.0,0.0,1,1
14881,805904.0,636447.5,0.0,0.0,1,1
14882,805904.0,636447.5,0.0,0.0,1,1
14883,805904.0,636447.5,0.0,0.0,1,1
14884,805904.0,636447.5,0.0,0.0,1,1
14885,805904.0,636447.5,0.0,0.0,1,1
14886,805904.0,636447.5,0.0,0.0,1,1
14887,805904.0,636447.5,0.0,0.0,1,1
14888,805904.0,636447.5,0.0,0.0,1,1
14889,805904.0,636447.5,0.0,0.0,1,1
14890,805904.0,636447.5,0.0,0.0,1,1
14891,805904.0,636447.5,0.0,0.0,1,1
14892,805904.0,636447.5,0.0,0.0,1,1
14893,805904.0,636447.5,0.0,0.0,1,1
14894,805904.0,636447.5,0.0,0.0,1,1
14895,805904.0,636447.5,0.0,0.0,1,1
14896,805904.0,636447.5,0.0,0.0,1,1
14897,805904.0,636447.5,0.0,0.0,1,1
14898,805904.0,636447.5,0.0,0.0,1,1
14899,805904.0,636447.5,0.0,0.0,1,1
14900,805904.0,636447.5,0.0,0.0,1,1
14901,805904.0,636447.5,0.0,0.0,1,1
14902,805904.0,636447.5,0.0,0.0,1,1
14903,805904.0,636447.5,0.0,0.0,1,1
14904,805904.0,636447.5,0.0,0.0,1,1
14905,805904.0,636447.5,0.0,0.0,1,1
14906,805904.0,636447.5,0.0,0.0,1,1
14907,805904.0,636447.5,0.0,0.0,1,1
14908,805904.0,636447.5,0.0,0.0,1,1
14909,805904.0,636447.5,0.0,0.0,1,1
14910,805904.0,636447.5,0.0,0.0,1,1
14911,805904.0,636447.5,0.0,0.0,1,1
14912,805904.0,636447.5,0.0,0.0,1,1
14913,805904.0,636447.5,0.0,0.0,1,1
14914,805904.0,636447.5,0.0,0.0,1,1
14915,805904.0,636447.5,0.0,0.0,1,1
14916,805904.0,636447.5,0.0,0.0,1,1
14917,805904.0,636447.5,0.0,0.0,1,1
14918,805904.0,636447.5,0.0,0.0,1,1
14919,805904.0,636447.5,0.0,0.0,1,1
14920,805904.0,636447.5,0.0,0.0,1,1
14921,805904.0,636447.5,0.0,0.0,1,1
14922,805904.0,636447.5,0.0,0.0,1,1
14923,805904.0,636447.5,0.0,0.0,1,1
14924,805904.0,636447.5,0.0,0.0,1,1
14925,805904.0,636447.5,0.0,0.0,1,1
14926,805904.0,636447.5,0.0,0.0,1,1
14927,805904.0,636447.5,0.0,0.0,1,1
14928,805904.0,636447.5,0.0,0.0,1,1
14929,805904.0,636447.5,0.0,0.0,1,1
14930,805904.0,636447.5,0.0,0.0,1,1
14931,805904.0,636447.5,0.0,0.0,1,1
14932,806076.0,636447.5,0.0,0.0,1,1
14933,806076.0,636447.5,0.0,0.0,1,1
14934,806076.0,636447.5,0.0,0.0,1,1
14935,806076.0,636447.5,0.0,0.0,1,1
14936,806076.0,636447.5,0.0,0.0,1,1
14937,806076.0,636447.5,0.0,0.0,1,1
14938,805461.0,636447.5,0.0,0.0,1,1
14939,805300.5,636447.5,0.0,0.0,1,1
14940,805300.5,636447.5,0.0,0.0,1,1
14941,805300.5,636447.5,0.0,0.0,1,1
14942,805300.5,636447.5,0.0,0.0,1,1
14943,805300.5,636447.5,0.0,0.0,1,1
14944,805300.5,636447.5,0.0,0.0,1,1
14945,805300.5,636447.5,0.0,0.0,1,1
14946,805300.5,636447.5,0.0,0.0,1,1
14947,805300.5,636447.5,0.0,0.0,1,1
14948,805300.5,636447.5,0.0,0.0,1,1
14949,805300.5,636447.5,0.0,0.0,1,1
14950,805300.5,636447.5,0.0,0.0,1,1
14951,805300.5,636447.5,0.0,0.0,1,1
14952,805300.5,636447.5,0.0,0.0,1,1
14953,805300.5,636447.5,0.0,0.0,1,1
14954,805300.5,636447.5,0.0,0.0,1,1
14955,805300.5,636447.5,0.0,0.0,1,1
14956,805300.5,636447.5,0.0,0.0,1,1
14957,805300.5,636447.5,0.0,0.0,1,1
14958,805300.5,636447.5,0.0,0.0,1,1
14959,805300.5,636447.5,0.0,0.0,1,1
14960,805300.5,636447.5,0.0,0.0,1,1
14961,805300.5,636447.5,0.0,0.0,1,1
14962,805700.5,636447.5,0.0,0.0,1,1
14963,805700.5,636447.5,0.0,0.0,1,1
14964,805700.5,636447.5,0.0,0.0,1,1
14965,805700.5,636447.5,0.0,0.0,1,1
14966,805700.5,636447.5,0.0,0.0,1,1
14967,805700.5,636447.5,0.0,0.0,1,1
14968,805700.5,636447.5,0.0,0.0,1,1
14969,805700.5,636447.5,0.0,0.0,1,1
14970,805700.5,636447.5,0.0,0.0,1,1
14971,805700.5,636447.5,0.0,0.0,1,1
14972,805700.5,636447.5,0.0,0.0,1,1
14973,805700.5,636447.5,0.0,0.0,1,1
14974,805700.5,636447.5,0.0,0.0,1,1
14975,805700.5,636447.5,0.0,0.0,1,1
14976,805700.5,636447.5,0.0,0.0,1,1
14977,805700.5,636447.5,0.0,0.0,1,1
14978,805700.5,636447.5,0.0,0.0,1,1
14979,805700.5,636447.5,0.0,0.0,1,1
14980,805700.5,636447.5,0.0,0.0,1,1
14981,805700.5,636447.5,0.0,0.0,1,1
14982,805700.5,636447.5,0.0,0.0,1,1
14983,805700.5,636447.5,0.0,0.0,1,1
14984,805700.5,636447.5,0.0,0.0,1,1
14985,805700.5,636447.5,0.0,0.0,1,1
14986,805700.5,636447.5,0.0,0.0,1,1
14987,805700.5,636447.5,0.0,0.0,1,1
14988,805700.5,636447.5,0.0,0.0,1,1
14989,805487.5,636447.5,0.0,0.0,1,1
14990,805487.5,636447.5,0.0,0.0,1,1
14991,805487.5,636447.5,0.0,0.0,1,1
14992,805487.5,636447.5,0.0,0.0,1,1
14993,805487.5,636447.5,0.0,0.0,1,1
14994,805487.5,636447.5,0.0,0.0,1,1
14995,805516.5,636447.5,0.0,0.0,1,1
14996,805516.5,636447.5,0.0,0.0,1,1
14997,805516.5,636447.5,0.0,0.0,1,1
14998,805717.0,636447.5,0.0,0.0,1,1
14999,805717.0,636447.5,0.0,0.0,1,1
15000,805707.5,636447.5,0.0,0.0,1,1
15001,805707.5,636447.5,0.0,0.0,1,1
15002,805707.5,636447.5,0.0,0.0,1,1
15003,805707.5,636447.5,0.0,0.0,1,1
15004,805707.5,636447.5,0.0,0.0,1,1
15005,805707.5,636447.5,0.0,0.0,1,1
15006,805587.0,636447.5,0.0,0.0,1,1
15007,805587.0,636447.5,0.0,0.0,1,1
15008,805587.0,636447.5,0.0,0.0,1,1
15009,805587.0,636447.5,0.0,0.0,1,1
15010,805587.0,636447.5,0.0,0.0,1,1
15011,805587.0,636447.5,0.0,0.0,1,1
15012,805587.0,636447.5,0.0,0.0,1,1
15013,805587.0,636447.5,0.0,0.0,1,1
15014,805587.0,636447.5,0.0,0.0,1,1
15015,805587.0,636447.5,0.0,0.0,1,1
15016,805587.0,636447.5,0.0,0.0,1,1
15017,805587.0,636447.5,0.0,0.0,1,1
15018,805587.0,636447.5,0.0,0.0,1,1
15019,805587.0,636447.5,0.0,0.0,1,1
15020,805587.0,636447.5,0.0,0.0,1,1
15021,805587.0,636447.5,0.0,0.0,1,1
15022,805587.0,636447.5,0.0,0.0,1,1
15023,805587.0,636447.5,0.0,0.0,1,1
15024,805587.0,636447.5,0.0,0.0,1,1
15025,806043.0,636447.5,0.0,0.0,1,1
15026,806221.0,636447.5,0.0,0.0,1,1
15027,806221.0,636447.5,0.0,0.0,1,1
15028,806221.0,636447.5,0.0,0.0,1,1
15029,806221.0,636447.5,0.0,0.0,1,1
15030,806221.0,636447.5,0.0,0.0,1,1
15031,806221.0,636447.5,0.0,0.0,1,1
15032,806221.0,636447.5,0.0,0.0,1,1
15033,806221.0,636447.5,0.0,0.0,1,1
15034,806221.0,636447.5,0.0,0.0,1,1
15035,806221.0,636447.5,0.0,0.0,1,1
15036,806221.0,636447.5,0.0,0.0,1,1
15037,806221.0,636447.5,0.0,0.0,1,1
15038,806221.0,636447.5,0.0,0.0,1,1
15039,806221.0,636447.5,0.0,0.0,1,1
15040,806221.0,636447.5,0.0,0.0,1,1
15041,806221.0,636447.5,0.0,0.0,1,1
15042,806221.0,636447.5,0.0,0.0,1,1
15043,806221.0,636447.5,0.0,0.0,1,1
15044,806221.0,636447.5,0.0,0.0,1,1
15045,806221.0,636447.5,0.0,0.0,1,1
15046,806221.0,636447.5,0.0,0.0,1,1
15047,806221.0,636447.5,0.0,0.0,1,1
15048,806221.0,636447.5,0.0,0.0,1,1
15049,806221.0,636447.5,0.0,0.0,1,1
15050,806447.0,636447.5,0.0,0.0,1,1
15051,806447.0,636447.5,0.0,0.0,1,1
15052,806447.0,636447.5,0.0,0.0,1,1
15053,806447.0,636447.5,0.0,0.0,1,1
15054,806447.0,636447.5,0.0,0.0,1,1
15055,806447.0,636447.5,0.0,0.0,1,1
15056,806447.0,636447.5,0.0,0.0,1,1
15057,806447.0,636447.5,0.0,0.0,1,1
15058,806447.0,636447.5,0.0,0.0,1,1
15059,806447.0,636447.5,0.0,0.0,1,1
15060,806447.0,636447.5,0.0,0.0,1,1
15061,806447.0,636447.5,0.0,0.0,1,1
15062,806447.0,636447.5,0.0,0.0,1,1
15063,806447.0,636447.5,0.0,0.0,1,1
15064,806447.0,636447.5,0.0,0.0,1,1
15065,806447.0,636447.5,0.0,0.0,1,1
15066,806447.0,636447.5,0.0,0.0,1,1
15067,806447.0,636447.5,0.0,0.0,1,1
15068,805990.5,636447.5,0.0,0.0,1,1
15069,805990.5,636447.5,0.0,0.0,1,1
15070,805990.5,636447.5,0.0,0.0,1,1
15071,805990.5,636447.5,0.0,0.0,1,1
15072,805990.5,636447.5,0.0,0.0,1,1
15073,805990.5,636447.5,0.0,0.0,1,1
15074,805990.5,636447.5,0.0,0.0,1,1
15075,805990.5,636447.5,0.0,0.0,1,1
15076,805990.5,636447.5,0.0,0.0,1,1
15077,805990.5,636447.5,0.0,0.0,1,1
15078,805990.5,636447.5,0.0,0.0,1,1
15079,805990.5,636447.5,0.0,0.0,1,1
15080,805990.5,636447.5,0.0,0.0,1,1
15081,805990.5,636447.5,0.0,0.0,1,1
15082,805990.5,636447.5,0.0,0.0,1,1
15083,805990.5,636447.5,0.0,0.0,1,1
15084,805990.5,636447.5,0.0,0.0,1,1
15085,805990.5,636447.5,0.0,0.0,1,1
15086,805990.5,636447.5,0.0,0.0,1,1
15087,805990.5,636447.5,0.0,0.0,1,1
15088,805990.5,636447.5,0.0,0.0,1,1
15089,805990.5,636447.5,0.0,0.0,1,1
15090,805990.5,636447.5,0.0,0.0,1,1
15091,805990.5,636447.5,0.0,0.0,1,1
15092,805990.5,636447.5,0.0,0.0,1,1
15093,805990.5,636447.5,0.0,0.0,1,1
15094,805990.5,636447.5,0.0,0.0,1,1
15095,805990.5,636447.5,0.0,0.0,1,1
15096,805990.5,636447.5,0.0,0.0,1,1
15097,805990.5,636447.5,0.0,0.0,1,1
15098,805990.5,636447.5,0.0,0.0,1,1
15099,805990.5,636447.5,0.0,0.0,1,1
15100,805990.5,636447.5,0.0,0.0,1,1
15101,805990.5,636447.5,0.0,0.0,1,1
15102,805990.5,636447.5,0.0,0.0,1,1
15103,805868.0,636447.5,0.0,0.0,1,1
15104,805868.0,636447.5,0.0,0.0,1,1
15105,805868.0,636447.5,0.0,0.0,1,1
15106,805868.0,636447.5,0.0,0.0,1,1
15107,805868.0,636447.5,0.0,0.0,1,1
15108,805868.0,636447.5,0.0,0.0,1,1
15109,805868.0,636447.5,0.0,0.0,1,1
15110,805868.0,636447.5,0.0,0.0,1,1
15111,805868.0,636447.5,0.0,0.0,1,1
15112,805868.0,636447.5,0.0,0.0,1,1
15113,805868.0,636447.5,0.0,0.0,1,1
15114,805868.0,636447.5,0.0,0.0,1,1
15115,805868.0,636447.5,0.0,0.0,1,1
15116,805868.0,636447.5,0.0,0.0,1,1
15117,805868.0,636447.5,0.0,0.0,1,1
15118,805868.0,636447.5,0.0,0.0,1,1
15119,805868.0,636447.5,0.0,0.0,1,1
15120,805868.0,636447.5,0.0,0.0,1,1
15121,805868.0,636447.5,0.0,0.0,1,1
15122,805868.0,636447.5,0.0,0.0,1,1
15123,805868.0,636447.5,0.0,0.0,1,1
15124,805868.0,636447.5,0.0,0.0,1,1
15125,805868.0,636447.5,0.0,0.0,1,1
15126,805868.0,636447.5,0.0,0.0,1,1
15127,805868.0,636447.5,0.0,0.0,1,1
15128,805868.0,636447.5,0.0,0.0,1,1
15129,805868.0,636447.5,0.0,0.0,1,1
15130,805868.0,636447.5,0.0,0.0,1,1
15131,805868.0,636447.5,0.0,0.0,1,1
15132,805868.0,636447.5,0.0,0.0,1,1
15133,805868.0,636447.5,0.0,0.0,1,1
15134,805868.0,636447.5,0.0,0.0,1,1
15135,805868.0,636447.5,0.0,0.0,1,1
15136,805868.0,636447.5,0.0,0.0,1,1
15137,805868.0,636447.5,0.0,0.0,1,1
15138,805868.0,636447.5,0.0,0.0,1,1
15139,805868.0,636447.5,0.0,0.0,1,1
15140,805868.0,636447.5,0.0,0.0,1,1
15141,805868.0,636447.5,0.0,0.0,1,1
15142,805868.0,636447.5,0.0,0.0,1,1
15143,805868.0,636447.5,0.0,0.0,1,1
15144,805868.0,636447.5,0.0,0.0,1,1
15145,805868.0,636447.5,0.0,0.0,1,1
15146,805868.0,636447.5,0.0,0.0,1,1
15147,805563.5,636447.5,0.0,0.0,1,1
15148,805563.5,636447.5,0.0,0.0,1,1
15149,805563.5,636447.5,0.0,0.0,1,1
15150,805563.5,636447.5,0.0,0.0,1,1
15151,805556.5,636447.5,0.0,0.0,1,1
15152,805556.5,636447.5,0.0,0.0,1,1
15153,805556.5,636447.5,0.0,0.0,1,1
15154,805556.5,636447.5,0.0,0.0,1,1
15155,805556.5,636447.5,0.0,0.0,1,1
15156,805848.5,636447.5,0.0,0.0,1,1
15157,805848.5,636447.5,0.0,0.0,1,1
15158,805848.5,636447.5,0.0,0.0,1,1
15159,805848.5,636447.5,0.0,0.0,1,1
15160,805848.5,636447.5,0.0,0.0,1,1
15161,805848.5,636447.5,0.0,0.0,1,1
15162,805848.5,636447.5,0.0,0.0,1,1
15163,805848.5,636447.5,0.0,0.0,1,1
15164,805848.5,636447.5,0.0,0.0,1,1
15165,805848.5,636447.5,0.0,0.0,1,1
15166,805848.5,636447.5,0.0,0.0,1,1
15167,805848.5,636447.5,0.0,0.0,1,1
15168,805848.5,636447.5,0.0,0.0,1,1
15169,805848.5,636447.5,0.0,0.0,1,1
15170,805848.5,636447.5,0.0,0.0,1,1
15171,805848.5,636447.5,0.0,0.0,1,1
15172,805848.5,636447.5,0.0,0.0,1,1
15173,805848.5,636447.5,0.0,0.0,1,1
15174,805848.5,636447.5,0.0,0.0,1,1
15175,805848.5,636447.5,0.0,0.0,1,1
15176,805848.5,636447.5,0.0,0.0,1,1
15177,805848.5,636447.5,0.0,0.0,1,1
15178,805848.5,636447.5,0.0,0.0,1,1
15179,805848.5,636447.5,0.0,0.0,1,1
15180,805848.5,636447.5,0.0,0.0,1,1
15181,805848.5,636447.5,0.0,0.0,1,1
15182,805848.5,636447.5,0.0,0.0,1,1
15183,805848.5,636447.5,0.0,0.0,1,1
15184,805848.5,636447.5,0.0,0.0,1,1
15185,805848.5,636447.5,0.0,0.0,1,1
15186,805848.5,636447.5,0.0,0.0,1,1
15187,805848.5,636447.5,0.0,0.0,1,1
15188,805848.5,636447.5,0.0,0.0,1,1
15189,805848.5,636447.5,0.0,0.0,1,1
15190,805848.5,636447.5,0.0,0.0,1,1
15191,805848.5,636447.5,0.0,0.0,1,1
15192,805848.5,636447.5,0.0,0.0,1,1
15193,805848.5,636447.5,0.0,0.0,1,1
15194,805848.5,636447.5,0.0,0.0,1,1
15195,805848.5,636447.5,0.0,0.0,1,1
15196,805848.5,636447.5,0.0,0.0,1,1
15197,805848.5,636447.5,0.0,0.0,1,1
15198,805848.5,636447.5,0.0,0.0,1,1
15199,805848.5,636447.5,0.0,0.0,1,1
15200,805848.5,636447.5,0.0,0.0,1,1
15201,805848.5,636447.5,0.0,0.0,1,1
15202,805848.5,636447.5,0.0,0.0,1,1
15203,805848.5,636447.5,0.0,0.0,1,1
15204,805848.5,636447.5,0.0,0.0,1,1
15205,805848.5,636447.5,0.0,0.0,1,1
15206,805848.5,636447.5,0.0,0.0,1,1
15207,805848.5,636447.5,0.0,0.0,1,1
15208,805848.5,636447.5,0.0,0.0,1,1
15209,805848.5,636447.5,0.0,0.0,1,1
15210,805848.5,636447.5,0.0,0.0,1,1
15211,805848.5,636447.5,0.0,0.0,1,1
15212,805848.5,636447.5,0.0,0.0,1,1
15213,805848.5,636447.5,0.0,0.0,1,1
15214,805848.5,636447.5,0.0,0.0,1,1
15215,805848.5,636447.5,0.0,0.0,1,1
15216,805848.5,636447.5,0.0,0.0,1,1
15217,805848.5,636447.5,0.0,0.0,1,1
15218,805848.5,636447.5,0.0,0.0,1,1
15219,805848.5,636447.5,0.0,0.0,1,1
15220,805848.5,636447.5,0.0,0.0,1,1
15221,805848.5,636447.5,0.0,0.0,1,1
15222,805848.5,636447.5,0.0,0.0,1,1
15223,805848.5,636447.5,0.0,0.0,1,1
15224,805848.5,636447.5,0.0,0.0,1,1
15225,805848.5,636447.5,0.0,0.0,1,1
15226,805848.5,636447.5,0.0,0.0,1,1
15227,805848.5,636447.5,0.0,0.0,1,1
15228,805848.5,636447.5,0.0,0.0,1,1
15229,805848.5,636447.5,0.0,0.0,1,1
15230,805848.5,636447.5,0.0,0.0,1,1
15231,805848.5,636447.5,0.0,0.0,1,1
15232,805848.5,636447.5,0.0,0.0,1,1
15233,805798.0,636447.5,0.0,0.0,1,1
15234,805798.0,636447.5,0.0,0.0,1,1
15235,805798.0,636447.5,0.0,0.0,1,1
15236,805798.0,636447.5,0.0,0.0,1,1
15237,805798.0,636447.5,0.0,0.0,1,1
15238,805798.0,636447.5,0.0,0.0,1,1
15239,805798.0,636447.5,0.0,0.0,1,1
15240,805798.0,636447.5,0.0,0.0,1,1
15241,805798.0,636447.5,0.0,0.0,1,1
15242,805798.0,636447.5,0.0,0.0,1,1
15243,805798.0,636447.5,0.0,0.0,1,1
15244,805798.0,636447.5,0.0,0.0,1,1
15245,805798.0,636447.5,0.0,0.0,1,1
15246,805798.0,636447.5,0.0,0.0,1,1
15247,805798.0,636447.5,0.0,0.0,1,1
15248,805798.0,636447.5,0.0,0.0,1,1
15249,805798.0,636447.5,0.0,0.0,1,1
15250,805975.0,636447.5,0.0,0.0,1,1
15251,805975.0,636447.5,0.0,0.0,1,1
15252,805975.0,636447.5,0.0,0.0,1,1
15253,805975.0,636447.5,0.0,0.0,1,1
15254,805975.0,636447.5,0.0,0.0,1,1
15255,805975.0,636447.5,0.0,0.0,1,1
15256,805975.0,636447.5,0.0,0.0,1,1
15257,805975.0,636447.5,0.0,0.0,1,1
15258,805975.0,636447.5,0.0,0.0,1,1
15259,805975.0,636447.5,0.0,0.0,1,1
15260,805975.0,636447.5,0.0,0.0,1,1
15261,806015.5,636447.5,0.0,0.0,1,1
15262,806015.5,636447.5,0.0,0.0,1,1
15263,806015.5,636447.5,0.0,0.0,1,1
15264,805986.5,636447.5,0.0,0.0,1,1
15265,805986.5,636447.5,0.0,0.0,1,1
15266,805986.5,636447.5,0.0,0.0,1,1
15267,805986.5,636447.5,0.0,0.0,1,1
15268,805986.5,636447.5,0.0,0.0,1,1
15269,805986.5,636447.5,0.0,0.0,1,1
15270,805986.5,636447.5,0.0,0.0,1,1
15271,805986.5,636447.5,0.0,0.0,1,1
15272,805986.5,636447.5,0.0,0.0,1,1
15273,805986.5,636447.5,0.0,0.0,1,1
15274,805986.5,636447.5,0.0,0.0,1,1
15275,805986.5,636447.5,0.0,0.0,1,1
15276,805986.5,636447.5,0.0,0.0,1,1
15277,805986.5,636447.5,0.0,0.0,1,1
15278,805986.5,636447.5,0.0,0.0,1,1
15279,805986.5,636447.5,0.0,0.0,1,1
15280,805986.5,636447.5,0.0,0.0,1,1
15281,805986.5,636447.5,0.0,0.0,1,1
15282,805986.5,636447.5,0.0,0.0,1,1
15283,805986.5,636447.5,0.0,0.0,1,1
15284,805986.5,636447.5,0.0,0.0,1,1
15285,805986.5,636447.5,0.0,0.0,1,1
15286,805986.5,636447.5,0.0,0.0,1,1
15287,805986.5,636447.5,0.0,0.0,1,1
15288,805986.5,636447.5,0.0,0.0,1,1
15289,805986.5,636447.5,0.0,0.0,1,1
15290,805986.5,636447.5,0.0,0.0,1,1
15291,805986.5,636447.5,0.0,0.0,1,1
15292,805986.5,636447.5,0.0,0.0,1,1
15293,805986.5,636447.5,0.0,0.0,1,1
15294,805986.5,636447.5,0.0,0.0,1,1
15295,805986.5,636447.5,0.0,0.0,1,1
15296,805986.5,636447.5,0.0,0.0,1,1
15297,805986.5,636447.5,0.0,0.0,1,1
15298,805986.5,636447.5,0.0,0.0,1,1
15299,805986.5,636447.5,0.0,0.0,1,1
15300,805986.5,636447.5,0.0,0.0,1,1
15301,805986.5,636447.5,0.0,0.0,1,1
15302,805986.5,636447.5,0.0,0.0,1,1
15303,805986.5,636447.5,0.0,0.0,1,1
15304,805986.5,636447.5,0.0,0.0,1,1
15305,805986.5,636447.5,0.0,0.0,1,1
15306,805986.5,636447.5,0.0,0.0,1,1
15307,805986.5,636447.5,0.0,0.0,1,1
15308,805986.5,636447.5,0.0,0.0,1,1
15309,805986.5,636447.5,0.0,0.0,1,1
15310,805986.5,636447.5,0.0,0.0,1,1
15311,805986.5,636447.5,0.0,0.0,1,1
15312,805986.5,636447.5,0.0,0.0,1,1
15313,805986.5,636447.5,0.0,0.0,1,1
15314,805986.5,636447.5,0.0,0.0,1,1
15315,805889.5,636447.5,0.0,0.0,1,1
15316,805889.5,636447.5,0.0,0.0,1,1
15317,805889.5,636447.5,0.0,0.0,1,1
15318,805889.5,636447.5,0.0,0.0,1,1
15319,805889.5,636447.5,0.0,0.0,1,1
15320,805889.5,636447.5,0.0,0.0,1,1
15321,805889.5,636447.5,0.0,0.0,1,1
15322,805889.5,636447.5,0.0,0.0,1,1
15323,805889.5,636447.5,0.0,0.0,1,1
15324,805889.5,636447.5,0.0,0.0,1,1
15325,805889.5,636447.5,0.0,0.0,1,1
15326,805889.5,636447.5,0.0,0.0,1,1
15327,805889.5,636447.5,0.0,0.0,1,1
15328,805889.5,636447.5,0.0,0.0,1,1
15329,805889.5,636447.5,0.0,0.0,1,1
15330,808498.0,636447.5,0.0,0.0,1,1
15331,808498.0,636447.5,0.0,0.0,1,1
15332,808498.0,636447.5,0.0,0.0,1,1
15333,808498.0,636447.5,0.0,0.0,1,1
15334,808498.0,636447.5,0.0,0.0,1,1
15335,808498.0,636447.5,0.0,0.0,1,1
15336,808498.0,636447.5,0.0,0.0,1,1
15337,808498.0,636447.5,0.0,0.0,1,1
15338,808498.0,636447.5,0.0,0.0,1,1
15339,808540.0,636447.5,0.0,0.0,1,1
15340,808540.0,636447.5,0.0,0.0,1,1
15341,808540.0,636447.5,0.0,0.0,1,1
15342,809373.0,636447.5,0.0,0.0,1,1
15343,809373.0,636447.5,0.0,0.0,1,1
15344,809373.0,636447.5,0.0,0.0,1,1
15345,809373.0,636447.5,0.0,0.0,1,1
15346,809217.0,636447.5,0.0,0.0,1,1
15347,809217.0,636447.5,0.0,0.0,1,1
15348,809217.0,636447.5,0.0,0.0,1,1
15349,809217.0,636447.5,0.0,0.0,1,1
15350,809217.0,636447.5,0.0,0.0,1,1
15351,809217.0,636447.5,0.0,0.0,1,1
15352,809217.0,636447.5,0.0,0.0,1,1
15353,809217.0,636447.5,0.0,0.0,1,1
15354,809217.0,636447.5,0.0,0.0,1,1
15355,809217.0,636447.5,0.0,0.0,1,1
15356,809217.0,636447.5,0.0,0.0,1,1
15357,809217.0,636447.5,0.0,0.0,1,1
15358,809217.0,636447.5,0.0,0.0,1,1
15359,809217.0,636447.5,0.0,0.0,1,1
15360,809217.0,636447.5,0.0,0.0,1,1
15361,809217.0,636447.5,0.0,0.0,1,1
15362,809217.0,636447.5,0.0,0.0,1,1
15363,809217.0,636447.5,0.0,0.0,1,1
15364,809217.0,636447.5,0.0,0.0,1,1
15365,809217.0,636447.5,0.0,0.0,1,1
15366,809217.0,636447.5,0.0,0.0,1,1
15367,809217.0,636447.5,0.0,0.0,1,1
15368,809092.0,636447.5,0.0,0.0,1,1
15369,809092.0,636447.5,0.0,0.0,1,1
15370,809092.0,636447.5,0.0,0.0,1,1
15371,809092.0,636447.5,0.0,0.0,1,1
15372,807863.5,636447.5,0.0,0.0,1,1
15373,807284.5,636447.5,0.0,0.0,1,1
15374,807284.5,636447.5,0.0,0.0,1,1
15375,807284.5,636447.5,0.0,0.0,1,1
15376,807284.5,636447.5,0.0,0.0,1,1
15377,807284.5,636447.5,0.0,0.0,1,1
15378,807284.5,636447.5,0.0,0.0,1,1
15379,807284.5,636447.5,0.0,0.0,1,1
15380,807284.5,636447.5,0.0,0.0,1,1
15381,807284.5,636447.5,0.0,0.0,1,1
15382,807284.5,636447.5,0.0,0.0,1,1
15383,807284.5,636447.5,0.0,0.0,1,1
15384,807284.5,636447.5,0.0,0.0,1,1
15385,807284.5,636447.5,0.0,0.0,1,1
15386,804295.5,636447.5,0.0,0.0,1,1
15387,804295.5,636447.5,0.0,0.0,1,1
15388,804295.5,636447.5,0.0,0.0,1,1
15389,804295.5,636447.5,0.0,0.0,1,1
15390,804295.5,636447.5,0.0,0.0,1,1
15391,804295.5,636447.5,0.0,0.0,1,1
15392,804295.5,636447.5,0.0,0.0,1,1
15393,804295.5,636447.5,0.0,0.0,1,1
15394,804295.5,636447.5,0.0,0.0,1,1
15395,804295.5,636447.5,0.0,0.0,1,1
15396,804295.5,636447.5,0.0,0.0,1,1
15397,804295.5,636447.5,0.0,0.0,1,1
15398,804295.5,636447.5,0.0,0.0,1,1
15399,804295.5,636447.5,0.0,0.0,1,1
15400,804295.5,636447.5,0.0,0.0,1,1
15401,804295.5,636447.5,0.0,0.0,1,1
15402,804327.5,636447.5,0.0,0.0,1,1
15403,804327.5,636447.5,0.0,0.0,1,1
15404,804327.5,636447.5,0.0,0.0,1,1
15405,804327.5,636447.5,0.0,0.0,1,1
15406,804327.5,636447.5,0.0,0.0,1,1
15407,804327.5,636447.5,0.0,0.0,1,1
15408,804327.5,636447.5,0.0,0.0,1,1
15409,804327.5,636447.5,0.0,0.0,1,1
15410,804327.5,636447.5,0.0,0.0,1,1
15411,804327.5,636447.5,0.0,0.0,1,1
15412,804327.5,636447.5,0.0,0.0,1,1
15413,804441.5,636447.5,0.0,0.0,1,1
15414,804441.5,636447.5,0.0,0.0,1,1
15415,804441.5,636447.5,0.0,0.0,1,1
15416,804441.5,636447.5,0.0,0.0,1,1
15417,804441.5,636447.5,0.0,0.0,1,1
15418,804441.5,636447.5,0.0,0.0,1,1
15419,804441.5,636447.5,0.0,0.0,1,1
15420,804441.5,636447.5,0.0,0.0,1,1
15421,804441.5,636447.5,0.0,0.0,1,1
15422,804441.5,636447.5,0.0,0.0,1,1
15423,804441.5,636447.5,0.0,0.0,1,1
15424,804441.5,636447.5,0.0,0.0,1,1
15425,804441.5,636447.5,0.0,0.0,1,1
15426,804441.5,636447.5,0.0,0.0,1,1
15427,804441.5,636447.5,0.0,0.0,1,1
15428,804441.5,636447.5,0.0,0.0,1,1
15429,804499.5,636447.5,0.0,0.0,1,1
15430,804499.5,636447.5,0.0,0.0,1,1
15431,804499.5,636447.5,0.0,0.0,1,1
15432,804499.5,636447.5,0.0,0.0,1,1
15433,804499.5,636447.5,0.0,0.0,1,1
15434,804499.5,636447.5,0.0,0.0,1,1
15435,804499.5,636447.5,0.0,0.0,1,1
15436,804499.5,636447.5,0.0,0.0,1,1
15437,804499.5,636447.5,0.0,0.0,1,1
15438,804499.5,636447.5,0.0,0.0,1,1
15439,804625.5,636447.5,0.0,0.0,1,1
15440,804625.5,636447.5,0.0,0.0,1,1
15441,804625.5,636447.5,0.0,0.0,1,1
15442,804625.5,636447.5,0.0,0.0,1,1
15443,804625.5,636447.5,0.0,0.0,1,1
15444,804625.5,636447.5,0.0,0.0,1,1
15445,804625.5,636447.5,0.0,0.0,1,1
15446,804625.5,636447.5,0.0,0.0,1,1
15447,804625.5,636447.5,0.0,0.0,1,1
15448,804625.5,636447.5,0.0,0.0,1,1
15449,804625.5,636447.5,0.0,0.0,1,1
15450,804625.5,636447.5,0.0,0.0,1,1
15451,804625.5,636447.5,0.0,0.0,1,1
15452,804625.5,636447.5,0.0,0.0,1,1
15453,804625.5,636447.5,0.0,0.0,1,1
15454,804625.5,636447.5,0.0,0.0,1,1
15455,804625.5,636447.5,0.0,0.0,1,1
15456,804625.5,636447.5,0.0,0.0,1,1
15457,804625.5,636447.5,0.0,0.0,1,1
15458,804625.5,636447.5,0.0,0.0,1,1
15459,804625.5,636447.5,0.0,0.0,1,1
15460,804625.5,636447.5,0.0,0.0,1,1
15461,804625.5,636447.5,0.0,0.0,1,1
15462,804625.5,636447.5,0.0,0.0,1,1
15463,804625.5,636447.5,0.0,0.0,1,1
15464,804625.5,636447.5,0.0,0.0,1,1
15465,804625.5,636447.5,0.0,0.0,1,1
15466,804533.5,636447.5,0.0,0.0,1,1
15467,804533.5,636447.5,0.0,0.0,1,1
15468,804533.5,636447.5,0.0,0.0,1,1
15469,804533.5,636447.5,0.0,0.0,1,1
15470,804533.5,636447.5,0.0,0.0,1,1
15471,804533.5,636447.5,0.0,0.0,1,1
15472,804533.5,636447.5,0.0,0.0,1,1
15473,804533.5,636447.5,0.0,0.0,1,1
15474,804533.5,636447.5,0.0,0.0,1,1
15475,804533.5,636447.5,0.0,0.0,1,1
15476,804533.5,636447.5,0.0,0.0,1,1
15477,804533.5,636447.5,0.0,0.0,1,1
15478,804533.5,636447.5,0.0,0.0,1,1
15479,804533.5,636447.5,0.0,0.0,1,1
15480,804533.5,636447.5,0.0,0.0,1,1
15481,804533.5,636447.5,0.0,0.0,1,1
15482,804533.5,636447.5,0.0,0.0,1,1
15483,804533.5,636447.5,0.0,0.0,1,1
15484,804533.5,636447.5,0.0,0.0,1,1
15485,804533.5,636447.5,0.0,0.0,1,1
15486,804533.5,636447.5,0.0,0.0,1,1
15487,804533.5,636447.5,0.0,0.0,1,1
15488,806991.0,636447.5,0.0,0.0,1,1
15489,806991.0,636447.5,0.0,0.0,1,1
15490,806991.0,636447.5,0.0,0.0,1,1
15491,806991.0,636447.5,0.0,0.0,1,1
15492,806991.0,636447.5,0.0,0.0,1,1
15493,807066.0,636447.5,0.0,0.0,1,1
15494,807066.0,636447.5,0.0,0.0,1,1
15495,807066.0,636447.5,0.0,0.0,1,1
15496,807066.0,636447.5,0.0,0.0,1,1
15497,807066.0,636447.5,0.0,0.0,1,1
15498,807066.0,636447.5,0.0,0.0,1,1
15499,806940.0,636447.5,0.0,0.0,1,1
15500,806940.0,636447.5,0.0,0.0,1,1
15501,806940.0,636447.5,0.0,0.0,1,1
15502,806940.0,636447.5,0.0,0.0,1,1
15503,806940.0,636447.5,0.0,0.0,1,1
15504,806940.0,636447.5,0.0,0.0,1,1
15505,806940.0,636447.5,0.0,0.0,1,1
15506,806940.0,636447.5,0.0,0.0,1,1
15507,806940.0,636447.5,0.0,0.0,1,1
15508,806940.0,636447.5,0.0,0.0,1,1
15509,806940.0,636447.5,0.0,0.0,1,1
15510,806940.0,636447.5,0.0,0.0,1,1
15511,806940.0,636447.5,0.0,0.0,1,1
15512,806940.0,636447.5,0.0,0.0,1,1
15513,806940.0,636447.5,0.0,0.0,1,1
15514,806940.0,636447.5,0.0,0.0,1,1
15515,806940.0,636447.5,0.0,0.0,1,1
15516,806940.0,636447.5,0.0,0.0,1,1
15517,806940.0,636447.5,0.0,0.0,1,1
15518,806940.0,636447.5,0.0,0.0,1,1
15519,806940.0,636447.5,0.0,0.0,1,1
15520,806940.0,636447.5,0.0,0.0,1,1
15521,806940.0,636447.5,0.0,0.0,1,1
15522,806940.0,636447.5,0.0,0.0,1,1
15523,806940.0,636447.5,0.0,0.0,1,1
15524,806940.0,636447.5,0.0,0.0,1,1
15525,806940.0,636447.5,0.0,0.0,1,1
15526,806940.0,636447.5,0.0,0.0,1,1
15527,806940.0,636447.5,0.0,0.0,1,1
15528,806940.0,636447.5,0.0,0.0,1,1
15529,806940.0,636447.5,0.0,0.0,1,1
15530,806940.0,636447.5,0.0,0.0,1,1
15531,806940.0,636447.5,0.0,0.0,1,1
15532,806940.0,636447.5,0.0,0.0,1,1
15533,806940.0,636447.5,0.0,0.0,1,1
15534,806940.0,636447.5,0.0,0.0,1,1
15535,806940.0,636447.5,0.0,0.0,1,1
15536,806940.0,636447.5,0.0,0.0,1,1
15537,806940.0,636447.5,0.0,0.0,1,1
15538,806940.0,636447.5,0.0,0.0,1,1
15539,806940.0,636447.5,0.0,0.0,1,1
15540,806940.0,636447.5,0.0,0.0,1,1
15541,806940.0,636447.5,0.0,0.0,1,1
15542,806940.0,636447.5,0.0,0.0,1,1
15543,806940.0,636447.5,0.0,0.0,1,1
15544,806992.5,636447.5,0.0,0.0,1,1
15545,806992.5,636447.5,0.0,0.0,1,1
15546,806992.5,636447.5,0.0,0.0,1,1
15547,806992.5,636447.5,0.0,0.0,1,1
15548,806992.5,636447.5,0.0,0.0,1,1
15549,806992.5,636447.5,0.0,0.0,1,1
15550,806992.5,636447.5,0.0,0.0,1,1
15551,806992.5,636447.5,0.0,0.0,1,1
15552,806992.5,636447.5,0.0,0.0,1,1
15553,806992.5,636447.5,0.0,0.0,1,1
15554,806992.5,636447.5,0.0,0.0,1,1
15555,806992.5,636447.5,0.0,0.0,1,1
15556,806992.5,636447.5,0.0,0.0,1,1
15557,806992.5,636447.5,0.0,0.0,1,1
15558,806992.5,636447.5,0.0,0.0,1,1
15559,806992.5,636447.5,0.0,0.0,1,1
15560,806992.5,636447.5,0.0,0.0,1,1
15561,806992.5,636447.5,0.0,0.0,1,1
15562,806992.5,636447.5,0.0,0.0,1,1
15563,806992.5,636447.5,0.0,0.0,1,1
15564,806992.5,636447.5,0.0,0.0,1,1
15565,806992.5,636447.5,0.0,0.0,1,1
15566,806992.5,636447.5,0.0,0.0,1,1
15567,806992.5,636447.5,0.0,0.0,1,1
15568,806992.5,636447.5,0.0,0.0,1,1
15569,806992.5,636447.5,0.0,0.0,1,1
15570,806992.5,636447.5,0.0,0.0,1,1
15571,806992.5,636447.5,0.0,0.0,1,1
15572,806992.5,636447.5,0.0,0.0,1,1
15573,806992.5,636447.5,0.0,0.0,1,1
15574,806992.5,636447.5,0.0,0.0,1,1
15575,806992.5,636447.5,0.0,0.0,1,1
15576,806992.5,636447.5,0.0,0.0,1,1
15577,806992.5,636447.5,0.0,0.0,1,1
15578,806992.5,636447.5,0.0,0.0,1,1
15579,806992.5,636447.5,0.0,0.0,1,1
15580,806992.5,636447.5,0.0,0.0,1,1
15581,806992.5,636447.5,0.0,0.0,1,1
15582,806992.5,636447.5,0.0,0.0,1,1
15583,806992.5,636447.5,0.0,0.0,1,1
15584,806992.5,636447.5,0.0,0.0,1,1
15585,806992.5,636447.5,0.0,0.0,1,1
15586,806992.5,636447.5,0.0,0.0,1,1
15587,806992.5,636447.5,0.0,0.0,1,1
15588,806774.0,636447.5,0.0,0.0,1,1
15589,806774.0,636447.5,0.0,0.0,1,1
15590,806774.0,636447.5,0.0,0.0,1,1
15591,806774.0,636447.5,0.0,0.0,1,1
15592,806774.0,636447.5,0.0,0.0,1,1
15593,806774.0,636447.5,0.0,0.0,1,1
15594,806774.0,636447.5,0.0,0.0,1,1
15595,806774.0,636447.5,0.0,0.0,1,1
15596,806774.0,636447.5,0.0,0.0,1,1
15597,806774.0,636447.5,0.0,0.0,1,1
15598,806774.0,636447.5,0.0,0.0,1,1
15599,806774.0,636447.5,0.0,0.0,1,1
15600,806774.0,636447.5,0.0,0.0,1,1
15601,806774.0,636447.5,0.0,0.0,1,1
15602,806774.0,636447.5,0.0,0.0,1,1
15603,806774.0,636447.5,0.0,0.0,1,1
15604,806774.0,636447.5,0.0,0.0,1,1
15605,806056.0,636447.5,0.0,0.0,1,1
15606,806056.0,636447.5,0.0,0.0,1,1
15607,806056.0,636447.5,0.0,0.0,1,1
15608,806056.0,636447.5,0.0,0.0,1,1
15609,805724.5,636447.5,0.0,0.0,1,1
15610,805724.5,636447.5,0.0,0.0,1,1
15611,805724.5,636447.5,0.0,0.0,1,1
15612,805724.5,636447.5,0.0,0.0,1,1
15613,805724.5,636447.5,0.0,0.0,1,1
15614,805724.5,636447.5,0.0,0.0,1,1
15615,805724.5,636447.5,0.0,0.0,1,1
15616,805724.5,636447.5,0.0,0.0,1,1
15617,805724.5,636447.5,0.0,0.0,1,1
15618,805724.5,636447.5,0.0,0.0,1,1
15619,805724.5,636447.5,0.0,0.0,1,1
15620,805724.5,636447.5,0.0,0.0,1,1
15621,805724.5,636447.5,0.0,0.0,1,1
15622,805724.5,636447.5,0.0,0.0,1,1
15623,805724.5,636447.5,0.0,0.0,1,1
15624,805724.5,636447.5,0.0,0.0,1,1
15625,805724.5,636447.5,0.0,0.0,1,1
15626,805724.5,636447.5,0.0,0.0,1,1
15627,805724.5,636447.5,0.0,0.0,1,1
15628,805724.5,636447.5,0.0,0.0,1,1
15629,805724.5,636447.5,0.0,0.0,1,1
15630,805724.5,636447.5,0.0,0.0,1,1
15631,805724.5,636447.5,0.0,0.0,1,1
15632,805724.5,636447.5,0.0,0.0,1,1
15633,805724.5,636447.5,0.0,0.0,1,1
15634,805724.5,636447.5,0.0,0.0,1,1
15635,805724.5,636447.5,0.0,0.0,1,1
15636,805724.5,636447.5,0.0,0.0,1,1
15637,805724.5,636447.5,0.0,0.0,1,1
15638,805724.5,636447.5,0.0,0.0,1,1
15639,805724.5,636447.5,0.0,0.0,1,1
15640,805724.5,636447.5,0.0,0.0,1,1
15641,805724.5,636447.5,0.0,0.0,1,1
15642,805724.5,636447.5,0.0,0.0,1,1
15643,805724.5,636447.5,0.0,0.0,1,1
15644,805724.5,636447.5,0.0,0.0,1,1
15645,805724.5,636447.5,0.0,0.0,1,1
15646,805724.5,636447.5,0.0,0.0,1,1
15647,805724.5,636447.5,0.0,0.0,1,1
15648,806992.0,636447.5,0.0,0.0,1,1
15649,806992.0,636447.5,0.0,0.0,1,1
15650,806992.0,636447.5,0.0,0.0,1,1
15651,806992.0,636447.5,0.0,0.0,1,1
15652,806992.0,636447.5,0.0,0.0,1,1
15653,806992.0,636447.5,0.0,0.0,1,1
15654,806992.0,636447.5,0.0,0.0,1,1
15655,806992.0,636447.5,0.0,0.0,1,1
15656,806992.0,636447.5,0.0,0.0,1,1
15657,806992.0,636447.5,0.0,0.0,1,1
15658,806992.0,636447.5,0.0,0.0,1,1
15659,806992.0,636447.5,0.0,0.0,1,1
15660,806992.0,636447.5,0.0,0.0,1,1
15661,806992.0,636447.5,0.0,0.0,1,1
15662,806992.0,636447.5,0.0,0.0,1,1
15663,806992.0,636447.5,0.0,0.0,1,1
15664,806992.0,636447.5,0.0,0.0,1,1
15665,806992.0,636447.5,0.0,0.0,1,1
15666,806992.0,636447.5,0.0,0.0,1,1
15667,806967.0,636447.5,0.0,0.0,1,1
15668,806967.0,636447.5,0.0,0.0,1,1
15669,806967.0,636447.5,0.0,0.0,1,1
15670,806967.0,636447.5,0.0,0.0,1,1
15671,806967.0,636447.5,0.0,0.0,1,1
15672,806967.0,636447.5,0.0,0.0,1,1
15673,806967.0,636447.5,0.0,0.0,1,1
15674,806967.0,636447.5,0.0,0.0,1,1
15675,806967.0,636447.5,0.0,0.0,1,1
15676,806967.0,636447.5,0.0,0.0,1,1
15677,806967.0,636447.5,0.0,0.0,1,1
15678,806967.0,636447.5,0.0,0.0,1,1
15679,806967.0,636447.5,0.0,0.0,1,1
15680,806967.0,636447.5,0.0,0.0,1,1
15681,806967.0,636447.5,0.0,0.0,1,1
15682,806967.0,636447.5,0.0,0.0,1,1
15683,806967.0,636447.5,0.0,0.0,1,1
15684,806967.0,636447.5,0.0,0.0,1,1
15685,806967.0,636447.5,0.0,0.0,1,1
15686,806967.0,636447.5,0.0,0.0,1,1
15687,806967.0,636447.5,0.0,0.0,1,1
15688,806967.0,636447.5,0.0,0.0,1,1
15689,806967.0,636447.5,0.0,0.0,1,1
15690,806967.0,636447.5,0.0,0.0,1,1
15691,806967.0,636447.5,0.0,0.0,1,1
15692,806967.0,636447.5,0.0,0.0,1,1
15693,806967.0,636447.5,0.0,0.0,1,1
15694,806967.0,636447.5,0.0,0.0,1,1
15695,806967.0,636447.5,0.0,0.0,1,1
15696,806967.0,636447.5,0.0,0.0,1,1
15697,806967.0,636447.5,0.0,0.0,1,1
15698,806967.0,636447.5,0.0,0.0,1,1
15699,806967.0,636447.5,0.0,0.0,1,1
15700,806967.0,636447.5,0.0,0.0,1,1
15701,806967.0,636447.5,0.0,0.0,1,1
15702,806967.0,636447.5,0.0,0.0,1,1
15703,806967.0,636447.5,0.0,0.0,1,1
15704,806967.0,636447.5,0.0,0.0,1,1
15705,806967.0,636447.5,0.0,0.0,1,1
15706,806967.0,636447.5,0.0,0.0,1,1
15707,806967.0,636447.5,0.0,0.0,1,1
15708,806967.0,636447.5,0.0,0.0,1,1
15709,806967.0,636447.5,0.0,0.0,1,1
15710,806967.0,636447.5,0.0,0.0,1,1
15711,806967.0,636447.5,0.0,0.0,1,1
15712,806967.0,636447.5,0.0,0.0,1,1
15713,806967.0,636447.5,0.0,0.0,1,1
15714,806967.0,636447.5,0.0,0.0,1,1
15715,806967.0,636447.5,0.0,0.0,1,1
15716,806626.5,636447.5,0.0,0.0,1,1
15717,806524.5,636447.5,0.0,0.0,1,1
15718,806524.5,636447.5,0.0,0.0,1,1
15719,806524.5,636447.5,0.0,0.0,1,1
15720,806524.5,636447.5,0.0,0.0,1,1
15721,806524.5,636447.5,0.0,0.0,1,1
15722,806524.5,636447.5,0.0,0.0,1,1
15723,806524.5,636447.5,0.0,0.0,1,1
15724,806524.5,636447.5,0.0,0.0,1,1
15725,806524.5,636447.5,0.0,0.0,1,1
15726,806524.5,636447.5,0.0,0.0,1,1
15727,806524.5,636447.5,0.0,0.0,1,1
15728,806524.5,636447.5,0.0,0.0,1,1
15729,806524.5,636447.5,0.0,0.0,1,1
15730,806524.5,636447.5,0.0,0.0,1,1
15731,806524.5,636447.5,0.0,0.0,1,1
15732,806524.5,636447.5,0.0,0.0,1,1
15733,806524.5,636447.5,0.0,0.0,1,1
15734,806524.5,636447.5,0.0,0.0,1,1
15735,806524.5,636447.5,0.0,0.0,1,1
15736,806524.5,636447.5,0.0,0.0,1,1
15737,806524.5,636447.5,0.0,0.0,1,1
15738,806524.5,636447.5,0.0,0.0,1,1
15739,806524.5,636447.5,0.0,0.0,1,1
15740,806524.5,636447.5,0.0,0.0,1,1
15741,806524.5,636447.5,0.0,0.0,1,1
15742,806524.5,636447.5,0.0,0.0,1,1
15743,806524.5,636447.5,0.0,0.0,1,1
15744,806524.5,636447.5,0.0,0.0,1,1
15745,806524.5,636447.5,0.0,0.0,1,1
15746,806524.5,636447.5,0.0,0.0,1,1
15747,806524.5,636447.5,0.0,0.0,1,1
15748,806524.5,636447.5,0.0,0.0,1,1
15749,806524.5,636447.5,0.0,0.0,1,1
15750,806524.5,636447.5,0.0,0.0,1,1
15751,806524.5,636447.5,0.0,0.0,1,1
15752,806524.5,636447.5,0.0,0.0,1,1
15753,806524.5,636447.5,0.0,0.0,1,1
15754,806524.5,636447.5,0.0,0.0,1,1
15755,806524.5,636447.5,0.0,0.0,1,1
15756,806524.5,636447.5,0.0,0.0,1,1
15757,806524.5,636447.5,0.0,0.0,1,1
15758,806524.5,636447.5,0.0,0.0,1,1
15759,806524.5,636447.5,0.0,0.0,1,1
15760,806524.5,636447.5,0.0,0.0,1,1
15761,806524.5,636447.5,0.0,0.0,1,1
15762,806524.5,636447.5,0.0,0.0,1,1
15763,806524.5,636447.5,0.0,0.0,1,1
15764,806524.5,636447.5,0.0,0.0,1,1
15765,806524.5,636447.5,0.0,0.0,1,1
15766,806524.5,636447.5,0.0,0.0,1,1
15767,806524.5,636447.5,0.0,0.0,1,1
15768,806524.5,636447.5,0.0,0.0,1,1
15769,806524.5,636447.5,0.0,0.0,1,1
15770,806524.5,636447.5,0.0,0.0,1,1
15771,806524.5,636447.5,0.0,0.0,1,1
15772,806524.5,636447.5,0.0,0.0,1,1
15773,806524.5,636447.5,0.0,0.0,1,1
15774,806524.5,636447.5,0.0,0.0,1,1
15775,806524.5,636447.5,0.0,0.0,1,1
15776,806524.5,636447.5,0.0,0.0,1,1
15777,806524.5,636447.5,0.0,0.0,1,1
15778,806524.5,636447.5,0.0,0.0,1,1
15779,806524.5,636447.5,0.0,0.0,1,1
15780,806524.5,636447.5,0.0,0.0,1,1
15781,806524.5,636447.5,0.0,0.0,1,1
15782,806524.5,636447.5,0.0,0.0,1,1
15783,806524.5,636447.5,0.0,0.0,1,1
15784,806524.5,636447.5,0.0,0.0,1,1
15785,806524.5,636447.5,0.0,0.0,1,1
15786,806524.5,636447.5,0.0,0.0,1,1
15787,806524.5,636447.5,0.0,0.0,1,1
15788,806524.5,636447.5,0.0,0.0,1,1
15789,806524.5,636447.5,0.0,0.0,1,1
15790,806524.5,636447.5,0.0,0.0,1,1
15791,806524.5,636447.5,0.0,0.0,1,1
15792,806524.5,636447.5,0.0,0.0,1,1
15793,806524.5,636447.5,0.0,0.0,1,1
15794,806524.5,636447.5,0.0,0.0,1,1
15795,806524.5,636447.5,0.0,0.0,1,1
15796,806524.5,636447.5,0.0,0.0,1,1
15797,806524.5,636447.5,0.0,0.0,1,1
15798,806524.5,636447.5,0.0,0.0,1,1
15799,806524.5,636447.5,0.0,0.0,1,1
15800,806524.5,636447.5,0.0,0.0,1,1
15801,806524.5,636447.5,0.0,0.0,1,1
15802,806524.5,636447.5,0.0,0.0,1,1
15803,806524.5,636447.5,0.0,0.0,1,1
15804,806524.5,636447.5,0.0,0.0,1,1
15805,806524.5,636447.5,0.0,0.0,1,1
15806,806524.5,636447.5,0.0,0.0,1,1
15807,806524.5,636447.5,0.0,0.0,1,1
15808,806524.5,636447.5,0.0,0.0,1,1
15809,806524.5,636447.5,0.0,0.0,1,1
15810,806524.5,636447.5,0.0,0.0,1,1
15811,806524.5,636447.5,0.0,0.0,1,1
15812,806524.5,636447.5,0.0,0.0,1,1
15813,806524.5,636447.5,0.0,0.0,1,1
15814,806524.5,636447.5,0.0,0.0,1,1
15815,806524.5,636447.5,0.0,0.0,1,1
15816,806524.5,636447.5,0.0,0.0,1,1
15817,806524.5,636447.5,0.0,0.0,1,1
15818,806524.5,636447.5,0.0,0.0,1,1
15819,806524.5,636447.5,0.0,0.0,1,1
15820,806524.5,636447.5,0.0,0.0,1,1
15821,806524.5,636447.5,0.0,0.0,1,1
15822,806524.5,636447.5,0.0,0.0,1,1
15823,806524.5,636447.5,0.0,0.0,1,1
15824,806524.5,636447.5,0.0,0.0,1,1
15825,806524.5,636447.5,0.0,0.0,1,1
15826,806524.5,636447.5,0.0,0.0,1,1
15827,806524.5,636447.5,0.0,0.0,1,1
15828,806524.5,636447.5,0.0,0.0,1,1
15829,805567.5,636447.5,0.0,0.0,1,1
15830,805567.5,636447.5,0.0,0.0,1,1
15831,805567.5,636447.5,0.0,0.0,1,1
15832,805567.5,636447.5,0.0,0.0,1,1
15833,805567.5,636447.5,0.0,0.0,1,1
15834,805567.5,636447.5,0.0,0.0,1,1
15835,805567.5,636447.5,0.0,0.0,1,1
15836,805567.5,636447.5,0.0,0.0,1,1
15837,805567.5,636447.5,0.0,0.0,1,1
15838,805567.5,636447.5,0.0,0.0,1,1
15839,805567.5,636447.5,0.0,0.0,1,1
15840,805567.5,636447.5,0.0,0.0,1,1
15841,805567.5,636447.5,0.0,0.0,1,1
15842,805567.5,636447.5,0.0,0.0,1,1
15843,805567.5,636447.5,0.0,0.0,1,1
15844,805567.5,636447.5,0.0,0.0,1,1
15845,805567.5,636447.5,0.0,0.0,1,1
15846,805550.5,636447.5,0.0,0.0,1,1
15847,805550.5,636447.5,0.0,0.0,1,1
15848,805550.5,636447.5,0.0,0.0,1,1
15849,805550.5,636447.5,0.0,0.0,1,1
15850,805550.5,636447.5,0.0,0.0,1,1
15851,805550.5,636447.5,0.0,0.0,1,1
15852,805550.5,636447.5,0.0,0.0,1,1
15853,805550.5,636447.5,0.0,0.0,1,1
15854,805550.5,636447.5,0.0,0.0,1,1
15855,805550.5,636447.5,0.0,0.0,1,1
15856,805550.5,636447.5,0.0,0.0,1,1
15857,805550.5,636447.5,0.0,0.0,1,1
15858,805550.5,636447.5,0.0,0.0,1,1
15859,805550.5,636447.5,0.0,0.0,1,1
15860,805550.5,636447.5,0.0,0.0,1,1
15861,805550.5,636447.5,0.0,0.0,1,1
15862,805550.5,636447.5,0.0,0.0,1,1
15863,805550.5,636447.5,0.0,0.0,1,1
15864,805550.5,636447.5,0.0,0.0,1,1
15865,805550.5,636447.5,0.0,0.0,1,1
15866,805550.5,636447.5,0.0,0.0,1,1
15867,805483.5,636447.5,0.0,0.0,1,1
15868,805483.5,636447.5,0.0,0.0,1,1
15869,805483.5,636447.5,0.0,0.0,1,1
15870,805466.5,636447.5,0.0,0.0,1,1
15871,805466.5,636447.5,0.0,0.0,1,1
15872,805466.5,636447.5,0.0,0.0,1,1
15873,805466.5,636447.5,0.0,0.0,1,1
15874,805466.5,636447.5,0.0,0.0,1,1
15875,805466.5,636447.5,0.0,0.0,1,1
15876,805466.5,636447.5,0.0,0.0,1,1
15877,805466.5,636447.5,0.0,0.0,1,1
15878,805466.5,636447.5,0.0,0.0,1,1
15879,805466.5,636447.5,0.0,0.0,1,1
15880,805466.5,636447.5,0.0,0.0,1,1
15881,805466.5,636447.5,0.0,0.0,1,1
15882,806995.0,636447.5,0.0,0.0,1,1
15883,806995.0,636447.5,0.0,0.0,1,1
15884,806995.0,636447.5,0.0,0.0,1,1
15885,806995.0,636447.5,0.0,0.0,1,1
15886,806995.0,636447.5,0.0,0.0,1,1
15887,806995.0,636447.5,0.0,0.0,1,1
15888,806995.0,636447.5,0.0,0.0,1,1
15889,806995.0,636447.5,0.0,0.0,1,1
15890,806995.0,636447.5,0.0,0.0,1,1
15891,806995.0,636447.5,0.0,0.0,1,1
15892,806995.0,636447.5,0.0,0.0,1,1
15893,806995.0,636447.5,0.0,0.0,1,1
15894,806995.0,636447.5,0.0,0.0,1,1
15895,806995.0,636447.5,0.0,0.0,1,1
15896,806995.0,636447.5,0.0,0.0,1,1
15897,806995.0,636447.5,0.0,0.0,1,1
15898,806995.0,636447.5,0.0,0.0,1,1
15899,806995.0,636447.5,0.0,0.0,1,1
15900,807101.0,636447.5,0.0,0.0,1,1
15901,807101.0,636447.5,0.0,0.0,1,1
15902,807101.0,636447.5,0.0,0.0,1,1
15903,807101.0,636447.5,0.0,0.0,1,1
15904,807101.0,636447.5,0.0,0.0,1,1
15905,807101.0,636447.5,0.0,0.0,1,1
15906,807101.0,636447.5,0.0,0.0,1,1
15907,807101.0,636447.5,0.0,0.0,1,1
15908,807101.0,636447.5,0.0,0.0,1,1
15909,807020.0,636447.5,0.0,0.0,1,1
15910,807020.0,636447.5,0.0,0.0,1,1
15911,807020.0,636447.5,0.0,0.0,1,1
15912,807020.0,636447.5,0.0,0.0,1,1
15913,807020.0,636447.5,0.0,0.0,1,1
15914,807020.0,636447.5,0.0,0.0,1,1
15915,807020.0,636447.5,0.0,0.0,1,1
15916,807020.0,636447.5,0.0,0.0,1,1
15917,807020.0,636447.5,0.0,0.0,1,1
15918,807020.0,636447.5,0.0,0.0,1,1
15919,807020.0,636447.5,0.0,0.0,1,1
15920,807020.0,636447.5,0.0,0.0,1,1
15921,807020.0,636447.5,0.0,0.0,1,1
15922,807020.0,636447.5,0.0,0.0,1,1
15923,807020.0,636447.5,0.0,0.0,1,1
15924,807020.0,636447.5,0.0,0.0,1,1
15925,807020.0,636447.5,0.0,0.0,1,1
15926,807020.0,636447.5,0.0,0.0,1,1
15927,807020.0,636447.5,0.0,0.0,1,1
15928,807020.0,636447.5,0.0,0.0,1,1
15929,806964.0,636447.5,0.0,0.0,1,1
15930,806964.0,636447.5,0.0,0.0,1,1
15931,806964.0,636447.5,0.0,0.0,1,1
15932,806964.0,636447.5,0.0,0.0,1,1
15933,806964.0,636447.5,0.0,0.0,1,1
15934,806964.0,636447.5,0.0,0.0,1,1
15935,806964.0,636447.5,0.0,0.0,1,1
15936,806964.0,636447.5,0.0,0.0,1,1
15937,806964.0,636447.5,0.0,0.0,1,1
15938,806964.0,636447.5,0.0,0.0,1,1
15939,806964.0,636447.5,0.0,0.0,1,1
15940,806964.0,636447.5,0.0,0.0,1,1
15941,806964.0,636447.5,0.0,0.0,1,1
15942,806964.0,636447.5,0.0,0.0,1,1
15943,806964.0,636447.5,0.0,0.0,1,1
15944,806964.0,636447.5,0.0,0.0,1,1
15945,806964.0,636447.5,0.0,0.0,1,1
15946,806964.0,636447.5,0.0,0.0,1,1
15947,806964.0,636447.5,0.0,0.0,1,1
15948,806964.0,636447.5,0.0,0.0,1,1
15949,806964.0,636447.5,0.0,0.0,1,1
15950,806964.0,636447.5,0.0,0.0,1,1
15951,806964.0,636447.5,0.0,0.0,1,1
15952,806964.0,636447.5,0.0,0.0,1,1
15953,806964.0,636447.5,0.0,0.0,1,1
15954,806964.0,636447.5,0.0,0.0,1,1
15955,806964.0,636447.5,0.0,0.0,1,1
15956,806964.0,636447.5,0.0,0.0,1,1
15957,806964.0,636447.5,0.0,0.0,1,1
15958,806964.0,636447.5,0.0,0.0,1,1
15959,806964.0,636447.5,0.0,0.0,1,1
15960,806964.0,636447.5,0.0,0.0,1,1
15961,806964.0,636447.5,0.0,0.0,1,1
15962,806964.0,636447.5,0.0,0.0,1,1
15963,806964.0,636447.5,0.0,0.0,1,1
15964,806964.0,636447.5,0.0,0.0,1,1
15965,806964.0,636447.5,0.0,0.0,1,1
15966,806964.0,636447.5,0.0,0.0,1,1
15967,806964.0,636447.5,0.0,0.0,1,1
15968,806964.0,636447.5,0.0,0.0,1,1
15969,806964.0,636447.5,0.0,0.0,1,1
15970,806964.0,636447.5,0.0,0.0,1,1
15971,806964.0,636447.5,0.0,0.0,1,1
15972,806964.0,636447.5,0.0,0.0,1,1
15973,806964.0,636447.5,0.0,0.0,1,1
15974,806964.0,636447.5,0.0,0.0,1,1
15975,807020.0,636447.5,0.0,0.0,1,1
15976,807020.0,636447.5,0.0,0.0,1,1
15977,807020.0,636447.5,0.0,0.0,1,1
15978,807020.0,636447.5,0.0,0.0,1,1
15979,807020.0,636447.5,0.0,0.0,1,1
15980,807020.0,636447.5,0.0,0.0,1,1
15981,807020.0,636447.5,0.0,0.0,1,1
15982,807020.0,636447.5,0.0,0.0,1,1
15983,807020.0,636447.5,0.0,0.0,1,1
15984,807020.0,636447.5,0.0,0.0,1,1
15985,806979.5,636447.5,0.0,0.0,1,1
15986,806979.5,636447.5,0.0,0.0,1,1
15987,806979.5,636447.5,0.0,0.0,1,1
15988,806979.5,636447.5,0.0,0.0,1,1
15989,806979.5,636447.5,0.0,0.0,1,1
15990,806979.5,636447.5,0.0,0.0,1,1
15991,806979.5,636447.5,0.0,0.0,1,1
15992,806979.5,636447.5,0.0,0.0,1,1
15993,806979.5,636447.5,0.0,0.0,1,1
15994,806979.5,636447.5,0.0,0.0,1,1
15995,806979.5,636447.5,0.0,0.0,1,1
15996,806979.5,636447.5,0.0,0.0,1,1
15997,806979.5,636447.5,0.0,0.0,1,1
15998,806986.5,636447.5,0.0,0.0,1,1
15999,806986.5,636447.5,0.0,0.0,1,1
16000,806919.5,636447.5,0.0,0.0,1,1
16001,806919.5,636447.5,0.0,0.0,1,1
16002,806919.5,636447.5,0.0,0.0,1,1
16003,806919.5,636447.5,0.0,0.0,1,1
16004,806919.5,636447.5,0.0,0.0,1,1
16005,806919.5,636447.5,0.0,0.0,1,1
16006,806919.5,636447.5,0.0,0.0,1,1
16007,806919.5,636447.5,0.0,0.0,1,1
16008,806919.5,636447.5,0.0,0.0,1,1
16009,806919.5,636447.5,0.0,0.0,1,1
16010,806919.5,636447.5,0.0,0.0,1,1
16011,806919.5,636447.5,0.0,0.0,1,1
16012,806919.5,636447.5,0.0,0.0,1,1
16013,806919.5,636447.5,0.0,0.0,1,1
16014,806919.5,636447.5,0.0,0.0,1,1
16015,806919.5,636447.5,0.0,0.0,1,1
16016,806919.5,636447.5,0.0,0.0,1,1
16017,807214.5,636447.5,0.0,0.0,1,1
16018,807214.5,636447.5,0.0,0.0,1,1
16019,807214.5,636447.5,0.0,0.0,1,1
16020,807214.5,636447.5,0.0,0.0,1,1
16021,807214.5,636447.5,0.0,0.0,1,1
16022,807214.5,636447.5,0.0,0.0,1,1
16023,807214.5,636447.5,0.0,0.0,1,1
16024,807214.5,636447.5,0.0,0.0,1,1
16025,807214.5,636447.5,0.0,0.0,1,1
16026,807214.5,636447.5,0.0,0.0,1,1
16027,807214.5,636447.5,0.0,0.0,1,1
16028,807214.5,636447.5,0.0,0.0,1,1
16029,807214.5,636447.5,0.0,0.0,1,1
16030,807214.5,636447.5,0.0,0.0,1,1
16031,807515.0,636447.5,0.0,0.0,1,1
16032,807515.0,636447.5,0.0,0.0,1,1
16033,807515.0,636447.5,0.0,0.0,1,1
16034,807650.5,636447.5,0.0,0.0,1,1
16035,807650.5,636447.5,0.0,0.0,1,1
16036,807650.5,636447.5,0.0,0.0,1,1
16037,807650.5,636447.5,0.0,0.0,1,1
16038,807650.5,636447.5,0.0,0.0,1,1
16039,807650.5,636447.5,0.0,0.0,1,1
16040,807650.5,636447.5,0.0,0.0,1,1
16041,807650.5,636447.5,0.0,0.0,1,1
16042,807650.5,636447.5,0.0,0.0,1,1
16043,807650.5,636447.5,0.0,0.0,1,1
16044,807650.5,636447.5,0.0,0.0,1,1
16045,807650.5,636447.5,0.0,0.0,1,1
16046,807650.5,636447.5,0.0,0.0,1,1
16047,807650.5,636447.5,0.0,0.0,1,1
16048,807650.5,636447.5,0.0,0.0,1,1
16049,807650.5,636447.5,0.0,0.0,1,1
16050,807650.5,636447.5,0.0,0.0,1,1
16051,807650.5,636447.5,0.0,0.0,1,1
16052,807670.5,636447.5,0.0,0.0,1,1
16053,807670.5,636447.5,0.0,0.0,1,1
16054,807670.5,636447.5,0.0,0.0,1,1
16055,807670.5,636447.5,0.0,0.0,1,1
16056,807670.5,636447.5,0.0,0.0,1,1
16057,807597.0,636447.5,0.0,0.0,1,1
16058,807597.0,636447.5,0.0,0.0,1,1
16059,807597.0,636447.5,0.0,0.0,1,1
16060,807597.0,636447.5,0.0,0.0,1,1
16061,807597.0,636447.5,0.0,0.0,1,1
16062,807597.0,636447.5,0.0,0.0,1,1
16063,807597.0,636447.5,0.0,0.0,1,1
16064,807597.0,636447.5,0.0,0.0,1,1
16065,807597.0,636447.5,0.0,0.0,1,1
16066,807597.0,636447.5,0.0,0.0,1,1
16067,807597.0,636447.5,0.0,0.0,1,1
16068,807597.0,636447.5,0.0,0.0,1,1
16069,807597.0,636447.5,0.0,0.0,1,1
16070,807597.0,636447.5,0.0,0.0,1,1
16071,807597.0,636447.5,0.0,0.0,1,1
16072,807597.0,636447.5,0.0,0.0,1,1
16073,807597.0,636447.5,0.0,0.0,1,1
16074,807597.0,636447.5,0.0,0.0,1,1
16075,807597.0,636447.5,0.0,0.0,1,1
16076,807597.0,636447.5,0.0,0.0,1,1
16077,807597.0,636447.5,0.0,0.0,1,1
16078,807597.0,636447.5,0.0,0.0,1,1
16079,807597.0,636447.5,0.0,0.0,1,1
16080,807597.0,636447.5,0.0,0.0,1,1
16081,807428.5,636447.5,0.0,0.0,1,1
16082,807428.5,636447.5,0.0,0.0,1,1
16083,807428.5,636447.5,0.0,0.0,1,1
16084,807428.5,636447.5,0.0,0.0,1,1
16085,807428.5,636447.5,0.0,0.0,1,1
16086,807428.5,636447.5,0.0,0.0,1,1
16087,807058.0,636447.5,0.0,0.0,1,1
16088,807058.0,636447.5,0.0,0.0,1,1
16089,807058.0,636447.5,0.0,0.0,1,1
16090,807058.0,636447.5,0.0,0.0,1,1
16091,807058.0,636447.5,0.0,0.0,1,1
16092,807058.0,636447.5,0.0,0.0,1,1
16093,807058.0,636447.5,0.0,0.0,1,1
16094,807328.5,636447.5,0.0,0.0,1,1
16095,807328.5,636447.5,0.0,0.0,1,1
16096,807328.5,636447.5,0.0,0.0,1,1
16097,807328.5,636447.5,0.0,0.0,1,1
16098,807212.5,636447.5,0.0,0.0,1,1
16099,807212.5,636447.5,0.0,0.0,1,1
16100,807212.5,636447.5,0.0,0.0,1,1
16101,807212.5,636447.5,0.0,0.0,1,1
16102,807212.5,636447.5,0.0,0.0,1,1
16103,807212.5,636447.5,0.0,0.0,1,1
16104,807212.5,636447.5,0.0,0.0,1,1
16105,807212.5,636447.5,0.0,0.0,1,1
16106,807212.5,636447.5,0.0,0.0,1,1
16107,807212.5,636447.5,0.0,0.0,1,1
16108,807212.5,636447.5,0.0,0.0,1,1
16109,807212.5,636447.5,0.0,0.0,1,1
16110,807212.5,636447.5,0.0,0.0,1,1
16111,807212.5,636447.5,0.0,0.0,1,1
16112,807212.5,636447.5,0.0,0.0,1,1
16113,807212.5,636447.5,0.0,0.0,1,1
16114,807203.5,636447.5,0.0,0.0,1,1
16115,807203.5,636447.5,0.0,0.0,1,1
16116,807203.5,636447.5,0.0,0.0,1,1
16117,807203.5,636447.5,0.0,0.0,1,1
16118,807203.5,636447.5,0.0,0.0,1,1
16119,807203.5,636447.5,0.0,0.0,1,1
16120,807184.5,636447.5,0.0,0.0,1,1
16121,807184.5,636447.5,0.0,0.0,1,1
16122,807184.5,636447.5,0.0,0.0,1,1
16123,807184.5,636447.5,0.0,0.0,1,1
16124,807201.5,636447.5,0.0,0.0,1,1
16125,807201.5,636447.5,0.0,0.0,1,1
16126,807201.5,636447.5,0.0,0.0,1,1
16127,807201.5,636447.5,0.0,0.0,1,1
16128,807201.5,636447.5,0.0,0.0,1,1
16129,807201.5,636447.5,0.0,0.0,1,1
16130,807201.5,636447.5,0.0,0.0,1,1
16131,807201.5,636447.5,0.0,0.0,1,1
16132,809758.0,636447.5,0.0,0.0,1,1
16133,809758.0,636447.5,0.0,0.0,1,1
16134,809758.0,636447.5,0.0,0.0,1,1
16135,809758.0,636447.5,0.0,0.0,1,1
16136,809758.0,636447.5,0.0,0.0,1,1
16137,809758.0,636447.5,0.0,0.0,1,1
16138,809758.0,636447.5,0.0,0.0,1,1
16139,809761.0,636447.5,0.0,0.0,1,1
16140,809761.0,636447.5,0.0,0.0,1,1
16141,809761.0,636447.5,0.0,0.0,1,1
16142,809761.0,636447.5,0.0,0.0,1,1
16143,809761.0,636447.5,0.0,0.0,1,1
16144,809761.0,636447.5,0.0,0.0,1,1
16145,809761.0,636447.5,0.0,0.0,1,1
16146,809761.0,636447.5,0.0,0.0,1,1
16147,809761.0,636447.5,0.0,0.0,1,1
16148,809761.0,636447.5,0.0,0.0,1,1
16149,809761.0,636447.5,0.0,0.0,1,1
16150,809761.0,636447.5,0.0,0.0,1,1
16151,809761.0,636447.5,0.0,0.0,1,1
16152,809761.0,636447.5,0.0,0.0,1,1
16153,809761.0,636447.5,0.0,0.0,1,1
16154,809761.0,636447.5,0.0,0.0,1,1
16155,809761.0,636447.5,0.0,0.0,1,1
16156,809761.0,636447.5,0.0,0.0,1,1
16157,809761.0,636447.5,0.0,0.0,1,1
16158,809761.0,636447.5,0.0,0.0,1,1
16159,809778.5,636447.5,0.0,0.0,1,1
16160,809778.5,636447.5,0.0,0.0,1,1
16161,809778.5,636447.5,0.0,0.0,1,1
16162,809778.5,636447.5,0.0,0.0,1,1
16163,809778.5,636447.5,0.0,0.0,1,1
16164,809778.5,636447.5,0.0,0.0,1,1
16165,809778.5,636447.5,0.0,0.0,1,1
16166,809778.5,636447.5,0.0,0.0,1,1
16167,809585.5,636447.5,0.0,0.0,1,1
16168,809585.5,636447.5,0.0,0.0,1,1
16169,809585.5,636447.5,0.0,0.0,1,1
16170,809585.5,636447.5,0.0,0.0,1,1
16171,809585.5,636447.5,0.0,0.0,1,1
16172,809585.5,636447.5,0.0,0.0,1,1
16173,809585.5,636447.5,0.0,0.0,1,1
16174,809585.5,636447.5,0.0,0.0,1,1
16175,809585.5,636447.5,0.0,0.0,1,1
16176,809585.5,636447.5,0.0,0.0,1,1
16177,809585.5,636447.5,0.0,0.0,1,1
16178,809585.5,636447.5,0.0,0.0,1,1
16179,809585.5,636447.5,0.0,0.0,1,1
16180,809827.0,636447.5,0.0,0.0,1,1
16181,809827.0,636447.5,0.0,0.0,1,1
16182,809827.0,636447.5,0.0,0.0,1,1
16183,809827.0,636447.5,0.0,0.0,1,1
16184,809827.0,636447.5,0.0,0.0,1,1
16185,809827.0,636447.5,0.0,0.0,1,1
16186,809827.0,636447.5,0.0,0.0,1,1
16187,809827.0,636447.5,0.0,0.0,1,1
16188,809827.0,636447.5,0.0,0.0,1,1
16189,809827.0,636447.5,0.0,0.0,1,1
16190,810231.5,636447.5,0.0,0.0,1,1
16191,810231.5,636447.5,0.0,0.0,1,1
16192,810231.5,636447.5,0.0,0.0,1,1
16193,810231.5,636447.5,0.0,0.0,1,1
16194,810231.5,636447.5,0.0,0.0,1,1
16195,810231.5,636447.5,0.0,0.0,1,1
16196,810231.5,636447.5,0.0,0.0,1,1
16197,810231.5,636447.5,0.0,0.0,1,1
16198,810231.5,636447.5,0.0,0.0,1,1
16199,810164.0,636447.5,0.0,0.0,1,1
16200,810164.0,636447.5,0.0,0.0,1,1
16201,810164.0,636447.5,0.0,0.0,1,1
16202,810164.0,636447.5,0.0,0.0,1,1
16203,810164.0,636447.5,0.0,0.0,1,1
16204,810164.0,636447.5,0.0,0.0,1,1
16205,810164.0,636447.5,0.0,0.0,1,1
16206,810164.0,636447.5,0.0,0.0,1,1
16207,810164.0,636447.5,0.0,0.0,1,1
16208,810164.0,636447.5,0.0,0.0,1,1
16209,810164.0,636447.5,0.0,0.0,1,1
16210,810147.0,636447.5,0.0,0.0,1,1
16211,810147.0,636447.5,0.0,0.0,1,1
16212,810147.0,636447.5,0.0,0.0,1,1
16213,810147.0,636447.5,0.0,0.0,1,1
16214,810147.0,636447.5,0.0,0.0,1,1
16215,810147.0,636447.5,0.0,0.0,1,1
16216,810147.0,636447.5,0.0,0.0,1,1
16217,810147.0,636447.5,0.0,0.0,1,1
16218,810147.0,636447.5,0.0,0.0,1,1
16219,810147.0,636447.5,0.0,0.0,1,1
16220,810147.0,636447.5,0.0,0.0,1,1
16221,810147.0,636447.5,0.0,0.0,1,1
16222,810147.0,636447.5,0.0,0.0,1,1
16223,810147.0,636447.5,0.0,0.0,1,1
16224,810147.0,636447.5,0.0,0.0,1,1
16225,810147.0,636447.5,0.0,0.0,1,1
16226,810147.0,636447.5,0.0,0.0,1,1
16227,810147.0,636447.5,0.0,0.0,1,1
16228,810147.0,636447.5,0.0,0.0,1,1
16229,810147.0,636447.5,0.0,0.0,1,1
16230,810147.0,636447.5,0.0,0.0,1,1
16231,810147.0,636447.5,0.0,0.0,1,1
16232,810147.0,636447.5,0.0,0.0,1,1
16233,810192.5,636447.5,0.0,0.0,1,1
16234,810192.5,636447.5,0.0,0.0,1,1
16235,810192.5,636447.5,0.0,0.0,1,1
16236,810192.5,636447.5,0.0,0.0,1,1
16237,810192.5,636447.5,0.0,0.0,1,1
16238,810192.5,636447.5,0.0,0.0,1,1
16239,810192.5,636447.5,0.0,0.0,1,1
16240,810192.5,636447.5,0.0,0.0,1,1
16241,810192.5,636447.5,0.0,0.0,1,1
16242,810192.5,636447.5,0.0,0.0,1,1
16243,810192.5,636447.5,0.0,0.0,1,1
16244,810192.5,636447.5,0.0,0.0,1,1
16245,810192.5,636447.5,0.0,0.0,1,1
16246,810192.5,636447.5,0.0,0.0,1,1
16247,809411.0,636447.5,0.0,0.0,1,1
16248,809411.0,636447.5,0.0,0.0,1,1
16249,809201.5,636447.5,0.0,0.0,1,1
16250,809201.5,636447.5,0.0,0.0,1,1
16251,809201.5,636447.5,0.0,0.0,1,1
16252,809201.5,636447.5,0.0,0.0,1,1
16253,809201.5,636447.5,0.0,0.0,1,1
16254,809932.5,636447.5,0.0,0.0,1,1
16255,809932.5,636447.5,0.0,0.0,1,1
16256,809932.5,636447.5,0.0,0.0,1,1
16257,809932.5,636447.5,0.0,0.0,1,1
16258,809932.5,636447.5,0.0,0.0,1,1
16259,809932.5,636447.5,0.0,0.0,1,1
16260,809932.5,636447.5,0.0,0.0,1,1
16261,809932.5,636447.5,0.0,0.0,1,1
16262,809932.5,636447.5,0.0,0.0,1,1
16263,809932.5,636447.5,0.0,0.0,1,1
16264,809932.5,636447.5,0.0,0.0,1,1
16265,809932.5,636447.5,0.0,0.0,1,1
16266,809932.5,636447.5,0.0,0.0,1,1
16267,809932.5,636447.5,0.0,0.0,1,1
16268,811648.0,636447.5,0.0,0.0,1,1
16269,811648.0,636447.5,0.0,0.0,1,1
16270,811648.0,636447.5,0.0,0.0,1,1
16271,811648.0,636447.5,0.0,0.0,1,1
16272,811648.0,636447.5,0.0,0.0,1,1
16273,811648.0,636447.5,0.0,0.0,1,1
16274,811648.0,636447.5,0.0,0.0,1,1
16275,811648.0,636447.5,0.0,0.0,1,1
16276,811648.0,636447.5,0.0,0.0,1,1
16277,811648.0,636447.5,0.0,0.0,1,1
16278,811648.0,636447.5,0.0,0.0,1,1
16279,811648.0,636447.5,0.0,0.0,1,1
16280,811648.0,636447.5,0.0,0.0,1,1
16281,811648.0,636447.5,0.0,0.0,1,1
16282,811648.0,636447.5,0.0,0.0,1,1
16283,811648.0,636447.5,0.0,0.0,1,1
16284,811648.0,636447.5,0.0,0.0,1,1
16285,811648.0,636447.5,0.0,0.0,1,1
16286,811648.0,636447.5,0.0,0.0,1,1
16287,811005.5,636447.5,0.0,0.0,1,1
16288,811005.5,636447.5,0.0,0.0,1,1
16289,811005.5,636447.5,0.0,0.0,1,1
16290,811005.5,636447.5,0.0,0.0,1,1
16291,811005.5,636447.5,0.0,0.0,1,1
16292,811005.5,636447.5,0.0,0.0,1,1
16293,811005.5,636447.5,0.0,0.0,1,1
16294,811005.5,636447.5,0.0,0.0,1,1
16295,811005.5,636447.5,0.0,0.0,1,1
16296,811005.5,636447.5,0.0,0.0,1,1
16297,811005.5,636447.5,0.0,0.0,1,1
16298,811005.5,636447.5,0.0,0.0,1,1
16299,810544.5,636447.5,0.0,0.0,1,1
16300,810544.5,636447.5,0.0,0.0,1,1
16301,810544.5,636447.5,0.0,0.0,1,1
16302,810544.5,636447.5,0.0,0.0,1,1
16303,810544.5,636447.5,0.0,0.0,1,1
16304,810544.5,636447.5,0.0,0.0,1,1
16305,810544.5,636447.5,0.0,0.0,1,1
16306,810544.5,636447.5,0.0,0.0,1,1
16307,810544.5,636447.5,0.0,0.0,1,1
16308,810544.5,636447.5,0.0,0.0,1,1
16309,810544.5,636447.5,0.0,0.0,1,1
16310,810544.5,636447.5,0.0,0.0,1,1
16311,810544.5,636447.5,0.0,0.0,1,1
16312,810544.5,636447.5,0.0,0.0,1,1
16313,810544.5,636447.5,0.0,0.0,1,1
16314,810544.5,636447.5,0.0,0.0,1,1
16315,810544.5,636447.5,0.0,0.0,1,1
16316,810544.5,636447.5,0.0,0.0,1,1
16317,810544.5,636447.5,0.0,0.0,1,1
16318,810544.5,636447.5,0.0,0.0,1,1
16319,810544.5,636447.5,0.0,0.0,1,1
16320,810544.5,636447.5,0.0,0.0,1,1
16321,810544.5,636447.5,0.0,0.0,1,1
16322,809419.5,636447.5,0.0,0.0,1,1
16323,809419.5,636447.5,0.0,0.0,1,1
16324,809419.5,636447.5,0.0,0.0,1,1
16325,809419.5,636447.5,0.0,0.0,1,1
16326,809419.5,636447.5,0.0,0.0,1,1
16327,809419.5,636447.5,0.0,0.0,1,1
16328,809419.5,636447.5,0.0,0.0,1,1
16329,809419.5,636447.5,0.0,0.0,1,1
16330,809419.5,636447.5,0.0,0.0,1,1
16331,809419.5,636447.5,0.0,0.0,1,1
16332,809419.5,636447.5,0.0,0.0,1,1
16333,809419.5,636447.5,0.0,0.0,1,1
16334,809419.5,636447.5,0.0,0.0,1,1
16335,809419.5,636447.5,0.0,0.0,1,1
16336,809419.5,636447.5,0.0,0.0,1,1
16337,809419.5,636447.5,0.0,0.0,1,1
16338,809419.5,636447.5,0.0,0.0,1,1
16339,809419.5,636447.5,0.0,0.0,1,1
16340,809419.5,636447.5,0.0,0.0,1,1
16341,809419.5,636447.5,0.0,0.0,1,1
16342,809419.5,636447.5,0.0,0.0,1,1
16343,809419.5,636447.5,0.0,0.0,1,1
16344,809419.5,636447.5,0.0,0.0,1,1
16345,809419.5,636447.5,0.0,0.0,1,1
16346,809419.5,636447.5,0.0,0.0,1,1
16347,809419.5,636447.5,0.0,0.0,1,1
16348,809419.5,636447.5,0.0,0.0,1,1
16349,809419.5,636447.5,0.0,0.0,1,1
16350,809419.5,636447.5,0.0,0.0,1,1
16351,809419.5,636447.5,0.0,0.0,1,1
16352,809772.0,636447.5,0.0,0.0,1,1
16353,809772.0,636447.5,0.0,0.0,1,1
16354,809772.0,636447.5,0.0,0.0,1,1
16355,809772.0,636447.5,0.0,0.0,1,1
16356,809772.0,636447.5,0.0,0.0,1,1
16357,809772.0,636447.5,0.0,0.0,1,1
16358,809563.0,636447.5,0.0,0.0,1,1
16359,809563.0,636447.5,0.0,0.0,1,1
16360,809563.0,636447.5,0.0,0.0,1,1
16361,809563.0,636447.5,0.0,0.0,1,1
16362,809563.0,636447.5,0.0,0.0,1,1
16363,809563.0,636447.5,0.0,0.0,1,1
16364,809563.0,636447.5,0.0,0.0,1,1
16365,809697.5,636447.5,0.0,0.0,1,1
16366,809697.5,636447.5,0.0,0.0,1,1
16367,809697.5,636447.5,0.0,0.0,1,1
16368,809697.5,636447.5,0.0,0.0,1,1
16369,809697.5,636447.5,0.0,0.0,1,1
16370,809932.5,636447.5,0.0,0.0,1,1
16371,809932.5,636447.5,0.0,0.0,1,1
16372,809932.5,636447.5,0.0,0.0,1,1
16373,809932.5,636447.5,0.0,0.0,1,1
16374,809932.5,636447.5,0.0,0.0,1,1
16375,809932.5,636447.5,0.0,0.0,1,1
16376,809932.5,636447.5,0.0,0.0,1,1
16377,809932.5,636447.5,0.0,0.0,1,1
16378,809932.5,636447.5,0.0,0.0,1,1
16379,809932.5,636447.5,0.0,0.0,1,1
16380,809932.5,636447.5,0.0,0.0,1,1
16381,809932.5,636447.5,0.0,0.0,1,1
16382,809932.5,636447.5,0.0,0.0,1,1
16383,809932.5,636447.5,0.0,0.0,1,1
16384,809932.5,636447.5,0.0,0.0,1,1
16385,809932.5,636447.5,0.0,0.0,1,1
16386,810191.0,636447.5,0.0,0.0,1,1
16387,810191.0,636447.5,0.0,0.0,1,1
16388,810191.0,636447.5,0.0,0.0,1,1
16389,810191.0,636447.5,0.0,0.0,1,1
16390,810191.0,636447.5,0.0,0.0,1,1
16391,810191.0,636447.5,0.0,0.0,1,1
16392,810054.0,636447.5,0.0,0.0,1,1
16393,810054.0,636447.5,0.0,0.0,1,1
16394,810054.0,636447.5,0.0,0.0,1,1
16395,810054.0,636447.5,0.0,0.0,1,1
16396,810054.0,636447.5,0.0,0.0,1,1
16397,810054.0,636447.5,0.0,0.0,1,1
16398,810054.0,636447.5,0.0,0.0,1,1
16399,810054.0,636447.5,0.0,0.0,1,1
16400,810054.0,636447.5,0.0,0.0,1,1
16401,810054.0,636447.5,0.0,0.0,1,1
16402,810054.0,636447.5,0.0,0.0,1,1
16403,810054.0,636447.5,0.0,0.0,1,1
16404,810054.0,636447.5,0.0,0.0,1,1
16405,810054.0,636447.5,0.0,0.0,1,1
16406,810054.0,636447.5,0.0,0.0,1,1
16407,810054.0,636447.5,0.0,0.0,1,1
16408,810054.0,636447.5,0.0,0.0,1,1
16409,810054.0,636447.5,0.0,0.0,1,1
16410,810054.0,636447.5,0.0,0.0,1,1
16411,810054.0,636447.5,0.0,0.0,1,1
16412,810054.0,636447.5,0.0,0.0,1,1
16413,810054.0,636447.5,0.0,0.0,1,1
16414,810054.0,636447.5,0.0,0.0,1,1
16415,810054.0,636447.5,0.0,0.0,1,1
16416,810054.0,636447.5,0.0,0.0,1,1
16417,810054.0,636447.5,0.0,0.0,1,1
16418,810054.0,636447.5,0.0,0.0,1,1
16419,810054.0,636447.5,0.0,0.0,1,1
16420,810054.0,636447.5,0.0,0.0,1,1
16421,810054.0,636447.5,0.0,0.0,1,1
16422,810164.0,636447.5,0.0,0.0,1,1
16423,810164.0,636447.5,0.0,0.0,1,1
16424,810164.0,636447.5,0.0,0.0,1,1
16425,810164.0,636447.5,0.0,0.0,1,1
16426,810164.0,636447.5,0.0,0.0,1,1
16427,810164.0,636447.5,0.0,0.0,1,1
16428,809959.5,636447.5,0.0,0.0,1,1
16429,809959.5,636447.5,0.0,0.0,1,1
16430,809959.5,636447.5,0.0,0.0,1,1
16431,809959.5,636447.5,0.0,0.0,1,1
16432,809959.5,636447.5,0.0,0.0,1,1
16433,809959.5,636447.5,0.0,0.0,1,1
16434,809959.5,636447.5,0.0,0.0,1,1
16435,809959.5,636447.5,0.0,0.0,1,1
16436,809959.5,636447.5,0.0,0.0,1,1
16437,809959.5,636447.5,0.0,0.0,1,1
16438,809959.5,636447.5,0.0,0.0,1,1
16439,809959.5,636447.5,0.0,0.0,1,1
16440,809959.5,636447.5,0.0,0.0,1,1
16441,809959.5,636447.5,0.0,0.0,1,1
16442,809959.5,636447.5,0.0,0.0,1,1
16443,809959.5,636447.5,0.0,0.0,1,1
16444,809959.5,636447.5,0.0,0.0,1,1
16445,809959.5,636447.5,0.0,0.0,1,1
16446,809959.5,636447.5,0.0,0.0,1,1
16447,809959.5,636447.5,0.0,0.0,1,1
16448,809959.5,636447.5,0.0,0.0,1,1
16449,809959.5,636447.5,0.0,0.0,1,1
16450,809959.5,636447.5,0.0,0.0,1,1
16451,809959.5,636447.5,0.0,0.0,1,1
16452,809959.5,636447.5,0.0,0.0,1,1
16453,809959.5,636447.5,0.0,0.0,1,1
16454,809959.5,636447.5,0.0,0.0,1,1
16455,809959.5,636447.5,0.0,0.0,1,1
16456,809959.5,636447.5,0.0,0.0,1,1
16457,809959.5,636447.5,0.0,0.0,1,1
16458,809959.5,636447.5,0.0,0.0,1,1
16459,809959.5,636447.5,0.0,0.0,1,1
16460,809959.5,636447.5,0.0,0.0,1,1
16461,809959.5,636447.5,0.0,0.0,1,1
16462,809959.5,636447.5,0.0,0.0,1,1
16463,809959.5,636447.5,0.0,0.0,1,1
16464,809959.5,636447.5,0.0,0.0,1,1
16465,809959.5,636447.5,0.0,0.0,1,1
16466,809959.5,636447.5,0.0,0.0,1,1
16467,809959.5,636447.5,0.0,0.0,1,1
16468,809959.5,636447.5,0.0,0.0,1,1
16469,809959.5,636447.5,0.0,0.0,1,1
16470,809959.5,636447.5,0.0,0.0,1,1
16471,809959.5,636447.5,0.0,0.0,1,1
16472,809959.5,636447.5,0.0,0.0,1,1
16473,809959.5,636447.5,0.0,0.0,1,1
16474,809959.5,636447.5,0.0,0.0,1,1
16475,809959.5,636447.5,0.0,0.0,1,1
16476,809959.5,636447.5,0.0,0.0,1,1
16477,809959.5,636447.5,0.0,0.0,1,1
16478,809959.5,636447.5,0.0,0.0,1,1
16479,809397.0,636447.5,0.0,0.0,1,1
16480,809397.0,636447.5,0.0,0.0,1,1
16481,809397.0,636447.5,0.0,0.0,1,1
16482,809397.0,636447.5,0.0,0.0,1,1
16483,809397.0,636447.5,0.0,0.0,1,1
16484,809397.0,636447.5,0.0,0.0,1,1
16485,809397.0,636447.5,0.0,0.0,1,1
16486,809397.0,636447.5,0.0,0.0,1,1
16487,809397.0,636447.5,0.0,0.0,1,1
16488,809397.0,636447.5,0.0,0.0,1,1
16489,809397.0,636447.5,0.0,0.0,1,1
16490,809397.0,636447.5,0.0,0.0,1,1
16491,807155.5,636447.5,0.0,0.0,1,1
16492,807155.5,636447.5,0.0,0.0,1,1
16493,807155.5,636447.5,0.0,0.0,1,1
16494,807155.5,636447.5,0.0,0.0,1,1
16495,807155.5,636447.5,0.0,0.0,1,1
16496,807155.5,636447.5,0.0,0.0,1,1
16497,807155.5,636447.5,0.0,0.0,1,1
16498,807155.5,636447.5,0.0,0.0,1,1
16499,807155.5,636447.5,0.0,0.0,1,1
16500,807155.5,636447.5,0.0,0.0,1,1
16501,807155.5,636447.5,0.0,0.0,1,1
16502,807155.5,636447.5,0.0,0.0,1,1
16503,807155.5,636447.5,0.0,0.0,1,1
16504,807155.5,636447.5,0.0,0.0,1,1
16505,807155.5,636447.5,0.0,0.0,1,1
16506,807155.5,636447.5,0.0,0.0,1,1
16507,807155.5,636447.5,0.0,0.0,1,1
16508,807155.5,636447.5,0.0,0.0,1,1
16509,807155.5,636447.5,0.0,0.0,1,1
16510,807155.5,636447.5,0.0,0.0,1,1
16511,807155.5,636447.5,0.0,0.0,1,1
16512,807155.5,636447.5,0.0,0.0,1,1
16513,807155.5,636447.5,0.0,0.0,1,1
16514,807155.5,636447.5,0.0,0.0,1,1
16515,807155.5,636447.5,0.0,0.0,1,1
16516,807155.5,636447.5,0.0,0.0,1,1
16517,807155.5,636447.5,0.0,0.0,1,1
16518,807155.5,636447.5,0.0,0.0,1,1
16519,807155.5,636447.5,0.0,0.0,1,1
16520,807155.5,636447.5,0.0,0.0,1,1
16521,806013.0,636447.5,0.0,0.0,1,1
16522,806013.0,636447.5,0.0,0.0,1,1
16523,806013.0,636447.5,0.0,0.0,1,1
16524,806013.0,636447.5,0.0,0.0,1,1
16525,806013.0,636447.5,0.0,0.0,1,1
16526,806013.0,636447.5,0.0,0.0,1,1
16527,806013.0,636447.5,0.0,0.0,1,1
16528,806013.0,636447.5,0.0,0.0,1,1
16529,806013.0,636447.5,0.0,0.0,1,1
16530,806013.0,636447.5,0.0,0.0,1,1
16531,806013.0,636447.5,0.0,0.0,1,1
16532,806013.0,636447.5,0.0,0.0,1,1
16533,806013.0,636447.5,0.0,0.0,1,1
16534,806013.0,636447.5,0.0,0.0,1,1
16535,806013.0,636447.5,0.0,0.0,1,1
16536,806013.0,636447.5,0.0,0.0,1,1
16537,806013.0,636447.5,0.0,0.0,1,1
16538,806013.0,636447.5,0.0,0.0,1,1
16539,805869.5,636447.5,0.0,0.0,1,1
16540,805869.5,636447.5,0.0,0.0,1,1
16541,805869.5,636447.5,0.0,0.0,1,1
16542,805869.5,636447.5,0.0,0.0,1,1
16543,805903.5,636447.5,0.0,0.0,1,1
16544,805903.5,636447.5,0.0,0.0,1,1
16545,805903.5,636447.5,0.0,0.0,1,1
16546,805903.5,636447.5,0.0,0.0,1,1
16547,805903.5,636447.5,0.0,0.0,1,1
16548,805903.5,636447.5,0.0,0.0,1,1
16549,805903.5,636447.5,0.0,0.0,1,1
16550,806496.5,636447.5,0.0,0.0,1,1
16551,806496.5,636447.5,0.0,0.0,1,1
16552,806496.5,636447.5,0.0,0.0,1,1
16553,806496.5,636447.5,0.0,0.0,1,1
16554,806496.5,636447.5,0.0,0.0,1,1
16555,806496.5,636447.5,0.0,0.0,1,1
16556,806496.5,636447.5,0.0,0.0,1,1
16557,806496.5,636447.5,0.0,0.0,1,1
16558,806496.5,636447.5,0.0,0.0,1,1
16559,806496.5,636447.5,0.0,0.0,1,1
16560,806496.5,636447.5,0.0,0.0,1,1
16561,806496.5,636447.5,0.0,0.0,1,1
16562,806496.5,636447.5,0.0,0.0,1,1
16563,806496.5,636447.5,0.0,0.0,1,1
16564,806496.5,636447.5,0.0,0.0,1,1
16565,806496.5,636447.5,0.0,0.0,1,1
16566,806496.5,636447.5,0.0,0.0,1,1
16567,806496.5,636447.5,0.0,0.0,1,1
16568,806496.5,636447.5,0.0,0.0,1,1
16569,804973.5,636447.5,0.0,0.0,1,1
16570,804973.5,636447.5,0.0,0.0,1,1
16571,804973.5,636447.5,0.0,0.0,1,1
16572,804973.5,636447.5,0.0,0.0,1,1
16573,804973.5,636447.5,0.0,0.0,1,1
16574,804973.5,636447.5,0.0,0.0,1,1
16575,804973.5,636447.5,0.0,0.0,1,1
16576,804973.5,636447.5,0.0,0.0,1,1
16577,804973.5,636447.5,0.0,0.0,1,1
16578,803744.0,636447.5,0.0,0.0,1,1
16579,803744.0,636447.5,0.0,0.0,1,1
16580,803744.0,636447.5,0.0,0.0,1,1
16581,803744.0,636447.5,0.0,0.0,1,1
16582,803744.0,636447.5,0.0,0.0,1,1
16583,803744.0,636447.5,0.0,0.0,1,1
16584,803744.0,636447.5,0.0,0.0,1,1
16585,803744.0,636447.5,0.0,0.0,1,1
16586,803744.0,636447.5,0.0,0.0,1,1
16587,803744.0,636447.5,0.0,0.0,1,1
16588,803744.0,636447.5,0.0,0.0,1,1
16589,803744.0,636447.5,0.0,0.0,1,1
16590,803744.0,636447.5,0.0,0.0,1,1
16591,803744.0,636447.5,0.0,0.0,1,1
16592,803744.0,636447.5,0.0,0.0,1,1
16593,803744.0,636447.5,0.0,0.0,1,1
16594,803744.0,636447.5,0.0,0.0,1,1
16595,803744.0,636447.5,0.0,0.0,1,1
16596,803744.0,636447.5,0.0,0.0,1,1
16597,803744.0,636447.5,0.0,0.0,1,1
16598,803744.0,636447.5,0.0,0.0,1,1
16599,803744.0,636447.5,0.0,0.0,1,1
16600,803744.0,636447.5,0.0,0.0,1,1
16601,803744.0,636447.5,0.0,0.0,1,1
16602,803744.0,636447.5,0.0,0.0,1,1
16603,803744.0,636447.5,0.0,0.0,1,1
16604,803744.0,636447.5,0.0,0.0,1,1
16605,803744.0,636447.5,0.0,0.0,1,1
16606,803744.0,636447.5,0.0,0.0,1,1
16607,803744.0,636447.5,0.0,0.0,1,1
16608,803744.0,636447.5,0.0,0.0,1,1
16609,803744.0,636447.5,0.0,0.0,1,1
16610,803744.0,636447.5,0.0,0.0,1,1
16611,803744.0,636447.5,0.0,0.0,1,1
16612,803744.0,636447.5,0.0,0.0,1,1
16613,803744.0,636447.5,0.0,0.0,1,1
16614,803744.0,636447.5,0.0,0.0,1,1
16615,803744.0,636447.5,0.0,0.0,1,1
16616,803744.0,636447.5,0.0,0.0,1,1
16617,803744.0,636447.5,0.0,0.0,1,1
16618,803744.0,636447.5,0.0,0.0,1,1
16619,803750.0,636447.5,0.0,0.0,1,1
16620,803750.0,636447.5,0.0,0.0,1,1
16621,803750.0,636447.5,0.0,0.0,1,1
16622,803750.0,636447.5,0.0,0.0,1,1
16623,803750.0,636447.5,0.0,0.0,1,1
16624,803750.0,636447.5,0.0,0.0,1,1
16625,803750.0,636447.5,0.0,0.0,1,1
16626,803750.0,636447.5,0.0,0.0,1,1
16627,803750.0,636447.5,0.0,0.0,1,1
16628,803750.0,636447.5,0.0,0.0,1,1
16629,803750.0,636447.5,0.0,0.0,1,1
16630,803750.0,636447.5,0.0,0.0,1,1
16631,803750.0,636447.5,0.0,0.0,1,1
16632,803750.0,636447.5,0.0,0.0,1,1
16633,803750.0,636447.5,0.0,0.0,1,1
16634,803750.0,636447.5,0.0,0.0,1,1
16635,803750.0,636447.5,0.0,0.0,1,1
16636,803750.0,636447.5,0.0,0.0,1,1
16637,803750.0,636447.5,0.0,0.0,1,1
16638,802727.0,636447.5,0.0,0.0,1,1
16639,802727.0,636447.5,0.0,0.0,1,1
16640,802727.0,636447.5,0.0,0.0,1,1
16641,802727.0,636447.5,0.0,0.0,1,1
16642,802727.0,636447.5,0.0,0.0,1,1
16643,802727.0,636447.5,0.0,0.0,1,1
16644,805853.0,636447.5,0.0,0.0,1,1
16645,805853.0,636447.5,0.0,0.0,1,1
16646,805853.0,636447.5,0.0,0.0,1,1
16647,805853.0,636447.5,0.0,0.0,1,1
16648,805853.0,636447.5,0.0,0.0,1,1
16649,805853.0,636447.5,0.0,0.0,1,1
16650,805853.0,636447.5,0.0,0.0,1,1
16651,805853.0,636447.5,0.0,0.0,1,1
16652,805853.0,636447.5,0.0,0.0,1,1
16653,805853.0,636447.5,0.0,0.0,1,1
16654,805853.0,636447.5,0.0,0.0,1,1
16655,805853.0,636447.5,0.0,0.0,1,1
16656,805853.0,636447.5,0.0,0.0,1,1
16657,805853.0,636447.5,0.0,0.0,1,1
16658,805853.0,636447.5,0.0,0.0,1,1
16659,805853.0,636447.5,0.0,0.0,1,1
16660,805853.0,636447.5,0.0,0.0,1,1
16661,805853.0,636447.5,0.0,0.0,1,1
16662,805853.0,636447.5,0.0,0.0,1,1
16663,805853.0,636447.5,0.0,0.0,1,1
16664,805894.0,636447.5,0.0,0.0,1,1
16665,805894.0,636447.5,0.0,0.0,1,1
16666,805894.0,636447.5,0.0,0.0,1,1
16667,805894.0,636447.5,0.0,0.0,1,1
16668,805894.0,636447.5,0.0,0.0,1,1
16669,805894.0,636447.5,0.0,0.0,1,1
16670,805894.0,636447.5,0.0,0.0,1,1
16671,805894.0,636447.5,0.0,0.0,1,1
16672,805894.0,636447.5,0.0,0.0,1,1
16673,805894.0,636447.5,0.0,0.0,1,1
16674,805894.0,636447.5,0.0,0.0,1,1
16675,805894.0,636447.5,0.0,0.0,1,1
16676,805894.0,636447.5,0.0,0.0,1,1
16677,805894.0,636447.5,0.0,0.0,1,1
16678,805894.0,636447.5,0.0,0.0,1,1
16679,805894.0,636447.5,0.0,0.0,1,1
16680,805894.0,636447.5,0.0,0.0,1,1
16681,805894.0,636447.5,0.0,0.0,1,1
16682,805894.0,636447.5,0.0,0.0,1,1
16683,805894.0,636447.5,0.0,0.0,1,1
16684,805894.0,636447.5,0.0,0.0,1,1
16685,805894.0,636447.5,0.0,0.0,1,1
16686,805894.0,636447.5,0.0,0.0,1,1
16687,805894.0,636447.5,0.0,0.0,1,1
16688,805894.0,636447.5,0.0,0.0,1,1
16689,805894.0,636447.5,0.0,0.0,1,1
16690,805894.0,636447.5,0.0,0.0,1,1
16691,805894.0,636447.5,0.0,0.0,1,1
16692,805894.0,636447.5,0.0,0.0,1,1
16693,805894.0,636447.5,0.0,0.0,1,1
16694,805894.0,636447.5,0.0,0.0,1,1
16695,805894.0,636447.5,0.0,0.0,1,1
16696,805894.0,636447.5,0.0,0.0,1,1
16697,805894.0,636447.5,0.0,0.0,1,1
16698,805894.0,636447.5,0.0,0.0,1,1
16699,805894.0,636447.5,0.0,0.0,1,1
16700,805894.0,636447.5,0.0,0.0,1,1
16701,805894.0,636447.5,0.0,0.0,1,1
16702,805894.0,636447.5,0.0,0.0,1,1
16703,805894.0,636447.5,0.0,0.0,1,1
16704,807410.5,636447.5,0.0,0.0,1,1
16705,807410.5,636447.5,0.0,0.0,1,1
16706,807410.5,636447.5,0.0,0.0,1,1
16707,807410.5,636447.5,0.0,0.0,1,1
16708,807410.5,636447.5,0.0,0.0,1,1
16709,807410.5,636447.5,0.0,0.0,1,1
16710,807410.5,636447.5,0.0,0.0,1,1
16711,807410.5,636447.5,0.0,0.0,1,1
16712,807410.5,636447.5,0.0,0.0,1,1
16713,807410.5,636447.5,0.0,0.0,1,1
16714,807410.5,636447.5,0.0,0.0,1,1
16715,807410.5,636447.5,0.0,0.0,1,1
16716,808148.0,636447.5,0.0,0.0,1,1
16717,808148.0,636447.5,0.0,0.0,1,1
16718,808148.0,636447.5,0.0,0.0,1,1
16719,808148.0,636447.5,0.0,0.0,1,1
16720,808148.0,636447.5,0.0,0.0,1,1
16721,808148.0,636447.5,0.0,0.0,1,1
16722,808148.0,636447.5,0.0,0.0,1,1
16723,808148.0,636447.5,0.0,0.0,1,1
16724,808148.0,636447.5,0.0,0.0,1,1
16725,808148.0,636447.5,0.0,0.0,1,1
16726,808148.0,636447.5,0.0,0.0,1,1
16727,808148.0,636447.5,0.0,0.0,1,1
16728,808148.0,636447.5,0.0,0.0,1,1
16729,808148.0,636447.5,0.0,0.0,1,1
16730,808148.0,636447.5,0.0,0.0,1,1
16731,808148.0,636447.5,0.0,0.0,1,1
16732,808148.0,636447.5,0.0,0.0,1,1
16733,808148.0,636447.5,0.0,0.0,1,1
16734,808148.0,636447.5,0.0,0.0,1,1
16735,808396.5,636447.5,0.0,0.0,1,1
16736,808396.5,636447.5,0.0,0.0,1,1
16737,808396.5,636447.5,0.0,0.0,1,1
16738,808396.5,636447.5,0.0,0.0,1,1
16739,808396.5,636447.5,0.0,0.0,1,1
16740,808396.5,636447.5,0.0,0.0,1,1
16741,808396.5,636447.5,0.0,0.0,1,1
16742,808396.5,636447.5,0.0,0.0,1,1
16743,808396.5,636447.5,0.0,0.0,1,1
16744,808396.5,636447.5,0.0,0.0,1,1
16745,808396.5,636447.5,0.0,0.0,1,1
16746,808282.0,636447.5,0.0,0.0,1,1
16747,808282.0,636447.5,0.0,0.0,1,1
16748,808282.0,636447.5,0.0,0.0,1,1
16749,808504.0,636447.5,0.0,0.0,1,1
16750,808504.0,636447.5,0.0,0.0,1,1
16751,808504.0,636447.5,0.0,0.0,1,1
16752,808504.0,636447.5,0.0,0.0,1,1
16753,808504.0,636447.5,0.0,0.0,1,1
16754,808504.0,636447.5,0.0,0.0,1,1
16755,808504.0,636447.5,0.0,0.0,1,1
16756,808504.0,636447.5,0.0,0.0,1,1
16757,808504.0,636447.5,0.0,0.0,1,1
16758,808504.0,636447.5,0.0,0.0,1,1
16759,808504.0,636447.5,0.0,0.0,1,1
16760,808504.0,636447.5,0.0,0.0,1,1
16761,808504.0,636447.5,0.0,0.0,1,1
16762,808504.0,636447.5,0.0,0.0,1,1
16763,810762.0,636447.5,0.0,0.0,1,1
16764,810762.0,636447.5,0.0,0.0,1,1
16765,811499.0,636447.5,0.0,0.0,1,1
16766,811499.0,636447.5,0.0,0.0,1,1
16767,811499.0,636447.5,0.0,0.0,1,1
16768,811499.0,636447.5,0.0,0.0,1,1
16769,811499.0,636447.5,0.0,0.0,1,1
16770,811499.0,636447.5,0.0,0.0,1,1
16771,811499.0,636447.5,0.0,0.0,1,1
16772,811499.0,636447.5,0.0,0.0,1,1
16773,811499.0,636447.5,0.0,0.0,1,1
16774,811492.0,636447.5,0.0,0.0,1,1
16775,811492.0,636447.5,0.0,0.0,1,1
16776,811492.0,636447.5,0.0,0.0,1,1
16777,811492.0,636447.5,0.0,0.0,1,1
16778,811492.0,636447.5,0.0,0.0,1,1
16779,811492.0,636447.5,0.0,0.0,1,1
16780,811492.0,636447.5,0.0,0.0,1,1
16781,811492.0,636447.5,0.0,0.0,1,1
16782,811492.0,636447.5,0.0,0.0,1,1
16783,811492.0,636447.5,0.0,0.0,1,1
16784,811492.0,636447.5,0.0,0.0,1,1
16785,811492.0,636447.5,0.0,0.0,1,1
16786,811492.0,636447.5,0.0,0.0,1,1
16787,811492.0,636447.5,0.0,0.0,1,1
16788,811492.0,636447.5,0.0,0.0,1,1
16789,811700.0,636447.5,0.0,0.0,1,1
16790,811700.0,636447.5,0.0,0.0,1,1
16791,811700.0,636447.5,0.0,0.0,1,1
16792,811700.0,636447.5,0.0,0.0,1,1
16793,811700.0,636447.5,0.0,0.0,1,1
16794,811545.5,636447.5,0.0,0.0,1,1
16795,811545.5,636447.5,0.0,0.0,1,1
16796,811545.5,636447.5,0.0,0.0,1,1
16797,811545.5,636447.5,0.0,0.0,1,1
16798,811545.5,636447.5,0.0,0.0,1,1
16799,811545.5,636447.5,0.0,0.0,1,1
16800,811545.5,636447.5,0.0,0.0,1,1
16801,811545.5,636447.5,0.0,0.0,1,1
16802,811545.5,636447.5,0.0,0.0,1,1
16803,811545.5,636447.5,0.0,0.0,1,1
16804,811545.5,636447.5,0.0,0.0,1,1
16805,811545.5,636447.5,0.0,0.0,1,1
16806,811545.5,636447.5,0.0,0.0,1,1
16807,811545.5,636447.5,0.0,0.0,1,1
16808,811545.5,636447.5,0.0,0.0,1,1
16809,811545.5,636447.5,0.0,0.0,1,1
16810,811545.5,636447.5,0.0,0.0,1,1
16811,811545.5,636447.5,0.0,0.0,1,1
16812,811545.5,636447.5,0.0,0.0,1,1
16813,811545.5,636447.5,0.0,0.0,1,1
16814,811545.5,636447.5,0.0,0.0,1,1
16815,811545.5,636447.5,0.0,0.0,1,1
16816,811545.5,636447.5,0.0,0.0,1,1
16817,811545.5,636447.5,0.0,0.0,1,1
16818,811545.5,636447.5,0.0,0.0,1,1
16819,811545.5,636447.5,0.0,0.0,1,1
16820,811545.5,636447.5,0.0,0.0,1,1
16821,811545.5,636447.5,0.0,0.0,1,1
16822,811545.5,636447.5,0.0,0.0,1,1
16823,811545.5,636447.5,0.0,0.0,1,1
16824,811545.5,636447.5,0.0,0.0,1,1
16825,811545.5,636447.5,0.0,0.0,1,1
16826,811545.5,636447.5,0.0,0.0,1,1
16827,811545.5,636447.5,0.0,0.0,1,1
16828,811545.5,636447.5,0.0,0.0,1,1
16829,811545.5,636447.5,0.0,0.0,1,1
16830,811545.5,636447.5,0.0,0.0,1,1
16831,811545.5,636447.5,0.0,0.0,1,1
16832,811545.5,636447.5,0.0,0.0,1,1
16833,811545.5,636447.5,0.0,0.0,1,1
16834,811473.5,636447.5,0.0,0.0,1,1
16835,811473.5,636447.5,0.0,0.0,1,1
16836,811473.5,636447.5,0.0,0.0,1,1
16837,811473.5,636447.5,0.0,0.0,1,1
16838,811473.5,636447.5,0.0,0.0,1,1
16839,811473.5,636447.5,0.0,0.0,1,1
16840,811473.5,636447.5,0.0,0.0,1,1
16841,811473.5,636447.5,0.0,0.0,1,1
16842,811473.5,636447.5,0.0,0.0,1,1
16843,811473.5,636447.5,0.0,0.0,1,1
16844,811473.5,636447.5,0.0,0.0,1,1
16845,811473.5,636447.5,0.0,0.0,1,1
16846,811473.5,636447.5,0.0,0.0,1,1
16847,811473.5,636447.5,0.0,0.0,1,1
16848,811473.5,636447.5,0.0,0.0,1,1
16849,811473.5,636447.5,0.0,0.0,1,1
16850,811473.5,636447.5,0.0,0.0,1,1
16851,811473.5,636447.5,0.0,0.0,1,1
16852,811473.5,636447.5,0.0,0.0,1,1
16853,811355.5,636447.5,0.0,0.0,1,1
16854,811355.5,636447.5,0.0,0.0,1,1
16855,811355.5,636447.5,0.0,0.0,1,1
16856,811355.5,636447.5,0.0,0.0,1,1
16857,811355.5,636447.5,0.0,0.0,1,1
16858,811355.5,636447.5,0.0,0.0,1,1
16859,811355.5,636447.5,0.0,0.0,1,1
16860,811355.5,636447.5,0.0,0.0,1,1
16861,811376.5,636447.5,0.0,0.0,1,1
16862,811376.5,636447.5,0.0,0.0,1,1
16863,811376.5,636447.5,0.0,0.0,1,1
16864,811376.5,636447.5,0.0,0.0,1,1
16865,811376.5,636447.5,0.0,0.0,1,1
16866,811376.5,636447.5,0.0,0.0,1,1
16867,811376.5,636447.5,0.0,0.0,1,1
16868,811376.5,636447.5,0.0,0.0,1,1
16869,811376.5,636447.5,0.0,0.0,1,1
16870,811376.5,636447.5,0.0,0.0,1,1
16871,811376.5,636447.5,0.0,0.0,1,1
16872,811376.5,636447.5,0.0,0.0,1,1
16873,811376.5,636447.5,0.0,0.0,1,1
16874,811376.5,636447.5,0.0,0.0,1,1
16875,811376.5,636447.5,0.0,0.0,1,1
16876,811376.5,636447.5,0.0,0.0,1,1
16877,811376.5,636447.5,0.0,0.0,1,1
16878,811376.5,636447.5,0.0,0.0,1,1
16879,811376.5,636447.5,0.0,0.0,1,1
16880,811376.5,636447.5,0.0,0.0,1,1
16881,811376.5,636447.5,0.0,0.0,1,1
16882,811376.5,636447.5,0.0,0.0,1,1
16883,811376.5,636447.5,0.0,0.0,1,1
16884,811376.5,636447.5,0.0,0.0,1,1
16885,811376.5,636447.5,0.0,0.0,1,1
16886,811376.5,636447.5,0.0,0.0,1,1
16887,811376.5,636447.5,0.0,0.0,1,1
16888,811376.5,636447.5,0.0,0.0,1,1
16889,811671.0,636447.5,0.0,0.0,1,1
16890,811671.0,636447.5,0.0,0.0,1,1
16891,811671.0,636447.5,0.0,0.0,1,1
16892,811218.5,636447.5,0.0,0.0,1,1
16893,811218.5,636447.5,0.0,0.0,1,1
16894,811218.5,636447.5,0.0,0.0,1,1
16895,811218.5,636447.5,0.0,0.0,1,1
16896,811555.5,636447.5,0.0,0.0,1,1
16897,811555.5,636447.5,0.0,0.0,1,1
16898,811555.5,636447.5,0.0,0.0,1,1
16899,811555.5,636447.5,0.0,0.0,1,1
16900,814213.0,636447.5,0.0,0.0,1,1
16901,814213.0,636447.5,0.0,0.0,1,1
16902,814213.0,636447.5,0.0,0.0,1,1
16903,814213.0,636447.5,0.0,0.0,1,1
16904,814213.0,636447.5,0.0,0.0,1,1
16905,814213.0,636447.5,0.0,0.0,1,1
16906,814213.0,636447.5,0.0,0.0,1,1
16907,814295.0,636447.5,0.0,0.0,1,1
16908,814295.0,636447.5,0.0,0.0,1,1
16909,814295.0,636447.5,0.0,0.0,1,1
16910,814295.0,636447.5,0.0,0.0,1,1
16911,814297.5,636447.5,0.0,0.0,1,1
16912,814297.5,636447.5,0.0,0.0,1,1
16913,814297.5,636447.5,0.0,0.0,1,1
16914,814297.5,636447.5,0.0,0.0,1,1
16915,814297.5,636447.5,0.0,0.0,1,1
16916,814297.5,636447.5,0.0,0.0,1,1
16917,814297.5,636447.5,0.0,0.0,1,1
16918,814297.5,636447.5,0.0,0.0,1,1
16919,814297.5,636447.5,0.0,0.0,1,1
16920,814297.5,636447.5,0.0,0.0,1,1
16921,814606.5,636447.5,0.0,0.0,1,1
16922,814606.5,636447.5,0.0,0.0,1,1
16923,814606.5,636447.5,0.0,0.0,1,1
16924,814606.5,636447.5,0.0,0.0,1,1
16925,814606.5,636447.5,0.0,0.0,1,1
16926,814606.5,636447.5,0.0,0.0,1,1
16927,814606.5,636447.5,0.0,0.0,1,1
16928,814606.5,636447.5,0.0,0.0,1,1
16929,814606.5,636447.5,0.0,0.0,1,1
16930,814606.5,636447.5,0.0,0.0,1,1
16931,814606.5,636447.5,0.0,0.0,1,1
16932,814606.5,636447.5,0.0,0.0,1,1
16933,814606.5,636447.5,0.0,0.0,1,1
16934,814606.5,636447.5,0.0,0.0,1,1
16935,814606.5,636447.5,0.0,0.0,1,1
16936,814606.5,636447.5,0.0,0.0,1,1
16937,814606.5,636447.5,0.0,0.0,1,1
16938,814606.5,636447.5,0.0,0.0,1,1
16939,814606.5,636447.5,0.0,0.0,1,1
16940,814606.5,636447.5,0.0,0.0,1,1
16941,814606.5,636447.5,0.0,0.0,1,1
16942,814606.5,636447.5,0.0,0.0,1,1
16943,814606.5,636447.5,0.0,0.0,1,1
16944,814606.5,636447.5,0.0,0.0,1,1
16945,814606.5,636447.5,0.0,0.0,1,1
16946,814606.5,636447.5,0.0,0.0,1,1
16947,814606.5,636447.5,0.0,0.0,1,1
16948,814606.5,636447.5,0.0,0.0,1,1
16949,814606.5,636447.5,0.0,0.0,1,1
16950,814606.5,636447.5,0.0,0.0,1,1
16951,814606.5,636447.5,0.0,0.0,1,1
16952,814606.5,636447.5,0.0,0.0,1,1
16953,814606.5,636447.5,0.0,0.0,1,1
16954,814606.5,636447.5,0.0,0.0,1,1
16955,814391.0,636447.5,0.0,0.0,1,1
16956,814391.0,636447.5,0.0,0.0,1,1
16957,814391.0,636447.5,0.0,0.0,1,1
16958,814391.0,636447.5,0.0,0.0,1,1
16959,814391.0,636447.5,0.0,0.0,1,1
16960,814391.0,636447.5,0.0,0.0,1,1
16961,814391.0,636447.5,0.0,0.0,1,1
16962,814391.0,636447.5,0.0,0.0,1,1
16963,814391.0,636447.5,0.0,0.0,1,1
16964,814391.0,636447.5,0.0,0.0,1,1
16965,814391.0,636447.5,0.0,0.0,1,1
16966,814391.0,636447.5,0.0,0.0,1,1
16967,814391.0,636447.5,0.0,0.0,1,1
16968,811506.0,636447.5,0.0,0.0,1,1
16969,811506.0,636447.5,0.0,0.0,1,1
16970,811506.0,636447.5,0.0,0.0,1,1
16971,811506.0,636447.5,0.0,0.0,1,1
16972,811744.0,636447.5,0.0,0.0,1,1
16973,811744.0,636447.5,0.0,0.0,1,1
16974,811744.0,636447.5,0.0,0.0,1,1
16975,811744.0,636447.5,0.0,0.0,1,1
16976,811744.0,636447.5,0.0,0.0,1,1
16977,811744.0,636447.5,0.0,0.0,1,1
16978,811744.0,636447.5,0.0,0.0,1,1
16979,811744.0,636447.5,0.0,0.0,1,1
16980,811703.0,636447.5,0.0,0.0,1,1
16981,811703.0,636447.5,0.0,0.0,1,1
16982,811703.0,636447.5,0.0,0.0,1,1
16983,811703.0,636447.5,0.0,0.0,1,1
16984,811703.0,636447.5,0.0,0.0,1,1
16985,811703.0,636447.5,0.0,0.0,1,1
16986,811703.0,636447.5,0.0,0.0,1,1
16987,811703.0,636447.5,0.0,0.0,1,1
16988,811703.0,636447.5,0.0,0.0,1,1
16989,811703.0,636447.5,0.0,0.0,1,1
16990,811703.0,636447.5,0.0,0.0,1,1
16991,811703.0,636447.5,0.0,0.0,1,1
16992,811703.0,636447.5,0.0,0.0,1,1
16993,811703.0,636447.5,0.0,0.0,1,1
16994,811703.0,636447.5,0.0,0.0,1,1
16995,811703.0,636447.5,0.0,0.0,1,1
16996,811703.0,636447.5,0.0,0.0,1,1
16997,811703.0,636447.5,0.0,0.0,1,1
16998,811703.0,636447.5,0.0,0.0,1,1
16999,811703.0,636447.5,0.0,0.0,1,1
17000,811703.0,636447.5,0.0,0.0,1,1
17001,811703.0,636447.5,0.0,0.0,1,1
17002,811703.0,636447.5,0.0,0.0,1,1
17003,811703.0,636447.5,0.0,0.0,1,1
17004,811703.0,636447.5,0.0,0.0,1,1
17005,811703.0,636447.5,0.0,0.0,1,1
17006,811703.0,636447.5,0.0,0.0,1,1
17007,811703.0,636447.5,0.0,0.0,1,1
17008,811703.0,636447.5,0.0,0.0,1,1
17009,811703.0,636447.5,0.0,0.0,1,1
17010,811703.0,636447.5,0.0,0.0,1,1
17011,811703.0,636447.5,0.0,0.0,1,1
17012,811703.0,636447.5,0.0,0.0,1,1
17013,811703.0,636447.5,0.0,0.0,1,1
17014,811703.0,636447.5,0.0,0.0,1,1
17015,811703.0,636447.5,0.0,0.0,1,1
17016,811703.0,636447.5,0.0,0.0,1,1
17017,811703.0,636447.5,0.0,0.0,1,1
17018,811703.0,636447.5,0.0,0.0,1,1
17019,811703.0,636447.5,0.0,0.0,1,1
17020,811703.0,636447.5,0.0,0.0,1,1
17021,811703.0,636447.5,0.0,0.0,1,1
17022,811703.0,636447.5,0.0,0.0,1,1
17023,811703.0,636447.5,0.0,0.0,1,1
17024,811703.0,636447.5,0.0,0.0,1,1
17025,811703.0,636447.5,0.0,0.0,1,1
17026,811703.0,636447.5,0.0,0.0,1,1
17027,811703.0,636447.5,0.0,0.0,1,1
17028,811703.0,636447.5,0.0,0.0,1,1
17029,811703.0,636447.5,0.0,0.0,1,1
17030,811703.0,636447.5,0.0,0.0,1,1
17031,811703.0,636447.5,0.0,0.0,1,1
17032,811703.0,636447.5,0.0,0.0,1,1
17033,811703.0,636447.5,0.0,0.0,1,1
17034,811703.0,636447.5,0.0,0.0,1,1
17035,811703.0,636447.5,0.0,0.0,1,1
17036,811703.0,636447.5,0.0,0.0,1,1
17037,811703.0,636447.5,0.0,0.0,1,1
17038,811701.5,636447.5,0.0,0.0,1,1
17039,811701.5,636447.5,0.0,0.0,1,1
17040,811822.0,636447.5,0.0,0.0,1,1
17041,811822.0,636447.5,0.0,0.0,1,1
17042,811822.0,636447.5,0.0,0.0,1,1
17043,811822.0,636447.5,0.0,0.0,1,1
17044,811822.0,636447.5,0.0,0.0,1,1
17045,811822.0,636447.5,0.0,0.0,1,1
17046,811822.0,636447.5,0.0,0.0,1,1
17047,811822.0,636447.5,0.0,0.0,1,1
17048,811822.0,636447.5,0.0,0.0,1,1
17049,811822.0,636447.5,0.0,0.0,1,1
17050,811822.0,636447.5,0.0,0.0,1,1
17051,811822.0,636447.5,0.0,0.0,1,1
17052,811822.0,636447.5,0.0,0.0,1,1
17053,811822.0,636447.5,0.0,0.0,1,1
17054,811822.0,636447.5,0.0,0.0,1,1
17055,811822.0,636447.5,0.0,0.0,1,1
17056,811822.0,636447.5,0.0,0.0,1,1
17057,811822.0,636447.5,0.0,0.0,1,1
17058,811822.0,636447.5,0.0,0.0,1,1
17059,811822.0,636447.5,0.0,0.0,1,1
17060,811822.0,636447.5,0.0,0.0,1,1
17061,811822.0,636447.5,0.0,0.0,1,1
17062,811822.0,636447.5,0.0,0.0,1,1
17063,811822.0,636447.5,0.0,0.0,1,1
17064,811822.0,636447.5,0.0,0.0,1,1
17065,811822.0,636447.5,0.0,0.0,1,1
17066,811822.0,636447.5,0.0,0.0,1,1
17067,811822.0,636447.5,0.0,0.0,1,1
17068,811822.0,636447.5,0.0,0.0,1,1
17069,811822.0,636447.5,0.0,0.0,1,1
17070,812955.0,636447.5,0.0,0.0,1,1
17071,812714.0,636447.5,0.0,0.0,1,1
17072,812714.0,636447.5,0.0,0.0,1,1
17073,812714.0,636447.5,0.0,0.0,1,1
17074,812714.0,636447.5,0.0,0.0,1,1
17075,812714.0,636447.5,0.0,0.0,1,1
17076,812714.0,636447.5,0.0,0.0,1,1
17077,812714.0,636447.5,0.0,0.0,1,1
17078,812714.0,636447.5,0.0,0.0,1,1
17079,812714.0,636447.5,0.0,0.0,1,1
17080,812714.0,636447.5,0.0,0.0,1,1
17081,812714.0,636447.5,0.0,0.0,1,1
17082,812714.0,636447.5,0.0,0.0,1,1
17083,812919.0,636447.5,0.0,0.0,1,1
17084,812919.0,636447.5,0.0,0.0,1,1
17085,812919.0,636447.5,0.0,0.0,1,1
17086,812919.0,636447.5,0.0,0.0,1,1
17087,812919.0,636447.5,0.0,0.0,1,1
17088,812919.0,636447.5,0.0,0.0,1,1
17089,812919.0,636447.5,0.0,0.0,1,1
17090,812919.0,636447.5,0.0,0.0,1,1
17091,812919.0,636447.5,0.0,0.0,1,1
17092,812919.0,636447.5,0.0,0.0,1,1
17093,812919.0,636447.5,0.0,0.0,1,1
17094,812919.0,636447.5,0.0,0.0,1,1
17095,812919.0,636447.5,0.0,0.0,1,1
17096,812919.0,636447.5,0.0,0.0,1,1
17097,812919.0,636447.5,0.0,0.0,1,1
17098,812919.0,636447.5,0.0,0.0,1,1
17099,812919.0,636447.5,0.0,0.0,1,1
17100,812919.0,636447.5,0.0,0.0,1,1
17101,812919.0,636447.5,0.0,0.0,1,1
17102,812919.0,636447.5,0.0,0.0,1,1
17103,812919.0,636447.5,0.0,0.0,1,1
17104,812919.0,636447.5,0.0,0.0,1,1
17105,812919.0,636447.5,0.0,0.0,1,1
17106,812919.0,636447.5,0.0,0.0,1,1
17107,812919.0,636447.5,0.0,0.0,1,1
17108,812919.0,636447.5,0.0,0.0,1,1
17109,812919.0,636447.5,0.0,0.0,1,1
17110,812919.0,636447.5,0.0,0.0,1,1
17111,813029.0,636447.5,0.0,0.0,1,1
17112,813029.0,636447.5,0.0,0.0,1,1
17113,813029.0,636447.5,0.0,0.0,1,1
17114,813029.0,636447.5,0.0,0.0,1,1
17115,813029.0,636447.5,0.0,0.0,1,1
17116,813029.0,636447.5,0.0,0.0,1,1
17117,813029.0,636447.5,0.0,0.0,1,1
17118,813029.0,636447.5,0.0,0.0,1,1
17119,813029.0,636447.5,0.0,0.0,1,1
17120,813029.0,636447.5,0.0,0.0,1,1
17121,813029.0,636447.5,0.0,0.0,1,1
17122,813029.0,636447.5,0.0,0.0,1,1
17123,813029.0,636447.5,0.0,0.0,1,1
17124,813029.0,636447.5,0.0,0.0,1,1
17125,813029.0,636447.5,0.0,0.0,1,1
17126,813029.0,636447.5,0.0,0.0,1,1
17127,813029.0,636447.5,0.0,0.0,1,1
17128,813029.0,636447.5,0.0,0.0,1,1
17129,813029.0,636447.5,0.0,0.0,1,1
17130,813029.0,636447.5,0.0,0.0,1,1
17131,813053.0,636447.5,0.0,0.0,1,1
17132,813053.0,636447.5,0.0,0.0,1,1
17133,813053.0,636447.5,0.0,0.0,1,1
17134,813053.0,636447.5,0.0,0.0,1,1
17135,813053.0,636447.5,0.0,0.0,1,1
17136,813053.0,636447.5,0.0,0.0,1,1
17137,813053.0,636447.5,0.0,0.0,1,1
17138,813053.0,636447.5,0.0,0.0,1,1
17139,813053.0,636447.5,0.0,0.0,1,1
17140,813053.0,636447.5,0.0,0.0,1,1
17141,813053.0,636447.5,0.0,0.0,1,1
17142,813053.0,636447.5,0.0,0.0,1,1
17143,813053.0,636447.5,0.0,0.0,1,1
17144,813053.0,636447.5,0.0,0.0,1,1
17145,813053.0,636447.5,0.0,0.0,1,1
17146,813053.0,636447.5,0.0,0.0,1,1
17147,813053.0,636447.5,0.0,0.0,1,1
17148,813053.0,636447.5,0.0,0.0,1,1
17149,814850.5,636447.5,0.0,0.0,1,1
17150,814850.5,636447.5,0.0,0.0,1,1
17151,814850.5,636447.5,0.0,0.0,1,1
17152,814850.5,636447.5,0.0,0.0,1,1
17153,814850.5,636447.5,0.0,0.0,1,1
17154,814850.5,636447.5,0.0,0.0,1,1
17155,814850.5,636447.5,0.0,0.0,1,1
17156,814850.5,636447.5,0.0,0.0,1,1
17157,814850.5,636447.5,0.0,0.0,1,1
17158,814850.5,636447.5,0.0,0.0,1,1
17159,814850.5,636447.5,0.0,0.0,1,1
17160,814850.5,636447.5,0.0,0.0,1,1
17161,814850.5,636447.5,0.0,0.0,1,1
17162,814850.5,636447.5,0.0,0.0,1,1
17163,814850.5,636447.5,0.0,0.0,1,1
17164,814850.5,636447.5,0.0,0.0,1,1
17165,814850.5,636447.5,0.0,0.0,1,1
17166,814850.5,636447.5,0.0,0.0,1,1
17167,814850.5,636447.5,0.0,0.0,1,1
17168,814850.5,636447.5,0.0,0.0,1,1
17169,814850.5,636447.5,0.0,0.0,1,1
17170,814850.5,636447.5,0.0,0.0,1,1
17171,814850.5,636447.5,0.0,0.0,1,1
17172,814850.5,636447.5,0.0,0.0,1,1
17173,814850.5,636447.5,0.0,0.0,1,1
17174,814850.5,636447.5,0.0,0.0,1,1
17175,814850.5,636447.5,0.0,0.0,1,1
17176,814850.5,636447.5,0.0,0.0,1,1
17177,814810.0,636447.5,0.0,0.0,1,1
17178,814810.0,636447.5,0.0,0.0,1,1
17179,814810.0,636447.5,0.0,0.0,1,1
17180,814810.0,636447.5,0.0,0.0,1,1
17181,814810.0,636447.5,0.0,0.0,1,1
17182,814810.0,636447.5,0.0,0.0,1,1
17183,814810.0,636447.5,0.0,0.0,1,1
17184,814810.0,636447.5,0.0,0.0,1,1
17185,814810.0,636447.5,0.0,0.0,1,1
17186,814810.0,636447.5,0.0,0.0,1,1
17187,814810.0,636447.5,0.0,0.0,1,1
17188,814810.0,636447.5,0.0,0.0,1,1
17189,814810.0,636447.5,0.0,0.0,1,1
17190,814810.0,636447.5,0.0,0.0,1,1
17191,814810.0,636447.5,0.0,0.0,1,1
17192,814810.0,636447.5,0.0,0.0,1,1
17193,814810.0,636447.5,0.0,0.0,1,1
17194,814810.0,636447.5,0.0,0.0,1,1
17195,814904.0,636447.5,0.0,0.0,1,1
17196,814904.0,636447.5,0.0,0.0,1,1
17197,814904.0,636447.5,0.0,0.0,1,1
17198,814904.0,636447.5,0.0,0.0,1,1
17199,814904.0,636447.5,0.0,0.0,1,1
17200,814904.0,636447.5,0.0,0.0,1,1
17201,814904.0,636447.5,0.0,0.0,1,1
17202,814904.0,636447.5,0.0,0.0,1,1
17203,814904.0,636447.5,0.0,0.0,1,1
17204,814904.0,636447.5,0.0,0.0,1,1
17205,814904.0,636447.5,0.0,0.0,1,1
17206,814904.0,636447.5,0.0,0.0,1,1
17207,814904.0,636447.5,0.0,0.0,1,1
17208,814904.0,636447.5,0.0,0.0,1,1
17209,814904.0,636447.5,0.0,0.0,1,1
17210,814904.0,636447.5,0.0,0.0,1,1
17211,814904.0,636447.5,0.0,0.0,1,1
17212,814904.0,636447.5,0.0,0.0,1,1
17213,814904.0,636447.5,0.0,0.0,1,1
17214,814904.0,636447.5,0.0,0.0,1,1
17215,814904.0,636447.5,0.0,0.0,1,1
17216,814904.0,636447.5,0.0,0.0,1,1
17217,814904.0,636447.5,0.0,0.0,1,1
17218,814904.0,636447.5,0.0,0.0,1,1
17219,814904.0,636447.5,0.0,0.0,1,1
17220,814904.0,636447.5,0.0,0.0,1,1
17221,814904.0,636447.5,0.0,0.0,1,1
17222,814904.0,636447.5,0.0,0.0,1,1
17223,814904.0,636447.5,0.0,0.0,1,1
17224,814904.0,636447.5,0.0,0.0,1,1
17225,814857.5,636447.5,0.0,0.0,1,1
17226,814857.5,636447.5,0.0,0.0,1,1
17227,814857.5,636447.5,0.0,0.0,1,1
17228,814857.5,636447.5,0.0,0.0,1,1
17229,814857.5,636447.5,0.0,0.0,1,1
17230,814857.5,636447.5,0.0,0.0,1,1
17231,814857.5,636447.5,0.0,0.0,1,1
17232,814857.5,636447.5,0.0,0.0,1,1
17233,814857.5,636447.5,0.0,0.0,1,1
17234,814857.5,636447.5,0.0,0.0,1,1
17235,814857.5,636447.5,0.0,0.0,1,1
17236,814857.5,636447.5,0.0,0.0,1,1
17237,814857.5,636447.5,0.0,0.0,1,1
17238,814857.5,636447.5,0.0,0.0,1,1
17239,814857.5,636447.5,0.0,0.0,1,1
17240,814857.5,636447.5,0.0,0.0,1,1
17241,814857.5,636447.5,0.0,0.0,1,1
17242,814857.5,636447.5,0.0,0.0,1,1
17243,814857.5,636447.5,0.0,0.0,1,1
17244,814857.5,636447.5,0.0,0.0,1,1
17245,814857.5,636447.5,0.0,0.0,1,1
17246,814857.5,636447.5,0.0,0.0,1,1
17247,814857.5,636447.5,0.0,0.0,1,1
17248,814857.5,636447.5,0.0,0.0,1,1
17249,814857.5,636447.5,0.0,0.0,1,1
17250,814857.5,636447.5,0.0,0.0,1,1
17251,814857.5,636447.5,0.0,0.0,1,1
17252,814857.5,636447.5,0.0,0.0,1,1
17253,814857.5,636447.5,0.0,0.0,1,1
17254,814857.5,636447.5,0.0,0.0,1,1
17255,814857.5,636447.5,0.0,0.0,1,1
17256,814857.5,636447.5,0.0,0.0,1,1
17257,814857.5,636447.5,0.0,0.0,1,1
17258,814857.5,636447.5,0.0,0.0,1,1
17259,814857.5,636447.5,0.0,0.0,1,1
17260,814893.5,636447.5,0.0,0.0,1,1
17261,814893.5,636447.5,0.0,0.0,1,1
17262,814893.5,636447.5,0.0,0.0,1,1
17263,814893.5,636447.5,0.0,0.0,1,1
17264,814893.5,636447.5,0.0,0.0,1,1
17265,814893.5,636447.5,0.0,0.0,1,1
17266,814893.5,636447.5,0.0,0.0,1,1
17267,814893.5,636447.5,0.0,0.0,1,1
17268,814893.5,636447.5,0.0,0.0,1,1
17269,814893.5,636447.5,0.0,0.0,1,1
17270,814893.5,636447.5,0.0,0.0,1,1
17271,814893.5,636447.5,0.0,0.0,1,1
17272,814893.5,636447.5,0.0,0.0,1,1
17273,814893.5,636447.5,0.0,0.0,1,1
17274,814893.5,636447.5,0.0,0.0,1,1
17275,814893.5,636447.5,0.0,0.0,1,1
17276,814893.5,636447.5,0.0,0.0,1,1
17277,814893.5,636447.5,0.0,0.0,1,1
17278,814893.5,636447.5,0.0,0.0,1,1
17279,814893.5,636447.5,0.0,0.0,1,1
17280,814893.5,636447.5,0.0,0.0,1,1
17281,814893.5,636447.5,0.0,0.0,1,1
17282,814893.5,636447.5,0.0,0.0,1,1
17283,814893.5,636447.5,0.0,0.0,1,1
17284,814893.5,636447.5,0.0,0.0,1,1
17285,814893.5,636447.5,0.0,0.0,1,1
17286,814893.5,636447.5,0.0,0.0,1,1
17287,814893.5,636447.5,0.0,0.0,1,1
17288,814893.5,636447.5,0.0,0.0,1,1
17289,814893.5,636447.5,0.0,0.0,1,1
17290,815311.0,636447.5,0.0,0.0,1,1
17291,815311.0,636447.5,0.0,0.0,1,1
17292,815288.5,636447.5,0.0,0.0,1,1
17293,815288.5,636447.5,0.0,0.0,1,1
17294,815288.5,636447.5,0.0,0.0,1,1
17295,815288.5,636447.5,0.0,0.0,1,1
17296,815288.5,636447.5,0.0,0.0,1,1
17297,815288.5,636447.5,0.0,0.0,1,1
17298,815288.5,636447.5,0.0,0.0,1,1
17299,815288.5,636447.5,0.0,0.0,1,1
17300,815288.5,636447.5,0.0,0.0,1,1
17301,815288.5,636447.5,0.0,0.0,1,1
17302,815288.5,636447.5,0.0,0.0,1,1
17303,815288.5,636447.5,0.0,0.0,1,1
17304,815288.5,636447.5,0.0,0.0,1,1
17305,815288.5,636447.5,0.0,0.0,1,1
17306,815288.5,636447.5,0.0,0.0,1,1
17307,815288.5,636447.5,0.0,0.0,1,1
17308,815288.5,636447.5,0.0,0.0,1,1
17309,815288.5,636447.5,0.0,0.0,1,1
17310,815288.5,636447.5,0.0,0.0,1,1
17311,815288.5,636447.5,0.0,0.0,1,1
17312,815257.5,636447.5,0.0,0.0,1,1
17313,815257.5,636447.5,0.0,0.0,1,1
17314,815257.5,636447.5,0.0,0.0,1,1
17315,815257.5,636447.5,0.0,0.0,1,1
17316,815257.5,636447.5,0.0,0.0,1,1
17317,815119.5,636447.5,0.0,0.0,1,1
17318,815119.5,636447.5,0.0,0.0,1,1
17319,815119.5,636447.5,0.0,0.0,1,1
17320,815119.5,636447.5,0.0,0.0,1,1
17321,815119.5,636447.5,0.0,0.0,1,1
17322,815119.5,636447.5,0.0,0.0,1,1
17323,815119.5,636447.5,0.0,0.0,1,1
17324,815119.5,636447.5,0.0,0.0,1,1
17325,815119.5,636447.5,0.0,0.0,1,1
17326,815119.5,636447.5,0.0,0.0,1,1
17327,815119.5,636447.5,0.0,0.0,1,1
17328,815119.5,636447.5,0.0,0.0,1,1
17329,815119.5,636447.5,0.0,0.0,1,1
17330,815119.5,636447.5,0.0,0.0,1,1
17331,815119.5,636447.5,0.0,0.0,1,1
17332,815119.5,636447.5,0.0,0.0,1,1
17333,815119.5,636447.5,0.0,0.0,1,1
17334,815119.5,636447.5,0.0,0.0,1,1
17335,815119.5,636447.5,0.0,0.0,1,1
17336,815119.5,636447.5,0.0,0.0,1,1
17337,815119.5,636447.5,0.0,0.0,1,1
17338,815119.5,636447.5,0.0,0.0,1,1
17339,815119.5,636447.5,0.0,0.0,1,1
17340,815119.5,636447.5,0.0,0.0,1,1
17341,815119.5,636447.5,0.0,0.0,1,1
17342,815119.5,636447.5,0.0,0.0,1,1
17343,815119.5,636447.5,0.0,0.0,1,1
17344,815119.5,636447.5,0.0,0.0,1,1
17345,815119.5,636447.5,0.0,0.0,1,1
17346,815119.5,636447.5,0.0,0.0,1,1
17347,815119.5,636447.5,0.0,0.0,1,1
17348,815119.5,636447.5,0.0,0.0,1,1
17349,815119.5,636447.5,0.0,0.0,1,1
17350,815119.5,636447.5,0.0,0.0,1,1
17351,815119.5,636447.5,0.0,0.0,1,1
17352,815119.5,636447.5,0.0,0.0,1,1
17353,815119.5,636447.5,0.0,0.0,1,1
17354,815119.5,636447.5,0.0,0.0,1,1
17355,815119.5,636447.5,0.0,0.0,1,1
17356,815119.5,636447.5,0.0,0.0,1,1
17357,815119.5,636447.5,0.0,0.0,1,1
17358,815119.5,636447.5,0.0,0.0,1,1
17359,815090.5,636447.5,0.0,0.0,1,1
17360,815090.5,636447.5,0.0,0.0,1,1
17361,815090.5,636447.5,0.0,0.0,1,1
17362,815227.5,636447.5,0.0,0.0,1,1
17363,815227.5,636447.5,0.0,0.0,1,1
17364,815227.5,636447.5,0.0,0.0,1,1
17365,815227.5,636447.5,0.0,0.0,1,1
17366,815227.5,636447.5,0.0,0.0,1,1
17367,815227.5,636447.5,0.0,0.0,1,1
17368,815227.5,636447.5,0.0,0.0,1,1
17369,815227.5,636447.5,0.0,0.0,1,1
17370,815227.5,636447.5,0.0,0.0,1,1
17371,815227.5,636447.5,0.0,0.0,1,1
17372,815227.5,636447.5,0.0,0.0,1,1
17373,815227.5,636447.5,0.0,0.0,1,1
17374,813536.0,636447.5,0.0,0.0,1,1
17375,813536.0,636447.5,0.0,0.0,1,1
17376,813536.0,636447.5,0.0,0.0,1,1
17377,813536.0,636447.5,0.0,0.0,1,1
17378,813536.0,636447.5,0.0,0.0,1,1
17379,813536.0,636447.5,0.0,0.0,1,1
17380,813536.0,636447.5,0.0,0.0,1,1
17381,813536.0,636447.5,0.0,0.0,1,1
17382,813536.0,636447.5,0.0,0.0,1,1
17383,813536.0,636447.5,0.0,0.0,1,1
17384,813536.0,636447.5,0.0,0.0,1,1
17385,813536.0,636447.5,0.0,0.0,1,1
17386,813536.0,636447.5,0.0,0.0,1,1
17387,813536.0,636447.5,0.0,0.0,1,1
17388,813536.0,636447.5,0.0,0.0,1,1
17389,813582.5,636447.5,0.0,0.0,1,1
17390,813582.5,636447.5,0.0,0.0,1,1
17391,813582.5,636447.5,0.0,0.0,1,1
17392,813582.5,636447.5,0.0,0.0,1,1
17393,813582.5,636447.5,0.0,0.0,1,1
17394,813722.0,636447.5,0.0,0.0,1,1
17395,813722.0,636447.5,0.0,0.0,1,1
17396,813722.0,636447.5,0.0,0.0,1,1
17397,813722.0,636447.5,0.0,0.0,1,1
17398,813759.5,636447.5,0.0,0.0,1,1
17399,813759.5,636447.5,0.0,0.0,1,1
17400,813759.5,636447.5,0.0,0.0,1,1
17401,813759.5,636447.5,0.0,0.0,1,1
17402,813759.5,636447.5,0.0,0.0,1,1
17403,813759.5,636447.5,0.0,0.0,1,1
17404,813697.5,636447.5,0.0,0.0,1,1
17405,813697.5,636447.5,0.0,0.0,1,1
17406,813697.5,636447.5,0.0,0.0,1,1
17407,813697.5,636447.5,0.0,0.0,1,1
17408,813697.5,636447.5,0.0,0.0,1,1
17409,813697.5,636447.5,0.0,0.0,1,1
17410,814200.5,636447.5,0.0,0.0,1,1
17411,814200.5,636447.5,0.0,0.0,1,1
17412,814200.5,636447.5,0.0,0.0,1,1
17413,814200.5,636447.5,0.0,0.0,1,1
17414,814200.5,636447.5,0.0,0.0,1,1
17415,814200.5,636447.5,0.0,0.0,1,1
17416,814200.5,636447.5,0.0,0.0,1,1
17417,814200.5,636447.5,0.0,0.0,1,1
17418,814200.5,636447.5,0.0,0.0,1,1
17419,814200.5,636447.5,0.0,0.0,1,1
17420,814200.5,636447.5,0.0,0.0,1,1
17421,814200.5,636447.5,0.0,0.0,1,1
17422,814200.5,636447.5,0.0,0.0,1,1
17423,814200.5,636447.5,0.0,0.0,1,1
17424,814228.0,636447.5,0.0,0.0,1,1
17425,814228.0,636447.5,0.0,0.0,1,1
17426,814228.0,636447.5,0.0,0.0,1,1
17427,814228.0,636447.5,0.0,0.0,1,1
17428,814228.0,636447.5,0.0,0.0,1,1
17429,814228.0,636447.5,0.0,0.0,1,1
17430,814228.0,636447.5,0.0,0.0,1,1
17431,814228.0,636447.5,0.0,0.0,1,1
17432,814228.0,636447.5,0.0,0.0,1,1
17433,814228.0,636447.5,0.0,0.0,1,1
17434,814228.0,636447.5,0.0,0.0,1,1
17435,814228.0,636447.5,0.0,0.0,1,1
17436,814228.0,636447.5,0.0,0.0,1,1
17437,813494.0,636447.5,0.0,0.0,1,1
17438,813494.0,636447.5,0.0,0.0,1,1
17439,813494.0,636447.5,0.0,0.0,1,1
17440,813494.0,636447.5,0.0,0.0,1,1
17441,813494.0,636447.5,0.0,0.0,1,1
17442,813494.0,636447.5,0.0,0.0,1,1
17443,813494.0,636447.5,0.0,0.0,1,1
17444,813494.0,636447.5,0.0,0.0,1,1
17445,813494.0,636447.5,0.0,0.0,1,1
17446,813494.0,636447.5,0.0,0.0,1,1
17447,813494.0,636447.5,0.0,0.0,1,1
17448,813494.0,636447.5,0.0,0.0,1,1
17449,813494.0,636447.5,0.0,0.0,1,1
17450,813494.0,636447.5,0.0,0.0,1,1
17451,813494.0,636447.5,0.0,0.0,1,1
17452,813494.0,636447.5,0.0,0.0,1,1
17453,813494.0,636447.5,0.0,0.0,1,1
17454,813494.0,636447.5,0.0,0.0,1,1
17455,813494.0,636447.5,0.0,0.0,1,1
17456,813494.0,636447.5,0.0,0.0,1,1
17457,813494.0,636447.5,0.0,0.0,1,1
17458,813494.0,636447.5,0.0,0.0,1,1
17459,813494.0,636447.5,0.0,0.0,1,1
17460,813494.0,636447.5,0.0,0.0,1,1
17461,813494.0,636447.5,0.0,0.0,1,1
17462,813494.0,636447.5,0.0,0.0,1,1
17463,813494.0,636447.5,0.0,0.0,1,1
17464,813494.0,636447.5,0.0,0.0,1,1
17465,813494.0,636447.5,0.0,0.0,1,1
17466,813494.0,636447.5,0.0,0.0,1,1
17467,813494.0,636447.5,0.0,0.0,1,1
17468,813494.0,636447.5,0.0,0.0,1,1
17469,813494.0,636447.5,0.0,0.0,1,1
17470,813494.0,636447.5,0.0,0.0,1,1
17471,813494.0,636447.5,0.0,0.0,1,1
17472,813494.0,636447.5,0.0,0.0,1,1
17473,813494.0,636447.5,0.0,0.0,1,1
17474,813494.0,636447.5,0.0,0.0,1,1
17475,813494.0,636447.5,0.0,0.0,1,1
17476,813494.0,636447.5,0.0,0.0,1,1
17477,813676.0,636447.5,0.0,0.0,1,1
17478,813676.0,636447.5,0.0,0.0,1,1
17479,813676.0,636447.5,0.0,0.0,1,1
17480,813676.0,636447.5,0.0,0.0,1,1
17481,813676.0,636447.5,0.0,0.0,1,1
17482,813676.0,636447.5,0.0,0.0,1,1
17483,813676.0,636447.5,0.0,0.0,1,1
17484,813676.0,636447.5,0.0,0.0,1,1
17485,813676.0,636447.5,0.0,0.0,1,1
17486,813676.0,636447.5,0.0,0.0,1,1
17487,813676.0,636447.5,0.0,0.0,1,1
17488,813676.0,636447.5,0.0,0.0,1,1
17489,813676.0,636447.5,0.0,0.0,1,1
17490,813646.0,636447.5,0.0,0.0,1,1
17491,813646.0,636447.5,0.0,0.0,1,1
17492,813646.0,636447.5,0.0,0.0,1,1
17493,813646.0,636447.5,0.0,0.0,1,1
17494,813646.0,636447.5,0.0,0.0,1,1
17495,813646.0,636447.5,0.0,0.0,1,1
17496,813646.0,636447.5,0.0,0.0,1,1
17497,813646.0,636447.5,0.0,0.0,1,1
17498,813646.0,636447.5,0.0,0.0,1,1
17499,813646.0,636447.5,0.0,0.0,1,1
17500,813646.0,636447.5,0.0,0.0,1,1
17501,814494.0,636447.5,0.0,0.0,1,1
17502,814494.0,636447.5,0.0,0.0,1,1
17503,814494.0,636447.5,0.0,0.0,1,1
17504,814494.0,636447.5,0.0,0.0,1,1
17505,814494.0,636447.5,0.0,0.0,1,1
17506,814494.0,636447.5,0.0,0.0,1,1
17507,814494.0,636447.5,0.0,0.0,1,1
17508,814494.0,636447.5,0.0,0.0,1,1
17509,814494.0,636447.5,0.0,0.0,1,1
17510,814494.0,636447.5,0.0,0.0,1,1
17511,814515.0,636447.5,0.0,0.0,1,1
17512,814515.0,636447.5,0.0,0.0,1,1
17513,814515.0,636447.5,0.0,0.0,1,1
17514,814515.0,636447.5,0.0,0.0,1,1
17515,814515.0,636447.5,0.0,0.0,1,1
17516,814515.0,636447.5,0.0,0.0,1,1
17517,814515.0,636447.5,0.0,0.0,1,1
17518,814515.0,636447.5,0.0,0.0,1,1
17519,814515.0,636447.5,0.0,0.0,1,1
17520,814515.0,636447.5,0.0,0.0,1,1
17521,814515.0,636447.5,0.0,0.0,1,1
17522,814515.0,636447.5,0.0,0.0,1,1
17523,814515.0,636447.5,0.0,0.0,1,1
17524,814515.0,636447.5,0.0,0.0,1,1
17525,814515.0,636447.5,0.0,0.0,1,1
17526,814515.0,636447.5,0.0,0.0,1,1
17527,814515.0,636447.5,0.0,0.0,1,1
17528,814515.0,636447.5,0.0,0.0,1,1
17529,814252.0,636447.5,0.0,0.0,1,1
17530,814268.5,636447.5,0.0,0.0,1,1
17531,814696.5,636447.5,0.0,0.0,1,1
17532,814696.5,636447.5,0.0,0.0,1,1
17533,814696.5,636447.5,0.0,0.0,1,1
17534,814696.5,636447.5,0.0,0.0,1,1
17535,814696.5,636447.5,0.0,0.0,1,1
17536,814696.5,636447.5,0.0,0.0,1,1
17537,814696.5,636447.5,0.0,0.0,1,1
17538,814696.5,636447.5,0.0,0.0,1,1
17539,814696.5,636447.5,0.0,0.0,1,1
17540,814696.5,636447.5,0.0,0.0,1,1
17541,814696.5,636447.5,0.0,0.0,1,1
17542,814696.5,636447.5,0.0,0.0,1,1
17543,814696.5,636447.5,0.0,0.0,1,1
17544,814696.5,636447.5,0.0,0.0,1,1
17545,814696.5,636447.5,0.0,0.0,1,1
17546,814696.5,636447.5,0.0,0.0,1,1
17547,814696.5,636447.5,0.0,0.0,1,1
17548,814696.5,636447.5,0.0,0.0,1,1
17549,814307.5,636447.5,0.0,0.0,1,1
17550,814307.5,636447.5,0.0,0.0,1,1
17551,813608.0,636447.5,0.0,0.0,1,1
17552,813608.0,636447.5,0.0,0.0,1,1
17553,813608.0,636447.5,0.0,0.0,1,1
17554,813608.0,636447.5,0.0,0.0,1,1
17555,813608.0,636447.5,0.0,0.0,1,1
17556,813608.0,636447.5,0.0,0.0,1,1
17557,813608.0,636447.5,0.0,0.0,1,1
17558,813608.0,636447.5,0.0,0.0,1,1
17559,813608.0,636447.5,0.0,0.0,1,1
17560,813608.0,636447.5,0.0,0.0,1,1
17561,813608.0,636447.5,0.0,0.0,1,1
17562,813608.0,636447.5,0.0,0.0,1,1
17563,813608.0,636447.5,0.0,0.0,1,1
17564,813608.0,636447.5,0.0,0.0,1,1
17565,813608.0,636447.5,0.0,0.0,1,1
17566,813608.0,636447.5,0.0,0.0,1,1
17567,813608.0,636447.5,0.0,0.0,1,1
17568,813608.0,636447.5,0.0,0.0,1,1
17569,813498.5,636447.5,0.0,0.0,1,1
17570,813498.5,636447.5,0.0,0.0,1,1
17571,813498.5,636447.5,0.0,0.0,1,1
17572,813611.5,636447.5,0.0,0.0,1,1
17573,813611.5,636447.5,0.0,0.0,1,1
17574,813616.5,636447.5,0.0,0.0,1,1
17575,813616.5,636447.5,0.0,0.0,1,1
17576,813616.5,636447.5,0.0,0.0,1,1
17577,813616.5,636447.5,0.0,0.0,1,1
17578,813616.5,636447.5,0.0,0.0,1,1
17579,813616.5,636447.5,0.0,0.0,1,1
17580,813616.5,636447.5,0.0,0.0,1,1
17581,813588.5,636447.5,0.0,0.0,1,1
17582,813588.5,636447.5,0.0,0.0,1,1
17583,813723.5,636447.5,0.0,0.0,1,1
17584,813723.5,636447.5,0.0,0.0,1,1
17585,813723.5,636447.5,0.0,0.0,1,1
17586,813723.5,636447.5,0.0,0.0,1,1
17587,813723.5,636447.5,0.0,0.0,1,1
17588,813723.5,636447.5,0.0,0.0,1,1
17589,813723.5,636447.5,0.0,0.0,1,1
17590,813723.5,636447.5,0.0,0.0,1,1
17591,813723.5,636447.5,0.0,0.0,1,1
17592,813723.5,636447.5,0.0,0.0,1,1
17593,813723.5,636447.5,0.0,0.0,1,1
17594,813723.5,636447.5,0.0,0.0,1,1
17595,813723.5,636447.5,0.0,0.0,1,1
17596,813723.5,636447.5,0.0,0.0,1,1
17597,813723.5,636447.5,0.0,0.0,1,1
17598,813723.5,636447.5,0.0,0.0,1,1
17599,813723.5,636447.5,0.0,0.0,1,1
17600,813723.5,636447.5,0.0,0.0,1,1
17601,813723.5,636447.5,0.0,0.0,1,1
17602,813723.5,636447.5,0.0,0.0,1,1
17603,813723.5,636447.5,0.0,0.0,1,1
17604,813823.5,636447.5,0.0,0.0,1,1
17605,813823.5,636447.5,0.0,0.0,1,1
17606,813823.5,636447.5,0.0,0.0,1,1
17607,813823.5,636447.5,0.0,0.0,1,1
17608,813823.5,636447.5,0.0,0.0,1,1
17609,813823.5,636447.5,0.0,0.0,1,1
17610,813823.5,636447.5,0.0,0.0,1,1
17611,813823.5,636447.5,0.0,0.0,1,1
17612,813823.5,636447.5,0.0,0.0,1,1
17613,813823.5,636447.5,0.0,0.0,1,1
17614,813752.0,636447.5,0.0,0.0,1,1
17615,813752.0,636447.5,0.0,0.0,1,1
17616,813752.0,636447.5,0.0,0.0,1,1
17617,813752.0,636447.5,0.0,0.0,1,1
17618,813752.0,636447.5,0.0,0.0,1,1
17619,813752.0,636447.5,0.0,0.0,1,1
17620,813752.0,636447.5,0.0,0.0,1,1
17621,813752.0,636447.5,0.0,0.0,1,1
17622,813752.0,636447.5,0.0,0.0,1,1
17623,813752.0,636447.5,0.0,0.0,1,1
17624,813752.0,636447.5,0.0,0.0,1,1
17625,813752.0,636447.5,0.0,0.0,1,1
17626,813752.0,636447.5,0.0,0.0,1,1
17627,813752.0,636447.5,0.0,0.0,1,1
17628,813752.0,636447.5,0.0,0.0,1,1
17629,813752.0,636447.5,0.0,0.0,1,1
17630,813752.0,636447.5,0.0,0.0,1,1
17631,813752.0,636447.5,0.0,0.0,1,1
17632,813752.0,636447.5,0.0,0.0,1,1
17633,813752.0,636447.5,0.0,0.0,1,1
17634,813752.0,636447.5,0.0,0.0,1,1
17635,813752.0,636447.5,0.0,0.0,1,1
17636,813752.0,636447.5,0.0,0.0,1,1
17637,813752.0,636447.5,0.0,0.0,1,1
17638,813752.0,636447.5,0.0,0.0,1,1
17639,813752.0,636447.5,0.0,0.0,1,1
17640,813752.0,636447.5,0.0,0.0,1,1
17641,813752.0,636447.5,0.0,0.0,1,1
17642,813752.0,636447.5,0.0,0.0,1,1
17643,813752.0,636447.5,0.0,0.0,1,1
17644,813752.0,636447.5,0.0,0.0,1,1
17645,813752.0,636447.5,0.0,0.0,1,1
17646,813752.0,636447.5,0.0,0.0,1,1
17647,813752.0,636447.5,0.0,0.0,1,1
17648,813752.0,636447.5,0.0,0.0,1,1
17649,813752.0,636447.5,0.0,0.0,1,1
17650,813752.0,636447.5,0.0,0.0,1,1
17651,813752.0,636447.5,0.0,0.0,1,1
17652,813752.0,636447.5,0.0,0.0,1,1
17653,813752.0,636447.5,0.0,0.0,1,1
17654,813752.0,636447.5,0.0,0.0,1,1
17655,813752.0,636447.5,0.0,0.0,1,1
17656,813752.0,636447.5,0.0,0.0,1,1
17657,813752.0,636447.5,0.0,0.0,1,1
17658,813752.0,636447.5,0.0,0.0,1,1
17659,813752.0,636447.5,0.0,0.0,1,1
17660,813752.0,636447.5,0.0,0.0,1,1
17661,813752.0,636447.5,0.0,0.0,1,1
17662,813752.0,636447.5,0.0,0.0,1,1
17663,813752.0,636447.5,0.0,0.0,1,1
17664,813752.0,636447.5,0.0,0.0,1,1
17665,813752.0,636447.5,0.0,0.0,1,1
17666,813752.0,636447.5,0.0,0.0,1,1
17667,813752.0,636447.5,0.0,0.0,1,1
17668,813752.0,636447.5,0.0,0.0,1,1
17669,813752.0,636447.5,0.0,0.0,1,1
17670,813752.0,636447.5,0.0,0.0,1,1
17671,813752.0,636447.5,0.0,0.0,1,1
17672,813752.0,636447.5,0.0,0.0,1,1
17673,813752.0,636447.5,0.0,0.0,1,1
17674,813752.0,636447.5,0.0,0.0,1,1
17675,813752.0,636447.5,0.0,0.0,1,1
17676,813752.0,636447.5,0.0,0.0,1,1
17677,813752.0,636447.5,0.0,0.0,1,1
17678,813752.0,636447.5,0.0,0.0,1,1
17679,813752.0,636447.5,0.0,0.0,1,1
17680,813752.0,636447.5,0.0,0.0,1,1
17681,813752.0,636447.5,0.0,0.0,1,1
17682,813752.0,636447.5,0.0,0.0,1,1
17683,813752.0,636447.5,0.0,0.0,1,1
17684,813752.0,636447.5,0.0,0.0,1,1
17685,813752.0,636447.5,0.0,0.0,1,1
17686,813752.0,636447.5,0.0,0.0,1,1
17687,813752.0,636447.5,0.0,0.0,1,1
17688,813752.0,636447.5,0.0,0.0,1,1
17689,813752.0,636447.5,0.0,0.0,1,1
17690,813752.0,636447.5,0.0,0.0,1,1
17691,813752.0,636447.5,0.0,0.0,1,1
17692,813752.0,636447.5,0.0,0.0,1,1
17693,813752.0,636447.5,0.0,0.0,1,1
17694,813752.0,636447.5,0.0,0.0,1,1
17695,813752.0,636447.5,0.0,0.0,1,1
17696,813752.0,636447.5,0.0,0.0,1,1
17697,813752.0,636447.5,0.0,0.0,1,1
17698,813719.5,636447.5,0.0,0.0,1,1
17699,813719.5,636447.5,0.0,0.0,1,1
17700,813719.5,636447.5,0.0,0.0,1,1
17701,813719.5,636447.5,0.0,0.0,1,1
17702,813500.5,636447.5,0.0,0.0,1,1
17703,813500.5,636447.5,0.0,0.0,1,1
17704,813500.5,636447.5,0.0,0.0,1,1
17705,813500.5,636447.5,0.0,0.0,1,1
17706,813500.5,636447.5,0.0,0.0,1,1
17707,813500.5,636447.5,0.0,0.0,1,1
17708,813500.5,636447.5,0.0,0.0,1,1
17709,813500.5,636447.5,0.0,0.0,1,1
17710,813218.0,636447.5,0.0,0.0,1,1
17711,813218.0,636447.5,0.0,0.0,1,1
17712,813218.0,636447.5,0.0,0.0,1,1
17713,813218.0,636447.5,0.0,0.0,1,1
17714,813218.0,636447.5,0.0,0.0,1,1
17715,813218.0,636447.5,0.0,0.0,1,1
17716,813218.0,636447.5,0.0,0.0,1,1
17717,813218.0,636447.5,0.0,0.0,1,1
17718,813218.0,636447.5,0.0,0.0,1,1
17719,813218.0,636447.5,0.0,0.0,1,1
17720,813218.0,636447.5,0.0,0.0,1,1
17721,813324.0,636447.5,0.0,0.0,1,1
17722,813324.0,636447.5,0.0,0.0,1,1
17723,813324.0,636447.5,0.0,0.0,1,1
17724,813324.0,636447.5,0.0,0.0,1,1
17725,813324.0,636447.5,0.0,0.0,1,1
17726,813324.0,636447.5,0.0,0.0,1,1
17727,813324.0,636447.5,0.0,0.0,1,1
17728,813324.0,636447.5,0.0,0.0,1,1
17729,813324.0,636447.5,0.0,0.0,1,1
17730,813324.0,636447.5,0.0,0.0,1,1
17731,813324.0,636447.5,0.0,0.0,1,1
17732,813324.0,636447.5,0.0,0.0,1,1
17733,813324.0,636447.5,0.0,0.0,1,1
17734,813324.0,636447.5,0.0,0.0,1,1
17735,813324.0,636447.5,0.0,0.0,1,1
17736,813126.0,636447.5,0.0,0.0,1,1
17737,813126.0,636447.5,0.0,0.0,1,1
17738,813126.0,636447.5,0.0,0.0,1,1
17739,813126.0,636447.5,0.0,0.0,1,1
17740,813126.0,636447.5,0.0,0.0,1,1
17741,813126.0,636447.5,0.0,0.0,1,1
17742,813126.0,636447.5,0.0,0.0,1,1
17743,813126.0,636447.5,0.0,0.0,1,1
17744,813126.0,636447.5,0.0,0.0,1,1
17745,813126.0,636447.5,0.0,0.0,1,1
17746,813126.0,636447.5,0.0,0.0,1,1
17747,813126.0,636447.5,0.0,0.0,1,1
17748,813126.0,636447.5,0.0,0.0,1,1
17749,813126.0,636447.5,0.0,0.0,1,1
17750,813126.0,636447.5,0.0,0.0,1,1
17751,813126.0,636447.5,0.0,0.0,1,1
17752,813126.0,636447.5,0.0,0.0,1,1
17753,813126.0,636447.5,0.0,0.0,1,1
17754,813126.0,636447.5,0.0,0.0,1,1
17755,813126.0,636447.5,0.0,0.0,1,1
17756,813126.0,636447.5,0.0,0.0,1,1
17757,813126.0,636447.5,0.0,0.0,1,1
17758,813126.0,636447.5,0.0,0.0,1,1
17759,813126.0,636447.5,0.0,0.0,1,1
17760,813126.0,636447.5,0.0,0.0,1,1
17761,813126.0,636447.5,0.0,0.0,1,1
17762,813126.0,636447.5,0.0,0.0,1,1
17763,813126.0,636447.5,0.0,0.0,1,1
17764,813126.0,636447.5,0.0,0.0,1,1
17765,813126.0,636447.5,0.0,0.0,1,1
17766,813126.0,636447.5,0.0,0.0,1,1
17767,813126.0,636447.5,0.0,0.0,1,1
17768,813126.0,636447.5,0.0,0.0,1,1
17769,813126.0,636447.5,0.0,0.0,1,1
17770,813126.0,636447.5,0.0,0.0,1,1
17771,813126.0,636447.5,0.0,0.0,1,1
17772,813126.0,636447.5,0.0,0.0,1,1
17773,813126.0,636447.5,0.0,0.0,1,1
17774,813126.0,636447.5,0.0,0.0,1,1
17775,813126.0,636447.5,0.0,0.0,1,1
17776,813126.0,636447.5,0.0,0.0,1,1
17777,813126.0,636447.5,0.0,0.0,1,1
17778,813126.0,636447.5,0.0,0.0,1,1
17779,812589.0,636447.5,0.0,0.0,1,1
17780,812589.0,636447.5,0.0,0.0,1,1
17781,812589.0,636447.5,0.0,0.0,1,1
17782,812263.5,636447.5,0.0,0.0,1,1
17783,812263.5,636447.5,0.0,0.0,1,1
17784,812263.5,636447.5,0.0,0.0,1,1
17785,812263.5,636447.5,0.0,0.0,1,1
17786,812263.5,636447.5,0.0,0.0,1,1
17787,812263.5,636447.5,0.0,0.0,1,1
17788,812263.5,636447.5,0.0,0.0,1,1
17789,812263.5,636447.5,0.0,0.0,1,1
17790,812263.5,636447.5,0.0,0.0,1,1
17791,812263.5,636447.5,0.0,0.0,1,1
17792,812263.5,636447.5,0.0,0.0,1,1
17793,812263.5,636447.5,0.0,0.0,1,1
17794,812263.5,636447.5,0.0,0.0,1,1
17795,812263.5,636447.5,0.0,0.0,1,1
17796,812263.5,636447.5,0.0,0.0,1,1
17797,812263.5,636447.5,0.0,0.0,1,1
17798,812263.5,636447.5,0.0,0.0,1,1
17799,812263.5,636447.5,0.0,0.0,1,1
17800,812263.5,636447.5,0.0,0.0,1,1
17801,812263.5,636447.5,0.0,0.0,1,1
17802,812263.5,636447.5,0.0,0.0,1,1
17803,812263.5,636447.5,0.0,0.0,1,1
17804,812263.5,636447.5,0.0,0.0,1,1
17805,812263.5,636447.5,0.0,0.0,1,1
17806,812263.5,636447.5,0.0,0.0,1,1
17807,812263.5,636447.5,0.0,0.0,1,1
17808,812263.5,636447.5,0.0,0.0,1,1
17809,812263.5,636447.5,0.0,0.0,1,1
17810,812263.5,636447.5,0.0,0.0,1,1
17811,812263.5,636447.5,0.0,0.0,1,1
17812,812263.5,636447.5,0.0,0.0,1,1
17813,812263.5,636447.5,0.0,0.0,1,1
17814,812263.5,636447.5,0.0,0.0,1,1
17815,812263.5,636447.5,0.0,0.0,1,1
17816,812263.5,636447.5,0.0,0.0,1,1
17817,812263.5,636447.5,0.0,0.0,1,1
17818,812263.5,636447.5,0.0,0.0,1,1
17819,812263.5,636447.5,0.0,0.0,1,1
17820,812263.5,636447.5,0.0,0.0,1,1
17821,812263.5,636447.5,0.0,0.0,1,1
17822,812295.5,636447.5,0.0,0.0,1,1
17823,812295.5,636447.5,0.0,0.0,1,1
17824,812295.5,636447.5,0.0,0.0,1,1
17825,812295.5,636447.5,0.0,0.0,1,1
17826,812295.5,636447.5,0.0,0.0,1,1
17827,812295.5,636447.5,0.0,0.0,1,1
17828,812295.5,636447.5,0.0,0.0,1,1
17829,812295.5,636447.5,0.0,0.0,1,1
17830,812295.5,636447.5,0.0,0.0,1,1
17831,812295.5,636447.5,0.0,0.0,1,1
17832,812295.5,636447.5,0.0,0.0,1,1
17833,812295.5,636447.5,0.0,0.0,1,1
17834,812295.5,636447.5,0.0,0.0,1,1
17835,812295.5,636447.5,0.0,0.0,1,1
17836,812295.5,636447.5,0.0,0.0,1,1
17837,812295.5,636447.5,0.0,0.0,1,1
17838,812295.5,636447.5,0.0,0.0,1,1
17839,812295.5,636447.5,0.0,0.0,1,1
17840,812295.5,636447.5,0.0,0.0,1,1
17841,812295.5,636447.5,0.0,0.0,1,1
17842,812295.5,636447.5,0.0,0.0,1,1
17843,812295.5,636447.5,0.0,0.0,1,1
17844,812295.5,636447.5,0.0,0.0,1,1
17845,812295.5,636447.5,0.0,0.0,1,1
17846,812295.5,636447.5,0.0,0.0,1,1
17847,812295.5,636447.5,0.0,0.0,1,1
17848,812295.5,636447.5,0.0,0.0,1,1
17849,812295.5,636447.5,0.0,0.0,1,1
17850,812295.5,636447.5,0.0,0.0,1,1
17851,812295.5,636447.5,0.0,0.0,1,1
17852,812295.5,636447.5,0.0,0.0,1,1
17853,812295.5,636447.5,0.0,0.0,1,1
17854,812295.5,636447.5,0.0,0.0,1,1
17855,812295.5,636447.5,0.0,0.0,1,1
17856,812295.5,636447.5,0.0,0.0,1,1
17857,812295.5,636447.5,0.0,0.0,1,1
17858,812295.5,636447.5,0.0,0.0,1,1
17859,812295.5,636447.5,0.0,0.0,1,1
17860,812295.5,636447.5,0.0,0.0,1,1
17861,812295.5,636447.5,0.0,0.0,1,1
17862,812295.5,636447.5,0.0,0.0,1,1
17863,812295.5,636447.5,0.0,0.0,1,1
17864,812295.5,636447.5,0.0,0.0,1,1
17865,812295.5,636447.5,0.0,0.0,1,1
17866,812295.5,636447.5,0.0,0.0,1,1
17867,812295.5,636447.5,0.0,0.0,1,1
17868,812573.5,636447.5,0.0,0.0,1,1
17869,812573.5,636447.5,0.0,0.0,1,1
17870,812573.5,636447.5,0.0,0.0,1,1
17871,812573.5,636447.5,0.0,0.0,1,1
17872,812573.5,636447.5,0.0,0.0,1,1
17873,812573.5,636447.5,0.0,0.0,1,1
17874,812573.5,636447.5,0.0,0.0,1,1
17875,812573.5,636447.5,0.0,0.0,1,1
17876,812573.5,636447.5,0.0,0.0,1,1
17877,812573.5,636447.5,0.0,0.0,1,1
17878,812573.5,636447.5,0.0,0.0,1,1
17879,812573.5,636447.5,0.0,0.0,1,1
17880,812573.5,636447.5,0.0,0.0,1,1
17881,812573.5,636447.5,0.0,0.0,1,1
17882,812573.5,636447.5,0.0,0.0,1,1
17883,812573.5,636447.5,0.0,0.0,1,1
17884,812573.5,636447.5,0.0,0.0,1,1
17885,812573.5,636447.5,0.0,0.0,1,1
17886,812573.5,636447.5,0.0,0.0,1,1
17887,812573.5,636447.5,0.0,0.0,1,1
17888,812573.5,636447.5,0.0,0.0,1,1
17889,812573.5,636447.5,0.0,0.0,1,1
17890,812573.5,636447.5,0.0,0.0,1,1
17891,812573.5,636447.5,0.0,0.0,1,1
17892,812573.5,636447.5,0.0,0.0,1,1
17893,812573.5,636447.5,0.0,0.0,1,1
17894,812573.5,636447.5,0.0,0.0,1,1
17895,812573.5,636447.5,0.0,0.0,1,1
17896,812573.5,636447.5,0.0,0.0,1,1
17897,812573.5,636447.5,0.0,0.0,1,1
17898,812097.0,636447.5,0.0,0.0,1,1
17899,812097.0,636447.5,0.0,0.0,1,1
17900,812097.0,636447.5,0.0,0.0,1,1
17901,812097.0,636447.5,0.0,0.0,1,1
17902,812097.0,636447.5,0.0,0.0,1,1
17903,812097.0,636447.5,0.0,0.0,1,1
17904,812097.0,636447.5,0.0,0.0,1,1
17905,812097.0,636447.5,0.0,0.0,1,1
17906,812097.0,636447.5,0.0,0.0,1,1
17907,811868.0,636447.5,0.0,0.0,1,1
17908,811868.0,636447.5,0.0,0.0,1,1
17909,811868.0,636447.5,0.0,0.0,1,1
17910,811868.0,636447.5,0.0,0.0,1,1
17911,812180.5,636447.5,0.0,0.0,1,1
17912,812180.5,636447.5,0.0,0.0,1,1
17913,812180.5,636447.5,0.0,0.0,1,1
17914,812180.5,636447.5,0.0,0.0,1,1
17915,812180.5,636447.5,0.0,0.0,1,1
17916,812180.5,636447.5,0.0,0.0,1,1
17917,812180.5,636447.5,0.0,0.0,1,1
17918,812180.5,636447.5,0.0,0.0,1,1
17919,812180.5,636447.5,0.0,0.0,1,1
17920,812180.5,636447.5,0.0,0.0,1,1
17921,812180.5,636447.5,0.0,0.0,1,1
17922,812180.5,636447.5,0.0,0.0,1,1
17923,812180.5,636447.5,0.0,0.0,1,1
17924,812180.5,636447.5,0.0,0.0,1,1
17925,812180.5,636447.5,0.0,0.0,1,1
17926,812180.5,636447.5,0.0,0.0,1,1
17927,816121.0,636447.5,0.0,0.0,1,1
17928,816121.0,636447.5,0.0,0.0,1,1
17929,816121.0,636447.5,0.0,0.0,1,1
17930,816121.0,636447.5,0.0,0.0,1,1
17931,816121.0,636447.5,0.0,0.0,1,1
17932,816121.0,636447.5,0.0,0.0,1,1
17933,816121.0,636447.5,0.0,0.0,1,1
17934,816121.0,636447.5,0.0,0.0,1,1
17935,816121.0,636447.5,0.0,0.0,1,1
17936,816121.0,636447.5,0.0,0.0,1,1
17937,816121.0,636447.5,0.0,0.0,1,1
17938,816121.0,636447.5,0.0,0.0,1,1
17939,816121.0,636447.5,0.0,0.0,1,1
17940,816121.0,636447.5,0.0,0.0,1,1
17941,816121.0,636447.5,0.0,0.0,1,1
17942,816121.0,636447.5,0.0,0.0,1,1
17943,816121.0,636447.5,0.0,0.0,1,1
17944,816121.0,636447.5,0.0,0.0,1,1
17945,816278.0,636447.5,0.0,0.0,1,1
17946,816278.0,636447.5,0.0,0.0,1,1
17947,816278.0,636447.5,0.0,0.0,1,1
17948,816278.0,636447.5,0.0,0.0,1,1
17949,816278.0,636447.5,0.0,0.0,1,1
17950,816278.0,636447.5,0.0,0.0,1,1
17951,816278.0,636447.5,0.0,0.0,1,1
17952,816278.0,636447.5,0.0,0.0,1,1
17953,816278.0,636447.5,0.0,0.0,1,1
17954,816278.0,636447.5,0.0,0.0,1,1
17955,816278.0,636447.5,0.0,0.0,1,1
17956,816278.0,636447.5,0.0,0.0,1,1
17957,816278.0,636447.5,0.0,0.0,1,1
17958,816278.0,636447.5,0.0,0.0,1,1
17959,816278.0,636447.5,0.0,0.0,1,1
17960,816278.0,636447.5,0.0,0.0,1,1
17961,816278.0,636447.5,0.0,0.0,1,1
17962,816278.0,636447.5,0.0,0.0,1,1
17963,816278.0,636447.5,0.0,0.0,1,1
17964,816278.0,636447.5,0.0,0.0,1,1
17965,816278.0,636447.5,0.0,0.0,1,1
17966,816278.0,636447.5,0.0,0.0,1,1
17967,816278.0,636447.5,0.0,0.0,1,1
17968,816278.0,636447.5,0.0,0.0,1,1
17969,816278.0,636447.5,0.0,0.0,1,1
17970,816278.0,636447.5,0.0,0.0,1,1
17971,816278.0,636447.5,0.0,0.0,1,1
17972,816278.0,636447.5,0.0,0.0,1,1
17973,816278.0,636447.5,0.0,0.0,1,1
17974,816278.0,636447.5,0.0,0.0,1,1
17975,816278.0,636447.5,0.0,0.0,1,1
17976,816278.0,636447.5,0.0,0.0,1,1
17977,816673.0,636447.5,0.0,0.0,1,1
17978,816673.0,636447.5,0.0,0.0,1,1
17979,816673.0,636447.5,0.0,0.0,1,1
17980,816673.0,636447.5,0.0,0.0,1,1
17981,816673.0,636447.5,0.0,0.0,1,1
17982,816673.0,636447.5,0.0,0.0,1,1
17983,816673.0,636447.5,0.0,0.0,1,1
17984,816673.0,636447.5,0.0,0.0,1,1
17985,816673.0,636447.5,0.0,0.0,1,1
17986,816673.0,636447.5,0.0,0.0,1,1
17987,816673.0,636447.5,0.0,0.0,1,1
17988,816673.0,636447.5,0.0,0.0,1,1
17989,816673.0,636447.5,0.0,0.0,1,1
17990,815650.5,636447.5,0.0,0.0,1,1
17991,815650.5,636447.5,0.0,0.0,1,1
17992,815650.5,636447.5,0.0,0.0,1,1
17993,815650.5,636447.5,0.0,0.0,1,1
17994,815650.5,636447.5,0.0,0.0,1,1
17995,815650.5,636447.5,0.0,0.0,1,1
17996,815650.5,636447.5,0.0,0.0,1,1
17997,815650.5,636447.5,0.0,0.0,1,1
17998,815650.5,636447.5,0.0,0.0,1,1
17999,815650.5,636447.5,0.0,0.0,1,1
18000,815650.5,636447.5,0.0,0.0,1,1
